Time (s),ROI.E [],ROI.C [],ROI.A [],ROI.F [],ROI.B [],ROI.D [],ROI.000 [],ROI.01 [],ROI.02 [],ROI.03 [],ROI.04 [],ROI.05 [],ROI.06 [],ROI.09 [],ROI.10 [],ROI.11 [],ROI.12 [],ROI.13 [],ROI.14 [],ROI.16 [],ROI.17 [],ROI.18 [],ROI.19 [],ROI.20 [],ROI.21 [],ROI.22 [],ROI.23 [],ROI.24 [],ROI.26 [],ROI.27 [],ROI.29 [],ROI.30 [],ROI.31 []
0.258,0.09967129531729572,0.02958932794982384,0.02026891148896645,0.07223546902621986,0.007467323972635153,0.1749604598273955,0.0,0.029305099777028443,0.016696808950542416,0.01589250555218003,0.026954440778271797,0.025606792920842107,0.035540292551437494,0.09760353993013154,0.12674633093543142,0.11233361367909231,0.10890935014152454,0.15881001800420821,0.11980557205585325,0.1243038722472313,0.07458015962436916,0.11858874995111739,0.0943055795336891,0.0712353807152479,0.11660631616314965,0.16565416099898508,0.08428390802522445,0.029017876861552296,0.015552518859492569,0.009727561489189549,0.0078064831111201985,0.004571534592321489,0.07580631627954572
0.787,0.08212440251197523,0.01433954551697512,0.01461633020717195,0.08120506337952343,0.005469319809301911,0.121258082269712,0.0,0.025310657878030354,0.016283227473782913,0.008516384744046165,0.024849005861341946,0.015974078244523002,0.023852125521931233,0.10907318667759773,0.10467830253981447,0.08086262162823987,0.10272400202263059,0.11836011189167403,0.12316841656982028,0.07615081328962711,0.07869639565731007,0.09191506631946843,0.07308883347185872,0.06791306146637557,0.08887684292321611,0.07881867783780398,0.07042236240761399,0.001911108796158466,0.007024002804752613,0.006383157053580963,0.004775431927621399,0.009222294454996659,0.0646857104159284
1.285,0.07286131867641639,0.02077388383312193,0.01627009405526599,0.06985414016701356,0.0060365402607861374,0.05630415458665818,0.0,0.020613998110279898,0.00414364823185717,0.012829393863967345,0.024425790555397595,0.01890907964936984,0.029280410368254677,0.08834813711113437,0.10362628077255054,0.08356673324900113,0.09576198973580877,0.0893425138874432,0.11015177624110643,0.08417544633168372,0.063346476062022,0.10076321065912729,0.07559801792453502,0.05064253401848241,0.09861394560699184,0.07361622786936502,0.08072868529220215,0.026852641883773416,0.008689368382186709,0.007846652956846967,0.00988042746465465,0.008508169387000091,0.09166390359799673
1.777,0.06742272994866486,0.008776394598539102,0.0033793406835837896,0.05476948786271226,0.004942356388776456,0.07833931790732754,0.0,-0.00677640149830695,0.00855028157278695,0.016465084408736386,0.009847150539886287,-0.0002621501380486136,0.0035340417132197263,0.09257600262240741,0.06459602315485323,0.06123019114310751,0.10771399107355246,0.05762170085487357,0.11261175424917501,0.06285738586977012,0.06788530972190004,0.08125440898189457,0.08343961800863182,0.07874753067515536,0.07630087932393724,0.059025380670786366,0.017552823917692466,0.02809673468002151,0.00449870769654457,0.002510705759300214,0.00549941912685055,0.007150614843836076,0.03662583771166242
2.277,0.06338131629551712,0.014155270068380566,0.008218531849084866,0.0929396799632389,0.004035641776644362,0.03924233137211349,0.0,0.01927170509514014,0.009924584886987947,0.016641812684387084,0.010604898029462973,0.008138490911410154,0.01974024538848869,0.09407982944963858,0.07581467887517235,0.06869510704179381,0.07517291375702823,0.08952055644338915,0.06373476756938776,0.06544079515967029,0.06264743382641369,0.08426269512572816,0.06040206388172294,0.05209994932252613,0.10461468401564811,0.036867848898094385,0.06987966085368971,0.019941251893748884,0.004938818385322968,0.006879074162424534,0.0022095192701274157,0.003132585523454503,0.0652221147002992
2.777,0.05540925896886211,0.018935779687656105,0.01579782608522996,0.09049788265039874,0.004831631877212111,0.05068806805015051,0.0,0.011014779451339973,0.015403717928927372,0.010911995960083819,0.015155972615249126,0.019295772179862634,0.03673251496716154,0.06362176842382285,0.08800866383940974,0.0627134508151108,0.06734694885582859,0.07558585623511509,0.061300688766037184,0.08100678364012415,0.01669805305855951,0.08599664920724892,0.07734190433212587,0.030146377946811014,0.06177798844272628,0.022751113651650636,0.07613346319202598,0.019832311148828368,0.007021568664207456,0.0053194721057465396,0.005677636486193487,0.00582272215480161,0.08854332815638602
3.295,0.04986541371481802,0.006354702479423574,0.01110587381785118,0.09024831713575485,0.005244668493203471,0.0709753379022304,0.0,0.02149987279342136,0.01064519424903491,0.009978550127294143,0.009793267417127155,0.014137256830999598,0.021491305822800146,0.06857536772672848,0.06505218202661951,0.06220467284237531,0.059270177107830016,0.06193794766796593,0.04284276885367667,0.06343537038238618,0.06002577214721653,0.0546149566534418,0.04026041136338528,0.04022742945477921,0.07672989978550389,0.07440744704182663,0.05714567644232458,0.012641547111692545,0.011095136806527451,0.005096133976459644,0.0033389042438210976,0.007886146641244547,0.07848720292110686
3.777,0.051114482114099205,0.008348232854872161,0.010859221637182281,0.06813760238247969,0.004174752518546296,0.03574198830786362,0.0,0.015061415549370457,0.007835068809001844,0.011864896873004266,0.017703341437444953,0.015193722305492444,0.02224014951405363,0.06091042212365243,0.06766794034924178,0.054504765030839904,0.08717354900025959,0.05320525887075928,0.05888612901835495,0.05272681447814721,0.04920837134846354,0.06329815555429721,0.033949228463055,0.04709426548804961,0.07001144054582221,0.030898363290369126,0.03374584221848115,0.036397985159370524,0.007816584024480877,0.005345351009311516,0.006092036246048301,0.004839576588289425,0.07170337774468388
4.278,0.045388215238292534,0.012476367170974459,0.005553212467189208,0.06695790826260788,0.0038291681035336794,0.07220073484362621,0.0,0.007390366693443901,0.013686049653964943,0.021582427079747047,0.010688276557252427,0.0086804884135304,0.0030504092986213508,0.037277469038194004,0.07743839336521478,0.0509047432821175,0.05061597568739963,0.05591711067856389,0.03409423192382262,0.03770095470283184,0.0395572411913642,0.0522503809568677,0.0502177794551799,0.091578236186332,0.08176983669219914,0.05478358389507429,0.02416251808872875,0.041060395650630556,0.00215077140206848,0.00738985768713357,0.009331568313753577,0.0054961017178651915,0.0481710317539554
4.778,0.037499638048537905,0.013086971138594519,0.00528790711603121,0.05052208520337909,0.0050768917312970264,0.0348806046402518,0.0,0.020394593361884428,0.01456941496458206,0.017815986395361867,0.012274369011986499,0.004730902821550287,0.0059071962122958805,0.03608737553709612,0.03844707390256845,0.03915176730590299,0.06460173541800385,0.03160758733887966,0.07195580571078374,0.01963500086637935,0.04469912557578446,0.05033563942045248,0.02962545409472287,0.056219767527167265,0.06761924555378289,0.04080808004744717,-0.005536381226310879,0.04061268884401852,0.007772422859610922,0.003081373334193642,0.010186088622406074,0.005746987282339538,0.027405002683019576
5.279,0.03339189632717916,0.01206446452361993,0.006340684125480313,0.026875205913557826,0.002961726564878869,0.0658238660623933,0.0,0.016053439823533033,0.008876162736255067,0.017090884314998955,0.00893199463819208,0.009262182454382366,0.005235283443795138,0.05554969115766639,0.041965751887322156,-0.0004026457273828275,0.03885594072679842,0.028991099688461672,0.02752333283942914,0.03457823790015965,0.04302040559453166,0.04336125409781229,0.02874709459502641,0.04149522939646761,0.05582994133062581,0.046714240237693,0.0682837517863814,0.02022467285840263,0.003415299982069916,0.002782525688025946,0.005334202792736184,0.0009027338878833141,0.002426096288383714
5.779,0.02288996172623818,0.00597558897273246,0.0070975469556047695,0.014133737394413141,0.0025330020084761177,0.030075341718525477,0.0,0.012280965014735188,0.0009819129241718536,-0.004296459196921526,0.008299577918441508,0.010795846052979747,0.011842153768492212,0.034881450865651184,0.025594393403857052,0.026803801835124364,0.04847890880418909,0.02437362595635451,0.03915024441681827,-0.00044987831408314737,0.02310387908443311,0.02897097248758712,0.01069840305418765,0.03409722341504304,0.045890092170234854,0.010044031514575807,0.05052811908045638,0.009355293069210069,0.004101361390917942,0.0036291527930781098,-3.9435081539278074e-05,0.0036570812744168126,0.00730842124878066
6.277,0.028099925748554643,0.005197652798801718,0.008819453324818415,0.05580743364934129,0.00342162579378786,0.0882020688475493,0.0,0.009407686445420291,0.010179308117937234,0.0002892990743277501,0.00994864351970197,0.013748730852974149,0.01950071937765931,0.04827824118201542,0.055916421861108616,0.02110545345174748,0.04211424123637344,0.04692575081350031,0.07687311558503272,0.038704483095088414,0.013875089542084594,0.04779031777189847,0.013372500996378647,0.026485467960092046,0.074296199969202,0.09127505750573767,0.04523046243150383,0.013704761649528037,0.002921544064785573,0.006603627792231825,0.004050262154672085,0.0050435528143505754,0.062369342126518346
6.779,0.029816810807219547,0.007383160268225133,0.008842242562005352,0.06210768260730133,0.005117909149382947,0.06051061398081467,0.0,0.014998478366350064,0.013338190550429539,0.01672334817608709,0.005162157574712331,0.007787295654621722,0.015289944185749546,0.01984754349260336,0.0406138539193468,0.032348244939347216,0.0348719114159715,0.04645415055734842,0.05555506060656031,0.030855796674736244,0.021426978235866707,0.04877598284519814,0.021594248911584835,0.02605583914145353,0.04654592284065977,0.03738880161724976,0.0144881821182144,0.02460698308235305,0.006232771101690396,0.008297992441113573,0.0066392108598501524,0.0042782798891271715,0.04457981127833869
7.278,0.02020585297758111,0.007120101508126921,0.002058662108728842,0.032247252321455484,0.0019394736116699562,0.04843820094522576,0.0,0.010629973247541034,0.005510712074566741,0.012953970797745278,0.011896752870344312,-0.0001964669566644146,0.0026093287753125452,0.048043583008032666,0.00865855917992737,0.026881949483007737,0.04697671841541053,0.031854509110546936,0.044549738142895305,0.02143061764094553,0.027864907492795344,-5.001929148064403e-05,0.00504935540265477,0.04482058657082932,0.03161205973136283,0.03451155262564249,0.0005500185243198529,0.028114997513176237,-0.003320075703572122,0.004399720375660014,0.0030930443159197345,0.001721388464141439,0.030397030236959503
7.778,0.019813932320758038,0.009243774952198906,0.0018379374843108685,0.02413707576174065,0.0025037775968596073,0.02085071623395138,0.0,-0.0007349176712320103,0.004493891988119163,0.014909848080368,0.0078425642578459,0.004992580649865064,0.00037342339343661787,0.026398333415674425,0.027177330765614814,0.021337553963217782,0.05024713670435674,0.0016628742071483772,0.03684973516725219,0.009880397105443316,0.013816450627464383,0.02789596697404781,0.027962748030578036,0.04673716460097211,0.041771664013320116,0.012069987187748921,0.05804116443601836,0.015590947639838822,0.0042945838759027005,0.0016816703810325886,0.00787074047268787,0.004673417141009739,0.03207157168410212
8.278,0.01025905000880809,0.008193815779469973,0.010025488842643569,0.011093250283511954,0.0028723002319746113,0.05224562807944106,0.0,0.011019314431631923,0.00013350375357874982,0.0030071125300518147,0.013464859245893735,0.016031651122469515,0.02798933909595052,0.030698103535719726,0.029086735451488467,0.007892180871796148,-0.0009384672148694671,0.008373027797180863,0.03183643035122023,0.013673940099049797,0.0001855919535106233,0.01616395146578609,0.017907374347840874,0.014708242096289995,0.02930315667726262,0.03365020969242261,0.08301000134277846,-0.01270062605978091,0.005078129092674979,0.0025267591687412,0.006509638629245319,0.003650089052294252,0.02013344311774028
8.778,-0.00020497831736763345,0.01031366348187024,0.0077044293291406085,0.005353028080136568,0.002866776699590277,-0.006777461530234119,0.0,0.009044414039814402,-0.008170441521140116,0.005617273984146483,0.024263744208169687,0.015178537671070714,0.02167890703755173,-0.0033210585087981763,0.013711930830681257,-0.015178678006639237,0.010503827819660156,-0.0003352387301341494,0.007263557682250041,0.020252025628403034,0.001548167839982594,0.04042629938036063,-0.02246392661049121,-0.006581263485891069,-0.0024407793650985193,0.010715750243424702,0.045337161471389116,0.03426472435239845,0.0023848581874712734,0.0017177589445297723,0.005987871031046657,0.000787066688425753,-0.02261703978920489
9.287,0.008488249888730896,-0.0015022735374550305,0.004532418774064438,0.059246396088177264,0.001966895850777001,-0.0041686586350037766,0.0,0.007464011072430383,0.002863546700274613,0.01407028199956297,0.011501077944855305,0.004096298028558798,0.009985566562666356,0.03191164644436395,0.007707588989639303,0.00789932605381114,0.027784410499908187,0.0004134276495622921,0.03673451018822887,0.01278772660028586,0.010603690388476776,0.016806898655575855,0.009554434653517588,0.027399323526690004,0.012715750180543058,0.01483757471210816,0.0025236680393777053,0.02462042398923023,0.00278822991586768,0.005876716724341671,0.0037469588590302414,0.0006091026001818375,0.04780736097546047
9.776,0.01219396053522898,0.0024817421781050415,0.001349618242958718,-0.0015840627606984975,0.002646094635553738,0.04798314952247197,0.0,0.019048640559396736,0.0038397002512599735,0.009522070011354486,0.007565497297255255,0.0029232322840077544,-0.004120849119649834,0.044358711912673786,0.025616828545343973,0.008709245642007458,0.022281935594792256,0.018695995504399522,0.017612684070713112,0.009160008942614133,0.021531354392536735,0.016353648568325562,0.018671686975541342,-0.0035990266031020166,0.04232886190928808,0.03693433228908787,0.01861641114097893,0.02065848762091199,0.002107693603580381,0.006742227884743458,0.003568365098884694,0.005073937624470307,-0.00021658348950875328
10.287,0.00776817736331306,0.012470898421515043,0.0042565756717271724,0.017234558025821262,0.0025045262754456515,0.010023223301620058,0.0,0.008249532584618796,0.006451394753805065,0.01183898639685226,0.011699039571525266,0.0,0.008375888922205605,0.026841723773240338,0.0225515788137685,0.005856204761289386,0.009510189731402916,0.026986257778430632,0.012452950199003363,-0.0009098780264650523,0.02663568444339102,0.021352877376124603,0.0005100931550192301,0.04424115256794459,-0.0016001479467835497,0.0311460293724778,0.06896056557561574,0.019944646028202232,0.002785932286740626,0.0061219188823136966,0.0042513422592012455,0.0005778418094829042,0.006963847471901757
10.777,0.023929572134718333,0.022973411688922286,0.013214202412916315,0.08209102576893995,0.002250448645213385,0.036024334913440995,0.0,0.005821426558966494,0.010527160876994207,0.00188155055305613,0.016556293219311593,0.019417708035323313,0.03067890823901716,0.02801266421500348,0.04926902774294041,0.026984459385630304,0.019167520463158894,0.06420393698863314,0.04684146863417079,0.04516627510190705,0.01658785449313763,0.0255385289753419,-0.005729319316714656,0.05249071325531608,0.05582655178388823,0.03689352489065202,0.11988255393912202,0.017071359077869348,0.0025924437259462496,0.003326684503598666,0.00678116126322947,0.007370015434771376,0.061222562224856246
11.278,0.03330983195111288,0.009480123831428055,0.007252944461146939,0.04979935292027123,0.0026562986758343816,0.03671978453667487,0.0,0.010700281739229343,0.007093656017386785,0.014944690738011867,0.014875226967207729,0.009706339641256485,0.01673849585306113,0.044297044972483324,0.05139913742897089,0.05688311685690735,0.03506260220484337,0.05086379883590155,0.048767265372545436,0.03675825977209547,0.04035417016610475,0.027053744285540436,0.012230904449248386,0.03752313713632658,0.06563339069944514,0.03872638318971864,0.035824489517177156,0.03662514341108203,0.004687704099583978,0.005634817893702919,0.004299323252004039,0.0008918329784340116,0.03135864224631365
11.787,0.008721110525990068,-0.00032021444837920294,0.0014109011630964645,0.048415744735060835,0.00019934676621384537,0.0006777817785892266,0.0,-6.128695905015411e-05,0.006012093905167957,0.0063171598513108215,0.006262723329848528,0.004045401318996663,0.003467115785475942,0.04114207394470554,-0.015069348599986359,0.018820800003053195,0.04078209094977543,0.0018547762736375673,0.032068198421672106,0.0266964205981414,0.04536816576161637,0.018994454233123147,0.0072566659798775435,0.004251271505477674,0.030742420500765005,-0.014490256059678056,-0.011733158355971277,0.028080788284490465,-0.0001627067102180956,0.0027968830544922974,0.0001978101832430569,0.0019270832198862691,0.06768217149221144
12.277,0.020229252100794504,0.019514404959073747,0.005717315828543352,0.057993705992899776,0.00429670116927911,-0.00028536144227070176,0.0,0.015286508005312494,0.012082568864139434,0.023480259881192907,0.004933651895123542,0.006283283942114263,0.010222518491246389,0.0504884914897902,0.02902556953979847,0.011962453045155095,0.030117492910179334,-0.01312967425856913,0.019138568591974457,0.02898599551226988,0.035938679092550795,0.03261834994457177,0.025009176437505356,0.047776231131847924,0.0402676808088229,-0.015344270997430989,0.04692642795448551,0.022458210430977153,0.00215668290554183,0.0019180841711336654,0.00535999172733389,0.008088005057343407,0.049545877366646784
12.777,0.012399468053542079,0.01397429852855031,0.007091566919844075,0.008048873573139702,0.0036937574632866055,0.01636733728009565,0.0,0.0240645102117858,0.0038923127661558993,0.0024392080772259943,0.008245961363714317,0.013331500787399456,0.013900245498044545,0.04320247388909757,0.03454198699379478,0.026104726437023943,0.04216085230828225,0.014471035494035875,0.039948032724661076,0.031425236386885255,0.0065405308710300624,0.01932432639882916,0.009784502389360867,0.003360528291152455,0.02117863938142601,0.0209781167040041,0.07490683588877046,-0.0025052337582740685,0.007494846472122947,0.002533026689054954,0.0010337264724173151,0.005007630223605441,0.020714084051702636
13.278,0.0066233882154119565,0.015761014842946255,0.006665479839383555,0.05414058639641669,0.0030503221095819024,0.07290424114593815,0.0,0.018465682262454448,0.006297218538544661,0.0075948103443021385,0.010931617586012594,0.01195787561474586,0.013603488395420806,0.013158060055473375,0.023656411346315808,0.021507105274240965,0.0037618844177858594,0.036352680910690445,0.023276451403217848,0.02529183575997402,0.014175788975635279,0.031935368683697014,0.007424135004187606,-0.002382339770280979,0.02821728841774004,0.08072177932705356,0.03472723580441577,0.0046873809275655995,0.0055904571935454644,0.004956619513197933,0.0002090770421633491,0.001529905157465931,0.07923546671559525
13.778,0.009498996071338429,0.004920910632003044,0.005589391508155476,0.02918498851962087,0.0015507382243029747,0.05277864856823306,0.0,0.02119541688376244,-0.0033485969131618974,0.021433085013752174,0.018865207159533774,0.00561954212790276,0.006831597201452718,0.045558076740394,0.01890149435884173,0.03641839559257383,0.015834225306250456,0.0107218012673644,0.027414548771448864,0.02251462455955379,0.008787110496400893,0.008704056753369998,0.01882087957242648,0.01460900326570958,0.03448227195863759,0.04749253053152082,0.013367102234252934,0.014594870222151864,0.004193586202949942,0.000932268722762501,0.004130256232515673,0.004231161445217272,0.046903249289253574
14.288,0.008360281748840534,0.0025247473586756997,0.0026429503878486965,0.04367773007135517,0.001776998374341792,0.02483133612790696,0.0,0.006533713817351584,0.004499380287296124,0.004701379962611967,0.013209623996381512,0.0034675772927801863,0.006073196828602884,0.033178924553810336,0.011389040800135768,0.01736482305250986,0.021421585952939977,0.031085401683083266,0.014915355631876018,-0.0004114001542529648,0.02462533014787525,0.00012767380562382914,0.012799752687308284,0.021426260350948988,0.04000188075587672,0.03239166133672941,0.011020360089508362,0.02612003030616484,0.0038860353834292696,0.0025509031571312427,0.0018830955511376303,-0.000376783127535441,0.017416385834222052
14.777,0.007720288315334474,0.006808634526927762,0.00031280271164000104,0.07858898361820191,0.002043749987330897,0.06138539399569918,0.0,0.006521712764538296,0.0001336492329395913,0.01713026594519972,0.006496639877382714,-0.0036285533026872625,0.005258224925864744,0.021961889826222936,0.019724141796093005,0.017299877660949082,0.030746776482378273,0.009004907006140863,0.027878001754793852,0.014032355128922633,0.005471311786654337,0.006997311549223821,0.02025155550983083,0.01214362187376934,0.012279988174019277,0.05358045861055893,0.0600614805683712,0.00032213617011293534,0.004085098585404232,0.002920707417780595,0.0038115776006606974,-0.0016278307963302197,0.07354094802810018
15.279,-0.0021922961646401763,0.008478918496456916,0.004483049048075621,0.03558750639255621,-0.0003674713061342645,0.06481026498903567,0.0,0.0044322661378800605,0.0012281358194072417,-0.0017481473665096673,0.014368719412243897,0.010626202527272127,0.01932399507854091,-0.0034426301461246236,0.035389690857965055,0.005919826413209093,-0.0008318850540802567,-0.0003142022077046851,0.007330104927931819,0.013246213888576299,0.008389139535418363,0.013017787498022007,0.00981534272600025,0.015104929271445942,0.0021241698201840613,0.07408542527471008,0.10829821178352476,0.005130937486639901,0.001962265230918642,0.00239504466436842,-0.0010240517693062218,-0.004564697549140448,0.04419132909644154
15.779,0.0031726365780851275,0.016780835236501555,0.009317813494974611,0.028586171688825286,0.0009088506730982034,0.04354876223450253,0.0,0.012695909571424113,0.0020662971808763637,0.0007479283111655688,0.004289651132712947,0.019310815972612444,0.02427268062040345,-0.014604079018808655,0.04710443560103538,0.028578529382171196,-0.019382729306367467,0.023943285926107165,0.00259594453349815,0.017083977603256466,-0.0010366067733573005,-0.0034134045602476834,0.007248167004019446,0.01637903127418894,0.009010706191641033,0.02644221227065511,0.07453017498324173,0.02336230064880119,0.0036519905357286445,0.0009072116198910736,0.00564569569277152,-0.00036834713795318505,0.0336901783985553
16.278,0.009494341810676356,0.004161836262637773,0.0022860682944410705,-0.001104492084225618,0.0015439248381808608,0.011929448660707812,0.0,0.0016667877066641826,0.005773793087141548,0.012740617331835014,0.010226285288457659,0.0025860794585824223,0.007868051546977105,0.0515054757588525,-0.010046440256425194,0.010958557356832684,0.020841298652815043,0.03652094967068008,-0.00031386955192108705,0.013749651145476023,0.02089111989259001,0.03127848444166766,0.001111516260791682,0.017295423374293444,0.0072891488930925665,-0.006644506445875505,0.017657544025683647,0.021729254973420885,0.00027193903341410803,-9.852025177589229e-05,0.0019150558509731862,0.003971596329831166,-0.012547193482348614
16.786,0.013046158269466455,0.01411355672599935,-0.0008366622474744577,0.05185280557818339,0.0014791653787224618,0.013293041457071558,0.0,0.008585262217844577,0.001171127449530391,0.023082797433491682,0.007500833881544613,-0.0032299310361316707,-4.554757462871147e-05,0.0371023589162631,0.03106559481488846,0.013898453501020841,0.0426401618994054,0.006034285526013977,0.03082158851232523,0.001618315065054173,0.02966173219817322,0.013338590776168483,0.01939997093346412,0.021281668718612125,0.026388208271090244,0.022556765427485602,0.026932707834441898,0.04230622360484688,0.0001897627439110131,0.0016824130604662286,0.002922972996069487,0.002692024364327134,0.019765743918764785
17.277,0.0008176079979871404,-0.0018007786810354586,-0.0007150415314426939,0.045846786222330134,-0.00034386779611812025,0.011997374513256253,0.0,4.422950720007501e-05,0.002676533316752827,0.006935394616148639,0.000593707013938698,7.882508576783849e-05,0.0020221235283819925,0.011033042872162772,0.032070277902319644,-0.0021786059526556207,0.010421649703633554,0.002351771834626811,-0.008386431170219226,0.006627410184974571,0.011179806185558652,-0.010531635903053256,0.020564407894364582,0.035437424179386307,9.782500842637732e-05,0.02130425142987855,0.024039278373804214,-0.0065824781062140195,-0.0017305420711894086,0.0021057679698164643,0.00031602879951037353,0.0005372134225664895,0.06912096525624367
17.778,-0.001634918946461486,0.0025683711564756296,0.004664549269411091,0.011435113235190742,7.5299327493675824e-06,0.03646140144563431,0.0,0.01503309993438232,0.006979282970634879,0.004346286409173355,-0.0008850979384091224,0.013455202470833061,0.011717626490680151,0.012662846256649419,0.0007563334467824225,0.026240549616918,0.001796699362054792,0.01049153757944433,0.00012206038130278735,-0.0016849909674346581,0.0025499706164054474,0.021806698060080846,0.009293587929760358,0.02168375944492722,0.015923233880707228,0.029579719801789334,0.03513410803632569,-0.0034386851926606907,0.00771662584109181,-0.00022426773580510985,-0.0017915093516462607,0.00023361340670405048,0.03337508667811865
18.279,0.007161853491263132,0.0049155413381538945,0.0038684941191078144,0.12752320502447528,0.0013368007216159965,0.05352409170608555,0.0,0.011647740246943516,0.008391190043197211,0.00453774196854638,0.0101072884014912,0.007207742852056381,0.009853557792953842,0.0328783784221169,0.012284810209685743,0.02571655107722667,0.00826169473535188,0.024199754176008965,0.020457937508987445,0.020807339952787936,0.00013999981744168568,0.035621755316868196,0.007744315890102061,-0.006450351054802711,0.02746307567443638,0.059910374541599365,0.02625689680429725,0.022457241507191517,0.003331011856462088,0.0036946999109912716,0.002000172961269267,0.003549391248543548,0.12421951263443193
18.783,0.01293448325667022,0.0028822265797951805,0.004085209283698548,0.0753551331679863,0.00254298728021395,0.05464596594759332,0.0,0.013718975321139549,0.00928388049658297,0.024583124393828332,0.0017079905485448312,0.00675252580909994,0.00803941277346443,0.03753568959660886,0.019555119414940085,0.02528794455504295,0.023712466654888485,0.03042843903727805,0.011575730508238414,0.013752888340049427,0.02581244812405742,0.019619199106106197,0.0148255145829106,0.013311101130346403,0.03432526367919387,0.054712736610195496,0.013492752405459975,0.01935655106353923,0.0025579631099114947,0.006646226399330906,0.0031674523140912928,0.002358335632194039,0.06408169427419215
19.286,0.0009051134706345229,-0.005092170639062206,-0.0035811818306156302,0.061334825946017676,-0.000163969260630368,0.043095641118997885,0.0,0.001442200655431237,0.0012061017898606198,0.013629986938098672,0.0007679555607454752,2.8935112277478818e-05,-0.013326447575473707,0.04105968009317795,0.007583980220855059,-0.005363790475230067,0.01444507113216102,0.00025016670569451716,-0.002760901885749415,8.638869977544846e-05,0.016786946653778185,0.014236395820320354,0.01701818314073799,0.007735425519594432,0.010083664727590378,0.02724912934529298,-0.014052932259487784,0.02813565322489223,-0.0026846929494862525,-0.0012551971886608192,0.00035433098367035267,0.0020876268353119815,0.07203438621096146
19.789,0.004663766465453111,0.006570247464810341,-0.0008763314501436588,0.08020084535455382,0.001637537985847997,0.015803225015200942,0.0,0.005152320917397386,-0.0010511292504392523,0.007201286331834808,0.002842822004937981,0.0020915280113013718,0.0074024711540134815,0.02493666987747794,0.010968689962057151,0.03879591317910022,0.006877411398155665,0.03331169040614518,0.012281376248511227,-0.0002221423708511532,0.0004950322229660934,0.020040907899370703,0.018539648753962835,0.011102489499051554,0.008825695285300285,0.02073270573606706,0.072861829100026,0.005579037225924904,0.003831806192183608,-0.0030376657179153484,-5.938822937562166e-07,0.005359541324439285,0.06147938591052429
20.277,-0.008916783072537415,0.005710106278631821,0.004457603943708444,0.029818127472847736,-0.0002915641194504092,0.0474711055005631,0.0,0.005531797250583101,0.009963568850980214,0.0014956751825032997,0.00471419133791009,0.01251967239353239,0.015439386477568798,-0.019193059402758273,0.018836493695288593,0.01268672204275912,-0.01997475599784021,0.00799981404211051,-0.007733133681282472,0.0066175873439182084,-0.004180420265452945,-0.008622156936937226,-0.00014838248088094394,0.008366137349605658,0.02689268616000403,0.04043538171216557,0.04386632422728005,0.012886423860482124,0.001450282081186205,0.00046166803941523777,0.002600162342306535,0.003025771043251157,0.05547461410526313
20.795,-0.01111188015721837,0.006112484545707243,0.003484492251984452,0.016967525485154292,0.0004575431060560665,0.05237869008029497,0.0,-0.0005442139023475531,-0.000677269600299899,-0.0004783496426422728,0.005459962722153601,0.007494675913371854,0.018548862773153145,-0.011445731961794608,0.014847245529355983,-0.01641498765458314,-0.006186118366422979,0.0050885319827384395,0.004906926761092484,0.021108225681630014,-0.014190235668178633,3.1829445069102906e-05,0.011707736110388766,0.011612127376893966,0.0016135537704128748,0.06830539077882389,0.06394033253896804,0.009539721608776919,0.004113985371990147,3.8313431246192616e-05,-0.00040519583410233853,0.0004836049157500513,0.02694543745027052
21.277,0.006499728372937035,0.002453802221113272,-0.002643932878206077,0.046137122092225896,0.0014722072278555308,0.009085502649099061,0.0,-0.0004590963806780868,0.0029019407342862394,0.009575562852541826,0.00044259249561627513,0.0019281771408020628,-0.007450881723194688,0.04018141259668345,0.017599945008317835,0.0012254658483686616,0.02058110756153865,0.019314620515130866,0.0030769590421638074,0.011788841969842076,0.009600022707219727,0.015585375491008184,0.027971123396799455,0.04574586946193024,0.008090076158522247,0.0023599545141583444,0.011311913159886932,0.02195563564576348,-0.00021501442230682433,0.005315761263345054,0.001965549675058375,0.004059983261115367,0.011523313327960543
21.777,0.011060119910108695,0.00041120681799879035,0.0018420125838668059,0.03976811039351772,-1.9362684212986553e-05,0.09378266382976207,0.0,0.014822782629404391,0.007900407269320996,0.018834248410033474,-0.0025100646578965066,0.0027892068633013256,0.005581222631560782,0.010994803395255721,0.029025829769768873,0.011190314714351363,0.03435575491311238,0.00536745462344681,0.034301526077807655,0.008740547268984914,0.01659980466093049,0.023577630753231504,0.028482608700149976,0.05649096241933365,0.032714344976939716,0.07776132398375515,0.037295248054656546,-0.0008283501517189766,0.003211249346884956,-0.0037454188487243004,0.0022021463011974393,-0.001699197500428606,0.024003864306753886
22.288,0.012365861470682539,0.008226844697386621,0.00304176337563116,0.07747393605401186,0.0022789965974273057,0.05334036556478503,0.0,0.0033840018290611546,0.0012185225073252624,0.012456389554280727,-0.0008008404322826583,0.0066589395039580385,0.00922379917879902,0.003558215581721479,-0.001944857434583343,0.027620358030084217,0.0073871302814629,0.03893494255447899,0.014576898614209523,0.03311939988080007,0.023406817881015722,0.02963588016481726,0.01749595909786297,0.002686988630710708,0.03983138705473376,0.045226423978240976,0.06663825654543633,0.009664576079444423,0.0021506071585762074,0.0026271549461314297,-0.00016507079657154366,0.003951416188755109,0.04896872997834335
22.777,0.011200118894884521,0.01014132554821335,0.008710205651668022,0.08143038672698956,0.004370231995182954,-0.0037252646387852047,0.0,0.028186600078191737,0.013900146472862696,0.005029873388600021,0.005393021134245745,0.016292972984920346,0.014403691774540183,0.01852343721078523,0.03508030320344142,0.027861427072364938,0.031231353071459106,0.02872461147162982,0.006489519560244864,0.021827386269602917,0.02105932296964072,0.022873658626425535,0.039565478201524784,0.006082294248082444,0.011447170896467974,0.0032477853264418206,0.023329781754947414,0.018933289691712575,0.007028848915398063,0.0050805986514075325,0.005615635297291149,0.007216953659350736,0.07660328461075314
23.287,0.013881448643500289,0.001277270254898254,0.006628195392070828,0.029702020680538295,0.004305004172864208,0.01052351678016156,0.0,0.026646969877726707,0.005256313658859349,0.012103298129351294,0.0028866449434674277,0.013891621880919821,0.009596297612179016,0.03315741964792301,0.03146953118321978,0.020564948250000242,0.04027299214049909,0.016858358184920746,0.009828175449849125,0.015207392488479623,0.021312462606162288,0.027963761894235377,0.025229605374183884,0.037452572748637496,0.012120966403426244,0.0012485090809657815,0.02717713018463534,0.014812143950832435,0.0019652195226934435,0.006749207130731668,0.0055731491372112375,0.004664594106186499,0.03795897449584782
23.778,0.017861569693560998,0.022718022803910085,0.005018437124801088,0.07079218192225806,0.0041337992232770215,0.12210358103507529,0.0,0.024027429765347906,0.008945480891063355,0.013642891898761776,0.016180353508570593,0.005631603801437409,0.006706156187704471,0.03018730046397641,0.0261966592555983,0.02128698031208589,0.04804573934963942,0.02348511609846269,0.06136623781972756,0.010965186639428047,0.010667519400674903,0.03053932984209624,0.038037123254098464,0.03560668113677227,0.024610790530304724,0.1155429054175739,0.037408592053610114,0.02852535985675284,0.0036828800297608877,0.003793574723662833,0.008006058168077906,0.0034553797912596803,0.07582510580885671
24.288,0.001273529594870077,0.006753553540107064,0.004066914582335285,0.027203935001642497,0.002548781022004066,0.017290580188020665,0.0,0.021346953985501363,0.004343938770600725,0.010519554813739881,0.013276855417796562,0.0030769463275877973,0.012696453672054086,0.010573692271387448,-0.007732598754599479,0.0009690505989296426,0.03719420942074184,-9.573119098513812e-07,0.01389181584493474,0.0008349539535831833,0.003504234552628005,0.001435626235986419,0.025895415552337923,0.009702429121057789,0.01647171750395054,0.02622631597623274,0.029321223287597755,0.01365660062915523,0.00216616051454346,0.0015087357869772217,0.003438501176287063,0.004286392184575407,0.026622487913408238
24.778,0.002148643275025259,0.011526127969166248,0.007778615004113414,0.07367208498211336,0.002810250605091211,0.05586011511066892,0.0,0.003018160366388846,0.001286154184047377,-0.005745812750359128,0.010189824483448644,0.016754670635347177,0.022346457262820116,-0.001473556890695435,-0.006411490398879595,0.022790865125656777,0.02538266983287105,0.03189431491776292,0.01505618309772481,0.007488689146368754,7.477031714473916e-05,0.012082963854628575,0.007574464746461896,0.007423323349529556,-0.006340196925409335,0.06984984532619377,0.07783372600441052,0.02001049600964744,0.006860234678525942,0.005148416870941879,0.0022024671735823517,0.003013030207397758,0.07024088548319875
25.277,0.00017237009614746928,0.008142150966988424,0.005492429209418518,0.09064905436431543,0.0017555361634044703,0.06787181338718713,0.0,-0.001033826077736022,0.0014119502168479046,-0.0006685580722762427,0.007231033349415075,0.016483258457471936,0.027308414650362562,0.017838681795142,0.009732000582681246,0.017536454670785684,0.01875688161024231,0.01414476164725373,0.01380785833712513,0.004713763112592537,-0.008038773475931252,0.014928996396991806,-0.0038050311437472905,-0.004900089334619766,0.0011980283249361547,0.08321558956346331,0.043818574153316185,0.012144074151105072,0.0037955831423149584,0.0030883417119243095,0.0028829159562010604,0.005318135612101238,0.06939280289909926
25.788,0.006711569071293317,4.932625811023236e-05,0.005107802183728782,0.08281195858371379,0.004527359491295136,-0.0016480377167954728,0.0,0.0003648851977508206,0.0034908626644977172,0.020365822136407547,0.0021578369384804893,0.008894967511725532,0.012374765885092676,0.020386282669066513,0.011301737671371694,0.00042248801704124477,0.04027700783177921,0.024671860968524507,0.0034014142757956096,0.016679951458396413,0.004679220263614262,0.01758330914980896,-0.01015994049381772,0.04397851032674633,0.014322389136131418,-0.007690275156481127,0.03368233617876466,0.013210101354116804,0.007827507078144622,0.006840813191197478,0.008176505261407162,0.007306040651456802,0.07787635714820457
26.278,0.017639041322062995,0.013079525346099453,0.0025800098743764457,0.13155972024083107,0.004046706311774528,0.0873427171202578,0.0,0.004291516332100442,0.006107272256877292,0.019670504867934833,0.009261292346417841,6.464984710569932e-05,0.0013474257282077527,0.041447720937461865,0.018524086639700964,0.01433973620615376,0.029575382215064405,0.02451850817535829,0.02905106042284635,0.008616472501636881,0.02015632978385695,0.02581634856679746,0.04556383281550355,0.04790874872550493,0.048386337680251655,0.0863599542761834,0.024096617627591806,0.030970026030649498,0.0032444525057902674,0.005924509519126288,0.008998245312697932,0.0028349275677688242,0.12072846706413812
26.778,0.010758289334012268,0.0010141871246158523,0.004738176620187683,0.11262836246030965,0.00483326374898787,0.05960596135353956,0.0,0.015166708976082369,0.00856025411800142,0.008895941100705157,0.014148606137929138,0.004280649644888899,0.00492116689453074,0.03487884553281724,0.00987952488681254,0.008282449829371864,0.042113910997755286,0.012642216233325006,0.0376214291357058,0.0017968960209427233,0.018867803803628437,-0.004824384637841673,0.03134828180085904,0.02750528066946085,0.03262324528406875,0.06069030543210111,0.021825092698189125,0.006874193129862082,0.0054916323291972656,0.008310382169003958,0.00239708162454716,0.01016140478685797,0.09841525961655409
27.277,0.014009240647262017,0.016530017947100576,0.00951167090645228,0.029424292871720725,0.005222082496667198,0.046244713331813375,0.0,0.014442311813323437,0.009341841180621526,0.006659297837930123,0.009491464417662016,0.014977640436986503,0.017343374132275356,0.031117056905369752,0.03443406657252059,0.015683206513386113,0.002740679271667181,0.015758890030942167,0.05919478208439908,0.020893089433098457,0.008893417287214338,0.026239202571817673,0.022886399879958313,0.006883697632674878,0.05782482609382168,0.05618325341964423,0.08614932548542434,0.006209526756507626,0.0064685408663187945,0.006391330978643516,0.004560719589312524,0.008117736199514178,0.019320456271040405
27.788,0.011867942324150194,0.014648354780694515,0.008705746507959963,0.03314439428378955,0.004963301245495024,0.06578517242492095,0.0,0.020312782286321593,0.009921783582682055,-0.0028341655280321293,0.008786329539098393,0.013948937731357441,0.023521450892979075,0.03224696727899744,0.028004196135927355,0.016099009856778125,0.02138250853439115,0.012045191475916697,0.03749269804459848,0.02337645703059683,0.018044830077773674,0.004629561535888052,0.010597331457873092,0.029534345504968917,0.03988106080806732,0.05931057530468939,0.04234073810222218,0.013737970378740217,0.0090063127541158,0.0060308044347974245,0.0043085008481089085,0.0029161842261025595,0.02415471773337698
28.278,0.005708876561215905,0.002941619779608897,0.0031489702622354288,0.01588431913093096,0.0033387614148280387,-0.014665251779241112,0.0,0.001193501761293784,0.004498366562200484,0.015868955624520602,-0.003222351801476174,0.007250272725492496,0.007196155003583616,0.009865642468331546,0.016885729882306643,0.004193820054522416,0.01913676155337594,-0.003919787132068456,0.002272422121679572,0.017334512700239783,0.027867381495556863,0.018402880209297926,0.01902413313671998,0.003822501646939245,0.020782137644873955,0.0038835381757199353,-0.010335086769648606,0.02635229567324806,0.005849181166922218,0.0037572594042968458,0.005060512633390164,0.0023466947943722137,0.009391520723020567
28.778,0.00798098365767387,0.0022393035310838178,0.004311025531579299,0.08426068792653146,0.0031464174757582265,0.029382328088350892,0.0,0.002999726209025421,0.015578595181617508,0.013533846099677567,-0.0006728968181632279,0.009976484020026632,0.008045567482858083,0.01188455247291056,0.008879558030589782,0.00022886809780856533,0.017928048229439237,0.027474726621666716,-0.0004919407428563076,0.024232912639272255,0.02170568732337463,0.004002570015429127,0.012235533762154076,0.010699829508794823,0.030677491564823817,0.022236409009889185,-0.018573110773164658,0.01859910723915056,0.005070371950773245,0.004043294818580432,0.005112419152093491,0.008569500617255204,0.06325618883238066
29.278,0.01550901774532357,0.010257970593284142,0.004959241980640493,0.05326440616890023,0.0028920857965882975,0.04903726461647289,0.0,0.021298731998369614,0.008161890546684175,0.012629394750043632,0.009083623069544348,0.005764405411764293,0.010199357743861326,0.045190475907611466,0.025407058474719142,0.0012680691432656935,0.0314071441920212,0.005794222590358382,0.050659085009348064,0.012481178263692215,0.016235861683111506,0.036860425878968574,0.013530254803972304,0.04273474525892455,0.046462818628137496,0.04003238254978943,0.051477946633083575,0.01237754505149715,0.002833686131868158,0.003932545674495374,0.004607027519990152,0.005566179304466997,0.03442190454911645
29.777,0.009272988100836925,0.012762241877236959,0.008018740492360758,-0.006519194052048096,0.0023021923166647914,0.044539242269399114,0.0,0.002700123085015382,0.006343223160146651,0.0047961688185300735,0.004313093874679714,0.015104827419559994,0.025765011027454255,0.0158359786424761,0.008597320307523039,0.01665318851215,-0.0009158109367582994,0.01495366827668211,0.011721196774033858,0.01809370459034913,0.005616279943209657,0.014243093485864026,0.012256402156648236,0.05715488952470025,0.03934239463284065,0.047197652506459825,0.061154574706347595,0.006450658690571176,0.007107300031772022,0.0016550380723341853,0.006824601136629184,0.0012679107280226855,0.007357167780847824
30.288,0.009058243989548333,0.006726207458136591,0.009697975334686252,0.03623923563246737,0.003205726696497188,0.051897544778993394,0.0,0.003460648462792089,0.008527925190242577,0.01673862912352625,0.005830993246667257,0.011914602138212708,0.02054660364244658,0.006954203487009562,0.01908248656936385,0.007887689066005978,0.002778666545461599,0.012843260720514367,0.009280443239004225,0.015321704932509957,0.01013925530569779,0.0433994250590112,0.016266210933747315,0.03785928900812215,0.02144680648482887,0.03399813663688986,0.03400583965235968,0.003831688450074115,0.008690338166500122,0.0012691338046054786,0.003898711948189947,0.005488298499418989,0.013149016332527231
30.777,0.015120973666757803,0.010888194373418144,0.003271656852360439,0.06234961904553966,0.002676426779816013,0.02049240357045972,0.0,0.018315050088320746,0.009161831891927746,0.01441174157606256,0.009743891356008361,0.0038541101289017903,0.003051693744937295,0.02828309799837287,0.02916718654635155,0.01512721337285132,0.030716282096915397,-0.011998429955209632,0.030180799247984322,0.027547548321299173,0.015873558867936326,0.03654621037998757,0.031419058030964814,0.02888387171152337,0.01990374952768953,-0.0032104519224837097,0.013444539192314895,0.03611465262623248,0.005527043994090351,0.002664350758515475,0.004720275985538975,0.004128435714872317,0.029717881653195506
31.286,0.020328673166967886,0.014547485854351477,0.003759999952185857,0.04860088460522776,0.004491539140979711,0.03843442212807967,0.0,0.008208623412501179,0.004408368972236466,0.019840671244972095,0.007807281840792296,0.005027672584997726,0.005013744513504529,0.03507775992595819,0.038189983108762385,0.015849385217524072,0.039110082071047284,-0.006144050749777782,0.035387399585432223,0.026120974032007135,0.028697480641684075,0.026234862216783155,0.013280483226624281,0.033235599552846655,0.04091824758898944,0.04825131113899707,0.022542831043932083,0.04057917134902401,0.004588131368907983,0.006955440143309485,0.006007479594396856,0.004870395760816154,0.014495746507935187
31.778,0.004919031566551581,0.0032466099114084076,0.005956294781852098,0.041769545887478214,0.0038944439843366144,0.04498271289576898,0.0,0.028810773270574533,0.011890632500760416,0.004235780645480373,0.013961583355449704,0.007035115510744299,0.011194085020676307,0.01696325132304831,0.023734331378393276,-0.00824879800962096,0.035516271919408135,0.002286821378277555,0.0379307624318382,0.023672471035300104,0.000932527404823141,0.012501690010058887,0.016301377462117784,0.008686103360066037,0.01019331215098095,0.05084940546326869,0.060193066600728797,0.012515761813135186,0.004832429066092719,0.0022131885862070773,0.006390068327766578,0.005464249761323422,0.02585125628544898
32.278,0.009754570667290232,0.018192792770643913,0.010234189482978745,-0.004504984065940638,0.0024037548263867474,0.05771461894466159,0.0,0.018879638092071504,0.00038644503912599185,0.0034199731543816275,0.007463566535802643,0.01897948957275408,0.025158238458319063,0.031182841895668945,0.03262679246017113,0.02525624249512453,0.011656418915543953,0.0009466240975191151,0.001971890374375204,0.020178196094830524,0.01400896471894675,0.03770322293570138,0.006938891599800629,0.005661292102770524,0.015253765264497026,0.0496763255843216,0.09538001143117332,0.014546026091236692,0.00021841038828165164,0.005183654292091869,0.004231282761898338,0.0027446399294449556,0.003815299902109093
32.778,0.00012626195141932978,0.01583799642959484,0.00643076610448972,0.04736740701020139,0.0015078433552149603,0.03588428090219832,0.0,0.014738576219848497,0.006477559772508834,0.0010690135821720841,0.010222223398291128,0.011595144668314695,0.018178875581782147,0.0013144207106104218,0.0250851889864363,0.021524108813667977,0.015579743926025586,0.02158054436974819,0.020478651965269188,0.01539233649374493,0.016340831742585934,0.014931787605338968,-0.008849818331307173,0.010949158027535865,0.03773606143699526,0.04300998762120837,0.07154884436330514,0.0212264571663036,0.0032012273306962543,0.0024251245991902376,0.004249456630743534,0.0035974731653205068,0.006431898769609403
33.278,0.006117047436141042,0.006447257164323328,0.006294061316192179,0.09171707655315973,0.0011702511277354236,0.05257091027757873,0.0,0.014793941868430577,0.002732206805646321,0.02578596329212818,0.014726892801152676,0.006151069803224258,0.006291226783919784,0.016484871703021552,-0.0017256780931824765,0.027473016739154164,0.008072631725887949,0.016461814981580107,0.011206584692711814,0.0033099219784344363,0.0287691974491874,0.02583343964810404,0.010090104493111806,0.020763927872411155,0.027046123220226485,0.04186882621236111,0.0004941975696886191,0.020907263308318953,0.005910075736975659,0.0007289952905543139,0.005616243907975791,-0.0005984745337772308,0.062061132165261865
33.778,0.016533910640765016,0.008042292505586635,0.007259627757627573,0.08208317919303909,0.0040517542302882055,0.12883614621826847,0.0,0.027789196786289067,0.010424961127663283,0.021322943357290857,0.009916292029929552,0.00575093682909869,0.009436914019286593,0.030327293192908392,0.02412350844888123,0.018414857190314864,0.017497847097536587,0.03707319991851591,0.026391376533614463,0.0049466781613807485,0.044666205216029854,0.015756032619741907,0.015029864029034414,0.059777341895362594,0.03170745397124876,0.12306623695907565,0.06967731182063468,0.02607548623360404,0.007812718002387323,0.009081453125458543,0.004134921377002164,0.006196783407515042,0.04997221931287463
34.285,0.008680485944482954,0.00417969291819506,0.007026938709912021,0.045904028993929466,0.0035465382804756827,0.07577813463482884,0.0,0.01627580385685046,0.007587971217656256,0.005224513344732601,0.004679730143378214,0.012116032718405933,0.018814678430369172,0.028141470353289216,0.04293954053433127,0.02250573464520586,0.021329503869536456,2.9915990020423637e-07,-0.009563795555305628,0.016486207222739104,0.03609805786397627,0.01995656443304686,0.0069060290090451615,0.040727214657735246,-0.006137413280047072,0.09242014611629859,0.06120103321862578,0.005687794585421008,0.00456372686991791,0.005014951061496009,0.0026656875927114957,0.0024627491219384595,0.03437435112856518
34.778,0.01567143966370585,0.015120147121788937,0.007560858072397961,0.005797440755992838,0.0027838615176110264,0.11931225036841435,0.0,0.017896016219894024,0.007855999673054658,0.007323551475616362,0.009833675108167891,0.009582632835050597,0.018822587791696353,0.014386356504487422,0.04853207828660032,0.038538111958844656,0.025070777987673473,0.01175128223270666,0.02597618236456381,0.02536187093932859,0.027371370795363465,0.03290493253526065,0.014742485470178585,0.026168261838911508,-0.014457276388187851,0.1270171783437976,0.0827111439818864,0.01018364406124542,0.0058560764458320015,0.006329415103378079,0.004710202469559479,0.0030585972839411377,-0.006410599868703865
35.278,0.0054853308777364105,0.0036706369230582766,0.006072418677811321,0.015130535265513017,0.0021228761613678922,0.08923801915472582,0.0,0.007940640236794244,0.003031195618189287,0.019627635244909316,0.008481762100206939,0.011917026552970753,0.011846437076438284,0.020480144453609968,0.0005748544338758449,0.014474014337561552,0.020801884605961836,0.010828855422388855,-0.00025446639471970805,0.017126828322544804,0.0037087810168719,0.03528614113609047,-0.0012320308137533107,0.014797542380574707,0.0044555042109796095,0.06429784629525412,0.056402731330959285,0.027199681116308605,0.002689746876656841,0.002491671591892459,0.003822686174294131,0.0011137671933680354,-0.011337128729583574
35.779,0.010004997944722175,0.0015451134603775337,0.00040562802002601486,0.004124826749295766,0.001725504508567185,0.08832454286183151,0.0,0.014926510561456382,0.008480287733815945,0.01715884090724723,0.004348544971785402,0.0006489113564194935,0.0004137852521060587,0.019932461360731752,0.03688188072284522,0.03688723713236532,0.01629253541324313,0.025488757807311295,0.03683596839751157,0.0037914131135906182,0.012529988013363705,0.0013301072124646638,0.017612727033575505,0.010381294898801907,-0.007381407628754846,0.09128693954638935,-0.0019767902787546044,0.020307889630279293,-0.001129271691133349,0.006702165819465683,0.0015016860545923327,0.007187675662180964,0.020822337729630335
36.281,0.021678303269199534,0.008465457652775702,0.0045157443205679606,0.08102447890340865,0.001749550783261065,0.08758169054198364,0.0,0.016191665033560666,0.007218519919076882,0.01562664685083287,0.018948710143617646,0.0045435020754380695,0.007685102698790235,0.02350814195888694,0.027933541888319723,0.02376970788755702,0.051132963496011305,0.036987700228612704,0.0306979536837628,0.03888981627022237,0.031689120115850476,0.03664828480342883,0.0169112705088279,0.034272473253539826,0.044052561098506304,0.05409215425264451,0.05176930547220443,0.024437847274300838,0.0038107040460400353,0.0031787168880945474,0.004289990133455042,0.0009413297911030211,0.06837232374682164
36.783,0.019281203631425048,0.008925236455317322,0.006513802085125179,-0.017166973968188486,0.0031017029062643366,0.06366146478694232,0.0,0.02230902877576569,0.013921751556806314,0.011525482065505957,0.009587549882700882,0.005086753103713833,0.012710184392591363,0.022595864622981188,0.04507530778389482,0.02757966089745694,0.046756144828219603,0.053626059093817256,0.04195926633359357,0.02356327437955755,0.019671335744797926,0.0314442528020678,0.012609608496488138,0.04073719893444578,0.0075329308280846045,0.08828734890439383,0.07407553064632659,0.0013798522623973378,0.00618411356773452,0.002999936751698921,0.0003729203678751365,0.003959395949250645,-0.0001269678125406424
37.283,0.004224270044000939,0.0026484444569296038,0.005435512073677873,-0.01343290619814046,0.0015490214032379429,0.0751602069292119,0.0,0.017546591576244143,0.009977255791156802,0.00481293505902251,0.001847272898983982,0.012261612873924405,0.021322908035715515,0.03273662780621411,0.015726506618035315,0.006313459320729278,0.008425239185394314,0.044142488303868854,0.036717120342922877,0.017820737228654574,0.003547958017501685,0.01603209058614644,0.008009247364235644,0.021980095134057947,0.006688848873058093,0.07021298194970382,0.04777365347568514,0.006783891581303455,0.004717385254238512,0.003711008302441604,0.0004252414207061418,0.0007186035564708885,-0.008795338349831948
37.786,0.006897452145701881,0.009124208005880678,0.006020101397114487,0.02192960249423178,-0.0007729764918093313,0.08342353076797032,0.0,0.0162069878471981,0.0057066930940114025,0.005659227879482032,0.009902638343810775,0.007193009959463187,0.02467420082322456,0.03805994685883228,0.013076683827414917,0.01078949281438713,0.023004131035812003,0.013571291845058472,0.05779689412336094,0.04429868897282185,-0.00019226652980059065,0.0279166842406768,0.016364896428702504,0.00029260976687026975,0.0012912937386605052,0.07774140354725435,0.0626823593226383,0.02095968001322269,0.002713098687077369,0.0025599080003925103,-0.0011624413383594827,-0.0025255902094417364,0.0020100651028179127
38.278,0.018284618304318018,-0.0007718232409226742,0.0021775751484947284,0.007799038931807372,0.003083882057791925,0.04647036784202917,0.0,5.4691762803195536e-05,0.012969963377553453,0.030033708051538186,0.013328963045462005,-0.00029064712320661147,-0.0021628834241903595,0.04614168050604993,0.0018223030350429852,0.011765587402972306,0.046058988444713386,0.04416408996296747,0.04478753643701716,0.013482319142604119,0.021959649221768813,0.016838361936487845,0.022211285977122158,0.056094884497780446,0.029815144313990953,0.04201999026077219,0.006231866701864521,0.026065081254226553,0.0066126869256674155,0.006251915525542396,0.004673691983129974,0.003841389490005518,4.93763715436839e-05
38.777,0.005469818262490557,0.0039045938769693552,0.004448031123108532,-0.008246975382201354,0.0016607257465867877,0.10341430746522373,0.0,0.01860353772898797,0.016350301596864847,0.013800939281132489,0.00907094465657,0.0010152776792514513,0.013246293318992235,0.024082854445155105,-0.0030158000738494447,0.026794731754351524,0.026776114552453826,0.022116285908352174,0.02282282213447564,0.012933248161995236,0.020509198575765615,0.00931823276382226,0.0004088458130039919,0.025428318959260322,0.018563951486606094,0.1254471986741259,0.056128469907006706,0.015754842408719643,0.004261840281989429,-8.121448160961692e-05,0.006016694469168992,6.965759662551645e-05,0.0019530654150378048
39.295,0.01906147538158217,9.573446057313119e-05,0.0015088988832651527,0.07279348202921734,0.0020096287057701306,0.05224221987037857,0.0,0.013193736419052417,0.002400319453229551,0.012872393766539036,0.009075088921463916,0.007043759542188054,-0.0024006473482216864,0.04789689665588515,0.01814948250880684,0.041214409120762775,0.041255765574277445,0.03296502649120218,0.044791556082600825,0.0280417440045441,0.025562368542586752,0.01952661058252067,0.019309886483735408,0.06414148537965801,0.011930624460892963,0.07026909279442328,0.03683376340723684,0.021006355164793763,0.0028096502663888857,0.005200785228740493,0.003269852472127466,0.008634991181562067,0.08394722344618137
39.777,0.0135757430631356,0.0137584221937425,0.005729221071340978,0.09763134368724306,0.0022907881157846048,-0.005547250418062807,0.0,0.021717913476283376,0.009716744544630907,0.011211412463790647,0.003500313242606555,0.008302927261259734,0.01742307228082843,0.005747652515066698,0.032558014223678704,0.02086591838027054,0.02730948879003534,0.01868915779013129,0.050538276050509534,0.033797326378886085,0.011955086028018539,0.018297705110672302,0.025468871166623025,0.030375058364113028,0.023483488166890845,0.0008448921437311051,0.03502541649113711,0.01232848524332027,0.00776991756180354,0.004387218077726159,0.0021433334720606613,0.0060766867741163496,0.0861816281326281
40.289,0.005541255805213875,0.006916821854231019,0.008833586006418455,0.06034200763303618,0.002196885826067204,0.04009325929150717,0.0,0.007799824583965781,0.006450311721806687,0.01701306377913612,0.010981764425683684,0.013869858426354279,0.021593585664172178,0.012569157372673759,0.02396788833843744,0.026932301171405614,0.0032885633920594994,0.017687720305041284,0.026794972676409463,0.034202990302388346,0.010445387243408535,0.030373426962883636,0.013168764815646553,-0.004545199447914495,0.010725244974459749,0.03401271948005077,0.045575791652064566,0.020230600597100926,0.008171897934847964,-1.994475186150308e-06,0.00032836052892459285,0.00404130423191386,0.06365861926829623
40.778,0.021692530834022644,0.014391657425088938,0.0018226937801300038,0.11581330849018877,0.0026124662431265583,0.05401887208559262,0.0,0.0035484574198041,0.00468181001721276,0.009602204569222221,0.00837851239844257,0.0025981258759544172,0.006103720070222495,0.040761223973540865,0.02483016901505758,0.027262163147553874,0.018756253671641944,0.05281004406765409,0.03934155712896384,0.03308081302170825,0.044508187954581876,0.013099693368858615,0.029361044914730204,0.047183572304164645,0.027914762694081174,0.037975050891696185,0.04707530539138526,0.04159706237383836,0.002435567272525317,0.003722940828604178,0.0065971047685610025,0.006638058781387403,0.1053480556210317
41.288,0.023369851332979606,0.01302012801029675,-0.000609954602910739,0.09044592154445817,0.0013980820846603997,0.062395716228913045,0.0,-0.002806132305239217,0.007007466118198818,0.024520806530357035,0.014366137863870365,-0.0028836357198174308,-0.0023954104109084376,0.03381466629296692,0.06544626701703139,0.005986664948477072,0.05052654295899672,0.05153960435805831,0.027420727384069456,0.04350932371348682,0.03341115625833487,0.022356703233049204,0.028038303455334753,0.030614660389262752,0.026627737520077,0.04919951337023208,0.03744363979102578,0.02644847460733316,1.1466474409572565e-05,0.003480669426269051,0.000136189680641709,0.0061803874607207696,0.08835773417740639
41.779,0.012044994910605717,0.0058775756486505425,0.005463124209265502,0.06344151524600518,0.0007708598492105094,0.007488347350863325,0.0,0.004711455001823883,0.008476475441749487,0.0029154979752319017,-0.0017015228625835062,0.014623894798425718,0.018461528230840588,0.01248320735985946,0.028582895182948466,0.03481931681388488,0.019460122790601053,0.03394717483953122,0.025513059402173157,0.052236196416445835,0.02356655919152994,0.01968946776343403,0.01487600189426099,0.03767831366574819,0.025377892608463605,0.014774524948846473,0.04946004354266798,-0.007661601508818541,0.00476494484350858,5.688889193632783e-06,-0.000435498072815845,0.0028416523067519104,0.04193505927014563
42.278,0.012160447753141936,0.0030195565240309944,0.004274417094343716,0.09535859362236977,-0.0005194444901264741,0.028850171378468695,0.0,0.001494074235596384,0.0021531091646664244,0.002787183160728686,-0.0014420773852116897,0.014746088329015826,0.022568262373258666,0.0009117861723422801,0.059497800548031624,0.024143565755971638,0.028393595931531578,0.033253967302469815,0.028398446209724634,0.02836908334376567,0.009467464906409259,0.039806702506544354,0.009503384168053332,0.002404259031656108,0.036223931422799595,0.0191470121917288,0.03455900690092367,0.01601797709636724,-0.0006551505517984048,0.0009377791550470276,0.002270710831715463,0.002395213997574297,0.08053959935861531
42.776,0.0070336480010739525,0.0030330642630438925,-0.0027061632550795965,0.06973549341840767,-0.0009707457774464539,0.05066528086630356,0.0,-0.0010016552403774234,-0.0010815636717020425,0.01045092903210962,0.007113880542287943,0.000739660992207952,0.0008546860033519825,0.004692608664799378,0.04399651780425569,0.005300443611210287,0.02046815398059825,0.021823534895465665,0.03470490462951328,0.017165083039458573,0.01873585203583011,0.014527655747175669,0.0037487886395309996,0.018190916124105845,0.025938640843225776,0.04815001932494679,0.02268671897653985,0.0308853887726521,-0.00018171777667556332,0.0016975872161721936,-0.0002843058355108225,-0.0005387238765320895,0.06346317896938887
43.278,0.018405959327328494,-0.0002735195487100167,-0.0013801340743575534,0.0586427084562772,0.0008011910801034212,0.03746878833799433,0.0,0.009585857067486747,0.011064613911516299,0.016637339027975782,-0.004680393333877258,-0.0017695091127268021,0.0004563789528677499,0.02434193293954115,0.047252169214428326,0.034784829006344505,0.02749389276129091,0.03705021118003362,0.02678833572415155,0.029299495871073847,0.021515679935117337,0.023796746440599884,0.0242865865678671,0.047845782192097376,0.04367035678548532,0.03194105449092196,-0.009766376192620389,0.031291326799077215,0.0010851322406287554,-0.0007121110403130374,0.006106037654716474,0.0015383415316299485,0.02312972500657822
43.777,0.006302931152606043,0.0018258850915645415,0.0006007355262895611,0.03789742949855718,-0.0005843604729622085,0.00037443450582966595,0.0,0.0027557489857281173,-0.0005438076662696962,-0.0011388961889775315,0.005282783032538313,0.00631504805270611,0.011246812522234768,0.01223466375627352,0.03783439760896984,0.014996181816311469,0.011386411130858627,0.019948027458717984,0.03175132969746517,0.005501545686928184,0.0023989597945827936,0.0322009789675258,0.023805935299291914,0.021167364855767798,0.006521674623606805,0.013582815300905798,0.05159438756997472,0.004482483041290001,-0.0012274631622059258,0.0032956840290394064,-0.0007471674298448035,0.0035643626290474636,0.030184339451699738
44.276,0.011584573021721547,0.008905348012026856,0.010871646254801089,0.00196982127716571,0.0017904371445513023,0.05675524927552668,0.0,0.021895292289105656,0.009324801966377957,0.01114637698884104,0.01000264543573622,0.01741333181042677,0.02176852786717778,-0.0012758427811915792,0.012022653306852427,0.0353983397709472,0.02185028985087383,0.024911698613696846,0.04720913973950398,0.03744653694361996,0.026427278050882654,0.017214986247332385,0.015999183668174384,0.03304315034991236,0.035594710970737825,0.05028688670714247,0.022146649370890396,0.007835036562791239,0.007262290057262022,0.0014984688628216446,0.00561223032913043,0.004691876375685053,0.024588137666341672
44.786,0.009856745904097202,0.0014043231027079835,0.008522873398819976,0.07902117576330689,0.0017005068576664562,0.04333316837873344,0.0,0.027514626757780842,0.010904963641804504,0.007275508894109979,-0.0011644242373117085,0.017949022001323593,0.021964855037245812,0.024271538820739572,0.033673339387865625,0.03416128734545129,0.021305334836229383,0.041340000794009346,0.027680557825805484,0.021697815021944997,0.017626501989977863,0.0196121192928814,0.008232404336017905,0.04263965101317589,0.006529670112586638,0.036572548237878894,0.044103714949781554,-0.0002856187604708873,0.006680983957681004,0.002125593420915515,0.006121386328029082,0.0008690863648385341,0.07652421973677213
45.279,0.005962708248307398,-0.0024417953466983337,7.432085516761009e-05,0.10983058576083007,3.964265779989059e-05,-0.005381936232895462,0.0,-0.012429948175517314,0.006967014247830934,0.012264543126894274,-0.00039379391753476006,0.005316736699221771,0.007552446607201997,0.0038238441108099904,0.012873056360343381,0.02866493378223875,-0.00867541713184213,0.038217704039437736,-0.012782377912433964,0.025924993074828352,0.017934882871226115,0.02098791817633248,-0.0009466197714361361,0.02588345920117158,0.03967852082408136,-0.01770479082513737,-0.002208486674831607,0.03428998479831664,0.003933381857576442,0.0021581931209512938,0.002428405945664057,7.193892804791983e-05,0.12561733116666787
45.778,0.009615017808208844,0.005131985045540939,0.0014303374248380667,0.11109158646582926,0.0007915097783682185,-0.00096283158641883,0.0,0.008938984540823031,0.003809852124761739,0.020318285259449637,0.009115645148660093,-0.0008395589473503971,0.00044570453578257065,0.0010417171039193698,0.024662648595245838,0.033839349926596866,0.017743531607359284,0.04608491930587093,0.011944408613688302,0.008955507886013963,0.019392033033098957,0.012001856021995156,0.007087227976287853,0.03868486309996214,0.030751649955115548,-0.005519610537507405,0.024574053694643227,0.01968298387331486,0.00533320136572788,-0.0005565851565576429,0.0018037637644433343,0.0025619283304791863,0.08469253430443069
46.278,0.010348826360564023,0.009519833390411361,0.0029951955008428815,0.059684268702903075,0.0006643634123638999,0.046595983388535184,0.0,0.0013112227539719614,0.01422417943473058,0.0004429040734912838,0.00013783329892868692,0.00931101558067001,0.011902586264414122,-0.013629451074714697,0.031312689987111994,0.037484157940496365,0.0009592883746297992,0.027434136239382644,0.016752702560687522,0.004370220198132484,0.02265438225110919,0.00747841833903916,0.013773145964986402,0.027069164899979452,0.06775435868644386,0.02514904984628514,0.04882312416152251,0.006699650290999118,0.0044307116880486445,0.004357473766901573,0.0007358855581243506,0.0030629078292683585,0.06119709672995468
46.778,0.005843319463006694,-0.002134284784208482,0.005046037921844704,0.02853286261311305,-0.00015857063119935442,-0.01683270257080955,0.0,0.0053989255089557184,-0.002305076585567581,0.0058100309526061,0.005493599298110135,0.007599336523175964,0.02041677140232872,0.022597103309579755,0.028282225309124453,0.015618230777927454,0.006758591123409225,0.020146647410015626,0.01769653040928345,0.023184628011415145,0.005315335480425908,0.019135516810234787,0.01605216260955092,-0.00576221262868985,0.02139672247585329,-0.02312863086761783,0.04301895540537195,-0.002202816778381612,0.001341015673294243,-0.0027388453366923053,0.0006286695433945172,-0.0014776601795618712,0.038797694888383256
47.289,0.012572198535445498,0.005786780532988901,0.011466934839688431,0.008841780330512736,0.0034631336256952935,0.09048144632073399,0.0,0.014563552284454972,0.0056933936340599145,-0.005836536126252203,0.01777860148031104,0.02191345673296719,0.027619244637472198,0.012553104369734603,0.05389171519732371,0.03361986571393006,0.020300028552921984,0.022753063157398206,0.035564368399282335,0.02635425632482905,0.015289123245736449,0.02263306882649682,0.009563677778589779,0.0206132471631788,0.019052462024200884,0.06162486749752973,0.04089954379503333,-0.0028513836813442994,0.00801659368449842,0.005177440305234889,0.0016825149409487176,0.006752197637601809,8.494657275667862e-05
47.778,0.014768728437064426,0.0052012823798717805,0.007263196363058167,0.04110607582935456,0.004132885478381677,0.01801975318163303,0.0,0.012364408576640201,0.010538263770357999,0.022173332223883083,0.009146490030421624,0.011870225167873808,0.020155676902999586,0.03421379058802672,0.04495319467765302,0.03449321399681153,0.03269026098504981,0.03649313839288006,0.042856942457555065,0.0002615488735586579,0.023695153390702904,0.01813438674157276,0.029936652634692373,-0.0005161262740951581,0.010382135037728711,0.009679318538391648,0.009084946857794846,0.027029425112104346,0.010539499093922464,0.00953486625561728,0.008862908825805534,0.006863809782504604,0.03324314445170772
48.277,0.00909020929597197,0.007349894297449303,-0.00048761807473968416,0.10873538131941901,0.0023478499187695777,0.0031465466807388607,0.0,-0.0001406359614942577,0.0025348006966591646,0.010213955245485046,0.014076618537076232,0.0014242393894296971,-0.0035394112272011963,0.0423101549620206,0.022831700042053062,0.024362701871499297,0.024780259614260322,-0.004370790000865943,0.022706105344542586,0.008141980769387727,0.03865048358285614,0.013271434489986947,0.012231342650313592,0.018954717107455846,0.01918129354979622,0.006819353145197247,0.0088655585190213,0.03978793620891526,0.002660539733863724,0.004159817326969745,0.0023178730182069666,0.004368778183467592,0.09661267534088017
48.787,0.0188645631659733,0.01292328902442098,0.005953969439492632,0.13854412372975863,0.005568562742381635,0.1010378237029031,0.0,0.020984178822904057,0.013461203921462698,0.017401046704514367,0.014077261683261273,0.0036787598552085066,0.014010589909578904,0.0303451860825973,0.019975794999253227,0.024625323383770718,0.012015042262356657,0.01988162630580683,0.023429343209551586,0.014228078494940054,0.043255693645575945,0.020086913936645027,0.034662113831459465,0.03228360181919289,0.03414568336349924,0.08244152420070336,0.054912629746698964,0.019456244263974028,0.00968885755863929,0.004073622616531696,0.004952333079653013,0.004732836635602539,0.12335610657429756
49.278,0.004603678585819209,0.0077426251363755735,0.01015128778098603,0.10870541263285392,0.001724240054369127,0.020602023952975033,0.0,0.00859076629663998,0.004923192517384842,0.006393818683389339,0.021791708577036006,0.01736245608785449,0.02782874824466052,0.00527536102591904,0.007203664405053686,0.01138334639296743,0.0008782994082515745,0.030135660953311817,0.009281500304351088,0.03910703774414602,0.011358186629647403,0.00046088332471631155,0.017224464164457592,0.004233109322197571,0.03313051428107819,0.0007953258909963561,0.06802760670362636,0.0001110739624053085,0.002814185453117867,0.0051952155206551965,0.00496914130311061,0.0014862809041366145,0.10581053941218123
49.787,-0.0007274108591291209,0.005607555473843007,0.01094724896129777,0.08966159223881855,0.0011521060820071046,0.024826573453659854,0.0,0.014343065469359,0.010315531013289815,-0.0025103496353729793,0.0075855431073377525,0.014936357515834347,0.024498861279524182,0.00019288021473806244,0.03723871514113078,0.026401498245626685,-0.0060857581713935766,-0.0025929124271241496,-0.014294425924554908,0.02269599331361869,-0.00045295263825283194,0.011424207365994287,0.006443889714958521,0.016763098714502645,0.01870797411304253,0.0006171439656393777,0.03444120640719653,0.02196020647580958,0.0029845844341893253,0.002717466390270885,0.000590901036719193,0.006878848491452487,0.08092960417945737
50.276,0.013253480297706677,-0.010657773318327906,0.00283024825957513,0.1407207099730577,0.003846792248083258,0.0017656043394460017,0.0,0.013371529631543732,0.005092124021952295,0.024853728179699188,0.00826160556247645,-0.00043190536252899256,0.002451510984888082,0.04592497433821725,0.016571364391557538,0.023831785219209752,0.01641391140296967,0.02954024433207128,0.006606012548199306,0.031050901358446324,0.028107310579462755,0.02144793936065887,0.03235182897236179,0.03760859886053425,0.025697311039116433,-0.007333368192620589,-0.015471911066585844,0.017351971254591914,0.005267877957455363,0.005788527785713127,0.005092324890585835,0.007389444234046895,0.11594576985637323
50.777,0.013089210554170772,0.011750719314667932,0.003668257650691207,0.11001710389653926,0.0029573270144665907,0.038578610612912075,0.0,0.006177573744948869,0.005200403121542752,0.01631641712007464,0.015234722023238731,0.0017235602715895532,0.010362144694065496,0.008968567456869282,0.0332902636292688,0.014357760555458322,0.023808028696169777,0.03209710370306142,0.006958946203879993,0.02726783509968019,0.01520956156235827,0.01892455568184598,0.026894850152397017,-0.004988765104290241,0.031758280662507604,0.020839349735540913,0.052771021615102734,0.028459119553609233,0.0019333917001788583,0.0030363801029702074,0.00585319966770714,0.0060321687551749305,0.12556788376964714
51.278,0.0037402113163428874,0.011476864494679198,0.009581792200621704,0.07526087573524667,0.0018892928715805572,0.010212202373682778,0.0,0.010483850639919102,0.009029659973638266,-0.004152204057848182,0.03153646349301106,0.013509815299422516,0.025299376893666764,0.015083499103383316,0.026351938547702396,0.0008084966217857631,0.021136590709826972,0.006967378094889175,-0.008055027631551815,0.0072454021205739455,0.015723595710356208,0.009092549415786043,-0.0011908289137123277,0.004913006884759081,0.03340176343711105,0.003938003093546485,0.10748103606388555,-0.0013926490308823764,0.004569847859303759,0.0020609254459121283,0.0025364178734734164,0.006553192433928608,0.07055086215003056
51.778,0.010734283562484482,0.013180946876876223,0.012268219663769935,0.12180062275426484,0.0027273711794233756,0.05344453750436446,0.0,0.007094271420819466,0.0070279168273345545,0.0028854318844000132,0.021219695458961216,0.014014872114690286,0.036425511601049204,0.005532272180607702,0.043191326339037946,-0.0020789913131636756,0.020209340498285565,0.020718679966255173,0.009623418955576005,0.04025476146922995,0.01671332881405352,0.025269042697682535,0.03960219219447125,0.012175940396463782,0.04122610205232712,0.0390599357785707,0.10538274176095597,0.005665128412075321,0.006945879594701912,0.005649587422929348,0.0030224835082832526,0.00399761758114991,0.13480440758256296
52.277,0.007939327747799487,0.00837167710746811,0.01147450438041391,0.07816549658742372,0.002695456262131746,0.011905106186380039,0.0,0.010734531208851877,0.010773936016197617,0.014337755165084985,0.030755572006548666,0.015492035823703482,0.0218991720141755,0.022298401902406395,0.026438500606950896,0.014673866110748765,0.023523932818548508,0.020929673886877272,0.02681616023411816,0.018292247473500247,0.00037294117125512044,0.03493530679446553,0.010315469257462547,0.009563200870315081,0.031186568122249805,0.01357353862119386,0.03880147006925166,0.03177514316408761,0.00219087648756895,0.002212426706554971,-0.001297719261033688,0.00424417773653291,0.06705535313401566
52.779,0.004010160417095782,0.002680687459209719,0.006292879873287703,0.12128036100084574,0.002867441959494961,0.08580340990136719,0.0,0.006208559106514004,0.003928254610221409,0.02896058023591564,0.027432867753211035,0.00785417829063783,0.010396249186842841,0.009151729050898685,0.0031629350773285233,-0.005594025216650824,-0.0025087973163760505,0.022411572919444574,0.013013523203417763,0.02627536579922588,0.010966106916841587,-0.00706735168814073,0.022025164419927776,0.00014336018814200277,0.0258784738554297,0.06674979481439583,0.006977409445775285,0.04360918852764072,0.0011622866678295772,0.0020701954375469847,0.003941101392909965,0.006762151063418969,0.07001201519766992
53.281,-0.0005463273065796422,0.010137364774515876,0.0021940684577357824,0.09358397207800004,0.0035578025287555954,0.03911811881181298,0.0,-0.0027355841722555233,0.011359145793372558,0.015900460370751237,0.012769161727897589,0.0005294033669371805,0.0009182546205306568,0.007800555009962387,-0.005151584846244361,0.02516619824154063,0.0069461927576441864,0.023396253602994358,0.0019826802603347417,-0.0013653120599694264,0.008342378008208513,-0.0011851285492707323,0.025942488272177138,0.026720149373275565,-0.002118669555040516,0.028479788366650025,0.014382744617805561,0.046170127075622555,0.007904661690728423,0.001712592787550118,0.0033020062494344255,0.0043642564652872536,0.08689086140766841
53.783,0.015414109015395102,0.011500324681366962,0.00464068440010019,0.13353683331018593,0.0047843358804023715,0.029105293040687794,0.0,0.012243720815123274,0.014260610684447594,0.0197566068025552,0.016228568381279656,0.007359288388281784,0.008785255655974064,0.01372640702075047,0.020493465917706698,0.025008463900886162,0.017836406234850912,0.018792217785577842,0.026909124714709496,0.02204356769404757,0.027892478431588028,-0.0012105000799388377,0.029621402794349914,0.03855881332075451,0.04367153928674966,0.03218769147578374,0.03593261330867329,0.013783481999122582,0.003726919459619368,0.004302396620567805,0.005605829901358526,0.006667366714992937,0.1301780119494054
54.284,-0.008283568221900845,0.013271848560042597,0.008535498731039558,0.04933511793400581,0.0035924982318319607,0.06794882255849292,0.0,0.012547276817760038,0.005453583805213163,0.008213855753153167,0.020586166059774355,0.013847954725436809,0.022343908190166187,-0.029957824934873367,-0.0070452108847748555,-0.007427336523599115,-0.015587389648273277,0.046648920219968776,0.01428651766049546,0.0027201439274267265,-0.002210306615758125,0.0040583891801094915,0.005576070947833914,0.019347600631001344,-0.003448537060050401,0.08018333704809344,0.08954541801579613,0.01326094923434781,0.0033404016314763714,0.003882823969669331,0.005898908488706091,0.0062102928641186985,0.05499737045981054
54.778,0.010950529752828626,0.011249616893939336,0.015656607656494875,0.1129332018988251,0.0038123005864703218,0.06043186595075211,0.0,0.025058711025510164,0.012467941150762886,0.016848219467181996,0.014722043997107052,0.02040703086133169,0.031033110804104827,0.029848357274357442,0.028544067341888968,0.007398736294882228,0.038622301280093384,0.04610852267984495,0.035382622162071255,0.027828950546154523,0.002353041155046994,0.005524602975819051,0.014986013373922991,0.029505424498272155,0.0263939723605637,0.050706727308119856,0.047188079942313534,0.014980114829829742,0.004509022203297519,0.008241429659842918,0.003942661815047148,0.0070861926294899435,0.10934611934569402
55.277,0.0020703337176697085,0.007673736545053292,0.004106279179301877,0.10647155981961845,0.003843270779666516,-0.011245498890682784,0.0,0.005262250747884924,0.006631856948615715,0.02556809707983068,0.01129135890831435,0.005318718133913387,0.00496419667521901,0.012566131989585283,0.020370830632946754,-0.005953731713371346,0.01103502980303695,0.017259752172476737,0.0008318252387733291,0.028004437863326175,0.003061307082266709,0.002902257315159955,0.012574212496123775,0.0024876312210737484,0.018193210675014126,0.011526714209199615,-0.002436358253622856,0.03620071303202137,0.0047005125922280865,0.006725168342139672,0.007585652992413811,0.006512938304186963,0.1090714705464193
55.793,-0.0011793292340525274,0.011079292157090385,0.005351028967974345,0.16812705362668326,0.003359662769067775,0.07670975552665978,0.0,0.014187762804486083,0.014149880473198874,0.018382196182861472,0.0015836806667779459,0.005940451488714823,0.00809875207786807,0.011120916584796706,-0.020720825459898784,0.006635298032327271,0.015949616259742595,-0.003648054669184091,0.02412408528820263,0.0005309546899881492,0.0001981555598500778,0.010236646902025937,0.006487713896268748,0.012957325699174908,0.014105022640018915,0.05059775980190994,0.04149834916854573,0.03151621191396491,0.006693888316237883,0.0037523185278930307,0.003404503931421009,0.0045724185012607724,0.1748331903923285
56.277,0.003542360610308992,0.013392586651326144,0.01052935483819132,0.22325506950359555,0.0017035848202093806,0.0792476419375585,0.0,0.014254140151164394,0.01054158187230845,-0.0022776354330490234,0.020438197437667754,0.014972922019238586,0.030524517008641092,0.029467607390937678,-0.0033866463198673653,0.018505506299139475,0.011808726914133602,0.006072798970839856,0.015883484417273313,0.023084534312091478,0.020837318578224632,0.0049841606086493215,-0.0013370730697236032,0.009105636239305475,0.003257172417920314,0.050088088240185055,0.10243591450070143,0.007961213926770402,0.002021584478728094,0.005949285492535048,0.00544491506493446,0.002794984797264024,0.22070945203952175
56.778,-0.00329185180641561,0.011928365909615771,0.01089651685160318,0.09341597915436084,0.003465489190530529,0.12471901037325202,0.0,0.012825698343810154,0.0021066509144825017,0.0051373934040045525,0.023024245187901794,0.0224491922132118,0.028352500006254385,-0.00038574389561732333,0.04770204673756037,0.0065144875115092085,-0.01778430231978072,0.016480897115466183,-0.00636719709714016,0.01015307822532661,-0.006790307130038834,0.02073357246130982,-0.0025499696616644953,0.0025342924030470346,-0.006093651121123844,0.10576449535253508,0.07112978240806664,0.011874747220594594,0.006225598266567315,0.006708468689235964,0.007434825069547134,0.0033345087527926107,0.11224433281003537
57.286,0.01137681248868772,0.020024286255685725,0.012828363008967742,0.16479280552058986,0.003678907719630591,0.09867773532303216,0.0,0.009284275390427126,0.012933748297948034,0.01847418130597134,0.021299921678991255,0.01878156323528191,0.022127459087989177,0.018022561462408392,0.01625207183209229,0.02528661449840342,0.020231026543272086,-0.0013348695524527077,0.02780484701006102,0.02266826348058846,-0.008787320246941057,0.039659516656408655,0.0128525919880219,0.02692210247157345,0.03142180519613969,0.10154930014054327,0.052114611027685775,0.0405637238725179,0.002364466391424468,0.0043214906568466984,0.006001552328137608,0.006686343442972272,0.19617899989946405
57.778,0.000273180236158904,0.012546753340906224,0.00037697083567144715,0.1317793010719598,0.002021109563130647,0.06521429729423758,0.0,0.007100154464104273,0.01492206010880535,0.02277381065612376,0.01358577609422993,0.0017278089495831647,-0.0013158918094686388,-0.003512414025644379,0.016720911673243334,-0.0031552399877083125,0.029328149623508912,0.000667533784062199,0.025896122541955044,-0.004726112633618981,0.021752294815601644,0.005978698168285306,0.009882859058723773,0.015813475895425037,0.004830320090326941,0.0438953551988124,0.018235716164143236,0.04704876728728123,0.0082474596705158,0.0011591769738008102,0.002769397921033306,-0.0003460112423313505,0.10594342922070861
58.278,0.0007177118614694972,0.009865958947882418,0.006236652798665377,0.09746599079982884,0.003750095710261608,0.06895386004525458,0.0,0.0060648833711119355,0.010770899127917392,0.012529021003054067,0.020024198637663488,0.005807509851357753,0.015827770463247733,0.0002212397269875346,0.030928410442878012,0.013666099501163593,0.0215778935736514,0.011809509353417208,-0.0021150408879106537,0.004599838266252699,0.015306240062644874,-0.00924570335349122,0.0003713540163171053,0.005695951375945377,0.008833714861023563,0.06817774300615602,0.06314385690907212,0.015116737655074814,-0.0009130828532746316,0.011314159711195619,0.005452440807229665,0.004582075416582884,0.09268541242035269
58.779,0.003768502008242466,0.010905266963992093,0.012263266713184794,0.017117028973189043,0.0024659425706440863,0.031156359332867475,0.0,0.020199994660134175,0.008609016147924961,0.013627565307859217,0.024060616177194006,0.013572524154949826,0.03150892821479207,0.014529300862149841,0.01917061719337623,0.026789508130284967,0.0192188145302549,0.03511748345059151,0.007864531421008278,0.006862283630454119,0.014006142226943562,0.009679765748657981,0.01481151304756351,-0.010427123673046377,0.016685865100088113,0.030760281782291267,0.09084468752353725,0.000316733510904394,0.002881219359089728,0.004011687524466639,0.003364959296250287,0.005915285948014274,0.02488932449695791
59.278,0.01372179799384829,0.018772993100783286,0.011653039471547366,0.03209085114366793,0.0041115023285285416,0.05862777710186378,0.0,0.025041966521947682,0.011840946617736277,0.010309494806949988,0.02416652792970847,0.013898334755769503,0.01673770832315465,0.0036315679481866417,0.032677672033488724,0.03415754665510533,0.01525527186239942,0.02988991588891996,0.029855589909757237,0.017509462192829946,0.003818586428666112,0.045860275624955,0.02318103363282934,0.020337993440004826,0.038439818595978864,0.046546969388424,0.08883296987186481,0.020543333447384998,0.004145643852717318,0.0040973923899734945,0.004266978097404159,0.008809732466511693,0.012147539608076189
59.778,0.017416249697008338,0.00764392098457177,0.005679443838877109,0.06912227225033994,0.003505444156702508,0.042256604469308574,0.0,0.013514529795994342,-0.0003512047539554751,0.025127552227065,0.026665024905249406,0.006639504214705625,0.009116863390452173,0.034661371107454764,0.028619141742090688,0.043089334793233555,0.042283910471308195,0.020708330148637405,0.025326777400342858,0.0176448497697277,0.021689265025624058,0.01469221507734365,0.015954994731171727,0.015641975539590666,0.053741200133284185,0.03767944372618897,0.022539272448745443,0.0343669117597385,0.004040089424626879,0.006206694480658765,0.0050982167406437824,0.005490791658246902,0.0297550310019339
60.277,0.015208754535598924,-0.0034694079938469746,0.005162878743251185,0.04930672855363772,0.0017447552314867093,0.11098491699746188,0.0,0.004089599307908571,0.01697630375701331,0.02713024766441486,0.009072737452754076,0.003619484046351667,0.008727423595826895,0.022913502731477214,0.01775087525511349,0.02636644729375632,0.04427457658787218,0.015669319050816824,0.019198264108943715,0.017167578259247276,0.017581412043449936,0.02377873200442442,0.030760544535060545,0.019086547429753326,0.05120158028341975,0.09745703003512954,0.01653007422281099,0.010399071430824277,0.006579416814365936,0.00019169780570852844,0.0064862056811041185,0.004784113809398543,0.049202984457435824
60.777,0.00478159340327943,-0.0011621139639958831,0.004301673215277713,0.019401069409472782,0.0016224228796786406,0.044797253670659634,0.0,0.012727400379403769,0.013315192212591231,0.013426810129070682,0.00039701997750225587,0.008543451244575999,0.00653670145690326,0.018213102356958114,0.03496423287193851,0.007547126097034308,0.028625098927254223,0.004398146449801514,0.011991363564367273,-0.006533480565421204,0.011735298178708057,0.004049824282793652,0.004301880302272278,0.04128834763061182,0.02721310316759634,0.025950894827556147,0.033995013432017246,4.398853432548086e-06,0.0036680133535804773,0.002253311427185216,0.0019119691741532451,0.004987787767250031,0.026705817526094237
61.288,0.013785282732506399,0.01784856037527623,0.005752185805358909,-0.021876766352192017,0.0028669127584190976,0.030980826352219968,0.0,0.017373670338068678,-0.0030584652518638802,0.016487938031147942,0.019765897981055578,0.008271124715178999,0.007214586159312576,0.015136963599474139,0.027303339418557233,0.013913248179063703,0.001826651949439351,0.02552870928407225,0.005011127205120598,0.022279295341070923,0.01137247578263121,0.01794676403509852,0.027903085601962346,0.030831754311341265,0.03409914753340176,0.018051680457505725,0.09413346050660816,0.024530479245145412,0.0038365116947451923,0.0028533207619625307,0.002658120398777452,0.00402728133588102,-0.013579643791234568
61.777,0.012436153809698185,0.022119165369346487,0.0127150570349784,-0.023647547478160075,0.0022920934828046797,0.029589008815533415,0.0,0.019757638502776554,0.004512313419309897,0.010375875795600417,0.021059622850019586,0.0240982771281506,0.017839307705145635,0.009150795064458726,0.023094558491964096,0.03267929991786611,0.014503437639163376,-0.017385282019045673,0.03240242455422254,0.025434710481142,0.021563823184152377,0.025464234241555,0.0278808421937659,0.004041960550547786,0.027904421400018056,0.028167698258264446,0.09051859007385353,0.030883963578113162,0.004253867293352084,-0.0003580710432370055,0.005582740308709837,0.006701306581764739,-0.02995665593796397
62.278,0.012549270805230009,0.003012837675655723,0.0036114211975708617,0.03639689396438505,0.002927794433425098,0.06208368305371843,0.0,0.0005064944966204203,0.010281087421010275,0.01772289487113605,0.01598860647194174,0.0047982882555995645,0.009990783168461673,0.014198205301507031,0.041057069409581474,0.04303945731915896,0.02095894785435805,0.00705751156904566,0.03288425836962331,0.02184235921103132,0.031633723685653835,0.01633854200132829,0.024194332077403846,0.017498480266226153,-0.002087187485765521,0.042593001990668455,-0.0027575379376541054,0.04055062982866036,0.004901566174650832,-0.0001349898129649593,0.004365208679461163,0.006563602024761419,0.0288857398625439
62.788,0.01704700935578828,0.009349088066385423,0.0006040638971763524,-0.0013078318837426452,0.001470395823311326,0.055252507902798335,0.0,0.016258915136119018,0.0008233426101714921,0.010153029279610813,0.0034093300430605255,0.00912301590325536,0.004659636281909556,0.024943136264446268,0.04909884939271513,0.03209877545940445,0.028658602223575348,0.024328138220595468,0.0177323659966594,0.012684937061196716,0.022525239320425678,0.02545547444197991,0.026900807468780916,0.041218473053784656,0.03775460872807839,0.032210129673333636,0.01859516066968584,0.04888420355218462,0.003039420871107512,0.0013422232866734639,0.005856498012930127,0.006794160276967075,0.022554558262017178
63.278,0.012512377585075434,0.011266910200791161,0.0021053695540642066,0.0006540109792503206,-0.0007473860905981127,0.06605198088702623,0.0,-0.007920303674550686,0.0006859155368766923,0.01628521980221414,0.016826789793020422,0.0027218818488079846,0.006392541654268002,0.023399487576922708,0.014400599281973878,0.02593978697856979,0.03418542345475799,0.020533599317224562,0.029241776372586757,-0.006366290427848893,0.031725315779117885,0.024818388608808126,0.013319098431694187,0.009479672005770927,0.03505049137617671,0.06486789152950252,0.07759951675242487,0.023165388803431157,-0.0016537126643829914,0.001392872245930144,-0.002559313538547063,0.001015092987885625,-0.00907216529911256
63.79,0.023440119275358103,0.0024805879372172706,0.002337846081742125,0.12623932252638298,0.0017088414500225223,0.07109987362062982,0.0,0.012210664843546265,0.0006196832163329692,0.014093089968937754,0.014556098191250784,0.002591333870039951,0.005906670167025528,0.027940073418210226,0.021442335460105967,0.038591331773174434,0.05297579608828426,0.045595028304278605,0.04669071999527171,0.005360164994108367,0.03703806620791379,0.0387220303140822,0.04262943305400053,0.04855205357731782,0.038561006039315705,0.06506316989460559,0.05909312558956789,0.009595118923031904,0.005610253875333476,0.0015583939996478859,0.001453450108435785,0.006498905956942577,0.1455476731523752
64.278,0.01204234338451914,0.00415207160663375,0.007108875891872324,0.14559471332977877,0.0002057930538603974,0.0908170724081244,0.0,-0.0030980681057542706,-0.008657091984448188,0.005318962351683343,0.019152168635304306,0.015081360503113293,0.02884367710267463,0.0033479338137777223,0.0027351142237618422,0.04620772651904961,0.024183101191891047,0.0319469589682021,0.04763821037500198,0.02584768970352963,-0.00311919826427358,0.033173463222757126,0.017664708105707413,0.00965247309024869,0.019791348631227737,0.07028815348308837,0.08369901868989581,0.00044713369741680763,0.005622802564926256,0.0035653497434260796,0.002178450132060239,-0.0005861803817528396,0.14446287016947998
64.788,0.012903951693706082,0.0007630724622205016,0.006537283806699068,0.04185778559396895,1.053670142861704e-05,0.08280404277263904,0.0,0.0036163009679523075,-0.00046399833004466805,0.00852080613402802,0.016322708544051108,0.013861010192883605,0.02709873257114883,0.0023750453040142713,0.03827341847562736,0.03467394814889622,0.03185440553645642,0.05926546260325327,0.022598051582421282,0.015184434323877989,0.01778560082886461,0.035272625633652056,2.325073307996321e-05,0.019841289694051918,0.03486416764146391,0.07024483789091227,0.03775126083727611,0.01076737094108543,0.0031939652530581504,0.0004099931987681222,0.0032120808581287746,0.0020397537241315256,0.037914949788903314
65.277,0.027587232629470174,-0.00013249502593506147,-0.00015747130855517843,0.08562829931605519,0.00022632565092788127,0.055112593168044156,0.0,0.01066038495894431,0.005136337998019512,0.018428611202660004,0.002458431441564777,-0.00439386245225612,0.00034530462004890973,0.022484142384216397,0.052297771472559186,0.026128712145897775,0.026047973893222044,0.06137811518281963,0.029081039713263146,0.027714635820167675,0.04367511743232135,0.04029107962592812,0.02251184769383551,0.08004370359390842,0.028522983373220328,0.05718699697373947,0.021563134567976986,0.020992952260565054,-0.0005327307022824969,0.0021575045840643587,-0.0008498513647374887,-0.0014246612953665784,0.07073315745756899
65.788,0.03045940510245892,0.007083229578733931,-0.0004828552349633384,0.06856704471405249,0.001038581792335481,0.03643268289382953,0.0,0.013247691840448491,0.01035487204238433,0.035088931907155875,0.009161129255317117,-0.002577260570993788,-0.007793028392639947,0.040576824978187154,0.07183333727800296,0.027656523549394508,0.04211503816899419,0.04941347199757199,0.045274666253981306,0.02740167868035262,0.06015791313033173,0.015161312535389323,0.015247662358697558,0.06094756581812498,0.08129253270416047,0.01475629794887462,0.006141749837907681,0.04024077240699044,0.001763240546959527,0.001931020490102577,7.76261240942501e-05,0.002182594969547477,0.06978208327511747
66.278,0.016110833204504255,0.011624479333903768,0.00964398365353868,0.032384837657579886,-0.0008454479597989706,0.03981939562410861,0.0,0.02106651883193734,0.002461273375798733,-0.0027409780488950163,0.022547462363564474,0.015309862354310942,0.030420641107272193,0.012347105998771191,0.03534161788007197,0.029700956777682204,0.026446976514564877,0.019455069877562892,0.03556964393571662,0.019028436385250033,0.023599822721211597,0.027995355476546586,0.010721797228682627,0.029720920358091485,0.01929945596718704,0.02842184864838177,0.1153436514996832,0.006053531478269728,0.0014449327551344945,0.0002722505468632772,-0.00017743507610018164,-0.0013033620379665658,0.03101646818780775
66.778,0.00818968854373197,0.015349420829441681,0.002214609778569934,-0.024066873078639216,0.0004431458280653142,-0.025784953502102945,0.0,0.0019684653577739467,0.0031417837969922578,-0.004591199973976224,0.015171698922834462,0.00831650350171052,0.019599063251420374,0.007060500373399728,0.01618719352798298,0.02445803157417412,0.026461618715134333,0.010534552926742187,0.004313014459330816,0.028826810438252932,0.012512476090946686,0.011762241246165038,0.010669053939361288,0.013499169404995482,0.009545339388439942,-0.019030260897148564,0.07051393041646785,0.021381540689269216,-4.1360919721564624e-05,0.0037124049277576,0.003508730415705987,-0.003832996285577191,-0.02404777693556998
67.278,0.017074396899930483,0.0019918942564622543,-0.002042842253929542,0.118618083105716,0.001264085661686601,0.017171604622800048,0.0,0.010074923400739648,0.007136691365364395,0.016109824760288237,0.012347985844163424,0.0002172897126807082,0.003838846356792859,0.03682547910288679,0.03268987943008111,0.02326353727478122,0.035681309743779095,0.02078539530430877,0.026936164114280715,0.015920588911261913,0.032779119471068256,0.007652141196140465,0.014837593864214196,0.033256133091002164,0.02508419934659655,0.008930165998284376,0.027500626061530586,0.03441100533394613,0.0004837321735195212,0.007931712618497224,0.00021691979789024884,0.0026469221634316357,0.1074615572347562
67.777,0.014278506719663069,0.010180720838577363,-0.0007819446543819842,0.1361531279201316,-2.7094375102187845e-05,0.05202604501872787,0.0,0.00756083295289624,-0.0008863159606898067,0.003244969858208457,0.004486176262763937,-0.0014075246257994646,0.004196891084495098,0.0211953819879552,0.028206589437709977,0.03178320199583262,0.05056916970505288,0.03135112682306663,0.025754173694535126,0.03311286935261972,0.023105224888923297,-0.00041560293475334845,0.005899623464062383,0.04431729003408315,-0.002317080875514809,0.037324812090185996,0.09338997540296365,0.015915161319994556,-0.0007960938158732058,0.0051822599530780035,0.0012130592634277623,0.002821146931354563,0.143838497702375
68.279,0.011763262683787535,0.006447824307672007,0.009521390490514366,0.11219090381712107,-0.00035829064536123243,0.02344342538799419,0.0,0.014973484424900126,0.010718884246836667,0.007017978057530086,0.01502187471442121,0.015143735876000129,0.024317732971957894,0.019041465853935628,0.02901912529182491,0.015950970751626048,0.022124412270712556,0.047604988193059576,0.0015717146369809407,0.025337792517302275,0.0052003210551041035,0.028217201145685954,0.005314278246679187,0.022710165974773155,0.03251723955400513,0.0033096563503833706,0.07892409404974174,0.008190294576667716,0.0025386404877850255,0.0022846042343540175,0.001979291966190196,0.0005502632796538909,0.10837626385595234
68.784,0.011522035325873281,0.014353065129539147,0.00992484961222452,0.023567917099954396,-9.366191631945041e-05,0.04675182121526207,0.0,0.012583647008298797,0.01396695081530858,0.0007276280549070746,0.012764776385094089,0.018474036827562205,0.028774990177605073,0.03323351353803133,0.015131037877424857,0.02621303714264084,0.030059719432871085,0.02831285487400402,0.01360929199198385,0.02773237796208805,0.011513913796570399,0.00605935721902218,0.006621317198834267,0.0036772121876243475,0.0439789315390134,0.042223981409891156,0.09898611987031719,0.009318878066194967,0.0019903186670314874,0.004027471665626458,-0.003772463758594611,0.0009280009197037983,0.045742475486278196
69.279,0.007346468083153305,-0.0044885283007459024,4.9207846717407185e-05,0.05329090883576307,0.0005464103229614677,0.014521439276097623,0.0,0.010729213704782577,0.007669111345393409,0.013317452758230068,5.738437710647426e-05,0.010494663419458539,0.004842811814918154,0.006875566379673981,0.0035963926897676426,0.010444435672473168,0.02299021779490713,0.032692396852484644,0.01713024748227691,0.018277101851200652,0.006277640479757864,0.004715143843815159,0.028777113322806375,0.024089180560881177,0.03567716185413228,-0.005998846906165643,0.000676583026157505,0.018613938585506754,0.004536953981663863,-0.00080648912593788,0.002471802164608675,0.0017180636333786242,0.00642411993134318
69.777,0.016385939992696007,0.00014710182531439917,0.0024444608408250267,0.06359063129305481,0.0020898955307228476,0.06355112054410446,0.0,0.00810074333220145,0.009386001497200779,0.01945645808097875,0.01419906181444192,0.007056606533830415,-0.0012110315559802352,0.014705906680740023,0.011892796649677411,0.0032231277944344576,-0.0021653640746141832,0.006035621829766237,0.046056643147632935,0.019664393408984918,0.03876644294430031,0.010298563535736206,0.028652556598708818,0.04655493660273688,0.04905409235540572,0.04257323235560653,0.011450305919782031,0.010420654542443735,0.0007545740001170081,0.006752245323667934,0.005634406907255437,0.0016207613553560934,0.02634542679776928
70.279,0.008681425414463739,0.004762951864030863,0.0037754917805820805,-0.032172763459132316,0.0022569296470333067,0.0021152889637005177,0.0,0.016331248002390074,0.012845224073679311,0.025229920131869612,0.00754194729460098,0.009822140452178156,0.006166781221424287,0.028933992764090505,-0.006800949854781886,0.01949162058600483,0.024296430250714623,0.00419685937791774,0.02751732139336561,0.020629948543486966,0.016946297945764712,0.005622085067530236,0.009314171141865666,0.027921001180332333,-0.003638963120362304,0.0006765324215707831,0.06232783328563876,0.013469305573689415,0.007477698697986399,0.000812281423695801,0.01060513696463078,0.004874800434634756,-0.044974217969647845
70.78,0.022391388260011556,0.009529824555791534,0.00922183635845217,0.042915327811662546,0.003429867790864653,0.013387349954512559,0.0,0.02933097139527,0.018044854978572746,0.0105232668441848,0.0073790763520077745,0.015328292107364935,0.01959286880825971,0.037386330273341525,0.034898828229123,0.03164945331509396,0.023097406500600708,0.0445875103393546,0.043803534406297355,0.016672614759149263,0.022337370426725744,0.032482127444098785,0.024984464066359246,0.01891187413788638,0.03405160834955229,0.028296267646052458,0.033635921715353435,0.011035604492266043,0.0009445756063847425,0.006714775794959913,0.006470321451828307,0.007128134502093267,0.027706316313065034
71.283,0.013384046890715947,0.005762381390335523,0.007528436471395241,0.05621044585261093,0.002642238993251885,-0.012776398644679453,0.0,0.034517187515811856,0.019203340614027058,0.012227246232967164,-0.008819010629265168,0.01214457057454034,0.02198088888478088,0.03678827884490308,0.022133608764813385,0.035556056347892925,0.022239394711924054,0.047878205517193996,0.0428419283590976,0.009205723737921254,0.02070161104431327,0.02206716429987745,0.015747849268933845,0.03850698997967945,0.017147720558055943,-0.0017396547983248407,0.03493364958060855,8.102757261705022e-05,0.003457756394538029,0.00256408628953587,0.008069526514662915,0.0016007346162908568,0.0519953633987433
71.785,0.0054577961639063356,0.003635323781632182,0.009495391314603039,0.029874024475918616,0.0022625898924111144,0.04668967891757592,0.0,0.02514533966967013,0.020568952182323835,0.015005663469445867,0.003409877867086026,0.018985396248871505,0.024404144991010738,0.03752826087369845,0.03479333361644593,0.037094039877429937,0.015824779058360466,0.01761729813141158,-0.007062265015731851,0.019203510551073635,0.01427839468354195,0.001547688139337343,0.004883903014109862,0.01859060714012166,0.03365539123044637,0.04199394106162206,-0.005458249609111073,0.01252659622649604,0.0073581812255178285,0.004526871513758098,0.0031025283110901795,0.0018063932471588872,0.0057144861814272686
72.278,0.012044014694258124,0.0024721801360942063,0.008158368180380486,0.029268935442157376,0.005662989868869079,0.06201548909085749,0.0,0.02499448984151359,0.024732615033506444,0.025574015369782467,-0.010794656219641194,0.015078362160077569,0.010720947830964457,0.046581553985694746,0.017273979488083152,0.02059276884435631,0.0221467116764744,0.024482139623061262,0.04736594258517226,0.007566332638181167,0.03013310585687013,0.01451962757960065,0.03179261654632191,0.040062007225375576,0.031012359204172384,0.05802152672710838,0.00916623773928115,0.011722028796847384,0.007227855943929293,0.008559706094131871,0.007123343942532801,0.008426914524565343,0.009256522207560965
72.778,0.008652778292358663,0.0014763833648745966,0.0029885797804642964,0.014930037257079922,0.0033471751805759266,0.050628210502378916,0.0,0.018170379658186894,0.016383646956952474,0.024378741507824896,-0.009433955060918937,0.009522925258346226,3.566330582725285e-05,0.026444433304073246,0.014884970353225642,-0.0028289704584690623,-0.0005751591098100806,0.011579839756178418,0.03361921547340804,0.003706533440559697,0.05898268111148453,-0.014514182768976773,0.0185334238403204,0.05741900263960688,0.011784050959020754,0.036832019720724245,-0.004285372204313943,0.016239845638166397,0.007805937705039735,0.0027713596200405416,0.0019233653309112444,0.0033535256826099247,0.005103092980750877
73.276,0.01497571260888052,0.00484715880254013,0.0040649594250095015,0.06869164660009983,0.003550525641792005,0.022649961125274745,0.0,0.009641399352092524,0.012149797323035458,0.016100695525756527,0.018989513075580024,0.006980738610439521,0.009903093959844117,0.024169830824023075,0.025713252422288946,-2.2834973423613544e-05,0.029986379973282944,0.021197229429488505,0.027209994447225317,0.0058279959831204955,0.02113193526960044,0.04069564147833144,0.02663678045025221,0.03021449667222815,0.04471213817616752,0.024638413572575558,0.08596954382187913,0.0038115213332180413,0.004087643889269042,0.004059653577046265,0.003451090689296417,0.0021245504443232564,0.06956397310026281
73.777,0.003141367896145776,0.020753204246248495,0.012349596617610932,0.05599049038320779,0.004929408197634543,0.048141582346149556,0.0,0.023597426621307694,0.012779531213816872,0.00751431098754856,0.006350752452254201,0.020060188529493945,0.028673744680209775,-0.0032858123754319858,0.006937481552959972,0.024003169179967344,0.008492869500971589,0.025624533944249985,0.001317799392131915,0.024790712005982853,0.008602708373044827,0.021728004369911954,-0.004339024749638971,0.003913757350084348,0.038876056177756836,0.05443816090974578,0.1263761109238549,0.01092319548940817,0.006123414323879807,0.007640291542302344,0.0060564967579207285,0.0005962809104700309,0.053809284254626825
74.279,0.005516857904416993,0.006791680645402844,0.011792170261337536,0.14639922787435686,0.005369704000444474,0.04891414132584456,0.0,0.01362936357963521,0.00903130562106973,0.0023688063078382694,0.021324448172893994,0.021754904377084227,0.029954969608557976,0.031193371859254203,0.004867111502988462,0.014269993134024458,0.004398610102519744,0.03863450937265626,0.01842014577597916,0.020591964617247174,0.011360018792312396,0.0276040835657203,0.010632737195037259,0.003035615677813534,0.0012166469635163009,0.07973337344615865,0.058244363941263526,0.017377814076432192,0.01025147539127695,0.008144303761348486,0.008612841343140373,0.007183089080317449,0.15374612988586664
74.777,0.006008784489235513,0.014637936690526479,0.004601258591047059,0.2027361650510112,0.0031121075519714276,0.03592883908652846,0.0,0.0017721184480812226,0.010080445883427791,0.01734864255012949,0.016997124006410513,0.007570145884002917,0.015045221687623206,-0.0025844509884706234,0.03810730677720394,-0.006991260938539362,0.025630670344728056,0.012444514944485395,0.02974312032876832,0.00996341409390711,0.0256191322319826,-0.0007510212191193972,0.01084560746980851,0.016740702611861922,0.0014436687089718298,0.030424736889835127,0.06063593783686499,0.05011823262632445,0.0006991308117674834,0.0037482807216132614,0.002182007399855231,0.0036558048400062264,0.2095449033942956
75.287,0.0023647570792642227,0.014928440965694205,-0.004595236390137218,0.13168171548764665,0.00038724466941023245,-0.021754411606810197,0.0,-0.003678740536153014,-0.00392856028313573,0.018463518870972376,0.013755705258928445,-0.008733392570279615,0.001171765180661934,0.02332769707178827,-0.0006771946102380807,-0.0041054228540206876,0.024078557267707214,0.00033280127799139556,0.018321600567992605,0.031648447366765066,0.028469919059057457,0.01592366720046826,-0.005326786416578395,-5.0999542181047255e-05,0.01477072383522975,-0.02581539277238967,0.05705481258064151,0.05993549425787172,0.0005846666988512867,0.0009350706110667121,0.0008475010762379339,0.009519638100708406,0.11988432248089392
75.777,0.0053633341070218245,0.01469381598959119,0.004557724658985015,0.10321932457868689,0.0027841503728143527,0.023479839650502016,0.0,0.007684016463082577,0.011543682604100061,0.005242411941276606,0.021236771247284136,0.00731985685013024,0.01949279033781794,0.02932951470651033,-0.0013990495505523234,0.025893717911883548,0.027246191667211362,-0.011988497642412565,0.006062513387674609,0.02279074713220723,0.027791913212258063,0.007255506954697754,-0.0037603093202455556,0.02051319814435179,0.04033448222399859,0.04415332201053041,0.09726924213159531,0.014005640673984025,0.001378703835271688,-0.0012208363968758097,0.0032673782783013174,0.00559311721507936,0.0890516273801926
76.287,-0.002018079075168794,0.011614777805067294,0.006870013381777387,0.0910821085778928,0.0029663042093671607,-0.014136088346393624,0.0,0.02810218941723119,0.016871103475303746,0.0028882697726564095,0.012489357912253304,0.015578410428488447,0.012256826667066702,0.017218170945168566,0.009486738743425059,0.023313551659234304,0.01112699021622709,0.011091731094060038,0.0450940301147031,0.004383365154405454,0.013119222127844644,0.016444926056243498,0.0002609769223934606,0.0003314970433971215,0.04096914036459153,-0.01826225300175316,0.0754165267595949,-0.004375847674465493,0.005539856107158243,0.0007197405313521014,0.0016835765308247813,0.007141736594852462,0.0935041954549161
76.779,-0.0034043189256614463,0.002688497041692271,0.006122596575064499,0.150090341859049,0.0023546220246866644,0.03335884514715197,0.0,0.0040224528129923515,0.00961986101327199,-0.0003412935955121801,0.01032227608780138,0.02070160916328872,0.026294051580211593,0.009894489750439071,0.0034484641564638432,0.01537534208899062,-0.011300049440410999,0.005425508871316885,0.008728647454736036,0.019166696848360087,0.0006800569692169395,0.0004088829912990338,0.013280311803339807,0.02205738803297281,0.015935874395030636,0.03669011379298258,0.042984899779829694,0.004771064917914502,9.723275319902829e-05,0.0034977076087951754,0.006020566759205069,0.004708829921638126,0.16390865747796907
77.279,0.015987150710564575,0.004393245232200663,0.0036710476079799452,0.15722198774115512,0.00458083529544038,0.06765962108086328,0.0,0.0009513857609335767,0.008346895404063996,0.020989284759484004,0.012437937496571932,0.00950310116056461,0.00827538020957677,0.062284552438984855,0.020424716059137385,0.01100320176682232,0.05223412275508913,0.03726052492983685,0.024631932263471882,0.023068574075020727,0.03259821966105536,-0.0034347931752997697,0.022579267026505537,0.028694391764923076,0.040292591042299465,0.08137695886098367,-0.014565578234959244,0.03238180709395711,0.002228904140361179,-0.0003600639201070449,0.005219603644461714,0.00736953401838927,0.14275268734707025
77.777,0.012123680213184149,0.006689261804027651,0.003660505521518101,0.11116151446477271,0.004236500663252649,0.04854727625472271,0.0,0.0241017757225982,0.011473909521205472,0.028833277611876252,0.012530892000253167,0.00942271807394331,0.0023367858449036714,0.03754221978466205,0.03732821207085906,0.01034170132716757,0.029404879199379817,0.010405807666584539,0.031134515218666114,-0.002078913114632498,0.024656199716028723,0.012371353837704135,0.03407893832723615,0.05039626313124254,-0.013159943557697966,0.05000508697751248,0.03901588233261499,0.011086054286362123,0.005830545155730295,0.007435934133577368,0.007735577051915825,0.004038070318361177,0.11758282264605566
78.288,0.018861801866243772,0.0029262024502226835,0.0055714772096685464,0.10695801420359441,0.005037869326405076,0.0856903022658585,0.0,0.010921605340175054,0.01764892831007173,0.029125896493945768,0.004899600364725356,0.0102552871456388,0.0029962207365548136,0.0373046401751948,0.03678358704090958,0.00043722719407232846,0.04184055752155232,0.03971269496924231,0.02522464851761561,-0.006649626879315248,0.017148743539655637,0.018754133369440495,0.03704768353247244,0.06389120446473696,0.025020787475806654,0.05392572222213146,0.026534648750701512,0.012134080606116806,0.004551771638691636,0.009165422987952447,0.009403770624990352,0.005512898485623202,0.09345552192382393
78.778,0.009947215342574854,0.008567767855930846,0.010175811160817888,0.1122651227058451,0.004575473543125176,0.026122346882576065,0.0,0.015798615304869746,0.014907911783933716,0.01297670757151116,0.00953642056051759,0.015695537440060088,0.022114965329576318,0.03700809178368835,0.030540011423648865,0.02792694660237107,-0.0010128238855945625,0.017264567514868708,0.027638473180824623,0.008567390562385424,0.02843792280549801,-0.00021283966230321313,0.02283909499843818,0.0312341215553116,0.026534479914206276,0.02590591568630999,0.04909985790911574,0.012288863840814306,0.0014032422410072552,0.007144160185883953,0.005388566095994361,0.0021240324394652225,0.12793976480697214
79.279,0.006542489421828163,0.01453518894667044,0.010960027226516147,0.15285168609652577,0.001528930030753894,0.03766271175805235,0.0,0.011042363363542201,0.011070141338596833,0.00653107235903361,0.010007738986081895,0.0239180071662789,0.02750339817364295,0.0035296558495317436,0.03685872265005252,0.029147713174204302,0.01926877006641275,0.015864794500413094,0.000284733058707692,0.031722378989137295,0.013962021827298745,0.02023345289345775,0.021764728967535688,-0.0033708320682130114,0.012949903418029405,0.019338317538858635,0.08326877923092672,0.011524844199972767,0.0030906070553046753,-0.000981247893687952,0.009604275134045754,0.0008930200929167499,0.17047582379553594
79.777,0.023488557613961,0.016936371802249155,0.008268112178333432,0.2079106116414716,0.004053964547775985,0.049070744038145785,0.0,0.011732035298004454,0.011745281412954138,0.011833899617320802,0.008609497599899497,0.012995670179196457,0.016907969909782605,0.0339549424191185,0.05640396423756567,0.011347266862680831,0.06583646078774501,0.021020022540578692,0.03228187218576272,0.015545804009695519,0.01827525798650753,0.031686664248782644,0.03729944144675426,0.03358781649000973,0.047845096990560845,0.049739292263219395,0.052548334151597945,0.041753866927583545,0.008552290404006156,0.005330424621064944,0.005581004138038697,0.006048600405978615,0.23399934759823826
80.287,0.01896312157742773,0.011743212054345673,0.006269259809974027,0.245626654825134,0.0028648162590073772,-0.0054393144780871695,0.0,0.011385813845037236,0.0013430589873989832,0.02557453161073725,0.010040260102534712,0.00914516851479111,0.015702622478774516,0.03891314832207547,0.03135007088160266,0.043386860222797856,0.029361472393028273,0.02965955873797941,0.042314698618608045,0.008657310415568139,0.009023036349141497,0.031266360062533756,0.01327157542729351,0.046465251936212384,0.05243730180065595,0.00604800997280974,0.03753789715196037,0.04199063772711174,0.005748224471111738,0.005603281605055183,0.008181304156507793,0.004044880985546107,0.23856915675394832
80.778,0.023894052128172343,0.011510213188041279,0.004298172511117714,0.313280222202974,0.003437510644418528,0.0615354466008215,0.0,0.019776597363933845,0.014516614118738516,0.02259128488509863,0.01552956751381391,0.0013781238912807816,-0.0008553044778932913,0.03263879034510311,0.03560226672315394,0.01950300121896888,0.06215922742929419,0.024977804732973796,0.053792033539047046,0.009867323914618422,0.030586105249615893,0.030198119910239473,0.02396467882620639,0.06145473650230138,0.056775165662664134,0.06168301232617803,0.06684400116343323,0.031295167093615746,0.0017227795178413054,0.00014002485781938176,0.003209837678501894,0.00609925556627353,0.33033126134493385
81.288,0.016328154797051353,-0.0003645463182860762,0.0024064255421929652,0.28595931998511115,0.0030831991561433504,0.05657152594957094,0.0,0.005702592486674873,0.01128142403574516,0.019332124730954917,0.01314326249452229,6.77789088354386e-05,0.0012264309782136365,0.03398714218562599,0.015231003834368003,0.007061294357983004,0.042245472883442846,0.00911696127171029,0.04985385623847678,0.008556767378603334,0.019986141107227857,0.039758611140259324,0.012424565209046803,0.031609405368362584,0.04620982201985501,0.04394874611387993,0.01851312222514589,0.022045704779053276,0.0023418747889749673,0.005686059244541236,0.005750854969510585,0.006405985126236068,0.2979994995365548
81.778,0.0010294416027091578,0.007369136771314789,0.010289025815962761,0.1915429255886229,0.0014265176884302978,0.08012578922602034,0.0,0.02197104649891429,-0.00031666431533971336,0.0009593181642931208,0.011030706838216045,0.01864141258499134,0.027694771229343343,-0.004406626786408023,0.02829709791777329,0.010989234082085722,0.002539923315249313,0.0106516887476914,0.027655157195405414,0.022635194694828723,-0.012574026978026369,0.02303309091161249,-0.015473674073013186,-0.002188169448597133,0.0570262385577333,0.08203681698964806,0.08803108739107073,0.0032674673067134437,0.004536980700330715,0.002242854119922251,0.004590015477856316,-0.0004138250373767742,0.22693024801080622
82.277,0.014570563089003898,0.0032858345883126513,0.006640351143511681,0.19883385798573347,0.002337673276927135,0.07001205946751808,0.0,0.01316507709766597,0.007540321095308015,0.013680125024328924,0.0036567726968596455,0.01787094823073068,0.011599901766277105,0.02812584658805686,0.03812381657614383,0.03534838098400193,0.018033794921100924,0.04499863737709191,0.0362725642959108,-0.0041876180252827565,0.001475337596553961,0.015314309675331986,0.01345214047727595,0.04616776988275761,0.021360840853180983,0.05337351237339636,0.031581156292948366,0.020334972826342244,0.007169587166905619,0.0019450487575317272,0.003331681890830037,0.0009292812762920052,0.20071791117871363
82.789,0.02716409081344229,0.013684498599020422,0.005175786165208434,0.19043545252936767,0.004020351644879727,0.03784628653131354,0.0,0.02735199579781939,0.01683920472756401,0.023266837106304273,0.005580634217321495,0.0040193565544848694,0.012314968537566091,0.04683912360440213,0.05874725369917364,0.05254699907693531,0.06333737999121712,0.056855404331413575,0.04230639081029448,0.009986912917680347,0.04459346251407354,0.03972777672207302,0.02062413751916341,0.03725792240462204,0.05119054879216889,0.04697014188113341,0.04830003827706094,0.034858417979748785,0.007721814396409571,0.004382598320324158,0.004580705929049996,0.006330030082835245,0.1850097239943339
83.278,0.02338450314491325,0.012857963399840716,0.007891752716258658,0.18722529346514835,0.0026014345224598706,0.0002919443766598946,0.0,0.020792686393115035,0.015968306005878518,0.0159563660452381,0.022640238203957917,0.011045285420544658,0.013194567345593568,0.03358132720528023,0.058915718743938646,0.05914698351081755,0.049437333359133126,0.041576027885973255,0.0676656175733425,0.011868236613866628,0.03928052524194124,0.017208660650748792,0.036405693625209,0.04172734981547511,0.05520692001380772,0.007183160288898305,0.11407499620623633,0.003915891133830927,0.004503347555778573,0.0010974273452276839,0.008739449655804648,0.004181052866927862,0.22175009662455927
83.777,0.011747758871599538,0.01309010059448651,0.009874775077808328,0.11577526985636295,0.0018887329908510993,0.08159355735121973,0.0,0.014373261336364893,0.008886062927769426,-0.0006827932106011595,0.0206820620473942,0.016628256504052107,0.030063062621917203,0.00972812090335346,0.025721387016821175,0.0387367785751949,0.050666716120247784,0.04055615688180537,0.05222336738149645,0.03513739241788087,-0.006403153928299112,0.036447719107055375,0.013140723840465898,0.006703365431479241,0.031164276533675383,0.09765391510233022,0.1290807199987345,-0.00030520072035529456,0.002437817908569822,0.003532004601508518,0.0027558048194513862,0.001987330828220688,0.1531705713831035
84.278,0.01802630487998032,0.00997690422775309,0.002844306308486435,0.11334280516932532,0.0005620582876648573,0.06920542429810296,0.0,0.007367587633019742,0.005097391966197191,0.011228463375711976,0.009627619536193377,0.008880455088452597,0.017080554368965918,0.021314155541543284,0.07044800102251714,0.017511516129373142,0.04726937582306941,0.042604612992135665,0.0357886819816669,0.02082840353363006,-0.0010777885875887403,0.03099608657904426,0.019120910506498764,0.0327884452562073,0.03258141084065904,0.06792533004919936,0.04335893247993811,0.03946408797106577,0.0017035898016510126,0.0060172705797577174,0.006925875560604633,7.506314377612036e-05,0.098367986582785
84.778,0.019299043220207,0.0058568978849088925,-0.0010562552871991326,0.10779473834218689,0.0009543937440644881,0.04649597146116714,0.0,-0.0005326372561008282,0.011148025159618961,0.02243219310528938,0.008284164492071954,-0.004027670162805314,-0.0003307639377673764,0.03437484607517237,0.045184582049148304,0.026405985802074143,0.03180779239009236,0.03955419171192953,0.03819815222130907,0.017148347928046127,0.02567274373508921,0.04415369768739854,0.019777935020065245,0.018242120876083786,0.06028201899634362,0.03569319029553276,-0.00473678207040176,0.04323417098290547,0.0014185249641319292,-0.0014608588256508047,0.0023849447567676403,0.00643642593454984,0.10800852417355573
85.278,0.020148757420872625,0.015038676568536736,0.0016268616833409644,0.1468969311270402,0.0008085103797136485,0.08760437765624118,0.0,0.012470756993373262,-0.006617452353210271,0.007103678532113192,0.020539666719424636,0.0043081709167303445,0.014619014125299734,0.041131310606916764,0.02410758428496228,0.04153968211259809,0.04187853976515904,0.014840267160929947,0.036128889266084055,0.016509108956123526,0.04621067456913258,0.04243750657910691,0.02426593058371349,0.03931507231394192,0.059696004400377374,0.05817670234616905,0.09590349843156969,0.014897784529000972,-0.0007744323907121723,0.0033794969480458502,0.007284745789120947,0.0026066697199127148,0.15550632138259365
85.785,0.01418598156141964,0.003544465097628796,0.003619189068512154,0.14476548968049058,0.00023589268680108283,0.04802836424545814,0.0,0.012755395270438083,0.006078160867492375,-0.00355684805664849,0.005128332128235425,0.013846066660893119,0.017903266819495955,0.018813166667709904,0.036687197116930484,0.04382205980363896,0.015002548922233513,0.0407979861741828,0.01903000031084504,0.014986811385087803,-0.0032199329519811653,0.017916127023541714,0.01834907099904612,0.04276917743335941,0.04444304278693681,0.051491267001832,0.08123427503230646,-0.0026281967952428665,-2.8124981769096006e-05,0.0006105175019415848,0.00015263570789039556,0.004103328007358686,0.17453838270093242
86.278,0.024435015286539144,0.005325520655172869,0.008112327237690627,0.11454148325180825,0.0012196024342190778,0.040724419635591834,0.0,0.01850868619168265,0.009465647121216742,0.015682707545410682,0.00742561819527008,0.020777563741827758,0.029036411410097565,0.017852858579366655,0.052833750268690485,0.05556516398615703,0.06558800134158613,0.07096714660303137,0.04187515937136921,0.02443930942987907,0.02837530228467254,0.03321140277604528,0.01343687558357757,0.04159168511799162,0.047345563687482405,0.030654143460274594,0.07848339809856732,0.01868164842560109,0.0076463548916798395,0.004078913358709187,4.111293401388746e-05,0.002939570068759044,0.114397284646735
86.778,0.022830843189070592,0.0070221732510001205,0.0019419429111331562,0.19172438248373944,0.0027189435068044046,0.03860807413140933,0.0,0.014048900729379449,0.01112628799208492,0.022354099814686192,0.01215177182300014,0.0065238519125578,0.0074185177871073345,0.020388573531493703,0.02838062030017867,0.02857333146393591,0.041087608434455,0.04693165035328556,0.0398443117273537,0.011767002523346361,0.03758814400664899,0.02658317280301262,0.03908440791144268,0.04859414377714807,0.07418921958701154,0.04655030912718195,0.029719294964349458,0.03672673009594499,0.007503576557664039,0.005616439182733431,0.005303567696557623,6.577263548811636e-05,0.21422415876191314
87.28,0.019351720926158462,0.0007134588063153325,0.005382872415953763,0.14800086449324948,0.0032637135187140757,0.02779049148174845,0.0,0.009837795383823218,0.015077095853215955,0.02908401451073417,-0.0010403532336369266,0.007987788489685706,0.005745263741365094,0.02594530838161007,-0.0019345942338068666,0.028595339424731445,0.07185218260557673,0.014075689359244144,0.04104314661062505,0.028024447387675455,0.02715942882504944,0.011135697539493507,0.017792701953069284,0.045197489030784806,0.07076905434847217,0.037267394965572416,-0.007850848684972286,0.025786987133044937,0.005987134164320285,0.007223306760177344,0.008822357099249544,0.0017698487733361224,0.1764048516798079
87.782,0.01651105426410896,0.01871068612960053,0.0087855854488154,0.07802392387122413,0.0041520078867444505,0.1227808669377133,0.0,0.023632590241573798,0.02049430426819266,0.01958790631027392,0.01480995436207547,0.007470901685631406,0.014434834789100785,0.02562010923784832,0.03535666200885991,0.054326635122959155,0.03398563034854968,0.03160329951476093,0.024641150057452935,0.0012957158151600306,0.0189760815913239,0.012863226606965456,0.032120254102205335,0.03383296975465024,0.049207127312703165,0.12287537960821057,0.07559905268369993,0.03002522695250303,0.0032264247337385893,0.006709711126680437,0.011752414158689902,0.006056863279874588,0.1207516914979062
88.284,0.0071870035291432145,0.003053650943043847,0.010795456759783289,0.1122412142117904,0.002806067419440332,0.0692418866878608,0.0,0.029717988453337958,0.021242567257874462,0.02175005774117894,0.004784271835439887,0.012572491507356962,0.018801033536826165,0.03385763923243661,0.026043351913131507,0.010521433251473603,-0.004207153177968778,0.014370199769820693,0.018292379620222034,0.029071671721032682,0.026354683989532703,0.015825266750274472,0.024268885488745083,0.032842587231704856,0.02623494728735334,0.07085828082848933,0.013117758432345625,0.0016246088984122095,0.0065751102110472165,0.00191761413693871,0.0024451247093347085,0.004987137099161449,0.11388212055523553
88.784,0.0009861306523624594,0.0037879632442565396,0.008763602622740698,0.09996861054206896,0.0016252276096174057,0.0522463634140711,0.0,0.03215255216919248,0.0123765128710557,0.02157290180587219,-0.0010839959319526476,0.014967298958827726,0.017545444177755283,0.02444117338020001,0.012342420964583179,0.0015741169624373817,0.04488694118174059,0.0005440653927357578,0.016159676425707065,0.007296439124188154,0.030722157511552092,0.0125747609599748,-0.005892525376459166,-0.005625653386176978,0.01863566006070286,0.05280823120615751,0.010317207276008638,0.006151706802912703,0.007778558240798325,0.0034004820928706108,0.004375598349059886,0.003529253932003792,0.11485790408698134
89.279,0.0085651482315154,0.017500671391908643,0.012042144868060533,0.11571496643527829,0.003913630437073265,0.10199043824495259,0.0,0.016175661285711615,0.027579916583269262,0.021831672654181462,0.00901786203243214,0.019925834861694552,0.018943594213714863,0.04170021548159973,0.01366880431855163,0.00946284526258759,0.027329029887421273,0.014990905188774377,0.05124504489297372,0.003178926008484132,0.010747637654783414,0.028686689484015444,0.01325828189520966,0.011792169042092371,0.03266236871488478,0.10015695605701895,0.03694202177330253,0.019449210942582274,0.01113308351381375,0.0037773908178728465,0.00232032677457514,0.008138420037303067,0.1332671392687504
89.777,0.0073780685466805,0.0059628987587114725,0.0004588992120087675,0.09325820926052743,0.00012110548844047978,0.08833476537031619,0.0,0.009250801473235423,0.01901017835959247,0.026185571828459167,-0.004344773369967535,0.000890183282664535,-0.005074040793019323,0.024131851823945807,-0.0022718323996735665,0.013423692407996556,0.02652616387305192,0.006329669536828961,0.013651569536967835,0.019422259219579362,0.05015406612131988,0.00615166705205978,0.026821315836567616,0.03822345261886726,0.01585480197240841,0.10344182794758021,0.003954383233387904,0.0394976443030278,0.0011773314709599273,0.0025309186256678457,0.0009872020478345416,0.0027044223935258995,0.08428937719316573
90.293,0.016146233257238997,0.00960776682941414,0.0010629073152427994,0.0661049520941874,0.001360991444018631,0.0919909762719023,0.0,0.014069656442286388,0.003946937256110409,0.023815588400215727,0.01625565396568217,-0.0026013966734204537,7.743034590794012e-05,0.03408173592831416,0.016233733921669626,0.016678122610865747,0.06575762795399212,0.014095256187571178,0.03765123295828379,0.015333110577982992,0.03766833735811479,0.0153890959258725,0.01764365979156159,0.0473639683422458,0.011301269837604365,0.09258447370942675,0.03866940593927437,0.03825352413638456,0.0003997027807484226,0.003399323813164537,0.007580658088381597,0.005417675794882395,0.045433690781867715
90.777,-0.0030989458776662236,0.01056841676768931,0.004933031380433976,0.037249324247635524,-0.000519891143495712,0.10807933437233484,0.0,-0.004119746377098375,-0.0037798970740024317,-0.001641342503796804,0.01626941213775728,0.012323187820717516,0.026732678308255386,-0.003970507672805294,0.030803495972056588,0.002574131325424399,0.0004455788463139949,-0.0013990252956060803,-0.009200732805860475,0.02687571532106306,0.016336800018822015,0.017048942858693426,0.009721496149765065,-0.006184134243977724,-0.0003456766866672377,0.10453981882729249,0.09641667912984263,0.005320503336846477,-0.00018857556588081816,0.00240622360008509,0.003039862262403914,0.0013328002481074962,0.03504318036874549
91.278,0.005443328134685123,0.0015816681015743852,0.009793669772680987,-0.010980971424417632,0.0003462997243354148,0.11086072881474385,0.0,0.011271486250545137,0.008118695306978552,0.0067486726535102405,0.014156979371142327,0.022349091505658888,0.027139695656280608,0.008389417069359775,0.03325364339451932,0.03606032228237655,0.021280417797354293,0.02588601696352332,0.0032882575458428953,0.010818684340874143,0.015476846978955313,0.010116601945126017,0.008382746275053185,0.04257421728512567,0.00013442982259273808,0.11876397586310793,0.06894480645667858,0.00994376672182937,0.0024443755438658806,0.000936680121572296,-0.002512831048324714,0.004313910910599949,-0.029577636467180896
91.778,0.01032825945733794,0.015355427608426014,0.0025007989998885234,-0.023900191434966734,0.0015418141284738267,0.12560988297440348,0.0,0.007807668768405355,0.008883135751554314,0.02587340753562458,0.015095132508644579,0.0030081248142489196,0.010632175699260532,0.0008927309264305983,0.02336163813600632,0.01601121293290453,0.023962811646659685,0.03733591352575118,-0.002170166240098591,0.018525908902541438,0.02045190319393033,0.018503806919423157,0.016993806277090084,0.02811139491133078,0.016622485517479104,0.13750300875024177,0.04546789193141981,0.04015633862240976,0.0027626506348224643,0.007327556834352769,0.006423839886673942,0.0015627855183779518,-0.020968949464865803
92.278,0.01814730650868693,0.015565336255444711,0.003276496364398103,-0.015324307573453069,0.002296078372669825,0.0807728647104137,0.0,0.012400396504661838,0.014660162672007272,0.025061206053844175,0.013524044370213,0.0041769133476261084,0.003960006916904776,0.028151606213197664,0.03846541868480911,0.03393139325095701,0.043377574881846126,0.019005924658879212,0.013472107586199628,0.008835987678611643,0.03277346877279667,0.010171907152242008,0.028317514280554762,0.07792556041560487,0.03280387317213396,0.08832266794325304,0.03315658897422424,0.034696037637556874,0.001980170153077961,0.004416575114312109,0.0015796408473581088,0.005312375886716729,-0.0055556276899979265
92.777,0.006337762119425502,0.0113488378919763,0.004060891494340473,0.004864012734692945,0.0005223292033252649,0.13292649828347122,0.0,0.013797143170656005,0.006373201294160055,0.013444546070139085,0.0006305824360079991,0.012226576256306573,0.018586901295722578,0.041764361332542695,0.010538721936369627,0.006473271969385997,0.011171706252259828,-0.012578307302937044,-0.0012832103386032272,0.0023950638829456183,0.019286289632297688,0.004711991946657764,0.02641476536403042,0.040353611679759524,0.029855186056697368,0.11824282093342522,0.06345061852472106,0.009599561559868155,-0.0003798558511723944,0.005022804257234679,0.004022608788755049,0.0035020670708245574,0.00023944719387705468
93.278,-0.0005275974319009422,0.014652606617946705,0.010182262280795402,0.07030751197684988,0.0014318929605630392,0.07498797159748544,0.0,0.012590885783567382,0.004508253950604326,0.005057217355293969,0.009410355639349005,0.019451440689459008,0.028709095631951925,0.008511646845916009,0.027096625190603622,0.007602598278103279,0.027328920998816605,0.011052537358541729,0.017018176346410795,0.0096917703311746,0.004132979052668763,0.020715383587360147,-0.0008840507540751592,0.021974099671552217,-0.00882924675877834,0.066413318821383,0.09872221128427107,0.008745931691876702,0.003675168822809637,0.0043468092837663595,-0.0003492583832633716,0.004536367699323455,0.03872965525453666
93.788,0.003216440248788445,0.004950959558136092,0.00902924095929575,0.07371937506136549,0.0006263489614873775,0.06449024175679349,0.0,0.008700428305072066,0.006876782559482228,0.014725463259544585,0.009109680525694929,0.01763533365576878,0.02168132008318038,-0.003214979379757997,0.002602169169178538,0.009049436327307907,0.051381160407124815,0.031069370475393914,0.0031720579369407635,0.004766766332474775,0.0180670727332301,0.0178036912253634,0.01019390632017863,-0.003734380235542825,0.03074010680732587,0.06304601855304738,0.02621914858836932,0.010382361323162234,0.004962344507066568,0.0002946529832695828,0.003928718629627222,-0.0021621135301221096,0.08864807399821265
94.279,0.012343006731609452,0.0055579310817507185,0.0005034156760882677,0.12871192628512862,0.00026101798946566646,0.025589750168761128,0.0,0.009246932849994336,0.013350765299420125,0.024900152713422045,-6.137978435838653e-05,-0.0006658113601839916,0.005049762466977862,0.030594472575249956,0.037564415362473784,0.009870893870758938,0.04065069887871273,0.005579432188396954,0.01646303122046928,0.010920779896079928,0.01637070371959827,0.03095720077887997,0.009402611747511027,0.030871203351315605,0.04313558893711085,0.021617196353234797,0.012181109476723349,0.035203880870849254,0.0017588372286573798,0.0024827580990570823,0.003575329047588891,0.0007888775148864355,0.1267912021538022
94.778,0.010302874588701133,0.00897544434792236,-0.00010302281203029324,0.10779399625528546,-0.0007041860860421014,0.07029646609680171,0.0,0.0020438103901808773,6.006837803668114e-05,0.015804363107857926,0.014422092786227154,0.0035597994822133172,0.008080993946182637,0.05308787930484704,0.033262998865181526,-0.012010942985556324,0.028169514533029016,0.01829814614957261,-0.003334479738760309,0.02155984832280571,0.032318209044551724,0.010163017807159195,0.02846778557481848,0.03372463584165667,-0.009597140083191612,0.08249621245280613,0.07982643606135978,0.013474667477493785,0.00017905425370137124,0.0023987427026655773,-0.0017863098784342897,0.002551186231054138,0.07997137029628512
95.277,-0.004225314996918378,0.02072253310380244,0.010101742832120302,0.0919076493004465,-0.0008156653860806276,0.00042256071982441827,0.0,0.011905014020500895,-0.0071034306935364834,0.000973769310051083,0.018757103591434714,0.017720189067298008,0.03715911428689321,0.009681526080888677,0.00911102388148339,0.020376179087581037,0.011164941896993795,0.01304382102763472,0.010963207540206464,0.010208024136757454,0.005810917578105605,0.019591139608487292,0.005753339062674039,-0.030085240955135605,0.004043202921226169,0.011237452982546397,0.13835768975914692,0.007378082093653614,0.003119786270617331,0.003607436399092222,-0.00034766883699067336,0.0018158784535477082,0.09308261883563693
95.787,0.0020292763425883544,0.009105115121202925,0.009536872706709394,0.1049692709693576,0.00016639169646736317,0.013195794625794526,0.0,0.005585391177712918,0.007461575670582532,-0.003223857253403154,0.008378377255099658,0.02066187402649143,0.029885393296307742,-0.011017243336871697,0.004781623701247676,0.021370811438305527,-0.005018975236205229,0.0030808892218686717,0.0342064815013016,0.007829307519764028,-0.005594704190095069,0.017061800484910013,0.0008992990599491912,0.002791776322893366,0.019661240485457334,0.019623679462524652,0.07169619244066819,0.010755106098073414,0.001830381378327345,0.0028731410318761637,0.0012657751867077114,-0.0009496153650629766,0.12740298309467116
96.277,0.0027832359464879737,-0.00687495038532536,-0.001371342480605759,0.14623772133253762,-0.0007623565631075243,0.029928232639324943,0.0,-0.0042801397128165814,0.005660510422674294,0.016191835528586516,0.009585131434104643,0.0005784914387051089,0.0012509601767786128,0.0066891349906921865,0.0013971175560951715,0.010964678384501273,0.03501878062642843,-0.020636389062057003,0.018298508771269775,0.022831264909222052,0.014975336809866785,0.019209291763039447,0.012388060637534585,0.02280568987558823,0.004051557202329099,0.03345921055360711,-0.020407518215177015,0.034945690115208795,0.0006931556356189234,-0.0006209816065590669,0.002999655212372841,0.0018246075393793986,0.15175254646853725
96.778,0.00951296902803512,0.01049732274761519,-0.0012421892523890794,0.08310869831624994,0.0005601614904110182,0.05011044267711622,0.0,0.0005560182059670848,0.0026185465408502463,0.012035163655790024,0.018268047376726274,-0.00226030167157682,0.005181596218061886,0.011615652941687525,0.03169710309685371,0.025369349948484065,0.04882142435698964,0.04096078314857332,0.03711419664583315,0.015766133208852385,0.02622220075821066,0.008469146888588677,0.01626961294326718,0.03028043631246948,0.028744190734382637,0.026360731467539956,0.05590901102614241,0.030199288796993955,-0.0011394883897041029,0.0009020817532469236,0.0026905149094345188,0.004637469886989698,0.06678444058215548
97.278,0.010352688841569334,0.0018665975339336464,0.0069493996183681,0.04109635878619462,0.0027181802245032924,0.023373445592480054,0.0,0.009833272722116117,0.007191545667392669,0.009429804160599723,0.000855783857488161,0.010857683308185035,0.01767076641261525,0.023396377782865352,0.040575268705068994,0.03479972971861433,0.04485248188743284,0.026195978616259413,0.03158317279649984,0.021153023169978552,0.028433798512811373,0.0153320390731941,0.00881383537713789,0.017892990934962907,0.008260393013537795,0.0006713499874881584,0.028410198005735625,-0.001961726205314912,0.009995295946218659,0.0044211346386755545,0.0035878535033278818,-0.00031253457363846735,0.0582415654561212
97.778,0.00423124369516324,0.00607246247278324,0.005660058206807867,0.12374265637117698,0.0016265352266307369,0.015246094020087033,0.0,0.009781725396921065,0.003562259510077408,0.0010063357144780493,0.003885999762943498,0.018415637309934195,0.015926357270134285,0.0429292767406349,0.03668424950388232,0.03421153619257984,0.01357659576766546,0.01631711481796873,0.01944173185355355,0.01962526621719812,0.005881105504281858,0.011359539842571023,-0.0056068402381528794,-0.001738996700202473,0.029942976692904737,0.0015973151948445665,0.059827116730057014,0.011424468249459686,0.007414741411025675,0.004984638481137523,0.003555330292805699,0.003695358522608441,0.173326239289229
98.279,0.005297471833611323,0.010019731202040107,0.0049163428764790115,0.1495141223511051,0.002386653909312827,0.008345195149049462,0.0,0.008531827393605909,0.007311757118565171,0.01099209065288489,0.0015885597579495961,0.01284530060967201,0.012240702844619828,-0.0011987405781566964,0.024863781358055892,0.015790417866761927,0.0331670490072614,0.03947173334766195,0.022541533142190498,0.022857532835008295,0.02600342897417634,0.0025102892849838097,0.0027061601422758343,0.00917207004131945,0.004857323353581133,0.0001873097849761361,0.04363679431819507,0.021028462318912033,0.001811371878776313,0.0003477264968204408,0.010326194850701817,0.00037293782563525997,0.14962235322586045
98.778,0.017030723872226792,0.01269780903236929,0.001962338065967642,0.13862011206374944,0.004181539297273326,0.08411721159529315,0.0,0.009419965815282424,0.0051659393142046,0.013729484053572204,0.016073139215705697,0.0034990765954389107,0.004191123915595616,0.02469667355213476,0.017616807760209782,0.01685653309345161,0.04829100359327917,0.0178618096551048,0.033478915776258354,0.0012335118459889406,0.0453086926512852,0.02324447729660588,0.02930646404358031,0.04706641611819611,0.012208219999013514,0.08448552830072859,0.017521763205058962,0.039598495074197645,0.0017893170224670561,0.008991906393861467,0.006994303011315078,0.005560360889536214,0.13334050085301002
99.28,0.015374806540532634,0.007477041508340647,0.00157339271193982,0.08341125077816233,0.0033717005177375027,0.11208766571755864,0.0,0.0073652797984906666,0.0067199658110864615,0.019406747719555306,0.009242062777734482,0.0033905003283667265,-0.000332397513571693,0.033699734573121816,0.025903087538661045,0.0005136970415141129,0.04623822085268909,0.01061431674990565,0.050190927879240364,0.0008789005050332894,0.048807403100923796,0.005298062022567081,0.0218223661239654,0.047990795653783225,0.03424952694132,0.09664796049919488,0.05151758325815827,0.015100672608535167,0.002483230900389806,0.0007224041437324401,0.004428639749546858,0.0047959714680214155,0.0657105374038104
99.778,0.006853832790250185,0.015812170551996962,0.006961534368410338,0.018552664708829728,0.002945608798185238,0.037468783521830515,0.0,0.00037693387547462664,0.011773418827486328,0.008087026777414408,0.02033328775650576,0.01128400433680393,0.012589494100858427,0.036295848558604876,5.3922526872722096e-05,-0.007071628840928334,0.021000712310661543,0.013107208249381668,0.021769597929088474,-0.008443892911165507,0.047449649114154425,0.016408559471841437,0.010675493791436416,0.02486669555362882,0.01930149384341353,0.03928816666444301,0.0826389561955119,0.0040977981195937435,0.006470262319552107,0.006479391832514752,0.003955852995171888,0.004902084479842559,0.028755725607432673
100.277,-0.0028316612242268936,0.009932090317117307,0.010578734305256998,0.0018985174410818346,0.0017485058977110945,0.004909671718197186,0.0,0.013034899442037768,0.0029731844973157366,0.002098138099445769,0.008250553680733385,0.024025555003447302,0.03828315687312187,0.014688251326248644,0.03095244120186723,0.01112984724173233,-0.004040995251588854,0.03540501682250281,0.023847346793709416,0.008984263196190856,-0.021486792188099974,-0.003496766656374315,-0.0003607384593526468,0.021787267436986404,-0.0031350423174884693,0.008885969410141687,0.09168228336503866,-2.8838328108165275e-05,0.004628457094910552,0.0014890722334377066,0.00031268769880221886,-0.0009827061571901319,0.0011455154866098383
100.779,-0.0009318445024631127,0.01123237956440727,0.003155406597934077,0.046915729486633,0.0009622623990899856,-0.004257131374414699,0.0,-0.0045252781955561336,0.00021193979393763142,0.0061495157974480715,0.006390909072236684,0.008202584111401652,0.016464585663218925,0.0072410033463725315,0.0349949752253015,0.0003197141159121912,0.0276497786797061,-0.006189875493267971,0.020993445314701868,-0.002869609610993853,0.01797435946042102,-0.0028743203412904595,0.004477745751484278,0.03035237590674319,0.029976034749566897,-0.0014134945769795572,0.04558278256336174,0.04237332377922306,0.005649714203632083,0.0008422852736164029,0.0027006187178728164,0.0021274214757959816,0.014399926525794865
101.28,0.015689958033046368,0.0034883914482973528,0.0017355265064698804,0.06950396598757144,0.0042099413902614916,-0.037015392506541685,0.0,0.010262443011656668,0.00793027776679562,0.029495567686251313,0.008222839711158902,0.0005884529868868484,-1.0025976336875038e-05,0.03548299115142396,0.02449679527580933,0.03492643346165262,0.0514918415182904,0.023854172942548844,0.04146992165574803,0.00464661753976272,0.04228290122152136,0.020766880840742814,0.014552814432999685,0.019759985185149043,0.014027556436411698,-0.05217991711390713,0.01021252489957975,0.030588191606768612,0.0023868568331482562,0.008884155793980521,0.0054504551335120555,0.004542121294888924,0.04646539400699081
101.779,0.011887279905860026,0.011929233370617486,0.003529163946926937,0.06236542778426037,0.002739167107597073,0.020119564912359337,0.0,0.01094375913903274,0.010990622612524193,0.02211156574469811,0.004500611757629164,0.0056961527591046,0.010573174184896951,0.02950292887049461,0.035970660415849405,0.021774471555530694,0.035289516378663635,0.03153702027494163,0.023478614878128877,0.010415830626726255,0.033861204688563566,-0.0036593034494660703,0.007422061286063346,0.04327430893341202,0.026421337028148063,0.009503820410759855,0.05309423132236985,0.021910457151861858,0.004347247746408032,0.0045011936859846065,0.004638725867626467,0.005481138294130885,0.04891229417450995
102.277,0.0032815241780094115,-7.985160786169398e-05,0.005452869527777618,0.018282956592240183,0.0005127978429341508,0.03976783560219505,0.0,-0.0013571665765312647,0.0012336607646873518,3.005023574850749e-05,0.00490265898461281,0.015443149908961088,0.027463922137998253,0.017332571954945163,0.02121653721210076,0.00795357941893381,0.0221979379834473,0.025406754882509663,-0.024019116253918525,0.017106814422606385,0.020042953838905617,0.016658577856415654,-0.006174919267338639,0.019983295276565158,0.011947100056312481,0.044795493327523854,0.060963369921423365,-0.014488135823220822,0.002212783812374159,0.0007527483522320517,0.006676232683438302,0.0025579590086316087,0.011681861773866186
102.777,0.014889905076353072,0.01592520173615277,0.006643881889152894,0.06365979844117274,0.00263743682436126,0.05150983100642704,0.0,0.009752050095992637,0.0022622741673987926,0.012684811547742402,0.012140728227796731,0.014673657308386361,0.01674987498850495,0.019872720923147,0.02770633068441811,0.03906876146490393,0.029659971345107863,0.05161492773114367,0.03436287371408763,0.03332808681338461,0.016912469688210852,0.02006557846556605,0.009493664358749222,0.02386396005827423,0.022625187602145904,0.04981246294049239,0.0749450776221738,0.01990003778787662,0.007042143818010627,0.003776599063218399,0.00458801966693282,0.006685576994802068,0.028685176278438324
103.288,0.016303384573634616,3.105340305731075e-05,0.0012631357726457285,0.015248706113720156,0.002493160960282208,0.04241991285253254,0.0,-0.01005912799424049,0.00020102150651579536,0.0024885211462899056,0.0031432556670842227,0.009699636159899596,0.015042142926424683,0.021861309090792154,0.0306516428169869,0.04238892400852065,0.04254158273065017,0.03155221648745087,0.049410438266608694,0.024832242486640274,0.00983667717501525,0.032360346347683436,0.008687106774322554,0.021122262228402505,0.03375485053673496,0.034531205060232086,0.0014589248961338352,0.03909445242979025,0.0019495536544308072,0.0030308526426691424,0.003199886151254542,0.0037969760853188922,0.005584869288149036
103.78,0.020258133952377938,0.00016844048417619104,0.0020790259934485725,0.019477846503584438,0.002263095954131187,0.016251453707039443,0.0,0.010203475530958527,0.011463892015583914,0.004668808537778668,0.007651035880215654,0.006069302593054899,0.01155006255951317,0.04409365837767228,0.02504006230851246,0.022885460893270107,0.04795015655430948,0.020720654154951088,0.05542799801481844,0.018023450943695268,0.03883902927043087,0.03591985563718042,0.027798180014537367,0.03751524807855455,0.0299178891049273,0.02750968491443743,0.04816374849907291,0.017034790878555025,0.000622922669089546,0.007083759279353249,0.005609289181028753,0.005544559689510119,-0.003271830552437194
104.282,0.011595772081136959,0.012946089293262594,0.011179627373409579,-0.003858702995589622,0.003058964761455474,0.028689464651105657,0.0,0.020958765581079977,0.01358653625296833,0.008469257807180476,0.010127385540283786,0.02295319274255963,0.027385341065906312,0.039260312318084335,0.04421138147025849,0.03560345625734108,0.011716545032414784,0.001541668116631494,0.06107603941605444,1.657945012144186e-05,-0.002239890887288032,0.022783081599318175,0.009302597648932355,0.00863492182383381,0.05747021343127318,0.008774697328489157,0.0797689288661898,-0.0073339844570772285,0.009971915130977003,0.007822566803535623,0.00550845986804352,0.004718513018060289,0.008276348679042117
104.787,0.017147758104714816,0.0017812311701999291,0.012583185225232038,0.038582358970508636,0.002361665609706729,0.035543360479367424,0.0,0.03909916179244728,0.0034023522129026733,0.01089627713426955,0.02197260168711287,0.019144209694926865,0.033670274094484816,0.024093119737682592,0.025101349825622492,0.047931160856138334,-0.003908374229907975,0.02859307303735478,0.031589431416304506,0.027854609343562157,0.02445065730978563,0.030306282328734713,0.013907112370147622,0.02805797179748239,0.06235609101304827,0.021533075389736207,0.08385445201080642,-0.0011056037785097312,0.004039615884551549,0.0037678308439056557,0.009110751083913739,0.0021900356189781824,0.0577254557249526
105.285,0.012753635945972662,-0.0033605138176817186,0.007004617488078202,0.017757240314953897,0.0019053616052514143,0.031209725066561073,0.0,0.03152413886764512,0.017114619312188842,0.014901438277564995,0.0025481070727179705,0.01567615584155161,0.014555484276032014,0.03653832074100316,0.03099833093184682,0.01652662665657405,0.012597280466989087,0.028300305260554784,0.024617570021903696,0.02277549386138783,0.023243798767169956,0.024536900591468243,0.02901313871440264,0.043920304288737395,0.010500049146139247,0.010128159012569377,-0.03867402639907275,0.021175381144362435,0.0031647591602586875,0.004386105463276075,0.00187999449402298,0.001087089385029654,0.02867743851175695
105.778,0.015856250587233826,0.006812457044074478,-9.130883454604359e-05,0.0521414175030209,0.003023141700673171,0.03719298301731118,0.0,0.014793022442197707,0.012484078445515844,0.01735448470727814,-0.0021764903033484034,0.001255904709404482,-0.003705740908314682,0.003377024334465655,0.019501138910784303,0.02503454092159258,0.035468409205749375,0.027582008761633327,0.034011754492883225,0.037468599914219455,0.0631126336533287,0.016990361116124234,0.024676366015025836,0.033343735544359945,0.029410063381322817,0.05447999625550643,0.004460151712156103,0.029470224160922185,0.001820658755805114,0.0003384881646553503,0.006172248505991875,0.005588843000162589,0.0612809303509891
106.296,0.010025034792155453,0.010204226477717349,3.994715917277051e-05,0.055012452274729264,0.003935642127920213,0.05806908360135047,0.0,0.009436814984853834,0.0028415029524816665,0.020712013235287118,0.0076979006037167065,0.002252912577866599,-0.0003727576446753387,0.008625105908473598,0.012460200803868357,0.02260409732935421,0.049804111971832696,0.0027802745774959947,0.034090818430073624,0.02189863480317422,0.043936855919946595,0.009290750875676402,0.024619268287758324,0.04873551486291204,0.009746916847738245,0.06568307837464521,0.0335483991824948,0.038252711592422654,0.0074763260461166445,0.00674264897711486,0.006685844484929498,0.0026863412009534146,0.05985120934469717
106.778,0.008662516468232713,0.004445665154340431,0.012216202470641344,0.0077380779898865125,0.003721468334323691,0.04393089174945975,0.0,0.012476831854964303,0.007674346725770476,0.00780670703692992,0.008597227153188119,0.02507556596544587,0.031220082249638792,0.041299339396734316,0.01282023121576862,0.029879608171149406,0.007100321816931519,0.029786366522029005,0.016592722677858208,0.036936595488734875,-0.000591271783926336,0.012171472735338166,0.02056041080317538,0.030859675780305077,0.03878279844729935,0.033164944303313,0.059069352402829824,0.0018986047709240938,0.0065902491668433615,0.007630150179790751,0.010352271371469775,0.006797017349637834,0.018743068109346953
107.288,0.01128699963991685,0.011933198233887993,0.010620613197717461,0.03302048436572028,0.003933779886835647,0.07750131896846787,0.0,0.003319142615371258,0.007747363702999517,0.00879356714834204,0.015479834926686087,0.018127733030532795,0.024730259685169606,0.03032319307543712,0.028312268848709386,0.017966285275549852,0.02648874361186763,0.03845322311787537,-0.002548762395337334,0.022077915177646817,0.02754891844607408,0.03144947455104526,0.018332648926044227,0.015717347622814598,0.030324717900249456,0.07281428270639322,0.05215511521076128,0.02149300133806195,0.00643913146326271,0.006292887450941226,0.005795674135665077,0.008205914228162397,0.03410357081992564
107.777,0.011201520627381768,0.0075294735372726,0.0013308509071730406,0.0584511504074081,0.004159615324009963,0.01951054327703847,0.0,0.015552475185819816,0.005473808439534015,0.012720687814557248,0.007169026181880925,8.540614004372311e-05,-0.0020078165255558696,0.02898581566893515,0.00108515702950719,0.03943821284396258,0.018024049222251756,0.0081141511451706,0.012620150877276057,0.009312497740879645,0.0564386755815083,0.02235788143374944,0.031481412310128076,0.0276029669962001,-0.0036043159700404662,0.011967244157611459,0.01761620868797346,0.03452159285558518,0.0047353382803744844,0.004839529242356166,0.00607015755699879,0.00664685916758407,0.034961797001641474
108.276,0.011259471881505003,0.016017925984024687,0.005933863252819247,0.030338678204272176,0.0029379197252270115,0.035517061170052266,0.0,0.015726150317320546,0.006836142077136588,0.01200300876309927,0.005874308105052736,0.011257397283126198,0.01989389275706891,0.028348694775318335,0.002710721069422692,0.018424193086185814,0.04250843555093358,0.006104659063850581,0.031312669580738875,0.034231221058348076,0.035247724091300184,0.006858417342826955,0.01515640143943693,0.0005659633883027395,0.040182016183655286,0.033057254994163,0.09123094187283712,0.019811702694067585,0.003869873494311305,0.005236123840187318,0.0008383930659319771,0.0029017214808265664,0.04930284889366108
108.786,0.022865403834903188,0.012339555879906618,0.00734290616900953,0.02434257354665785,0.0040906322243721375,0.06897103745985333,0.0,0.005732116927163698,0.00557152840499274,0.008019980766238721,0.01792206295775509,0.016111719248636323,0.01910369692018461,0.03492200191144237,0.01831841334949668,0.029696967064914346,0.041117534468755226,0.04724925244553488,0.03628103727896891,0.041236086091206325,0.039293364339295374,0.040357354273007816,0.033048066530833864,0.049096578777878847,0.011601162463092233,0.08364757299195473,0.0483788034883566,0.012879124604001705,0.009389020500389058,0.005915510527115394,0.006349215268437216,0.003223673740145465,0.030517609014154994
109.277,0.00998238017199052,0.024608801952831657,0.009837085760970076,0.026968356202076684,0.0018396337807096651,0.041985919524063386,0.0,0.008624975443226487,-0.0013228606374918958,-0.0017064124591565709,0.02174530688487853,0.018711446905270865,0.027565477880578854,0.01621612016972347,0.025652658677276584,0.026117802065141034,0.03684085509635695,0.002536375662167476,0.022669129825454618,0.03537634013041129,0.006205465074976961,0.04028099906353571,0.0022529976759459976,0.03188340526797618,0.040792567461446404,0.04891321921310493,0.09630462460157843,0.03608630790962613,0.004254927544548,0.001810262244235342,0.006435056721759452,-0.00019243568987897347,-0.012416712638097693
109.778,0.011572925558821933,0.015034944997710542,0.0010979355346936016,0.01149009759547328,-5.859629071511067e-05,0.02043685536949784,0.0,0.007735122034437609,0.004055568804790791,0.0183026805395274,0.005029209771333493,0.0017109567849721578,0.006274739532243273,-0.004368223168075341,0.033116314843928754,0.0429818577799675,0.05067737502111816,0.04054426325364793,0.013115325874832964,-0.0022743534970023345,0.022027183999008524,0.026389166747145396,0.02268078277295352,0.013503910360332477,0.020935503518260064,0.02227741099992675,0.016407325738169328,0.05305792653254968,-0.0009907413823335796,-0.0013675818344208448,-0.0002530733520129828,0.0010357340205105828,0.002885181717723422
110.278,0.01335594652593889,0.013530253852822997,-0.002227941788838737,0.0656739159590368,0.0018352653341381715,0.04922776470290678,0.0,0.011730080317539427,0.002039431826563414,0.012115746919317568,3.4053027777490486e-05,-0.004563807853812592,0.0006735117892913509,0.02978501842214981,0.028488670137050226,-0.003932105443782861,0.028573402427622248,0.04012120272570916,0.032283450765198105,-0.00688220960534604,0.03669041107061123,0.02379685102333268,0.027917183552223224,0.03478047276017615,0.026372583940049616,0.04435311168977593,0.018300846266965154,0.04546492268838341,-0.0017667286146401085,0.005488984562193492,0.005101358505395316,0.0026213142919515697,0.043444356143921746
110.789,0.021411158199130153,0.0074825758557503785,0.0039085575085870865,0.1265393931833582,0.003637511496590773,0.08384808679929673,0.0,0.023173911143549723,0.014495999183206824,0.015768477710198885,-0.001573779961444869,0.004531836899532789,0.010211372009852126,0.038997810214623486,0.0380343358272365,0.02640456512207366,0.02727916123080816,0.019821345503755042,0.018538470994931455,0.014897222807862341,0.04476164210907018,0.024257752552183248,0.0322873949196203,0.04835545122063162,0.06096475682545211,0.08941697396583163,0.04171010990704801,0.020395595412393566,0.0026034223235392507,0.003976121632149576,0.006038636967647892,0.006365224664244197,0.10998694067450195
111.276,0.00970961278193747,0.006557212629222596,0.006780244118266133,0.06376286010784431,0.0022592477272918425,0.07126622866140186,0.0,0.0037019261090895776,0.015568277015525966,0.008522361864992457,0.00558947001580826,0.012638581023501308,0.0144554539149501,0.00695254166600843,0.02385497030430392,0.040042221694396,-0.0009693776710799761,0.038076480544656593,0.027471451375004393,0.027424146463172545,0.006903370846303924,0.02072085661783308,0.0310639544701065,0.02976938991039597,0.013997413458052037,0.059991653272741745,0.027217707475442724,0.00783212681150766,0.007457018044347476,0.0005449687251322092,0.004452251698314018,0.004439654078367027,0.07790603618256886
111.777,0.005250452760220827,0.009310648554266674,0.008323598586208486,0.04390607678744031,0.0023166793246623997,0.03889935257587219,0.0,0.0002735631076235337,0.006121015698854136,0.0039718102552567195,0.010630109334275665,0.02004359687140555,0.028698553332785124,-0.00484824202948209,0.014090501962348142,0.03249091226445539,0.010288733448754419,0.016730834660537944,0.025973317890043132,0.019207405419606093,-0.0033938344579976455,0.021500473762482864,0.020139949901386216,0.008954874213977112,0.011966927976065139,0.024816305075161145,0.0412845292357293,0.021790483383777422,0.009051796244871086,0.0039025631124461136,0.0011365542316237197,0.002739351910245772,0.028639986774657886
112.278,0.008304863031478439,-0.002703150890794098,0.005016728562207825,0.08917066997304074,0.0015846400801950552,0.07703796060205996,0.0,0.02162848913342936,0.009977694409363632,0.021068968381562633,0.011167853020979751,0.008351538989732267,0.007584242124041796,0.019826527195726088,-0.0008997168851519971,0.010578516234694621,0.02325724469182753,-0.0005324746714894434,0.04552093607404166,0.033278309643079,0.004187376436395596,0.03765502290213945,0.02494561540974685,0.02327185758725347,0.018826091914842257,0.05776590501709278,0.00788328736855956,0.019498630301201688,0.0064825820633329576,-0.000946628167570155,0.000854033572327236,0.0041010935373465215,0.06197248839076284
112.787,0.0022972718065657686,-0.008085031714127151,0.0035001685398654623,0.004587041988469838,0.001533055019458849,0.09998846454751902,0.0,0.009032125856147866,0.012779359179255314,0.01901242839070117,0.0030788890382901263,0.008898867536529348,0.004971951738107005,0.008267126415085221,0.008496006377893415,0.028365523181105304,0.009439754927678009,0.017040603928617396,0.019210732987733903,0.020301635982464216,0.013243822957671417,0.01431132166460202,0.011157575699702748,0.03393020792307295,0.0013210337211595827,0.07224889049459345,-0.021731115255522303,0.009168550593314756,0.00588657300390342,0.0035819659877014453,0.0035483999992061673,0.0025166379871936393,0.005526422828187402
113.278,0.004779714722272058,0.008821275579431548,0.0034446120506427137,0.04041935297864961,0.002368654693198403,0.06972856177770273,0.0,0.017749562783422004,0.009748828429529085,0.01911334484218069,6.061063583177288e-05,0.00858721745905053,0.006539269615624975,0.012428923241614724,0.01225663542804859,-0.0037979453004471516,0.008943445231083232,0.012892946895732007,0.014977406595082263,0.009600031178164443,0.03366095589972383,0.021143213797740933,0.02870161862422679,0.02162349489775298,0.012667612356682388,0.081528350319627,-0.005052245694272736,0.030628260462406694,0.007931094749067384,0.006265175923825731,-0.000309585176015541,0.0001330170565604023,0.05315720926926729
113.787,0.009950593480162447,0.011759800229195871,0.005357862224752218,0.1417406923711563,0.002789458270560313,0.06082081446408044,0.0,0.01455457691089259,0.005291782258421764,0.01670305685852186,0.01231986209544902,0.007403441260121604,0.000889117045799528,0.029292879389455427,0.010730149496143622,0.028413917005841036,0.02538653477857113,0.02820701791633046,-0.01974310201727601,0.01170703867860632,0.01960554449210347,0.010244505492246767,0.010480716372297095,0.035351409717420276,0.010866521312076272,0.05777361482912606,0.06226493432980494,0.010570094162576423,0.006044419596351299,0.01076592420013707,0.002192236986566293,0.00638744391979392,0.14052919903686262
114.279,0.0006086292473685523,0.014435581098881633,0.006971980939575435,0.047098323732100496,0.00016589091714026784,0.03094298669277452,0.0,0.023585290665893644,0.0027812571237533267,0.0024617546489131385,0.013505091492619777,0.016125853969955115,0.021949051433368054,0.003212372630864305,0.014679296516015048,0.014785735107057179,0.00510410306944639,0.016959879903169526,0.012403029370219242,0.028650937462825175,0.003000570392420065,0.0170908909578251,5.832638311751188e-06,0.02714730469654991,0.013212342843694264,0.02817006318205646,0.08255242347019913,0.010792417375382269,0.007495914119727612,-0.00020220028584705852,0.0005491596918351979,-0.0019301271356677086,0.0389093178606049
114.778,0.007165772564211084,0.006611907841318868,0.007335356215928069,-0.011076510738413856,0.0011644931277536312,0.0815529825327356,0.0,0.0008270392833483997,0.006857097765678438,0.011065159134030864,0.01939892699759591,0.013900518930380008,0.020550751620255003,0.0006501079247458599,0.020355043593347687,0.024959144726104325,-0.0016777993173959303,0.01913774448990087,0.029874359161741387,0.052028992446250526,0.004196499409813193,0.033620988780449154,0.0027165849807991894,0.0059488211600532215,0.021973117292007082,0.07659241032618022,0.027388626177939652,0.021248492388571596,0.0026356930132806575,0.005954249179198929,0.0007352043071607154,0.0044817638222659035,0.006390727512545925
115.278,0.006834014209075063,0.008517403522209931,0.0003227814674365925,0.044656322743706935,0.0007317549754636016,0.020756098313687934,0.0,0.004607196954190234,0.008685535047399382,0.015622607779425368,0.010749256983609708,0.0012376930180315409,0.0026173368783825555,0.03131467271374222,0.016770341974760482,0.011313938744046827,0.06706509458506538,0.008245781533463862,0.03737047672017732,0.025375046057985344,0.026439299276000607,0.004553201621987233,0.0025846171982645267,0.02172516415280821,0.014995002472223469,0.03286336003857225,0.015089714742518828,0.045404308247714346,0.005382510145909193,-0.00196212704232975,0.005668136778894253,-0.0031905305929497254,0.019052215468106346
115.78,0.008108079099185655,0.0103900411648312,-0.00040446222757079144,0.046309702274161514,1.4810773532943439e-05,-0.026022989074343278,0.0,0.008687975928142893,0.006058135025206286,0.007079223132368944,0.004391031622834047,-0.001077742965447379,0.0010649158172478645,0.024407886965796283,0.02351866657050908,-0.005964583282369949,0.018583758423939698,-0.0003293603306728554,0.042876019846250654,0.009395771128501896,0.0498593911658275,0.021415702435278076,0.020083742430007292,0.05269586214061972,0.009494415022173899,-0.027933857122984372,0.05885226354880324,0.025300058581272246,-0.0016228358439092873,0.0004340857094627905,0.003201831478111807,0.004760623690409048,0.04350631718495175
116.278,-0.0025532111476352414,0.009261082918692057,0.005665874704259482,0.050264170641564784,9.776975577151628e-05,-0.0154208219205036,0.0,0.0007447188840513853,0.006662153196058601,-0.0011449267378849258,0.014128266477306417,0.014710394380542783,0.01844172886765711,0.008255114594227602,0.005674014118541459,0.017612900680083293,0.01156311307164322,0.015316533298477096,0.022602349616304234,0.013178361917710643,0.011592604023469013,-0.014367229630407215,-0.003459378640764619,0.024202002409408594,0.0012560897914178032,-0.010841299353617015,0.09561146430377887,-0.005378732514664846,0.006150273560863237,0.0024096406852682876,-0.0019109194387524186,0.0010000295519904004,0.03674817883090367
116.776,0.01252599786562973,0.01122298855622798,0.008971442749359113,0.0713824264209083,0.0012509407724898836,0.04130538156618937,0.0,0.006780197379066895,0.0022018373587039267,0.013102985999386382,0.00891817348547555,0.017549828069602386,0.03148157098003375,0.008878024921707913,0.02905015338557302,0.016555332891749434,0.040014854127957626,0.03366295546967012,0.027173678644945194,0.056416313466381846,0.00022993902708236158,0.01449493004909282,0.010654659413458702,0.029457701013561495,0.0031379631396739028,0.03304640453241575,0.07755029478693005,0.008044620047657079,0.009992158859816911,0.0024085679832004953,0.00021646306426219075,0.0018069510581410226,0.0728545378380353
117.287,0.01214863589383008,0.024284642998538573,0.0075212403083607824,0.0581685953961733,0.0015170072994253989,0.1026354385367492,0.0,0.020461412183719937,0.0012207026534494512,0.0007768184772546652,0.009538520628530174,0.013717912712398474,0.018173152558505185,0.02034336570710148,0.024357126682429873,0.029464152940219358,0.03112887503255389,0.013158725477250855,0.027092913680358433,0.04118190007581523,0.01050263206833109,0.0349147188693724,0.013054590474570485,0.02557388613884886,0.005152183004078791,0.08816821932744957,0.09016081130627882,0.031178789390123713,0.006666393968343316,0.0076841222327346925,0.0058842752273510854,0.002823778320262846,0.0627283263325144
117.777,0.004844798229770348,-2.6836911827693244e-05,0.0003181450875351469,0.04429264168906697,0.002278849992288979,-0.021540502853758203,0.0,0.00869873365920366,0.004834376843157987,0.023928744751952842,-0.0028391009211553068,0.004656144236622859,-0.0007004421170097955,0.017050312709572135,0.016864993203573396,0.015832936342342015,0.025192187908997552,0.011750508894692988,0.00490715316845126,0.0025504295492958305,0.038971443335533484,0.02533128401987469,0.02023712138926821,0.04399476042757688,-0.01740632422158011,-0.014362696095344582,-0.01829894624382085,0.035150413352518464,0.007183011580458776,0.005936387983360315,0.0031884723586414745,0.006346333045262095,0.053349521861302145
118.277,0.008245100443181403,0.012292144161203049,0.0008691350190630009,0.032745574660837835,0.0015101453004270615,8.968414486331648e-05,0.0,0.016158428584885018,-0.00463028584897645,0.011397920127716489,0.006505451457340312,0.00542510048400499,0.0052671512972000695,0.05176353595596507,0.012688207303637898,0.0003902411457674217,0.024946368113961743,-0.01207692825353813,0.011481167887504378,0.038959182695443836,0.039680397500764776,0.0208665449332616,0.02102991302963034,0.027791694141168014,0.003872375259249499,0.01052536634284842,0.0606870949212098,0.005972046847132076,-0.0003767479591783576,0.0036817532520037172,0.006341903497098613,0.005633237226558568,0.054574511987309615
118.777,-0.0011130933440971172,0.006786162108578544,0.007719279621573599,0.040659289782152726,-0.00021380737545100258,0.019779333352794304,0.0,0.0016312769113275471,0.012740167152684244,0.010557813791470293,0.013446337663015437,0.013599314688958076,0.019449984587983957,0.007020871671078495,0.00021988232228057201,-0.0060440877915752715,0.006924633882747166,0.017241960666011906,-0.011548845440453566,0.03303261646120826,0.03209260594975089,0.0013839603142299956,2.9584913899349786e-05,0.027457590225038925,0.006922002737983952,0.01556900633767856,0.05812612704029355,0.0019732099389342403,0.003685549140065729,-0.0002879208758210422,0.0010375438838601948,0.0018411065468407247,0.05389582824417937
119.278,-0.0014166402482230285,0.002055423414328062,0.003623408192280352,0.0843725440013688,0.0011438037662401003,-0.013425589126303596,0.0,-0.008111687880128502,0.013823209296878906,0.004345912797258426,-0.00015585592071035975,0.009480974732604798,0.013391593954061346,0.003937460813659666,-0.012707575024184918,0.008569109278229962,0.020975311284239778,0.016614894857131735,0.012054268745087256,0.026536461002222622,0.017263369950364864,0.0004075121856259583,0.009520321262891995,0.0003017237853847832,0.005091911718350788,0.0013036879151891484,0.030752646513487435,0.026267175583788157,0.0012225529688312015,0.0015985137367619693,0.001408842091773951,0.007114376590869631,0.05845460945705331
119.785,0.007813786826192682,0.009150245108823682,0.0035858415417294523,0.10075269791860533,0.0004743616014798702,0.02519502410071325,0.0,0.0032090110723900726,0.00375161700044227,0.012475303942922004,0.02506137205035218,0.004253570355831966,0.00963378737832778,0.025312183447688343,0.014535208097537004,0.017202308490413248,0.03741892806717201,0.03367004092553267,0.02766584482492642,0.011293702069231725,0.018712893738108957,0.012290380604419584,0.012108511746620096,0.024423022170949875,0.013857374294756647,0.03188637741646745,0.035834350308724436,0.03612412054033298,0.0016503966169961765,0.0003247998894995742,0.0022388730682270067,0.005997672273048896,0.08231146674514245
120.278,0.013166964862835336,-0.00024807716515590146,0.0009260839269005191,0.0348955303514599,0.002096151883283258,0.06234342445497798,0.0,0.0038423010202139484,0.006080975316664299,0.009250030085337722,0.01317184196578449,0.0014640096583526364,0.00672215808164775,0.035471587669618346,0.03708219915018775,0.0020341314376612547,0.033998904648090085,0.011736979298548392,0.04271299791170968,0.014668265249376072,0.031694717263806536,-0.002886087959210346,0.028858544853100826,0.06959297109749224,0.018390024133256577,0.07087466601171223,0.03559490212821562,0.020161950297608727,0.0014828721310216194,0.00808733184513558,0.005462692661458416,0.002345851735355142,0.05492265844882879
120.779,-0.0002779799964644563,0.0018693875344172382,0.003117524111702019,0.009123494198362713,-0.00011234324852115182,0.06010485733940104,0.0,0.008259036980729212,-0.0011387675567886165,0.004347197446220324,0.01027678806532792,0.00709617284199425,0.00873391743977288,0.026025056310178915,0.019494267438980674,0.007469001485541415,-0.002545127889894368,0.007960587959482991,0.01512090746034216,0.005988114083575623,0.01890636265294564,-0.0010478884773236757,-0.008942111610122368,0.029689357231153186,0.01457254999086368,0.061548607846574545,0.059773943341599925,0.011896186335446902,0.002734556697726659,0.0035275161382979548,0.0031050382332425503,0.004641865002110421,0.00928477759232159
121.279,7.721428079289224e-05,0.007177719435206624,0.009154196337225907,0.018672863318275165,-0.00026018183674951723,0.051672049261429896,0.0,0.01281313681766534,0.00301495415283026,0.0018127685488292355,0.0003680577718983801,0.014827843047840635,0.029126787174076112,-0.01132637952598216,-0.02117477252798454,0.02355909313633491,0.008528563161995297,0.009668031519338897,0.01123192580201376,0.015358820808227477,0.021655383929972453,0.01012827774867698,0.0028502001265274498,0.03065591151400965,0.017641880097985715,0.03221929846618912,0.04980404511816756,0.010193419544760092,0.0011915281545084697,0.0027573037932136415,-1.637027471828978e-05,0.0019264581810987586,0.037878549165883804
121.781,-0.00817295034608186,0.011357335576396156,0.006329093909226195,-0.004919133455896626,1.9701648358832914e-05,0.03099994683093859,0.0,0.008608074653452593,0.00012820178979331955,-0.0014676583189397335,0.005574763820966185,0.017231401014995432,0.024692991238118467,-0.0065236471895177,0.01426832079086921,-0.0010034772319732403,-0.03285579267468038,0.0027733678968315544,0.002126684857009016,0.022166325240622866,-0.006980074914829356,-0.002087971220456906,0.00226794276252112,0.007899528651722628,0.029829461534857306,0.03937267458727575,0.09211365368896057,0.013210912480641716,0.0027884236992907533,0.005736989638098725,-0.0008594681189143122,0.001520588887720683,0.029131582611037866
122.286,0.0028769039587861196,0.014421916069373878,0.006097392926850029,0.00762035641436195,0.0029553829000908824,0.008040493236065703,0.0,0.025000897597876985,0.00801852924306984,0.008963669897595254,0.01314301366577519,0.011565206718296103,0.01564644477344975,0.008507768536769064,-0.0008795292891220904,0.02296877537644802,0.02047716726516603,0.019439892547404043,0.004160025040680286,0.008366689001557966,0.02512129982015283,0.01159431878152805,0.022676491421087904,0.0054014267985921915,0.046079537551042424,0.007340807332886305,0.007359335069470174,0.038729054887381285,0.0065031970092906365,0.00678469061262097,0.00466409747027172,0.0050649185667482,0.007904839543364458
122.786,0.013143783118238361,0.003962942962652737,0.0025946521737312505,0.08564605466306995,0.0045745559296221355,-0.0002306163725057605,0.0,0.00942529706978257,0.003679937351815043,0.019978885815527873,0.008816651743337362,0.004327507584465293,0.004521055617184348,0.032367786748952264,0.01761212579976424,0.027614352426111252,0.009427649979646813,0.028150515197648236,0.03456971667464306,0.029872553508260454,0.018276328133117466,0.013304021104256953,0.03480436366451012,0.031105423971489778,0.00011921092652493515,-0.009565718845958061,0.015930308419903758,0.028227393982830154,0.006432941234653278,0.008853071950273612,0.011216571706172905,0.005025499912834701,0.0771635930618058
123.278,0.009497720375141112,0.013635262316871344,0.008926022551254716,0.049467326364674914,0.003379200922352341,0.011290856975266815,0.0,0.018565593401530738,0.008689873646840885,0.013755705328842745,0.005675445286259784,0.009305179210407978,0.017297543222011772,0.029855050121510844,0.008139924671970094,0.025817918197862347,0.0202759514714363,0.03201889073294853,0.022987769334886627,-0.0018345607434284315,0.023324875900924337,0.014785822061396349,0.003745273759909021,0.021106711840713624,0.03804941747376639,0.014375250799975236,0.07817018801220701,0.00028738006164595207,0.0067480991393762185,0.00442911935934086,0.008524943919911664,0.009688890654914125,0.019336814914872786
123.778,0.0001969873097189242,0.010238893645512712,0.00995692289787586,0.06879124895587131,0.002964066717564043,0.05261585702311391,0.0,0.016458940167844965,0.010262020238277686,-0.0017057569966371629,0.0032183331835626064,0.021516758028751432,0.02573530598721659,0.0012867953919632206,0.012769956458529472,0.034162029957619154,-0.004083566829360777,-0.016003713711192424,0.0010759535767367089,0.03206988650660331,0.005071794887413099,0.012208561109439436,0.014433696016275656,0.02147329627377702,0.025543342595153933,0.035300526606531955,0.06277600111276335,0.0075845838146293785,0.009051726279708428,0.006315693516006417,0.010553502602485207,0.008180448705192231,0.05869751686732685
124.277,0.00070606837529442,0.004303553297567995,0.008603154721563479,-0.0037685015948437923,0.0021436695222279358,0.007820037144542455,0.0,0.005205466570944503,-0.0001030916199309227,0.007934698033652543,0.016869417274967873,0.015323097176891393,0.019075729733477414,0.005819769644535636,0.022312504509614084,0.027412415808336213,0.01701749314928484,0.025893160927884875,-0.005185150341279939,0.01639545553752783,-0.020141800911145986,0.014043466609117176,0.023078871942139298,-0.008157238570390704,0.020387689643203904,-0.0033523403533434366,0.010883578830216812,0.03700580324911553,0.00524019151764257,0.003843268289970322,0.002332221173346739,0.004487623194261474,-0.004334615287783243
124.779,0.010934148117187648,0.017382994500072736,0.0034974412439908583,0.047880105732560865,0.004294090170286005,0.05192610987432547,0.0,0.004152973794337072,0.009447671123447531,0.02167504595378648,0.005242695682553179,0.005569656199616264,0.003329500748294189,0.013317563045027228,0.02128123092323181,0.050501884344239516,0.04758377906935389,0.004391904268419172,0.007734867685299864,0.012051425149302167,0.02751247437830386,0.021920163927139778,-0.0009467194333883465,0.0125750102140801,0.015250259891171136,0.0656792811276571,0.012203676770222306,0.052228691729448586,0.0058510276048591645,0.007090614274442084,0.0030411806038617164,0.006225647426106164,0.018719052224065606
125.278,0.005998173010400735,0.008704445785508358,0.003998084563827314,-0.004489224453646969,0.0016635457432946843,0.00876085480004966,0.0,0.0023756255958761767,0.004100413727714571,0.0038005019187571645,0.010018146205103252,0.007469229909828882,0.013932422073775085,0.012593470024169108,0.011121949729520481,0.03343219761146513,0.029142324425025377,0.0011727827438419301,-0.0006049558627856575,-0.002165928925104681,0.022922269186693142,0.015288225626063594,0.01465360951811556,0.023648472303179038,0.014036862806889044,0.00751399570049723,0.07035810822484255,0.01607832108960248,0.0012904353507981975,0.003847580657276909,0.0037421082959400837,0.010336628947994295,-0.021677139626403268
125.787,0.012718264270316014,0.01824192123126761,0.01052026842767094,0.06325836082529242,0.003991543197048513,0.018314313945096895,0.0,0.008483943803153218,0.009408671210710914,0.005727867915911869,0.01639413167089675,0.015099941073742518,0.02206522991879826,0.0436395060784721,0.0018551804321800753,0.04674924580083197,0.03085766181420486,0.0006531490141568656,0.007690207418994349,0.019445121321704506,0.02181614669276518,0.03719371641465736,0.020959007969624466,0.02251788772405607,0.007779536078843135,0.01980399144564375,0.07354704591437354,0.004098113561837265,0.006781752242935028,0.005735325148817677,0.005747750489004432,0.008163959260436901,0.014979961189108208
126.278,0.008760350221267761,0.011320274785540799,0.008249514508706639,0.05623077218649472,0.001553009777606558,0.07928317651132909,0.0,0.005902302305636205,0.007737731968281524,0.005096069614569167,0.005419511728453881,0.011558204011772917,0.026944526223940567,0.007210810677149504,0.011754222037098028,0.05602948722750013,0.000214413320154343,0.00035899953564051175,0.020714264032286815,0.007847526326109267,0.015583999367859714,0.03390939310932881,0.007753502304850814,0.012578750437066194,0.023244821625343467,0.053227860738987255,0.07136138339240462,0.017327833992786524,0.003903672456634947,0.003251312819651384,0.004109635108739826,0.005181544100908384,0.02179470269959473
126.787,0.015629534069465906,0.006363546269547138,0.006386608508404181,0.031051806970252113,0.002177322721274235,0.07811598173025203,0.0,0.008425559747923432,0.0074383798035406986,0.01028824483653737,0.012550604683862656,0.011112523788461238,0.01809471244593362,0.02937964839554535,0.02717556389129065,0.037837192066741736,0.02608597719369375,0.01295142138834523,0.014900125394858969,0.021068620654918158,0.029826419522193108,0.026938094798720752,0.026855742981485194,0.029009916688450994,0.0018804163560754265,0.08257310696345391,0.036187704415924636,0.01599352594995305,0.003962701198124298,0.006691720967467025,0.007611695314194838,0.0030366507030293926,0.021509927364748695
127.278,0.011057300395713027,0.0018762856266849556,0.001527149496383513,0.09073090274484413,0.002118847890524859,0.0478092283602819,0.0,0.005270021217303678,0.0132340279349907,0.014090482542002842,0.0018762084965760599,0.002127274998946238,0.00789164687969357,0.014841569112428815,0.011777669978946833,0.05467040331523096,0.029012076533890402,0.022622504329040945,0.019850300687630416,-0.009179579594855486,0.03165306512981577,0.027205814563112846,0.04573642013780086,0.03819718808271551,0.0019207626944105808,0.053792583497682726,0.0029464168316765404,0.019126974997961635,-0.0014903961133085075,0.0026870409478470148,0.0064367143583588275,0.006596207738796142,0.08810729443115027
127.777,0.010816304653990381,0.00716748370555332,0.006011990493912497,0.031322217444976916,0.0032625211376058295,0.06464766502275512,0.0,0.015192627455354307,0.012184546369381441,0.010724171707520347,-0.0015924078116502523,0.008791088472692417,0.012807803131345582,0.012010170204550816,0.013169766792233892,0.024974819215959995,0.035086974455685045,1.2926784593104661e-05,0.025214733400558843,0.006846725949553317,0.035624366847932465,0.031541341240975504,0.028265395277730265,0.020590262627555915,0.018809603949407564,0.06118666469817333,0.04409628012711236,0.0025656799431851953,0.00561476699499064,0.0034067952175831666,0.004705691861564944,0.004109990247229665,0.05559660420358951
128.289,0.015054258735393724,0.007109502851455336,0.009672549341613523,0.04981854232249192,0.0024081440307986376,0.09068842395659732,0.0,0.011345950723511354,0.007668014320835144,0.0024468891834688415,0.018625404286406053,0.01463382815184531,0.023983659328472934,0.01633094748600721,0.015739329640752902,0.033306109596912985,0.03240240472348726,0.01570890017047398,0.042482797094367544,0.012918846619489808,0.029703733417663473,0.03766336220375563,0.015321174771947792,0.0003093042386670553,-0.00030654238249286776,0.06958576348761393,0.06214845207928972,0.005035939429970068,0.006124264733925171,0.005136207851435942,8.877905470031746e-05,0.004437944287663587,0.054036521737355146
128.777,0.008408137903508745,0.0014039606540041717,0.0052337786480843,0.028400698334417416,0.0004197808696081947,0.05926335653202618,0.0,0.005384665932310531,0.010916097133449354,0.013435312411226369,0.005873353512368822,0.008679475087550972,0.007826052241957279,0.017250890030386424,0.01180566349966938,0.04119995314450327,0.004412427070713155,0.011218368136702173,-0.021642682982404807,0.004557840953051468,0.01564311409172595,0.03445940227840668,0.020752696464667927,0.02895968402701128,-0.00697591911893192,0.06039758414514114,0.014662252621193727,0.023713900670915278,0.005538640803875893,0.0062089844785256105,0.0022504511040622385,-2.129406254408559e-05,0.03476102636950766
129.278,0.015123302230355861,0.00658657248170208,0.001866863094074703,0.11421332697282487,0.0021068738508940254,0.04444396402473445,0.0,0.005502360858532857,0.01078303345942574,0.009917217149164628,0.011205407635129954,0.0031139181419574226,0.0005688682419259966,0.03091042886291546,0.012409729093645858,0.02737305277696108,0.028820303118535097,0.023573041982037923,0.022335819015481553,-0.008800664161604181,0.030580748554335787,0.05408608638157031,0.025251790922762456,0.0342792504882166,-0.00196357463902961,0.033901779112196585,-0.006705038070662682,0.02593474604486017,0.005690418479043886,0.006824059853351331,0.004862773358706534,0.0011279441883576611,0.09798631841139051
129.788,0.014395259917749483,0.0034532866171497743,0.0021011348091415556,0.04274880288674793,0.0037262517775107484,0.009939913168777837,0.0,0.0005195056363700766,-6.343306779294343e-05,0.02521077574535812,0.009650684023142475,-0.00036221697580380435,0.007017079839635591,0.019105975662081245,0.030291186882780697,0.0243437848122715,0.01951678129209368,0.03411044688934635,0.005368300770728896,0.029244105482194374,0.029890191819929645,0.009299011965822564,0.03831514740717513,0.02724341636335265,0.00960933476858029,0.016577096928091572,0.03489596588723373,0.02125792154880448,0.006763552348714119,0.010431049844777827,0.004688808543115945,0.005052539993370861,0.03360244305126403
130.278,0.002195060858258765,0.011426758774752991,0.005411963498023583,0.045978245473581425,0.001266606398375033,0.022237002105746306,0.0,0.0035201734397302445,-0.0010316076124969773,0.005521542783661415,0.006498996935859072,0.0130343392995126,0.02144442417550153,0.004585959848370739,-0.004238099954901551,0.03788675941712711,0.003138612859201498,0.029942124732294503,0.01749046921419919,0.006975036562008038,0.013439319395728571,0.016378221520264937,0.010503924902992649,0.012378402577736383,0.00775226258818173,0.029432405059430074,0.0778991001631663,-0.012255440488453076,0.002717765748552213,0.004891581467166929,0.00491596199243229,0.0022314158667370494,0.02843557477222289
130.777,0.009215003518699923,0.02501932687761545,0.011368577275484895,0.058582860429375855,0.0020149603298003763,0.12041924116726918,0.0,0.012941731856625425,0.007398325827080897,0.00022323746411371322,0.016890184813469378,0.016324872864440426,0.02818965108804046,0.012873978919288676,0.015362760684243061,0.028890143461097615,0.025458899919610853,0.02402521345184598,0.022198298895012018,0.01586435519000102,0.012166986883614905,0.018550946984622826,0.022111119801667935,-0.0007092614887402285,-0.00014332384852069313,0.12058539503519462,0.08546122229793233,0.035802661643718425,0.0056420597371708075,0.007428330176511292,0.0008584581104028293,0.006342421333636403,0.06420002958287102
131.288,0.009419989039234232,0.013933310310055493,0.008114571472942847,0.018041168561164268,0.0017554276998000544,0.0973103481073439,0.0,0.007803104064170878,0.008188600086326893,0.010180757221379165,0.019103839674754656,0.010865643955137175,0.016099407680976077,0.022169127451737127,0.01236133271952835,0.045815668511147385,0.014476319524992214,0.023582044239645817,0.0073885962715908105,0.0005920304462841748,0.02706558570915027,0.0030698466943740446,0.02001276771764212,0.012186529835241156,0.043110350387182354,0.1114933958834499,0.037479230414254126,0.019951091109699504,-0.0003498348592961011,0.00992510887938563,0.004966161227556888,0.0032889158475690686,-0.008330976566421736
131.778,0.016220048489137787,0.017754328481255004,0.006681457607743241,0.11177283394005422,0.0022333862069476595,0.10477097845987537,0.0,0.013122831770734363,0.020346679869819095,0.02665664494809874,0.010201681049523076,0.005838774984949866,0.003416001934978106,0.02063271478643313,0.012761333428630802,0.01992443252435281,0.038455998094386726,0.019877364201438905,0.019537735184453627,0.012248771464182054,0.027027709507280184,0.012609152212428015,0.030945595599241284,0.03396203413429208,0.0022728425772056853,0.09750224206258802,0.01613160108537432,0.048161903469886386,0.005332516148310752,0.005878907065404198,0.005420125502326441,0.0006278596971754379,0.08436748448587357
132.278,0.006297995080362467,0.014586457875171483,0.004005326196890905,0.043344195757799166,0.0019257920122487612,0.05520474331278815,0.0,0.013334654230438486,0.0021453487756917466,0.021788004949228876,0.017524005794648977,0.0012750386218144147,0.006323095086060747,0.010694548107238043,-0.017571615571469277,0.004443725656797969,0.03183462927828226,0.013052292727718084,0.026615765057303467,0.024316094485269328,0.027583837652305727,-0.0019799544078925604,0.03295500337337266,0.013745020493178415,0.009327349938647613,0.04050643442797545,0.09258268454181928,0.022291739587556574,0.004621674674626667,0.005002643387850472,0.0005675495486571342,0.005112038963170999,0.05088882283691865
132.777,0.009497078798047589,0.01245900159791808,0.011660850121469444,0.07274568875890836,0.002776760558934285,0.10773702797624575,0.0,0.022472276663415173,0.01145642726325764,0.006011512687249963,0.022559074414450174,0.015151643377480324,0.024180449298514393,-0.008556339273229305,0.016833509886270283,0.03585787985743708,0.027492007566718702,0.018220584402464893,0.042681009878789186,0.024374031661557143,0.03239800539660988,0.0015869169130646257,0.011672458727064428,-0.0031541701109150675,0.033089838085222964,0.10331270424047544,0.07229867662391262,-0.004912946060005733,0.004480908318169175,0.0022661723473749126,0.006691237653520601,0.004359440846589851,0.07645584632004684
133.288,0.009328315203826458,0.002965789621565201,0.010465788010484757,-0.023863961145117362,0.000854266261718273,0.05364871173673357,0.0,0.011012722348111107,0.010000177350845945,0.010395624504661338,0.010956278204967536,0.014894681243678827,0.021325861297946214,0.013462507854707,0.004965906916212481,0.017125338723912514,0.04525112199310879,0.019677157886503982,0.04918873672835354,0.032268407064239085,0.00441713141109076,0.00630813464564604,0.012437415589077029,0.014026219793491423,0.033428640877960825,0.054910073214189906,0.05430960121603411,-0.0031752865868141297,0.00384339157290707,-3.355782939790332e-05,0.007099852094803853,-0.0012526739726365823,-0.017710278012021494
133.777,0.013879913591739802,0.006598491487027385,0.0072612422977123454,0.05030710841626174,0.003277336281046381,0.06984917148269609,0.0,0.010103556225896895,0.014203442951932451,0.011443077631346204,0.023923843015809458,0.005800977038846914,0.014569203688928068,0.004263703530714341,0.028616571528665376,0.0428878314266674,0.045722752291458856,0.007782023531137577,0.02732193764108039,0.02221589971080922,0.014415052751576023,0.02327363616227892,0.009728279498824646,-0.008054576965157047,0.04332552710556387,0.08442314727304438,0.026850572076126435,0.01661217875347425,0.006599150391965992,0.006912395388103964,0.004964877496687524,0.0027483839269727014,0.04005046221743328
134.279,0.02296023221066995,0.0015689596907845515,0.003126075478714939,0.05939439003760963,0.0016173042291807418,0.02373955305487792,0.0,0.01780043632393659,0.002465897548944881,0.01773398024197644,0.012094294920773135,0.0017357822079961732,0.0020335094103629187,0.05265188287005922,0.020482584260788316,0.02429517699192663,0.03633669840464101,0.005069738803782309,0.05409635176656482,0.022425726984538492,0.026666908399211636,0.02307762467297234,0.03867779085927834,0.030736632636026495,0.01791607151005296,0.047754720936735634,0.02146640766467078,0.014429884987339804,0.002668205270278603,0.001174552758334632,0.00307383587963189,0.004171868041521317,0.04816457967432575
134.778,0.01743174454532196,0.00784999051312555,0.007234218573002101,0.06936769800470395,0.0018780705992657615,0.0768011463589415,0.0,0.021883600396128005,0.0024418417159457373,0.01498287167130293,0.021258550858955182,0.008547642044978909,0.01442611312133196,0.01788343818280583,0.004444691918145397,0.030131832067064837,0.018361699450488645,0.018489014440395527,0.06046403678873168,0.02719245487966782,0.028928644776710432,0.024602687934428432,0.019524852473215115,0.02871338118826674,0.026988668602902156,0.07120208720021075,0.06031934549956891,0.0014999128901287343,0.002084991772774323,0.004307700352245397,0.003749827779011955,0.0038594098374506937,0.0561948971466093
135.278,0.022066848862168312,0.011544061870908244,0.008600758501944996,0.03379637890728281,0.0011399242583123505,0.0872067500399857,0.0,0.031886836447136926,0.009684023484393971,0.004312742397062498,0.010717239840498596,0.015611475197711552,0.011670962494179564,0.03155150063795073,0.03180745636791372,0.02731411743146359,0.04811837690913069,0.011748453704724727,0.03037053069680145,0.045409255130607645,0.01675024622978442,0.050142438530167394,0.03638467155673286,0.0280056908331978,0.009319474700935209,0.08142587156919034,0.04101946889474996,0.007006161779861892,0.0025307033223316115,0.005913959680329818,-0.0002974888688182323,-0.0012168639974900323,0.044217028018452065
135.778,0.015158098440194308,-0.0015161265631849325,0.006413002186561749,0.04254151435719518,0.0002736368062884534,0.0625842634521837,0.0,0.014410038080415003,0.006752700658163275,0.0055849050647102366,0.023697937327716547,0.010555137867208434,0.017185120313979035,0.014554411517314373,0.02697845005018839,0.00479426743082979,0.024411346192376306,0.003931626489403652,0.02791918667283014,0.02233795687793834,0.015899595462614737,0.03596877163112201,0.0071515808722571565,0.02653552129778024,0.05011345011931613,0.05270292985274083,0.03654200839407464,0.009665926571995418,0.001220036804274656,0.0001891606180698287,0.0015793387466656126,0.00315295075059619,0.02704095312503681
136.279,0.02632136581935024,0.011484374014350537,0.008374266897452996,0.05456638549814064,0.002979103787228273,0.13234769549015718,0.0,0.02883576401826968,0.014000517996674292,0.012396289416075902,0.026173249118833505,0.011372571591451268,0.006339232985830169,0.03792486004573178,0.04015361690805414,0.020532737327735816,0.05633627228411445,0.037802629629711995,0.06998837791061191,0.038399916818735245,0.021072566584385163,0.028181008591317475,0.027300941800455676,0.02589728126002981,0.03546777386372159,0.12377902378159181,0.042813899621640644,0.03502077505295961,0.002603896470103047,0.0051236599777672665,0.0021997146830377507,0.003614215924769441,0.07017479343374762
136.778,0.02652467270789028,0.008161169792344882,0.002262177948375418,0.06228959373954295,0.002987042291467604,0.03525088943816151,0.0,0.00841661126266254,0.0099853350800038,0.0199175490878316,0.006261388061296339,0.00713985276401427,-0.00143127383433905,0.04067727318351366,0.04301263679786918,0.029618765487660344,0.0433949612445688,0.03423660349838846,0.04721763075412333,0.033970723042831365,0.04254377576843473,0.01820485028980341,0.012012412109262047,0.0441666454776059,0.045941063361828564,0.05255343309699414,0.019102018288647916,0.030615794984070962,0.0008644196342689385,0.0071473384996010745,0.0025698256043343672,0.006636314964407783,0.05099692224232497
137.285,0.024520832742173954,0.004882948872225689,1.17059519585399e-07,-0.008447634298602905,0.0026052035545945105,0.07111233511411308,0.0,0.01161518357679922,0.005974448139109944,0.015553382043836456,0.0056259995845470605,0.0028023483728979734,-0.007454436383055602,0.05822528727921994,0.018890448539436663,0.023766284025276103,0.05191729717372575,0.021519443805088547,0.03936561137793305,0.02723032134760725,0.029625092202779656,0.03805238602772783,0.043773895503895745,0.045775851464655536,0.038669024147886706,0.07230671957509976,0.044304818111427155,0.012725337301400361,0.006447680467175143,0.005854175843049822,0.0021440192213403814,-0.0003877235648308478,0.004412795110559315
137.778,0.004877368869534852,0.006832217645290356,0.006300321518020771,0.004101689669356323,0.00037245274287436457,0.07754794344777913,0.0,0.0103017896077126,0.0037050721766321076,-0.003609336942118527,0.009352568978932356,0.013616620221764525,0.01724000226690069,0.006107816285252498,0.016495310866467647,0.015519384558368038,0.01744699714379453,0.02380169088944307,0.006848093119780357,0.032005576058634765,0.0021342295999724056,0.03071450012461474,0.016531165140198912,0.004385487319251485,0.04193507258601549,0.07241993214286285,0.04305403751066171,0.00342378715516496,0.0013212209797809262,0.0044694794053805375,-0.0020602942223230244,0.003455785120223273,0.015024846981375958
138.279,0.02497442965603313,0.015089460757484506,0.007676137505838647,0.08925598498684424,0.002888414366121433,0.05143916221692098,0.0,0.030478648218541744,0.008841549751073364,0.010436945620191679,0.004644522345109579,0.014021029103997487,0.0163969581665841,0.04784374035165146,0.05334975853339872,0.019432603230508497,0.06172736212437257,0.057758798502782344,0.03991093904472871,0.038116858215698754,0.014963678583828683,0.026651168782470182,0.030624124470020636,0.007077254771212919,0.05095327414274428,0.05913736446510169,0.05436924435177721,0.0077511165178815134,0.005685938613683226,0.008797032360026663,0.0027945298637683065,0.003260633911932852,0.0744620120707265
138.779,0.015293626751389016,-0.0006832984301889654,0.004546539950020541,0.029540719086875583,0.0013690650920511506,0.06313679117859851,0.0,0.007177636574628011,0.006714992819200843,0.020259253603433374,0.006277623710089699,0.004486717513295803,0.0060345130881818395,0.008844507875733801,0.011516339169304566,0.03267882201838207,0.040098592607683975,0.016528089917332473,0.035309910327325576,0.021942428294866544,0.016132533143436077,0.021078735490614484,0.022415757230539166,0.0392608563237808,0.0568797931034793,0.07918963422418093,-0.015846904767089227,0.023868016539516146,0.0017718958008070026,0.004479014917081579,0.003488638514485296,0.0030930580895137767,0.02600400023850219
139.281,0.020652715913440936,0.006595028822171563,0.003234509025756397,0.05340287979208453,0.0012844191614915582,0.09496165411659349,0.0,0.022287022723514956,0.015526900292019342,0.01776228796326539,0.014351918077131327,0.000568277379410239,0.0017554219202019828,0.03959441100789436,0.03212224368327708,0.01443025845426006,0.07633123444953052,0.03969689889840625,0.0731879091971559,0.014242551585398062,0.016212713146349037,0.021310261240642905,0.003787477495230931,0.03386356857225225,0.06020572633374828,0.08693677407473889,-0.0015330859402188125,0.030239222145787868,0.0011824409355143553,0.005271718077666109,0.00022805660573595887,0.0037108001775212835,0.04462558913929961
139.783,0.02579436075006335,0.011401166334926324,0.00023885143883247605,0.008906231155293789,0.0014492863400950072,0.08627806108905176,0.0,0.008093724803970546,0.011384212717630151,0.008640776563120608,-0.0006048413092872884,-0.0012549816914421046,0.006233202510825227,0.027405365797052807,0.023998237907865257,0.022028375163541076,0.06401438543753368,0.046210326317096276,0.0723180010326112,0.026250701586381594,0.03320446582948261,0.04497600123282133,0.022284006374483186,0.030477479230531304,0.05276188204973545,0.07917112168124753,0.028518291833616375,0.012977282832382413,0.00213844800976049,0.00546380919407474,0.004102863872312317,-0.00012568687599851409,0.027378938275780352
140.285,0.008515366144191737,0.007409952465366198,0.007110087505474312,0.015313227103550677,0.0014639170404139835,0.026546586064058353,0.0,0.017924592570221533,0.007784596404334742,0.008376251018844899,0.006175568114673237,0.01620790620303382,0.01744644836245096,0.004707406595752662,0.020897116317463504,0.028245136040830544,0.03682632582014216,0.03754524117735443,0.01674896707819224,0.011408386409178397,0.018376661953159495,0.02215405105656015,-0.0034783415933864973,0.02986639500297858,0.051235047311487474,0.028806165165846415,0.043285237255351994,0.005847016049501341,0.0016705298961487225,0.003158014581157814,0.0028936347376118097,0.0004963486999179631,0.01678764267444399
140.778,0.0048140113531017,0.009701060901801718,0.002049815170464298,-0.029101103857675895,-0.0008400484304262236,0.06750772460347808,0.0,0.005071318130827025,-0.000958931460387688,0.0036393686334287023,0.008821519569750002,0.005700420481739253,0.01651032034038907,0.0091282514379977,0.0406108895458555,0.03523963118451548,0.017637642668098915,0.013850580119410384,0.0034446019776047834,0.019124906125176065,0.008149366462371535,0.030891734023827864,-0.01626887678091657,-0.005203215047421252,0.00796885945368797,0.06841652084099109,0.03138822739589478,0.0368994936449921,0.0034532759578318594,0.004721859022820785,9.589883885857103e-05,0.005676735976479801,-0.020463229864734263
141.279,0.010816114628075071,0.012000321234851924,-0.0031253661240851615,0.06307425812132304,0.0005821212020770707,0.054807836313598375,0.0,0.007533131721691159,0.004465491007412288,0.006996529404704201,0.011093659091458583,-0.0015952687917452461,-0.003307440027038961,0.020611209162686307,0.021030796092142225,0.007518778320477384,0.029998418729176062,0.017698414352015662,0.019047033186521147,0.027674232538216822,0.025114294180476872,0.008472799330518983,0.0162145334538993,0.034084817340385584,0.051615762830770275,0.050629528352455336,0.01447141319620135,0.03788769401205698,-0.0018313618612890482,0.004262402068344011,0.00342886430722307,0.0011206617783045263,0.06686872646246196
141.778,0.01418837926103457,0.014314951109270259,1.3505603719788e-05,0.055260515259421425,-0.00017108861971032715,0.014697033769293915,0.0,-0.00271681141097781,-1.876208027143835e-05,0.02126310607274768,0.001976844826963195,-0.0006846886768722253,0.003692847343881605,0.010797733233820583,0.01700430827377325,0.034833910505365905,0.021511990889376543,0.020639177348238325,0.020510558016254187,0.025969949263157148,0.01873714034306799,0.03724688570261748,0.022201107908102355,0.03174058433296699,0.046914117862158794,-0.005316417431142033,0.06158197240714789,0.030215139126613978,0.0038453974474968395,-0.00025144139601407617,0.001478638220820183,0.005220143630131387,0.048216519756544
142.277,0.0042712340114081345,0.007329447821522107,0.003963492404911122,0.022630030672784362,0.0007883659502840219,0.03578692248949301,0.0,0.001078976913396485,0.005913858488847418,0.008917572846702387,-0.0025620467611207186,0.011900281595116536,0.018119709578139208,0.014907070952197825,0.018495070783817773,0.0211877157773098,0.018059163722563675,0.02241944611728452,0.023894646769343136,0.008680430813532843,0.009540957526934757,-0.010536272932163745,0.008646307766664538,0.008461928414988626,0.02947610006738977,0.020924087698426644,0.03546013737361584,0.004562304927089578,0.002158416007730839,0.005484233834913305,0.0017631622324068182,0.003037962234073237,0.014541721098747962
142.787,0.006823490156393082,0.0036077981694241567,0.0035377687931369486,0.07279188968891594,0.0006164876319876329,0.022168407523159364,0.0,0.015648610273602922,0.0001286075833634318,-0.0075521437143808495,-0.0017100664162110562,0.008694601604361927,0.012024478423662445,0.012032129558150155,0.0210786918871655,0.017216494590630196,-0.008164711613655935,0.026159104929150242,0.0012186922466911408,0.027921461666477403,0.016527630008509195,0.04259691072628972,0.02186666742253561,0.02593128461781578,0.023454348456171215,0.038865913203097124,0.03101840404134251,-0.003310833213829002,-0.0009245744512009472,0.00565101983659398,0.002658488472367895,0.00385778560043043,0.07278813736993538
143.277,0.006949713813910233,0.012322414291285529,0.005468663974162278,0.0409557586221951,-0.0007939848831323428,0.029585477118495407,0.0,0.017129705296425702,0.010736530787223567,0.009278184038017596,0.0018655997339315003,0.008051427684328814,0.024973696697791543,-0.00170839244780923,0.04266110403124849,0.03418681545647603,0.003174084780405733,0.0056094379884864005,-0.0017313977921234196,0.0330389157663516,-0.0005848232980139572,0.020259043193536087,-0.006584755531057877,0.041694674204597326,0.0287556092717377,0.04383858101458057,0.025779490527677803,0.02734754883956355,-0.002188514132395719,-0.0009253493012156452,0.0011641224678882493,0.0006608078099579231,0.04098984813081191
143.778,0.007740377133401773,0.0006365075423870317,-4.321839885586437e-05,0.09583781271927866,0.0002767984793084545,0.0009399086953352838,0.0,0.00408941604589632,0.005720237435143052,0.012921994950656648,0.0012527523451547737,0.0001222139083687999,0.0028029767483338476,0.015682634291795304,0.027918211018960273,0.0023749930479013965,0.02066304821237795,0.011108005330322527,0.015771086230289305,0.017915513450051226,0.009722375737154261,0.012553556979037154,0.03289099368359887,0.03405099697824175,-0.004337574163811003,0.00959834653468924,0.012822423200277521,0.023036719718475825,0.0007202874274125484,0.004573778201229883,0.00013892929177254068,0.00011120564548611004,0.06394484392750334
144.278,0.01099525729190992,0.006495706693168961,0.0013306853706675946,0.07592299495768327,0.0012817500473407757,0.0009256803076732668,0.0,0.00018285831177476168,0.011929301488341053,0.015949326029496138,0.007586248314812719,0.005336471251929432,0.003951585029102591,0.00817660016552457,0.036798912443645776,0.009364799811099556,0.011580481554210858,0.011013996111483555,0.03366939502321461,0.02011814530378385,0.014427501113205812,0.025255383532301667,0.02813999826089761,0.03150956557896498,0.007565597429141545,0.0070025357040013345,0.0038946032490751515,0.03876937116232992,0.0019737299452617604,0.0016040251320686794,0.003422718859547663,0.006058448152191075,0.05570603780601976
144.777,0.0003788641104019974,-0.002811627418808849,-0.0018642653240227296,0.03961848000124775,-0.0007831671455769514,0.02178913112151806,0.0,-0.0005224250251400029,-0.001725465728457672,0.0033846438303246846,-0.00022408656588997414,8.26526681446419e-05,0.005529134494864103,0.005955018089213623,0.01788318473929911,-0.022205438747704136,0.0024708987664199314,0.0014924955204113233,-0.0006104335036855882,0.007900896827722279,0.011179561793683122,0.015342765332384186,0.001412678037452312,0.005904586293552695,0.023280711488457916,0.022463744279018368,0.0013786532694816918,0.008358315786045793,0.0023383732052436987,-0.0004976099169646209,-0.0006227069806084165,0.0011070083988494236,0.04338354880968466
145.288,0.0028561469086154268,0.009552978317048481,0.001436008973750808,0.03743439751473299,-0.00040305576628923826,-0.02489998282992897,0.0,0.014686332560713543,0.008052248907913905,0.004460735679353686,0.004350061523005046,0.0032373781867092253,0.009759529607383983,0.012620992100424893,0.02887086524348918,-0.0037077113469327068,0.00894924481958646,-0.0009920695635419997,-0.0030885255271290765,0.013330956624246437,0.0029027532410220557,0.026709773308688314,0.017636251227867543,0.0498126054700095,0.02837059904097267,-0.027883337053161452,0.015170203621539737,0.01866596413655739,0.0044188101785352825,0.00013462046392531053,0.004424001578006258,0.0006759488472710361,0.024762548383168884
145.777,0.00486057485435778,0.01201108183897542,0.006346579995413111,0.11543896461586708,5.9882041412299676e-05,-0.0003375698094405617,0.0,0.005762056577274414,0.010578607755623089,0.0007627873899061492,0.005212809862182012,0.014018734879343806,0.022424343374266523,0.012353335352183371,0.04804241946811837,0.0003969562855547584,0.01061477463250297,0.03037497477680153,0.030224819085830423,0.01599640838399792,-0.0033562843902599704,0.033880079071542876,0.0157824904324733,0.014222959169099228,0.009857671043796513,0.012747828263437778,0.03263643249633697,0.021083356059817045,0.002148406475947032,-0.002300460253995215,0.0029990205731248274,0.0050387535749539525,0.09273060379173355
146.278,0.011999400122779485,0.01381580075181445,0.0018009420253895546,0.1255141771454978,0.0018083771561617566,0.02218827740158592,0.0,0.010567116133658457,0.0008137347923215695,0.004308895736749391,0.010873389544522924,0.0052386602743268035,0.010732910265067364,0.011004112425967752,0.019973851228089975,0.020098091522640794,0.0273452523820425,0.017273058713760833,0.030453025197543948,0.020057621009864524,0.02548539770866613,0.02382662797802995,0.008923929971038642,0.027104744702097297,0.018101263888814292,0.004581999271517407,0.03768048262624398,0.03311787028608879,0.0019433850527345597,0.007073100643153579,0.0033452335739185554,0.0021246102550754402,0.10750668498479281
146.777,-0.0003782280082556912,-0.002293578914243953,-0.003938182254089803,0.05133195779314729,0.0017389759389612848,-0.0329565398730399,0.0,-0.0012829919445895342,0.005397700822214697,0.007735816545897974,-0.003456513099113773,0.0009724323013862702,-0.00022002878720053868,0.006240468545836005,0.03301881265749961,0.014037539719198992,-0.027838383408219182,0.0031136904067050517,0.009058818049909947,-0.019769416531148973,0.007878435886530588,0.019142700889910186,0.019131875280529884,-0.010129321104738846,0.02380340485912063,-0.05690093814777052,-0.0099281149584689,0.01375407336082314,0.0012349131487228234,0.003565589038336725,0.0037620893788092875,0.007727412202708064,0.03037648807205562
147.288,0.012485289430542943,0.00831597274957243,0.003177406308459378,0.07743962617758783,0.0041541496427296015,0.10197236819157597,0.0,0.026428680276220924,0.005790691604893784,0.017491826810608842,0.010157161215236535,0.0032177470228507005,0.005920809448140654,0.02711262848760778,0.008592906726918459,0.00804746635245008,0.03520834635783747,0.02866043489946865,0.014643354471815168,0.018342980025466665,0.01451143380568365,0.019095783902249485,0.01953881730569942,0.010737333608679952,0.03206243764868677,0.08256259969130214,0.012588142504019162,0.02684110593836977,0.004993898164945724,0.00776075924960649,0.003491952126659436,0.005036830425650619,0.07843630780438238
147.778,0.011322719444359003,0.015272568339407452,0.008055744604859931,0.1054577380999849,0.0034187730848130164,0.07042712391982525,0.0,0.01262657752859047,0.004676647664866154,-0.00038962631604798136,0.0078677605089151,0.014667092506497033,0.022362982238553902,0.00387360494109236,0.015821548694256744,0.021374016689773106,-0.006502657926440919,0.034898656435923936,0.059331391463271065,0.022650668951505106,-0.0003039001454583033,0.01797635457454335,0.03319410203853827,0.03914537367222586,0.02087165117831249,0.06157533889690885,0.0887355886708501,0.011575267544451076,0.007643484031241358,0.0033604189044510943,0.0046735098947324,0.005295473570144488,0.10544932316627711
148.276,0.008342665219663545,0.014438607114310642,0.007097452873215894,0.016898672877764365,0.0024659935306309225,-0.019367438869839715,0.0,0.0031718169369449145,0.0012605705425644347,0.0031282279023223626,0.006681290301990874,0.015231638623848952,0.027616897444648535,0.017368031565814186,0.015590908072591137,0.01213216516700929,0.013550953981563174,0.02126502327681636,0.008630502520472715,0.02484339928736045,0.008628084922353783,0.034831005005755866,0.011228108393410045,0.003296685201778552,0.014113517857147734,-0.03429621116010081,0.031742551836452144,0.022187739476984387,0.005908827096199469,0.01128818436322493,0.0010922103203440472,0.0011592742643414845,0.014892227581505173
148.787,0.01133059824953063,0.007090896824732065,0.007255065452731507,0.03520288546850932,0.003412968376503447,0.028717614253028396,0.0,0.007400643116715861,0.007445338013812523,0.009424871152662696,0.011962802772425325,0.012116625596424726,0.019893213922759015,0.010879405222341208,0.02476063496826467,0.00266866583055475,0.026820979220577187,0.02158025575489547,0.04512820583332283,0.033606833595869905,0.010659006922386966,0.020481130159538303,0.02211352996072608,0.021170929577418184,0.04119366455046337,0.015174945673151075,0.026936004640437092,0.027629242860428737,0.004601029093365857,0.004899986781226814,0.006958728569265416,0.008417258632803869,0.008170007266911857
149.278,0.017180057613633996,0.014363830235672413,0.0036317530687524583,0.07344005908060566,0.003300295797419861,0.004304923802094842,0.0,0.0044984233855004,0.011595297394905042,0.015101521890136173,0.012923258070918268,0.007456129809140088,0.00027309029628831775,0.03588109138049427,0.028312612501422085,0.025818319257296676,0.036392850996726844,0.005858509631394719,0.03231558568145305,0.021970038802374928,0.028168004967985435,0.02377382048952426,0.011392002932335624,0.040272538613264464,0.034934870621355626,0.012556819010698082,0.03734487670677729,0.015026558426914893,0.0020017626289143514,0.0023485642459705296,0.0012789319001830176,0.008284445348338443,0.031150410400051044
149.777,0.007974660207961337,0.01926341759559606,0.009904798040759277,0.043611349084136816,0.004083280690996544,0.04125216807354791,0.0,0.013006281440670552,0.006052611441289128,0.010625157846684373,0.009667255919235788,0.02023274032988335,0.022770352719628916,-0.0003773926946417226,0.03430386914072338,0.010868875111092061,0.016602223746223048,0.01623547491416841,0.016406832379264644,0.019323815262100065,0.01842965933617304,0.01410213237181047,0.023851513009466533,0.021789356694365568,0.019246180233466532,0.013503599385512054,0.05536288810562429,0.0017612492171308137,0.0052522879072723,0.006617132956223624,0.005021478065898346,0.0049359996581550625,0.03924746293882496
150.278,0.008318486418460775,0.018584336729919475,0.010839902762914171,0.016057896892229626,0.003980309420628775,0.07530004276918638,0.0,0.011276158244157872,0.01128175351485468,0.013343476054607142,0.014277992010283914,0.018660796184764194,0.023973862752067848,0.002089791514989217,0.017975309283050588,0.03265223614851668,0.011059836983627787,0.02935484063224404,0.038186452992477506,0.03102519161348746,-0.005063365922808449,0.014593191667502075,0.002549809888019853,0.040707315351480235,0.029254159843562125,0.06772382237122158,0.057118647278660804,0.02041915876218319,0.008686797835132074,0.008169793739850146,0.0064133289254654745,0.006617560917341152,0.015458333321494834
150.778,0.012596033269335049,0.005221776440575912,0.006622618379824874,0.009885410708321213,0.0037063256693756676,0.10075795226645742,0.0,0.012830223823541091,0.009028689756994761,0.014345840405617646,0.003053937679084613,0.011364174857544257,0.011892853200997472,0.022504507928840897,0.03013081622441965,0.008115265335124114,0.020840979319723243,0.0031861766054444964,0.055149398424800995,0.013822638555615085,-0.008239272375050772,0.03942877503261394,0.018980076963464095,0.022149422267024255,0.035640137887637424,0.07088207568396829,0.024669269820224757,0.014694024295845761,0.005627863673709783,0.005844880959399451,0.0052341217294721775,0.0037119462570637746,0.02100644940437619
151.278,0.024327159687666258,0.012708697668526043,0.005215913769481311,0.04131203177631205,0.005371540776023141,0.137716953980296,0.0,0.009402543227558147,0.011699122488494655,0.024181895192214507,0.009697589761993855,0.008599055583334058,0.012242761491957141,0.016369053624470872,0.031963506439345014,0.0272243021696711,0.06318606232735481,0.02802976579952695,0.026993021662513928,0.006462271341286791,0.04125757197642894,0.023889225341509154,0.030008969389032292,0.04687660223568445,0.04241559757139932,0.10789740268644014,-0.008308680254341283,0.023833370882917735,0.010477305691924725,0.006087175986908264,0.007422535091226617,0.0073129215756880155,0.03824023213264494
151.788,0.012406999962835126,0.004783546382601316,0.0033830049738701306,0.05157178073064937,0.0028636784763590535,0.09731658011359702,0.0,0.020364156398394093,0.010942546029929038,0.024292741014726286,0.014983812811262653,0.0038387398943212497,0.004732249736868678,0.02577842840099585,0.023428099759722546,0.016867035971536694,0.01216898562033264,0.027252067401034544,0.0014406359378871451,0.012493059259941638,0.03047455062893004,0.02166272457946251,0.048370365428113404,0.05330738437628228,-0.020588770381924127,0.07327764476160124,0.004755673240743622,0.01265125062016066,-0.0005260935635061219,-0.0008953024187250714,0.0022565410993135248,0.007468895538669759,0.026477406822376242
152.277,0.009472069761956371,0.015310433990534254,0.00904703039893451,0.019477979638198542,0.004738033508794413,0.03336572218559555,0.0,0.007997066277806192,0.01439737515868639,0.0034222825496979838,0.011605690270879068,0.013758991146058832,0.022707962545617192,0.01703828740692914,0.03494316993506129,0.008635215437985433,0.00432556925960092,0.01757582574507209,0.020920839854088148,0.024089561055831907,0.01584159915298556,0.02156030299903051,0.02066851491422182,0.03369204691747298,0.01128580386088178,0.036904871658942365,0.05204577577593552,0.013018608848458775,0.0012522971004918916,0.0074607912196706415,0.008740460115289892,-0.0004195758926638945,0.0006796902868036241
152.788,0.002237983970534567,-0.007411383732472747,0.008249775662964212,0.01095342495734646,0.0034107498228577093,0.012727652620141151,0.0,0.013822151233014801,0.011884824131121598,0.012229177395820148,0.008617240383209426,0.013195310861730805,0.0155972681451609,0.029732064641619673,0.012868367689537948,0.0025605902033971895,0.021370132061055615,-0.008678574887987196,0.022864068888191546,0.0007149774664131889,0.01794617842479782,0.008382168470051125,0.012976672510533726,0.0077969407316010216,0.006162823165157564,0.015584624730067395,0.01249106690048336,-0.015333979662202207,0.004660875526149912,0.005120619562352123,0.005840132323382859,0.007499642386451351,0.03760750859028769
153.279,0.0006429879149813669,0.00334172335885115,0.0061081366287761025,0.058716937142838994,0.0027644921627841762,0.03803443631639643,0.0,-0.0018397249483897598,0.009300848685851376,8.960781372651702e-05,0.008304543170584504,0.014490345260366121,0.019395302412599714,0.005392519010139822,0.018499484604392307,0.020503487387723746,0.004757834617732034,0.01796126763568978,0.030154440984261115,0.005388112478062526,0.011121733703426624,0.02365172981200116,-0.01173866233165406,0.0038303138748553927,0.0014726753412988565,0.011009491568249536,0.004112165438766921,0.020543711651373676,0.0028231030062949914,0.010326214356502493,0.005127779661410339,0.0031918846386878325,0.04223224076862953
153.778,0.014856444133590652,0.013650735125674027,0.002185130270816552,0.10988641932359992,0.004529863232554563,0.08337472501804342,0.0,0.00868238079285016,0.010161298867772717,0.02014719048002099,0.0030026546173429827,0.005273728312623162,-0.0005583230637801627,0.018442967262233496,0.012445029970125995,0.018746573885172275,0.07093384008638116,0.01510741120477417,0.04771606044705592,0.012597890006140667,0.04018140013459631,0.01945509578731218,0.027814587885437336,0.03115879312019437,0.009571048086239937,0.05068208868685159,0.011181419281489384,0.04010587094471095,0.009460219115481859,0.0081643669426537,0.003909476201453695,0.0050216734938993745,0.1004386333317173
154.279,0.012985764293727034,-0.0029600795209028963,0.004279099020532148,0.03767115985937978,0.0031735540740604187,0.017988042419222913,0.0,0.01661873292919016,0.01838682636012114,0.006180542330146968,0.010319399580232952,0.007809541091070034,0.008870067245340407,0.013016016713895691,0.017030542382865138,0.010064503476534635,0.0604843877773466,0.027694687820969992,0.02632123846035069,-0.002042375546182478,0.034811722805665975,0.023913953408771213,0.023410737584706562,0.03702368834655733,0.03314209349986745,0.004700877285597917,0.01335617710834379,0.010535761596964876,0.0034385104627616425,0.007968869860703833,-0.0003549589578074249,0.006496816552358598,0.00039249827500849847
154.777,0.015181491260503211,0.00021574257779789115,0.004167502150558107,-0.004085825826955445,0.0037681551542897026,0.05733006772784474,0.0,0.030132172462859916,0.009071542344715567,0.013155578157425785,0.004429344363333131,0.012863087911660383,0.01338972818824335,0.026514644074126122,0.0072511818302315725,0.016746806149539824,0.036084901710575226,0.031347452530852866,0.05204124019202467,0.02378323608845542,0.019304261739564708,0.02353360237413856,0.02678336822814331,0.02475989941739015,0.02512756815550249,0.027121905300474584,0.006580854403210461,-0.004621152983338041,0.005044502756140304,0.006508704654692185,0.004594160523702997,0.004183452255531038,0.0018089385706938097
155.278,0.033458295996734916,0.024811482824963427,0.00866833208756407,0.07997540167232046,0.005068579361653581,0.019776704567313372,0.0,0.008602109111593245,0.004000928124479092,0.005151216487695815,0.0034489403686662292,0.012257813466912067,0.02641021827181254,0.027580086162862408,0.059952260927865375,0.052509733970302744,0.06642693696349901,0.0327374460775536,0.05162446250299031,0.03936127019878028,0.027057552896739022,0.05397881211832228,0.020582547752002384,0.027927481809893646,0.05119583442921342,0.01669408114216411,0.10321200387976644,0.004108187319486257,0.00495274072798983,0.011704042095269668,0.006144157432522954,0.0033602777574693833,0.0714805478992276
155.779,0.02787080483252912,0.012196698483493619,0.008785872896964171,0.06312564592138595,0.002172278471067868,0.051509695696196144,0.0,0.018528839365035413,0.010557260206329579,-0.005784531686368979,0.012055949610453224,0.01629180510650466,0.029977415184114013,0.03666029471613443,0.08326869335708215,0.06486882593429594,0.03033959804643306,0.05912106946983822,0.04644211334916708,0.03587296304839494,0.023736300938924773,0.028535471245879726,0.021501911637864024,0.004568582074194666,0.043516093937281515,0.04423552971448385,0.06204900786011224,0.027248402896081308,0.004944196327298843,0.007869934758898732,-0.0006172218136043672,0.003316170661791311,0.05614396142781715
156.286,0.02976962366513781,0.013674700665271466,0.005057743719351609,0.06268794358880674,0.0037403132472639796,0.018523220929362854,0.0,-0.0014037629422156085,0.005685452755233311,0.001811918355907142,0.00884429169997466,0.01359004255955012,0.019495797414923795,0.044774081688380964,0.0629987441640103,0.04478094491701423,0.043057201207770755,0.04395082136998031,0.026380567663029736,0.030721453408035067,0.02808027127739409,0.04060960103765842,0.04035385219664491,0.03119463002590787,0.060358624348884185,0.002006207234040534,0.04769391207556345,0.02798300576920804,0.007324286330490497,0.00655807407845139,0.007417568990559317,0.004799183357379263,0.0582509354734233
156.778,0.030813415745148544,0.011580130140256441,0.00012968590201107395,0.09269721981517537,0.0026991804290501463,0.03559899415031449,0.0,0.013819214590068614,0.013469795039103227,0.01742921604155262,0.006503432847603832,0.0015159946278346787,-0.001637364034782386,0.052283803814719566,0.039820973870976016,0.05495292541401819,0.033814731349309006,0.04811852990913404,0.02235880410312661,0.013958983180535636,0.032481541205474994,0.035656699217478785,0.04075535019972797,0.06061651694066947,0.05348816193567539,0.02632445751461469,-0.00805449388008238,0.038196536702464756,0.006855911582542611,0.011802050173018806,0.0016656708560619,0.002622125581352928,0.1092475115245251
157.277,0.019184624988323164,0.002328190966172903,0.0017673738613026844,-0.015238438229808794,0.002234852543145938,0.021966172607456314,0.0,0.008929007655819783,0.008705889076345003,0.009813052596875566,0.0057515832492427916,0.003459059266407543,0.0032883710125732523,0.0356323360983746,0.06578783005725998,0.011941783381377677,0.015967673511414635,0.03810425335675413,0.034456720324200704,0.02083136896488749,0.029114199490325544,0.019115346195182036,0.04169754832513982,0.03680469668507552,-0.0012162245723633322,0.019904815614734454,0.04182599929296795,0.0027325681246069254,0.002199504926932925,0.0004112977707984002,0.004133242623350737,0.0034363486756015236,0.0059095606486448135
157.788,0.020516621176048935,0.01565712344321522,0.006239029757194588,-0.0012982968241759415,0.0035244177669084575,0.050826422550413614,0.0,0.013475147531238926,0.013243381527013997,0.002082539733044562,0.008295377021496854,0.009837173506169649,0.020217465309743245,0.03172628037881465,0.03529736205186439,0.0414412281952486,0.041254419589275226,0.031454183441811806,0.05553817965647455,0.022101746401381125,0.017987537735585903,0.03320198829708485,0.028172566964663887,0.04171278695376606,-0.0006626632028676538,0.04449519949635837,0.05505034205606716,0.004042631263185567,0.007450174260390582,0.006885853236225975,0.0035569369982403985,0.003512063078102333,-0.0028653620363145106
158.281,0.012103042212815919,-0.0005547666286231487,0.006263613224552458,-0.025998633044130588,0.0006802978950399632,0.01734545053814562,0.0,0.01856562801071204,0.010294524410060913,0.0037956322968643336,-0.000828603605225299,0.010117124452539062,0.013726314377322427,0.020673137868092082,0.032349111722351526,0.03774872120292732,0.008286741818009341,0.02382277620645969,0.021051253128996174,0.010154543712740235,0.015696324953387124,0.03924869655604676,0.029636043069549086,0.01302268330148619,0.01719716560283547,0.017666568677367753,0.027517143418508885,0.00023810105490238958,0.003413631575605539,0.0007160947297582124,0.001831144494461078,0.0022507722253030317,-0.014582634986099399
158.782,0.027217094654012095,0.015528558208549457,0.005889603068825812,0.020371687076652916,0.003964317946890004,0.01994746243137994,0.0,0.0044554782840986575,0.004330734327643507,0.01836606418835344,0.01046172138175009,0.013259649620062054,0.00987478365936768,0.03689169515616196,0.0693633660170937,0.05611369101441414,0.029666543959731718,0.058368587775452195,0.033409735667884466,0.046455288503225244,0.02907176954895855,0.027838773661958194,0.008879844653587892,0.010921278695448568,0.030252915258868612,6.395251573193302e-05,0.018680951072161226,0.03822888142703039,0.006444468985326418,0.009622705307678277,0.003914240876352091,0.005311012890961319,0.017182674641117855
159.285,0.02811270793720281,0.0030539018793024116,0.002010002773309113,0.11632899381739309,0.0006053074526166218,0.032024748866510896,0.0,0.009190284809862817,0.01033594671711248,0.011653807880798842,0.009359103042299364,-0.0014162330079856174,0.003855293004315347,0.03563984274272635,0.05570353484662739,0.07072151766698759,0.05107967802988387,0.010241658910251356,0.05093086114876552,0.002556556538132721,0.03264122120987188,0.029689302839470615,0.0229731106708705,0.02227015730160373,0.052129135464315045,0.023516791668915116,-0.0031481713300006006,0.03201223278681592,0.002782279760934528,0.0052891712243530635,0.0015023833210619148,0.005053468806308861,0.08346310721598026
159.777,0.037884985367897854,0.015785807253396456,0.0066320274697223265,0.0005048932094017363,0.002559495295186138,0.07559019734335465,0.0,0.02524417181321088,0.006783627950105354,0.004160505919114694,0.014743162287527626,0.005872244148923,0.013808944830646687,0.0628290071637475,0.07268170144282515,0.06295396937252112,0.05957451509755233,0.06668141739563915,0.04589338527619406,0.00743767500056898,0.026793503632984148,0.030918273874049315,0.03117604287864284,0.047080680892992666,0.09511801140657086,0.045616870423208826,0.080512013687265,0.014481826904961989,0.0019980724208245653,0.005167682162085386,0.0033632758425130183,0.005769917228000902,-0.006973129187802514
160.277,0.04263436767522724,0.007743972062948814,0.009175150116286732,0.018582041644350466,0.0021835036338062916,0.053124484029337865,0.0,0.00924480979499978,0.0063466518893286715,0.008291525120802608,0.017733598175950476,0.011735147834612958,0.028472756124009495,0.04751698069280297,0.11025790610633618,0.07729848810948275,0.024761700648495127,0.0933997223605263,0.04161830798673051,0.03976523006001704,0.00756638713523874,0.040150341229954235,0.045517295299951126,0.016476589429550305,0.06723973383091221,0.03887588211636517,0.061415204605236445,-0.004332251755622753,0.005438743351019224,0.0037986317236603216,0.006127585943721881,0.004728845955166039,0.023119945947271056
160.778,0.04284837261861914,0.005391664022568378,0.01016994545512988,0.07017565093571183,0.00045594188209738794,-0.01756161376417948,0.0,0.019755473252292977,-0.003270465189741814,0.005408121212230097,0.014369469710269428,0.018333674586498705,0.029127224940779742,0.04966043118961058,0.1101606067056316,0.07583531010328995,0.04263217314037005,0.06892581011872789,0.03489148720642278,0.02995188077223956,0.02720548735249185,0.044646013658786426,0.03469477991730759,0.04524425280295623,0.045470136906832076,-0.008965824990371764,0.05002476392638764,0.014980225758830486,0.0017402536358357248,0.005149262579792246,0.0018601660745777124,0.0029882661824529875,0.06032640773190093
161.279,0.03119635343802213,0.02588756563646673,0.00759499757979262,0.08351072193996079,0.0021199558545413983,0.0025447597926095116,0.0,0.006106437013826203,0.014567976714297215,0.011495957666025448,0.0115960417939405,0.006922152343837407,0.015119338834241504,0.05016089026836162,0.06488138786356389,0.04567919563428813,0.04614155693113898,0.03495597569356419,0.01065290847343784,0.027637708384931514,0.05807995182731755,0.035082534201820996,0.03216031369410835,0.047238333748398344,0.04113491687291824,0.015821119771325113,0.02724799415485473,0.03851645453885691,0.0035413161137182194,0.00235700659968875,0.0012002348630359475,0.004436282037759907,0.09875419672611824
161.778,0.026076301967141207,0.015215659689176136,0.0020842163845182097,0.16133481500998959,0.0024928182112638237,0.05491665552248913,0.0,0.004331739334189873,0.016177833369240262,0.02419481139664146,0.007238361704631902,0.00545478458624104,0.00534501581707593,0.05394112257180582,0.04683690996955499,0.04434173205117774,0.016777358152604428,0.05056240224840419,0.011739484516816561,-0.0021990130609413983,0.049306632161757784,0.030733311956180752,0.03566717224060888,0.07387868274386655,0.051307904877633634,0.050412646024695716,0.009731730761943395,0.026824174815078646,0.002793268981994919,0.002513940938367268,0.004528120252931454,0.0005286049990042515,0.14894032139109098
162.277,0.016280011715149555,0.013804757913939055,-0.0024644214649835795,0.056678931931124304,0.0026632052088606676,-0.008724578877291018,0.0,0.021858114230928632,0.0008362984166492495,0.01703624485281845,0.005104503535903061,-0.0035548237688463762,-0.0004158120796482287,0.04201477393333845,0.030559663640338783,0.025627974328214956,0.04646146590516476,0.03421954733923823,0.003924731829090118,-0.00861598372678507,0.03960713777235465,0.004646726202218168,0.026529664655162637,0.019492661181052758,0.048896286094858375,-0.0009951774982981474,0.04145509569758568,0.027706516140316335,0.004619513953418014,0.0038959913409529214,1.3586961529646247e-05,0.00505182903239523,0.08838358638348218
162.789,0.026124698665761448,0.010015837840930913,0.0005162692559632741,0.12567332089355762,8.424494295170304e-05,0.05386257045602796,0.0,0.017638921018029302,-0.0019726921508984667,0.019951930084223843,0.008324210456740552,0.003633570336745191,0.0032302191777463128,0.03593094939035458,0.06936948423548728,0.019528813684764387,0.01791810567187422,0.03908555336215917,0.04148561311978915,0.022143670819002873,0.03633516006117137,0.03548266851762017,0.02384633311878468,0.051423192657155316,0.04072753478956447,0.04225430429112703,0.038962042757157714,0.01710310546615755,0.0023562272774597156,0.004398231442560347,0.0012113308729156489,0.0012655263556140617,0.12240506490166175
163.277,0.01090351076091346,0.012208428164932094,0.005233912810628034,0.11100793360179458,3.5531150602093184e-05,0.04556868283927872,0.0,-0.00045905947516189355,0.0011300880920529215,-0.004168991987436415,0.006691192726506359,0.013737930321478495,0.020546635982815555,0.0353078458960059,0.030255694670963153,0.023124613826602653,0.029451898300905045,0.023729251507878586,0.00017090737713926574,0.044515151142585765,-0.011272076859934801,0.02584628868125214,0.03856688126117604,-0.0010301075182222702,0.03664389282779561,0.03161570131335107,0.05466475129952193,0.0076620306718952575,0.006902060751710939,0.000992273469146644,0.002373393844596749,-0.0032456614196960908,0.10626708562807151
163.777,0.02371613439265975,0.013018869485339023,0.006400996109698979,0.08449904383877008,0.002546659726006717,0.0755196750467128,0.0,0.016961613879029384,0.017580289194747255,0.02376351203627473,0.000827231724626856,0.009292138480571746,0.01204914328700583,0.029621795157233136,0.05025535133041593,0.028730448996523505,0.03168115692370197,0.0057593345124995685,0.020392825980886094,0.02787444757478969,0.02533604546725495,0.033121373699067744,0.051901219944870895,0.011220699952863502,0.05694066608084753,0.06344313074106872,0.03227423967392524,0.020692602282321622,0.0034309242265571113,0.007695295297576084,0.006870908168130234,0.0033553511472745124,0.06245670255813577
164.277,0.011026422888802638,0.00014790812477074946,0.0018705819043480297,0.14067764985282316,0.0024755045671980298,0.127547041771507,0.0,0.01676095236317321,0.01344984872162686,0.02420731074328888,-0.004249423073793466,0.001214981427863183,0.005021178276904494,0.02374155232419889,0.03482484197539506,0.01969286476141122,0.04896312209710517,-0.02240621287271304,0.030470105131910268,0.023716734108559172,0.030126336371922396,-0.00045330469611293517,0.008964888932984947,0.036222496629923294,0.0018534923777501692,0.11641635829939419,0.0009090679021650682,0.016797270141499534,0.006556471056278961,0.0012538986162572239,0.004136608565048335,0.003921590636235409,0.1380445229331889
164.778,0.007751004729156158,0.009993973701234464,0.0038628529019380316,0.0607064620768893,0.000329776057743158,0.07440147458007582,0.0,0.006865568942981692,0.010128378089730687,0.0043481651247571146,0.012265393603683082,0.003673696573913337,0.01572442779287119,0.019206968515278252,0.004793930374633393,0.0048418691815401045,0.015834970828756057,0.007624262207235293,0.012842620967107162,0.012400383916290263,0.0031016067935720347,0.01106258756933319,0.003996252345285307,0.03982505540184039,0.025349841789863502,0.04398605622700849,0.07345684408359841,0.005297793858083743,-7.618201018130187e-05,0.0023585934609250906,0.0046983047576503855,0.006294598738517595,0.07721742204836701
165.279,0.0069055438365681005,0.010078706545106729,0.0046427234029973955,0.0249401240541726,0.0015716939907176272,0.05302414695996562,0.0,0.003727647831064378,0.006470347092780745,-0.00473098289297515,0.008480972465769622,0.01345051353410354,0.01677005197172421,0.015536755687980566,0.047244402976114555,0.031056360122204644,0.020300598977081804,0.017493219463988043,-0.000341801772846213,0.008952723476940639,0.009831915617205995,0.021364443888017004,0.0034863768294849896,0.03850562560029895,0.01390590285082084,0.03801855749180502,0.07140746156522056,-0.014097987833276052,0.005682192504046832,0.006091008907704901,0.008140284256021282,0.0073021468610858405,0.06026366131616208
165.778,0.006337665928865977,0.017594446405965525,0.005199027500612225,0.04649140910924447,-0.0006407947307328454,0.08484593064880565,0.0,0.005137487022926386,0.0015855908424025854,0.003659390190152882,0.02378493459620162,0.00775490505711662,0.02377820386291828,0.024903324501517506,0.01763331649175156,0.038682734698658766,0.021045439650869937,0.030227525853483674,0.0072224963556637555,0.03277640456259128,0.02498994150557006,0.016812356572934957,-0.003914084161785473,0.007544017228668658,0.014918217962443319,0.06705643110490098,0.06958563522349359,0.020611273115225797,-0.003730617749641376,0.005662185771805482,0.002549144116950249,0.005142552378760187,0.0645093081427711
166.278,0.009829543431684622,0.01118565839275748,-5.595937152610276e-05,0.12150961351159054,0.0003592916790189661,0.10207992365419143,0.0,-0.0015298220654374724,0.00983808145233444,0.014630341656294791,0.01246149288469233,-0.00032751648541042504,-0.001868774522262571,0.02820182389049101,0.027088191435416888,0.0016772112902454844,0.02256374959366988,0.0024414264745093992,0.0016208603594439234,0.0018782801182329085,0.016466068666109977,-0.002519252552422223,0.017397906523632933,0.03264415274342752,0.013646299344380688,0.08428939663271447,0.02942659440245919,0.04290071402286035,0.004212320408758348,-0.0011255508235502266,0.005278670613773903,0.003701154091265281,0.08874068009544518
166.778,0.0013542828661442998,0.006848966665190166,-0.0007220985758552099,0.1249089885158737,0.0012574555692086533,0.0912576381164071,0.0,0.0020332481843852498,0.004704164347871176,0.00861944284725494,0.0033005633052247715,0.0018272091537415859,0.0001154980192943521,0.007932598432010723,0.010254903875568435,0.00821717861313039,0.01198101714560501,0.020159956615742998,0.005312000821161054,-0.0036798249517766032,0.026932929091863563,-0.0010026596728427346,0.0034744832553383845,0.032789232993894406,-0.014905859468553632,0.1042870432494458,0.02003049095700153,0.026599706937666907,0.0007430181168180844,0.0008596239119800833,0.003820615011088946,0.0006304903196103348,0.12237577325919491
167.277,0.008548995434270757,0.01372898213854363,0.005347577109013033,0.14542272309704415,0.0005204261433193216,0.12460718696454247,0.0,0.017489830563035564,0.00877790580433677,0.00770939519749495,0.0031722579079044274,0.012186476144172058,0.020883504274386,0.00025481082377174955,0.019504830189736762,0.019642540405653226,0.015510575627690903,0.017221991961387826,0.00015128293547145218,0.019177253658681264,0.03299601284046274,0.024106841593152933,0.003112536724057151,0.03314311648987623,0.0014113262706811958,0.11150342587106078,0.05073918208480267,0.006586987580098573,0.0024328272463812945,0.0034080890182669166,0.0028093401691761935,0.0069120174299369015,0.1516287617647967
167.779,0.0023910753867137043,0.021712767149668938,0.009330393218485548,0.11192164042892727,-0.0004160065250903751,0.11299790375027123,0.0,0.02068384860760276,-0.00048089036306149443,0.006389679734454001,0.013663472622491159,0.01694944479868216,0.030500518869170132,0.00861380200333508,0.009730915016622928,0.009509759550697735,0.003439172845326623,0.020697389694546767,0.008477291460272474,0.03172250972490237,-0.00799436822323241,0.02563181923681886,-0.01214872126660296,0.006058795736788596,0.013437967758900918,0.0744328487920866,0.050526632347868354,0.009393423668569689,1.2907645541127174e-05,0.0030676492167161997,0.001270124073816716,0.0025390906136687264,0.10666672777677193
168.276,-0.005876987503101168,0.0016391994206301037,0.004669250329180224,0.1168332236398321,0.00010332202405197403,0.0696564898011318,0.0,0.004468528614584633,0.0019592358572023925,0.0012082026162189023,0.007917224430744342,0.011742625812933135,0.02468363090179322,-0.003946483097118503,0.008906714905379285,0.018211759869203127,0.000474577832059634,-0.00740104105088957,-0.0023178105720818784,0.031575618745284306,-0.0045141348878429055,0.0009810625215192891,-0.016176374075402556,0.017744421263458526,0.010167871046717297,0.06040002563021053,0.036069844376186495,0.0111906338333618,0.00010294252990242536,0.005272715946949918,0.002584622614532807,0.0025180149577086006,0.15111183942447157
168.777,0.0005763834732825436,0.00900836932413734,0.001177363684423526,0.18456441510645843,-0.00014317987348470092,0.029928057827013688,0.0,0.0028199262674769117,-0.0030161590926803274,0.02225884326154888,0.006591815549806933,0.0057252097326250155,0.005231201492171396,0.013301938182871736,0.00281320215758288,0.007333585069496613,0.004238516215952411,-0.010240722901156305,0.018876635870085468,0.002749374937893774,0.039957353445818855,0.013018175656880326,0.01538022324690374,0.004323013429816258,-0.0074845008488173504,0.04083435210775092,0.018287820594095703,0.027804324631014114,-0.0017695529576364907,0.004647525873946856,0.001930558411514464,-0.0018478214401407775,0.19260982568024418
169.278,0.0002777530381978263,0.0015531448967823218,0.0005208890688155152,0.16978397923329988,-0.00021844543606130317,0.06457654510320696,0.0,0.013146034035400786,0.005340069655855625,0.012663857172065312,0.006344647433895701,0.0022483375411355595,0.0008528827392165063,0.023148771193301276,0.005695147368418343,0.005038866200656412,0.01192500193279326,-0.01544097842168262,0.0038701145350438482,0.004402979138817351,0.019469137785680848,0.017413104989671715,0.008313431640616476,0.0046422390624590035,0.02732401294323731,0.052440794149423785,0.048854305065464385,0.003379410446189895,-0.0023139038630608675,0.0009251925575264602,-0.003094102044908531,-0.0008011482163304889,0.17326297391760273
169.778,0.006186735812583773,0.005598708320614342,0.005644749311215728,0.14884725508729327,0.0023906952997172605,0.07971637262176913,0.0,0.006747609253276594,0.012808594221718901,0.006863644892421046,0.009964750131156153,0.0133086601947113,0.014102008387702368,0.020636412546923597,2.287135996959539e-05,0.020160792553231943,0.0002680942642369591,0.04585871028610014,0.010657542070689092,0.016321834848711803,0.020126902698340804,0.014547683352848178,0.022995751933787372,0.018182037096979176,0.026541935314123813,0.060087184592575074,0.03270284409671284,-0.0014647877720227543,0.004537998957697565,0.0029121175073273096,0.0013842207151522836,0.0016473993815523892,0.16473430894384572
170.277,-0.008513677300095989,0.011839191502933824,0.006832450193601057,0.08864243011525863,0.0007882913984732203,0.04237269177396206,0.0,0.010524585205416952,0.012776968003075673,-0.0032383749132978068,0.00022686088432077078,0.015058024481861028,0.024249479090769653,-0.0029657050751937595,-0.02119173423628889,-0.005594088221102175,0.003335830948761244,0.001805300451260848,-0.0032372903761403587,0.012310347728855838,-0.0005081537779190329,0.009737840222461448,0.0006051557106535279,-0.011768045338345039,0.01695035306322304,0.04134505817469891,0.027569996056232202,0.010296071251542057,0.005635945455905106,0.0007308697352221231,-0.001144760143866792,0.003997619694512629,0.12234595620001162
170.777,-0.009370937598658318,4.64309160135503e-05,0.002499819002510258,0.11994543768137828,-7.106174011409969e-05,0.049431379294119636,0.0,0.007155049232138943,0.010018025664364792,0.004593648593394414,-0.010010828535610182,0.008489959598667055,0.006872920121215393,-0.011496536461806836,-0.010120388481521159,-0.00427203513596997,-0.012017521118963205,8.24721555156885e-05,-0.0067621498132848035,0.008357170933607829,0.007887564976583779,0.0028417101899632273,0.0019654113864205473,0.008100450000390948,0.019320536619089466,0.0443970884298574,2.617457076714858e-05,0.009905233474946302,0.005094631126905652,0.0013786013089414513,0.0016046690510458064,-0.0024422134511662523,0.1266677741375042
171.277,-0.0007935171371949573,0.015063909791374534,0.0021726384232696417,0.09621255685972885,0.001204922812065004,0.07435620020149665,0.0,0.006299564898348982,0.015375398487967054,0.006355303108206648,0.0015968122299731583,0.003654380476860137,0.011894208444948135,-0.0007279779260177748,-0.02272804867400013,0.016725439598797447,0.0010693742605430915,0.022944558647061953,0.015060911746797797,0.009755201696157673,0.016720639147892544,-0.010731054600568226,0.020587392903235805,0.009728179628307135,0.0187053122588426,0.03820980657447782,0.03716912421438918,0.03310961631196692,0.0024897552057257925,0.002347444460852733,0.0014245881926639033,0.00021770923066568294,0.08850150573556177
171.788,0.0008253423237384578,0.011091679405014324,0.001199613143009296,0.13106920889424667,0.0038799081785809717,-0.006729367583496186,0.0,-0.005513546325451947,0.01394608161002386,0.021864733347941596,0.005682728502035696,0.0042519298290817275,0.0029112985638068576,0.001843010264843729,0.00481715343161142,-0.016797562855874196,-0.0013218098631335728,0.00626804064743438,0.020384319239634525,-0.0024182400649675542,0.03238371083776316,-0.006854427591796595,0.010049621843933751,0.03899167838153213,0.023583461371076066,0.006953398909949629,0.005355577399075203,0.04938350198099181,0.003980871592279888,0.003506434160274504,0.005562478834269371,0.009809346384598377,0.16701506100010022
172.278,0.004622523145458964,0.015364601317513455,0.009051854764505545,0.17550224753629598,0.004447015877364664,0.08314360354132636,0.0,0.018888343219554,0.008647672202015599,0.012902326996895499,0.016994418754580527,0.014889440370592553,0.019979985901128764,0.024739715011905052,0.004179654825908045,-0.010364190535903258,0.00020972848070054787,0.0301968102170435,0.022006228667224646,5.759347449251904e-05,0.016580273809253025,0.011567844501153364,0.014053231181603672,0.030070972816592385,0.027869435102194424,0.06226031117316457,0.049353987987904586,0.008329949316294582,0.0062568508000420955,0.005379600160824198,0.0031277599415590303,0.005908369116043272,0.17866670177358937
172.777,0.004072478433898017,0.004982420930243637,0.011916490707581414,0.11502607453622979,0.004431560211785541,0.04642163334510268,0.0,0.02545148466291748,0.01942104571310023,0.011838807368277677,0.0039497154124430315,0.020507421752408585,0.019222176288285757,0.007760040090452341,0.02805661729012298,-0.022586201958510667,0.0064184718478755565,0.017096666990236153,0.024381998756817746,0.017002508822409775,0.0013102155752476147,0.02056101869964935,0.020856050115991134,0.01229483143074756,0.016751631015647136,0.04382102257997553,0.023371901057948175,0.0064810585288383096,0.009589236637211907,0.007504641940491312,0.00903256607726841,0.008236685994087624,0.1060352232029915
173.277,0.0019610785017965923,0.011985592080323,0.01077522527677674,0.08810378900739306,0.0027084078115566703,0.018029875308615897,0.0,0.0006574929316192255,0.009346728329475348,0.01167867394698907,0.012053996216578754,0.020994724676941478,0.026867682064981867,-0.005570022455291809,-0.0036139082111927507,0.031939165674027215,0.005475736994333582,0.0227581842464419,0.011665154053800945,0.033032853060082426,0.019405266019093245,0.024800200429526225,0.008549243211647083,0.000737788394540286,0.0042216627151422355,0.013315344381809705,0.0446425437635431,0.006801395736988515,0.006056175490106111,0.003970002315043144,0.0022982821769833035,0.0020953123745311103,0.08163691988504279
173.778,0.014129120307319465,0.01645940342441949,0.004812021759259193,0.082725877239956,0.0038158064544146393,0.03628293101287314,0.0,0.01706649167749506,0.0073031212613677765,0.020981402613497235,0.012303486960477464,0.009768182299592046,0.010825018674024195,0.011543103777426733,0.005416281550531608,0.011052115846304349,0.03527101668029663,0.007307050906834868,0.02321598114154238,0.01393837253489429,0.025374707424735674,0.043540923803386686,0.020373928739862282,0.024634973779049357,0.05037052128201099,0.053962712758751856,0.012928241468386384,0.056047548229510524,0.005002555522722471,0.008078437371029475,0.0058058761514807695,0.008423868146369596,0.06307524207849939
174.278,0.01690381786498809,0.0036299178715657383,-0.003643806524511247,0.11504293933323191,0.0031549961428393347,0.00854862231472137,0.0,0.007129913716440578,-0.0013712482421379887,0.014229699076733578,0.001980053887749453,-0.0009436697607972693,0.0011338727039852821,0.04367341533314188,0.011057806853837955,0.010185886494757511,0.013884013952085616,0.02939096644644703,0.011708868536289727,0.033346415254238475,0.03480589093718837,0.015717312803027673,0.027609150036988467,0.02374552801004815,0.024270425467065877,-0.007693197565809136,0.007022246492972569,0.03052676515520141,0.0022043852281827267,0.005424988854409939,0.006059078394522883,0.007083325299147843,0.09564573126179987
174.785,0.02434228910827057,7.124462632054916e-05,0.000256530394686281,0.06873915469217169,0.003050146157568207,0.014562614812427752,0.0,-0.005431146185474082,0.00702289256288286,0.013715632031901012,0.010187968535606138,0.006704696239472142,0.007095354977566963,0.03912370440982927,0.014392221235251055,0.02572494788187212,0.024104634195715187,0.03363983956749141,0.024209713326344133,0.035504056651888466,0.05037521860940589,0.03974248875233248,0.037695564742381074,0.04764324691090374,0.04742550484033446,0.0031958725167234307,0.02516232812468459,0.01856821320404986,0.0023114651537540004,0.008154884409153476,0.0013342102065447244,0.006084491389907519,0.06311316173028074
175.277,0.009806030962481728,0.007390451062902489,0.00854564050315501,0.026251374492677244,0.0016928791809490988,0.02816412299110375,0.0,0.008132473187283986,0.00268969465638204,0.003832044455993066,0.01203087600511782,0.018123813310713274,0.02853998442903714,0.02208032072544542,0.018801241318099748,0.02102888123129152,-0.010133681334421584,0.033811395621948424,0.0081624980254897,0.0222391982027139,0.036641965898868374,0.021249903670348153,0.012435675722826844,0.004336223707129286,0.02409935082998998,0.006255987301551926,0.052246477834139105,0.013123735215076664,0.0019268232183793012,0.00045836502971894656,0.00010152735717278429,0.008064616007676358,0.022724714926946023
175.778,0.013763483004076899,0.008531140928464874,0.006001110703500866,0.050716079173423405,0.0027638341721785394,0.05287791693986852,0.0,0.021014472189344963,0.010622058733465176,0.011696601776415396,-0.0040785531811079355,0.010125385019184578,0.016672896512626694,0.051681477372076214,0.0294086511433896,0.014882379862680881,0.0038274636831500002,0.015310660236754285,0.003908343134154108,0.024931901641603034,0.02001884880738584,0.01253702090794158,0.04349936871995729,-0.008557716880859934,0.04118066269482463,0.011941182773608528,0.01419204974970799,0.029103407415333436,0.00729403870486687,0.0007220300290987728,0.005757053870785997,0.0008114071072259356,0.06525522710107633
176.282,0.022919387882074593,0.012270749767845127,0.0014120166414470308,0.031083459467906468,0.0030397299399141215,0.08998830647511856,0.0,0.008417464450867034,0.00828158678816097,0.02537392630043934,0.003966781007261089,-0.0015149721810024605,0.0036578025740074188,0.03668511577544561,0.022417932866364267,0.021072918444426297,0.02987833649996417,0.009657501426522951,0.041189583143100214,0.0394412076140715,0.03514812948634566,0.020134551922036645,0.033911698835279336,0.02912456826172202,0.03174895278943896,0.06766592907189241,0.018340255225012102,0.03471180298905381,0.0035772102997279178,0.0008275901408657726,0.0028652385466160757,0.006862581048620629,0.04077547454651312
176.785,0.025077170027419365,-0.0037213469380117355,0.0018161109720865592,0.07113299131083299,0.0037124491227871034,-0.0011353776708037534,0.0,0.014550752730834181,0.010784104664362384,0.026288932681663484,0.00992030104858351,0.003856535458598695,0.0004456473801366419,0.04977522590066902,0.022180820046199718,0.031066997032509275,0.06744833090559448,0.0016103446720968704,0.03234914519022284,0.01634839275986771,0.04463499947096799,0.0236208348293149,0.03232650859041549,0.04243210893487913,0.0316840055135436,0.0015381914237285552,0.01535527274764707,0.0075090865432847565,0.0017360372907010409,0.0069119955410819976,0.0036225901002861355,0.004997171193881713,0.025214139622016768
177.284,0.017208969306806064,0.00879821438818454,0.009219530379467518,0.005027802879036225,0.0036295454009916436,-0.004660261469262278,0.0,0.0048512445161429186,0.007306203073961908,0.011921479619316017,0.021887411610530035,0.013297281571681068,0.02546297719681833,0.03270541171287925,0.030553582732147613,0.007630397266956416,0.04029701217373768,0.010382509467648878,0.022326400683775505,0.0021421496230513114,0.03223328353685929,0.024345659683685746,0.04763997571029183,0.007261030663094881,0.0528860320639724,-0.02597063342575867,0.06643312187914398,0.009213598583683359,0.002670275481673208,0.006422074202709354,0.003039551707771641,0.0035489159807995706,-0.0011373407288154142
177.778,0.021858254248422505,0.016794563319425367,0.009576139695900977,0.045677562676801,0.0023073502533129814,0.027908692376784172,0.0,0.009871590334625036,0.008831769450820622,0.00447031634531865,0.002500509029727708,0.020680956071351196,0.024810750690546075,0.0412034889472259,0.0689412414187659,0.0234664965629697,0.04303123823882963,0.02699755168293372,0.011130052237464506,0.027148626808555187,0.03644451446290462,0.041501367933084524,0.020090726387982285,0.01752176410020082,0.007534096453939704,0.027290496685620693,0.03683398831986382,0.02035727696884714,0.005738747918751522,0.003442796783758863,0.0026214245349709324,0.0013846915763573164,0.050045305043060914
178.278,0.019714582321737128,0.010541438171195622,0.004704125556513583,0.09288822305389573,0.0027243889815881306,-0.02685954569621276,0.0,-0.005425983045230351,0.0014117332302056784,0.017679716807554077,0.003893832466432609,0.012112314324080076,0.016432398063779094,0.03566577997320413,0.027570022011497133,0.021293867716350237,0.04463750861474138,0.010870116002728324,0.02406033085815842,0.020623361885437192,0.035387706696405716,0.02925163926406599,0.039287094899101725,0.022512914213879874,0.01300952991098164,-0.029959057108351568,0.028816554108372736,0.038397043950716345,0.005015912310107381,0.006278605208646808,0.0044567396087842725,0.006775853796559986,0.1007892547619081
178.793,0.03116530220742426,0.0093370441860544,0.004224395258395606,0.057969552843583454,0.0027045369804050163,0.059209006962500074,0.0,0.003931198992183434,0.009432481549014111,0.015068127783494773,0.016178644699065166,0.01076756210778415,0.013130930376686181,0.06619801244844316,0.04675474108587373,0.02585851555147139,0.044103836344484296,0.03886016901510571,0.05755504749097274,0.023220022470898584,0.029351993779876632,0.025502718474106126,0.044620819175915434,0.054209964887909,0.025454502297057403,0.04232226542847337,-0.00321876980331776,0.026982812842256565,0.003164751941089455,0.004787620580828091,0.001683224159344589,0.004860537888557284,0.037622705436884375
179.278,0.03203877725019368,0.006664532014927572,0.008511127494941446,0.06683016389435596,0.005112535302199609,0.13537411902756713,0.0,0.015885488559056013,0.02038706203899761,0.015326809262273535,0.013596498705610065,0.011485175705883813,0.009846509366004777,0.061069820675419446,0.04338417134130432,0.006311054209426321,0.06413849849454138,0.04906951107050753,0.08333117126454691,0.03155688648055445,0.06875653740669187,0.035920617557830554,0.05514025440541043,0.03722130822523558,0.019600428227342894,0.12126605571536649,0.014683945216286753,0.01966137523007902,0.00663563936884191,0.00386792340008794,0.0037187615512242595,0.008466177784052785,0.05157882225253844
179.778,0.027723173739775366,0.018067124150794023,0.009799682236657859,0.0196590270098523,0.0033080115925329186,0.09975876788591104,0.0,0.008866814839334299,0.004159136350472597,0.004654930032952315,0.016034012240920655,0.016293510759590554,0.02368218321102466,0.016301399604143448,0.032953486949193866,0.030737175417598458,0.0690923559892054,0.034533936438133774,0.09306429098379902,0.027733330701358316,0.04521674960584733,0.016824483432581278,0.028280725526004767,0.01574492788507799,0.020874435457853075,0.0813392677484665,0.07502407288563816,-0.005393152777344486,0.004642966202472777,0.006570933799207259,0.0029504021244889994,0.004252488586329993,0.012159521121591549
180.277,0.0243982558009799,0.009748961384700716,0.010349218861518704,-0.027042741416052618,0.00209269321789421,0.12765517413937097,0.0,0.0263677490179572,0.007900794333526782,0.006926466480478028,0.010374995400316753,0.0169200692743173,0.02750722963487392,0.04092377595957625,0.028307077185884256,0.02753551913954438,0.06648963464350931,0.016958596574685014,0.06819508255075205,0.029566844633462,0.03668371929440154,0.027747172097716277,0.026024548087008426,0.013309543661146025,0.049688190940118164,0.09758120619152036,0.050597645871092146,0.005810739644902139,0.005233574185438108,0.005198638619610308,0.0020644237973220527,0.005969580090522365,-0.03389036936579523
180.778,0.022077340811708653,0.004987934495093749,0.008282999297110207,-0.0035927401881092427,0.003329631060156292,0.12762712879224378,0.0,0.020787362172242627,0.015714872870059127,0.02054803048399718,0.010181927499004323,0.015665636134461335,0.012797126269539633,0.03720283465261297,0.038860839528370536,0.029639848083839546,0.03513461144795862,0.03943369670605544,0.07047426321913064,0.02551816913165509,0.02728316746059333,0.017247126635259766,0.02544994218204065,0.002253569981195489,0.04118939995068737,0.10681662114667438,-0.010566679058045715,0.025658721842026274,0.005861883056738511,0.004453756661393304,0.005729812566130594,0.003227127236428276,0.009279960906912015
181.278,0.016704190910867407,0.01599848411883852,-7.824731381064507e-05,0.021019069806539375,0.0029436153985900925,0.0975268419718275,0.0,0.010583195591579247,0.006374229266839534,0.02062251214857179,-0.0008904650030244971,0.0012060132970885826,-0.005981736727332366,0.034379409193877726,0.02113953147670375,0.0016613469973216055,0.031136651570787793,0.0059847348445431795,0.060475235630539186,0.034328960949553074,0.048705211330360085,0.02232964328997668,0.011946816843017464,0.038808169001858336,0.024375891945921515,0.10224227516526078,0.009540609611255555,0.03638337658613146,0.005253837846720434,0.0038770574136250107,0.006478366411451046,0.0032890412099701055,0.03233142055890914
181.777,0.0029405149227754966,0.014248958035251374,0.0034223572599223115,-0.05194324445177586,0.0035133039068620275,0.1546054161515722,0.0,0.02510181781733121,0.007294902269706733,0.010687953268455255,0.004321441947758461,0.0073940107772237276,0.008507453490478831,0.0054436050348632085,0.011523934691383015,0.005328633450622457,0.01416086023489307,0.008518993210134605,0.023000825469662024,0.015302196481489566,0.03195796368217175,-0.0038243983056406488,0.012240836249366852,-0.002107522582771352,0.00853638427666795,0.13760886050633628,0.07412410353708042,0.0072744723644207416,0.003545544364256409,0.003713969241454418,0.007176163543151462,0.008199033714799096,-0.05694220646084005
182.287,0.014710654345090592,0.017855199038796288,0.010779468836517826,-0.027643113482500998,0.004367665946723604,0.11643948411562378,0.0,0.024713191958890667,0.018252303852733343,0.012584478026939584,0.01828866358782753,0.014706879781958806,0.028896058601104415,0.013708262897254075,0.01261513554838078,0.017406046534700327,0.02112891758819898,0.02431195242475769,0.016259028460164592,0.01876536343280976,0.023519901236013323,0.011276671308229328,0.02509692575742383,0.029162276988672346,0.0089086171048432,0.12014837891630331,0.10164937908676035,0.003828569629393141,0.0022391640743285057,0.004354084760855912,0.006113405997080482,0.005029582762650054,-0.028222075538262566
182.778,-0.004456546315728635,0.02110258581051018,0.007669697209686581,0.004456950816960021,0.0025630578132463193,0.1643777731739902,0.0,0.018856711637071092,0.004277543018797069,0.007089998006162936,0.01240990887597279,0.01586393290471841,0.020133423228703883,0.009286549666082543,0.02319277039394336,0.003184448181679595,-0.0235917900076729,-0.0015148648753220081,-0.004790922224771829,0.02361876679450898,-0.008876043673630974,0.013793306112205993,-0.006116772445473117,-0.007655283243355833,0.006678371019848258,0.14034980355579688,0.08587368504111165,0.02547866096978815,0.004089550351664137,0.0038426195773560673,0.00449216132139036,0.004245845847892783,0.02919881208546766
183.278,0.012109932781494005,0.024446830004292694,0.004284917014726857,0.12204060300131264,0.0024543038855353557,0.14321999539761113,0.0,0.01918360325564828,0.00929421784810325,0.026798633985951413,0.012909266502872947,0.009455811854599011,-0.00012119006536335521,0.014463376750207294,0.0256438854062617,0.014044130978696796,0.014538318429341555,0.02615653197243991,0.004020471559189839,0.013427358762108484,0.03951800120567949,0.009130871105718074,0.012022737091850054,0.027384100108105717,0.018292010171543627,0.15049358258632084,0.03470612161381153,0.06013832712644968,0.004230452216717323,0.00013767566086245262,0.004610843660789117,0.0069629562170127396,0.10728264906245887
183.778,0.010528890536536908,0.021896287977622032,0.0031167056966593457,0.10665801338456236,0.002475312356074799,0.14035175819144485,0.0,0.012897782208357888,0.008539642328019183,0.02072021899922117,0.010482801671807783,0.0033655236449335246,0.006314096121021199,0.020798595670701803,-5.227773583402655e-05,0.004627559361884468,0.02589998355035866,0.011354009835572235,-0.014104114959678319,0.01593628242204803,0.022265584239949208,0.016699199735694056,0.013952520306481716,0.04467935408314305,0.0005168447773228839,0.12740470198622075,0.08485622073322045,0.03745974956141287,0.0011073661372248797,0.004675357348361047,0.004939040271087803,0.004278941283860277,0.059287491737910966
184.279,0.0027063165942340307,0.01834824054554325,0.0065097942957301124,0.07016511170501075,0.0020353537827822988,0.13139782239896364,0.0,0.01914657393444369,0.0022036322501791045,-0.0007147213619503268,0.019943052770000556,0.011798952796555523,0.02608327496273298,0.024566921344028228,0.029528707762090985,0.006665322229379938,0.011075915617548449,0.03455587341510652,0.012223721776325865,0.010552906087903359,0.016891314895686314,-0.0027439758698719315,-0.010864112427993903,0.010508511517503977,0.025409210642598316,0.1299125968595357,0.07707865312898253,0.007962548516167567,-0.00038156208080356,0.004066736624006196,0.00285512008103483,0.0031128310432420162,0.07170905131125913
184.778,0.006297193466926186,0.026997999650312344,0.011621211293187302,0.08514480223676048,0.0026081846401694894,0.14034452549095774,0.0,0.032562125108398995,0.017884253641596293,0.004992266948594783,0.014738090400800576,0.018227706888618602,0.022048850281438687,0.013618828348517712,0.029346247231858927,0.0347287717603663,0.009148513690156795,0.02732427772896977,0.0006814735417733711,0.010821289473949983,0.02532964194099239,0.0007408207689313074,0.005734345990720828,0.02020460512410968,0.02138240824441568,0.1445309092916596,0.09645824998325497,0.02434443849680879,0.006180418364083318,0.004041381530495402,0.004276027672653436,0.004859466219441935,0.07363773955988011
185.277,0.01720369649051786,0.005919880446312608,0.005771572164846245,0.09176290274549123,0.002081343200087383,0.17863480395870157,0.0,0.0274214157955221,0.01267035325509453,0.022355660747411476,0.0031629238118773663,0.008640934953951617,0.007626322885038757,0.04139263624316318,0.021080443984918967,0.022760268204203175,0.02010027977660732,0.014666370544424302,0.01978778764066563,0.026255701304445427,0.025233435710657923,0.015468287541388912,0.016918687469652364,0.04185733659384589,0.013077514161316757,0.1687101194895936,0.008571721430985975,0.024787447880234265,0.0011599502864090155,0.005540222183717698,0.0063341854933547815,-0.00113806913183523,0.07589824507524268
185.779,0.012887659623528872,0.004278613050287977,0.000387742462831036,0.10516676301689204,0.0010832292323691517,0.20102602932703728,0.0,0.02152090525623246,0.011771860117804994,0.014667094451614782,0.002179454188728814,-0.0011990177691707053,-0.0009433346196756909,0.036493631499702264,0.0075075756302574355,0.019231704324106064,0.023990838603145468,0.02341128900708831,0.02174077492727839,-0.0011216094560080095,0.040057769037659195,-0.0003224130833402848,0.026305845663444048,0.029961628831964203,-0.007730009392240474,0.1907316615407659,0.03823947961286841,0.01858763745622405,0.0006523318850142279,0.003318239472839689,0.0031512948313615285,0.0032087822636457995,0.05366389395439391
186.276,0.004673935459986587,0.0012263730906657902,0.00436343782882992,0.0019781391855049147,0.0004124704480702563,0.13926237051555243,0.0,0.009708673707401824,0.003550888398366966,-0.0033596528167132264,0.01115154241810961,0.008412735741587286,0.022381601874697905,0.025924319046746382,0.038650592804048915,0.015257698789733227,0.011201272874448892,0.013599721045897038,0.015120431365373922,0.0006421427748781826,0.008823481896306157,0.01455548474415896,-0.005205671726593656,-0.008761550342849709,0.020977892735269725,0.1561557067814424,0.07693357466039771,-0.008496160825593908,-0.0018179182705906811,-0.0024424312065274892,0.0033167149278052126,-0.00015065901438892054,0.000782032930798518
186.778,0.008906630388442359,0.02794416044375075,0.015749769179751162,-0.01996194242695944,0.003445141866074968,0.13261771327234567,0.0,0.022028908530902756,0.00845798907909199,0.009406449261208753,0.028451104060791453,0.0193108182349985,0.03937738389341365,0.012975233967907764,0.039479787025217254,0.031232949063118496,-0.002509459567590689,0.03144266122146359,-0.006915226262578516,0.02287213670120878,-0.010660122035646648,0.025230233304079593,-0.019220143503052803,0.02884547585596631,0.019147357334017474,0.1533364085812541,0.13732167098115136,0.013808416412612113,0.0028882217830038717,0.0036728908160370242,0.008288886782875558,0.001597452993550657,-0.02721442122278107
187.276,0.01175710091464931,0.021425532003795128,0.007776217114020122,0.05491203582813178,0.002963301024738254,0.1764384587979602,0.0,0.016006025461776187,0.006124882170796194,0.012085184979155292,0.023332095869966367,0.011808080025479716,0.019789128378824076,0.03558586975882601,0.030697575609059034,0.02645013639230651,0.008301476017838845,0.02783951393160255,0.002959238113446513,0.024359439349249033,0.0029539860186022873,0.034501075484617505,0.009511944346770631,0.000487160699380227,0.003444846846580617,0.1634579653579223,0.06362211799416008,0.04340527084199747,0.003432112356724462,0.0003032580674351576,0.005711810552227079,0.0028072788248753016,0.04452688290126798
187.79,0.004093995481733892,0.005531113143672117,0.004015598236723877,0.08187511656157091,0.0007773677799779504,0.0418882268233149,0.0,0.012382018697749885,0.007438468548248212,0.013741664743829523,0.01745545264068382,0.008036449584878159,0.007760002405028474,0.022402091347531523,0.0193505949086876,0.009959447908600424,0.01807993683807063,0.011180610176313468,0.01713449040569625,0.018359597982352777,0.007269672507203805,0.014936914078199765,0.014269046450884988,0.019359628880618877,-0.01004508569180308,0.06813885981737315,0.03658407342616713,0.03179211833241261,0.0006869417378149406,0.0003298558197673027,0.00537933396959454,0.000824215351650193,0.0513164205550128
188.279,0.024308351462018544,0.01569049131297289,0.0036383736915590555,0.11605174608321128,0.0025500924395754463,0.09470108779269638,0.0,0.021997034252117235,0.006184648101864402,0.023895672358083677,0.012764132187685207,0.0012300085990840602,0.008192794360504808,0.044757555373555476,0.015456428315777664,0.04156975820831087,0.02925593396856874,0.04049728490381554,0.038438015148911306,0.02129945807840021,0.0241057753628885,0.017920685194234218,0.05197893075374392,0.037174412108469314,0.018951941204492225,0.10939148521625836,0.06793775803745404,0.03296087432528328,0.0004029140547694014,0.006137161291703673,0.005460913698041416,0.001351822868801775,0.12560956315628385
188.778,0.022063757174224145,0.012767077433655462,0.008341633567663077,0.13456548901698798,0.001770483903389509,0.033264778803815294,0.0,0.02442956882054731,0.011026882016451812,0.010134016245593801,0.00799559872708283,0.010375109322615544,0.013624530301201481,0.0423785057009334,0.03285235476341619,0.05680278026348132,0.03784563560472618,0.01366760482064988,0.025043028644876716,0.03870985632477308,0.03980560711962593,0.010865602905900787,0.025052049283084365,0.02960409867939726,0.0272930458776888,0.06062455266685271,0.07812910885788103,0.0035370548553257017,0.0012727069178095826,0.006678486616895159,0.007399406228728961,0.0023695335458052006,0.12267616737632708
189.287,0.01607344915210364,0.008977731918555805,0.00853146010146312,0.14296304455357628,-0.0006653327747252762,0.0,0.0,0.015472554098826561,0.0007524427292175959,-0.0010699470149092719,0.01960623755536905,0.014761851044886257,0.02851533441878765,0.03816123634225101,0.04033198403886373,0.021814671813087473,0.03198997698888719,0.05792630722119198,0.0004214190508891654,0.03583627882211271,0.00835095763052489,0.019182140629143998,0.003155622666303859,0.025203066833130245,0.02020038458712063,0.0,0.09811180111329312,-0.01286911982260191,0.0028113783956920852,0.0022337584341436973,0.000572990100298066,0.0,0.12957449946655206
189.778,0.01053343176010296,0.012483808136887483,0.001743464895720725,0.1184950843320313,6.709946228970388e-05,0.047832816113405154,0.0,0.007942490699126227,0.001177568539516568,0.015140642301223353,0.021388060625597262,0.003826520417121966,0.013605581013308755,-0.004543516822740952,0.008960168229062775,0.026022184880722103,0.04231290664993495,0.02032329963038467,0.009209235105235752,0.029403829574818727,0.011902769385357134,0.0043294038339294315,0.034758041629068794,0.032768661496572704,-0.0037390094908683123,0.04387837441728598,0.05394906076207333,0.03213485936679751,0.0,0.001180901969518651,0.002161501780872213,0.0008571911699918262,0.1005917667677664
190.278,0.018100235106359608,0.005404193870844235,0.0005645320237684594,0.13730438683561516,0.0023751881434811582,0.02029213137724512,0.0,0.0032807062807567334,0.0029886590802546418,0.02280712767028495,0.005256399814217841,-0.0003714157176801076,0.010424536497062596,0.03729651816032024,0.01087527831532356,0.027055740828328567,0.04505046921063484,0.03137618558552467,0.036051484490509246,-0.003068601023110428,0.020357907707938282,0.012699915559259208,0.038275616936596354,0.023660854687715855,0.029754499536616835,0.02982385034494584,0.031086600447004235,0.03365293120712552,0.0015225291661272963,0.0029500189482328655,0.0036366556991102414,0.006655212165467028,0.0869108361417201
190.778,0.010976376389565974,0.01722079115505986,0.006997187414868062,0.11037048102476235,0.0015119585610291935,0.060195372158728666,0.0,0.007631565900526075,-0.00044596896857938416,0.0086890609386658,0.0148469180588955,0.014576550569980194,0.023703350989014996,0.023975237352291616,0.00910174509014652,0.04369682707894456,0.009888524140655459,0.03191536353660669,0.012369194218809706,0.031112215311487734,0.007617999520037343,0.009545309004860595,0.023738288490113117,0.02915709868567267,0.02750071442723269,0.04968589146825218,0.08221853828800305,0.015427911872633648,0.003400990415228722,0.0006263892543194211,0.0032756561699492912,0.000812741569631653,0.1137280680464338
191.279,0.014671087177844037,0.015720518958134404,0.008790135804351359,0.16056619940992362,0.0005689762367770627,0.07305857710515391,0.0,0.005833487851441188,-0.00441527576771466,0.0007323636082828616,0.014084296057812681,0.019846858000692805,0.033378974115612595,0.02528585821215582,0.019240237109105496,0.03609767338641929,0.03600342314188786,0.05968994205101102,0.011091391347250285,0.02344124945198765,0.006952860855105855,0.029617508384706635,0.01473458687312363,0.02130818365141997,0.00932452996428463,0.07889907738906293,0.11610734406374296,0.0104227223033058,0.005567601311878918,-0.002687557500845024,0.00171347618138845,0.0034539589275331744,0.12778294575080418
191.777,0.02392703191177358,0.011460318356439484,0.004664906742941485,0.212194389746834,0.0017470852947272465,0.07927925875298422,0.0,0.00473880605233796,0.009492772243882506,0.02049569073947562,0.008128570814615347,0.013008763354641044,0.010576314763277186,0.043761130559288215,0.04556222131189479,0.03900157216530178,0.04991385604650836,0.04915924218663701,0.025021559456883002,0.031255841281412906,0.02095438898649833,0.013025412473452434,0.019794921105078692,0.019802212035979563,0.026711620046497894,0.06689860690059336,0.02195836658072754,0.04365606659477671,0.007122325192120573,0.004957639238701599,0.005284230966417951,0.006674111269297418,0.2217927171147472
192.287,0.021815384360792785,0.00013243874682950844,-0.0026893808996665634,0.1307857156446006,-0.0013381245435605742,0.04616541945706548,0.0,-0.002799272337065104,-0.004114747573235479,0.01792141763754009,0.008182735552692418,-0.002984955543264757,0.0016510739110598854,0.04640773032361159,0.040573911366356574,0.0399640055830032,0.03703121680932118,0.03865498146847587,0.0245483982778574,0.013621673028178204,0.025249583981905934,0.018728416280937486,0.033406970755627444,0.03191692012844517,0.030707819570861678,0.044646578040443044,0.026734189052387586,0.031314689543131796,0.000419288379729323,-3.2208306246148543e-06,0.0017065663625384056,-0.002912462330851024,0.12524769936936808
192.777,0.02971500591953043,0.0011251495732041367,0.0007878479312059834,0.14620369559245766,0.0020591862246691,0.10469253478433897,0.0,0.012772990533823745,0.008965806737968735,0.011514268709268645,-0.005391962808700173,0.010343755631325871,0.007547725020068952,0.04132177114987998,0.03654801226958907,0.027044285562612153,0.05844549114131603,0.05481779795634203,0.02736885850167506,0.029602691517232185,0.042038432216452794,0.036168968282505744,0.04295961933723098,0.05047396666937486,0.032642430217969816,0.0916918255487721,0.05469956930867393,0.01265240092227941,0.0033148655309469866,0.009096105291781058,0.0035950327111349,0.003190144241533638,0.14486805524340068
193.276,0.02616898503402819,0.011528344644210533,0.006210422438912942,0.049850431693977085,5.959951616398981e-05,0.024381581689517796,0.0,0.012013427116384388,-0.008335518085632496,-0.0021447327076010957,0.00794499111866356,0.016550411186320363,0.023706105015995748,0.04038329059870052,0.05451950176341088,0.04224922383119439,0.041898022442144696,0.026654780402852907,0.030039894650627032,0.05201281419740037,0.008572698276458823,0.04953547889888826,0.03393497783198526,0.00942697770910468,0.026930854434092367,0.0314539886064601,0.08824410155168048,0.005691336588633286,0.0029991445671416063,0.0009054535948612628,0.004528416985185133,0.00021379489271475168,0.05508666700341421
193.779,0.021488497463211347,0.009337064842579549,0.005718928260230329,0.09031748330693397,0.0009413145555142607,0.03234197064230945,0.0,-0.004795665006980486,0.004241066066265172,0.007552898919273245,0.003693360857806752,0.01595226136518295,0.0207616616743192,0.045327971148123675,0.029038658885324746,0.02971413035273162,0.029819364605253414,0.028811653982939958,0.03434599809735274,0.05921129233401721,0.018567629581554983,0.03908567467279345,0.03049951410848337,0.0027587086977475454,0.027665137160776555,0.051552830507171105,0.05632306807500931,0.01931661753166968,0.0036192056409328297,0.0024118445977045597,0.0013250531167030666,0.0009641807441439631,0.09346108183816121
194.282,0.02008094643554525,-0.0071055662230927906,0.004459081027795515,0.09103623421809863,-2.1286085190158516e-05,0.04407810482875776,0.0,0.002410507521091241,0.010531049088280942,0.024413785833723008,0.006337845586537585,0.007462253387642837,0.004126326410284302,0.04564888903071711,0.032924221973034885,0.023598091219514845,0.05420653068652363,0.03969170150329218,0.03337611101107137,0.028289575559744932,0.01646947007578058,0.02227768720288645,0.03984762501753511,0.04415852057011835,0.02179239631761345,0.035983506735336984,-0.024097654863869073,0.025730574304065213,0.003618224643131384,4.955133859070932e-06,-0.00011554193659876289,0.0016205854252055352,0.08247255407156394
194.786,0.01667244862109445,-0.006180644164504823,-0.004056064456309407,0.15039918819795495,0.00047908623010657733,-0.008317132739464151,0.0,0.0032869537087487034,0.002994317774614088,0.022525470209750757,-0.0003705297180692376,-0.004439002994149924,-0.0016588737510811048,0.04738336050595107,0.011004977608708659,0.029490693218667166,0.04015025914972894,0.022698609439878475,0.014397012128778239,0.003928714267419354,0.0369317192741333,0.000844167744868297,0.03375787786562768,0.04119220754052258,4.1821430681985096e-05,-0.011812055270380956,-0.012206352492666432,0.027646550568238185,0.002394587620722311,-0.001443428651111901,-0.00031724434222209317,-0.00127017381677583,0.1347741829091367
195.286,0.00914954647324303,0.0006019982633317369,0.004912773084681081,0.08581070429136732,0.0008966229846339125,0.0542009006856797,0.0,0.01549477647250082,0.000509895390301467,0.0007559916610855227,0.009916463975599152,0.01242532038158616,0.020420849035554436,0.02691440247024528,0.02203667480665148,0.012109902240166533,0.01757410652236752,0.005274936617822349,0.023971425231444597,0.023074407608856342,0.005488453319874555,0.027720683034251962,0.013949232031116369,0.0354324951424215,0.01235779575828658,0.042809514814467646,0.08672452286883725,-0.013412303947015342,-0.00037855572851726077,0.0032855224957047684,0.0029093847498456414,0.001785145320259,0.054853080078892176
195.778,0.019591708264661122,0.009220252016602868,0.01150158891638123,0.1168172181188695,0.0016546539841477172,0.032821316231793234,0.0,0.00727933063613491,0.0039000755523922914,0.005202106474903843,0.015990320477364962,0.021091208521162655,0.034361800980820464,0.04417291878390013,0.02530832021118063,0.039986364703503564,0.020897731681643997,0.024987582370398092,0.015249085184017568,0.04500869499791969,-0.006574380717982127,0.04095923295270986,0.03459594741994429,0.03659902461283338,0.03851922358251283,0.04296523464293143,0.0634299377368537,0.01930244139134462,0.0035095227155137894,0.0019299314623375252,0.0005546525641794669,0.006421040078012504,0.09252707211268026
196.279,0.011668612047266052,0.0043174814399470855,-0.002678696665880266,0.09608041171291803,-0.0010577094442926495,0.041466573155783386,0.0,0.004051609058239503,0.008473949118546582,0.013135870093118696,-0.0031875849194732677,0.005029958002613882,0.00034755281344878093,0.02738911739182538,0.01866414619271469,0.0020920958013508806,0.036077412429869726,0.011029446940504119,0.026219157763999235,0.004811079069229411,0.036932869135628044,0.004492452721107228,0.022982686481368877,0.02072647744994208,0.025645834364429382,0.038795131532885656,0.009280513944249924,0.04653225392628482,-0.0016246165451521471,0.0006980627382824436,-0.0010423316936430409,0.0007402839561822462,0.09679216783681129
196.777,0.021458201084194974,0.005636088682095314,0.0002679293530665348,0.06865659058992231,0.0020026022237668527,-0.001827829081021435,0.0,0.00018147434093608494,0.0039118142680500834,0.009263014263569099,0.01132178777646743,0.0036883454986756554,-0.0016489084259160489,0.04830217879176433,0.018063002964313245,0.009636725008245889,0.05311537260990783,0.027746108387334927,0.039160047994249304,0.011700698081623969,0.0283773445851552,0.018619566798229997,0.03354447345744928,0.052440395406115205,0.006167064885047366,0.00951496540772001,0.029785333759393524,0.036741914390276666,0.0025309042601411786,0.005472739351216452,0.0069026440025362,0.0006641973346214522,0.07160712802277358
197.295,0.031037789111664604,0.010530407120799293,0.0021688215663159182,0.10453748691195422,0.0039035339716560597,0.03408718149876817,0.0,-0.001089109572872435,0.005168859771005856,0.023512552989671056,0.001806939509601194,0.0039021857901333926,0.0004061994069685129,0.04755052546393603,0.01641051140315899,0.026923858313953948,0.09300038199099991,0.020560779056036427,0.061110148755786964,0.016167457736915962,0.04031999153746027,0.0206688234048993,0.044699550082654645,0.06128479405685683,0.024482947398205317,0.039550276251476175,0.06529680851457083,0.02360561717109705,0.0024471627430405897,0.00230666509275652,0.005964489764326877,0.002719896821823837,0.0654665098312039
197.777,0.013324192347840989,0.0071507317697535695,0.010701504088717846,0.06014262093839248,0.0017840696415934948,-0.005750944568722881,0.0,0.021152879014230686,0.003837039024535808,0.002619763101312166,0.0015915749161484023,0.02216216419013443,0.02937897151163006,0.03828437050687798,0.02417718852013474,0.02649763972798604,0.04650998474348921,0.02315360676429933,0.03462788840358051,0.004421489502773057,0.006938677443696928,0.01986995246349306,0.030232856628191505,0.03220596055453148,0.007341747297561319,0.0003392173083275163,0.08257316075217251,0.007997553523053052,0.0023837921471418543,0.0028643661888554973,0.002892261131666892,0.0044448206345354,0.03839342698339477
198.277,0.028083373632606542,0.0025716552057340443,0.005221337411062574,0.043124343680474866,0.0030943118649510207,0.01828599137043318,0.0,0.01398935927283178,0.012736871925097966,0.03163288457712777,0.006010822652062233,0.00652412780787299,0.0076675034690038375,0.02710577901106853,-0.003003800370345909,0.034954904536629694,0.08070518551199107,0.04224112267599766,0.0705691268617079,-0.0009339168165615314,0.03410426461840644,0.02105510037690427,0.05593461488148433,0.018783049116569826,0.02970421684069685,-0.01016302040575717,0.0030913384573782476,0.03972496130638413,0.004548077158558999,0.0035730636055495845,0.006797905855443507,0.0012608051655021825,0.019805329907095614
198.788,0.03563005334775449,-0.0016530792569014715,0.003320380011073485,0.1002398730736037,0.004075581090526189,0.04165523545549108,0.0,0.014242436077938802,0.008308555635704205,0.016549175692669487,0.0053396723807990565,0.005144153332954343,0.003079499109326381,0.04609814963805208,0.01912866066158064,0.029796023593835978,0.08706570514776696,0.06026263207835806,0.05963937811340448,0.033997296682159624,0.05555113348401943,0.0447292237851019,0.05318056815542547,0.03429705885789243,0.03863526842963249,0.0423072034896164,-0.004127455437270707,0.03588001765846375,0.0061501066808773595,0.0034661431915871135,0.007190868827903028,0.004323458488260307,0.06193725310447689
199.278,0.019725581224421557,0.0038294600434551247,0.009793892257461101,0.08479284263090506,0.002823604758725115,0.02454311107445549,0.0,0.018336806531700122,0.006598888215953921,0.001702844353322201,0.0086358449312972,0.017992411877651045,0.01891765336233901,0.037889314499439705,0.00458249745355297,0.03996863983442145,0.04422983883609277,0.028152239846344122,0.025849678452800777,0.03686482827699395,0.010167474104002172,0.02743551648928821,0.03374888110148026,0.022820926376833275,0.029631440990200753,0.02909225154443179,0.06314091863099444,0.008650873520085124,0.0023785824625402237,0.001881367075311978,-0.002168815215957008,0.0012701482857758206,0.07913025647603138
199.777,0.008551188873637792,0.019276540901675066,0.014222315181447235,0.040581497834590655,0.002237765279168524,0.03608422740698446,0.0,0.015170538409652778,0.01091661118937041,0.000642380596866769,0.01486609198042008,0.020008175378309373,0.03540487153649611,0.008663247333683023,0.006288500023272347,0.015603466319592746,0.05917503911218514,0.02949582521626701,0.01667806391669289,0.029121811173834194,-0.0019693240124014693,0.028861951984956304,0.014670846485957642,0.0004957540221449978,0.04159992284068535,0.03346360964658408,0.1161006993613575,0.0238110682519946,0.0011717712702153517,0.005838531023001743,0.004905686107222328,0.005834198027978446,0.053416509189261156
