Time (s),ROI.01 [],ROI.02 [],ROI.000 [],ROI.04 [],ROI.05 [],ROI.03 [],ROI.06 [],ROI.07 [],ROI.08 [],ROI.09 [],ROI.10 [],ROI.11 [],ROI.12 [],ROI.13 [],ROI.14 []
0.258,0.4301139275067987,0.4606659273067492,0.0,0.8948152003515438,0.40584329928963214,0.3076678783757876,0.7061795089704479,1.7648276610443487,-0.05955449030753032,0.33764224280544775,0.29536178480696984,0.8674131969772955,0.8102271263459822,2.174582463898026,0.9421639770532098
0.786,0.5660160682364987,0.5448209153794591,0.0,0.9173612794756665,0.5173827493778738,0.3367091943035677,0.9199616791425086,1.8964978885348953,0.11845648875351826,0.37700881206529385,0.3594488909352613,0.8789915245546531,0.8569062072955549,2.328496606919203,0.969835757851472
1.278,0.6649847015992985,0.5513676078422429,0.0,0.9169604688186197,0.5233836422788739,0.4368155808147453,1.0226235822985188,1.9430844490618095,0.08469855407240424,0.3970675080842576,0.3433137164245902,0.8854866044779769,0.87554554949006,2.348567922156636,0.9800483675784992
1.778,0.6552210358925911,0.5659966757535531,0.0,0.8944885764824807,0.5178476260888693,0.43588623870760795,1.025471638636573,1.9291633549240907,0.15434605253183648,0.3951007991815219,0.34131580846833875,0.8786764209998283,0.8469462921315896,2.1236446179909345,0.958949328262515
2.277,0.6661579881317317,0.5745436803012971,0.0,0.9179238617130628,0.48005254112255263,0.4033568285642377,1.0949296597852984,1.923193931982173,0.11298184440279875,0.4072484627719356,0.3749316209156873,0.8815784461056609,0.867315490455159,2.2379240094736192,0.9643411182991488
2.777,0.6642689616943989,0.544755114254569,0.0,0.9052352167450259,0.4676580891367451,0.4139122386925934,1.0662197316156656,1.913894124721162,0.0634603303624274,0.38810453908237497,0.35537397958450534,0.8653541733948997,0.8573848694685522,2.1762235006118518,0.9583960371004144
3.277,0.6455400051372627,0.5578695915993178,0.0,0.9109654175732532,0.5059251416346255,0.3869250564424458,1.0497480199776226,1.9073914656399287,0.10290544814134367,0.3997928936778605,0.3788794575048072,0.8703751716957129,0.8510251738405143,2.08397897173941,0.9412978940114565
3.777,0.6275197432468852,0.5478324345631796,0.0,0.8871186315188817,0.4242152282353233,0.35321127380876516,1.0404154714939498,1.8879465409093326,0.07883834670982112,0.36242075883546826,0.37371596269315666,0.8714808387788354,0.8624330931271604,2.152016212229859,0.9547855931246417
4.293,0.5992444106215976,0.5299916423964768,0.0,0.9211719890241346,0.4896354458251556,0.36732309212256986,0.9560243703712593,1.9239809724220207,0.060117237369965645,0.3762389306469786,0.3564278318255901,0.8690227939107281,0.8668444538806646,2.1494019167137584,0.9387898300654351
4.781,0.6875115489707133,0.5320469428993474,0.0,0.9210596427215892,0.47417131043191435,0.38684076352182356,1.0424598643900267,2.0402159287685007,-0.014761438307310465,0.38980992687782606,0.377726643131016,0.8756231146558183,0.8647098802728106,2.1860418403002106,0.9693182682684649
5.283,0.6216975411751651,0.5550581115203086,0.0,0.8903096878929225,0.4339360054971404,0.3546029296787766,0.972194114593198,1.9710265568383083,0.08359702460929821,0.39024845234037114,0.37583049327987506,0.8640081150105005,0.8487382450547827,2.1622633102480506,0.9328292118678606
5.777,0.6355358148848654,0.5317635898712505,0.0,0.9214317459551528,0.534475847711469,0.4080745425960202,0.9526193357127363,2.0022199742272173,0.0451869128590848,0.3958271129435637,0.3576814322673992,0.8756978399390193,0.8665697773890056,2.338397985567096,0.9512282934003004
6.277,0.5861411771424754,0.5491266123081289,0.0,0.9283935278307494,0.460854575841857,0.38563955776053693,0.9057391911822315,1.952273256797604,0.09055217514095615,0.3942456487268127,0.3681040528846108,0.8714962007856435,0.851278148550396,2.2067342146147224,0.9492080813706069
6.777,0.5945633057844378,0.542091101252935,0.0,0.9194684079777132,0.49162395616841165,0.37552617920209175,0.9083833034194088,1.9359503880133833,0.06255755260901802,0.39775105301275543,0.3671731142118505,0.8687226875312977,0.8584119530990983,2.17866071667701,0.945778549454921
7.277,0.5829526275132317,0.5403965433411854,0.0,0.9139301160943168,0.47568861323795486,0.4048799548116928,0.8600583801347044,1.935477015890979,0.08803723034140905,0.3816037965673663,0.3458864151463367,0.8608557960375127,0.8543640939628171,2.1604688549123274,0.9358768028200766
7.777,0.5256960894416878,0.5395922523722115,0.0,0.91381805577988,0.4862425397910382,0.3651307484307069,0.8136067278635154,1.8603921941314518,0.0036552039331067434,0.39709977911312966,0.385737355283504,0.8664567589558733,0.8585459636769162,2.112595161678752,0.9287898055515897
8.277,0.56444456135511,0.5672134712468588,0.0,0.9122680322981931,0.49688773944673076,0.34790306635146023,0.8826555307892852,1.8975381354322767,0.09028462139532849,0.41930376688958587,0.36876252623045386,0.8654349639997376,0.8550089274075791,2.1635152242880547,0.9372216519578243
8.778,0.5277741933098135,0.5274808767997605,0.0,0.8937830182438471,0.46581083812339885,0.2975646567344086,0.8778712791568749,1.8526034949495112,0.012816667497050068,0.3804875865668072,0.37301494906401855,0.860630297674067,0.84789910088363,2.0922733732104035,0.9325309966972295
9.277,0.5352113989488565,0.5563488968140051,0.0,0.8951567173277759,0.45024307049685147,0.3697539493416302,0.8580891296802304,1.8293531398165503,0.04657900474215705,0.38491172195008994,0.37279008079859355,0.856519690463363,0.846144770530894,2.1249904218164586,0.9239083808956594
9.788,0.5306690146575398,0.5569416253108901,0.0,0.9113101347212842,0.4350395098501325,0.39706801979114487,0.8144541242066202,1.8176103864515776,0.03824696606683457,0.36740623339118156,0.40114452847822174,0.8639192394818301,0.8363304740460796,2.08734227565541,0.9249976615855341
10.277,0.4809019620161949,0.5314099275599612,0.0,0.8909270604020331,0.4203973193663014,0.31952960728438307,0.761042260506071,1.787609107949431,0.06868355455772321,0.3674060920066635,0.3400939139167605,0.8535679570828184,0.8249763637418146,2.0188015267016555,0.908359809270723
10.777,0.5137016988855247,0.5629970586632811,0.0,0.9129193505209522,0.4531045228430734,0.3552817028524352,0.805109755816793,1.8360548009192437,0.10179240799997472,0.40398003316972453,0.38238658986483465,0.8742236671086763,0.8434609841296951,2.024880400508381,0.9410607516400338
11.29,0.506368821529131,0.5581885244221841,0.0,0.8991905809373415,0.4813975945395511,0.3367937403561504,0.7816695295095846,1.8394996921094635,0.08476400113984871,0.36908810893202193,0.39999898800130707,0.8583196707404762,0.8286399694510072,2.0038953553058425,0.9236822859623492
11.779,0.4805332253939637,0.5444640178103551,0.0,0.892718935781124,0.41358538341610623,0.3006566311773851,0.7944313611176361,1.7902705856143235,0.04785809272781115,0.35320985784550346,0.39746523630148956,0.849786577613028,0.8272939535574589,1.9910347153014534,0.9102178718285802
12.277,0.5038568772897688,0.5439715150448919,0.0,0.8910539305611994,0.4436753915514978,0.3433269796143264,0.7834054175971076,1.816112590344411,0.05736395042773751,0.3741277408485482,0.38358955699380465,0.8501322618547945,0.8194858332367341,1.9898867883430298,0.8961616154053856
12.776,0.6013809993409202,0.6022091984477147,0.0,0.9253000513557814,0.5239948252722344,0.42622378297674984,0.9210986293703468,1.9352873003648725,0.189228359065764,0.39022245878653733,0.42461752506288647,0.8663669778636517,0.8511360715135069,2.1278163084381263,0.928063621160908
13.276,0.5632227670784472,0.5729620858982143,0.0,0.9202619926613562,0.45889172452971705,0.36786995193802247,0.9017047033187239,1.9034248567529912,0.08517457020932524,0.3948789385087869,0.39450691182270786,0.8603240477949327,0.8315135122479358,2.014914519729008,0.9247524347218001
13.777,0.5104581526416715,0.5299930037637851,0.0,0.9115958586571776,0.4620290068480505,0.334910628914198,0.8420794088021848,1.7938036785815565,0.05152562753596715,0.3836671206183738,0.3660023007655887,0.8540674047191075,0.8212642891826987,1.9361744465320696,0.9300784572083725
14.277,0.47094733098009467,0.5405414141697108,0.0,0.9197552758663448,0.46359433686694124,0.31355851067956564,0.77221186134629,1.8329855942979538,0.03896430440366531,0.3833162606605827,0.393554216989603,0.8631101542464715,0.826021854689047,2.092763619553314,0.929306925792291
14.777,0.505779323284901,0.56627765991488,0.0,0.9174633193426354,0.42344747165787405,0.39308486287412414,0.7727033906000609,1.8511882808947806,0.13562338390334835,0.409229090985902,0.39204113720211653,0.8644779135828196,0.8437797282429443,2.2481472959568656,0.9381431281350019
15.276,0.45117638186787573,0.5379954840610763,0.0,0.903249314660284,0.43257994691986545,0.3223223481870171,0.7095569888955363,1.8392751024058132,0.08387233434671336,0.3742505192122161,0.3478459112472744,0.856467636844115,0.8221433782824206,1.9670904087420227,0.9278861809183052
15.777,0.5154718627206905,0.5770224523045033,0.0,0.9125448435383583,0.4416481178093126,0.3434814533525843,0.7939817613464477,1.8862066582253674,0.1329742506395882,0.38807867984388567,0.39068676161405974,0.8535930001506878,0.8222399064797583,1.967689314050236,0.9080478545669818
16.284,0.440521246644635,0.5391108313705822,0.0,0.8884029574792395,0.4327849387819262,0.35695522108615974,0.6639404471781813,1.81582355316039,0.0634834948959262,0.3607725540308718,0.3572804068185351,0.8459905657991382,0.8078666715914009,1.944682850402643,0.9151461701245762
16.776,0.44308503058186643,0.5054230695969723,0.0,0.8909192337375146,0.4337461692495636,0.32296954315688736,0.6818686071917469,1.7743534131198355,0.028325488213075234,0.35001492701381115,0.3217738726384371,0.8448917588488565,0.8214071926028802,1.9796945472783294,0.9078725072640254
17.285,0.4940838946154632,0.538912693939432,0.0,0.9033964610211263,0.45793285889855373,0.35479667050200275,0.760625903750875,1.8402415754713808,0.10726814189964981,0.3694400009971021,0.36190877872337,0.851257668921182,0.8234916870203678,1.9831790187500906,0.9187433588160019
17.78,0.40901971143824617,0.5266813008994801,0.0,0.8862176817955874,0.5119439903233813,0.273820062404323,0.6811371105507158,1.7167604027213825,0.05990063132623896,0.3531837935993225,0.3517547571275124,0.8413079029939156,0.7943269031790151,1.871913896283711,0.8916549008116792
18.284,0.48397228042679213,0.5655108416408107,0.0,0.893847065121027,0.5033726417308,0.3756408479501487,0.7543769455887359,1.819120378556852,0.11836699139291192,0.41270739184902727,0.3707959736173208,0.8528558844187215,0.8319535170268623,1.962298864864957,0.9200620831426349
18.784,0.4370327236648866,0.5328557895500082,0.0,0.8846904287670033,0.40771520215711954,0.3221949912028533,0.6898894391567401,1.77370937673624,0.08762462587548071,0.35148431567899824,0.3721514195384564,0.8508276369686641,0.813101021462493,1.7825270529809678,0.9093384432188113
19.276,0.43145401926640203,0.5516602352763578,0.0,0.8967181622371372,0.39597853999983795,0.35799856746992686,0.6650785095140417,1.808336246585097,0.07582874159113823,0.34729232669625243,0.3844672629731512,0.8481969747418456,0.8105055750555058,1.8970962519387689,0.908290996698708
19.793,0.48489203591691776,0.5210681942037055,0.0,0.8997522472885328,0.42475747679375925,0.3329317070504316,0.7658468156260612,1.7998695535347191,0.05890182693732719,0.3576917205501115,0.351906460474189,0.859185428620913,0.8216139341245368,1.9039676881555978,0.9006220637218908
20.277,0.4816065333122613,0.5539579819867049,0.0,0.9079538133667233,0.4111408322179565,0.32733448625301304,0.775711402653687,1.8536183933015562,0.1394458830181685,0.3861426160474405,0.37169087045825183,0.8499770782238848,0.8175482893034571,1.931858379818165,0.9043236859970295
20.777,0.4152551057707339,0.5209145856197833,0.0,0.8899202588423225,0.45281025747514736,0.3053863056911134,0.6373652406335899,1.8579450232698227,0.07494915637732665,0.3512655442591357,0.33883433926816797,0.8494267952445143,0.8043487509672066,1.8365658238050828,0.8841229609931043
21.276,0.3915672319560883,0.5149741907278592,0.0,0.9000236971549166,0.4608107654905749,0.3214619212381379,0.6234659854005076,1.7426285531207317,0.07735942084763382,0.3540835438176799,0.3513873707216607,0.8469518638956873,0.8030505417102612,1.769139545096015,0.9000377806380692
21.777,0.4008840695484338,0.520449724020709,0.0,0.894938754495605,0.4849803847820001,0.3183139730051297,0.6306836874348147,1.7897169032426639,0.0017627330794992976,0.39237581653395753,0.3351705887662148,0.8596141706339095,0.8092609146914829,1.955645952225509,0.89345015876534
22.276,0.3809199959010644,0.5268386265571902,0.0,0.8970706843291097,0.44198788322474464,0.28639992649587287,0.6512616103970675,1.7265914533116473,0.03402979753207917,0.360689214893971,0.35366848010204816,0.8526464125763809,0.8003956787207697,1.871171971061877,0.9097397459258211
22.786,0.40867389590653486,0.5548812346688896,0.0,0.9134915948155105,0.4787486122517938,0.3124613421267996,0.6497587540495735,1.8075619999865227,0.09525180861517825,0.4051876695047232,0.3485269489642812,0.8649320504654096,0.8333075126829969,1.9774047215982866,0.9148044382248409
23.276,0.42491953301960295,0.5274644548498792,0.0,0.9016137046835683,0.43343263470555043,0.31327683816449925,0.6812693236766497,1.8028996612206316,0.1014369117595389,0.36753098406965046,0.3303401095589501,0.8518201476922059,0.8146561233710182,1.8767655718211576,0.8971906768871809
23.777,0.37719797736011695,0.5015543671812707,0.0,0.8925014544227747,0.418722812107075,0.24732363961353654,0.6577435627281695,1.7293784381596293,0.01466821522715151,0.3648496680476578,0.31100010628318897,0.8393332857558576,0.8033449407221738,1.8299186379902113,0.8828457343244405
24.277,0.391387115167792,0.5209474923969158,0.0,0.898278955527774,0.43296490248206426,0.2889570332469279,0.6356467029358717,1.7544977702177427,0.05896251477445415,0.3697263542431048,0.3379650648931469,0.8449213232198574,0.8090672883137614,1.8921485767332242,0.8960429005865036
24.776,0.3441281822078726,0.490802985101212,0.0,0.8857629967531304,0.4178499512685939,0.262920329617094,0.5822989808233945,1.7250222747449533,-0.0035240857095642326,0.345002235927716,0.3110956280593322,0.8477058986826193,0.7984233953351182,1.6508566509682152,0.8870861202983135
25.277,0.30965880273213847,0.43865400227588996,0.0,0.8991740406829353,0.35510957321102904,0.24529424957843932,0.5260928552587981,1.6407911319623187,-0.021708873832263054,0.2854473492719468,0.29880931708329334,0.8359644133029102,0.7915922831439369,1.7162883368859383,0.888747405492953
25.789,0.35412890422775944,0.4879026849457121,0.0,0.9027677250061191,0.4268840847430953,0.2969283464360514,0.5890257322008307,1.7014892594207278,0.0047839080853845,0.3458800220526192,0.3146361810270652,0.8483942182182903,0.8151329298710437,1.9303703096085276,0.8885140468279605
26.277,0.35971663178161545,0.46655325958194377,0.0,0.9136193917213217,0.42252159199329764,0.2950049870228581,0.5564352980588837,1.7443409748806986,-0.03132673167279618,0.32873284441843054,0.32302996324312055,0.8523912716638307,0.8200731555763855,1.8928834187773558,0.9068672560483553
26.777,0.36682551808419694,0.48023541027024413,0.0,0.8974881510839171,0.4010899444198466,0.3187944489812342,0.5697395078108497,1.6819904092476727,0.02386663673427304,0.32491777963956864,0.31249315554966056,0.8506508826827905,0.8016769877036288,1.8398801482984746,0.8807485841924079
27.276,0.4016459416960015,0.4927639725348829,0.0,0.8956041332017618,0.413355308052606,0.26637463072482703,0.6844874865970003,1.709779429348483,0.046716874870952045,0.3505813418924288,0.32264814918284307,0.8562919705375018,0.7989354836014239,1.8430546177025582,0.9104343146167038
27.777,0.4042139515254404,0.4843978675252495,0.0,0.8972782936642645,0.41015104662441293,0.3132993985446982,0.6617282086101728,1.63632819377976,0.01807311632674794,0.33036426687414583,0.31147763871152384,0.8431017137118665,0.797176272422937,1.7658500870784661,0.8913712787651562
28.277,0.3803606827814709,0.46536104327534245,0.0,0.9031837654400598,0.3984039806617009,0.2546132686122305,0.6576287300488476,1.6849068071867173,-0.03626480719243178,0.316435701987739,0.30505251595910476,0.8467668552999662,0.7953701695322706,2.0136366842714595,0.9026408558357314
28.777,0.4477132942597567,0.48823470575771866,0.0,0.902516471699055,0.4223206546639378,0.2886561543494735,0.7160051346420766,1.783131542540394,-0.006521177509833594,0.35079428826785625,0.31131689214153635,0.8542505240095032,0.8181636293535391,1.8185114058349252,0.906049852320169
29.277,0.4345701360991481,0.5087556331119371,0.0,0.9017308802047032,0.42881814112556116,0.30137242489050897,0.6554328575047126,1.868620467376131,0.019570730554362595,0.3479264153010418,0.3395002940246522,0.854709156135842,0.8063434979566488,1.9600631426085022,0.9143758616419259
29.783,0.42842868035499687,0.49395633579892223,0.0,0.9146872499523437,0.45166407538361153,0.2714932740350705,0.6687878410042649,1.9417732198407986,0.051202937292489176,0.32529186908275565,0.30982038067487216,0.854390899395551,0.8164509667907967,1.9417244932819273,0.903894805732623
30.277,0.6508247024452126,0.503017464870868,0.0,0.8876936488130649,0.45460182968242313,0.34154233647915366,0.9766488591045599,2.1915231878880364,0.09455487478817455,0.3455748717275456,0.3065111288934456,0.8513800893917681,0.8014998723882731,1.8571501419786918,0.9187293320167432
30.776,0.579363797099844,0.46547734147567477,0.0,0.8861746279005965,0.4299324919992398,0.29526466870453544,0.8968744344548878,2.111691412644022,0.020460038309543023,0.3377333934399342,0.31144961345680144,0.8390858519060342,0.7946695552219577,1.819604927957555,0.9033005011613782
31.279,0.5396942256625817,0.5088130920238431,0.0,0.8879142579411174,0.4443772721176916,0.2785847007609583,0.870315406078131,2.0065289478976456,0.10210959457282565,0.3596890392130008,0.2989961339115901,0.8538833668354305,0.8020552867447175,1.8587834926904483,0.909245393585204
31.782,0.5728687929410498,0.5252565920126092,0.0,0.8869567802962739,0.44206332188270847,0.2856481247708273,0.9328486529727439,2.0528587946211063,0.13530883033989488,0.359321700883147,0.326749851628585,0.8423468319949308,0.7881590169924296,1.8208892437695832,0.8824332364423589
32.277,0.5719667011812318,0.5339424172738801,0.0,0.870062620874918,0.45895145417909994,0.31838766602764174,0.9492346270848303,2.0119573627404,0.06480717677848549,0.37344201152838663,0.3329038633533003,0.8346203875504329,0.7783295818315887,1.7885931167853815,0.892322819404542
32.793,0.5773056899547848,0.5156522817791289,0.0,0.8871000422856721,0.4133912897246648,0.3332913441886452,0.9197294439122257,1.9771256320083093,0.0426563431689484,0.3613566490503151,0.32916028565470973,0.8466491059739346,0.7929378729335551,1.9391065808238386,0.8979896709542016
33.278,0.5378902996973115,0.5091136017892166,0.0,0.892712379773087,0.4698783866754157,0.2905951762985808,0.8850151011425741,1.9724998812369137,0.09139255779838813,0.3283921641500576,0.3303787289278698,0.8450915431152716,0.8091239914818692,1.8921817320347556,0.9172352357643596
33.785,0.4444767082357618,0.5098306131761539,0.0,0.8980258559677781,0.4117731364122878,0.2978916082169424,0.7110572603430789,1.8614192486256824,0.12450511661261124,0.3500124739914559,0.3073362902506514,0.8442403719749586,0.7896177899210876,1.8384048880919084,0.9004308100777303
34.278,0.5426398664927976,0.517142037263062,0.0,0.8950079057191944,0.4303515218692954,0.34149933569863183,0.833627732619398,1.983448340333183,0.045187764720692115,0.3507011723877471,0.33221128132841404,0.8437611789947705,0.8000989591953157,1.961408946434026,0.9056131748297255
34.777,0.49323257732848347,0.5217900727346627,0.0,0.9057673321884747,0.4690450750550718,0.2666397547421895,0.8248886967111333,1.9266397000088344,0.10062776735601088,0.3499627348984494,0.3299522229960459,0.8415224564160813,0.7866172257559484,1.8583664894223701,0.8902821868501883
35.286,0.4824105056005374,0.5199040811387019,0.0,0.8965703678777488,0.5022293003947331,0.2951500948810877,0.7826753186055857,1.8504905582059132,0.04441132475951003,0.34839905686116984,0.3400181059304912,0.847344845919217,0.7937761040250775,1.9488757903840639,0.8910249177754386
35.778,0.5335572771203092,0.5252308963878398,0.0,0.8990780282888426,0.4187672865310819,0.25839104063876944,0.861423876098759,2.0040163331506124,0.06680445407184879,0.3837215890253552,0.3124257791676386,0.8418698475475073,0.7953764467241374,1.9022799326080477,0.9124766461456074
36.276,0.524525148404541,0.5289945497959466,0.0,0.8957546534993369,0.3932858986217228,0.27741437709074956,0.8615020768378397,1.9692435098864836,0.07305925642916462,0.3751122652572221,0.3263850427598327,0.8437276926864812,0.7952011077637714,1.9373493498489358,0.9089184271693317
36.787,0.47484623437669,0.5210093702689534,0.0,0.8831008773714153,0.42450197113537685,0.292820174004828,0.7578487142495368,1.878920027632064,0.03793146929658889,0.348027858732506,0.319148050440899,0.8489010015711447,0.7979165328357226,1.764808257084641,0.89001895249796
37.278,0.5230524974000452,0.5510864262752716,0.0,0.8908626478943378,0.43698382984494255,0.37095369959430874,0.8082090734513802,1.8982666271097786,0.07501488538607638,0.41703990295944526,0.34120121728656577,0.8517338390128498,0.8179937448911113,1.9059542935334488,0.9057038688802648
37.777,0.49217699190294173,0.5153730888907172,0.0,0.8808403759300079,0.4486489455480792,0.32541868915538497,0.7690536395518734,1.935202008090447,0.05373847941657349,0.37099995355099946,0.315345254920493,0.8362535226223785,0.7942718546219178,1.9135999060386217,0.895564224774176
38.277,0.49030805845907754,0.5401292057537472,0.0,0.9024611601324404,0.4724078174317602,0.3049821173395977,0.772804457184111,1.9133892263421106,0.08810804331366756,0.39158177956125767,0.33753336020018027,0.8427322828564996,0.8053278933051029,1.9787559508365997,0.8890960317820082
38.777,0.5007867076607463,0.5239488503118938,0.0,0.876516980035328,0.4111266764016824,0.29845172581532,0.8191869784089452,1.9338586149135437,0.056592025026201365,0.3875494279005061,0.32018099841955855,0.842542003750381,0.785194053710376,1.8650475840682579,0.8943638295089037
39.277,0.5296601228431137,0.5386092654962655,0.0,0.8871277288398817,0.422747468941637,0.3460285613939244,0.8202408210962266,1.9437910198278834,0.11536675037382842,0.3974564429076567,0.33133189339692515,0.8337711057154842,0.7838976613896977,1.7412845707356617,0.8958607163474611
39.777,0.525947571301432,0.5471173738357621,0.0,0.894765293599969,0.4549884712514516,0.3031868110232868,0.8354602463726255,1.9481041783995563,0.11769837036485661,0.37339489511921187,0.34528572887080816,0.8324277575069556,0.7826786096815064,1.8310459182383654,0.8990895722867853
40.277,0.5299540499165437,0.5542116313258879,0.0,0.8889442028246088,0.46026912566544337,0.3234361601619697,0.8464599125812093,1.9612064268476659,0.1436444686048957,0.40185881920509114,0.34645946935072774,0.8387007463312852,0.7788066391979284,1.8601354754582575,0.888184798697597
40.777,0.5104501759570225,0.5394946543282114,0.0,0.8863306543761487,0.43978184849179786,0.3213236479410225,0.8127985333322956,1.9316651686399307,0.1083061035501932,0.38734115428514154,0.3305960611738482,0.8363490954126578,0.7702698794781103,1.9245755164519682,0.8734205295242642
41.278,0.4800882064116909,0.5400265716742558,0.0,0.8953998326414522,0.4243798260311422,0.28354985121906545,0.800435091921377,1.9062137148426195,0.1386508812518741,0.3808781826589223,0.31483725076159,0.8357124646648586,0.7801463649872502,1.83365493904718,0.8855367129864664
41.777,0.5222579496022228,0.5126594876102877,0.0,0.8897976061041002,0.4682510580918562,0.312288611250698,0.8555470683931852,1.940818065936902,0.09469520461167429,0.36968637775503804,0.29668337324986216,0.8407231760239032,0.7777670122510657,1.870463653259283,0.8975348710688682
42.278,0.5487893776879464,0.5106284416716801,0.0,0.8990085693564646,0.392440061852625,0.2999705804618582,0.8890121755845802,1.958203182242434,0.11821410541697541,0.3678220242143201,0.3081040249558732,0.8473225716608459,0.7835043989100537,1.7602415664335258,0.8973159906215903
42.777,0.5917162632769349,0.5287418852912791,0.0,0.9065818989940182,0.42266262996563353,0.35237951404690326,0.9399190758216153,1.9381367000267415,0.15535838742730076,0.36754543357308816,0.3278728386562734,0.8559837727193746,0.8041851326291548,1.975594291435587,0.9057868313657051
43.276,0.5931549133506293,0.5066228216783751,0.0,0.8855207032030842,0.46769515915017884,0.34627995300603054,0.9361122169562576,1.9896142144994187,0.09682505869108876,0.37861858147363264,0.29976669735447903,0.8404970522352709,0.7825516362730782,1.8749406738904848,0.8873967617850895
43.786,0.5079886598675951,0.4947350393505005,0.0,0.8928614556492496,0.44458809306233693,0.313466782009585,0.8163203318307903,1.898830153963516,0.07144827859909654,0.33651022600963926,0.298344694183837,0.8457620640917662,0.7870641348926456,1.8708966313543265,0.8849371555471628
44.277,0.4898541551006382,0.4885683555312054,0.0,0.8920951158671725,0.4628138632974063,0.29896321044840696,0.7898334927975508,1.9071854489269715,0.06275525378016518,0.3504237970621351,0.29977743345170016,0.8437181223777707,0.7865051678262953,1.8705789432845465,0.9041098286048939
44.783,0.46637015309083574,0.49794434355988987,0.0,0.8833570395393271,0.4877252886811542,0.29803086240003634,0.7585534226102228,1.8871919035625737,0.07880033634251665,0.3510397955105464,0.31063303660865027,0.8362136061611164,0.7768899079466506,1.8210042323830593,0.8812485751585413
45.285,0.4985476748066186,0.5187753563117505,0.0,0.8920816020194844,0.4233151256591653,0.31716348854713033,0.807042877785181,1.9272791529291369,0.09220274383077418,0.3628137443268531,0.32965776122991713,0.8473931665317098,0.8004357177241754,1.880113353027879,0.8930305859265448
45.784,0.46969929241088176,0.5152382228687232,0.0,0.8972167410386618,0.4261220871515838,0.2856184450562501,0.7526522537250236,1.9433526813076984,0.04834688237706476,0.3546143297836901,0.3604898008822222,0.8423508451400527,0.7856937056474855,1.8383967499721414,0.8834672142804106
46.277,0.4416990128731913,0.5097982116110589,0.0,0.8882746030774288,0.347924498503289,0.30425132556168494,0.7134662744229259,1.900447438967146,0.02917895634518076,0.33297320813302866,0.3659215889057709,0.840922523795625,0.7746585478967176,1.7771391657963822,0.8725562603635855
46.776,0.5401301102155329,0.5456298431858829,0.0,0.8932796283243808,0.4441862921895326,0.3325499525129121,0.8656126464237573,1.9279523640533542,0.08150994826723734,0.36463031695101616,0.37740495339920727,0.8485429651814396,0.7902851515309192,1.9268431883627386,0.9042943520118488
47.278,0.5006877555132797,0.533648755288376,0.0,0.8964905663086443,0.4453613909575296,0.3073558616750107,0.8195485563238787,1.9191592885567756,0.13497465199490744,0.34853232596016465,0.35109942925063614,0.8544047629877491,0.7818153362279838,1.883669560515899,0.8905062627122963
47.777,0.42730606202295895,0.47083992515158907,0.0,0.8847726268448283,0.4304018807153074,0.26476069341048086,0.7127780823709448,1.8665549595139825,0.012368761066934351,0.3123143699455583,0.29944899406770153,0.834862316355391,0.7646495662307179,1.7363781889506338,0.8630460822144107
48.278,0.480789793327596,0.48888502769467856,0.0,0.8897047250998409,0.38046195024233714,0.2703988582915772,0.7594725950135683,1.922027340921521,0.08101617543703352,0.31706323034810885,0.3214774777194464,0.8436358659326089,0.7790485536541698,1.7941164885881875,0.8830448262326477
48.777,0.46586549651405246,0.5022136147744076,0.0,0.8840346650567188,0.41051535690441954,0.3055843181152565,0.7514278151523819,1.9086390046487385,0.0822005028804957,0.33186131743131825,0.31948846008170545,0.8397875073314546,0.7845336056813843,1.7889243683877285,0.8859283553407129
49.287,0.4255825805466177,0.5124373186102809,0.0,0.886182208398084,0.3944275355047544,0.2640869195919002,0.7065834747368397,1.9162177812099297,0.10470349728606554,0.3320489701065121,0.3201104984121255,0.8443079569870297,0.7789449735306636,1.7663129049452255,0.8924136693997462
49.778,0.47423160582534396,0.4963558618957437,0.0,0.88333998161005,0.39407186185895726,0.2898666627077524,0.7545304315400102,1.9765779679234468,0.06797888392833806,0.33284091458749904,0.3094023609561815,0.8413262357704441,0.7739850714202,1.7878751538040174,0.8810570917013971
50.277,0.3498777901989647,0.4955079647680285,0.0,0.88382930742614,0.43218959392238915,0.25859642552939005,0.6102179070525451,1.6904249781987568,0.0657466367298377,0.33118315925499947,0.31951264087442044,0.8423649823557924,0.7845843563080648,1.870692123426836,0.8679848944542989
50.777,0.3659226724151274,0.4939040613421935,0.0,0.8884783497618183,0.4409655174869504,0.278382828075504,0.6056763204212944,1.7124875786271407,0.04975441708082058,0.3621802778144004,0.3180006751071174,0.8351942412425224,0.7923933251471391,1.83176915592663,0.8828112870003889
51.277,0.3314854459795765,0.49665753781616495,0.0,0.8915822159348007,0.3668553479213017,0.3089286650564648,0.5110034940343848,1.652148356276108,0.032011613813832364,0.3448601939158508,0.32192589271634625,0.836676948521042,0.7865891324166767,1.9831946921656647,0.8773403181848723
51.777,0.36670848586860844,0.4855712257510682,0.0,0.8770726333940121,0.41702810965947007,0.283083677194872,0.6243612249363009,1.726850399062354,0.0028717176479859845,0.35974279362785866,0.3149019294671182,0.8412351061050735,0.7845844134908386,1.7385379554256415,0.8791956229869885
52.277,0.3269209157614765,0.5055665541997626,0.0,0.8952090061077022,0.35285697222510803,0.26815984340680965,0.5682526793462129,1.6658108633692363,0.07621936640867132,0.3501119168313418,0.3047790239860639,0.8415499686106048,0.7864097427029912,1.8027395796608348,0.8689732626235984
52.787,0.4041249164724,0.484488025572767,0.0,0.8925795979843011,0.3938088780041768,0.27613213748190774,0.6859678603258391,1.73009529182609,0.0548817875046057,0.3260968492214688,0.30693084148605093,0.8419963202522844,0.7827237029036391,1.7018339818250219,0.8743301621254308
53.275,0.38484022255086947,0.5063121652668119,0.0,0.8927840433487046,0.36401801248172694,0.2976402166046892,0.6734246556518659,1.6605547867478592,0.04753374582874197,0.3537640358891219,0.3332968503815085,0.8441641808513547,0.7774708221273049,1.850779200106777,0.8795790331119612
53.776,0.3682235545808768,0.490706997009181,0.0,0.8866858227640015,0.41226649815253963,0.3101679988091081,0.6303185703107966,1.6978302607081759,0.02495793840811085,0.352418104233511,0.3042534685472437,0.8332111156155939,0.7686355296349826,1.583428563788346,0.8594375588185311
54.276,0.40389393644255167,0.5209853591716681,0.0,0.8934823686198671,0.41204785221795426,0.27777189424937293,0.6970523848938219,1.73381814017569,0.09875352974476931,0.34806075185354335,0.3275348536477547,0.8444126570765019,0.7713372658907358,1.8725881545493674,0.8683609423562823
54.787,0.4857098998888999,0.5364717090176803,0.0,0.8967076349751886,0.4905314311506317,0.34553796014191035,0.7545776811074867,1.8680029752236789,0.07608703297028449,0.36510090136556567,0.3688225631849366,0.8548740794614794,0.7872745084422638,1.8920069131727077,0.8885091386794064
55.277,0.4318367463434278,0.48886851800899184,0.0,0.8833239119691274,0.4833480940997622,0.2198917362673723,0.7426673260771474,1.7840579601219684,0.06382362333934107,0.32706369348931696,0.3051491517555096,0.8272348128765914,0.7741656527489725,1.7704332046746294,0.8746586141180249
55.777,0.4474945105554894,0.45928768403499437,0.0,0.8921347958253286,0.4520022912960111,0.26847046788215745,0.7705004321235299,1.7390535314276976,0.03877616354881187,0.304985516775489,0.31351455922028654,0.83827079255691,0.7805142567650908,1.8572063552848905,0.8862066670658141
56.277,0.4446121968491281,0.44112074204414053,0.0,0.8866528218973979,0.4432991168950852,0.25974893504236635,0.7401885422401115,1.810741927139567,-0.02197305195693414,0.2970133920727978,0.2925374048814151,0.8426840534518413,0.7688299289023596,1.7015699450611435,0.8877336429894374
56.777,0.4688705211353502,0.4681118876751218,0.0,0.8805729986803723,0.4064008215199594,0.2534421855464181,0.7827150839855648,1.8315465860901634,0.03152765409716815,0.3314097916571862,0.2867392680199196,0.8243644564369611,0.7603247174675922,1.68339405812303,0.8659619410840217
57.278,0.47270407073027215,0.4933132089293101,0.0,0.86145756888286,0.4316164586049963,0.28132263860861884,0.7918086419334942,1.8424828093322356,0.07620308134598039,0.34317560379130857,0.3204828760655876,0.8375940759619103,0.7683934860563326,1.8401450892977593,0.8747002841356838
57.778,0.4634118945958983,0.5036121286733842,0.0,0.8814461496263292,0.45801233364291916,0.2870152268469543,0.7636534077538584,1.820395657482779,0.0816919509016671,0.35345294034270625,0.32426902681280795,0.836001306875612,0.7652713199735781,1.7810621914822933,0.8770295617916373
58.276,0.3902650432009967,0.48908545283694144,0.0,0.8754353762700068,0.39959972102261276,0.2317430234852129,0.6783308258958433,1.736398430755233,0.06963035458977863,0.3412233938765826,0.3139764735214812,0.8302706203443081,0.7608496220517388,1.5687957729233941,0.872134241658061
58.78,0.4032406584788058,0.5128372937301272,0.0,0.8717312136177396,0.46209788963282894,0.24928215271843468,0.6853762112828968,1.7461627222055143,0.1348871409562521,0.3665103500408125,0.33035756254295046,0.8412072225643117,0.764360533175686,1.7269543973489085,0.8681163556858454
59.283,0.35542740345352086,0.5253869345225239,0.0,0.8875084949819642,0.43616302492715275,0.2713656955606664,0.5981904951266706,1.7687163111982278,0.08778043736893003,0.3567875732714656,0.3440108419046854,0.8357482246543633,0.7790269865285843,1.8173089233352162,0.8732441234400566
59.785,0.3682999919734162,0.5039615635810625,0.0,0.8993053635698364,0.43923213280480183,0.262467603224758,0.601239054041673,1.7441237585746712,0.060152803215520044,0.3610743394030341,0.3280421588134606,0.8416945200128853,0.7832845643795924,1.8505474144086493,0.8717622893515781
60.276,0.3276837193553899,0.47668413527717607,0.0,0.8651079005909769,0.3978495869514705,0.24516489918044704,0.5252757864049585,1.7416279631454616,0.034204984639926224,0.34093413517753834,0.3051542959078446,0.8409171034437678,0.772478010413022,1.7493532147449133,0.8671893065438279
60.776,0.36433127883403327,0.4918800532776191,0.0,0.8785272635194131,0.38088152612772475,0.273636415215127,0.6080443442993615,1.7720784210550753,0.02052895662493151,0.36534764572332235,0.3197762595698604,0.8201549929536046,0.7721416724541602,1.8341463910376914,0.8685821045181786
61.286,0.33821596487602973,0.4691171053426587,0.0,0.8830886921019381,0.3837867445538623,0.22683818170080045,0.5594846609981879,1.7427309038498398,0.030129417330975596,0.3262194013698388,0.3131375507375557,0.830465303486343,0.7605482006273645,1.635667152451754,0.8645677231938218
61.779,0.27350526883523624,0.4295395057052206,0.0,0.8504079874705809,0.3261046524793099,0.17363441396875365,0.528483113785095,1.6103690915253188,-0.008030239596217115,0.2962041491891505,0.2794515004051209,0.8241166251815558,0.7527528320632817,1.613340975306996,0.8599996321194704
62.276,0.3858905481157028,0.4615276625648825,0.0,0.8715679288340064,0.38242883395158966,0.23688131615887612,0.6492173302147647,1.718846675665236,-0.0073850754510640815,0.3191203546856845,0.30349031006263916,0.829336241591343,0.7617630429460456,1.6832847963345487,0.8767780479013824
62.777,0.3289879672954055,0.4896636347369226,0.0,0.8817631222985711,0.39853674723966553,0.23057216190977556,0.5696728414365915,1.7076424991707175,0.04422268032135793,0.32707279158661456,0.339261271148994,0.8378138998945135,0.7709022563031122,1.7714029972408047,0.8835653033844412
63.276,0.3473897272529796,0.49498113902336205,0.0,0.8844316347836283,0.45599902756314953,0.2720377923805498,0.5805905197270551,1.7203041372951282,0.0420664911190216,0.34687263365899595,0.3391051007994675,0.8450143747647991,0.7824906443976208,1.8687555524128878,0.8883969981532577
63.785,0.3325200407223443,0.4803430635689879,0.0,0.8647271235885564,0.38700637188626946,0.2467920309946862,0.5680339998124454,1.6607845976140478,0.04562006725653808,0.3152562223904555,0.3440673620500137,0.8298809934664666,0.7687500261328681,1.638948472349525,0.8510224230989778
64.274,0.35158177505773797,0.504638797014919,0.0,0.8883977626301827,0.4039630069703748,0.2805084082302925,0.5993183155476887,1.6858330653432732,0.07417748612107487,0.3555812447437948,0.33518625058046186,0.8369359397075612,0.7760254244319718,1.755143486724079,0.8765050793280066
64.784,0.3824025364937347,0.5205080507859224,0.0,0.8784944400378225,0.4415664995858426,0.2666515253752068,0.6670254576918093,1.7325219765992905,0.12486849716827586,0.3371392954618965,0.36337060265726207,0.8318486919380951,0.7688055100168218,1.8274651456859046,0.8665431299001691
65.278,0.3679340621940806,0.5099555584716639,0.0,0.868578725830084,0.45440146419344785,0.29208321213706906,0.6452573611103523,1.7222203039646953,0.07172825937396426,0.3411408677010106,0.36064996859864157,0.8416887608890735,0.7727681926572194,1.6664972122900659,0.8727893728003115
65.781,0.40933070336558725,0.5021606859548257,0.0,0.8941763171854725,0.415071415776842,0.2717356794651605,0.684583000154678,1.7213800953500633,0.05478953517499604,0.3560076464791673,0.34614309851960795,0.8339519578394877,0.7676251249259195,1.7658288375446,0.8730295684013936
66.276,0.3944402111911179,0.4857767885560481,0.0,0.8861634417797127,0.43757599084495935,0.26336416475160235,0.6229077822582471,1.7455936154834506,0.05680675551235473,0.32658171347798204,0.3204953268802054,0.8351741299129792,0.7723766770187805,1.763505253739044,0.872546156800074
66.787,0.30769922514530806,0.4552477439870994,0.0,0.8803953420843735,0.4220750363101152,0.17047216378381405,0.5848093169716654,1.6678530553525468,0.05585263401222992,0.2977213753248975,0.2833301148337315,0.8380868393662412,0.7562785221652459,1.6824601335649898,0.8683676808011936
67.278,0.34424637466848157,0.4714371025850381,0.0,0.893220236900708,0.45262058355654883,0.2259809821834029,0.5869225102873261,1.6911179579994793,0.006509460639398891,0.33136032119487124,0.29091716071390644,0.8335702595291524,0.7584454962658638,1.6464201702280452,0.8628300990521924
67.777,0.3916957015871434,0.4769601236153326,0.0,0.8833848817580223,0.4100503842719146,0.23226817724068755,0.6789766676677431,1.7834924006020756,0.06956391323700278,0.33294573004121697,0.3154426661622997,0.8295966139252582,0.770474276506451,1.7934704123285743,0.8700352858526579
68.275,0.3416675087962439,0.4435387336040597,0.0,0.884598695335662,0.40669254496531193,0.21920182529039123,0.5825150078288802,1.708680474264242,0.03951791136261439,0.29601288413805554,0.27638711464488896,0.8410667950595407,0.7681317347142855,1.8647395411768846,0.8667356803462084
68.776,0.3368926841667325,0.4479789032057941,0.0,0.8835825792488567,0.3731055595367226,0.2247885411141699,0.5815538683719181,1.6800523615226002,0.040939368166276975,0.2835584937846346,0.28170326299706344,0.8358124480059207,0.7606623097581737,1.6254789804471244,0.8697042484640793
69.277,0.29696766003120223,0.43137892713433496,0.0,0.8762352816549457,0.3540713398252713,0.2417518585716577,0.5385556049203503,1.6130485841941757,0.003015340833828027,0.2892881036278216,0.26182250118256745,0.8294553004014121,0.7491346663620188,1.781312815419878,0.8679566356654613
69.777,0.3673395653942499,0.4626554274157568,0.0,0.8925754638257455,0.36241487828013885,0.22781071443739223,0.6315190309302825,1.7641053072219066,0.030896716038164167,0.3333375632483177,0.30513971534861384,0.8356882554972644,0.7690953712997188,1.7630763447040823,0.8827516423247357
70.276,0.34776677688074087,0.4759273196162691,0.0,0.8879643493179669,0.37153246355648745,0.23897952642761422,0.5967713925446205,1.7206201172720035,0.06847259293973736,0.35446716258107325,0.29369069981308765,0.8366743556123463,0.7798788086721757,1.5839888883822282,0.8752386292465258
70.779,0.33381354389301515,0.47971121952438306,0.0,0.9005058624055801,0.3885925611663658,0.21721407545167407,0.5704686750361341,1.7352589419126105,0.06557799836472869,0.32696847804815493,0.3161217488828911,0.8429098384684403,0.7851454317582695,1.7736277179649897,0.8724494629891621
71.278,0.38269580217771687,0.4954678424518683,0.0,0.8918455241877162,0.4451387495189471,0.2747895575580799,0.6457548191027196,1.7774556605332787,0.10387272684964516,0.3481699714366302,0.3117648811895055,0.8487601831756172,0.7842275708989249,1.6963210087304927,0.8785057900849705
71.778,0.3697991435744101,0.46262682334887445,0.0,0.8737604628258397,0.383990301281009,0.2163169760196093,0.654230135097486,1.7802208838945226,0.04175580169412452,0.30854652054500287,0.30024487416696427,0.8355192147889807,0.7626018311083301,1.7545435264745712,0.8625046674587558
72.278,0.3360722996623747,0.4495098908638071,0.0,0.8791628342904584,0.39005992201658024,0.19078099891755604,0.6285377245005143,1.7177601158602107,0.008648162518889531,0.2966526069180236,0.26357910361389447,0.8327150882734862,0.7694217594573952,1.5964778875991597,0.8563768767341409
72.776,0.38350805621499756,0.48182136075629695,0.0,0.9010800108747984,0.44768056154168195,0.2644712054483257,0.643079823321944,1.776936334208685,0.052714632703819105,0.3262408140634798,0.28871591129541296,0.8440926608723455,0.780912553172675,1.8229968659976923,0.8843956833382774
73.282,0.35564037468023707,0.4517392913795421,0.0,0.8710502539847421,0.33077178488832987,0.19787483039615927,0.6749667513822883,1.7297294915953225,-0.008614257538742178,0.3147111777902665,0.2685891912830923,0.8314239239811493,0.7595531541022155,1.7202999776504575,0.8568146868742867
73.784,0.4090224845237908,0.480726879946469,0.0,0.8735924682870028,0.37055291575042537,0.24366249810701174,0.7180080188532529,1.7733451308974058,0.08524129401043361,0.3260117569158938,0.2949334112529488,0.8418816003296409,0.7798988539983782,1.7541278795596078,0.8687014266998596
74.276,0.4465493434487341,0.49021502285204266,0.0,0.8723027737127025,0.3422378411119495,0.318125136612209,0.7485795935008508,1.7631340912681943,0.10494836704798599,0.2906642915821246,0.31869706882876137,0.8374960601043584,0.7739385965886588,1.8038007000118146,0.8763198993126008
74.776,0.43660644113949243,0.4835026091459651,0.0,0.8837914049388977,0.4380827963679998,0.30962819504528355,0.7140752513127819,1.7603204824765573,0.11623741074677406,0.32921928511296555,0.3053737906636926,0.8485748292929984,0.7826766285753408,1.7198131975432283,0.8798628439333274
75.292,0.37909071458094473,0.48498816939588607,0.0,0.8874575854616162,0.4407671552838999,0.26299902199454106,0.6386344641014471,1.7361599710929405,0.05611188591366225,0.32944141441647534,0.2991256769926386,0.8457988013081417,0.7731123572764781,1.8819607061400077,0.8670698120023956
75.778,0.3159590807672247,0.4446616488581716,0.0,0.8755799994184332,0.3894909703571249,0.21578482949553038,0.5845098367703797,1.6637880813566432,-0.0015192716978052738,0.2974379770164154,0.28799379681202036,0.8469291596574884,0.7610189937138987,1.7741609154941227,0.8498220934945764
76.276,0.3330327627524952,0.45235929547694437,0.0,0.8753463036149671,0.3788072102136728,0.2782417386860798,0.5556553570856932,1.6978146370766645,0.05468255224491218,0.31916511704163575,0.2714843551820583,0.8375032264349077,0.7579050693277557,1.814118328398279,0.8490636039650793
76.787,0.4136194515924178,0.48021772492475123,0.0,0.8857321570885558,0.4184486607632355,0.3000057657951443,0.6600228584109864,1.7943125625810832,0.11539987563669739,0.3268531718591982,0.32177163367612377,0.8459205768089448,0.7883933999250804,1.792961629157983,0.8887879592761284
77.278,0.35976656482690994,0.4564437358579855,0.0,0.8671253265399369,0.3370594575821893,0.25173316556441094,0.6084746399772272,1.6821216955802007,0.04886448089535704,0.31826369848529823,0.29223938261917687,0.8246323338733789,0.756519886929077,1.6738218211948843,0.8602487575962864
77.776,0.3123721257498954,0.4516886480777859,0.0,0.8764157583118081,0.3530252703816274,0.2085508895134734,0.5572561090061454,1.6397618853770763,0.03296974538614782,0.3103913205991425,0.2792066889928903,0.8187450890787147,0.7558479488534454,1.7182053161309225,0.863039015465274
78.285,0.35574647083642313,0.45598358201624145,0.0,0.8694033710046242,0.43431102948331074,0.2423593118340609,0.6296247425757823,1.6405231388536217,0.04553168200067232,0.3015201596701268,0.2922061695250885,0.8257124692751787,0.7493019905122351,1.6983489075292568,0.8536178980530884
78.777,0.3693780558963439,0.4568166503301194,0.0,0.8606682957429369,0.3782767120527259,0.23408129771393688,0.6693018528763758,1.6796981594467895,0.006474576895778637,0.3018220793577267,0.295645663380678,0.8260336967851912,0.7515355622439366,1.665456286531647,0.8405508223523089
79.276,0.3470161158513054,0.42219318616304025,0.0,0.8765839374759706,0.36785122084791183,0.18175849225584428,0.6581136392533388,1.664212669486782,-0.05347863618781569,0.29074837298801426,0.2868028763922975,0.8186365843191312,0.74890859706561,1.668534002738104,0.8516810424739334
79.777,0.38430571592021956,0.477879053846723,0.0,0.8867074927055767,0.40119491586634975,0.2752987007212057,0.64220853919658,1.7879526285626446,0.05259511363564602,0.34892013677623807,0.30742618731664306,0.8432322777398693,0.7797933259716258,1.8436235325335197,0.8881818767896796
80.287,0.518831497231064,0.4741354275990627,0.0,0.8839299933742883,0.3779189945388156,0.2818497857779097,0.8301027631098113,1.96159307187265,0.15321058770634158,0.29436400775672916,0.29268293742971113,0.8352745171745254,0.7719252264637776,1.887697628225081,0.8704338061810689
80.777,0.49790088821391587,0.44284069874117904,0.0,0.8666330901603375,0.37285622606507257,0.309025804420684,0.7554825989895438,1.9969914780982725,0.06264079559092439,0.29421345439351154,0.2699424091637738,0.8196975791034301,0.7346218667892079,1.6228511213980712,0.857984434937217
81.275,0.5509738365167072,0.484219795273486,0.0,0.8780169411010055,0.37292788688733886,0.2866256568622031,0.8938631161338245,2.0438005159499983,0.12807177677233877,0.33281005740443154,0.29221827084314567,0.8358542537724694,0.7597272996029996,1.7044336588672502,0.8925909865282494
81.786,0.4814903700301529,0.45579565849541226,0.0,0.8687255898227978,0.35249498251020617,0.2624765577654706,0.79237463734684,1.9429964465657323,0.054840115910815036,0.30755499759991045,0.27506591938566854,0.832456214354142,0.7548484844985404,1.7804801652364513,0.8739037277276902
82.277,0.562815839890739,0.4719184555915089,0.0,0.888459796729658,0.4116918834288635,0.3166028646851178,0.8970227806633769,2.0184179336714996,0.09788684801401656,0.3384100175936223,0.27225583605345116,0.8404752991646001,0.7567472917198358,1.9946374909172762,0.8818179942672545
82.776,0.5769734160331109,0.5252309841236481,0.0,0.8747276459691037,0.4204352600529099,0.27900103944351573,0.9333501611427469,2.0524770120530342,0.15833348832103689,0.4291441685549762,0.28159402348131185,0.8332205295680569,0.7631316312751577,1.7379948113063255,0.8667853609876688
83.278,0.6273992052908275,0.5526428909497173,0.0,0.883183165951838,0.4069499210950876,0.3024114363906335,0.998956606159234,2.0761213058957573,0.21517978675721974,0.43906836178778724,0.3176632252652207,0.8426507951631578,0.7841775673374057,1.924660363882293,0.889160280924848
83.776,0.53993611674674,0.5189113139134796,0.0,0.8754795415368648,0.3747702938593995,0.2806816453703149,0.8682219376534702,2.0447532784817755,0.18281881225827729,0.3949329756927738,0.2975792530498055,0.8239475584139305,0.7677889756842918,1.7914155371709604,0.8762609933215483
84.287,0.597238629527434,0.5350556874382082,0.0,0.8762763734536474,0.4094508594436152,0.35196184642194467,0.9413643354875816,2.0355793769659076,0.10130687140463628,0.4214921031805754,0.33329742923523303,0.8266869794792799,0.7719618990625395,1.763923613360611,0.8832731043892691
84.777,0.54016359728739,0.5014639005960277,0.0,0.8874324583208703,0.38510029141075,0.294388041314379,0.8587502779675065,1.9964594376449263,0.0902678191342072,0.39059997680554237,0.3103020742964404,0.8323917499532911,0.7613051989889043,1.7377132926556973,0.8856735912382515
85.277,0.5251022890390827,0.4949225103007737,0.0,0.8760003151950461,0.4474141355768904,0.2420105593672135,0.9033980682984526,1.9496173191449533,0.04164713069467243,0.34251533783277377,0.3364823148532807,0.8320140191842178,0.7480505180207135,1.6815997534935911,0.8860438363626694
85.784,0.5689142715487034,0.4606144227317398,0.0,0.8623203627117213,0.4183099544238511,0.3122880733454695,0.9141422952909231,1.94546781014247,0.07292299592014996,0.30307667657885873,0.2943990856351756,0.8238150464469749,0.7485179483917409,1.7234730907010414,0.8898566306663707
86.278,0.4840240401075707,0.4692602419267261,0.0,0.8706643871163293,0.5005888748218247,0.2537927415780144,0.811415882348702,1.930956525351279,0.008347007233583392,0.3316177754340768,0.2994404750893118,0.8249801680143625,0.7501842375762816,1.665377618043607,0.8780829424112403
86.776,0.4691284531070984,0.46839061410155736,0.0,0.8722884779226132,1.2046746014213094,0.23968187250888878,0.7982557882856313,1.9221524096864822,0.059729344734328386,0.2932027172848746,0.29887672623048916,0.8237147047893644,0.7368996795353269,1.6575308131419146,0.8760108254786985
87.278,0.5224143263770286,0.4909587673398489,0.0,0.8737104909124266,1.1672621920343775,0.30748730041086486,0.8564420674730996,1.9251668140287,0.10274338867618378,0.32750981130339923,0.29318461788526995,0.8408816757114299,0.7503928200141311,1.8950650376098155,0.8661968263637455
87.782,0.4633629067502424,0.49171258974725407,0.0,0.879932468367061,0.9065940657372289,0.2362765207811406,0.7552253262977674,1.9611126850582488,0.09711401337164051,0.3314098128647949,0.3177474648557396,0.8364579715184427,0.7644144233206219,1.8681072155639944,0.873148923413509
88.284,0.470163910532057,0.5402829006111183,0.0,0.8828044777493479,0.6652407630685769,0.2985046303810824,0.7754649579877285,1.923020278505887,0.16639509444321496,0.3663559227403473,0.33781683466843976,0.8402663419950553,0.7719483928621663,1.95788966189505,0.8625066947375329
88.778,0.4321839734230874,0.4892406413966085,0.0,0.8791881279559784,0.5333180111440561,0.2717271679050673,0.7085999296730219,1.9257328518229861,0.08162192564913558,0.3240957980058474,0.3072303163432609,0.8285226480825828,0.7602528516436078,1.7942690029746895,0.8762339246356435
89.277,0.4407169942339871,0.4820841404685647,0.0,0.8764240302491018,0.5108876978495817,0.29667708138985405,0.73387074608719,1.8787818860327241,0.06359475226582864,0.35801410565475267,0.29121498638430876,0.8299385651603086,0.7582825714994078,1.6647904677971594,0.8630284194454861
89.777,0.523975949921036,0.4860717665786484,0.0,0.8656664645131238,0.4693794430351241,0.30891278103002884,0.8463925398679467,1.9440176421978557,0.1415459235331859,0.32755055126823257,0.2908892774422123,0.8305771503618482,0.763686435067203,1.6849437670520515,0.866566341011074
90.276,0.4821034082455431,0.4775665893463196,0.0,0.8567921238566599,0.48072723897986963,0.27160699353844026,0.811397089223944,1.8796355660437833,0.09393172561692063,0.3342473659098317,0.2855890967136581,0.8283886116416733,0.7540142598898433,1.704367197558663,0.8628204469070695
90.777,0.46287055152139017,0.463104906003095,0.0,0.8597804978568435,0.4244733606701583,0.23751936673895022,0.7480817372537064,1.8827891482466346,0.0881130308628564,0.32354127356992624,0.2831477322428675,0.8208564073296539,0.7392425053966565,1.6566386341220996,0.85270831469751
91.275,0.5454762617517753,0.5051172006359316,0.0,0.8830054984955493,0.49788932708770195,0.3119023003390098,0.8581630998998772,2.005874827894609,0.16030970896899796,0.3311872947537675,0.30332871159472113,0.8419632834683803,0.7692251780218831,1.8058489441090386,0.8923772194197134
91.778,0.4980901181767242,0.5008809948540208,0.0,0.8781299173016969,0.4595435377040145,0.26053788387279,0.8274290222079637,1.9741841645175475,0.19031864425846468,0.3340577197121473,0.28960616638529185,0.8280047243431297,0.7592171186585871,1.7519699215557976,0.8769401973732822
92.278,0.45660752260273135,0.47546003285330574,0.0,0.8751355918508148,0.4199461373099138,0.19066120424866345,0.7861812620487809,1.9233016632986661,0.14439643104676803,0.3144519633130369,0.2976705153367137,0.8350372920883278,0.7428915276560897,1.737548571090117,0.8768919694781057
92.777,0.4598711493375024,0.4640291639914662,0.0,0.871663695061017,0.4535075670076646,0.2342296962868148,0.7952387365962373,1.9424765622544051,0.09957372036592721,0.3162327161554242,0.29913321301200707,0.840209532538247,0.7533241174041286,1.7492098934194837,0.8758898043224657
93.287,0.4065189870683055,0.4354962362735801,0.0,0.8650044850845597,0.40513950766975154,0.18016388788993773,0.7348716133529235,1.8694391137847994,0.03672958132602982,0.29157463857428073,0.2693785947744471,0.8187496950747762,0.738261483405934,1.701922596903245,0.850668519318937
93.777,0.5583009801622231,0.48126027856544046,0.0,0.8765037268351403,0.44276055025084315,0.27390239355269813,0.885979869979513,1.9795502841153543,0.13020433696972808,0.3356971374655288,0.30613495046500927,0.8333381746564853,0.7586470526019655,1.7792656262639595,0.8881898956211217
94.287,0.49099208291592117,0.4966527437855031,0.0,0.8665860541511947,0.5017546064757253,0.26956238394818316,0.7764424935255314,1.9041556600904341,0.14255232550603855,0.32413679953220365,0.3126025042831057,0.839129677274854,0.7587355088063019,1.8748014216247515,0.8743136730442219
94.776,0.45201812713323963,0.44960523263526936,0.0,0.8634973815540073,0.41847789840816857,0.2089774167548212,0.8056992633001692,1.9003146380989404,0.05550013256742811,0.2743982014026599,0.2878968115190505,0.81869949818661,0.7407525546644754,1.585556380609016,0.8433317645880412
95.276,0.44911675190126604,0.4649828529565823,0.0,0.8601804758900229,0.45763504074167916,0.22774278016525557,0.7423692585537062,2.047165535309443,0.0870472825963324,0.30475540631283143,0.29381086109604143,0.8323488431777535,0.7506737829207345,1.8027407853080282,0.8656959982216422
95.776,0.5204655273163978,0.4655474986835349,0.0,0.8825100800446967,0.45188038599585706,0.2662936918015993,0.83246881825587,1.9946588938201197,0.07918763954099849,0.33613633450479896,0.2870677620126522,0.8445122690713247,0.7652682819085906,1.9050342339193778,0.8768165990285783
96.286,0.46143158888165664,0.4679683555487355,0.0,0.8641196086222672,0.38341923934628425,0.29875529423902336,0.7391845791055374,1.8619058131512325,0.10730028325543906,0.32869135511534664,0.29050428514762894,0.8290336400259156,0.761543332004283,1.7936138843598923,0.8592306614765829
96.778,0.41395923585028255,0.4474736202577981,0.0,0.8698046848561728,0.331874544004311,0.22471073469823927,0.7302176361718764,1.8571403663883972,0.0771518052933973,0.27537813081270834,0.29185799450782335,0.8209566512645655,0.7546413832788722,1.7346610457498577,0.859196501418809
97.276,0.5467750997992433,0.505937209474854,0.0,0.8908095699318492,0.4182148407675632,0.2975060250595541,0.8643480667587663,1.9901020942798768,0.11742303900886025,0.3544186252570919,0.3117573451701393,0.8364605123083753,0.7782813583143474,1.807721465109601,0.8863362651708251
97.777,0.4122549871855577,0.477868032035854,0.0,0.8677915559704632,0.3515745740668403,0.20427137843173265,0.706671128395111,1.9001497131310985,0.08120076669578866,0.31630791154088395,0.313541470454821,0.8209835771229349,0.756420960744862,1.7720474157355268,0.8584750117789787
98.286,0.37665681682421465,0.471583839261891,0.0,0.853955895580764,0.35470497585423616,0.20374733212829235,0.6410796367245071,1.9190832429216194,0.10625430884829172,0.3163897025167214,0.2812597955607453,0.8189965100142407,0.7432304499070889,1.663490026452641,0.8517788032736731
98.776,0.5075413816582397,0.5467920743177523,0.0,0.877924324364326,0.4562096197715551,0.2939433835012351,0.7752699934085161,2.01344945941064,0.20365130326780612,0.3608399167109658,0.3527353898411192,0.8383823397495711,0.787282903241136,1.9155645083527033,0.8777327402616691
99.278,0.43681584036209015,0.46854453999674267,0.0,0.8622524314631952,0.3447643351913185,0.19792222934336384,0.7421186810536019,1.9726652446228836,0.12399498814730014,0.3040537358820783,0.287553267331054,0.8108713830559867,0.7402917150683394,1.590288697061492,0.8472400708073619
99.784,0.495271439159074,0.4894662788855253,0.0,0.8727659334182226,0.35394835356220355,0.24591182811661733,0.8222753703324167,1.988355316472844,0.16501400218381165,0.3345755053666514,0.2907101932250396,0.8281143496562183,0.7663088643610072,1.7020258304557254,0.8577172855568165
100.288,0.36027580362132233,0.4888640083884387,0.0,0.8740728596868316,0.4191890206527975,0.19373663019407486,0.6502448279619313,1.7626551791335434,0.11752172604224989,0.3127191963950773,0.3076551730882794,0.8263566376997264,0.7725341509765088,1.880095268318303,0.861064848107444
100.778,0.32164656938947733,0.4657139510586922,0.0,0.8564477433782561,0.399985495607849,0.19318894769998665,0.5683325557615743,1.7323215397546643,0.05612471736653989,0.31000214542200055,0.3034885844233095,0.8154509875129038,0.7561307785006623,1.6951033049333144,0.8486035758344143
101.279,0.29348047483373524,0.41206528909856,0.0,0.8753280944926419,0.36970314250582675,0.19491768032815562,0.5049529945749298,1.6808618808607665,-0.0017126185187387828,0.28360456394782313,0.2509684489165126,0.8179339972707756,0.7461899217990638,1.5810456018523011,0.8509068025477009
101.782,0.3276242993067622,0.44029430948183756,0.0,0.8679758264961748,0.4207761875954307,0.16899580365387276,0.5848603311752859,1.7617085544569928,0.04305267677736561,0.31314515276902016,0.26588619587845325,0.8171511017162112,0.7527165874130939,1.669343745621992,0.8537311137756418
102.283,0.337453791415201,0.446758460827454,0.0,0.8649532678554231,0.38582455491610584,0.15746403216906057,0.6433024929194221,1.6823381546183869,0.003707949876030807,0.30214459170845315,0.2802702725286326,0.8261199403160945,0.7569494678432589,1.7022481216809935,0.8575276488111178
102.777,0.298761468859716,0.43011684753484924,0.0,0.8689954070223616,0.379898189417911,0.18205652341940443,0.5225401657022999,1.755560974287836,-0.01721160192033786,0.3032970102982223,0.26368255459299544,0.8208331102404753,0.7526323922469668,1.7500081826538005,0.8608002595001719
103.276,0.295913624932809,0.4160297478374571,0.0,0.8755799994184332,0.35411575153130004,0.1786976530357631,0.5317229177286142,1.6657186361154968,0.03514869948545468,0.27769676005738964,0.2516518348134437,0.825292300799428,0.7648117937363634,1.6055309426484483,0.8565076321115193
103.776,0.33682355706804,0.41865178364172734,0.0,0.8702356473581182,0.3477612030278555,0.20244199423417003,0.5776457250096733,1.6772011284753454,7.762126273331809e-05,0.3003839508217288,0.2671808949303623,0.8231676792330231,0.7510596891143303,1.659817323291768,0.8497561700000426
104.285,0.2614185387781442,0.4249451601613922,0.0,0.8726636908254318,0.406712843453965,0.13628284124578094,0.5277407214900709,1.6359303890181283,0.05583986131091912,0.28353483307624183,0.24691679000809952,0.8198061685560227,0.7536364017093943,1.58547816423907,0.8546921177852438
104.778,0.3033422600121373,0.4575659960180115,0.0,0.8609539074556032,0.3982588660207751,0.22786994730049093,0.513654444233825,1.7595913530996434,0.07993114428580898,0.314181932916058,0.2946089801576175,0.8315858960815414,0.750899254565026,1.70357041538336,0.8590977803291218
105.276,0.274151872889333,0.4495821968676382,0.0,0.8767337590934835,0.3777974507892225,0.22377193178647253,0.45204586265484953,1.7080581595113002,0.04476563332416562,0.30115721840055903,0.2989538120636107,0.8263392951797583,0.7694153549876128,1.7751065951139398,0.8672671228600264
105.777,0.2938654136278489,0.43416737948831163,0.0,0.8785286210583126,0.4022213582726259,0.19990811233430014,0.5240544286725255,1.635233463453191,0.02813013564445403,0.2907121785372418,0.2681443040170544,0.8281805470060692,0.7520332293857374,1.6910407255694975,0.8503452873640325
106.287,0.22686311488113103,0.4064145510526061,0.0,0.8680641715103137,0.33141881673932566,0.15689951640414726,0.4264521591692048,1.6226395808739638,-0.013605498938212647,0.27228096741375324,0.2561808623236837,0.808532885611365,0.7288750634200198,1.5505205707873677,0.8310956187507954
106.778,0.2693965936374725,0.44727648520822394,0.0,0.8729838745297641,0.38630314472821575,0.1974005245098888,0.4509522395589431,1.649792695256471,0.034966525767132335,0.32584730544914225,0.2686419215752923,0.8174390513930618,0.7635610351070774,1.5703557298547712,0.8503242266460079
107.277,0.31567112620504006,0.44425148907320716,0.0,0.8700096985768656,0.37731499459835793,0.24067367491074124,0.5568127911430558,1.6666225349423303,0.059292095568641116,0.2923278083360595,0.26000352453868597,0.8186381739415357,0.7526499584235837,1.519872865106889,0.8555701346866112
107.776,0.33507975755049224,0.442969480284866,0.0,0.8725975587684489,0.4392837570781802,0.20674900176802097,0.5907110644535999,1.673167003180426,0.02509480854721509,0.32199859114173324,0.28068000262594117,0.8271196043404936,0.7662918441875839,1.683735708433643,0.8476928516215602
108.287,0.329347873302578,0.5007040339224369,0.0,0.8722139689453712,0.41376797758187495,0.23170315521184523,0.5692949651259455,1.6797673896713896,0.10720403479345991,0.34944489269011897,0.3022175309974956,0.8309116030092214,0.7770041591120785,1.665720775413212,0.8608633924085284
108.778,0.2987321189113525,0.4543023570226493,0.0,0.8576637036775557,0.3609448353140543,0.2403802950456854,0.501651325859241,1.680365591421568,0.007451792858005723,0.32668753983129223,0.27183243190348255,0.8164188004553949,0.7539419864081427,1.5137879630629962,0.8457518019555339
109.278,0.30574683407633363,0.462928168066715,0.0,0.8747127890629359,0.4015572007247498,0.25330024183692407,0.5451739107260877,1.6547691009016827,0.07022377622180381,0.3327510364142159,0.2911887850647525,0.8242724537822462,0.764821691888701,1.752798050561445,0.8501946531639855
109.776,0.29732133847344544,0.46233515662186364,0.0,0.8668217989334162,0.3803472316844655,0.1808982867973483,0.5202376434907798,1.7096394145075062,0.03980963731811337,0.331238384069493,0.2887973330701263,0.8282381512741193,0.7633407781621966,1.6059455346221283,0.8607955729569627
110.276,0.3252134514175724,0.46626949785124355,0.0,0.8984731559983573,0.3915704807953811,0.2309726482074783,0.5586875650056276,1.7162097095651554,0.10512899773967503,0.3218082168134902,0.300377802995918,0.8287430648661633,0.7769831951724626,1.7335666193914254,0.8593105707324277
110.777,0.28842954314403985,0.44653405895099724,0.0,0.8772437303617944,0.3642118663690848,0.1875433154280935,0.5164643657827551,1.6930902422028455,0.03987915006357478,0.3273671047840658,0.2860408646931329,0.8235863427792998,0.7655942181379853,1.685539658241863,0.8487236120779036
111.276,0.33722452674738745,0.46460549832142195,0.0,0.886616378312042,0.37750583064424975,0.2294831885021185,0.5982644202607089,1.7147563531243344,0.07032082289276613,0.33529683532246446,0.30194018364067055,0.8291681390208977,0.771080622260828,1.7789009179482829,0.8631078772829425
111.777,0.2740206201706972,0.4189117909024133,0.0,0.8758102561232277,0.3667386186988424,0.1824827026044603,0.5166517409752518,1.644881135653517,-0.006237891404808324,0.2901435863362245,0.25440632635054417,0.8147749614915827,0.7476164215127202,1.5877049948462398,0.8484507912414233
112.279,0.3595437965311646,0.46829818077209656,0.0,0.8893474172306365,0.4010069390224276,0.2640664791914385,0.5978121604469935,1.7178395094164352,0.07636486198354808,0.3361379250812535,0.2976765441522268,0.8343718787510799,0.7718444641082906,1.9043736898921766,0.8764127601712995
112.776,0.2191867062253633,0.41458435596512944,0.0,0.8639927710440214,0.37508821497243205,0.10073670011488164,0.43063207771447426,1.629061610856581,0.03348828268834154,0.27378331989232485,0.23272418285919977,0.8121421754249698,0.7468021592230267,1.50581607225136,0.8290913705154764
113.277,0.2798188596820144,0.4336703195788108,0.0,0.8741885871664223,0.3847110968511873,0.18320400193629718,0.49980062763527333,1.6503135361169088,0.02449984528169233,0.3068274467229712,0.2921349377592801,0.8211045903867433,0.7649544278441595,1.6137753097559135,0.8723485504686506
113.776,0.286858571375751,0.4157721884058205,0.0,0.8785514349527266,0.38264755736128314,0.17665307508694444,0.493119232235401,1.6917383197984395,0.03328754534996038,0.28088985288963025,0.283088667325703,0.827874661958272,0.7666828378026834,1.6073461954007362,0.8608348217306844
114.276,0.34308785500465366,0.46146050299708596,0.0,0.876366981032652,0.40943621664061935,0.25146845288636016,0.565697746158761,1.705231039466985,0.037359497349356265,0.32872911186570336,0.3150530211948964,0.8352208087843433,0.7674447944633898,1.705683161612845,0.8775557596450989
114.785,0.34191764162109567,0.4252198478161238,0.0,0.8619103968120441,0.3585457694061725,0.17225902182305142,0.6195164686098625,1.7098092019320843,0.012491477362450642,0.2974230680131154,0.2778707275043821,0.8174566414771519,0.7604786442492041,1.5958199055718816,0.8548442375621436
115.279,0.32347389029542756,0.42839231102861264,0.0,0.86867544776453,0.3282348464213274,0.18049628170829954,0.585166777080939,1.7065006189559853,0.06522608204766761,0.27675157590634863,0.26700486880809665,0.816891980232785,0.7558005941452689,1.6038544900449665,0.8543686970554324
115.783,0.3195080477619173,0.4697276361660391,0.0,0.8676820623096512,0.38334604746749806,0.19725703036747147,0.5675082131196332,1.639670216110237,0.10781483629812258,0.33048970326786553,0.3030306565672309,0.8305063014119991,0.7676585362622979,1.658478150526634,0.8593938861448893
116.293,0.2762222738807974,0.46262661716980685,0.0,0.8644863432419421,0.3471443385236654,0.17612425091909517,0.5225060510339998,1.6260316625953584,0.07057645877696025,0.30878939096551433,0.28756270373795645,0.8177914980449713,0.7497666429076583,1.6730004739555147,0.8535177816703443
116.777,0.2548147904041944,0.43465765961321035,0.0,0.8572461717608605,0.3346932042439818,0.19473014123635288,0.4879218174019329,1.5318838979545857,0.06894444251624814,0.28657995281370297,0.25903671878238343,0.8192981734418296,0.7306380597286555,1.5343320427569975,0.8242916936191976
117.277,0.24360342396233167,0.4240273865803907,0.0,0.8628108686816964,0.3448487388307347,0.17843404780988956,0.4517468708795667,1.6074245152508573,0.02242522320457364,0.32354287828490164,0.2571977225391789,0.8137506452900317,0.7441074914949428,1.4105366276527513,0.8474884165615622
117.776,0.2599908597712961,0.43240439276414155,0.0,0.8714159713551729,0.371740716753381,0.16733054384799106,0.5069476206319181,1.5852129721919404,0.012190929387405762,0.27947135560156233,0.2907941160844086,0.8190778218067009,0.7445331968932007,1.485571897328976,0.8518069635711417
118.277,0.2577880470665928,0.4599573129677698,0.0,0.8779292115045445,0.38949182996245874,0.16386118139273523,0.5104569079139045,1.6551798190731795,0.10723430715703242,0.30772751505658474,0.2902068089737872,0.8127746953049482,0.746344130805345,1.6176767844957638,0.852595599638935
118.778,0.2909050896967213,0.4640998914820205,0.0,0.8808943335777031,0.36087959017188714,0.24511750023339354,0.5163598501606864,1.6502640745689805,0.06577754465593881,0.3295973403934393,0.2854848484455973,0.8249783112832431,0.7536560596685182,1.5685534378114647,0.856513328190395
119.277,0.3575654062212832,0.4632173313986814,0.0,0.8826065666723522,0.4017266093582207,0.24311139833236234,0.590958794055289,1.796196087020374,0.014354809202971502,0.3355633947281484,0.2911330731301652,0.8271954892663089,0.751432670158243,1.5937944180675157,0.8526445333882142
119.776,0.30614190250942075,0.43877397660666206,0.0,0.8595814717878476,0.33697611645907216,0.1684751113479617,0.6070957010302621,1.6004551400329146,0.0721073102367598,0.30587501661234556,0.28488979780191437,0.8226377356027226,0.7313487382055546,1.4330501322500377,0.8514417168790684
120.286,0.28421981035447963,0.4383556420378256,0.0,0.866247668564748,0.41110908216458697,0.18474206296536627,0.5511943381804778,1.6084400114460584,0.06414571345283926,0.313824138045022,0.2655003844513588,0.8213872630383723,0.7472390724433289,1.5505299145543394,0.8562321520106687
120.776,0.2925628110354627,0.43584891667496145,0.0,0.8646945969555637,0.3907911103243481,0.18861975880700307,0.5334901702713287,1.6518692034307536,0.08954704685066056,0.2941308009718567,0.2791317438262456,0.8240826176856453,0.7611629596267565,1.5155560448634773,0.854831942567804
121.276,0.28836695617664954,0.45337339785730724,0.0,0.8683382785329682,0.3409687502326615,0.20299413817781772,0.5278606262841629,1.6221377912786077,0.051277293031261065,0.30784030460010076,0.2851085826430186,0.8231808261921635,0.7592523893572988,1.7293153562211951,0.8672937072971718
121.776,0.21675488890771752,0.4129402446807184,0.0,0.855374958185938,0.37611019702377624,0.16913512111999462,0.39627103967692257,1.5747805313552903,-0.004890481321127411,0.26973523212850203,0.26394153153739003,0.8083108270866167,0.7445051588920589,1.5660753804431022,0.8486413882770695
122.276,0.2488861571055092,0.43455753331563346,0.0,0.8729775610686804,0.3754817555189105,0.12807314109566276,0.5180464147495016,1.6179059792171409,0.006499807302006672,0.3157757046598957,0.286536046697226,0.819838873082761,0.7639439899321748,1.5046220292828423,0.8541669294675105
122.788,0.2725051751286152,0.44178210918815414,0.0,0.8600158806286782,0.35137650700718576,0.1819965628020058,0.5174272410300875,1.653249184601819,0.029787828733249627,0.29905868959068177,0.2709006631763564,0.824554005880331,0.7521491333175298,1.6089575430491307,0.8358581233976561
123.277,0.24571490237843852,0.4457897142041699,0.0,0.8544413696063744,0.3654614445791294,0.1360960299081352,0.49405430477949913,1.6345156532379532,0.056498554626684384,0.2785570922567625,0.28527175384529607,0.8144660535552618,0.7785305386709355,1.708776099116386,0.8332294897137922
123.777,0.2505051640181273,0.4162313566820279,0.0,0.8457682017404178,0.3199495618988543,0.15622052174011364,0.5215770575133248,1.5560359199667837,0.007456777039072335,0.2910916547326128,0.2486429097870773,0.8140936779895172,0.7754957201847026,1.6132406051674033,0.8396927499344209
124.287,0.26364973247673973,0.4129420754346075,0.0,0.8523373869745812,0.336805209972712,0.12350784410556762,0.5417365272465974,1.6497545130141196,0.03114640655759537,0.2805082559255953,0.2516775337317953,0.8105542794434458,0.7832478770241229,1.6433019141309306,0.8431569343642823
124.775,0.3188007708946977,0.4543748801728774,0.0,0.8795451208761849,0.38728686881376573,0.19621216519235837,0.5602704480534831,1.7088797951354058,0.06801483353015646,0.3213205884885415,0.2910502424475892,0.8297651855646027,0.8105337864496217,1.7310361163643773,0.8505095626060167
125.284,0.26172568864413964,0.4211812969184775,0.0,0.8603208888577132,0.340312377092429,0.15752858080207038,0.5400454165400537,1.5843445055295462,-0.0046047397051231734,0.28208343559796306,0.2680397717830175,0.8173189567225355,0.7920798141792964,1.6446989579675506,0.8328157935212028
125.778,0.21640766682907364,0.4321110122642412,0.0,0.8788167342627173,0.37164854715272555,0.13342634274717094,0.4276464430798147,1.6121589937439507,0.01314120846518677,0.2921443971980222,0.2729622778008959,0.8248409522708914,0.7972455963807769,1.7397975554673297,0.8389056486890648
126.277,0.3010169151801759,0.4571104124806983,0.0,0.8800700431733404,0.4064922938443586,0.22871126279145657,0.5252491408951994,1.6657050052942133,0.04329330794281149,0.32801623670742136,0.28150557901037004,0.828707708797105,0.8286637187447279,1.7610856702661497,0.8714413226960765
126.776,0.22175717532421496,0.42779215642666535,0.0,0.8569246884392534,0.3458780072351482,0.12294006926730144,0.4334195391874573,1.657043096561405,0.0008760401492472397,0.2826773214991307,0.26430415605272156,0.8098981432468119,0.8056566075101018,1.5432440370693554,0.853338699906422
127.277,0.22347983912800765,0.4318323202009968,0.0,0.877912435943349,0.3500320032947966,0.17261290021073855,0.401122656508035,1.6350309939420764,0.04714278867235676,0.29482593236614174,0.2623577333070811,0.8160925109100347,0.811251007741636,1.5508142966162928,0.8403031824522148
127.777,0.21879584618075018,0.4491822626912427,0.0,0.8612691497181699,0.37920382025175176,0.19682006143565864,0.41479741618252747,1.633084297421062,0.06665104359492234,0.2980931672686775,0.30117714529537776,0.8297642865158356,0.8134509486289269,1.6132594434068495,0.845818718570448
128.278,0.23120804997352826,0.47485223792472386,0.0,0.8648921496422548,0.36890650983400525,0.22507926309427634,0.418819535600277,1.6375616635489962,0.06775328606243132,0.3341538258759947,0.3145754669230126,0.8365905290892962,0.8199807297812887,1.5945716084738655,0.8492992525522034
128.776,0.23443372869413145,0.4672706431150093,0.0,0.8791609337359299,0.4459253583823034,0.15066449815846802,0.430766206972723,1.6318449289338008,0.08528526382223928,0.30950787909128064,0.31312941402098526,0.8256155153374657,0.8067475200191988,1.7753948955300756,0.8423164344317173
129.276,0.2121154841269259,0.43775985960364344,0.0,0.8660964025257178,0.3764479148816015,0.19500912422488037,0.3878909441839416,1.6094670659399604,0.04973522392221524,0.31125465015142706,0.2701133566643693,0.8203107564057643,0.8097739141928482,1.606920903306981,0.8443363674027718
129.78,0.18273691476279166,0.4194546459792644,0.0,0.8591980484895454,0.3660927047036712,0.20686037980142957,0.3378590325946583,1.5852652635302924,0.012668010596994286,0.3066766459367589,0.25297659056877814,0.8104400872233669,0.8064585976405041,1.6482197495651554,0.8468192996580606
130.285,0.42599000909007934,0.45506839298583596,0.0,0.8603848343719588,0.35507055156171424,0.1996082143229673,0.7591063131816838,1.8784899792021996,0.07388434778876547,0.2984689603959717,0.2773848945330514,0.8239003062361041,0.8145541019390355,1.5614803570796483,0.8717168930806557
130.777,0.47071166496052697,0.46980051245277277,0.0,0.8629536636776917,0.3345771538513744,0.21629368788525333,0.7785893130836539,1.9598288769046424,0.15680341485628368,0.319436016953777,0.2764779291393175,0.8225028782912321,0.8083946972478114,1.7707305474455641,0.858784980241894
131.275,0.43960410545660084,0.43199684311944136,0.0,0.8597416758632662,0.40692598496371507,0.22333733596607555,0.7499248160343065,1.914852586689871,0.06969335505764818,0.2750360579062252,0.2660113047219842,0.8201179886284764,0.8025639661803067,1.5786793682735099,0.8730844690804798
131.775,0.4660029755478586,0.4372595088703298,0.0,0.8835316009465913,0.3938924072812343,0.2344431181149155,0.7925041603735995,1.8742877404432268,0.10717948917395989,0.29219299107600133,0.2592955974308567,0.826294844385753,0.8158104165196012,1.668077514519925,0.8658135475604509
132.286,0.4183732967912703,0.4298161666846234,0.0,0.8587139790642205,0.3904698356441541,0.19487202166281908,0.7154662055361672,1.8997249257198474,0.10712262953639057,0.2868057157007249,0.25347388047392855,0.8217068162329711,0.7939446566824435,1.5426142370485059,0.8438201828292203
132.776,0.49163335459406476,0.4390223193917622,0.0,0.8623395456420292,0.3911652119873028,0.22204411676154423,0.8409420377768431,1.9572637715386543,0.12629346451344448,0.3015727618007862,0.26101785090427354,0.8194663020716955,0.7992349312981312,1.6262016153117924,0.8539468178792902
133.277,0.49349426634395316,0.45812729243054007,0.0,0.8443896625777086,0.3874676515368361,0.25736535020473655,0.8443340803069356,1.9154902859372944,0.1796792066589272,0.29671403144602987,0.28147841657526784,0.8173505341809421,0.7919790895048813,1.6414670696096896,0.8589093418939946
133.776,0.5095566772618262,0.4948111055649452,0.0,0.8660774766228314,0.3952134507810354,0.2660578678009367,0.8444326596761716,1.9508592782852747,0.17125386606177706,0.3432550407139225,0.28251586432195347,0.8249112409440068,0.7988638372853983,1.5663933699246695,0.8474251359162449
134.285,0.5167145839169927,0.4780968813865124,0.0,0.8554347188601559,0.35294801290219435,0.24872655985277922,0.8609893949869124,1.898647492985324,0.13789749742884194,0.33274285731655473,0.29831221284811954,0.826452366846371,0.7953184984474548,1.6108003749838433,0.8549866067026113
134.776,0.5467129804304038,0.48792933031057023,0.0,0.8732450541615713,0.38910281986746265,0.29430881103156864,0.8951779510637609,1.9477044605401985,0.11046795978993844,0.3307937649317356,0.31399335857361427,0.8341599312672596,0.797845288643777,1.675334305762678,0.8744730319298807
135.285,0.46984914280734896,0.41550084421648875,0.0,0.8649894869943774,0.32899121046277285,0.2258547326514041,0.7984970105519884,1.7965944497690776,-0.023712167034420823,0.29068809367511866,0.2390576829064538,0.8058946466186856,0.7789110862860065,1.5192710963865688,0.8468877593029924
135.776,0.49208616397128147,0.44816987773929534,0.0,0.8681900859620942,0.349340832745381,0.3123776187528443,0.7713781935272676,1.897058386317111,0.09619445637322142,0.3148525977098783,0.2574204064510224,0.8211701492816789,0.7968349614080541,1.6535916619227649,0.8802113963539986
136.286,0.5149259061718607,0.4493185712360936,0.0,0.8685395526864098,0.3484259434839658,0.28284924541965484,0.8596233053974721,1.8836306322597476,0.07450837844892905,0.3304353762454879,0.27722371109235877,0.8230946543245774,0.78056777983359,1.5765117650909188,0.8516016585048611
136.777,0.5070252764136893,0.4812324458425282,0.0,0.8821270151366497,0.3860091781928666,0.2705252343896236,0.8319722018588432,1.9699801720857004,0.09643343247351244,0.3443371346168129,0.3138001525113846,0.8352877553414991,0.8058183923104614,1.7720239056123803,0.8851114851069377
137.276,0.4585510130420747,0.4668160787753028,0.0,0.8666948636123109,0.3796357441998902,0.26194820821996084,0.730585413338257,1.972902229605583,0.12637580666806472,0.3214390334150162,0.27941390768240304,0.8283821554293188,0.7904563216832013,1.6092930144170514,0.865511630759285
137.786,0.44992377483398815,0.4697996292457912,0.0,0.8718241344431754,0.3807576839489131,0.23051843466538577,0.7601912573257205,1.8926545947400497,0.09688992252387103,0.3242883072411872,0.2811161306347179,0.8156251423752963,0.7956295265765752,1.6500464559670036,0.8652238146260198
138.275,0.396695753781813,0.4300845475970856,0.0,0.8607022776576829,0.3489289158317801,0.17040568502013842,0.7180249259026541,1.9394639514413126,-0.015099499929877743,0.3212933436812012,0.25706796102274315,0.8238603246264279,0.7739276783697091,1.5314553682419203,0.8508463863570705
138.786,0.4046280739826232,0.4625722019593007,0.0,0.8841070019716405,0.40101666768728944,0.26330698858507007,0.6482853159679798,1.9038001427598772,0.10768475604086786,0.3191825709672444,0.26585530912073796,0.8233700433784031,0.7941388641107794,1.582862361663581,0.8694675739261369
139.275,0.39081178491559904,0.42159932587420185,0.0,0.8627786280368632,0.36031653400237995,0.20181362594881855,0.6671595268361283,1.8736095074374168,-0.014616785650199198,0.2770828894467349,0.23817421023393642,0.804121963546141,0.7703084464864794,1.5559795911641972,0.842685177564067
139.785,0.4178552886449058,0.4643307572940761,0.0,0.8696237086249358,0.4078781065676388,0.22983513675914388,0.693152875398149,1.8663452361740074,0.05377830874185854,0.29305906348894134,0.27236824288172073,0.8230534283793177,0.7869340773040896,1.5194602323102946,0.873730662139354
140.275,0.49614430474683907,0.47657646954906624,0.0,0.8623320303064281,0.33691164606837154,0.19949253304734635,0.8266483673815326,2.0617861058093943,0.11086452200932193,0.30613652858888424,0.3016012484384652,0.823934105256965,0.7918997364277982,1.5481254016722337,0.8513661002014657
140.776,0.4866666631947374,0.4387686766327302,0.0,0.8568790172092209,0.3524031929068257,0.22948359984143013,0.8100326903395809,1.948048300003111,0.011252450087240098,0.2892680906414667,0.2817414018082515,0.8126678257717427,0.7767065633991305,1.6316815838110637,0.855445937186747
141.275,0.49266783306202444,0.43259278201581414,0.0,0.8507178755996265,0.3684237917033726,0.20773735524787387,0.8313766454091711,2.0624034783930836,0.08180393419230982,0.300511260560939,0.2590947788968951,0.814338336514939,0.7822564828175751,1.5701149018018556,0.859093512373801
141.776,0.584618301781627,0.4847092791958733,0.0,0.8822981772663707,0.4195024629643857,0.2951706302060239,0.9726922864386505,2.121823018860753,0.12977365550501702,0.302503623694558,0.30590334346924924,0.8196089641686505,0.8133881896215552,1.6938842447830433,0.8622195598355162
142.278,0.5346818033553485,0.41605529138689423,0.0,0.8683026820518502,0.32259450441104065,0.23829917117973282,0.9033365792383381,2.0369005303815126,0.02171061238278295,0.27931393801744214,0.2587840436976187,0.8075367461185924,0.7898711722886852,1.4992424309231525,0.8564423406027075
142.776,0.5346350584834684,0.41264321364004336,0.0,0.8706520787632361,0.3449697550114089,0.25043368134543237,0.8713650032175063,2.072885739483459,0.057230731647956085,0.27780824886292016,0.2520801756021324,0.821089658359762,0.8025289943077607,1.649877816047252,0.8883081754368306
143.286,0.4996632041416154,0.44077467326702263,0.0,0.8664734254804686,0.4060763113301108,0.24624235508705944,0.798993641977332,2.0178134346410763,0.03501129715719045,0.29825789443538214,0.2805098961014905,0.8214105731572405,0.8026677510550665,1.5129673693531227,0.8718958435228362
143.778,0.4679135902942832,0.4397596540473997,0.0,0.8697323407009895,0.37669186567510393,0.18275538893709808,0.7998022422777431,1.9806053176637324,0.05953860195240109,0.28746181788354547,0.2618779509947343,0.8211985605249285,0.8038184066418294,1.5258465461851816,0.8621836105195255
144.286,0.4776744879164663,0.4994353448921683,0.0,0.8814490058882916,0.38741063720674956,0.27504515748791986,0.7724355829380251,1.957850175852759,0.18097314648804871,0.3409548056022762,0.3207355183850177,0.842037891484404,0.824553458454367,1.6788044601731464,0.8908005382318974
144.783,0.3916314842753377,0.4469726319774505,0.0,0.8593826050035169,0.3724042692573265,0.19486632619532054,0.7111972431976775,1.8424022998023775,0.06808768133671181,0.29260559367705735,0.27140551094451365,0.8179839335651313,0.7919868811177839,1.4881268147145768,0.8596785587650847
145.275,0.45201832967607997,0.46102352603128716,0.0,0.8614547524420755,0.42930819357022537,0.22313236241505244,0.7584965397819355,1.9254706777199786,0.05172073964212109,0.3149307975175947,0.2834796884358732,0.8190228039325201,0.7944503035869039,1.6674665527385435,0.8536259250921708
145.793,0.3945986308973693,0.4475923450843817,0.0,0.87559811441808,0.34437314103502076,0.2283313751017138,0.6730607107499733,1.8419737659081907,0.059851957267717616,0.29745235582759416,0.292567996751458,0.8227207477700548,0.8034016604917066,1.5997637286747206,0.863713352406465
146.276,0.4231773063344398,0.44691441634422413,0.0,0.8542324642739774,0.3362004131450038,0.1755027488364433,0.7366668639694762,1.90484357815347,0.05933811849569779,0.3109431021743177,0.2900017746376238,0.8122524326780706,0.7951700501437091,1.6137950522303914,0.8440059702074905
146.774,0.3890084140675101,0.44747744700121356,0.0,0.865013043010061,0.3635291996394641,0.1749494974407653,0.6926271638475925,1.9082793024169415,0.029543334572071648,0.3144732558298567,0.27193500914118446,0.8256555230065613,0.7923759397418519,1.5275190804352625,0.845265977317916
147.286,0.40380760946134164,0.4722297246914592,0.0,0.8660055379192947,0.40191168641807834,0.2270108809354595,0.66672766819545,1.8825430361932716,0.13269144756098947,0.31870430230102553,0.29964146837147326,0.8276464990228521,0.8159562897542788,1.726470179242373,0.8647348793055795
147.779,0.436872229770664,0.46194413567227033,0.0,0.8839242482694925,0.3679189783984132,0.22044533571933406,0.7342094731856492,1.8886651881049232,0.10616259169735691,0.3087696466097603,0.29184971580821795,0.8211644748508352,0.8127815505747957,1.6556206156628341,0.8840404991716443
148.276,0.42339796293425536,0.506518012482012,0.0,0.8695052841679969,0.4130029289453659,0.23871079528075803,0.7131317703296692,1.9553965482862046,0.15099527560637932,0.31955284302692194,0.3462919185197404,0.8219667194979482,0.7941941653789104,1.5608852194193328,0.8620628355914937
148.777,0.4215247910951459,0.5052652043640335,0.0,0.8746830788706782,0.360830290152996,0.2236870060360166,0.7039751152733551,1.910384347632429,0.14773496804258987,0.32011431651461136,0.3381713989195598,0.8218021349443052,0.7938749029315323,1.5692200100758222,0.8846852723146057
149.285,0.41123495426822093,0.5100216191483385,0.0,0.8573890210584508,0.3669497532334983,0.21803396965619526,0.7322218579184723,1.8995704430774107,0.16910834057360916,0.33096669240371,0.3447203635905928,0.8191640327633971,0.8008672170278902,1.6479413957392028,0.8488232442119483
149.778,0.43373006993827773,0.4997797942124559,0.0,0.8730482363559944,0.3745805830478958,0.22640466169098716,0.7414180604417685,1.9530589022703702,0.09833252716217163,0.32626943030114536,0.3305667580723517,0.8256667089970968,0.7917199150764709,1.5359855880617002,0.8533375262187737
150.274,0.28994038221334006,0.4953309548505918,0.0,0.8639736098343939,0.3814246601164682,0.2041335797568098,0.5332987975008854,1.7024025643116727,0.10530838197166423,0.31003399229723044,0.3276562818557817,0.8244193179548555,0.8099736443696136,1.620480517347785,0.8540754967323032
150.784,0.2954002102565271,0.47673471570166215,0.0,0.8774023995131999,0.34760008792434116,0.14936203963968236,0.5472073328256053,1.795957029515097,0.0690239025680766,0.3224692745255835,0.3081868337948979,0.8153525416755241,0.7951563502598713,1.5592957241287866,0.8454376476132588
151.275,0.3720823970172817,0.49576702667538436,0.0,0.8650101686475994,0.4013568979536592,0.21636054634679813,0.6631684863322567,1.8082806471821087,0.16065856120705374,0.3111542388272544,0.30977141839239436,0.8190717239108948,0.8048493787005077,1.5615548058017072,0.8652471816813315
151.785,0.41029023475595827,0.46232002877515344,0.0,0.8522184701834812,0.3760912893984516,0.22395345899592728,0.7444694146558076,1.859925318570062,0.09859767428116419,0.3317167658432714,0.29402323485974186,0.8176425295771228,0.7937280188531689,1.5886018457493591,0.8518386531394522
152.278,0.4398749238997179,0.480747738403745,0.0,0.8626972336220685,0.3711124892275257,0.24444806129831667,0.7834212200525673,1.808675064166593,0.08687913550113244,0.306093802170729,0.30988211050319137,0.8193715631816102,0.7924809162316232,1.6138979843706887,0.8503114391952666
152.777,0.49095795570877176,0.4974685756688037,0.0,0.8672825766106328,0.36753589330770403,0.22168299247328424,0.8368687989559304,1.940559359323549,0.16972248995617295,0.34318547243455355,0.323416473663412,0.8206763369871611,0.809605260082212,1.709430012083979,0.8503980868959574
153.288,0.39982049868645286,0.4798247525846171,0.0,0.8531233947808158,0.4156322583705919,0.20639357294740243,0.7321290720315011,1.8186507130611276,0.13743986857663892,0.3227655529686525,0.300581668702849,0.817051698196438,0.7958526500381912,1.5651007652873385,0.8463929719592023
153.776,0.3558789725689557,0.4746278631002888,0.0,0.8447038912111628,0.38298365193046435,0.1838750545870434,0.6604908755947178,1.8367194031036034,0.04896048516282528,0.33047339455727687,0.2907974690669076,0.8094762027329896,0.7838900321019803,1.5775721319124025,0.8342803588057914
154.276,0.42653940386499145,0.5374251983839766,0.0,0.8730940234293812,0.33438583450823395,0.3034360510143562,0.7085712703457921,1.759222643366117,0.19906609100233527,0.3547321808950388,0.3337630132501571,0.8437050275373936,0.8319533141202528,1.6893520657865522,0.8635848048751936
154.784,0.3722345191435354,0.4842580656330501,0.0,0.8530328378832805,0.35972080914567606,0.27366732894778206,0.6061316460465682,1.7338069405827818,0.09710075190415438,0.32929526518288627,0.30476358060720404,0.8257094659311736,0.8038227377752454,1.6956553407019155,0.8423728453105105
155.277,0.3502992654588157,0.45919751721394797,0.0,0.8666289234208614,0.3875069351260271,0.23227517000929182,0.6091006065732958,1.7750867672544117,0.08533825276518686,0.3211006506459523,0.2801816205440714,0.820746449759474,0.7955520162602535,1.6542686328953993,0.859349926205097
155.778,0.33393614978593084,0.455061423107067,0.0,0.8658161594270902,0.3532051898101859,0.19020616802794355,0.5735168131537928,1.7638434918246872,0.022248497959065448,0.32594541927399856,0.28493707813233027,0.8158263859671722,0.7948180330394858,1.7114524854699538,0.8493309995737442
156.284,0.4127223508866795,0.4886485255881135,0.0,0.872674960208704,0.3553786923596367,0.24656326304566392,0.6992716117089338,1.8745070292719985,0.13243571473568558,0.3234221994821177,0.3051287826596327,0.8266832725319454,0.8081591300785743,1.6177143102687899,0.8500056484039434
156.776,0.30115431919806945,0.45872015691795637,0.0,0.871125085151241,0.3456930593006382,0.17469557450975728,0.5772286844585236,1.7389076178688578,0.08884744398969063,0.3159976430942346,0.29451449594946405,0.8251590331103809,0.7979281888969051,1.548486040928214,0.8491564566162012
157.279,0.2755180139003528,0.4064095274463838,0.0,0.8478868675134464,0.31235203164075065,0.14273637559880706,0.5590989698737485,1.6879420164667338,0.0007514977516499033,0.2706702507287314,0.2481842174072909,0.8128095367011717,0.7794548740950509,1.4383653791837618,0.8434347125950359
157.78,0.26387451619801283,0.4681102631003942,0.0,0.8608870187968781,0.3586724634083961,0.1421056025605972,0.5303116074178,1.7033064631385013,0.09055811034047896,0.33473084459758207,0.29163985405102577,0.8298695143079134,0.7971479503525553,1.6013814059712994,0.8357452277717475
158.282,0.2726503057783227,0.4601602107975147,0.0,0.8614443446435603,0.37859324599170435,0.18105086204638285,0.5095218353698064,1.6386870034395193,0.05988980039045214,0.31953387628637453,0.30435843765205944,0.8155592447083285,0.7918947412365668,1.6160202250726703,0.8421043088445027
158.777,0.25870709365695127,0.4385885535564724,0.0,0.8684472327982787,0.38205652528492895,0.17987259636302552,0.5034502809981725,1.6714010545398774,0.06921911433566537,0.31384285029331066,0.26981956112610744,0.823428761685093,0.7978213512003013,1.6145586791045594,0.8408998754369587
159.276,0.23601031039729803,0.4539930195727985,0.0,0.8559069758866292,0.36839643190839627,0.19170575300907408,0.4448209018607713,1.6598064068249276,0.04840130165075194,0.3323526924474292,0.30091270746742455,0.809755885070303,0.7896917401490782,1.592391647406308,0.8241560957539432
159.793,0.26623916433031,0.46998498795635424,0.0,0.8654622327348321,0.39786065851901703,0.20976241039931626,0.4916916310432841,1.6249070401162493,0.061367175096532785,0.3294595116418604,0.3109275966706155,0.8207436939795897,0.798430491531781,1.541272200871276,0.8542984317370683
160.276,0.27159652198317724,0.45539223535822726,0.0,0.8638738144317916,0.41282769491849725,0.20548312080795056,0.49084093594699185,1.6254397182688358,0.09971939357017814,0.3301529393521289,0.30726862990273146,0.8224216121026686,0.7954404877322977,1.6875508286841545,0.8439145210570641
160.778,0.23179193078152613,0.4304604999214956,0.0,0.8580070524263478,0.3112277159872025,0.1752200637938088,0.44132510264697006,1.6030129517139626,0.03238175814787896,0.31265371412974036,0.2694115675896708,0.8210780423893997,0.7882991867074276,1.5497037447253923,0.8293245157826389
161.287,0.23861895380831513,0.45490636542003393,0.0,0.8502509546062246,0.36502277291458196,0.18758331026737396,0.46323201737529635,1.6157497586372638,0.10166026403717306,0.30381352349161617,0.3055199129874183,0.8205713502444177,0.7982643995780004,1.6941178389519724,0.8474939156578889
161.776,0.2783450696869923,0.4659391425574125,0.0,0.8476914651683968,0.37855511715114676,0.18431730764732487,0.550708737665468,1.622271070421378,0.07638085208937465,0.336111988081246,0.29002525643721766,0.8192792152400766,0.784367340334634,1.5372653826963454,0.8439535071874312
162.276,0.2858068067568938,0.45257625589445344,0.0,0.8477417665112279,0.37710723576665034,0.17794828770530013,0.5561378767604989,1.6720629863585081,0.14978300556146176,0.28999510425702296,0.27965128137117756,0.817121113880209,0.7936087226920852,1.6027565974500713,0.8402537726617494
162.777,0.25837646008156184,0.43122597437562554,0.0,0.8441872770523489,0.3811142098211709,0.16626362455659985,0.48807749751260865,1.7120309859659664,0.09525481696352074,0.2957980432093453,0.259787994384318,0.8124079029622104,0.7875305249063475,1.5611905496045095,0.8397941713266169
163.276,0.25336531304372134,0.4523234495502421,0.0,0.8673070521326559,0.41803228718388064,0.1816528096900853,0.48920458153766433,1.7054295632137138,0.0801323700316096,0.3212820823998509,0.29627947537615035,0.8186095086193009,0.7849084903579755,1.6472730150036587,0.8522990095743427
163.777,0.24290149447412168,0.4094464417597499,0.0,0.8546755360233256,0.3917885807146403,0.1597349100311582,0.4942794089919422,1.6641746068130314,0.02918162484552113,0.28647192086103707,0.25156721296103407,0.8135191272089626,0.779607085393737,1.4796764326210035,0.8440388006330801
164.276,0.2884285691883952,0.43639317333133326,0.0,0.8730168717762901,0.39792092311608973,0.18423503978183473,0.5253942108932138,1.7236713088896625,0.1147936940233368,0.30350073133026684,0.2731395053176504,0.8234337455422592,0.7813670749955892,1.6217704092785123,0.8412450627389663
164.776,0.2648909596073445,0.4335446102507084,0.0,0.8816587293640894,0.3654539700720116,0.18004902929308708,0.5096123218979934,1.6755454619482613,0.15151465753007473,0.28862757610785444,0.2824715765558579,0.8221674875060595,0.7813428940642265,1.6854627982250094,0.8471443537016166
165.287,0.2844669262919025,0.40440409012786716,0.0,0.8642531108117474,0.3474321955900588,0.16954994101120194,0.565043112721222,1.604333347861893,0.05618027284059776,0.2650557137900201,0.27108181160755773,0.8182673228497793,0.7818696949026999,1.6851912261657422,0.8500720233168676
165.776,0.4251682042856769,0.40919410333987133,0.0,0.8701442324959051,0.3718691078302751,0.24157112239924086,0.8192030664055677,1.634761287016756,0.05468962388295366,0.28519387500837495,0.27408357195458705,0.8148422403058675,0.7666067386094078,1.5099951472876452,0.8555221119816896
166.277,0.4136758885111394,0.39127587993567803,0.0,0.8582769565084782,0.4015526296909739,0.19893690854026067,0.8405780928747859,1.5489588931448546,0.017471370756816842,0.2808478758097256,0.24214401049708734,0.8104442827841557,0.758524369745527,1.482186138231509,0.8450182717570782
166.776,0.3875951981151761,0.39894623121348916,0.0,0.8681923774878495,0.373015500211544,0.16063773657231095,0.7832011128126477,1.6371108500374223,0.04696430615991724,0.2545552653122168,0.2388905143373617,0.8146430358607802,0.7629642278068816,1.6155780539169287,0.83751988463348
167.277,0.3194756846775394,0.37892740419082493,0.0,0.8483092033079745,0.355978707863944,0.1522031920173667,0.6863336236749181,1.5333027389236606,0.02236809784994974,0.24804567919216444,0.25809149443806484,0.8195543567297814,0.7643093841143629,1.5620638903844821,0.837324658507855
167.776,0.28838178305780043,0.41206780711625435,0.0,0.8611887291113098,0.3878597311233421,0.16200661057174434,0.5957588180862009,1.547194219902625,0.09393879595974089,0.2581350661607208,0.2685116795011316,0.8100236582691976,0.7625401788641292,1.58834639922256,0.8427979172455032
168.287,0.24359389069892493,0.4374028428599419,0.0,0.8561845111476161,0.35164999058911944,0.18818642864612642,0.4818327548412624,1.5828985623424323,0.03393176936275367,0.28795132662333206,0.2834013575213166,0.8163495671873308,0.7546469189395122,1.517064761783373,0.8264795788398428
168.777,0.26911783601782274,0.43149175684586005,0.0,0.8520260109829111,0.35516970868286213,0.15088225487035828,0.5666203901430116,1.5632113517541013,0.04577565896709125,0.2826288760751052,0.2895926233940441,0.8159726703185326,0.7595256860841954,1.6557437423960772,0.8312872335296176
169.277,0.2534864911350712,0.4231196719097675,0.0,0.84617187227956,0.36210329537200087,0.1432831404897975,0.513117205833011,1.6202843582724644,0.06157484045790146,0.29396010737628214,0.2661859328581618,0.8005868908578055,0.7644781101646294,1.5599814360444215,0.8225707145033132
169.783,0.26246969826915756,0.42870958345120963,0.0,0.8620861383730944,0.3771407345448364,0.15318490078504202,0.5403549583140679,1.6290386935397867,0.0049223137597182815,0.2881384278987127,0.2968039932469897,0.8222471249831861,0.7771547324012549,1.5596703790346462,0.8445703170154095
170.276,0.2611213035060603,0.41099077549642504,0.0,0.8642175179508106,0.3651451910264315,0.18244821338389283,0.5103183001659425,1.5865564450811838,0.076411463708442,0.2643320792656339,0.26499445542826794,0.8181725579003536,0.7707160267927918,1.6212596669308355,0.8310778000372733
170.786,0.17445594593202687,0.4092841882742363,0.0,0.8576280601351496,0.3643773606630551,0.11845457210668775,0.37308809357558054,1.5544232582826978,0.005483969418529557,0.2621728681968201,0.27015855093711827,0.8153909532073509,0.7562986947692086,1.6241272990907174,0.8329611830608334
171.278,0.23388353750115096,0.44757130749985735,0.0,0.8528523793268663,0.37227534323304934,0.14918076556218396,0.44589613760125724,1.6219521410853166,0.06911207723030954,0.296466778103763,0.29132755703908186,0.8144244953528341,0.7655052435995222,1.6662651251801288,0.8300264631117282
171.783,0.21752311739738792,0.4288301463429633,0.0,0.8724265848841312,0.37459810718834147,0.1628414079164371,0.4415185493488046,1.5854542217883911,0.03798390262972395,0.30638322346199054,0.28820098273619843,0.8184969255661414,0.7716709845100373,1.52934156707113,0.8469671925176511
172.283,0.18988032835701119,0.41926853200952924,0.0,0.8609488175896123,0.35843979816145366,0.11251040240730542,0.37805696267283206,1.589025935416613,0.045279928724479016,0.2986296015484754,0.26439700199592664,0.8196864908356324,0.7753922415145357,1.5717702555777557,0.836858581371231
172.786,0.19028173562881529,0.4012083250159142,0.0,0.8513510679624504,0.3304834076315782,0.1320659170246681,0.37944344592090445,1.54807041866843,-0.014337016186812825,0.24839352765843484,0.24506312583152406,0.8040261041026305,0.7665124184047016,1.4931267848725338,0.836389286852966
173.277,0.2067611646156431,0.42084016912956507,0.0,0.8548396570510565,0.35604869743649886,0.17388150233864746,0.386981006786639,1.505408299165965,0.0033514376949272135,0.28428540843105915,0.2678017318663806,0.8094694598674028,0.7684901470652934,1.5278550039208918,0.8252102725113174
173.776,0.21685416612376027,0.3916875136821947,0.0,0.8459497028867335,0.3596284624589182,0.16125604286478484,0.42002949422455715,1.574746294876987,-0.0034111266044031985,0.2682788508439921,0.2352029653045843,0.8127921225178854,0.7625274234182747,1.5644451945552398,0.8290734286879166
174.288,0.19557279803114505,0.41603891403609833,0.0,0.8534941983972079,0.36065617029256364,0.16496331765899389,0.35410875091725585,1.5901762651463462,0.07275908173618412,0.27719585572106986,0.2605144884964964,0.8162257264803596,0.7770374487046227,1.679751948263765,0.8267738789823053
174.776,0.1908375680131851,0.40218475144691834,0.0,0.8581380603642494,0.34212187188382975,0.15600725811936828,0.3717154665936814,1.613181903192859,0.08238284838647957,0.2692054641313457,0.232614495550973,0.809836512803989,0.751045255077468,1.6289351192065578,0.831907769610794
175.277,0.26179329792245964,0.4309348194407035,0.0,0.865310036329177,0.3653682678015984,0.2035108752978043,0.43272124047712546,1.6532436047334926,0.016738713431069373,0.2932198601644888,0.2723140490726941,0.8265133197452461,0.7738100239074276,1.6042440648361118,0.8369139827144249
175.78,0.23471906645370985,0.43797946013795497,0.0,0.8664885140732983,0.7605881692370496,0.1695318737221479,0.44878060045216883,1.6429124385085678,0.044327274317753476,0.2900051213541333,0.26232694484528046,0.8126527960220635,0.7568317801780516,1.7634834013815812,0.8412717867053647
176.277,0.22382867529758846,0.42690705858519334,0.0,0.8502851790679239,0.5252776071169523,0.13362584232107463,0.42387315785770924,1.6482400570141575,0.04464631560792937,0.27344762343009255,0.2563296823238206,0.8004533495451769,0.746924871593103,1.5342266993219063,0.8237146086061892
176.785,0.200476583645596,0.44056226560678674,0.0,0.8633913740532061,0.4575510170995321,0.1549096782274253,0.38556668326395555,1.6423148744576392,0.03128484421561213,0.2979722198352854,0.271079037478705,0.8192573188427691,0.765438282581141,1.6543718664474947,0.8376354969771147
177.277,0.17649686444701737,0.44123323104822665,0.0,0.8561044235903522,0.37238007856485156,0.15917052083201072,0.3786646696555896,1.5627234719736431,0.016914023704294522,0.3075235960861126,0.26547648762461773,0.8054245679079997,0.7517429143300658,1.5081491505290163,0.8241199658706225
177.776,0.1900892149710866,0.4415847299406808,0.0,0.8639833261931028,0.3670957717509199,0.19263000083667128,0.3364961140163145,1.5531257794515616,0.07171164712377408,0.28466842630998646,0.2791063070303189,0.8210425560234355,0.7622354426838814,1.5513450828510276,0.8450257899244763
178.278,0.20091409354177067,0.4367001017021989,0.0,0.8589668541778162,0.40307013171869926,0.20822501384153147,0.3610858017678558,1.5762086588195474,0.05368800973576032,0.3232972791420866,0.2582041633886789,0.8148797071849927,0.7570253290823573,1.6739904611142506,0.8447273449408617
178.777,0.2267023096711244,0.4424277175189885,0.0,0.8581870476094906,0.39531122441741534,0.19043211988479988,0.4080528335037025,1.6218746207705672,0.058826070160345266,0.3145147663407231,0.2757461598137156,0.8127107195175907,0.7620025907736873,1.615015016616465,0.849900960384451
179.285,0.17013984442870103,0.4058636206258306,0.0,0.8496124696515384,0.3352827126424701,0.10676240992574003,0.3850968175762397,1.5580616513385583,-0.06195821970022537,0.30131112964741896,0.2505369408153774,0.8042802091546835,0.7410510911262678,1.5729523927789937,0.8218050104878494
179.777,0.2317094821195183,0.42836820342189325,0.0,0.8638634283538575,0.3884817680159467,0.18360325421591797,0.4292450759834273,1.6192359807097907,-0.0022578664599944742,0.30515772318616885,0.2609257913282493,0.8173325727505749,0.7601659393739406,1.7665847784163133,0.843692168792302
180.276,0.21325012499803989,0.3995587609510064,0.0,0.859455636978324,0.3443218820015829,0.16688594931773618,0.3942954922857042,1.6431790765062724,1.0556983923736176e-05,0.24973562779201786,0.24691175507338217,0.8072768363387899,0.7456112488138892,1.6332418421534798,0.8197774936883332
180.777,0.17046727357737387,0.41314021798355216,0.0,0.833207035109064,0.33882638162470935,0.16280201426555596,0.33774066822066157,1.5752297904750976,0.0017141212834736641,0.28041791118309756,0.25136092262173265,0.8027494418574461,0.7349557255985578,1.5428015645018263,0.8187112025040166
181.277,0.19947496461690506,0.42687172883744406,0.0,0.8488833445369312,0.3512601393353926,0.13517431339930103,0.43231846196134044,1.5677937389767012,0.022787419588133774,0.28796214961243355,0.25612134961403954,0.8129767206783338,0.7589224466450767,1.5615511888600935,0.827066250337167
181.777,0.20655529363858371,0.4359211400610869,0.0,0.8622984900443738,0.3776440241719416,0.161962850395623,0.39304489662930164,1.632200207127161,0.06438770629640327,0.29256300864350826,0.2618082264328662,0.81662441550894,0.7732327343763054,1.603299289452086,0.8524529432322515
182.278,0.15184772137491065,0.43428944924265767,0.0,0.8599836906653637,0.36782313057295224,0.13081196490511324,0.33663366977002435,1.5719513786444819,0.04792921482698678,0.30526855455340707,0.2557441226959997,0.8179621804944606,0.7548015466711491,1.57778583290058,0.8394630518620139
182.774,0.20168574275380385,0.4346284128815083,0.0,0.8570617202299026,0.3696509427027718,0.20393610523803413,0.36673889539609994,1.624451762709978,0.04700008513542437,0.276280567337983,0.2878309641844441,0.8205717737093813,0.7548517476054191,1.561854258456001,0.8295109925998579
183.276,0.16243792163463527,0.435580312767404,0.0,0.8745647557766254,0.3681380891839305,0.16358378047843053,0.35944423247316765,1.5446515934349556,0.05083728466033134,0.2833435185404941,0.2747141838722872,0.8263317965920801,0.7709145081717657,1.6336653257764229,0.8497224695681721
183.776,0.15478252741697965,0.41402438948121695,0.0,0.8606900489469486,0.36923110118844676,0.122816445978683,0.3345657873467897,1.543626571607385,0.04688628102542353,0.25973718666360546,0.26895334484591527,0.8169809209099083,0.7515203165808589,1.5395763072043551,0.8263256533895762
184.276,0.13927896827092848,0.4222352298934085,0.0,0.8605288312424684,0.3972827861497913,0.13703448476332825,0.3171491219335494,1.4957055456929573,0.049559438043945234,0.29969126538044916,0.24127956354317542,0.8199056176796926,0.7604957972342463,1.6037149363666643,0.8420657741325258
184.786,0.1512547073881663,0.42797029155580163,0.0,0.8572604639308182,0.4415542105517896,0.17301996793773392,0.31774172528560635,1.5584341075550303,0.013183795911117104,0.2971951207344272,0.27772240990553254,0.8143288183249906,0.7510838165521295,1.7215187363893154,0.8526043407397623
185.277,0.2674958259705726,0.4592023909381219,0.0,0.8591222543754514,0.43431726438802715,0.19042278564607523,0.49608383450059446,1.6686814665311147,0.14901754333498418,0.31027399968000086,0.301856326311886,0.8216194260891821,0.7627693249622324,1.7587033111540866,0.8386217968296237
185.778,0.1878320570391902,0.41720190554502823,0.0,0.8366766982947341,0.36597074037471417,0.11967659796616237,0.4100140888022648,1.5810751410570827,0.03500107087713936,0.2811662243847329,0.2579459946550968,0.8060108975300683,0.7408527204235577,1.5954990526778114,0.8204543257419072
186.281,0.273038766566217,0.43312328462194466,0.0,0.8504533654722447,0.39487544884754117,0.17260027525750846,0.5220915352687167,1.6921507119304653,0.0773270936222412,0.2872571000902532,0.2851251946508741,0.8050365371673881,0.7441463665524041,1.6540675912036233,0.8300056486219046
186.783,0.3871637770047304,0.4569815965738172,0.0,0.858265002925564,0.43537986555236224,0.24271575318210054,0.6695858612489819,1.7819674225643634,0.07680723988556636,0.31905253250572574,0.288728624232527,0.8247933092023473,0.7681616394560431,1.598637503367872,0.8564429479655701
187.276,0.33483884667343017,0.43861022722557436,0.0,0.8587680091140638,0.40670370138652134,0.18899534325467637,0.6110519430694049,1.776995281532908,0.07785978798404575,0.30591746733054764,0.26851420242933843,0.825293414838069,0.7623896922714378,1.5581277532837234,0.8458758188880646
187.777,0.35928264888023714,0.45448007906242077,0.0,0.8629064104622559,0.38820712230681903,0.24233175209907798,0.645647944007937,1.780897682076995,0.10560392226771284,0.32196450332101817,0.27573926817849526,0.8272185648507081,0.7540731931857887,1.820650224187469,0.847212870799777
188.295,0.3551868038920759,0.43912093736449587,0.0,0.8590336957751525,0.3622690921879247,0.223231178777973,0.6286484393738702,1.7695437658278517,0.08171522318588234,0.30670401799009633,0.28396084689082607,0.8191156209429941,0.7636939463000805,1.6040122791379732,0.8339843761040634
188.776,0.35929317860403315,0.4440496148278335,0.0,0.8601340190974577,0.4041613876199348,0.2211779627034382,0.6623336387770279,1.796087279586336,0.07190289469459399,0.30355683979826736,0.3049891915527052,0.8111819066740926,0.7545388785602549,1.667231903627913,0.8629663699411132
189.287,0.41897523766332245,0.43612838446904034,0.0,0.8531899503899433,0.3626120562201033,0.16901266856628328,0.8087993924729743,1.889641744789765,-0.001398634057856875,0.3019545849800333,0.32324305784341956,0.8198813498784698,0.7515691746424272,1.6556136831906458,0.8549123771104232
189.777,0.5001878486896841,0.4384965552503073,0.0,0.8530197620682063,0.3233269913499108,0.19576567217303123,0.9339358438758802,1.9527439984108683,0.053254147984322556,0.31632625618935184,0.3032916321950696,0.8156439116465181,0.7527468666097153,1.6891547917430483,0.848977030132898
190.276,0.6439692759201161,0.41856783290264316,0.0,0.8547304059372457,0.35979489014404137,0.16442775385435784,1.2205279892342722,2.11646538863437,0.04626988588015802,0.27690195960800895,0.2896792111645678,0.8193183759791683,0.73905002636353,1.6792681822749378,0.8371149213340793
190.786,1.086957499157465,0.41421890342340884,0.0,0.8602659791226647,0.38884721459817945,0.23825594890882776,1.9189289534245573,2.5546626583839287,0.11558760744378162,0.28552955733216967,0.26826785104792,0.8213743701581784,0.7570136490413918,1.7437498181009639,0.871086795137956
191.276,1.8620531965885643,0.4179000244878743,0.0,0.8609979496388976,0.3734464464970492,0.41459060052679747,3.0438851701099536,3.262014845139683,0.18784275702462647,0.28705847597209244,0.26011621533285345,0.8264216167733742,0.768164469080638,1.6378979014127102,0.9164493328294478
191.787,2.4437623458455535,0.40119561794633435,0.0,0.8641409020730866,0.38416750170089153,0.6657743914105853,3.66916358158501,3.934246782110302,0.24913952386280033,0.25380015858177135,0.22925464322196618,0.8183338133676877,0.7540884333150831,1.8171101422327094,0.9073156457931335
192.277,2.7956276551322117,0.4191554127699015,0.0,0.8542383903840169,0.36529104352579894,0.9127835310996291,3.9562363229719626,4.444830887672345,0.482305053970255,0.2643536262746219,0.20980163242081612,0.8358912450678689,0.7561118768298445,1.7707831438105455,0.9301339734580908
192.785,2.870672358578169,0.44996336508602347,0.0,0.861297607354444,0.3786586645306878,1.022820598224882,3.9474261121430745,4.617297765086129,0.6466320651537303,0.26679983388929307,0.2139611437805913,0.8257273166091131,0.7650997310958666,1.8255611271498906,0.9262739361718927
193.278,2.7883457422887923,0.4142852302321161,0.0,0.8546350668825082,0.33277549142846846,0.9943865457105724,3.8022061900726496,4.619415564286625,0.5911967073517292,0.2421861086489746,0.17480801719478545,0.8212450113766889,0.7473442831979913,1.6354872095887045,0.9132009920325497
193.776,2.588216456387913,0.44185160837751764,0.0,0.8605104193943227,0.36403123490693867,0.8679742181589308,3.6018329707020165,4.341202966452149,0.6285303892457627,0.26301190787929235,0.2023976135157337,0.8284396489449792,0.7648812062352609,1.7403780746537725,0.921500925788782
194.286,1.8842368902403492,0.4371308106755811,0.0,0.8615047098750672,0.3469709270073272,0.6548552623921867,2.573410760998063,3.629211916234027,0.44770024619574367,0.2908618977313408,0.2252435586788123,0.8187243979278827,0.754368852063206,1.61431739893355,0.8619991609810801
194.777,1.1707879330333206,0.4601218336928277,0.0,0.8598083762765371,0.3539109109301635,0.5354049478855598,1.553314566771907,2.7484215165420234,0.397089201774143,0.29006585309771776,0.2620993679816653,0.8149130892557556,0.7681185937459253,1.6744588550997095,0.8650588006994984
195.285,0.7429042709288113,0.46371084458811673,0.0,0.8586832588630327,0.3775429006577886,0.4336705119570616,0.9645343495745827,2.2284046035696568,0.23719200549031574,0.32423277138070156,0.2936119538713861,0.8160418449529692,0.7743643075208491,1.7413908184057738,0.8642532651701171
195.776,0.5112178205735055,0.4483106578858679,0.0,0.8374037780507175,0.38222611469388185,0.3556230828529398,0.6459018352898652,1.9429512496315509,0.17363925923378773,0.2941740505129597,0.2722241847720281,0.8034310511017763,0.7595113996158086,1.4245161083737181,0.8359251467115161
196.287,0.3164698811415729,0.44411911840385576,0.0,0.8450368647423604,0.35913527042610605,0.23145806025549404,0.43540578686207393,1.810709603758828,0.14636055342772852,0.28830979307110044,0.2714406244261293,0.7983848012579663,0.7487485720187372,1.6275358147814276,0.8291073917631414
196.777,0.2835369198869843,0.44469676584649676,0.0,0.8595473957504246,0.3217752305496686,0.22982418880475394,0.39559708711756575,1.7024108544018173,0.09906380599884317,0.3186863747372027,0.2905738786484108,0.8163357101099579,0.7651248619989958,1.4609275617922213,0.8246974530564314
197.278,0.3040888651852674,0.48883737325936033,0.0,0.8630115817190581,0.3728532967666577,0.2799861971331865,0.392567674496659,1.81125352136075,0.19030062534729567,0.3358334392637339,0.29764647652710285,0.8211869250100878,0.7697473175427114,1.666001540534344,0.8473752336694415
197.776,0.2725645951775676,0.445042384977675,0.0,0.8464515687425276,0.3650915782242582,0.2451344284288319,0.3991214028878554,1.6808075967125151,0.0778515333117452,0.31865938442212366,0.2864889848022777,0.8167816904053993,0.770089908713739,1.4816402814056002,0.8346046741647448
198.277,0.17452244497565972,0.4046458797790979,0.0,0.8582299458399958,0.33570853081113466,0.16284365446208304,0.25695133218273325,1.6125391820640047,-0.004024449978137358,0.2989561716364492,0.26582371244820074,0.8081503924898258,0.746790661797886,1.4386366498316159,0.8293246553119575
198.785,0.1943252770711502,0.4297292314657689,0.0,0.8557188680508582,0.3150139006280273,0.18922278226143216,0.2768659427554311,1.6467138035781217,0.008056104709702163,0.3371844678331478,0.27740650871036554,0.8012949503767794,0.753656157432645,1.5210703743114844,0.8426859819095422
199.279,0.17673533855957355,0.43964813817969267,0.0,0.8477595158804074,0.32718938202160824,0.17423044465457033,0.29162948635253355,1.6103737547011188,0.03742680173975299,0.32727415149617145,0.2668979337851669,0.8010399006720238,0.7429268168008705,1.516278981140329,0.8397634420483158
199.776,0.23061432958784686,0.4721044313773291,0.0,0.8520243095340745,0.38063469768584535,0.176541348997248,0.3627819996178108,1.66439716385035,0.028882371384093962,0.37474177405150344,0.3051045581798845,0.8118465577743847,0.7599376085914124,1.503766471800251,0.8386979470017049
200.281,0.17022336456685308,0.44830804482098446,0.0,0.8626672229612328,0.32011220068022284,0.13838472192704063,0.29104224065657397,1.580773070894772,0.04021520091233248,0.3291246846947929,0.29508590096696696,0.8081879310322672,0.7554944210174032,1.4957593158040878,0.8431554734102926
200.787,0.14971341563783738,0.4251733917057693,0.0,0.8553142562847516,0.3876816932340178,0.13114571930731878,0.3029745748512535,1.5404584418903906,-0.052564469078152654,0.318236460747222,0.2551412739105279,0.8032316577261556,0.739210263540008,1.3639106286939802,0.8218814725489387
201.284,0.17726316127870065,0.4763231294787415,0.0,0.8427238826555428,0.4018063940032084,0.15957818974725843,0.3099993561807633,1.5762846247425302,0.09051938280871892,0.3292034783176304,0.318628185242884,0.8056632588344824,0.7535953776867236,1.542990549719653,0.82057923730358
201.778,0.18060287033083988,0.49038818628531416,0.0,0.848186912580037,0.3955454391672792,0.16653131153430664,0.3463009327457193,1.5639328287399348,0.08673096180715253,0.3486394106361524,0.3175255345458227,0.8074985104876081,0.7551626816595516,1.5103598556029256,0.8201147278198314
202.278,0.23288837108530336,0.49250248253901596,0.0,0.83353416217253,0.411523496729401,0.17242419038387768,0.4272173121098247,1.6464918842400433,0.09417915053579053,0.3619278144505971,0.3016986378368011,0.8046864749491247,0.7514984561630378,1.4820544212615716,0.8244851879398999
202.776,0.2967595773367211,0.5137378308804457,0.0,0.8440597950955356,0.4026715774233934,0.18612868783871436,0.5140015872856901,1.7191101251667291,0.12049269267952174,0.3806224603807725,0.34280443441899355,0.8143242905069938,0.7541697582752626,1.4970505640883152,0.8367537374071372
203.286,0.2645451190705407,0.5034156340953517,0.0,0.8401614428330741,0.3824667229880638,0.18052700559188326,0.5068859286872879,1.610063075599127,0.04873096198252659,0.3769984061607541,0.3111389328664132,0.8156440940621861,0.7543791136026963,1.6550295470626002,0.8411715636237402
203.777,0.20907753755297906,0.47555587545004985,0.0,0.8629576421718126,0.41122482634584956,0.1444702025063692,0.3770156988302201,1.619539047277139,0.06652167805328228,0.3499083725299447,0.3281198671873354,0.8154839982374285,0.76307103045592,1.6192058467145158,0.8355884706972923
204.277,0.1932832095003217,0.4588419422619795,0.0,0.8475619269926203,0.34858903973761807,0.12982342157617674,0.41169416108407425,1.596686058487844,0.0575075801987064,0.3463877128485731,0.288271875927223,0.8112742350711111,0.7455434392770053,1.473135946594327,0.8256023252458755
204.776,0.21506135750640562,0.4625218489167889,0.0,0.8448655324677876,0.41349225459933003,0.15968738451804895,0.4358650724940911,1.5134656291560145,0.021628977693813868,0.3282855177662354,0.28703110856192016,0.8185331090206486,0.7389291364635061,1.4851847338322395,0.8355844243473801
