Time (s),ROI.01 [],ROI.02 [],ROI.04 [],ROI.05 [],ROI.06 [],ROI.07 [],ROI.08 [],ROI.09 [],ROI.10 [],ROI.11 [],ROI.12 [],ROI.000 [],ROI.03 [],ROI.13 [],ROI.14 [],ROI.15 [],ROI.16 [],ROI.17 [],ROI.18 [],ROI.19 [],ROI.20 [],ROI.21 [],ROI.22 [],ROI.23 [],ROI.24 [],ROI.25 [],ROI.26 []
0.258,0.09967129531729572,0.014954088223663497,0.02958932794982384,0.02026891148896645,0.07223546902621986,0.007467323972635153,0.013386354535659065,0.008793433768938637,0.02746751025385278,0.1749604598273955,0.005735432853605985,0.0,0.029077608291070367,0.018724391748890304,0.017867326113015218,0.02069021344133268,0.014040717973802505,0.03161242487814742,0.021659886163928208,0.09174715349694497,0.01278965972025701,0.11263549995156308,0.03941967507361397,0.06228053378923135,5.04608182720006,0.24598125749793143,0.15896180357970843
0.787,0.08212440251197523,0.011285548118013734,0.01433954551697512,0.01461633020717195,0.08120506337952343,0.005469319809301911,0.004500800813378939,0.009639919190435832,0.01848036002117717,0.121258082269712,0.0056573592487262,0.0,0.032607142410337527,0.01582849727128783,0.012045951505620368,0.021222159439930912,0.013720081547645839,0.02265180049438065,0.015367920156776998,0.08817326207019102,0.004688370555720828,0.04248145435300003,-0.00012580112094950414,0.08098339585343052,1.856070431770433,0.13210663812891515,0.12240617276186334
1.285,0.07286131867641639,0.0102021191539869,0.02077388383312193,0.01627009405526599,0.06985414016701356,0.0060365402607861374,0.009653058283987284,0.008461945811277434,0.030550795084653023,0.05630415458665818,0.006123122284717772,0.0,0.029330383771936096,0.007385309649964578,0.013124626582465016,0.018757310632129424,0.01883273018048829,0.02883561097149319,0.019453658312307318,0.048117253558182985,0.011139107898513132,0.1015201899974164,0.03677223960003909,0.05339787032996759,1.5242153597514305,0.11289242074732224,0.031978673355165535
1.777,0.06742272994866486,0.0028599495121545194,0.008776394598539102,0.0033793406835837896,0.05476948786271226,0.004942356388776456,0.006535120455097259,0.022504976906893674,-0.0065182461279982085,0.07833931790732754,0.0037953861392954666,0.0,-0.000426618072322181,0.006038322663753191,0.007309525456624164,0.016594670870275798,0.007261930832006781,0.006830568410364085,0.0009866256248851433,0.020279634672265536,0.007827801495803968,0.0295589393994323,0.02998650222930715,-0.008867281563078633,1.2388330167319184,0.17225070255228653,0.02933642104457456
2.277,0.06338131629551712,0.00752474372140442,0.014155270068380566,0.008218531849084866,0.0929396799632389,0.004035641776644362,0.004741152025723074,0.017551895445900304,0.01167670072158874,0.03924233137211349,0.0034705348717593695,0.0,0.017156853641399048,0.006192563081004726,0.015997819712468546,0.013289561105828728,0.0017294191890341055,0.02092985231415774,0.009411136914425133,0.061845235276237934,0.005409290229275178,0.06552675532187861,0.02804377634642676,0.03290671083001048,1.1373840810419105,0.05511566486745354,0.04453124085639992
2.777,0.05540925896886211,0.008574023733825896,0.018935779687656105,0.01579782608522996,0.09049788265039874,0.004831631877212111,0.00613000111515083,0.00601383582792151,0.027836360228056082,0.05068806805015051,0.006476753383352225,0.0,0.018480682266750013,0.016522429296830704,0.015647787877410873,0.013551673998846577,0.01447557678300496,0.031238110424294547,0.01722412798285221,0.0794264606831785,0.00881633158204554,0.08922822534361827,0.027555855919058018,0.07765174769042432,3.542575390037327,0.059572213368936915,0.062813036729548
3.295,0.04986541371481802,0.0034287317019280616,0.006354702479423574,0.01110587381785118,0.09024831713575485,0.005244668493203471,0.007616623371101361,0.010392166680944922,0.015993401934998028,0.0709753379022304,0.002645691350074398,0.0,0.01522912676151326,0.008751002313153641,0.018818236166074705,0.009555816650676549,0.011132850964020157,0.021303531216675428,0.012471626087603651,0.05753027841901191,0.007488778841803076,0.01928105904393513,0.016549489525055333,0.01436936654973702,0.8255767283402513,0.08558716954278668,0.09052588158631608
3.777,0.051114482114099205,0.0039004928666554585,0.008348232854872161,0.010859221637182281,0.06813760238247969,0.004174752518546296,0.007964472955076086,0.015452739020531013,0.015741182345098234,0.03574198830786362,0.003999965596562015,0.0,0.019902678821869982,0.0077138332450504025,0.015834097848368853,0.013127740969181512,0.01794753366324929,0.017517778612176647,0.012413227109423643,0.03648125828856255,0.010381691660507005,0.02719966288588835,0.03940466607034556,0.035595310593796725,1.4641762321824308,0.07402422644481087,0.018469311415121818
4.278,0.045388215238292534,8.862710619763703e-05,0.012476367170974459,0.005553212467189208,0.06695790826260788,0.0038291681035336794,0.0045181041989670835,0.01840830108025457,0.00022827424066876401,0.07220073484362621,0.004486967206125863,0.0,0.0127882588991765,0.010120333291483903,0.010881982502649523,0.007859713215743662,0.006729957818026445,0.005287721603335381,0.010280553623422155,0.02526289446339955,0.005985750879456899,0.06837648713998157,0.03176782661943053,0.03809724461300076,1.7762932885376286,0.1024762702342936,0.05918614795355125
4.778,0.037499638048537905,0.003791540885272336,0.013086971138594519,0.00528790711603121,0.05052208520337909,0.0050768917312970264,0.008889278303342761,0.023566442823895497,0.014455920752517585,0.0348806046402518,0.004388717974313148,0.0,0.017749820855058926,0.011557180723889197,0.011683262587337526,0.006722557315613357,0.007735524426542226,0.004607212709657056,0.0032687768192703444,0.0022544655355570017,0.008486388195397012,0.08162870157872228,0.03784196300036077,0.04177390353216276,-0.0834875112766587,0.14611812671345514,0.03107950266004289
5.279,0.03339189632717916,0.005119256515120847,0.01206446452361993,0.006340684125480313,0.026875205913557826,0.002961726564878869,0.006878138438713442,0.017654302620282978,0.019925416057897206,0.0658238660623933,0.004449631215337078,0.0,0.0072494259238951265,0.01470104579013292,0.012698339802031642,0.008649952856111478,0.0019298757768088969,0.008148754312908194,0.009476332108099896,0.07651579276329157,0.0013141838439076415,0.07525199523477191,0.011688675771082416,0.025665153340556652,0.05044421371929388,0.07859285313860231,0.0552656506831389
5.779,0.02288996172623818,0.0055817398576628605,0.00597558897273246,0.0070975469556047695,0.014133737394413141,0.0025330020084761177,0.0030063301938587253,0.012511538045280827,0.025883272355376144,0.030075341718525477,0.0038967754801268743,0.0,0.0176036458391416,0.008569999487452759,0.0021207449246580723,0.007278108683881407,0.009031419328761897,0.010523395226052813,0.010962737070253092,0.04561512865624287,0.005529714136548094,0.05707107791098998,0.005942887596142078,0.050415948347497214,2.6631207084429547,0.03950431409237891,0.06375032403335974
6.277,0.028099925748554643,0.0037461242002035685,0.005197652798801718,0.008819453324818415,0.05580743364934129,0.00342162579378786,0.005701399035243897,-0.003635125072555664,0.017022008812621624,0.0882020688475493,0.00410953855762074,0.0,0.009149620744258246,0.011722486221107236,0.006322364854904587,0.0065587439566688974,0.005615138652462803,0.02254912486642818,0.012866429968302902,0.057835496578506576,0.005950354133488117,0.04186704370691685,0.025123275161610358,0.04853463724788199,3.366377594612921,0.10889395987601423,0.12217056178965045
6.779,0.029816810807219547,0.0032631546128638333,0.007383160268225133,0.008842242562005352,0.06210768260730133,0.005117909149382947,0.00667215054310425,0.008747944441544756,0.020316324798854382,0.06051061398081467,0.0024347214935410773,0.0,0.015802237478568248,0.005817440233704872,0.017374614217530584,0.010284189667898787,0.008792337582381763,0.01577953555748666,0.008995835009556478,0.020840779845708254,0.0035310289309083824,0.03832864498986933,0.024664996164487956,0.021824236615791113,1.665472271893037,0.12181676023858715,0.0623272944444752
7.278,0.02020585297758111,0.005172087717133111,0.007120101508126921,0.002058662108728842,0.032247252321455484,0.0019394736116699562,0.00015622319744913336,0.014416439336694403,0.005943804638844457,0.04843820094522576,0.004058025766250474,0.0,0.002294009061818717,0.005106664643698689,0.010158375428695535,0.00881310563011943,0.014358384997318355,-1.4687113342562805e-05,0.001059312448733027,3.1107880667949805e-05,0.0026223290483142645,0.05519885586927525,0.030396158590715896,-0.0005587217461942947,-0.02733071462275232,0.07041885452361243,0.07335516765159751
7.778,0.019813932320758038,0.0019667592327482215,0.009243774952198906,0.0018379374843108685,0.02413707576174065,0.0025037775968596073,0.0015841635961259307,0.0021540896666049796,0.018095020183076738,0.02085071623395138,0.001575126251811497,0.0,0.0007687604414992221,-0.0010201820847511778,0.016841912619012994,0.0011612791576923506,0.012282551786918677,0.0032004376740484702,0.004871372990374177,0.054095131842687855,0.0030970853787181682,0.036575289779040766,0.008142242144913053,0.041788738462493355,0.9125616013842129,0.052790259012872494,0.020044949918728912
8.278,0.01025905000880809,0.005521097697476616,0.008193815779469973,0.010025488842643569,0.011093250283511954,0.0028723002319746113,0.006417178006876675,0.0021096243919192996,0.024776767267113545,0.05224562807944106,0.002368202564614423,0.0,0.027789372387952666,0.007135908361761482,0.012091029133869922,0.00933512992608673,0.004232922361913898,0.024248507808054678,0.015575477322728343,0.06780489345510066,0.004147420755306666,0.08112493800510437,-0.004113408247419492,0.050868738418525315,0.16198550553597893,0.023678000243872163,0.06986094106734889
8.778,-0.00020497831736763345,0.002692062948177329,0.01031366348187024,0.0077044293291406085,0.005353028080136568,0.002866776699590277,0.005710259657584357,0.0036406509740712807,0.015469887368093044,-0.006777461530234119,0.0012291405516979275,0.0,0.019558339682840358,-0.01143638669811413,0.007957227610943002,0.015423456360321644,0.021939410860295196,0.011564942749096347,0.013021892879108052,0.04260204447270439,0.004730334788738796,0.003982368524576185,0.04917139097084046,0.027862836510882536,1.070488533086566,0.004937144504900064,0.000275993311579053
9.287,0.008488249888730896,0.003083611171107045,-0.0015022735374550305,0.004532418774064438,0.059246396088177264,0.001966895850777001,0.003756123103703862,0.009716011850463871,0.008967657106157725,-0.0041686586350037766,0.0034939194014756026,0.0,0.002358496072919117,0.0019724665372435396,0.017478629160871527,0.009825682324683609,0.00589739150509969,0.006619634386265295,0.005251601616751374,-0.005311614546316658,0.0017300237699708406,-2.2087289161346106e-05,0.030291097649810434,0.022685284777274193,1.565742265587112,0.03701093527663125,0.00575275971393697
9.776,0.01219396053522898,4.0722310162497635e-05,0.0024817421781050415,0.001349618242958718,-0.0015840627606984975,0.002646094635553738,0.0009012064222960619,0.021884852088536355,0.005106328653180426,0.04798314952247197,0.0026204536115760043,0.0,0.015279208888497433,0.005708012369808688,0.010718310044703121,0.0029045111027886706,0.0009135047966006148,-0.0014090036402148295,0.002413995431648464,0.025775196225102607,3.595270464674176e-05,4.6499448019738375e-06,0.027949450362447593,0.02967174280617761,2.429212124054255,0.1783496124744026,0.015767275141012418
10.287,0.00776817736331306,0.003071080783800654,0.012470898421515043,0.0042565756717271724,0.017234558025821262,0.0025045262754456515,0.003400581871181914,0.012269640645393659,0.014383802652497672,0.010023223301620058,0.005020457105481767,0.0,0.016070814763385913,0.005381961819776029,0.013446231061096818,0.008361420374175496,0.009405241130810843,0.014501003925407414,-0.00019909446908104563,0.05001149284134942,0.00532140663076175,0.05652028130330987,0.028635485200080264,0.03192998040899872,0.9129651572377837,0.03314821740910177,0.012290257414423484
10.777,0.023929572134718333,0.006377708926014848,0.022973411688922286,0.013214202412916315,0.08209102576893995,0.002250448645213385,0.0067374904827676736,0.002810268168143995,0.026596694553998372,0.036024334913440995,0.004536845229883247,0.0,0.016868676250923916,0.0119846674043305,0.009360780195273807,0.010298518850728272,0.019407820084887402,0.028494332421397137,0.017310793405337754,0.0849390677526589,0.005960372965914074,0.11632143730480389,0.021693276337807817,0.02147454354336562,1.6525701463645381,0.07218343671172565,0.04879555871570569
11.278,0.03330983195111288,0.005128998126291226,0.009480123831428055,0.007252944461146939,0.04979935292027123,0.0026562986758343816,0.007950289575937358,0.014670010915983377,0.004839448815457121,0.03671978453667487,0.005049626633128895,0.0,0.011000727444340464,0.008245573193570223,0.016735333281707634,0.005671574862406376,0.013873719444107216,0.01106901599554802,0.010903222171850458,0.012553589972555868,0.00041804030528659597,0.03506079762023208,0.033040839667525225,0.03309036363580587,3.219361399274354,0.08781830834958552,0.009896356269450388
11.787,0.008721110525990068,0.0006090911030726796,-0.00032021444837920294,0.0014109011630964645,0.048415744735060835,0.00019934676621384537,-0.0009215347625879153,0.015185772220654379,-0.0030272444319065575,0.0006777817785892266,-0.0005354052706103104,0.0,-0.0010021220243553015,0.0070870311387801815,0.001999238353574152,0.0016912969242046754,0.006995331685314766,0.002058035069070507,0.0033948270828748767,-0.0031693107567608713,-0.00023986984441655765,0.03415459782775906,0.024953668223679976,0.014605948574960666,-1.0060369016854773,-0.000633265830549594,-0.004984836584906162
12.277,0.020229252100794504,0.003152738934205971,0.019514404959073747,0.005717315828543352,0.057993705992899776,0.00429670116927911,0.005871804397734883,0.018061814235458964,0.011414177619978915,-0.00028536144227070176,0.0029666107467775636,0.0,0.008677025589930124,0.01116493053231145,0.026272252479553115,0.005479276392875428,0.0056390506222397455,0.009102308048776169,0.003496362700687568,0.05591907807140963,0.009741582199018634,0.08369750524822182,0.017547922090799195,0.028558555789977718,0.936077737819234,0.0431858947879197,-0.022995748945526785
12.777,0.012399468053542079,0.004666932848378302,0.01397429852855031,0.007091566919844075,0.008048873573139702,0.0036937574632866055,0.001958870245502299,0.017468121290955315,0.020602379752534646,0.01636733728009565,0.0020898131575576937,0.0,0.026495090864368482,0.013075856284583812,-0.0006474654680829382,0.001966033642688726,0.005951679343825861,0.015265424946079206,0.010468849000716183,0.0696059254593215,0.00407042079177599,0.10091106465193109,0.00017822572834396067,0.06281161342594817,0.5126622531419278,0.1033925843248361,0.007699826359582045
13.278,0.0066233882154119565,0.003955750907267433,0.015761014842946255,0.006665479839383555,0.05414058639641669,0.0030503221095819024,0.00538059585549631,0.003928788684448562,0.02487541313879034,0.07290424114593815,0.0042847833677920385,0.0,0.012222660231495057,0.009556041449202336,0.013321133741346865,0.011764936083195936,0.005128026116638319,0.009615244323690866,0.01219680515349014,0.06261294165472085,0.010985196356226669,0.0671285265338149,0.007081252524280813,0.009792795548898383,0.9060416815187848,0.12185776117207137,0.06571428533046103
13.778,0.009498996071338429,0.0030255576914722418,0.004920910632003044,0.005589391508155476,0.02918498851962087,0.0015507382243029747,0.005809435027042404,0.008104632318975074,0.005546441161148839,0.05277864856823306,0.0030761466748459878,0.0,0.01918955441038572,0.00477680263141913,0.014614212016007655,0.009062123584004239,0.010531103519934595,0.007284857124120048,0.005442802650033955,0.025562177390714064,0.002132237858732569,0.06435089362173906,0.015113945030669818,0.032314338957699335,3.4223634570387573,0.09724635198277762,0.07184458965004749
14.288,0.008360281748840534,0.0042134873667527715,0.0025247473586756997,0.0026429503878486965,0.04367773007135517,0.001776998374341792,0.0024120103677146986,0.018654560434752353,0.008331802254201345,0.02483133612790696,0.0004921734669715187,0.0,0.008540062021911845,0.006417943249829445,0.007955431543222079,0.0073545084828431665,0.009570241344499717,0.0036510619524445366,0.005710558299710822,-0.00146214068443903,0.0023914093891008316,0.011308630354245591,0.01778538518103158,0.005573432768436214,2.041182934728209,0.10201378536785823,0.021709861088795877
14.777,0.007720288315334474,0.004465820283014429,0.006808634526927762,0.00031280271164000104,0.07858898361820191,0.002043749987330897,0.008127020782016844,-0.0017699875985581251,0.007911445294345263,0.06138539399569918,0.0029852150447014334,0.0,0.004236994626953714,0.002445716337440151,0.020284388129489572,0.0012649398942950762,0.007496872982910954,0.006842386752692331,-0.0006131385319197039,0.050878836555711,0.004820661410403608,0.06644894738030062,-0.0002700888148964871,0.025947438018373625,1.4345522056792122,0.1312150505420681,0.07687743466914758
15.279,-0.0021922961646401763,0.00440027724949633,0.008478918496456916,0.004483049048075621,0.03558750639255621,-0.0003674713061342645,0.00488635120953778,-0.006106818218282075,0.013094176696847877,0.06481026498903567,-0.0007727787447997337,0.0,0.0069572298156001695,0.003926541203847026,-0.0003632548203405386,0.006533170936296039,0.008972231064026488,0.015737133553153097,0.007489148263177481,0.0734706275540042,0.004203688929044965,0.06302871021328442,0.009158041475875721,0.047512879438804834,2.3755464484104474,0.12058348650547598,0.06598889314266639
15.779,0.0031726365780851275,0.0028208336633282483,0.016780835236501555,0.009317813494974611,0.028586171688825286,0.0009088506730982034,-0.001643950434460518,0.023679512435578642,0.017262995605321435,0.04354876223450253,0.0023390670743136397,0.0,0.011631995459976086,0.012351529602223608,-0.0024247107866861664,0.006844260653593505,0.009312988693597332,0.021589854681282786,0.016543751585860203,0.07476108499877557,0.00040152628299717304,0.058712089603236546,0.02842736077173353,0.05047901916217707,4.293418661313815,0.02480848443187442,0.06730067950541455
16.278,0.009494341810676356,-0.0009250394719950872,0.004161836262637773,0.0022860682944410705,-0.001104492084225618,0.0015439248381808608,-0.0007843372242450474,0.014905242269771293,-0.004030574626161,0.011929448660707812,0.0013871051040111196,0.0,0.005281461274577652,0.008203841560047519,0.014498344079284194,0.002528060527198262,0.0075558138881237965,0.004730654474594581,0.003916159345870817,0.02616628576979732,0.00458904787568697,0.010875054120964822,0.02617108110159053,-0.0029349403594080155,4.66987620619019,-0.03327249053356636,0.02339883164654346
16.786,0.013046158269466455,-0.003156704530207108,0.01411355672599935,-0.0008366622474744577,0.05185280557818339,0.0014791653787224618,0.0027265719395397157,0.017719035383947885,0.002234720792598832,0.013293041457071558,0.0026205496807766766,0.0,-0.00022929053689715976,6.0108804660106756e-05,0.01986583808139303,0.003671320261835503,0.0038539997254700706,0.00023624432990937208,-0.004215388142881867,0.018970244356706963,1.7705879742117432e-05,0.04120106314439844,0.04961177860950993,0.005713261747922926,0.23705006177227594,0.02642662200692158,0.018920955040061346
17.277,0.0008176079979871404,0.0005557270027271115,-0.0018007786810354586,-0.0007150415314426939,0.045846786222330134,-0.00034386779611812025,0.0012855417036418458,0.01438758335649665,0.016105958162453457,0.011997374513256253,0.0008128810997998762,0.0,-0.005727751363355524,0.0037439734510530077,0.012715395026531509,0.001109397789072568,0.0022554380098458397,0.005580813433407142,0.0013175215543601586,0.03846817609106723,0.0019853751611775233,0.04105110469922458,-0.011699812553811884,0.031195425905284405,-0.8242303107880106,-0.13293214219865335,0.10587935850720463
17.778,-0.001634918946461486,0.002166705206899913,0.0025683711564756296,0.004664549269411091,0.011435113235190742,7.5299327493675824e-06,0.002102337999198419,0.007939969598132953,0.01160000972583279,0.03646140144563431,0.0006265437078374197,0.0,0.005725125897506078,0.009054439094718678,0.012310592246113732,-0.001150108824264464,-0.0012005023127343586,0.010844431840624474,0.011121163834975793,0.05392769937971279,0.004145440871141736,0.055366592771809976,-0.0036147467161754977,0.024065095357136416,1.0041863215374778,0.13496730762956619,0.015616145894087115
18.279,0.007161853491263132,0.002198692600628323,0.0049155413381538945,0.0038684941191078144,0.12752320502447528,0.0013368007216159965,0.0023539660368157352,0.01189531162792908,0.009242546390054326,0.05352409170608555,0.004095602328672883,0.0,0.008532364512443508,0.007501111866399088,0.013127189013215837,0.0015224182743564004,0.003830284096657558,0.01015845869263959,0.00838002800965527,0.023930793494907013,0.003692230233592475,0.03711218611819884,0.01379329554034957,0.050642159703577,3.8587373261687854,0.05512686846030213,0.05049548219283604
18.783,0.01293448325667022,0.002200908033870327,0.0028822265797951805,0.004085209283698548,0.0753551331679863,0.00254298728021395,0.006614856275210134,0.021605536251179083,0.010884682107873288,0.05464596594759332,0.0027035581456929386,0.0,0.008956079835431096,0.010622213283709126,0.014126504618839998,-0.0006310676737797045,0.0025848329274237992,0.014205712351277213,0.004339598266835816,0.01779655109312942,0.0021271610979579545,-0.0005849437754321049,0.0066719570895379405,-0.0084058923084416,2.2589573675568944,0.045122161740754105,0.07853659223062098
19.286,0.0009051134706345229,-0.0014527904798185831,-0.005092170639062206,-0.0035811818306156302,0.061334825946017676,-0.000163969260630368,0.003524059512905954,0.003379116917069738,-0.0012326981182946182,0.043095641118997885,0.0006631159234019349,0.0,-0.0007327538833930086,0.004346826476615502,0.014555538426996112,0.003322061349585659,-0.0018357776354758438,-0.004891054477952245,-0.003450915259009552,-0.010909045264175564,0.001724965128059105,-0.02518551372136392,0.02423034848398447,-2.5928916570035076e-05,0.6381701803572707,-0.011089656041690895,0.10729149992550692
19.789,0.004663766465453111,0.00353685162393837,0.006570247464810341,-0.0008763314501436588,0.08020084535455382,0.001637537985847997,0.001967261227745601,-0.00691241773790347,0.0035334071767591404,0.015803225015200942,-0.00015408737368173328,0.0,0.009096077805575295,-0.00015456549769723928,0.010924981992871872,0.0007303256090295654,0.005927051089876617,0.005537364795935795,-0.002826303701023724,0.043212096664159476,-0.0012294904954130589,0.0480867572485215,0.005338246576899736,0.03543333110626361,2.2117493442266722,0.07606070328702627,0.013616593099413985
20.277,-0.008916783072537415,0.00029004355274753776,0.005710106278631821,0.004457603943708444,0.029818127472847736,-0.0002915641194504092,-0.0019094835682206285,0.012855250389827419,0.007544314147385767,0.0474711055005631,-0.0006238607876994871,0.0,0.01204559151165255,0.008349236417275595,0.0017290802635827529,-0.0005412537655091823,-0.0026681338644921147,0.01605340245308418,0.01034139859584778,0.05352004379051566,-0.0008142614161220425,-0.0002559178192567625,0.0005705462796566974,0.055277320948674,3.2171325416253715,0.02742627050644589,0.09892499041467662
20.795,-0.01111188015721837,0.0037348079423594827,0.006112484545707243,0.003484492251984452,0.016967525485154292,0.0004575431060560665,0.00019660348374185154,-0.001414057621976251,0.009577951923389134,0.05237869008029497,5.99228675430133e-05,0.0,0.006306186996853001,-0.0012442156046494723,0.003783957509830484,0.004829624146391597,0.0014658726874840467,0.017981754191832625,0.008176012323270906,0.05158761004864306,0.004352688046572906,0.05443102205893307,0.018916922127662987,0.010253905715305689,0.7152680792826659,-0.024788252333220552,0.1216401557693195
21.277,0.006499728372937035,0.0014824351584912464,0.002453802221113272,-0.002643932878206077,0.046137122092225896,0.0014722072278555308,0.002911745505103996,0.012043941727039858,-0.004519390190556038,0.009085502649099061,0.0017260222317500183,0.0,-0.006927263381864824,-0.0008149495609301991,0.015818325852087287,0.00204667600210118,-0.004293788111704951,-0.003208130674362245,0.0020638210546539723,0.02141982299648243,-0.0009908647280773095,0.0017105996298581823,0.008226992471755274,0.007019849920345442,0.4041061471581372,0.019136848109023368,0.03301059919205816
21.777,0.011060119910108695,0.003664776552427463,0.00041120681799879035,0.0018420125838668059,0.03976811039351772,-1.9362684212986553e-05,0.00404653532457129,0.020634209630432825,0.00023458470392296105,0.09378266382976207,-0.0016130570726661873,0.0,0.01201881513015618,0.005172396479598413,0.006985351884123743,0.004773937312671654,0.0019152804598848462,0.0011820337613325331,0.0025312745049764942,0.03979446875432408,0.0003050640533895768,0.040687551067289544,0.0004163564849555545,0.029491770917303036,2.4967314514728693,0.14919499066106148,0.06887367651404867
22.288,0.012365861470682539,0.007421156959390245,0.008226844697386621,0.00304176337563116,0.07747393605401186,0.0022789965974273057,0.0029506687306017952,0.01318226967848481,0.006880740367673544,0.05334036556478503,0.0010185659262246726,0.0,0.006137320886499095,0.006912362831052125,0.01212853213948339,-0.0018909842897613211,0.00034928830744649487,0.010214039923258013,0.008532675905711738,0.06382744618484733,0.001924671737056265,0.016171058248751997,0.01003834789475733,0.05956069030418172,4.806700611181454,0.08200600784342635,0.09447230505543402
22.777,0.011200118894884521,0.00758888168339158,0.01014132554821335,0.008710205651668022,0.08143038672698956,0.004370231995182954,0.004267274077718887,0.015146322810579368,0.012047020686974679,-0.0037252646387852047,0.005214678061446667,0.0,0.012083080416898595,0.016612384966338288,0.005374401465162207,0.008308406955945459,0.007065516474565076,0.011719342988573037,0.01716667370898835,0.02461531070389446,0.010958619762632531,0.057456867172629,0.011836106998679746,0.025661561591528846,1.9403214134338171,0.10206476852680223,-0.02629871249808243
23.287,0.013881448643500289,0.004580128039313868,0.001277270254898254,0.006628195392070828,0.029702020680538295,0.004305004172864208,0.00407208913927058,0.0214997899703273,0.00744664260505597,0.01052351678016156,0.005972508644647592,0.0,0.019680641494848654,0.010697603089958948,0.009671609735790801,0.009608404768064694,0.0027615836395175424,0.011935536357170361,0.011406269816126389,0.023461848272587734,0.005832774131065833,0.034556610857691565,0.009854463832517564,-0.0033248088535192026,4.60104969957149,0.047955727916377644,0.006822839653686205
23.778,0.017861569693560998,0.0064328593959716105,0.022718022803910085,0.005018437124801088,0.07079218192225806,0.0041337992232770215,0.007022760929441902,0.017359938906155097,0.006880078098777359,0.12210358103507529,0.00534872861139373,0.0,0.019225037109419016,0.01042216030584272,0.009378974754484426,0.011350990455376022,0.0008798436284684964,0.0026415031403761117,0.0067246449337047326,0.033725388611322744,0.00797470373454872,0.10029822976463686,0.041059591088101303,0.0136473046370434,2.434936455897597,0.11287934601489989,0.15216769616724693
24.288,0.001273529594870077,0.008777380799325458,0.006753553540107064,0.004066914582335285,0.027203935001642497,0.002548781022004066,0.0018202284182280255,0.008182936268385474,0.009367696029403365,0.017290580188020665,0.002747964323182869,0.0,0.012451587823821731,0.0026346561805576604,0.005282571184170573,0.01279222050125019,0.010515193607937123,0.005232453873157122,0.0026369246493294406,0.026844759537076848,0.003055655882856358,0.046124309223519545,0.02012171258426749,0.016790706531705883,-1.2771376120365725,0.0589577814101182,0.058197005230212755
24.778,0.002148643275025259,0.006462865728220577,0.011526127969166248,0.007778615004113414,0.07367208498211336,0.002810250605091211,0.002724843235639796,0.0071845690828287075,0.015503478740955264,0.05586011511066892,0.0019284137457418987,0.0,0.009588659686598769,0.004722317085877083,-0.004008031929236788,0.009667117677877675,0.002137860555537324,0.02057683337486735,0.016757782456194102,0.03973108447159565,0.005230454566057531,0.06760011859791612,0.037019052461099336,0.02804171913871849,2.2244695370888232,0.07922563934955049,0.09436166422341329
25.277,0.00017237009614746928,0.0014401645092692284,0.008142150966988424,0.005492429209418518,0.09064905436431543,0.0017555361634044703,0.002546961496636456,0.0025455614960827404,0.01046959641086591,0.06787181338718713,0.0024566730241852163,0.0,0.011322416836740035,0.00341625594830653,-0.005595837796974306,0.0017640006090603006,0.011364198337052659,0.019273354213443727,0.014437385808330153,0.01995707914737287,0.0019700877033101798,0.0376963999248552,0.015138155034728441,0.03370888089339678,2.101451694024162,0.08053923622369337,0.08042429633610687
25.788,0.006711569071293317,0.002599374662403388,4.932625811023236e-05,0.005107802183728782,0.08281195858371379,0.004527359491295136,0.008214136680261485,0.011203795322404774,0.0009631709630247968,-0.0016480377167954728,0.0042322615944632705,0.0,0.001878775064819001,0.002199790583075143,0.014230460286687499,0.0037364565079440757,0.006774396208100816,0.009699954159409671,0.009598968461629115,0.0027883710042283035,0.004406961089746521,0.012537319036438422,0.012442620099334471,0.019763747506455494,1.3434811784354885,0.0033210676311774758,-0.02766240279029543
26.278,0.017639041322062995,0.0037977137943304216,0.013079525346099453,0.0025800098743764457,0.13155972024083107,0.004046706311774528,0.000880277398958207,0.008885823249374735,0.0001610519966896147,0.0873427171202578,0.0023455659401396367,0.0,0.0022587624086149423,0.004288491072273374,0.021372508753590428,0.015267302041508127,0.004114759333020416,-0.001644083569107757,-0.00017518597694936056,0.02140543006729741,0.0045527980707457645,0.03306362667473292,0.03215169389440506,-0.012941350275232473,3.1802510109933904,0.17912820101939708,0.10065174685992619
26.778,0.010758289334012268,0.006037783403944752,0.0010141871246158523,0.004738176620187683,0.11262836246030965,0.00483326374898787,0.005805939448970705,0.0003824658638538934,0.01037616000457198,0.05960596135353956,0.0052335945949086886,0.0,0.017008491177380205,0.003980017683031613,0.0076823179851238195,0.009511409829187288,0.007511041617955199,0.004567973602972354,0.003108404160365784,0.012179603646600963,0.006480633127929484,0.018039753446288383,0.015523517459913946,0.023091335602508124,0.16285906807955997,0.10788419563727056,0.07755026620500846
27.277,0.014009240647262017,0.00921015422653277,0.016530017947100576,0.00951167090645228,0.029424292871720725,0.005222082496667198,0.004285710848238977,0.00697361706316449,0.028395377936400568,0.046244713331813375,0.0014685716190542318,0.0,0.018650453170405878,0.01494597993140755,0.008300082727628002,0.013550344430220709,0.006436861292080978,0.017551669537683764,0.01270368729657893,0.08093362175446703,0.007956341139477402,0.04305440933965807,0.004626112294032322,0.02536373753059375,4.64626297231414,0.05080541994050248,0.07305941600877165
27.788,0.011867942324150194,0.006305840578984408,0.014648354780694515,0.008705746507959963,0.03314439428378955,0.004963301245495024,0.006144661600425079,0.021908928606862933,0.02072381185052774,0.06578517242492095,0.0048829915139965985,0.0,0.018639787734508077,0.01576256517535247,2.184857697893194e-05,0.006234650645352199,0.0031286543354741634,0.01563721350392665,0.012037870436404972,0.04152618439604422,0.010677595197615861,0.06070260994580959,0.018097706872522778,0.06527399849448837,0.707385902479097,0.06951386031307283,0.0663297800859529
28.278,0.005708876561215905,0.0008692981233889025,0.002941619779608897,0.0031489702622354288,0.01588431913093096,0.0033387614148280387,0.0064462098278165155,0.006374800451662865,0.007878996145160778,-0.014665251779241112,0.0032680761298566553,0.0,0.001825439713665475,0.007709357555755428,0.00505979583883897,0.0002091984214403907,0.0033065274266324434,0.007134022455137801,0.005167784201876697,0.010106740964060064,0.007434816835422251,-0.004337239838974048,0.008774312851077201,0.024711599589482512,1.2241714570497102,0.03309330636546417,-0.008650768673332036
28.778,0.00798098365767387,0.0008468739629098113,0.0022393035310838178,0.004311025531579299,0.08426068792653146,0.0031464174757582265,0.0016698674067412848,0.021877345079163838,0.008748335761669817,0.029382328088350892,0.002999601066283599,0.0,0.0009803034453508804,0.011752686723030037,0.01536966580939868,0.004054947470880897,0.002774026825133641,0.007941615401477814,0.008231822087584507,0.0016316141357505649,0.0029642915927386142,0.018485094519795763,0.01354243542918804,0.006499014676103312,0.041430859032343496,0.08406057811572513,0.03741018705163719
29.278,0.01550901774532357,0.004145682919975546,0.010257970593284142,0.004959241980640493,0.05326440616890023,0.0028920857965882975,0.002693370220618373,0.02785199080749278,0.00670598791006947,0.04903726461647289,0.00470380643019409,0.0,0.015284292793274742,0.015314650259638329,0.007538158527871777,0.0033947325969255317,0.0003769176920659747,0.01136501465030401,0.0016799875727009693,0.05589357151193033,0.004057745383758553,0.03298033304431403,0.0032874443686164126,0.018417376749758744,2.4265514119103564,0.03389824156408459,0.07766171998882158
29.777,0.009272988100836925,0.005719018968763819,0.012762241877236959,0.008018740492360758,-0.006519194052048096,0.0023021923166647914,0.001757072059726873,0.007315155270051898,0.028242300952741682,0.044539242269399114,0.003129228514998352,0.0,0.006494741687963084,0.011305794801032602,0.008229824621412142,0.0025099748960574443,0.009761312107716387,0.01675771821859798,0.011713392096360537,0.06559682123308928,0.005717329125449911,0.03251767392549675,0.007972121626830897,0.07383758635683836,3.094134728539397,0.005957986313165283,0.09547815534587438
30.288,0.009058243989548333,0.0036475552482710684,0.006726207458136591,0.009697975334686252,0.03623923563246737,0.003205726696497188,0.005295012099513435,0.0034198036205319964,0.022824092122092104,0.051897544778993394,0.002521001199494823,0.0,0.0037842885430975663,0.013324110550542239,0.012457077368825707,0.007336768250136069,0.010102210563841483,0.0173944521568255,0.014852526525543606,0.056175532509690436,0.0075165197421274135,0.021202730797291295,0.00486720288693087,0.05558535957936617,4.695323044724392,0.1309267641990699,0.0020058186305190267
30.777,0.015120973666757803,0.0038152528470709185,0.010888194373418144,0.003271656852360439,0.06234961904553966,0.002676426779816013,0.005962226932695952,0.030905845266293662,0.013069062563661185,0.02049240357045972,0.003808694254388638,0.0,0.017763277375310315,0.007668483853449781,0.007598380121309627,0.0072388136881373225,0.011379997289281305,0.0028472133468915852,0.0018392861377839068,0.02161994768610482,0.00252505207786247,0.0140742304327557,0.0342747872927311,0.050344338147019885,0.13314387345038758,0.08535730369198231,-0.019610732024232948
31.286,0.020328673166967886,0.0020506774550725134,0.014547485854351477,0.003759999952185857,0.04860088460522776,0.004491539140979711,0.0012890055653307071,0.0188237492889083,0.020810420804867162,0.03843442212807967,0.0031929087221809413,0.0,0.01584679618261415,0.0021665556007507067,0.01835528358501583,0.007936585971573252,0.003916454424661428,0.002093383877869796,0.005075030397902996,0.012548513657531169,0.005724939034994864,0.025340896870667536,0.026493802353509985,0.03971055655739945,3.1125290036029942,0.16671665715006334,0.011852047484067315
31.778,0.004919031566551581,0.004409594993352935,0.0032466099114084076,0.005956294781852098,0.041769545887478214,0.0038944439843366144,0.004691539032256936,0.005829896788389351,0.02055419447111086,0.04498271289576898,0.003905871772944154,0.0,0.03347800547803829,0.012760345532604526,0.011168478909062727,0.010259842633428324,0.006473131613510963,0.007674679819300596,0.004617085499215139,0.020504535251799405,0.007342347662007371,0.0415993900898146,0.02390320900699223,0.060087185934047174,5.215521765939419,0.044746721673086146,0.051872677383763915
32.278,0.009754570667290232,0.008751625678328183,0.018192792770643913,0.010234189482978745,-0.004504984065940638,0.0024037548263867474,0.0028686839981467713,0.01622092792649242,0.028421131670306417,0.05771461894466159,0.0023330775518000655,0.0,0.029722663188002776,0.008188328856983108,0.007280748263664616,0.006285505949969996,0.0092246454295379,0.02477626570275711,0.018115644050573525,0.08082479823251021,0.005910584463171648,0.06000065122715923,0.02291221179114551,0.060388511916885455,1.2500297336158648,0.06493154349225863,0.064105976725779
32.778,0.00012626195141932978,-0.0016741329813742848,0.01583799642959484,0.00643076610448972,0.04736740701020139,0.0015078433552149603,0.004047088156353634,0.010250669167086501,0.016777928490877312,0.03588428090219832,0.004387776450299906,0.0,0.012210423840871705,0.010746332700350842,0.0033017869559851883,0.008053976986818643,0.007879306404822758,0.015519127933881337,0.011821898700635436,0.05516633157244843,0.0042460883638124275,0.0480318398206245,0.02472679228358649,0.046800315660906935,2.7386209872202305,0.07069918983677867,0.04533033286354134
33.278,0.006117047436141042,0.0015106858115740186,0.006447257164323328,0.006294061316192179,0.09171707655315973,0.0011702511277354236,0.0008958892341207342,0.019195683525066613,0.009283552958148327,0.05257091027757873,0.005806280232894747,0.0,0.012382565846425175,0.009433899166408468,0.016564658289717125,0.012599806572271515,0.010475658824809827,0.0020334091597424926,0.0064252443594998605,0.001413646849098839,0.005897667422779036,0.04174218552018588,0.018460608638574554,0.06853979529827661,0.03168490260697608,0.09512336083020799,0.0405215390718868
33.778,0.016533910640765016,0.006638130272299842,0.008042292505586635,0.007259627757627573,0.08208317919303909,0.0040517542302882055,0.005023166346932216,0.021856845367618685,0.01497669608130742,0.12883614621826847,0.005976236478515348,0.0,0.028084620213346706,0.007430030463957495,0.0246139336886389,0.00564565652345547,0.011445906161822596,0.008990654359645361,0.006160138406926784,0.03307451461090549,0.004921815536603683,0.023138638534605276,0.02476122347900771,0.06553177399276962,3.4275640530194402,0.24651661251538254,0.10301969619445621
34.285,0.008680485944482954,0.004168777172710955,0.00417969291819506,0.007026938709912021,0.045904028993929466,0.0035465382804756827,0.006245774847264936,0.01844955078520761,0.01127686657170324,0.07577813463482884,0.0009863401001704284,0.0,0.017524280841453497,0.010361068272242674,0.0008646768247447936,0.002104323603675605,0.005464923964753479,0.009576165852747452,0.010749207291712432,0.03872648491379552,0.007107710328244047,0.05875675808866472,-0.010194014793939282,0.03369600435207249,4.572390811935101,0.05390500319072959,0.09860874904938756
34.778,0.01567143966370585,0.005803404635442444,0.015120147121788937,0.007560858072397961,0.005797440755992838,0.0027838615176110264,0.002015250592701819,0.020994178176309327,0.023904012133242426,0.11931225036841435,0.004763122031485371,0.0,0.018166434085588514,0.013946240672457734,0.008592090374133218,-0.00018470652096844582,0.008500324106653185,0.014299372084939845,0.008891524725920925,0.06648351533190268,0.00640173277217747,0.05600572904149861,0.00024098515558637021,0.08292893297676747,3.7134902020518212,0.10268179225940308,0.17254943300108128
35.278,0.0054853308777364105,0.0017531352684404826,0.0036706369230582766,0.006072418677811321,0.015130535265513017,0.0021228761613678922,0.003973196805935787,0.006156406465900246,0.014157784591404796,0.08923801915472582,0.003417500834349906,0.0,0.014958100175097105,0.007608262043218023,0.01025134919967769,0.0024278466333008735,0.0028811422172253173,0.014353329471131021,0.00964450613870075,0.023193673387848886,0.0031475905992582594,0.006751344067879627,0.033740806652735864,0.03908965441849382,2.9995293355459935,0.10091105779323885,0.08695555533239957
35.779,0.010004997944722175,-0.0006839068893715273,0.0015451134603775337,0.00040562802002601486,0.004124826749295766,0.001725504508567185,0.006543032544448938,0.012372598584724465,0.0033438552743510013,0.08832454286183151,0.0025551621679064675,0.0,0.006451027437580126,0.006109791308084267,0.00886130025643692,0.00616160684819946,0.002323831848647855,-0.0015900233813953822,0.0010207252503027734,-0.027052379150064924,0.005171781528282582,0.04850924270648447,0.009723619837243389,0.030350285781294423,2.320178618633785,0.11026720001335193,0.06581058960515888
36.281,0.021678303269199534,0.004538644135321668,0.008465457652775702,0.0045157443205679606,0.08102447890340865,0.001749550783261065,0.003502550852719725,0.014371290906182216,0.02365147436177197,0.08758169054198364,0.0036684175965006794,0.0,0.017675105466455517,0.007695682690618568,0.008363919217218047,0.009541902261608854,0.01557245658000865,0.0029327352670931663,0.003852541992834583,0.02045060893894144,0.0033654632458461403,0.07487255084687544,0.028119823127146268,0.03468665497604257,3.796992485754679,0.08580397711669115,0.10228291445974215
36.783,0.019281203631425048,0.004479558253803185,0.008925236455317322,0.006513802085125179,-0.017166973968188486,0.0031017029062643366,0.004271385310897873,0.008854557917998749,0.0283200210356163,0.06366146478694232,0.0015667053330751407,0.0,0.022363027070972326,0.010422610403755169,0.006029655329009106,0.004332115371644105,0.009904086459925594,0.008316168485284015,0.00762250052014373,0.04895533704899498,0.0018901555108853053,0.06102497414945319,0.007806854096873492,0.05683451322182409,0.6157791608497889,0.06504170356966177,0.08114516867117616
37.283,0.004224270044000939,0.003546291104535311,0.0026484444569296038,0.005435512073677873,-0.01343290619814046,0.0015490214032379429,0.0018579341143340705,0.006290728287906097,0.030180949200555803,0.0751602069292119,0.0022647956927819173,0.0,0.020431714306680362,0.009945101962739818,0.0026106730471923845,-0.0004135443587934773,0.003223625621767599,0.01323401215448923,0.01330159922222724,0.03713249487627851,0.0037442939043030436,0.048372443930056894,0.00729215596294477,0.01779305177495921,2.7266146468206833,0.06615157857815217,0.14842789955223998
37.786,0.006897452145701881,0.005646646218812442,0.009124208005880678,0.006020101397114487,0.02192960249423178,-0.0007729764918093313,0.0017799901272584607,0.010696058494051744,0.03855153139617655,0.08342353076797032,0.002789771542981476,0.0,0.021736414997220076,0.003255809787320498,0.0056157159298207025,0.0069047936604641055,0.00014058808567266506,0.018965103040511213,0.008326048922356713,0.057899245819297625,0.00281188292042366,0.006332155278441682,0.021907212530244056,0.06005664701621591,2.8878234587705,0.12182426222548537,0.08545537688394136
38.278,0.018284618304318018,0.0016922891312924487,-0.0007718232409226742,0.0021775751484947284,0.007799038931807372,0.003083882057791925,0.0034782660573625833,0.024658074844993837,0.01331615358280983,0.04647036784202917,0.0012499555307162009,0.0,-0.002433380399469595,0.008409839796731378,0.02354091875273377,0.009463437957726487,0.005792028462055522,-0.0033650819471656448,0.0027396036430279752,0.009317554408668537,-0.0009844092761020252,-0.0021554196797595494,0.015176981876360709,0.03154743465628287,1.8969861280895668,0.11045098023183028,0.05016710933542172
38.777,0.005469818262490557,0.004973179519480397,0.0039045938769693552,0.004448031123108532,-0.008246975382201354,0.0016607257465867877,0.004251184880778069,0.01890595732956877,0.018797796132951815,0.10341430746522373,0.0011780238337895474,0.0,0.021721617368647583,0.014594999632531688,0.006534296541794251,0.008524517431209072,0.003810791626258216,0.008170752100085594,0.003594269342843577,0.04422833339742284,0.001939942957911653,0.0033554003731843026,0.015644366226441126,0.0434893013703566,3.0568529525649986,0.27760628175120255,0.10579994661140826
39.295,0.01906147538158217,0.0038056689615616718,9.573446057313119e-05,0.0015088988832651527,0.07279348202921734,0.0020096287057701306,0.0007141919073221353,0.017702636434096124,0.024383702365081694,0.05224221987037857,0.0014210024541096518,0.0,0.013261666651659981,0.008875941993133974,0.006534903651395652,0.005537175478819113,-0.003375762026484758,0.0032231774268451675,0.0047476117823950165,0.030931265429458676,2.2015342786533298e-05,0.033415651126130264,0.0194245093867694,0.04968359796962973,2.608210533433902,0.05202567419589229,0.06010708931681666
39.777,0.0135757430631356,0.0034200181850712027,0.0137584221937425,0.005729221071340978,0.09763134368724306,0.0022907881157846048,0.0019210286906471215,0.019877096464448,0.03240251863190119,-0.005547250418062807,0.004523254384622623,0.0,0.019877339202690306,0.009309188796718368,0.005670569867663404,0.006250238009545819,0.0010956105194835054,0.01094723793870924,0.008537072047878805,0.04831282619889276,0.008618660646286438,0.06217435346800427,0.0009594540543794791,0.09606572632205143,-1.1127711157562037,0.0047832817977486565,0.036617875329579316
40.289,0.005541255805213875,0.005524415952218333,0.006916821854231019,0.008833586006418455,0.06034200763303618,0.002196885826067204,0.003224376447752091,0.012384252068324582,0.022216384327479473,0.04009325929150717,0.0017679507341620995,0.0,0.01370941564827663,0.009189187549146396,0.0072375475222939585,0.009830091610833733,0.007188547983171449,0.019016501299869468,0.010129705486104973,0.037037610264799105,0.003248449344937176,0.05549769524513761,0.02238552993165557,0.049597095346188544,1.674053397241406,0.07676457459013394,0.03126097006174943
40.778,0.021692530834022644,0.005635222721038237,0.014391657425088938,0.0018226937801300038,0.11581330849018877,0.0026124662431265583,0.0062048444810247445,0.0033344342568593587,0.0007585596864655187,0.05401887208559262,2.4169834503416942e-05,0.0,0.002307960918617116,0.0048111657335987885,0.013022720069618215,0.009615063538224194,0.008340147765928852,0.00537338544525516,0.0037031841138961213,0.038020654113047045,0.00046464382104044244,0.004877246164377855,0.04528351444824569,0.02827301849720704,3.560302073320614,0.1079141170582151,0.057138247511193535
41.288,0.023369851332979606,0.005327401757023301,0.01302012801029675,-0.000609954602910739,0.09044592154445817,0.0013980820846603997,0.0013609358792755148,-0.0008253182860416999,0.00028641698530350855,0.062395716228913045,0.0019698793598440663,0.0,-0.0006937622002520284,0.0012045732106058366,0.021604107823941735,0.009928068203387753,0.005261673827217925,-0.002834993920015179,-0.0028829009501759643,0.02306135505216008,-0.00046968347238692063,0.045672268622664935,0.039764680929340795,-0.0036193821113211645,5.997214660115711,0.10266858866284286,0.09199631752580367
41.779,0.012044994910605717,0.006710429424101337,0.0058775756486505425,0.005463124209265502,0.06344151524600518,0.0007708598492105094,0.0008747434994957686,0.013673594095265598,0.015150318307194764,0.007488347350863325,0.0013367115929311792,0.0,0.005478468324848297,0.011201410157349859,-0.0007449982875216679,0.0005462414422925672,-0.0010813211648278552,0.015119800261719702,0.015415138410809512,0.06960443731179446,0.007857484579465186,0.04386387276726412,-0.0058506986098152405,0.041195231357842615,0.20260750935617,0.007403888702543923,0.031230723901723108
42.278,0.012160447753141936,0.003926241759876812,0.0030195565240309944,0.004274417094343716,0.09535859362236977,-0.0005194444901264741,0.0011567150579752923,-0.0013027744175684534,0.009987767812175752,0.028850171378468695,0.0008777358588380105,0.0,0.003058949142030427,0.0070753556626941974,0.0010065478200473104,0.0007533945473542486,0.0017798515913879983,0.019713024225695847,0.01061368685991754,0.027674964083195645,0.007500203652388869,0.03832039830489398,0.009173427729660268,-0.008356705974984495,0.9731756508510642,0.0371693230498048,0.06857970453639085
42.776,0.0070336480010739525,0.003397447013956483,0.0030330642630438925,-0.0027061632550795965,0.06973549341840767,-0.0009707457774464539,-0.0018433098708544398,0.004122242407137678,-0.022073160944934375,0.05066528086630356,-0.0010226667938010858,0.0,0.0038256387022888296,4.5753815453414694e-05,0.0011625522787236224,0.003959831440858563,-0.0003615122203013142,0.00021218761514397574,2.8910366274258735e-05,0.007798320692992035,-0.0003163472118196502,0.006694168272527936,0.03328334617318606,-0.027501349618488137,0.40122810274417803,0.011338858847033622,0.06720159520003516
43.278,0.018405959327328494,-0.00018918292761755756,-0.0002735195487100167,-0.0013801340743575534,0.0586427084562772,0.0008011910801034212,0.003679460659921694,0.0065815081466347606,0.002147906612813994,0.03746878833799433,0.0012351694285947178,0.0,0.00019269686831413873,0.004056305775771414,0.008527819257841155,2.762297429546399e-05,0.0004656056052456462,0.001288343110782294,0.00039876810013055936,-0.009830725348987648,0.00521998461371121,-0.004214589547737664,0.03363447042147062,0.024456406211040133,-0.49319563197814115,0.11342809463698843,0.01923715573050015
43.777,0.006302931152606043,0.004955560789593475,0.0018258850915645415,0.0006007355262895611,0.03789742949855718,-0.0005843604729622085,-0.0009240563889758029,-0.011246729363848072,0.019918629213429927,0.00037443450582966595,-0.0014267379951831882,0.0,0.012550824836640967,-0.00011765266830860268,0.0015837921407824975,-0.0023997378913812656,0.0012287161466465804,0.011442858952088282,0.005016592780971292,0.04342614403354921,0.003146661657152835,0.022952176977899325,0.0024382767451761665,0.006389653479951425,2.9370786820611303,-0.05286724467683878,0.0473839578490623
44.276,0.011584573021721547,0.0022320348991243352,0.008905348012026856,0.010871646254801089,0.00196982127716571,0.0017904371445513023,0.0013789792213665052,0.0022147592481385585,0.024040887551554094,0.05675524927552668,6.0693422884791905e-05,0.0,0.01793693801835378,0.012138428102720837,0.004301371009605619,0.006396139175194212,0.0018679008658871446,0.02544369148980912,0.014175512022797645,0.056985174318760864,0.0038271296267104377,0.029140163795362647,0.008010828572297315,0.013306696700728265,-2.7454773228245006,0.06416477817263015,0.09885709440847787
44.786,0.009856745904097202,0.0028025565677337115,0.0014043231027079835,0.008522873398819976,0.07902117576330689,0.0017005068576664562,-0.0014000062947768582,0.014437962071946977,0.025602570357757492,0.04333316837873344,-0.0019105622685328327,0.0,0.02146518172128609,0.016138504630860334,0.0068974668168948865,-0.0016985727258358692,0.0047236309406334265,0.01709137813132488,0.01568069559920652,0.06088806276615849,0.006436473042850648,0.028656715318562793,0.0020509460489601806,0.04581018720225422,4.895698895792091,0.09415574112475632,0.039578411372499525
45.279,0.005962708248307398,-0.0025558289850641223,-0.0024417953466983337,7.432085516761009e-05,0.10983058576083007,3.964265779989059e-05,-0.0035728105063246862,0.004507736453342693,0.0002580556930908973,-0.005381936232895462,0.0018313665941572122,0.0,-0.014085985298420624,0.0010497966601281685,0.005946037562561254,0.0018462723242655323,-0.0008798468786713977,0.006944762121816215,0.0028020068964596844,0.003494842708722501,0.004858817705718437,-0.0029260245320492507,0.03860066602137552,0.002213629670161352,2.4657494261468487,0.036579418285524315,-0.02144583324446125
45.778,0.009615017808208844,0.001124765553587094,0.005131985045540939,0.0014303374248380667,0.11109158646582926,0.0007915097783682185,0.007016592013141924,0.0011001313398844087,0.00255573600397614,-0.00096283158641883,4.948561952296016e-05,0.0,0.010899336522001079,0.0028969355953339434,0.015105229937754922,0.009459441640428829,0.005083637759988483,0.0032077273999118307,0.0009379850390990645,0.013833069376810218,-0.004429064724604615,0.019972964804890567,0.016940479852381563,0.0187134436698377,2.043848893930423,0.013113563472172334,0.00969296844838214
46.278,0.010348826360564023,0.002589407074942796,0.009519833390411361,0.0029951955008428815,0.059684268702903075,0.0006643634123638999,8.434570917855662e-05,-0.0002350479313400137,0.017538370718288628,0.046595983388535184,0.0022798435368437363,0.0,0.0018417541271842307,0.013581165618926057,0.001127426974702071,0.002938616468710431,0.0031538428239179304,0.006456948649527438,0.006508896219266401,0.04440914009110603,0.007926254488682208,0.06210453623308553,0.009686864022052363,0.020897604745904456,3.1476211297324004,-0.04491234328671438,0.11158346670372736
46.778,0.005843319463006694,0.006897073072199171,-0.002134284784208482,0.005046037921844704,0.02853286261311305,-0.00015857063119935442,0.000931347445195033,0.003616427929493622,0.028196072777162354,-0.01683270257080955,-0.002983867090503358,0.0,0.009280472109944166,0.0054150585266670576,-0.007149844948357929,0.006235829176643814,0.003018164607775027,0.02177773968363999,0.0075888009885758875,0.045390976802832404,0.004656213232917778,0.037046795357828254,-0.015352136896278889,0.04208305990734554,2.9061969579297275,-0.04652854537600165,-0.002454805534763603
47.289,0.012572198535445498,0.007173289268332761,0.005786780532988901,0.011466934839688431,0.008841780330512736,0.0034631336256952935,0.00848687824357384,0.0069755854391347506,0.02508051334702091,0.09048144632073399,0.0012450663052201625,0.0,0.014123215983959598,0.009309502862025934,-0.0013117998483212845,0.010115595126008323,0.007197754948441652,0.032798790566525106,0.020537308776676852,0.05805734569705324,0.009479188243638144,0.04529279747094497,0.0064015343818257546,0.020083537277366576,2.6466738122789577,0.08272402144460374,0.11688161720177699
47.778,0.014768728437064426,0.005306232559732723,0.0052012823798717805,0.007263196363058167,0.04110607582935456,0.004132885478381677,0.006429724456633813,0.014520139771434553,0.010109980728372348,0.01801975318163303,0.004034465659317121,0.0,0.01178455748368869,0.010997558134518673,0.01460563657168795,0.011180693284181958,0.010091684576243903,0.007047490349424581,0.0096175236286436,0.017440126492408715,0.006080614214901732,0.010853850512752313,0.026102266262671373,0.002028147734551111,3.6233402963629673,0.09848534034851604,0.009265376448700059
48.277,0.00909020929597197,0.002474971038457929,0.007349894297449303,-0.00048761807473968416,0.10873538131941901,0.0023478499187695777,0.004541386665487791,0.008652519282166534,0.004477658485980741,0.0031465466807388607,0.004459677428288071,0.0,-0.002097806035899978,-0.00012977963052608298,0.010063342681922022,0.0035705410425594664,0.012197573269783008,0.0009897300978119103,-0.0004305406561860468,0.014893077658540059,0.00623658710050588,-0.002858092995321434,0.03832939905497454,-0.0005662855881917268,1.3603432504000723,0.04633216916101286,-0.0004183162676375135
48.787,0.0188645631659733,0.004617393424301723,0.01292328902442098,0.005953969439492632,0.13854412372975863,0.005568562742381635,0.008149326867187088,0.014809489248905544,0.0021004260387362654,0.1010378237029031,0.006581088666293779,0.0,0.02180244655466048,0.011058218284654798,0.012056752520532878,0.010308036927672608,0.011179065975850524,0.009296674751403923,0.002745798355492574,0.05260285129024914,0.006279931706211974,0.03478918470282484,0.02284533313554099,0.04000835544539316,5.162332800157599,0.17665862902772209,0.0736183561209735
49.278,0.004603678585819209,0.00337723241181234,0.0077426251363755735,0.01015128778098603,0.10870541263285392,0.001724240054369127,0.007227126520625925,0.0048975975235715655,0.013145437504750567,0.020602023952975033,0.0008641808270927844,0.0,0.018612278971808605,0.008194444790278343,0.004006318466356988,0.012008951833941477,0.009688248083080725,0.020047217470379946,0.012593322201528484,0.08113444155037146,0.0037084725940010176,0.045636649642007324,-0.008064934131499654,0.03795805925083313,3.81433191463151,0.016115409078658445,0.0635105105594481
49.787,-0.0007274108591291209,0.006808513472502165,0.005607555473843007,0.01094724896129777,0.08966159223881855,0.0011521060820071046,0.005021457949414358,0.007825694995828896,0.025597508106543623,0.024826573453659854,0.0015250002783832595,0.0,0.02007632588117,0.015402030459416944,0.00838651622922372,0.0011108809184582342,0.010972967764920816,0.020738595421549027,0.014711764920811013,0.03635534139024552,0.008497523485138601,0.001317482036373937,0.01161969928043871,0.049387166253591214,1.2380304021731756,-0.02035020844957744,0.05924539040614414
50.276,0.013253480297706677,-0.0034877721932327407,-0.010657773318327906,0.00283024825957513,0.1407207099730577,0.003846792248083258,0.005396315190268376,0.0060928343105342685,0.0005887896665756172,0.0017656043394460017,0.0036326201991646765,0.0,0.012337826755783507,0.0011116663778676695,0.01715478822852381,0.007299666202873895,0.009367394520087599,0.004236550199436709,0.00041289569328074714,-0.004447067179932728,0.002425921745123,-0.009151860997772432,0.012607677724764297,-0.002275537966487522,7.695778432153138,0.008880625873229709,0.029372981964990334
50.777,0.013089210554170772,0.001753036555010863,0.011750719314667932,0.003668257650691207,0.11001710389653926,0.0029573270144665907,0.006193632677662548,0.011728738050324863,0.011368520805093265,0.038578610612912075,0.0022361038543114212,0.0,0.010962786615667052,0.001999568221288963,0.016458805796019108,0.015607365026842453,0.0075394701986400475,0.005168278538272444,0.0003343804877712645,0.04993564449049237,0.005550568444759242,0.018959605866566205,0.02831802080392862,0.010825296410755036,8.91467567496864,0.07861367071875572,0.05793332111854685
51.278,0.0037402113163428874,0.004507415245348787,0.011476864494679198,0.009581792200621704,0.07526087573524667,0.0018892928715805572,0.003059695412871602,0.0021489247432322947,0.01815860953126433,0.010212202373682778,0.0008226440712924466,0.0,0.021913253766030632,0.0035513867703758756,0.0027351939371683853,0.013746078864613636,0.01992712586806458,0.02078980142699826,0.007472476409178165,0.08272732184388343,0.0038084477457759427,0.07522432232622998,-0.0007328884302690302,0.04584664661544066,8.368836041440163,0.03897597786148056,0.0011393409597408978
51.778,0.010734283562484482,0.008993163469378925,0.013180946876876223,0.012268219663769935,0.12180062275426484,0.0027273711794233756,0.0047229002248272275,0.002868954005294386,0.03663683973283154,0.05344453750436446,0.002846246923308635,0.0,0.019611636682061208,0.00835667285077898,0.005638067675423649,0.009982247675596042,0.017875522948856307,0.026867982627921415,0.01405497574431748,0.08962649503186111,0.008568509048006816,0.07402688412143874,0.006627432393960599,0.05270990971734582,9.275206226188681,0.051334005787375264,0.04192783140077836
52.277,0.007939327747799487,0.0062295099803975134,0.00837167710746811,0.01147450438041391,0.07816549658742372,0.002695456262131746,0.0062529885808877955,0.007593631732761151,0.0275056353765437,0.011905106186380039,0.004253818876871402,0.0,0.025144313200277026,0.007575864801550378,0.017274197119296078,0.010037250071401157,0.01545712516639557,0.019242264403098133,0.01611827386146827,0.02480465719142633,0.0033454302759391708,0.03922265916152912,0.02720274419838427,0.02866463158992162,10.11444788832136,0.037350795240739976,0.04481198570575628
52.779,0.004010160417095782,0.0030968432311090843,0.002680687459209719,0.006292879873287703,0.12128036100084574,0.002867441959494961,0.005442436247158787,0.013515177809269334,0.006859988324991511,0.08580340990136719,0.004129027832872034,0.0,0.007452777119769766,0.0060498688309311086,0.02461104518335562,0.01467795531441656,0.014974709458364082,0.007289375915522262,0.006073732453286571,-9.454391493108237e-06,0.006243539113387406,0.003982944916488859,0.048756062271682846,0.00465188138396746,1.7642402564365884,0.16600040249613973,0.08170549500033984
53.281,-0.0005463273065796422,-0.000407379672020358,0.010137364774515876,0.0021940684577357824,0.09358397207800004,0.0035578025287555954,0.008941721140047947,0.02462619537451866,-0.007485764272286443,0.03911811881181298,0.0046187455025417925,0.0,-0.002200837754416844,0.008188876736385062,0.01229478431288067,0.008234257368758378,0.010104216869127759,0.0022883652551298696,0.0018713949884424906,3.309040151157971e-06,0.008253588817968158,0.012342387201381522,0.04348493405583226,0.03204128534228665,7.5586662856440165,0.126942257262225,0.025414426829771856
53.783,0.015414109015395102,0.007640684287954583,0.011500324681366962,0.00464068440010019,0.13353683331018593,0.0047843358804023715,0.007064707411201187,-0.002841888038447908,0.012504442888848902,0.029105293040687794,0.005337848046879202,0.0,0.02198610201081685,0.015312810770201348,0.007261239817926924,0.011476843116856702,0.007506773255004997,0.005802495451800644,0.004798415286959354,0.03294980325105472,0.007053566525445119,0.0819058723781247,0.027045482910148463,0.0215938032143562,4.266809378366476,0.03641384346342971,0.046423005071235944
54.284,-0.008283568221900845,0.006801119854258996,0.013271848560042597,0.008535498731039558,0.04933511793400581,0.0035924982318319607,0.0023752331116014395,0.016602618409974047,0.032160721613582674,0.06794882255849292,0.004638037681500781,0.0,0.020910281702477572,0.013461787389135959,0.0007818725559217224,0.010389224830528884,0.011006629155283885,0.017754351286260753,0.011723689361249796,0.09313484075264589,0.0071917722560967436,0.08377155151147786,0.013417340310414912,0.05127700475137429,1.6119423502307284,0.08874087278900972,0.0803143430656798
54.778,0.010950529752828626,0.010319755705531076,0.011249616893939336,0.015656607656494875,0.1129332018988251,0.0038123005864703218,0.006628924693639053,0.005074827046896536,0.027543412951804385,0.06043186595075211,0.002981536308276803,0.0,0.030137108748034082,0.014161571915248774,0.017665138493140754,0.013268838858727055,0.016694750009944644,0.023550765916041272,0.0203992955128778,0.05529553543082602,0.007699708675307996,0.0450951131335546,0.01882532718947138,0.051637240674320475,6.06777810721736,0.04139320130233663,0.06574722330154546
55.277,0.0020703337176697085,0.0023510660089345473,0.007673736545053292,0.004106279179301877,0.10647155981961845,0.003843270779666516,0.007022607924651821,0.018763838392559896,0.009253718912711569,-0.011245498890682784,0.004640141511831341,0.0,0.014224841489885315,0.007012548914341047,0.01461004492076295,0.010932190487244371,0.0035255825709297013,0.007108995197306032,0.00714581414532648,0.0062347513377988195,0.003916469362661002,0.038337497499029025,0.02940421764748457,0.017574232950443525,4.56013773213789,0.05047250442459866,-0.0021610195814326097
55.793,-0.0011793292340525274,0.0020813901001968103,0.011079292157090385,0.005351028967974345,0.16812705362668326,0.003359662769067775,0.007709154619141936,0.006056131425415355,0.011421809777544012,0.07670975552665978,0.0038707188887397307,0.0,0.02338857178337766,0.013783354990330376,0.01740370738563617,0.003076296463323998,0.005618874095380557,0.009138085178561054,0.007411108302223599,0.039121986313501465,0.007073258810962197,0.04374928405770066,0.030304890905237712,0.03779599960636125,-0.26299900323972836,0.1197278408043353,0.08374903134976651
56.277,0.003542360610308992,0.008610505033772855,0.013392586651326144,0.01052935483819132,0.22325506950359555,0.0017035848202093806,0.0022109287659603655,0.006335328176495247,0.02767037140725459,0.0792476419375585,0.0034804046661274994,0.0,0.02705780485101658,0.014704089658524933,0.004357775870596962,0.006049709416207939,0.013849797616600382,0.026772032997617733,0.011605516815059004,0.0741254158378116,0.0028515024085072962,0.10040441454539023,0.018337069534163065,0.04524167573532306,7.046981898888696,0.11608283609508631,0.1167936715626804
56.778,-0.00329185180641561,0.005068530430772187,0.011928365909615771,0.01089651685160318,0.09341597915436084,0.003465489190530529,0.003968688939118503,0.00593849486084452,0.027106735491415637,0.12471901037325202,0.004811471586138635,0.0,0.018588344746635347,0.007346594946426891,0.00447979410866488,0.01129621529292241,0.008633946924990659,0.02581080615632482,0.019146084977055815,0.06318239681414219,0.008284555346278253,0.0789417618513002,0.021724291291956105,0.04355118239165242,6.765720835744523,0.22715668143029874,0.13228644637533948
57.286,0.01137681248868772,0.005868856657114148,0.020024286255685725,0.012828363008967742,0.16479280552058986,0.003678907719630591,0.0031541149596412974,-0.0010645605349510123,0.020661698065822555,0.09867773532303216,0.006528626293753181,0.0,0.0161235941397141,0.0140902820825406,0.020124866671739385,0.01561911555811248,0.01575035348478912,0.017670938628037668,0.014463737204931847,0.037476888339937765,0.008621209384367466,0.05601237252920013,0.05405650629033124,0.029913149691807864,6.604034123515164,0.15462517027588188,0.1036787327536342
57.778,0.000273180236158904,0.0012297702083786442,0.012546753340906224,0.00037697083567144715,0.1317793010719598,0.002021109563130647,0.0021991076996103554,0.022522269309319037,0.003111215065952777,0.06521429729423758,0.0028338118931133045,0.0,0.004133710703686912,0.00772198561391532,0.009091913244877486,0.005741388026206945,0.0010402508708421492,-0.0010213993032328187,-0.0021663377345907393,0.021452632198631322,0.005568052038719775,0.018864548212475348,0.040526048777627444,0.0074894783711457295,5.7242336097780795,0.1619062160226976,0.0717224525735892
58.278,0.0007177118614694972,0.009815483598545893,0.009865958947882418,0.006236652798665377,0.09746599079982884,0.003750095710261608,0.005695713328231053,0.017154978127071997,0.01786798396028401,0.06895386004525458,0.004554381639212384,0.0,0.01530851139098072,0.009439028203997597,0.0068507689296930735,0.007911661371041977,0.013415931956477768,0.014581009281298027,0.005610840165509479,0.056449912012472944,0.0062838123333713546,0.024183651809372934,0.02652207703105995,0.0358110275138564,9.000885655489,0.14855743768611043,0.041893609943970546
58.779,0.003768502008242466,0.009405814672373414,0.010905266963992093,0.012263266713184794,0.017117028973189043,0.0024659425706440863,0.004901079838715088,0.01561529582927301,0.030458294037783513,0.031156359332867475,0.0017037644314572224,0.0,0.029624353857034203,0.01752783514662696,0.0013031011499796744,0.015421509634809488,0.013477369684178314,0.02686908336207781,0.009790713928545459,0.07483843699091022,0.006009060382379087,0.0920341483238208,0.005533608309670378,0.06083554212701497,7.394626974112102,0.07611460002666988,0.007242912211580312
59.278,0.01372179799384829,0.007833342733621119,0.018772993100783286,0.011653039471547366,0.03209085114366793,0.0041115023285285416,0.008259445266509827,0.027396335116925997,0.024547492050838598,0.05862777710186378,0.0032761662137438916,0.0,0.02227173248671435,0.013299248474200744,0.011997066824314265,0.01769612164092589,0.012069601159044537,0.020270821680681356,0.011917335168599162,0.06332485894351703,0.010757476350227172,0.06098559683344673,0.01181148980234138,0.025851820881187933,2.817739443599247,0.07779944207281564,0.06666526765461923
59.778,0.017416249697008338,0.0011301333141642174,0.00764392098457177,0.005679443838877109,0.06912227225033994,0.003505444156702508,-0.0002038588110228666,0.022546966189911536,-0.002374134767604789,0.042256604469308574,0.0033598009700234726,0.0,0.01541042859335478,0.004959420375770437,0.023412922637658606,0.014356033793816598,0.009115390614378504,0.009529629621606197,0.004577259828268223,0.012442549272287471,0.002898645723454775,0.02399631999903596,0.029631405819945708,0.0011293838712599761,-1.4121090287503337,0.09725349912972245,0.03326726630918187
60.277,0.015208754535598924,0.0030331396152398554,-0.0034694079938469746,0.005162878743251185,0.04930672855363772,0.0017447552314867093,0.0001176054429613644,0.019347002691572357,0.009477260663113283,0.11098491699746188,0.0005663050351294235,0.0,0.005848148731643593,0.016104226587087992,0.021853526764993754,0.005952703363704745,0.0025112807956259144,0.004998031962943869,0.006362640776115367,0.01274383702867598,0.0038170982358162126,0.029283761544064656,0.004920950458275729,0.07187711434015653,1.0735302099240989,0.1103132422508276,0.1543571293124703
60.777,0.00478159340327943,0.006532230827884387,-0.0011621139639958831,0.004301673215277713,0.019401069409472782,0.0016224228796786406,0.0022118291328417465,0.010534548134987816,0.017312055322982897,0.044797253670659634,0.0005637913378639099,0.0,0.008826732765427654,0.016324103244419443,0.0016883045668580187,0.0064202589920797064,0.0009699586263059787,0.006967134359431565,0.008754597206831376,0.05856134102094824,0.002717293891345673,0.024083341460949637,-0.008012056696836623,0.030524146035497822,1.3827050647503447,0.011763268344933745,0.09080424808921381
61.288,0.013785282732506399,0.007530230933195264,0.01784856037527623,0.005752185805358909,-0.021876766352192017,0.0028669127584190976,0.0057477316954335994,0.0071448648486809865,0.015386426995036225,0.030980826352219968,0.0036866935860655078,0.0,0.01688704841686526,0.004359279700654704,0.003838367812153958,0.009994830965995214,0.013374955242527775,0.0064263558224931395,0.009146058934356036,0.058435033021532086,0.003712981534692988,0.09706794836230839,0.04100638123058161,0.04616318691284102,0.5974489668423117,-0.05887145839107607,0.05398551998023024
61.777,0.012436153809698185,0.006362339534754774,0.022119165369346487,0.0127150570349784,-0.023647547478160075,0.0022920934828046797,0.00012318755282686604,0.012106240629879002,0.02092742642136515,0.029589008815533415,0.0035722701943844636,0.0,0.02057516110693371,0.010090188304825817,0.01026619564582136,0.005816638077917605,0.014885909151563181,0.023299746048766737,0.022366672466498847,0.0496295392415398,0.007762258358631516,0.07845075372543443,0.053315529688493464,0.022263059164657997,3.8182192689173937,0.13162410848039785,0.0023653642962296545
62.278,0.012549270805230009,0.003385841084043388,0.003012837675655723,0.0036114211975708617,0.03639689396438505,0.002927794433425098,0.0007834701473983215,0.018816690431001173,0.008491757679020015,0.06208368305371843,0.0018937021694670016,0.0,0.002046785892546449,0.0055576694469621395,0.009848358631645444,0.006558379238229217,0.009202577803670054,0.0058311764099033955,0.007006180348744498,0.0010428115163042193,0.012962546235616457,0.0003334896446799771,0.04001063360741669,0.023743551815770116,1.0218422184603244,0.017051531175845857,0.11983106128482782
62.788,0.01704700935578828,0.0020346273526898957,0.009349088066385423,0.0006040638971763524,-0.0013078318837426452,0.001470395823311326,0.0032961839634042317,0.023289104265111427,0.007729126196643616,0.055252507902798335,0.00042490345538626854,0.0,0.006032787720906202,0.00025516207571428583,0.0019116880721517528,0.0017651380270214687,0.007231620137080807,0.005088179026326407,0.007262296958988827,-0.004830951449546619,0.005556010406092875,0.03443915897389871,0.0513344399108345,0.01937341532220207,5.605548964611793,0.1539929991853244,0.020818421578380625
63.278,0.012512377585075434,0.002478674426817508,0.011266910200791161,0.0021053695540642066,0.0006540109792503206,-0.0007473860905981127,0.0035072936559343865,-0.001771265644433621,0.003375407240117797,0.06605198088702623,0.00011693273431002995,0.0,-0.002394007403927715,0.0009256403941038147,0.016880401537313683,0.005369674862446021,0.010802501054382845,0.003243855429369121,0.003758879428304098,0.04464778012854553,0.003917717691083871,0.054141323524485946,0.02861939161307021,0.006800161730552945,2.740038262642087,0.09161555486113893,0.08056599839756091
63.79,0.023440119275358103,0.0023112574750887528,0.0024805879372172706,0.002337846081742125,0.12623932252638298,0.0017088414500225223,0.00399547691419986,0.006724646402763119,0.007809037185435046,0.07109987362062982,0.0018506582204983835,0.0,0.01416550052795111,0.00507733578282739,-0.00232965988955941,0.005448753120677783,0.011292874627564257,0.005523051559886462,0.002014504186229541,0.047400897209731174,0.003699330202709488,0.035936632137485915,0.0011200864886137345,0.035785412451562415,4.795425324132566,0.11994648134728281,0.054247574708017735
64.278,0.01204234338451914,0.003958185230096012,0.00415207160663375,0.007108875891872324,0.14559471332977877,0.0002057930538603974,-0.0006667733109052981,-8.89090519288173e-05,0.023503064825148405,0.0908170724081244,0.000698458590317344,0.0,0.009085087744357396,-0.0045646102821275914,0.008185897035452193,0.0032094253329956507,0.01246392285875186,0.023782137711061378,0.012955298627000128,0.053885053194888725,6.71240294518202e-05,0.05244599753118515,0.009434114315299055,0.05415445081073964,5.062117398692036,0.11823450973309302,0.08317048404407601
64.788,0.012903951693706082,0.0022722417266981087,0.0007630724622205016,0.006537283806699068,0.04185778559396895,1.053670142861704e-05,0.00041877128962111563,0.010183198890554218,0.009710454968248091,0.08280404277263904,-0.0003148138912551177,0.0,0.00990386591821401,0.0001629463876876718,0.003890630769512141,0.004073460227047476,0.012154852474647095,0.021467636857032388,0.013082844112207313,0.022395618361550206,0.004517824807547262,0.03795086497884034,0.013483209590196223,0.020877977974796784,-1.2886433127573678,0.038228764564377474,0.0872042650853161
65.277,0.027587232629470174,-0.0009812051038187548,-0.00013249502593506147,-0.00015747130855517843,0.08562829931605519,0.00022632565092788127,0.0002898470080816797,0.02194554943263282,0.002355935443318464,0.055112593168044156,0.003169230028963894,0.0,0.00804845663024746,0.004199154619770971,0.011272104219167953,0.0024660927396749307,0.009248028555777593,0.0001472734661065417,-0.0030806016884645476,0.01002769432085508,0.003392281508671721,0.035197725631722604,0.01596524905706086,-0.018035651128018304,3.7850271255885373,0.20197999717341455,0.045765340498871966
65.788,0.03045940510245892,-0.0011008838838542255,0.007083229578733931,-0.0004828552349633384,0.06856704471405249,0.001038581792335481,0.004019077921415608,0.020593203252019295,0.0040010311212809735,0.03643268289382953,-0.000126567114089012,0.0,0.0036115246871501034,0.009857364383672748,0.020510286564146985,0.0007074436603580837,0.0035832088558286042,-0.008203565055293554,-0.002580662940520487,0.004441496912304859,0.0012226708722157464,0.014113084648379483,0.038390503265249634,0.009319432477267861,4.14703401519555,0.1298497652971979,-0.002845460664253471
66.278,0.016110833204504255,0.007418038722897616,0.011624479333903768,0.00964398365353868,0.032384837657579886,-0.0008454479597989706,0.008296704495094285,0.004112043365466608,0.027646278850789532,0.03981939562410861,-1.2579343462861973e-06,0.0,0.02777869816579164,0.007776379436866983,0.004867839286100563,0.009297619865601875,0.012725422430036316,0.022132228355844663,0.012581818068957234,0.09024713142846413,-0.00011933160791427738,0.06213846018507841,0.01630060190516872,0.06321683406880428,1.3024830604863629,0.10820553246967844,0.05456160704688487
66.778,0.00818968854373197,-0.0002633793236471936,0.015349420829441681,0.002214609778569934,-0.024066873078639216,0.0004431458280653142,0.0003187602729854232,0.006425400499335879,0.007002579137314836,-0.025784953502102945,-0.0017353970870331824,0.0,0.006775267796195137,0.004518079377820571,-0.0013557786299104031,0.0041761330279880176,0.003202551976352753,0.01799041615833819,0.005006040692838794,0.04407093256047031,0.006576206914318529,0.03521780025541515,0.03322256264039817,-0.0014340550082880055,-0.06341954329659859,0.04431951721343807,-0.04163338382126914
67.278,0.017074396899930483,-0.0010909763932954186,0.0019918942564622543,-0.002042842253929542,0.118618083105716,0.001264085661686601,0.0021798155756001616,0.01840092696272059,0.0005142584667983056,0.017171604622800048,7.3469973760678e-05,0.0,0.009011596236752394,-0.0015968332366809558,0.013303872741664625,-0.0036536977973856454,0.009185277779793192,-0.0010648110198972745,-0.0041226666324166985,-0.006514451705201881,0.003442553433472911,0.025453729778689167,0.04947412685048674,-0.0069521401841684295,3.117015091357783,0.058666686839635135,0.03837812922270995
67.777,0.014278506719663069,0.0004987466678340355,0.010180720838577363,-0.0007819446543819842,0.1361531279201316,-2.7094375102187845e-05,0.003735611895147792,0.012287119666622347,0.012852885097134673,0.05202604501872787,5.503461899627894e-07,0.0,0.017442607722688526,-0.001847161106615648,-0.0010724439336722567,-0.00668084090116205,0.014888446348150898,0.0034856773914222,0.002091023964882683,0.04705603212130631,-0.000592102108953793,0.05848509723689324,0.03676844988121829,0.01790696011396275,4.9048054392915885,0.023618766490729883,0.06731455883519669
68.279,0.011763262683787535,0.005366356708382005,0.006447824307672007,0.009521390490514366,0.11219090381712107,-0.00035829064536123243,0.005295628362569257,0.00963541901742602,0.03881881891168718,0.02344342538799419,0.0013548976409357445,0.0,0.02626522739069497,0.016453951861912078,0.006886941423629788,0.004012630922320094,0.010040802824519288,0.02253041161406775,0.011601222813014699,0.06602543054726412,0.008943386754585295,0.03551354432467153,0.013163662924880973,0.05767214207060085,3.4130237328629502,-0.00736391656534583,0.06249674769358826
68.784,0.011522035325873281,0.004916511814870031,0.014353065129539147,0.00992484961222452,0.023567917099954396,-9.366191631945041e-05,0.0023288029919377065,0.012594984005371459,0.017682681142836474,0.04675182121526207,0.001930813163632372,0.0,0.018951941547853027,0.015534500836647565,0.0011227100179470786,0.0056885957421213785,0.0060412704447589645,0.023064010865473404,0.017044227691867593,0.07704090554200331,0.005039615198521033,0.08113737694997955,0.017008551317733996,0.0381928764944076,5.499870007189693,0.03711973474555234,0.06928898514175806
69.279,0.007346468083153305,0.00260903304538966,-0.0044885283007459024,4.9207846717407185e-05,0.05329090883576307,0.0005464103229614677,0.0030227875900933183,0.02266441299480258,-0.003614866142818134,0.014521439276097623,0.00032454958744175956,0.0,0.006454714397853861,0.00616391359213882,-0.000625988803085889,0.0008810447659426327,0.0015151668685439918,0.002992137836996379,0.004981936638287217,0.010577653172389434,0.006279722553370232,-0.010272152211218523,0.006639103541256415,0.003943000584976978,2.73115130110699,0.024308669486293736,0.03398638738983171
69.777,0.016385939992696007,0.002593970269284768,0.00014710182531439917,0.0024444608408250267,0.06359063129305481,0.0020898955307228476,-0.0004711673714185268,0.049325320293406145,0.011400354896043633,0.06355112054410446,-0.0008274938538874471,0.0,0.011090899126248912,0.007181742721697596,0.011871736433360557,0.004291037824897893,0.005509047753580602,0.0006586515847731386,0.009564816060325308,0.015420837787135254,-0.00015763933500379757,0.014468447981584087,0.003232969841429842,0.012727760175066322,5.069750295876199,0.13675774973620844,0.05291949959174802
70.279,0.008681425414463739,0.003125587392567958,0.004762951864030863,0.0037754917805820805,-0.032172763459132316,0.0022569296470333067,0.0012738905332244214,0.039915919719883036,0.013305242964824996,0.0021152889637005177,0.0020460891713221106,0.0,0.017019449706875533,0.01081017084039027,0.013321255863453015,0.005152258044282836,-0.0026686022983748213,0.003340227904562646,0.008871559144841543,0.053152327337161326,0.008176267289893,0.0004784209528661332,0.010374182311396302,0.03400054685929481,7.577837699042488,0.0012208579813012667,0.021007682448186005
70.78,0.022391388260011556,0.006662587543090078,0.009529824555791534,0.00922183635845217,0.042915327811662546,0.003429867790864653,0.005161596647309868,0.05172427630717493,0.029898909226894345,0.013387349954512559,0.002411516817870374,0.0,0.02916547840322911,0.021897828641756798,0.005558876652233316,0.00818201729807877,0.006682297792955391,0.01044556236825543,0.012387536755899457,0.043890187947865617,0.01359593485053933,0.043804282745959024,0.014691016876706691,0.05069877803095544,3.4198800494163066,0.04416946665817258,0.05718344321102148
71.283,0.013384046890715947,0.006780683143131064,0.005762381390335523,0.007528436471395241,0.05621044585261093,0.002642238993251885,0.00568316055778136,0.05436845077965118,0.026575380438726023,-0.012776398644679453,0.002401117091423949,0.0,0.03013029275777616,0.024055235677441167,0.004811931757556845,0.00011102917016120848,-0.0037644061872207863,0.018232964559221444,0.013342069734884578,0.04833003898714316,0.011910830227169074,0.03905689010341291,-0.006286581938803727,0.056833002171563125,0.8936207740735347,-0.01922287895541502,0.05385137683089442
71.785,0.0054577961639063356,0.005840812788451523,0.003635323781632182,0.009495391314603039,0.029874024475918616,0.0022625898924111144,-0.003004750305092145,0.056140938100107805,0.02260683478700483,0.04668967891757592,0.0007834988145708821,0.0,0.01701344283758549,0.02435728666554577,0.0074010504134189884,0.00380332890867376,0.0010089746790357356,0.015139624977971958,0.015411983633865608,0.03340762788421886,0.008265537378774354,0.04158613907018157,0.003896218298336614,0.04854639543134786,-1.4547878154149902,0.05846389290774361,0.07220178299799355
72.278,0.012044014694258124,0.006749294942021151,0.0024721801360942063,0.008158368180380486,0.029268935442157376,0.005662989868869079,0.0026439674309351987,0.055702359752244655,0.01890421831181352,0.06201548909085749,0.004882737863298351,0.0,0.016746030599376283,0.027716734459877032,0.018448296405213605,0.0003348311102387005,-0.0008367085451347966,0.009195777864648477,0.013251582279241805,0.02738962385479202,0.010740510232051395,0.03399078579845086,0.0012061569353773423,0.005099393541054735,2.4226566772366445,0.09654981490099458,0.10065268710445975
72.778,0.008652778292358663,0.005409046843423137,0.0014763833648745966,0.0029885797804642964,0.014930037257079922,0.0033471751805759266,0.0024651786023453756,0.05537255125816398,0.007327508224424056,0.050628210502378916,0.004336393077641089,0.0,0.01383810953261483,0.016390358171950673,0.01859499416202333,-0.0019488739655911095,-0.0025557161117218323,-0.0004600806727326455,0.013657318239451462,0.004796324283212229,0.010986708471908366,0.002424249810511747,0.006095805088878776,0.026305842475654793,1.3438649911194394,0.018324342433619016,0.09769209546951374
73.276,0.01497571260888052,0.01077751000217546,0.00484715880254013,0.0040649594250095015,0.06869164660009983,0.003550525641792005,0.0066013956505363725,0.03170289981029984,0.018839483212005723,0.022649961125274745,0.004537892628813227,0.0,0.014404281343907682,0.015037597896903584,0.0009257137452078118,0.008539623554503493,0.006940865387208577,0.0055457927738474565,0.009803813905027733,0.06065538955171017,0.002818926061199801,0.03250081369862097,0.015056805840392215,0.03420139195806055,2.5079727726624106,0.06199763737911123,0.048874710795334064
73.777,0.003141367896145776,0.012280973695407682,0.020753204246248495,0.012349596617610932,0.05599049038320779,0.004929408197634543,0.004050753711803512,0.026193760359268195,0.03671720206682323,0.048141582346149556,0.005150524058845175,0.0,0.030271417624535477,0.016390251355741493,0.00798180953293129,0.006033212968092309,0.014128970380714678,0.028045655438088263,0.019052330032866684,0.09205763267677396,0.006902120244654494,0.06141762446522016,0.033715193521751126,0.027346151371621868,4.809267876617915,0.0955246734145137,0.0270817858807066
74.279,0.005516857904416993,0.008194888443585152,0.006791680645402844,0.011792170261337536,0.14639922787435686,0.005369704000444474,0.004134388593429031,0.036537732130580904,0.030781514541791555,0.04891414132584456,0.005697466603628193,0.0,0.021148286353934873,0.014933068590429541,0.007171450767190506,0.005773156422115219,0.007055848545421569,0.02755693929724097,0.019325001219212927,0.04686045178463463,0.011494954721961657,0.008344241959400875,0.01915305499044327,0.021641258480147425,3.857612066327842,0.0932767445328651,0.07920169673048494
74.777,0.006008784489235513,0.005423534512400289,0.014637936690526479,0.004601258591047059,0.2027361650510112,0.0031121075519714276,0.010007053865449417,0.022491068416482934,-0.0002776847944209992,0.03592883908652846,0.002445733445598992,0.0,0.016591995850862545,0.0008393047796574514,0.023533546160178418,0.006844286116363569,0.017503883723579895,0.010590924852297968,0.005872387156429882,0.010639927030972721,0.004918067522643998,0.012868244007967908,0.07644536326368995,0.002351093673179928,4.000766789991882,0.12994399378004823,-0.0011647651530196838
75.287,0.0023647570792642227,0.00021986298361965716,0.014928440965694205,-0.004595236390137218,0.13168171548764665,0.00038724466941023245,0.004686232355518213,0.03299851026485263,-0.004175295208719747,-0.021754411606810197,0.0019561481718895087,0.0,0.00823236441114447,-0.006131035858242982,0.006727848604258448,0.0027790397606144083,0.012909504905045227,-0.003024255695003869,-0.006709853439319908,0.007109833423774115,-0.0020770456901259573,0.02836672718691857,0.08229490890184572,-0.0011388220370005659,2.925924450317876,0.07597138103292252,-0.03286546681648045
75.777,0.0053633341070218245,0.009197268598269396,0.01469381598959119,0.004557724658985015,0.10321932457868689,0.0027841503728143527,0.002842801283104414,0.017149453112431264,0.023890236343722105,0.023479839650502016,0.005983235570290198,0.0,0.022276312833883823,0.006659516383525355,0.006856468998566275,0.004792966546983156,0.012687359583407288,0.02144584813077256,0.0029952895906787506,0.06083357695257942,-0.001984174896606862,0.06363919201533838,0.028900524624043137,0.01578047012155877,1.3415726869561706,0.03164438449804793,0.06057283381698049
76.287,-0.002018079075168794,0.006609300833297905,0.011614777805067294,0.006870013381777387,0.0910821085778928,0.0029663042093671607,0.0019457419630787278,0.013455159265549374,0.025802311680035966,-0.014136088346393624,0.0022415188490256806,0.0,0.026929856931807588,0.020468826152774042,0.004649516241294522,0.0026601156219069914,0.0022752708840878635,0.011172786142748976,0.013190091054342663,0.07312535019092258,0.009999559383523307,0.03538872941424743,-0.0018946929560289985,0.05762070642322471,1.3881214111637092,0.02971008624886873,-0.020040472780881096
76.779,-0.0034043189256614463,0.0017656503863253351,0.002688497041692271,0.006122596575064499,0.150090341859049,0.0023546220246866644,0.006968828137072235,0.039979775577669074,0.029669628550003484,0.03335884514715197,0.0013409913334776462,0.0,0.008627185882301205,0.007477587663205393,-0.00011531207032517099,0.0036565642796298225,0.006486716545916631,0.01959090030373461,0.018645936287363534,0.03972656927072998,0.008833369660762664,0.01995289894965527,0.005607587117514622,0.04655357169162924,0.13657333646152642,0.008685304368969386,0.082208392093515
77.279,0.015987150710564575,0.0035599128096460123,0.004393245232200663,0.0036710476079799452,0.15722198774115512,0.00458083529544038,0.0026387526335824316,0.04231324797297463,-0.002591928754180563,0.06765962108086328,0.005286862868817306,0.0,0.010736164359884682,0.004716809087847211,0.014858933561221525,0.005390382424235849,0.014697064527725585,0.00737901322461875,0.00657702859359796,-0.02334354330042883,0.00707612944287648,0.036527970340056795,0.03721666894913088,-0.0027000261672665464,1.0273318847924655,0.06641814989449825,0.09676500344538273
77.777,0.012123680213184149,0.0066445855684707,0.006689261804027651,0.003660505521518101,0.11116151446477271,0.004236500663252649,0.0047895906500544025,0.025929123743996356,0.007106443539765531,0.04854727625472271,0.005631373995334128,0.0,0.01817809253503375,0.010412582943709342,0.023420532409047675,7.687685558137567e-05,0.013182196483164488,0.0005361485764109589,0.007054353994143882,0.02446232578067948,0.0027826726328149336,0.038097876618901384,0.014789103787452325,0.016451919335374016,-0.4708740594614979,0.15822625684820912,0.05375972419405606
78.288,0.018861801866243772,0.00803895594535002,0.0029262024502226835,0.0055714772096685464,0.10695801420359441,0.005037869326405076,0.00436491408321543,0.04395407093487414,0.0029560683063612355,0.0856903022658585,0.002646837563582644,0.0,0.00628763550196343,0.020358285773557437,0.018898717935152014,0.0018953854023273644,0.014079841885837628,0.004032607790145738,0.006405839763357034,0.034467185494995285,0.00611716330315764,0.014629152683066214,0.0057921049993912,0.033494603389679224,3.0473883089812364,0.18060053298416928,0.05385912726634115
78.778,0.009947215342574854,0.008836606533933785,0.008567767855930846,0.010175811160817888,0.1122651227058451,0.004575473543125176,0.001056048399629503,0.021395926336095984,0.03428540460956048,0.026122346882576065,0.004037014785365421,0.0,0.018963226813577524,0.018295304546141016,0.01464898236034416,0.005096540576673889,0.007699662990495235,0.02013049659700406,0.015025475189837635,0.05695558120164966,0.012306784833516155,0.014243134106633165,0.007157257064332706,0.041458697729786574,1.4723584464378998,-0.012017040538716444,0.07541626741861135
79.279,0.006542489421828163,0.009362370354394441,0.01453518894667044,0.010960027226516147,0.15285168609652577,0.001528930030753894,0.005849453709065596,0.03235659064765548,0.019372718812969765,0.03766271175805235,0.0010623865032178942,0.0,0.020229422841782387,0.012736045681098086,0.0065759852573988135,0.005500150063179643,0.012417603819541094,0.02511665894969761,0.017852784377469014,0.04929083783466595,0.004339754557698024,0.06447769511267065,0.01721462177044727,0.06470783469581291,-0.3511885794724963,0.0035425651358958177,0.0683499465466006
79.777,0.023488557613961,0.0031105407675894995,0.016936371802249155,0.008268112178333432,0.2079106116414716,0.004053964547775985,0.007714678555953161,0.01536463510761178,0.017738518314963512,0.049070744038145785,0.006041652284099156,0.0,0.016346711077628952,0.013887546840383473,0.016218672367070017,0.007186832378774114,0.007506507334650712,0.02176872772928448,0.01398213631085761,0.030033416129188965,0.00788534465134017,0.028675528538630184,0.04356900844990282,0.04621076092264149,0.6903149706985696,0.042481082044540125,0.07263381201900948
80.287,0.01896312157742773,0.003330232676664717,0.011743212054345673,0.006269259809974027,0.245626654825134,0.0028648162590073772,0.007933739411075133,0.017652853351074558,0.0036626343775819446,-0.0054393144780871695,0.004720173681001617,0.0,0.017382075457264622,-0.004847014640629921,0.022858591981427746,0.010199587754224478,0.018323614151652144,0.01771100623566343,0.006691218640079212,0.005748311964921113,0.006106161833984311,0.039086381212694664,0.05250859198857918,0.004698598866838585,1.470380914110886,0.04487661511682674,0.0004077152928133577
80.778,0.023894052128172343,0.00473249645014576,0.011510213188041279,0.004298172511117714,0.313280222202974,0.003437510644418528,0.006621790776954788,0.027579041809604087,0.02790126131217765,0.0615354466008215,0.003859310986296088,0.0,0.020389349624584878,0.010804456943764201,0.014458259788425045,0.008200019470906107,0.015140160871339728,0.002847544327350212,0.0011908453098260067,0.04935234699913473,0.004249507236967008,0.01044179582330457,0.029630805386199284,0.03669305607006594,1.204553525865125,0.11924543960932583,0.06035084171521428
81.288,0.016328154797051353,0.0063631879304993574,-0.0003645463182860762,0.0024064255421929652,0.28595931998511115,0.0030831991561433504,0.007325915998069114,0.03754256811666454,0.010060571718984947,0.05657152594957094,0.00204990118016262,0.0,0.013127285031294667,0.009273867668152308,0.016173100693236846,0.009252119869614809,0.00446463783316406,0.005515789757251747,-0.0008231522707108388,0.017646057712294546,0.0052472606315895455,-0.004120469231179113,0.032494046628338054,0.053450110504468094,2.2894088680405282,0.03326440772033298,0.07462032158322084
81.778,0.0010294416027091578,0.005287014779767736,0.007369136771314789,0.010289025815962761,0.1915429255886229,0.0014265176884302978,0.001069380422332282,0.005564843227870452,0.0620427210609729,0.08012578922602034,0.0030800434524782348,0.0,0.0287617122555857,0.006926716342940509,0.0057095736651714595,0.007835408641944073,0.014723123281043768,0.026685998543042537,0.014861423781955574,0.05204997668127413,0.011293092038740125,0.06510160188020113,0.007868379660130024,0.07833550717187805,1.3195912252421669,0.10098696431087756,0.1010459682175492
82.277,0.014570563089003898,0.005116821748471805,0.0032858345883126513,0.006640351143511681,0.19883385798573347,0.002337673276927135,0.0028913344973720643,0.015788929470026643,0.019607490660372876,0.07001205946751808,0.0031197204969198667,0.0,0.009586411687846116,0.006496331220447681,0.011670451017193221,0.003701789016189461,0.004588666317179105,0.012999736198400745,0.01655215117573817,0.02471433272455099,0.010506761585517227,-0.007934183573321242,0.019615201487828554,0.02725721197864248,1.315758040703815,0.10211537167702811,0.07636574037185351
82.789,0.02716409081344229,0.002235495336357817,0.013684498599020422,0.005175786165208434,0.19043545252936767,0.004020351644879727,0.00768250085110561,0.01845361052556707,0.016121853242603734,0.03784628653131354,0.0032704896452555444,0.0,0.026409254356621847,0.013881258724958455,0.015134186134764327,0.007320653343788595,0.007092009715234251,0.004170328389210919,0.004563748403632838,0.003817408633904334,0.00446466567936579,0.0547293763004607,0.04116981257492814,0.03636234703973251,1.616362928229579,0.06032243290074233,0.036255353111691056
83.278,0.02338450314491325,0.004593628421260919,0.012857963399840716,0.007891752716258658,0.18722529346514835,0.0026014345224598706,0.00526279700470723,0.011036662265560762,0.03548740648589775,0.0002919443766598946,0.005199665955598224,0.0,0.028176657769125927,0.01677471505825328,0.01442686008091883,0.004049560347323617,0.01920126525226435,0.010428293520323748,0.009024535405797837,0.07047166312640082,0.006342084910598748,0.0661092649840075,0.01844173453618653,0.01295358282376182,2.5365674071719235,0.0017735895157959054,0.03990937403573447
83.777,0.011747758871599538,0.005810430537932906,0.01309010059448651,0.009874775077808328,0.11577526985636295,0.0018887329908510993,0.006666421573882026,-0.007274048520134267,0.03594911007620996,0.08159355735121973,0.0035995676755079197,0.0,0.023940964116167057,0.009910971072702224,0.00048047365143042797,0.004427493551919785,0.011154359373141767,0.02857719766334871,0.014515100974822979,0.07044431372722533,0.009784781058775402,0.0843679148406393,0.013345690136389575,0.047897113031094535,0.5207257385081779,0.12590165463653025,0.07488078429331571
84.278,0.01802630487998032,-0.0005823319565224968,0.00997690422775309,0.002844306308486435,0.11334280516932532,0.0005620582876648573,0.00588710464847156,0.005505639701089902,0.019322323261535917,0.06920542429810296,0.0027479155485916214,0.0,0.008860267660057887,0.00618352588651866,0.006440954796755229,0.0023980855387288683,0.010778508739343445,0.012057154963615995,0.005465254916226294,0.004782367841058191,0.006301951022952057,0.03325416514362795,0.06195168091069475,0.01848935382714751,0.662523242745653,0.150509534104847,0.06704331161585979
84.778,0.019299043220207,0.001118735983672221,0.0058568978849088925,-0.0010562552871991326,0.10779473834218689,0.0009543937440644881,-0.0005649652322105569,0.01583802927612465,0.0120879081670457,0.04649597146116714,0.0011918659472769375,0.0,0.0023064984791758693,0.004996561990563464,0.017315508099381403,0.002664178979774247,0.005289043057300316,0.0006670224239226996,-0.003161877781772626,-0.011982531043362995,0.0022533342450324913,0.027968326810603718,0.04942384246280073,0.00492571440584406,1.1227323379083982,0.13345376255149274,0.042838533449261716
85.278,0.020148757420872625,0.0055970477333056575,0.015038676568536736,0.0016268616833409644,0.1468969311270402,0.0008085103797136485,0.0026766091547496666,0.019253967337783572,0.03756826451398586,0.08760437765624118,0.0019082823665427626,0.0,0.022403164761531525,0.0019720311393731007,0.00800072977729747,-0.00030750742232524443,0.012256917627336283,0.009796014100094416,0.0034122977121944513,0.045980619712562544,0.004216427317039571,0.08426891450621546,0.03003317380764007,0.013227401480098957,1.3037603785745384,0.08522266747336452,0.08357567411591976
85.785,0.01418598156141964,0.005918871972433249,0.003544465097628796,0.003619189068512154,0.14476548968049058,0.00023589268680108283,0.0035310442281900802,0.022971143952338475,0.03508256609185716,0.04802836424545814,0.00011943898787754354,0.0,0.008002783682227307,0.013640689965016049,-0.003977242664327457,0.0019130622376326057,-0.002987501447845363,0.019140344870014633,0.011269223926402077,0.0670173331394275,0.0006421614434355643,0.06239024244637982,0.0070926417360952345,0.0512588398802702,0.1954453328918523,0.05502712008545115,0.05217689676247348
86.278,0.024435015286539144,0.0013902020102223845,0.005325520655172869,0.008112327237690627,0.11454148325180825,0.0012196024342190778,0.004810642096622759,0.02635358555287892,0.032012136940262254,0.040724419635591834,0.0016151330198002937,0.0,0.012345330357318777,0.009504468688784927,0.0051723295203774545,0.007183279989180184,0.005462520065740573,0.022675329433236326,0.01430523261036693,0.04205689754266949,0.008571966322819464,0.03933911493895965,0.02737248373290972,0.08554297898476435,1.0395503369940127,-0.011721073010154705,0.05781127076070785
86.778,0.022830843189070592,-0.0001797382131367927,0.0070221732510001205,0.0019419429111331562,0.19172438248373944,0.0027189435068044046,0.007808405102329158,0.02551941729463673,0.029784484508862934,0.03860807413140933,-0.0001802032790803499,0.0,0.013686258923554205,0.008950122302849443,0.012422279880015114,0.007154394310468115,0.0007813116078910252,0.007578562634126509,0.0015536922369644311,0.029069990871868248,0.009987123519820989,-0.009597377427781297,0.03747741711537761,0.031520688845122796,0.4979192443554008,0.13779704336045995,0.01280007586085154
87.28,0.019351720926158462,0.0014813854105718562,0.0007134588063153325,0.005382872415953763,0.14800086449324948,0.0032637135187140757,0.004891995423694861,0.023833456279515615,0.015515974419174594,0.02779049148174845,0.001749086426421122,0.0,0.0013018860299576324,0.015856730584391035,0.02342647005474134,0.004127005078805795,0.007405518082208279,0.0067168681641219955,0.004061131749485077,0.009456586843774165,0.010253445061588023,0.016554286326386235,0.024271654447075987,0.05189223547357705,1.4679795651592884,0.08182862936781041,0.05969865425964424
87.782,0.01651105426410896,0.003838429202216132,0.01871068612960053,0.0087855854488154,0.07802392387122413,0.0041520078867444505,0.006626171950816131,0.00960394100019915,0.01677712959196706,0.1227808669377133,0.001160969809061622,0.0,0.01976559167550367,0.01870914002735471,0.02193976359278355,0.003775990560948127,0.014413713117405465,0.018062256653489605,0.006938753295301969,0.05280719806160512,0.007859729740775664,0.0627822015199938,0.03775963540263062,0.07237978783583887,0.4299365340323548,0.2195271063555402,0.10470253291534613
88.284,0.0071870035291432145,0.004661289353904392,0.003053650943043847,0.010795456759783289,0.1122412142117904,0.002806067419440332,0.00019527354633180452,0.02960679715308517,0.03678124155874213,0.0692418866878608,0.0006595417079044764,0.0,0.017907809912456125,0.024790523652730493,0.016200065553162796,0.011959611164494535,0.0036362101216354335,0.021364717701232938,0.010401165006430993,0.04940397709198612,0.006367832880290777,0.043057065686949295,-0.008940387012257231,0.08390637868089196,1.6295934969597863,0.1010199235513258,0.08262726032344538
88.784,0.0009861306523624594,0.000450113077904336,0.0037879632442565396,0.008763602622740698,0.09996861054206896,0.0016252276096174057,0.0009679573221374445,0.029648806124718187,0.02869950364494823,0.0522463634140711,0.002326759526991807,0.0,0.019763973555301635,0.018916613469706675,0.017999747925260243,0.005928813500816246,0.0014065435217641008,0.01352414118617667,0.015008671214389544,0.06115069009064789,0.010059582754575311,0.022266077755860526,0.007032195424386023,0.05976422292191833,0.7761699580058422,0.08423277611636366,0.03188819255166163
89.279,0.0085651482315154,0.005755778400980083,0.017500671391908643,0.012042144868060533,0.11571496643527829,0.003913630437073265,0.004162879162185816,0.03658038118132644,0.035296978050601197,0.10199043824495259,0.002305232411396118,0.0,0.016649721967197065,0.02490237841220114,0.019707789714249222,0.007247695601730343,0.007757925325159455,0.02255084803467837,0.016276223315656518,0.06431912998887011,0.006839942905977939,0.054116317263458655,0.013456528625957562,0.055994184857396725,3.2319748723341144,0.2061696234694969,0.11037215001903977
89.777,0.0073780685466805,-0.0012219969041202233,0.0059628987587114725,0.0004588992120087675,0.09325820926052743,0.00012110548844047978,-0.0019173904872252477,0.030733914993679144,0.006012485666264301,0.08833476537031619,0.0025076722692823454,0.0,0.009388117394141134,0.01734325868481205,0.01792137163582749,0.0024306816753070673,-0.0027552150878021367,-0.003151555568042486,0.0012603369689982641,-0.00027475435919110394,0.0034450212931765667,0.0357082873347756,0.0414820722432614,0.00042573188065039857,1.3256475684631857,0.1391030811973992,0.12151014763686363
90.293,0.016146233257238997,0.0006361645114936186,0.00960776682941414,0.0010629073152427994,0.0661049520941874,0.001360991444018631,0.007781847635153752,0.023615745745396596,0.011153356938191852,0.0919909762719023,0.0008709828390566532,0.0,0.011353573975788641,-0.0024135768896707023,0.01744611248006981,0.01641361879357626,0.007105272616882325,-0.0028581827808344083,3.332466155884051e-05,0.030036310810843153,-0.002863911665182422,0.0062287439622307145,0.04886924839375924,0.036347628694254244,0.35240424304594037,0.16670163569274535,0.10073120779159031
90.777,-0.0030989458776662236,0.006544264908340792,0.01056841676768931,0.004933031380433976,0.037249324247635524,-0.000519891143495712,0.0054546370356562054,0.003716345298676565,0.041437885909311564,0.10807933437233484,0.0010854415641436896,0.0,0.0032777050397757943,0.0072194415851057105,-0.0045728670576858695,0.008958532824686378,0.006272240949346231,0.024049162541189974,0.012672931558603287,0.07198263117508048,0.0005533516827000337,0.09522474598932854,0.001221007623277611,0.032408477756751305,2.182051458473118,0.15940916025647806,0.128650350097575
91.278,0.005443328134685123,0.002701785250433305,0.0015816681015743852,0.009793669772680987,-0.010980971424417632,0.0003462997243354148,0.0018511385779335459,-0.0015656794065833518,0.028645544130301008,0.11086072881474385,6.0447813026329074e-05,0.0,0.01580064326847975,0.011284916914693245,0.012372316038065588,0.008048587887844154,0.0050269123378937595,0.025005458360576712,0.02006767268509736,0.054297072771367035,0.004136255135685783,0.035638596669138274,0.014728515240032885,0.0414551012785362,1.3506922798948309,0.1579819526581355,0.11876881033075347
91.778,0.01032825945733794,0.00027063154982058627,0.015355427608426014,0.0025007989998885234,-0.023900191434966734,0.0015418141284738267,0.0015968303706326236,-0.0019350228343239183,-0.007229189614779169,0.12560988297440348,0.002642703122798965,0.0,0.00512082866444165,0.004044228844156592,0.01962592896032823,0.0064141783254297756,0.001496332648699328,0.004817570720619991,0.0022685097808440697,0.03092422708482449,0.000877570670918403,0.047722599247678105,0.0436598883577971,-0.007614029824911612,0.9092036595683426,0.26531116067192195,0.10696065122221128
92.278,0.01814730650868693,0.005277166633199548,0.015565336255444711,0.003276496364398103,-0.015324307573453069,0.002296078372669825,0.005302198800209434,0.016775284695653297,0.009405480764548866,0.0807728647104137,0.0024692451163009694,0.0,0.011215971833205338,0.009586945455456426,0.016424656668214306,0.011975820479358693,0.006728347603492311,0.00379838411430426,0.0005161608443707104,0.021138041955635827,0.003845042648377359,0.04625357565813539,0.037294159442326745,0.014640422579451834,1.303411239663724,0.2586701878206354,0.02884546606891797
92.777,0.006337762119425502,0.007669362681938626,0.0113488378919763,0.004060891494340473,0.004864012734692945,0.0005223292033252649,0.005751116028582521,0.015483552719545907,0.021209313169444053,0.13292649828347122,0.0010410139563196683,0.0,0.020010158531713076,0.005676451329964395,0.004235781496037426,-0.0016110462481783658,0.002538536074931267,0.008638782049666489,0.008529973026317788,0.04468219951738545,0.005512815573078638,0.05989386625186372,0.024814245053902128,0.02747322921069634,2.295239455868996,0.21023070153691994,0.16633931124762816
93.278,-0.0005275974319009422,0.008113839116873687,0.014652606617946705,0.010182262280795402,0.07030751197684988,0.0014318929605630392,0.004090108993417623,0.002217256168900989,0.027931522894521815,0.07498797159748544,0.0021630151220687083,0.0,0.01579128064976138,0.007157881952391567,0.0038221263759018443,0.007778422836636391,0.007502575981633742,0.026968474176443092,0.014567025386064412,0.07825987849868057,0.009200027339643998,0.06475816535523987,0.03796349011752359,0.055378721381949686,1.6562701270135305,0.14859732572020917,0.10260211984162276
93.788,0.003216440248788445,0.005948941757524267,0.004950959558136092,0.00902924095929575,0.07371937506136549,0.0006263489614873775,0.004512936836399628,0.024876223794301103,0.02165122852146542,0.06449024175679349,0.00018466878411051887,0.0,0.004298078516324064,0.014400895338863483,0.013409278061987814,0.0072209952097421065,1.9556326004772687e-05,0.020785804610141484,0.015809519860380736,0.03555054340682222,0.003912090445133645,0.049413581232942774,0.012794972229127812,0.04934208100249039,2.4742172502062867,0.10616911993996535,0.10224954788921461
94.279,0.012343006731609452,-0.00021196075315345667,0.0055579310817507185,0.0005034156760882677,0.12871192628512862,0.00026101798946566646,-0.0004339035563435861,0.01518356927634318,8.338240736604793e-05,0.025589750168761128,-0.00017270505446298566,0.0,-0.004156329501648871,0.009823557494856848,0.017664719287123674,3.342847001651277e-05,0.004427902449019604,0.003308224364819388,-0.0010807383423210928,0.007827557453608247,-0.001349269507826126,0.02833209403875076,0.03712926874077971,-0.010674073238774708,2.158422159301599,0.12947122606983905,-0.03135840957363776
94.778,0.010302874588701133,0.004849200684287156,0.00897544434792236,-0.00010302281203029324,0.10779399625528546,-0.0007041860860421014,0.001726519107409084,0.01254070432148116,0.012401594955252258,0.07029646609680171,0.00036960823063655754,0.0,0.006583140169473046,-0.001863399576605777,0.015043870231303436,0.009354383425452308,0.003649279022102107,-0.00017806262307082949,0.004801449427797495,0.035654128731882784,-0.0034333337827687476,0.04970931283040827,0.013788104313169708,0.05767467944894257,-0.01881767350457631,0.1865365971002668,0.06946915117286451
95.277,-0.004225314996918378,0.007448689019333575,0.02072253310380244,0.010101742832120302,0.0919076493004465,-0.0008156653860806276,0.0009626759389922016,0.009533700486883828,0.02353613243915449,0.00042256071982441827,-0.0004741537769074044,0.0,0.024083705027075318,-0.0013620540827217894,-0.0010653328062478872,0.003152770645672318,0.012904608893723668,0.03451738116848124,0.017596619814297675,0.09260987229423133,0.005156791796311501,0.112059026046231,0.024821605947393646,0.054343473821301204,0.8723373946528655,0.029815368658580456,0.009096545498753428
95.787,0.0020292763425883544,0.007110988789629643,0.009105115121202925,0.009536872706709394,0.1049692709693576,0.00016639169646736317,0.002505936307628905,0.006646432291974418,0.029955045183028352,0.013195794625794526,-0.0006397373695343851,0.0,0.009410186534140993,0.008813609092869665,0.005073368040539883,0.005431196351528011,0.007320675847941118,0.02862735248410643,0.0168453935126489,0.06439870866275098,0.001775987791389077,0.05911544346225151,0.01878208034195871,0.056393869045498674,1.260952378240339,-0.0012423155830035063,0.04423502880319203
96.277,0.0027832359464879737,-0.0003500446747677524,-0.00687495038532536,-0.001371342480605759,0.14623772133253762,-0.0007623565631075243,-0.002153284598965834,0.011426046292182579,0.00018382433333164215,0.029928232639324943,-0.001525022671720774,0.0,-0.008477445767022381,0.0014779038093227384,0.0015377684978520284,0.006075646081878614,0.006094138146353125,0.002164482723185332,0.001226645323373103,-0.006858068825703712,-0.000272162411933839,-0.020388971365046877,0.0444153599397953,0.027937699106246223,0.6464565622446582,0.09424208722546425,0.02323765548561109
96.778,0.00951296902803512,0.0037814714973531346,0.01049732274761519,-0.0012421892523890794,0.08310869831624994,0.0005601614904110182,0.0007403115868611066,-0.0028523724513191675,0.004970759446679408,0.05011044267711622,0.00135753913824113,0.0,0.004004017843412204,-0.00323490353975168,0.011220592343046626,0.0044223081702228825,0.015296353944703788,0.002425179926780099,-0.002295121528985694,0.03984583890866309,0.0014447632842785566,0.014931191933899546,0.04759042971280152,0.0471913431631049,2.227507573342985,0.13703694539754935,0.029239923131186188
97.278,0.010352688841569334,0.0063744404355890495,0.0018665975339336464,0.0069493996183681,0.04109635878619462,0.0027181802245032924,0.00354517282273327,0.022540399294919262,0.03468999312078253,0.023373445592480054,0.0023988652091027477,0.0,0.01194123697332356,0.009319219722904955,0.009143083262016318,0.0020019028819370376,0.00665707107406234,0.01379102019957274,0.010440988631218449,0.04254405357747796,0.006479860645384319,0.03676862394403323,0.003445531198566345,0.0432243751967636,0.5494151235034432,0.010735552563167569,0.028651109798927186
97.778,0.00423124369516324,0.006481859607471736,0.00607246247278324,0.005660058206807867,0.12374265637117698,0.0016265352266307369,0.006173465185987879,0.014514074526323516,0.026266816583527784,0.015246094020087033,0.003203290616990072,0.0,0.0030657744150846943,0.00449402689571046,0.0004232657360133532,-0.0016524806503087988,0.001137028839954233,0.01601854207411936,0.01511590145030416,0.06018982940255304,0.008128605965359421,0.02701126748301651,0.0083197109579997,0.05358569558960593,0.4857177422756322,0.016640918899130545,0.058919803222516456
98.279,0.005297471833611323,0.005969939715608841,0.010019731202040107,0.0049163428764790115,0.1495141223511051,0.002386653909312827,-0.001536404383602786,0.019566456167657616,0.008956145494112054,0.008345195149049462,0.001250056476229013,0.0,0.0020539627437973695,0.010417534852566539,0.0019874761811400883,0.003207771495510482,0.0011719044922777568,0.013964517359852066,0.011757062610183715,0.0361214979237202,0.008127169078094095,0.0630495855608241,0.019262175003383963,0.033360038116862605,1.1866935543334098,0.06530513298850531,0.01011219117551348
98.778,0.017030723872226792,0.003189822972602684,0.01269780903236929,0.001962338065967642,0.13862011206374944,0.004181539297273326,0.009690206126970344,0.02136151977986034,0.004759513901386683,0.08411721159529315,0.0033456517628255534,0.0,0.002854545471559471,0.002001952165461793,0.006690483480346663,0.011945038813090683,0.006206524374827399,0.003920269253537567,0.0042083385318104445,0.003306485151261029,0.005034045643444835,0.07570866750665273,0.049897856819930655,0.017207411104620467,1.5414896808043776,0.16155194183647006,0.10482938521641182
99.28,0.015374806540532634,0.0027883881112976015,0.007477041508340647,0.00157339271193982,0.08341125077816233,0.0033717005177375027,0.006245199188410981,0.013990854228163496,0.010369539136527321,0.11208766571755864,0.0025713290482576065,0.0,0.006444910760084634,0.002949410296516863,0.013899903785913773,0.004086054880851074,0.003312294364977109,0.00011438898775896557,0.0045982622667182825,0.04210493468734928,0.007790318529407183,0.02847993767364926,0.009656438896426601,0.014395854784137175,0.6967531663713047,0.15070999453794126,0.15687201103066217
99.778,0.006853832790250185,0.004005347981582386,0.015812170551996962,0.006961534368410338,0.018552664708829728,0.002945608798185238,0.0033516276265829906,0.011669548111651861,0.02919128124760569,0.037468783521830515,0.0021661358082261484,0.0,0.007432830334929559,0.014305284032977596,0.004632993069829692,0.007519921274202299,0.009643007646593319,0.011929619014913344,0.01020481564674643,0.06589890648689284,0.0059941841049501125,0.08323978647215986,0.014568217388726202,0.05064716793808432,1.6475151878867025,0.07098472563667048,0.07024421002451682
100.277,-0.0028316612242268936,0.0049994888342480195,0.009932090317117307,0.010578734305256998,0.0018985174410818346,0.0017485058977110945,0.0017214429673036893,0.0028046152077950887,0.03371801663283798,0.004909671718197186,0.0031289946839447476,0.0,0.017048406577841752,0.004322748826187939,-0.0036450191483302086,0.008212881899914952,0.011335927081828772,0.029973658805553326,0.021749996320406525,0.047622193362205065,0.005754710251975745,0.09062977815125724,0.012724321684503282,0.026568864980331987,0.05067125505011329,0.018693978398489408,0.08634088741498576
100.779,-0.0009318445024631127,0.0007622676971756137,0.01123237956440727,0.003155406597934077,0.046915729486633,0.0009622623990899856,0.0013760840342143302,0.008710213653273657,0.014034032122761402,-0.004257131374414699,0.0022724393879411846,0.0,0.00035142001160896083,-0.00019702495285151328,0.010015801561225593,0.00010439176060688677,0.013904234177614086,0.014406950809223697,0.007846522859740591,0.027847216773193476,0.0028025284059702707,0.01467047202490754,0.04336311223302947,-0.0024999464233218817,1.6290228534391349,-0.019838239354701425,0.02173083332209426
101.28,0.015689958033046368,0.0012171255417008891,0.0034883914482973528,0.0017355265064698804,0.06950396598757144,0.0042099413902614916,0.0032442969778182984,0.00801283781348977,-0.007234015408469277,-0.037015392506541685,0.0059075695276203715,0.0,0.01285791201830422,0.003977306168038756,0.018856967939436513,0.006414766852801891,0.00908112139364325,-0.0015339104821166167,0.0012480619441953607,-0.017634393583912812,0.0019559299296576876,0.0019219207379200954,0.038825427656428525,0.005350738404436801,2.187163729874072,-0.06446435323114617,-0.005804194788214265
101.779,0.011887279905860026,0.006794595962708066,0.011929233370617486,0.003529163946926937,0.06236542778426037,0.002739167107597073,0.0050645029280548355,0.008890119862093605,0.020029703128693465,0.020119564912359337,0.0017666990269493477,0.0,0.011544170738190678,0.01216511905696056,0.013279015181602917,0.010938684059515976,0.003991282995440094,0.004041007316683378,0.0035499362749796476,0.04687008841244716,0.0021190948981794763,0.033897866799068685,0.02640935567785964,0.060445922145436995,1.4346171761082358,0.047512608957456084,0.06118594163784605
102.277,0.0032815241780094115,0.003968547382446667,-7.985160786169398e-05,0.005452869527777618,0.018282956592240183,0.0005127978429341508,0.003205465477921951,0.006174892910404243,0.036965771244756244,0.03976783560219505,0.0028595929226621674,0.0,0.005571117208339024,0.004315933491152385,0.0024461325453193163,0.003046673406553902,0.0022776526740974404,0.01891219280338544,0.012726219539736357,0.06887632317172146,0.00453193294053656,0.03058367486049183,-0.012910964031194965,0.07283468494194577,-1.1146098216878444,0.1134502499053314,0.05044196950890275
102.777,0.014889905076353072,0.00563528807812299,0.01592520173615277,0.006643881889152894,0.06365979844117274,0.00263743682436126,0.0025238365405733246,0.021577873975425186,0.012241799689835244,0.05150983100642704,0.0035683707708885275,0.0,0.015022684234643775,0.003369067144146385,0.012022798276806405,0.00420394686845168,0.010287866470479098,0.016322736517431345,0.01633095630400645,0.07049429784647905,0.007084243970094534,0.030948560303741997,0.02029135360155257,0.03906255683178673,1.0127491617682662,0.1440387730862624,0.04408104722048306
103.288,0.016303384573634616,0.0007906430504820358,3.105340305731075e-05,0.0012631357726457285,0.015248706113720156,0.002493160960282208,0.004488817025446761,-0.0037725021606338275,-0.016998677704644694,0.04241991285253254,0.0003293065427696953,0.0,-0.0020232080292210096,7.662081499775369e-05,-0.0028831587953026387,0.0073801402969068544,0.005644411784313838,0.008906679532441387,0.006560403105246166,-0.02660663533004784,0.0058587843798409605,-0.008167732190625072,0.04443727605532961,0.024031575299807255,0.21868304698257493,0.11649565298052542,0.021331580575010597
103.78,0.020258133952377938,0.002801549175724499,0.00016844048417619104,0.0020790259934485725,0.019477846503584438,0.002263095954131187,0.003975704932720805,0.016423880249174704,0.01888488900230154,0.016251453707039443,0.0025901280695881717,0.0,0.0110873937179664,0.005499366687426931,0.0032303940695180867,0.006383575134800766,0.009886311202959033,0.005413368839479186,0.004182795914912894,0.016479681711888444,0.00437315485399655,0.005043790345338606,0.026251503535805357,0.021433379480285338,1.0184922874022693,0.121008485533823,0.029540859588177752
104.282,0.011595772081136959,0.00977736434040257,0.012946089293262594,0.011179627373409579,-0.003858702995589622,0.003058964761455474,0.0038076008873262723,0.014763395832813999,0.03520394557958648,0.028689464651105657,0.0046462995352955505,0.0,0.020803223508269353,0.017571612368463416,0.008630206015144786,0.0041819308398592415,0.0020233802646142524,0.023888917594575673,0.018017444493847696,0.09618513113006259,0.004058098264271412,0.04300360165592982,-0.0012789187815409598,0.023316210353051058,0.8145457907857406,0.07372146614097672,0.04739520852056688
104.787,0.017147758104714816,0.006808920309473176,0.0017812311701999291,0.012583185225232038,0.038582358970508636,0.002361665609706729,0.008966795579143108,0.005141563172947936,0.02858915074143331,0.035543360479367424,0.0026597785266695177,0.0,0.03256549523129544,0.015124199452459925,0.0042866666750105255,0.008311969316797648,0.010992470096296864,0.023758553085457598,0.017495754977336693,0.05227794139245066,0.01081524888220292,0.033701705280985095,-0.0015201083667132774,0.047535738075428366,1.7415775642005593,0.04120693901010488,0.037100760973010224
105.285,0.012753635945972662,0.0009801552422847083,-0.0033605138176817186,0.007004617488078202,0.017757240314953897,0.0019053616052514143,0.006952017669540123,0.01117266373731206,0.007515892136048136,0.031209725066561073,0.0025536233652506965,0.0,0.02157303207686536,0.011564196424890755,0.014640866976833544,-0.0005423093389645529,0.003723428471020735,0.009629781125211505,0.01659092825754206,0.002938356368224068,0.010641222170684656,-0.032683984593420305,0.014298579181528517,0.0389278578890363,0.7148446302837511,0.08779116913596277,0.041860499727708424
105.778,0.015856250587233826,0.003937878124690944,0.006812457044074478,-9.130883454604359e-05,0.0521414175030209,0.003023141700673171,0.003238007364804548,0.030256614056460015,0.012347672227687881,0.03719298301731118,0.005158775368437815,0.0,0.003651719118465883,0.00863588825599576,0.015710165608262966,0.0005504100774546589,0.0051949472954303105,-0.009010370588355842,-0.0014360493628612012,0.013542339949350867,0.008289427314004387,0.03763169669799234,0.037750495595835785,0.011929222016680436,0.43330691624243795,0.09840262056139273,0.036227197613235104
106.296,0.010025034792155453,0.003759564718396133,0.010204226477717349,3.994715917277051e-05,0.055012452274729264,0.003935642127920213,0.005682563404798728,0.014211993745803815,0.0069903320224595725,0.05806908360135047,0.0024132036870667243,0.0,0.005209034483203802,0.003624803815406031,0.012983002239945456,0.00304474639869842,-0.0007582816854916132,0.0032460638766543697,-4.6793931773315e-05,0.023979615140470027,0.0014824564046922036,0.02215325082290324,0.05364846932567346,0.036230884758906644,1.952192259592889,0.1264104989391279,0.040087331968589136
106.778,0.008662516468232713,0.00815165937731345,0.004445665154340431,0.012216202470641344,0.0077380779898865125,0.003721468334323691,0.0030843556193457236,0.020770503698788592,0.03227100388334523,0.04393089174945975,0.0043862961946333915,0.0,0.00616058803015493,0.011256795328615796,0.010389932129270548,0.0031926329144231435,0.005177334624599863,0.026312872788659538,0.02446157536949916,0.06913883953514458,0.007192438330429758,0.005878003488117112,-0.003981982671627228,0.06898590476189648,0.1274056224166802,0.09150440571452545,0.013491791984381385
107.288,0.01128699963991685,0.005773662912799433,0.011933198233887993,0.010620613197717461,0.03302048436572028,0.003933779886835647,0.002928393454492643,-0.006574312641468731,0.028716633745307713,0.07750131896846787,0.006211477670547332,0.0,0.009203767304742204,0.006227714487960934,0.01128007248636188,0.007430291288937044,0.007867407066933091,0.026180595145768957,0.017962222738937484,0.05474544329483436,0.0070842071887182115,0.03228963798216205,0.032353082457347776,0.05925503077868256,1.7706802040830638,0.2111316005315609,0.02535346357456306
107.777,0.011201520627381768,0.003346703645581371,0.0075294735372726,0.0013308509071730406,0.0584511504074081,0.004159615324009963,0.002275624879517204,0.006632180502409289,-0.0006618162631670885,0.01951054327703847,0.002421848929533495,0.0,0.013967857108670616,0.0005731431199429425,0.010981152237348527,0.010482324369246178,0.002102644909593114,0.0016883998055342495,0.0036263388100688776,0.008785172137219504,-0.0016564739331443221,0.010137368598289643,0.039761060877723214,-0.0006356908072663171,0.4597330466602038,0.06374674352078684,-0.0009067215299591298
108.276,0.011259471881505003,0.007417227458777077,0.016017925984024687,0.005933863252819247,0.030338678204272176,0.0029379197252270115,0.010436221965974574,0.006252306107901735,0.01350158370694046,0.035517061170052266,0.0049340845082221,0.0,0.014255870154585586,0.0048110103162455975,0.00786583922997447,0.007824383763843316,0.0073011208605253935,0.015346397736662826,0.009961847428872536,0.06087839120682854,0.00491553661467006,0.04333356146202081,0.03491090331805844,0.027423235612089113,1.8673029861534833,0.16104450823199357,0.0277302624318083
108.786,0.022865403834903188,0.008636317653943995,0.012339555879906618,0.00734290616900953,0.02434257354665785,0.0040906322243721375,0.005321493949743378,0.001110090660893769,0.03192382880468276,0.06897103745985333,0.0027252824020307528,0.0,0.006097376436338077,0.006377829525639077,0.004103670377748877,0.016727471279589488,0.009186471146464393,0.016078454451227388,0.012952966089862713,0.061519285844580704,0.005849393872656007,0.0352501496927957,0.02978939113684521,0.04102129158509516,0.4729492803029389,0.15629292522492166,0.07593077709214144
109.277,0.00998238017199052,0.0049525983185279565,0.024608801952831657,0.009837085760970076,0.026968356202076684,0.0018396337807096651,0.004087144267257155,-0.012074871455542332,0.019069495371834132,0.041985919524063386,0.0015429022082158734,0.0,0.015539837348457772,0.007236303772705958,1.1410402108267433e-05,0.0084131389338307,0.014627007258049498,0.02520970966500014,0.016386888329016153,0.07098882572287933,0.006060062700125403,0.03612690804707309,0.05393759369000812,8.301243410141143e-05,3.2828898379321068,0.06257010227893033,0.042825762060123056
109.778,0.011572925558821933,-0.0022323501561492586,0.015034944997710542,0.0010979355346936016,0.01149009759547328,-5.859629071511067e-05,0.001407743953922224,0.009765708952166672,-0.001245647717440582,0.02043685536949784,0.0012676774411207736,0.0,0.00535848813719236,0.002719719901092929,0.008912151997893402,0.006085291158192763,0.0051506408157162824,0.00992994560059971,-0.0009122413499426635,0.0028629355749433517,0.00354855565151969,0.020650810635532466,0.0665959064896649,0.022438707874107292,0.918954186892393,0.20942197497713613,-0.03899865212919487
110.278,0.01335594652593889,-0.00020431264275476744,0.013530253852822997,-0.002227941788838737,0.0656739159590368,0.0018352653341381715,0.0028167666955337236,0.021185773051144642,0.0028147239462510327,0.04922776470290678,0.0007003441698697953,0.0,0.006818078847560523,0.00100570383450428,0.01174584950772654,0.00327835965476826,-0.0008856765891263924,-0.000693791407576759,0.0015745042815612914,0.012200406323096165,5.032520432126636e-05,0.014005118019585356,0.06257348215636509,-0.013867074110166727,-0.4498661085526463,0.08056554145438995,0.04642186244378666
110.789,0.021411158199130153,0.003665702809855296,0.0074825758557503785,0.0039085575085870865,0.1265393931833582,0.003637511496590773,0.0015544552040471574,0.024107099713017704,0.014000633556939323,0.08384808679929673,0.003759396288747983,0.0,0.016647514806832905,0.013323305659959386,0.012141615017798625,0.005361104965508597,0.0002948873221355797,-0.0018537277928157383,0.005490246341601692,0.03323686390575717,0.0058900162548191125,0.05064446545933519,0.021971787633208853,0.022632600301412713,1.8022832609109223,0.24513170560197073,0.01815065684670545
111.276,0.00970961278193747,0.004353270215116782,0.006557212629222596,0.006780244118266133,0.06376286010784431,0.0022592477272918425,0.0071885551914347146,0.008440699542415523,0.031415200080787985,0.07126622866140186,0.000621538141934153,0.0,9.580901360678285e-05,0.02149129185679716,0.013139049861327206,-0.00059035157887064,-0.0019217578020121688,0.011891889874317838,0.012837013407267535,0.043324717196508974,0.004967592933065174,0.031182696268262554,-0.005352949947442174,0.03713227785265143,0.35502322067023273,0.05418068892915291,0.10965475411611322
111.777,0.005250452760220827,0.002887935301925894,0.009310648554266674,0.008323598586208486,0.04390607678744031,0.0023166793246623997,0.004725792223443828,0.013057202440682038,0.022144583323840304,0.03889935257587219,0.001521167577285951,0.0,0.0006370481207398623,0.012433975553421977,0.00022428132510236937,0.0066205445592472136,0.006883636702548485,0.019311915612799827,0.01790663290675837,0.047434488982178544,0.005381621097321674,0.0471294773179874,0.02328319017308964,0.056427488476255255,2.5610307091583193,0.04687959827556591,0.038726693226161575
112.278,0.008304863031478439,-0.00013127209704183433,-0.002703150890794098,0.005016728562207825,0.08917066997304074,0.0015846400801950552,0.0030395413610116873,0.010592516488434256,0.014618302584143669,0.07703796060205996,0.00038176211800099977,0.0,0.005878284317731561,0.0053125962820149975,0.014795414265751688,0.004970634950593469,0.004427167260970667,0.008514184920059235,0.008722147396161107,0.005812108297413394,0.006180752916786029,0.026457449588582482,0.008423210318592163,0.04062965520587293,3.4028705970893958,0.13049860238095062,0.07952657161297325
112.787,0.0022972718065657686,-0.0016618755700871296,-0.008085031714127151,0.0035001685398654623,0.004587041988469838,0.001533055019458849,0.0021235194195365144,0.009707445237505628,0.004057667742382613,0.09998846454751902,-0.00034973523173181256,0.0,-0.001054955002194425,0.005081468653620154,0.017795679899622607,0.0034529554897423423,0.00053737130228778,0.0044974175389501094,0.01072894627433306,-0.00043895241314077744,0.0045155238299718105,-0.03701660744108919,0.0010429809316788554,0.003931146029578214,-0.1710793827300499,0.18297686002727426,0.0828973360490398
113.278,0.004779714722272058,0.004977225623791408,0.008821275579431548,0.0034446120506427137,0.04041935297864961,0.002368654693198403,0.0023843299899507808,0.016305288894916156,0.011474831338681341,0.06972856177770273,0.0012450302513918898,0.0,0.01029882314074256,0.005904355440080094,0.01227413267516394,0.006441099838348172,0.008911688908444728,0.002423549254114312,0.007628218307623893,0.013071614087314998,0.006016600300471729,0.014538237462554195,0.042747329257000484,0.0380693000123866,1.6272062994812526,0.15726604881328884,0.04775309879571273
113.787,0.009950593480162447,0.004471106159831625,0.011759800229195871,0.005357862224752218,0.1417406923711563,0.002789458270560313,0.004058756854696139,0.009660365509711851,0.008856216574260042,0.06082081446408044,0.0030109492865806665,0.0,0.012028971266921998,0.005760977248603335,0.017487323817852875,0.008010400274026138,0.007776878799294553,0.005630425927912419,0.009505796789766437,0.057264241025082846,0.0007381934596907362,0.03683531738207541,0.011936190599981931,0.0324576222339107,2.516327611761751,0.17995211132118796,0.04320086448419177
114.279,0.0006086292473685523,0.0036388058226570472,0.014435581098881633,0.006971980939575435,0.047098323732100496,0.00016589091714026784,7.290859714620226e-05,0.00014296520466510333,0.023990801408483187,0.03094298669277452,0.003434992085303011,0.0,0.018046889666612925,0.00763224252734364,0.0007775241423988503,0.0017785242026534085,0.007345887535209891,0.019837598589603735,0.014010199875482639,0.04385088542208378,0.005985177929534688,0.08114407621778066,0.013390997809908725,0.025219313479555888,0.008336276868862626,0.09748877472506463,0.04537683396986301
114.778,0.007165772564211084,0.000703695174989853,0.006611907841318868,0.007335356215928069,-0.011076510738413856,0.0011644931277536312,0.00037096727941015564,0.006631119820635089,0.0217609127421259,0.0815529825327356,0.0003746239714689281,0.0,0.0029618182492671184,0.0108517160152894,0.004480984310345189,0.011774469965634108,0.011451482031986347,0.01719462136188883,0.012750066068458962,0.01838439430615873,0.0015717317691674047,0.019329054461219033,0.03483866554312792,0.04757980120861779,1.3674829531487522,0.18616853530688823,0.06407181920114607
115.278,0.006834014209075063,0.00020286792804989265,0.008517403522209931,0.0003227814674365925,0.044656322743706935,0.0007317549754636016,0.002805274838571074,0.013040891782943776,0.005626692723284636,0.020756098313687934,0.002885853866374187,0.0,0.0009301716857662999,-0.0004703451069782702,0.01431887215155923,0.009303801571711394,0.010992108068084847,0.003198310905490098,-0.0004400730876794853,-0.010627523503239441,0.0010199225922537878,0.006725530698733564,0.060094037220854955,0.0034597330810718415,0.2051063081193153,0.04866497371603436,0.02179015708776321
115.78,0.008108079099185655,0.0022057367892647124,0.0103900411648312,-0.00040446222757079144,0.046309702274161514,1.4810773532943439e-05,0.0017350293756658332,0.005748698449611021,0.0006017618747662539,-0.026022989074343278,0.0017134490078944543,0.0,0.014025252903426615,-0.000220177888340338,0.007817158320390242,0.004460588374602208,0.002885072445789698,0.002273812473842335,-0.0004349724088580585,0.030779147714542494,-0.0047828420065954644,0.05876152938102337,0.0324864040255999,0.008847730450709237,1.7404651880049467,-0.03387434614550938,0.0192244000617746
116.278,-0.0025532111476352414,0.005006679354967665,0.009261082918692057,0.005665874704259482,0.050264170641564784,9.776975577151628e-05,-0.0011732490550529096,0.013766178510878352,0.03355680015889702,-0.0154208219205036,0.001720464796045716,0.0,0.0062108024061212136,0.007197947219815661,0.004892655277171579,0.005774634504977685,0.008738329557696245,0.014642417982076635,0.015853832794532053,0.0812498343595974,0.0004107017011034121,0.0491579014425189,0.007453509656416184,0.07298757392893124,1.3796597516164586,0.0024458249490186663,0.013669609513109937
116.776,0.01252599786562973,0.00488333704356979,0.01122298855622798,0.008971442749359113,0.0713824264209083,0.0012509407724898836,-0.0002624786045048897,0.010059606218047946,0.027464180462503044,0.04130538156618937,0.0031432207012460117,0.0,0.007691804213451579,0.007911025985377042,0.014798890034552058,0.007039761820873639,0.003263248639537436,0.02247751996250958,0.014404733829500384,0.0642140115031296,0.00019543855647460685,0.041493392792857665,0.007515250839191515,0.03133703040276072,1.159434892522488,0.062124093313851304,0.05226223680661207
117.287,0.01214863589383008,0.004595691582518049,0.024284642998538573,0.0075212403083607824,0.0581685953961733,0.0015170072994253989,0.005565280102067552,0.009224642339755782,0.01856838089112698,0.1026354385367492,0.002883511356816297,0.0,0.027281734567061507,0.006738977414533823,0.0107330791637591,0.0052054492582173225,0.00553090392303542,0.023405137301340417,0.012509050088279086,0.06409019492772472,0.004309710017308722,0.0830326951762949,0.044197764906613514,0.036325125693476325,2.5236047595590376,0.17587178670325126,0.10911316407126402
117.777,0.004844798229770348,0.0015899637662836368,-2.6836911827693244e-05,0.0003181450875351469,0.04429264168906697,0.002278849992288979,0.0015097984899306717,0.008578440183045636,0.004117984243155399,-0.021540502853758203,0.002394588809405819,0.0,-0.0019447476307565296,0.00606387579099147,0.01310255222328175,-0.0028841690536711346,-0.005046532320296512,0.00102118041731588,0.00618847722954608,-0.006408974915188559,0.0062923083200436295,0.0011672281058527788,0.03603979737807935,0.024552799364322253,0.45613693651962745,0.028296648121000936,0.00021973760830071464
118.277,0.008245100443181403,0.0042982700312087785,0.012292144161203049,0.0008691350190630009,0.032745574660837835,0.0015101453004270615,-0.002099231826818705,0.0009640712269742068,0.013680756931812877,8.968414486331648e-05,0.0011389005723983238,0.0,0.01667228631767265,0.0007679978564916958,0.01154663282798306,0.004692251390507686,0.0021638146211425853,0.0011991082701100478,0.003340033412438904,0.03680072263401245,-0.0006821897946757782,0.05509634553907481,0.01634695366810509,0.0470257817596821,-0.12134333674390868,0.06728455674564035,0.04116916711300333
118.777,-0.0011130933440971172,0.002539265130770803,0.006786162108578544,0.007719279621573599,0.040659289782152726,-0.00021380737545100258,0.0025676166715936873,0.01329756838226872,0.027623084104632024,0.019779333352794304,0.0008225406300035124,0.0,0.008180659247217293,0.00915892423885256,0.008445421575980066,0.0032797401953092976,0.0029243777078772205,0.019230268747331147,0.013561810842538376,0.06919548760401949,0.004226253564748843,0.01959583240434532,0.011456678113793877,0.03931822836769065,1.0712693870878263,-0.009740890586819748,0.04766335787383605
119.278,-0.0014166402482230285,0.0007284070442460675,0.002055423414328062,0.003623408192280352,0.0843725440013688,0.0011438037662401003,0.0019773341843450257,0.021094040612874725,0.01178392544617066,-0.013425589126303596,1.3005825906593094e-05,0.0,0.0008901344066200325,0.007981511843284753,0.011584349130927124,0.00018981856267555062,0.003965350791564814,0.015397994302195581,0.010046834996590624,0.02797508389132198,0.004552946622076571,0.0036019724654088713,0.02307263661723933,0.018092802683427618,0.5887771604549279,0.0003626874793505286,0.02120346367441555
119.785,0.007813786826192682,0.002867288438751059,0.009150245108823682,0.0035858415417294523,0.10075269791860533,0.0004743616014798702,0.00285082933117202,0.005817759654813422,-0.010632148669056894,0.02519502410071325,0.00027339785103052604,0.0,0.001954204142974836,0.002296682086083504,0.008811677914294876,0.016337309761323325,0.012716813210280918,0.009895727609639112,0.004866823634581882,6.462194316241223e-05,0.0016756650972302065,0.04791294452150848,0.050419255334554484,0.012730739870843456,2.7760447567791444,0.1045042363618939,0.03393732191025636
120.278,0.013166964862835336,0.0019531755044050873,-0.00024807716515590146,0.0009260839269005191,0.0348955303514599,0.002096151883283258,-0.0007408518774096383,0.018846122588434606,0.00027489439860803826,0.06234342445497798,-0.00013614721545084573,0.0,-0.006381836931596687,0.01048884902907301,0.007605047468254879,0.010994038507689726,-0.0010865018467462412,0.008976072063299409,0.0011781911714871332,0.0283434248328688,0.005672097626801887,-0.006979774137461309,0.026207778508775384,0.03087069961533211,2.4352515492683344,0.20791023213192406,0.05947947355388615
120.779,-0.0002779799964644563,0.0028657726646741416,0.0018693875344172382,0.003117524111702019,0.009123494198362713,-0.00011234324852115182,0.0023762052705665,0.00805929480914383,0.025649504913097542,0.06010485733940104,-0.0008635749514305694,0.0,0.016552505443043757,0.00112079213043957,0.0009459916877812358,0.0042002716709352746,0.0054509888082446625,0.0124631500538702,0.005839990656310265,0.04872373732045192,0.0008318209860621251,0.03286807140615145,0.014905202692472823,0.06905476733804618,2.3947914149475737,0.07453534367847381,0.03332635420892394
121.279,7.721428079289224e-05,0.005021593200598677,0.007177719435206624,0.009154196337225907,0.018672863318275165,-0.00026018183674951723,8.189642430539819e-05,0.0049098044015327535,0.027521151004211347,0.051672049261429896,0.00271504608560431,0.0,0.021178102070267133,0.012017741372859946,0.010828697549466224,-0.0021818444841918286,0.00455601830949522,0.027917242851583753,0.011436469795241154,0.05573664788574961,0.002261810330517512,0.06151418965063732,0.01383554906490552,0.050914027214776246,1.0723235460822038,0.08315061161766209,0.053691143623829075
121.781,-0.00817295034608186,0.002814612772726947,0.011357335576396156,0.006329093909226195,-0.004919133455896626,1.9701648358832914e-05,0.002656133389294031,-0.003522162055134995,0.017001485585467428,0.03099994683093859,-0.000577110602922976,0.0,0.011608761914191608,0.004543190829371654,-0.0026867048656303467,-0.003235485408385107,0.010187931782943336,0.02319093622994189,0.014261693912065653,0.058240732143148156,0.002452578305995526,0.06824092680862359,0.015621668351178536,0.02992642001234018,1.1845636489215527,0.14686636219082427,0.004076860699786775
122.286,0.0028769039587861196,0.004298475951547937,0.014421916069373878,0.006097392926850029,0.00762035641436195,0.0029553829000908824,0.00802591213164743,0.03716315890983835,0.0007906247399422751,0.008040493236065703,0.004955051972176225,0.0,0.023921000168903864,0.00726476139265472,0.015015525006606299,0.01164243218142718,0.004577763188212177,0.008586561633793068,0.008733142609684018,0.006174089709945769,0.0035254465071120032,0.06689779256707622,0.04650009342077275,-0.023689339648908708,0.1358565451256226,0.06704991900709159,0.002870135886006639
122.786,0.013143783118238361,0.004895332182408478,0.003962942962652737,0.0025946521737312505,0.08564605466306995,0.0045745559296221355,0.009870332711616374,0.01046759503469578,0.0034492189483130236,-0.0002306163725057605,0.004377835200409359,0.0,0.011582810415724442,-0.0006672229650313226,0.01353850947454829,0.010126838025628226,0.004262940428182235,0.005298429002275064,0.003373216557357143,0.00014864076457034084,0.007089069838711989,0.0275872529583454,0.034571954723610625,0.00112372788652784,1.0965329821819179,-0.028242869548170152,0.02290047319045539
123.278,0.009497720375141112,0.009554010944182881,0.013635262316871344,0.008926022551254716,0.049467326364674914,0.003379200922352341,0.008912892463284722,0.01630528008126527,0.024916092010865976,0.011290856975266815,0.004482533418959165,0.0,0.018276638320565714,0.015043854462121479,0.010842349134203202,0.007206885641059586,0.011412339292816178,0.018966775702759772,0.011098615341969625,0.06012532819880363,0.006408211455765023,0.06867984781345385,0.010417818770445255,0.06511602229600694,-0.9234371272894673,-0.012167955001892166,0.06869179433966036
123.778,0.0001969873097189242,0.006386243832922525,0.010238893645512712,0.00995692289787586,0.06879124895587131,0.002964066717564043,0.00870795950262627,0.014495063286148612,0.03455182659183543,0.05261585702311391,0.004315303975706993,0.0,0.01187972991038636,0.011819637106483349,-0.0005155062385262998,0.003706857049847893,0.0066288423592031995,0.03171568094510603,0.016429936179796968,0.06128049899305157,0.003394573892892551,0.026132162682878678,0.0027262694423949908,0.05425109379969714,0.5265167459765799,0.048828236848132284,0.06795752297781507
124.277,0.00070606837529442,0.003380485772406812,0.004303553297567995,0.008603154721563479,-0.0037685015948437923,0.0021436695222279358,0.010178994390165568,0.01096836750379978,0.015465049196973935,0.007820037144542455,0.002583663362808028,0.0,0.011586371221536386,0.0005317275921908939,0.009420175742907752,0.011816304506647292,0.009215858808428854,0.023619432179318587,0.01600751116278099,0.009182472656440186,0.004514224308982656,-0.01598914918947688,0.04609915051671455,0.017985548356890025,1.4972007926631654,0.05741923592012041,-0.013304317395390253
124.779,0.010934148117187648,0.003082436388268348,0.017382994500072736,0.0034974412439908583,0.047880105732560865,0.004294090170286005,0.005216184898854704,0.013691848571714607,0.00024080610628333954,0.05192610987432547,0.007771411351529158,0.0,-0.000230122111423912,0.009982409821662434,0.017624627720019753,0.00845316702323602,0.0027073168005034213,0.009411499997322461,0.005596067297365973,0.0012229809823930476,0.006590107244714814,0.025292548820637216,0.06421463099311639,0.031738893073883924,3.067344391642007,0.08217772485804345,0.05732385713665212
125.278,0.005998173010400735,0.0036712274826982798,0.008704445785508358,0.003998084563827314,-0.004489224453646969,0.0016635457432946843,0.007641173641896763,0.014000678431210462,0.007924502792803758,0.00876085480004966,0.0028292884842582564,0.0,0.004487455346651322,0.006932934826909098,0.0061870547351818355,0.008338446082151459,0.009194052518566176,0.012935796039324734,0.007551521588430226,0.0418091290415249,-0.001477428230697561,0.01709964208448434,0.022217306175335932,0.0007285794598683069,1.5888564698186463,0.10533990217886567,-0.018612327374515524
125.787,0.012718264270316014,0.008902139599150798,0.01824192123126761,0.01052026842767094,0.06325836082529242,0.003991543197048513,0.004249227512841679,0.00982099639615323,0.028037975030647422,0.018314313945096895,0.0014731284119412907,0.0,0.015740879184597042,0.013070452154495045,0.014053999127790368,0.01386670430576311,0.014491827579735023,0.02075712126790283,0.014375313659963777,0.0695510443021554,0.008526972265570686,0.08137157561350955,0.010552728989965324,0.06202735556260474,1.2002801507562626,0.07699926732896938,0.017296501000219112
126.278,0.008760350221267761,0.004114103967827095,0.011320274785540799,0.008249514508706639,0.05623077218649472,0.001553009777606558,0.005162696459583698,0.003909085740133232,0.01976055409760562,0.07928317651132909,0.0044311910361641395,0.0,0.009591853472845037,0.007156407302826194,0.006547514420914474,0.004730270729876107,0.010539190567620269,0.025920748994494355,0.012715827631018023,0.033548317286311476,0.004423281751899884,0.05765719887553963,0.021406451348010502,0.02691865384193064,0.9892494565679568,0.21632282340147144,0.077887138338888
126.787,0.015629534069465906,0.0023172548946911696,0.006363546269547138,0.006386608508404181,0.031051806970252113,0.002177322721274235,0.0035957211238386755,0.016352265492230678,0.020286648476802976,0.07811598173025203,0.0036040400441199097,0.0,0.01169015535170802,0.009966798718093639,0.010290483307851567,0.006101477864028535,0.006603760076027913,0.016188558375039748,0.010140206349027773,0.01655070411442582,0.0045042897978994564,0.05489280176742666,0.011006860184569263,0.041242631704722636,0.0631389555444649,0.2072000616305737,0.06697238087321361
127.278,0.011057300395713027,0.0030463048152206754,0.0018762856266849556,0.001527149496383513,0.09073090274484413,0.002118847890524859,0.0073444932993896594,0.012322552010310437,-0.0011483357729559053,0.0478092283602819,0.0017566024196293947,0.0,0.0067790778972598355,0.007475270521892817,0.0117110320966041,0.0023482934904738863,0.0049123481333896235,0.005915081624654866,0.005695617323650592,0.012111327665666569,0.0026169170971878665,0.010496891155647826,0.014250034215726315,0.009508479318498993,1.255167888662827,0.12581079168932982,0.04973184878048324
127.777,0.010816304653990381,0.00951493674241533,0.00716748370555332,0.006011990493912497,0.031322217444976916,0.0032625211376058295,0.006466017418358962,0.03558719624900631,0.024518722819426714,0.06464766502275512,0.0021927639506413034,0.0,0.01346833395682477,0.011966852186230028,0.004529194750507938,0.01151598337062497,0.00476565793401326,0.01435238041112781,0.008271131199650285,0.05121248203726639,0.00584395913524816,0.03273591083481762,-0.002624769362474889,0.07767089604691421,1.0062208606590155,0.2328028850738228,0.030829988974783232
128.289,0.015054258735393724,0.008622555704921873,0.007109502851455336,0.009672549341613523,0.04981854232249192,0.0024081440307986376,0.0044210886508573065,0.008488683565794939,0.03439975301855418,0.09068842395659732,0.0064083912338287405,0.0,0.01681291700580356,0.01255033193051114,0.002983596499441028,0.009978209532508041,0.015015358139874964,0.022264535037428583,0.01099973980914213,0.06976931336522126,0.004842552120738333,0.051735396211811634,0.0013926515058587303,0.049781199990693345,2.6797461493082837,0.08905606862295234,0.054406616062734905
128.777,0.008408137903508745,-0.00045401092035966806,0.0014039606540041717,0.0052337786480843,0.028400698334417416,0.0004197808696081947,0.0058142566626410135,0.003518989511216794,0.009335625852535608,0.05926335653202618,0.0009076769963561387,0.0,0.0067029327106807495,0.013040741366874655,0.007051228591767019,0.007262490276314931,0.007867824714842061,0.010997516373954385,0.007620967996945358,0.00041625272878080126,0.004593803755331005,0.03383877441027086,0.016509400426032793,0.004812773024831166,0.485372243351654,0.07852244157720638,0.09956063009835717
129.278,0.015123302230355861,0.0008311542690122948,0.00658657248170208,0.001866863094074703,0.11421332697282487,0.0021068738508940254,0.008039244548389366,0.001614804782928353,0.011816627029733854,0.04444396402473445,0.004043458220240903,0.0,0.0004887512100051692,0.005711614539567792,0.011237101284804318,0.007732863676555804,0.008252192642746117,0.0006544690154275239,0.003548890203423335,0.011909851388205904,0.003930760997326942,0.021906036661746446,0.02732209030484952,0.024938880624034328,0.9508131408981944,0.18874589446150633,0.008752205565819739
129.788,0.014395259917749483,0.0015176946463491341,0.0034532866171497743,0.0021011348091415556,0.04274880288674793,0.0037262517775107484,0.004637984903974613,0.01670242239646325,0.006338956074793187,0.009939913168777837,0.0038048581376100717,0.0,0.004535119514336073,-0.0018867686572961028,0.022557875866857556,0.006442372889049872,0.012684381789710307,0.00733032795985915,-0.0008850418405089604,0.016912644516741387,0.002352237524408825,0.03370964510504196,0.01781267023385156,0.009364928852097998,0.08528200361206312,0.08245811034115612,-0.01769108848570534
130.278,0.002195060858258765,0.00627273731906765,0.011426758774752991,0.005411963498023583,0.045978245473581425,0.001266606398375033,0.002379449372665156,0.002204020784429259,0.02058882390301126,0.022237002105746306,0.0022874225226216243,0.0,0.014648704127545218,0.007031871460476901,0.00020148642443986616,0.001699640229041408,0.010580087976711923,0.02152495735027806,0.010771314358043037,0.07590628850983619,0.0014021376501622235,0.09376151106260154,-0.007170763024483566,0.041320135507358476,0.8264262154778972,0.033071804584233304,0.030603683274445844
130.777,0.009215003518699923,0.009394958770376523,0.02501932687761545,0.011368577275484895,0.058582860429375855,0.0020149603298003763,0.007905481497311176,-0.006745043200160927,0.04047500534147387,0.12041924116726918,0.004456222345360953,0.0,0.02310252382697091,0.011115439932758707,0.00927132451293176,0.013521780401478483,0.015982430903740727,0.02980136830384053,0.01240552551507432,0.06231738349086855,0.0034709848837257682,0.081937575132956,0.054563718221385824,0.06257797255772513,1.6759696151670582,0.2019582359909703,0.10109252605922496
131.288,0.009419989039234232,0.006297731131744925,0.013933310310055493,0.008114571472942847,0.018041168561164268,0.0017554276998000544,0.0073691838346319136,0.013953220904958463,0.018511844235562406,0.0973103481073439,0.0033069021412387013,0.0,0.014237641445408455,0.007280530816018958,0.010551603117258836,0.013370768603821675,0.015630285391645373,0.01271525774129065,0.010346313909355202,0.018456119471071255,0.004806632870440768,0.07869667100272829,0.028577893029480533,0.05474617231885128,0.7809518276787023,0.14229039845028144,0.10137234413856264
131.778,0.016220048489137787,0.005429425550477082,0.017754328481255004,0.006681457607743241,0.11177283394005422,0.0022333862069476595,0.006219183693636532,0.02850585381676277,0.011596980727805144,0.10477097845987537,0.003892072642078804,0.0,0.008752289307255717,0.015611314782581355,0.028350617131452927,0.012106252512235963,0.016618469857700137,-0.000989469827637107,0.004608159562407867,0.024006059260199858,0.0004959477418939027,0.034597684632987076,0.05618601559885981,0.03726552604539118,0.6919782336410432,0.1521664906914852,0.10620878864853509
132.278,0.006297995080362467,0.008025864404985159,0.014586457875171483,0.004005326196890905,0.043344195757799166,0.0019257920122487612,0.0018357572087154587,0.017045911686637397,0.02668619830699957,0.05520474331278815,0.0048101170922220295,0.0,0.014863640669866458,0.0007221496096603912,0.016210011347958124,0.016664266394227058,0.015862803242392982,0.003577660735812863,-0.00020416324787552205,0.06933802454442385,0.00030270453555551416,0.07644225198957774,0.026963794031503202,0.02591363943400075,0.7877088773732048,0.12774012210026894,0.00969916211176565
132.777,0.009497078798047589,0.009220205185820958,0.01245900159791808,0.011660850121469444,0.07274568875890836,0.002776760558934285,0.006590690984989291,0.012594401217923054,0.025349954183166316,0.10773702797624575,0.0020969454159737344,0.0,0.020992939733166068,0.015883242599991246,0.015948416121426216,0.016014495995383193,0.014391455634260914,0.02025427148593732,0.013385406944748426,0.08041330207898427,0.0080164550697357,0.06696095986349816,0.01086536777620659,0.08645210193975278,1.2640031418185993,0.1967464822543201,0.09335393739665
133.288,0.009328315203826458,0.005955108477037258,0.002965789621565201,0.010465788010484757,-0.023863961145117362,0.000854266261718273,-0.0006987012191727517,0.013542866334320003,0.040436843095701044,0.05364871173673357,0.0027391869404178103,0.0,0.006043947705507333,0.01475292230767835,0.015883577439448165,0.00917051485518782,0.011098660261545084,0.022670999475595695,0.012858569230236955,0.051840691749689936,0.005427465800334828,0.0643696551205893,-0.007428384236897335,0.06085882967035972,-0.3107748883662596,0.06292490887638554,0.08812086289899757
133.777,0.013879913591739802,0.0029366888280725556,0.006598491487027385,0.0072612422977123454,0.05030710841626174,0.003277336281046381,0.00450440136629857,0.024010224265967616,0.02857332299119329,0.06984917148269609,0.0022326025862857597,0.0,0.009895225295953096,0.010959774598533601,0.01186015903150099,0.0088315512421375,0.01886270842625758,0.016829077942810366,0.005567805502298893,0.027390329712910878,0.010890297433815036,0.03738793589842614,0.026694022442286833,0.031755969610428786,0.5090051073583327,0.20759518717370223,0.03401952786406354
134.279,0.02296023221066995,0.0001224036886879945,0.0015689596907845515,0.003126075478714939,0.05939439003760963,0.0016173042291807418,0.004198800168576915,0.022453990981789962,0.008656152050409576,0.02373955305487792,0.002818807422742105,0.0,0.01222464921833181,0.00419857876343974,0.01065836968146604,0.01350461205495859,0.014943454434665469,9.332831798402533e-05,0.0016024219540589507,-0.0001886668809088869,0.0038660246242471314,0.04689927781453426,0.014627806087874595,0.037405287932966935,2.415951380700185,0.08044340882244455,0.027367485514738468
134.778,0.01743174454532196,0.003375752404632419,0.00784999051312555,0.007234218573002101,0.06936769800470395,0.0018780705992657615,0.005547916459900542,0.022129214306432606,0.034476993395584854,0.0768011463589415,-0.0003514343423701614,0.0,0.02041725049556577,0.0054109016537843046,0.00964145693954094,0.013878664545220342,0.019241311692392026,0.011951971134831431,0.0048992836312045625,0.05078631957055484,0.0007207359399099913,0.06928633763656701,0.0048113099919120704,0.0673423659556679,0.9166197764136428,0.13503443479318122,0.06980861732621257
135.278,0.022066848862168312,0.0027792074891059807,0.011544061870908244,0.008600758501944996,0.03379637890728281,0.0011399242583123505,0.004281902983630255,0.03817458565029017,0.04264657807157014,0.0872067500399857,0.0010429333227022718,0.0,0.028252907524792144,0.01761023736522334,0.005849016160429548,0.011299219277588849,0.005000464937061668,0.01094564415548686,0.014938748010194578,0.051926290293213676,0.002922160844818426,0.07553862790748894,0.006213123814575771,0.0728597347672186,2.021583129909197,0.13407281814534647,0.1080733017767252
135.778,0.015158098440194308,-0.0009287933484377314,-0.0015161265631849325,0.006413002186561749,0.04254151435719518,0.0002736368062884534,-0.004041156622348409,0.02008401723825776,0.025998819038048456,0.0625842634521837,-4.563851777840207e-05,0.0,0.020186893065052575,0.00771378920794185,0.008959606275337925,0.014423851751950616,0.006242147425656735,0.012123817075682245,0.010460287163308175,0.03931992184020867,0.0035911939964996934,-0.0008032945135113079,0.01358726984457919,0.025357746919947164,0.8234224215562211,0.11402316624602786,0.06758964337393832
136.279,0.02632136581935024,0.002996356873916046,0.011484374014350537,0.008374266897452996,0.05456638549814064,0.002979103787228273,0.0076942061024845715,0.027969483255698233,0.016354918849953846,0.13234769549015718,0.002108396063498657,0.0,0.02049397383293226,0.00845868768547571,0.014560308249121261,0.019630580222396655,0.013748818819743781,0.010659466119785766,0.009408910701449094,0.029664657341136536,0.005164981718535561,0.02419436240729991,0.03613538202216593,0.024492050161234017,1.6342753861337391,0.22820424586202673,0.10365464927462047
136.778,0.02652467270789028,0.0018524928216683216,0.008161169792344882,0.002262177948375418,0.06228959373954295,0.002987042291467604,0.006386772479081264,0.018237824907954232,0.019346094539566705,0.03525088943816151,0.002492066778618122,0.0,0.007482307249406784,0.0037825821294759834,0.01155181589221715,0.010283439108218637,0.0030341642995507286,0.0017853860497928466,0.0026204730107906304,0.021405936768596843,0.004445707946385027,0.057542508675735654,0.027283822897022504,0.032398544316932315,2.472736231862169,0.1573277144592697,0.0060325002176940794
137.285,0.024520832742173954,0.002718954227627775,0.004882948872225689,1.17059519585399e-07,-0.008447634298602905,0.0026052035545945105,6.451193949943137e-06,0.01755437184314985,0.011259900677176119,0.07111233511411308,0.002525043394032077,0.0,0.014213395266644325,0.003636439340295016,0.006351253359691893,0.003783949279570379,0.002689905378322356,-0.003658742202370434,0.0020337052762553934,0.025149157122972752,0.0009790332489244984,0.02838610751793212,0.016987767248681215,0.015767609216063252,1.7755018905158124,0.19382435638662,0.056144283123413734
137.778,0.004877368869534852,0.004124919602177866,0.006832217645290356,0.006300321518020771,0.004101689669356323,0.00037245274287436457,0.00040020696847629076,0.017561314784517622,0.03893681995322848,0.07754794344777913,-0.0004417793469743695,0.0,0.01885834656560325,0.006538379865512479,-0.0007771194745522078,0.0033957144799890257,0.006174814123083662,0.01741874383648728,0.012959713421509644,0.06731945131039829,0.0034478487037181357,0.020045062039500676,0.01787296114256655,0.04620531958252388,0.3968408738002351,0.23478894818922055,0.07543286835930473
138.279,0.02497442965603313,0.004169936578237318,0.015089460757484506,0.007676137505838647,0.08925598498684424,0.002888414366121433,0.008943160620372299,0.023635360352787887,0.03283754176521634,0.05143916221692098,0.0018673811359627827,0.0,0.02646472542253351,0.011471253849405826,0.003201493626984357,0.007989209280369516,0.006510572290911769,0.010577389070918179,0.013304743459190867,0.04802031517214788,0.010283514401549579,0.09025375854128019,0.009500861832568205,0.06075767616853774,3.0612188276665133,0.04961604049517075,0.06421671209376223
138.779,0.015293626751389016,-0.0020366862331940303,-0.0006832984301889654,0.004546539950020541,0.029540719086875583,0.0013690650920511506,0.0032109237931801623,0.01607905682533366,0.014817544902507083,0.06313679117859851,0.0019224229175808787,0.0,0.006897904046653247,0.0043175732740653484,0.017161182768064255,0.006485134614971472,0.0072172209434778825,0.010473914248414548,0.005554651684969206,-0.006647927850558352,0.0037332718083917826,-0.011532852166786164,0.027240210508800357,0.038370283593064616,2.932069930269708,0.09266369270078258,0.05271966665208638
139.281,0.020652715913440936,0.0005228506215071407,0.006595028822171563,0.003234509025756397,0.05340287979208453,0.0012844191614915582,0.009205881960929675,0.01794605136584755,0.03644591181296574,0.09496165411659349,0.0022418263007859458,0.0,0.018767058535742457,0.011844011455592768,0.02173240859273405,0.006435300169859775,0.0002189108768472565,0.005391667989055045,0.0018002126412287938,0.014266530144658257,0.0018085924808791812,0.017074480301656977,0.029898481668277334,0.015299102318128992,0.7942641940113355,0.16359481156438674,0.09075802600779759
139.783,0.02579436075006335,0.002064041452559609,0.011401166334926324,0.00023885143883247605,0.008906231155293789,0.0014492863400950072,0.0006399286111319287,0.01584104314430226,0.028796546512264334,0.08627806108905176,0.0017635523894054886,0.0,0.012269484000338487,0.005679293230302711,0.012272982442419188,-0.0004728665084198492,4.080650770245394e-05,0.009438485629236019,-0.00033721985121884745,0.03315790752509485,0.0026959262845262406,0.06754096535153087,0.006297376365044737,0.036076876574638324,0.9714572310398871,0.10075975578009139,0.1437893386778556
140.285,0.008515366144191737,0.005577106486055504,0.007409952465366198,0.007110087505474312,0.015313227103550677,0.0014639170404139835,-2.32243581495924e-05,0.02276286561271406,0.033983938122000054,0.026546586064058353,0.000766855878763711,0.0,0.020067319644103365,0.012725156151538592,0.016369138738649845,0.006146707071540245,0.002978260780190244,0.011523330786909687,0.012874268462209319,0.059233678120553544,0.008303861721046621,0.06638814013842859,0.0034920408402085755,0.09362916472780626,1.1490218576393436,0.030691053800697282,0.07596951233582117
140.778,0.0048140113531017,0.00014590110947151983,0.009701060901801718,0.002049815170464298,-0.029101103857675895,-0.0008400484304262236,-6.972808616228496e-05,-0.0005106881742104461,0.0033571895635098174,0.06750772460347808,0.0008500144286857419,0.0,0.01090929086403025,0.0008167658709937531,0.009311391616460222,0.005512182857641183,0.000460591231379769,0.010888334834670218,0.006779963534662989,0.005922183925770583,-7.878761096022205e-05,0.02571015707345571,0.04031723523526004,0.008963140953220455,0.49074634029161207,0.08102914639105642,0.0885155600333989
141.279,0.010816114628075071,-0.002244877333877461,0.012000321234851924,-0.0031253661240851615,0.06307425812132304,0.0005821212020770707,0.0016746989780233438,-0.004386803119145046,-0.006881549924208801,0.054807836313598375,0.0007131156400620198,0.0,0.002561124038222275,0.00072071215175694,0.003642856563417101,0.004956852365142851,0.004049540018114385,-0.0045809034533191755,-0.005781802067273619,-0.00023738262141762389,-0.0013700230621095063,0.05516564634931058,0.040825893097146175,-0.033548643511791376,1.2462435756362118,0.11509859158298995,0.051570455815120354
141.778,0.01418837926103457,0.002850167522334357,0.014314951109270259,1.3505603719788e-05,0.055260515259421425,-0.00017108861971032715,0.0015774186874825164,0.008920541610660615,0.009695847963590893,0.014697033769293915,0.0006721783934220132,0.0,0.0016402497655310009,-0.0016154532190179526,0.011399868866087735,0.005194070803714792,0.014236185252680326,-4.5354126750676e-05,-0.000174305329072079,0.019992856791515395,-0.0019597999930237946,0.07660453139405454,0.040665888164721296,-0.0069318564409634,0.0378012966509978,0.008044707919040758,0.04393590306003503
142.277,0.0042712340114081345,0.004284450976049273,0.007329447821522107,0.003963492404911122,0.022630030672784362,0.0007883659502840219,0.00735775136482469,0.016542984275505632,0.03170569329591744,0.03578692248949301,0.00028877744847076697,0.0,0.0055116529163979555,0.0021564260792644938,0.007841296416603846,-0.0006056361828097478,4.732964740337693e-05,0.014764666305398385,0.008989159889822155,0.04854091687905023,0.00018104073269619776,0.03416952425678553,0.001939802183193721,0.04912614758068965,2.4239283453599443,0.05270587190106315,0.03375040158864076
142.787,0.006823490156393082,0.0018526916964264183,0.0036077981694241567,0.0035377687931369486,0.07279188968891594,0.0006164876319876329,0.010142089618161028,0.007695058185975359,0.028829721746871,0.022168407523159364,0.0019728187710495023,0.0,0.009620830155812062,0.0057515664739849395,-0.003275803756543781,0.0017025551253901563,0.003319496383457391,0.01675847808762053,0.00512965735272303,0.04323191475240561,0.004942400227877093,0.028561056030244954,0.0037823845219283093,0.017241921384881117,0.7994370794387242,-0.03207241185653305,0.06720779601413805
143.277,0.006949713813910233,0.003437086836048179,0.012322414291285529,0.005468663974162278,0.0409557586221951,-0.0007939848831323428,0.009935785927983982,-0.002746372661780498,0.010581485483323353,0.029585477118495407,-0.0017719848904718704,0.0,0.011147830793203563,0.008242691040758376,0.004558672192349908,0.0027257771465528688,0.007313801287126193,0.01639735406600635,0.007237628039692207,0.01292556498003304,0.0028685009292098284,0.060400269986079475,0.03187324802479069,0.0316760936993232,1.9182891840308773,0.11629844766283075,0.012554823089040884
143.778,0.007740377133401773,-0.0022256785247212114,0.0006365075423870317,-4.321839885586437e-05,0.09583781271927866,0.0002767984793084545,0.005135932330665186,0.012668715155067888,0.0080613423999578,0.0009399086953352838,-0.0005747194649630606,0.0,-7.635765926590413e-05,0.005844437437224569,0.01419908761889015,-0.002896497089495367,0.004807689823873029,-0.0002647184025543844,0.0008273224892929984,0.0028832099123967062,0.0005543340784037807,0.0006112036785961298,0.023978022210379465,-0.01854467832122557,0.8901479704224828,0.05836167127057738,0.0010333869025339292
144.278,0.01099525729190992,0.004475455247803974,0.006495706693168961,0.0013306853706675946,0.07592299495768327,0.0012817500473407757,0.0033782654927441654,0.011213551980907897,0.017354837881988557,0.0009256803076732668,0.0017970893639931507,0.0,-9.509963352235244e-05,0.009134933440272087,0.013157185586565106,0.00504712723679945,-0.0030311070116758303,0.005823649315195236,0.003864858575783117,-0.002407051862268722,0.0023743986606264114,0.01694490554387454,0.03757034479182109,0.03219237052035609,-0.2310370085197951,0.0025536417095823674,0.02163680612005783
144.777,0.0003788641104019974,0.0006552221772108945,-0.002811627418808849,-0.0018642653240227296,0.03961848000124775,-0.0007831671455769514,0.0018617934996029133,0.011540933011120566,0.005191219816851059,0.02178913112151806,1.1409629444600517e-05,0.0,-0.003970940615194277,0.0032287869905707786,-0.0022415170374315146,0.0019146869622588942,-0.0003184807166875962,0.0011664302225049238,0.0016571886371489631,0.024288087109411577,0.0018087267012648453,-0.000548701140334667,0.0007002912784795207,0.03259829892215808,2.628329564095077,0.06664532140301099,0.021686406711122243
145.288,0.0028561469086154268,0.002252555367736226,0.009552978317048481,0.001436008973750808,0.03743439751473299,-0.00040305576628923826,-0.004783406998591817,0.002893062810371113,0.008073342942123368,-0.02489998282992897,0.0022070515456277776,0.0,0.016417243342063976,0.005304996804055181,-0.003477925296414954,-0.000701956262517306,0.0021123941443613255,0.008538847725451257,0.0026758236614609424,0.015994371147020188,-0.0011409842703648996,0.06387409267492884,0.019315946776077137,0.047552667812973945,0.043581944618138115,-0.03409286763630136,-0.0020662992969278228
145.777,0.00486057485435778,0.0041703646241460285,0.01201108183897542,0.006346579995413111,0.11543896461586708,5.9882041412299676e-05,0.002205032110067617,0.01825219104468723,0.01196742329733967,-0.0003375698094405617,3.6673558281334335e-05,0.0,-0.0005060334500255197,0.011382953220480727,0.0010831975345245496,0.0005126858620530902,0.01133256571340445,0.016522948028849665,0.008622363730853204,0.033573350532287015,0.0011913841166721305,0.0481762658403994,0.019150346249470693,0.060898692293660274,0.6606660074477557,0.0387122509368048,0.004503830848914457
146.278,0.011999400122779485,0.004121621179623294,0.01381580075181445,0.0018009420253895546,0.1255141771454978,0.0018083771561617566,0.004624067239021476,0.009836990326487507,-0.003158940165630997,0.02218827740158592,0.004340489343753365,0.0,0.008332935161262758,-0.00244897421024059,0.005044134263758571,0.003608916377031606,0.0038045663269567413,0.008383245070782959,0.004651837422767024,0.035499556117239955,0.003699757829974722,0.03756978465497917,0.031726367342891706,0.01654699958432475,0.07660187110684771,0.00015830663382193077,0.026774433752230015
146.777,-0.0003782280082556912,0.0019440907733431075,-0.002293578914243953,-0.003938182254089803,0.05133195779314729,0.0017389759389612848,0.0005722398614506039,0.00821054809297808,0.00997819269143893,-0.0329565398730399,0.0006423858503508465,0.0,-0.008891352117469128,-0.0005407346279340125,0.0041667102978592266,-0.0015043032648586626,-0.0001703899564507809,0.0022851440373672007,6.100792857598382e-05,0.014074069723605202,0.0018325452252323528,0.004908636945190116,0.01442025032606522,0.03588431992990842,-0.8341789125958752,0.007029575614410893,-0.06825843749899281
147.288,0.012485289430542943,0.004926962176807273,0.00831597274957243,0.003177406308459378,0.07743962617758783,0.0041541496427296015,0.0032686761772717267,0.032661119085608106,0.017314302543896567,0.10197236819157597,0.0032159408467269017,0.0,0.023763700926991264,0.005314559527861276,0.014528265082549055,0.005486977073096864,0.010241961975439303,0.0020193657882038147,0.0021205993112083025,0.0190264205464627,0.004329516056491194,0.04041165939059791,0.035099247479175345,0.01375704652369641,1.959930943898363,0.1139650603509488,0.08772711438730829
147.778,0.011322719444359003,0.007263418335594304,0.015272568339407452,0.008055744604859931,0.1054577380999849,0.0034187730848130164,0.00570077994619536,0.01455951247499837,0.027105807672474624,0.07042712391982525,0.0033546246832719226,0.0,0.016984512964579368,0.010868437529775732,0.0049250308487537595,0.007809923452004923,0.007809337484399634,0.017142985223205398,0.014110505706577098,0.08325588198104755,0.006406015767495528,0.0254790594221214,0.02168538159762849,0.0413800619949439,3.1081237873483945,0.09198877904371122,0.11319630125318621
148.276,0.008342665219663545,0.0031936045957206374,0.014438607114310642,0.007097452873215894,0.016898672877764365,0.0024659935306309225,0.008697501502307817,0.017684385897016743,0.02149533287918841,-0.019367438869839715,0.003761262597259334,0.0,0.005000624334737628,0.0022322354746918,0.008056530424887716,0.0070147690576958105,0.008262182138412523,0.019755456911329385,0.013442274503317302,0.025254877146809157,0.004576935523701434,0.06619469994809773,0.020387077521641636,0.033295331110390736,1.9957516350634443,-0.022314614846192786,0.008218550973250244
148.787,0.01133059824953063,0.0013864421655830341,0.007090896824732065,0.007255065452731507,0.03520288546850932,0.003412968376503447,0.003198291085134009,0.007569127008688427,0.02044225879341637,0.028717614253028396,0.002830305837423504,0.0,0.014075255427723286,0.010156690884502599,0.02119506309857996,0.0045752136929040725,0.015016977032442726,0.015506694420883309,0.011322864529648145,0.016175495726106874,0.008644292061021358,0.00019205593724825535,0.038479520426685405,0.027789302130770997,1.920972756864495,0.05957985893318864,0.01569432279000683
149.278,0.017180057613633996,0.005505794024716592,0.014363830235672413,0.0036317530687524583,0.07344005908060566,0.003300295797419861,0.006352532243146541,0.00904766831645687,0.003033438718463164,0.004304923802094842,0.0031593749107878635,0.0,0.005480596592799009,0.005244977235413551,0.027009284023022495,0.00440076061657151,0.009872738945367483,0.003186120137258585,0.006351047232810749,0.05003231762046877,0.004995447521848251,0.03289422708578197,0.016986727685699535,0.007265483666713374,1.8250962204424952,0.03861250564962208,-0.0013379977557416865
149.777,0.007974660207961337,0.008853894536338705,0.01926341759559606,0.009904798040759277,0.043611349084136816,0.004083280690996544,0.007805659980247676,0.007073456604762978,0.03061671465937126,0.04125216807354791,0.006829275792763764,0.0,0.015006583579457925,0.00820715403112385,0.0063762233905032915,0.01566670928538569,0.009934999856017557,0.017041355935656186,0.01882695311383918,0.06067398567672663,0.009595195052372503,0.0950313184946948,0.014147178594497527,0.0625141228229175,0.05419743984918369,-0.006566507253211718,0.07052479599501561
150.278,0.008318486418460775,0.0074371958846287545,0.018584336729919475,0.010839902762914171,0.016057896892229626,0.003980309420628775,0.0037310590751848966,0.015617147478218175,0.022470086177575118,0.07530004276918638,0.003326933969781528,0.0,0.007661424431490583,0.010199285054679449,0.019967358725324406,0.009413299751290084,0.013018748948614205,0.018149330391565664,0.01696674635274946,0.04379634269850855,0.009270045903962125,0.07266663115157115,0.01710745000147058,0.023614495759072738,1.5343333740202145,0.10335356887565099,0.05830017202557807
150.778,0.012596033269335049,0.006176314962702541,0.005221776440575912,0.006622618379824874,0.009885410708321213,0.0037063256693756676,0.0037121676936943447,0.0034498660420705747,0.0011135992312161,0.10075795226645742,0.0036309795703634877,0.0,0.006167605329767502,0.008479905538510146,0.017798824297294628,0.005829622489745508,0.008465101270924069,0.013439338062317263,0.010567722341839262,0.03499142834978545,0.00965110715419917,-0.009592606726678806,0.010907569915469264,0.03491634973641181,1.0071782658516448,0.09797889292699091,0.07164406649458097
151.278,0.024327159687666258,0.006925428010232603,0.012708697668526043,0.005215913769481311,0.04131203177631205,0.005371540776023141,0.009133507045850675,0.022319016350304876,0.00649008201506265,0.137716953980296,0.005326028356620862,0.0,0.00447992356114339,0.005824709004634093,0.022003398053023402,0.006928565528157488,0.013982401003942496,0.0059980384888521825,0.003615484951192632,0.009727820160788363,0.007742930104010306,0.04521776876152883,0.028021734445336104,0.044026054120491875,3.3435204318784453,0.24018833710266263,0.09859831610536628
151.788,0.012406999962835126,0.0054713982090534964,0.004783546382601316,0.0033830049738701306,0.05157178073064937,0.0028636784763590535,0.005714523748612381,0.014535088332556434,0.019428135308651978,0.09731658011359702,0.008045153169472047,0.0,0.01737677765368629,0.004792779870384147,0.01706288688340685,0.005948005255120016,0.00789846263952114,0.0013349344297291486,0.004184637703359906,0.00715366313307836,0.007499995468555419,0.008017914362051222,0.030359145970872213,-0.0008559354694933224,1.1206989354748584,0.14714414613456034,0.11294277452086737
152.277,0.009472069761956371,0.007543534338586409,0.015310433990534254,0.00904703039893451,0.019477979638198542,0.004738033508794413,0.007125901028828008,0.02089794508220039,0.030625291537982626,0.03336572218559555,0.002935300963874488,0.0,0.0041361466309954905,0.020471911852443972,0.005721135191277945,0.003973695540242933,0.007962091109273442,0.01683262246252543,0.013161185219728425,0.062332902746940866,0.007407323738104333,0.06529501214118848,0.01145907827675249,0.022267204416468858,1.487407032092128,0.04908975931561,0.06469645389384446
152.788,0.002237983970534567,0.00662092147654134,-0.007411383732472747,0.008249775662964212,0.01095342495734646,0.0034107498228577093,0.0028406469566954248,0.0034311660663232913,0.018136068668195303,0.012727652620141151,0.0006585204970459483,0.0,0.010759275453795918,0.013448446169862927,0.008703400852632031,0.004886025612955101,0.007590150207067073,0.014954051363303652,0.012590259034760565,0.021882444652037727,0.00619316705308704,0.021448322711993678,-0.01728157243474936,0.04113576027876789,-0.9046001447399306,0.06335812711390403,0.018165873172457225
153.279,0.0006429879149813669,0.00735642450119714,0.00334172335885115,0.0061081366287761025,0.058716937142838994,0.0027644921627841762,0.006227014085391274,0.011415409905848216,0.022431323223560805,0.03803443631639643,0.0027784775596124997,0.0,0.0024495852543188036,0.004686872928786317,0.0022191220860543663,0.004509583261279881,0.010111920316550796,0.022187638356127325,0.01191449002554044,-0.0018714304030088688,0.0030388400141306087,0.026384758460213476,0.015837776325808437,0.01647510326030622,1.6979542363423723,0.06716390434962521,0.040415184420029296
153.778,0.014856444133590652,0.005160430159164017,0.013650735125674027,0.002185130270816552,0.10988641932359992,0.004529863232554563,0.0047637760627041725,0.025913567262070888,0.013766645343200065,0.08337472501804342,0.0045731882112660625,0.0,0.0002340319608814908,0.008257585391162928,0.015267325851385185,0.008327839510090002,0.009639516683079597,0.0001299313788018206,0.004938489730151679,0.021447571263643966,0.004736952748376811,0.03643845606155977,0.025257310693768634,0.019822840341154536,2.223595272147919,0.09837279917462499,0.08200328858682798
154.279,0.012985764293727034,0.004610537566202091,-0.0029600795209028963,0.004279099020532148,0.03767115985937978,0.0031735540740604187,0.005851731418539567,0.005218646359139648,-0.0037820781977131817,0.017988042419222913,0.0013026957909661973,0.0,0.012761335608192223,0.014195848735313403,0.011444330557647245,0.007209349782867117,0.00607328881553863,0.007183350260401967,0.004194117853711879,0.012325940896727738,0.0025198845062425973,0.008822810130992776,0.01003563450761137,0.029535887455296686,2.2284464754526785,0.014888172962311123,0.0445161177482371
154.777,0.015181491260503211,0.008222573675422439,0.00021574257779789115,0.004167502150558107,-0.004085825826955445,0.0037681551542897026,0.004248309743152951,0.01913238935257984,0.015560585558080861,0.05733006772784474,0.003103339534877346,0.0,0.023253511933045732,0.008688840633070006,0.006175022972047722,0.008633541397668457,-0.0019602764813059755,0.012429370058312888,0.008704684057075751,0.028483600793235357,0.01043657880196523,0.018974000860496398,-0.0027914925461917208,0.036642908664844126,0.315380805148858,0.10797343077154663,0.04370326994303867
155.278,0.033458295996734916,0.010310015777083547,0.024811482824963427,0.00866833208756407,0.07997540167232046,0.005068579361653581,0.004804957924890835,0.01676403112343412,0.034891614792683934,0.019776704567313372,0.004499918964338003,0.0,0.014924332391180845,0.010090233330815056,0.013022529734045352,0.0017460401018367093,0.01272893566999159,0.020775880536966957,0.01187514645894577,0.07785790936118257,0.005765088859259955,0.09739432305599299,0.012988401857612008,0.060298398116315904,3.1339788919656244,0.09780233646882977,-0.004511312954672253
155.779,0.02787080483252912,0.0032251262583869976,0.012196698483493619,0.008785872896964171,0.06312564592138595,0.002172278471067868,0.0035256464027574874,0.018693967397767984,0.01965606742331913,0.051509695696196144,0.001897599589022807,0.0,0.023370466360547456,0.011051729933382881,-0.0016926520765747092,0.006814236652601773,0.01187233216182722,0.020939233494067816,0.013498829398567202,0.031746193053273655,0.0041486953010016064,0.0516340269166998,0.02800771307178088,0.04703444005451212,0.6339464132208569,0.14277862038932632,0.013220474961889514
156.286,0.02976962366513781,0.005377436457508506,0.013674700665271466,0.005057743719351609,0.06268794358880674,0.0037403132472639796,0.006986317006992601,0.003863043679571545,0.01196022734068919,0.018523220929362854,0.00358585437594339,0.0,0.0004210442402579859,0.0076362362525969315,0.006015890385606535,0.006483728528381185,0.009783527990818492,0.01665776236573687,0.010995182066547544,0.014533498850173673,0.00809130970168746,0.019796188918725133,0.03988656189669529,-0.0010435341767287677,1.4507454096390007,0.03308580463605058,0.008056081445787223
156.778,0.030813415745148544,0.00047192365168575014,0.011580130140256441,0.00012968590201107395,0.09269721981517537,0.0026991804290501463,0.00015063763820780644,0.019339206503956017,0.007769901853526935,0.03559899415031449,0.004487885367493273,0.0,0.0037135342191944127,0.009616738729506441,0.0155866263884215,0.0020689069555948686,0.005720528178053391,1.5874016357874335e-05,0.0035126163705090255,-0.0012356749039300126,0.0039308217473093595,-0.012066256060135894,0.050566789885210926,0.020782058338158754,1.0763894924386743,0.0798201233421396,0.007392771494311411
157.277,0.019184624988323164,0.005687669848713117,0.002328190966172903,0.0017673738613026844,-0.015238438229808794,0.002234852543145938,-0.0023107051473476863,0.016214112911625857,0.013905757165279916,0.021966172607456314,0.002916812153329461,0.0,0.01293418173153189,0.00661346081814093,0.002980056005337715,0.007415769845747433,-0.0007038331197937686,0.008891162302601273,0.006254258896724372,0.023740215804690958,0.008986788560543338,0.05655165131171765,-0.0025217549877359913,0.050236075887068764,1.8382440492750387,0.07027355292883865,0.013585783633475793
157.788,0.020516621176048935,0.0067462553120454195,0.01565712344321522,0.006239029757194588,-0.0012982968241759415,0.0035244177669084575,0.0019066905751642974,0.012639245197805127,0.038053647321839704,0.050826422550413614,0.003495235140037533,0.0,0.013986038968526378,0.00998326256274077,-0.0005535879543913483,0.009054505488011946,0.008609119971583184,0.016554681733214824,0.009742932332525288,0.05223688333565104,0.008322817066707101,0.06246337189958616,0.008196750421057159,0.022076579590809633,1.5882035183771797,0.06452950613551015,0.04300124575892352
158.281,0.012103042212815919,0.0014486957558141331,-0.0005547666286231487,0.006263613224552458,-0.025998633044130588,0.0006802978950399632,0.0038769638091920534,0.012474466393722497,0.025887630604953218,0.01734545053814562,0.002603126785465908,0.0,0.015509139915010312,0.012438153047614742,0.003869538409088156,0.00021229237941597053,0.007525142948948005,0.016456685042386,0.011385902791272644,0.03538986024641968,0.007189478448935283,0.005235474080116239,0.004978881162034314,0.058389899152596625,3.1070444469715905,0.08745677543023757,0.05570534257041498
158.782,0.027217094654012095,0.006075554830897603,0.015528558208549457,0.005889603068825812,0.020371687076652916,0.003964317946890004,0.006296464173732894,0.006583967113178607,0.015446639673215667,0.01994746243137994,0.004738957940409642,0.0,0.005076711810280606,0.004925652018921987,0.01731530186880979,0.007418299641271927,0.008985550748064066,0.011624617659245507,0.012288430261154863,0.0109676428899514,0.008184378357115251,0.0002866462121059174,0.04866531932895815,0.0007881737834564171,1.6602012246521434,0.040024930621104286,0.006194992985986743
159.285,0.02811270793720281,0.0026046358776230347,0.0030539018793024116,0.002010002773309113,0.11632899381739309,0.0006053074526166218,-0.0008870548091975807,0.023077805604459028,-0.0011583999615954327,0.032024748866510896,0.0014852011897446163,0.0,0.008403504103164003,0.011642280702874144,0.006331676559376216,0.00494130424179774,0.00814887647318252,0.006273634575479297,-0.0018362634472002203,-0.005171007342453563,0.00036448186207142753,0.013800297298675055,0.0370258326785604,0.04696932651963607,0.8892029706510713,0.08611672910169531,-0.026681956884015194
159.777,0.037884985367897854,0.00581483509090454,0.015785807253396456,0.0066320274697223265,0.0005048932094017363,0.002559495295186138,0.0032991029143871887,-0.00811571721422871,0.0260400233043717,0.07559019734335465,0.0015508970435288284,0.0,0.02077168785877207,0.009571454254990291,0.010029804337088222,0.011628813536023,0.017439034781957106,0.012219839228567717,0.0033715314134884363,0.05784214312879938,0.007864503006896314,0.07004502297043919,0.029004137792073607,0.0484138364697464,2.1631460999960304,0.08613772977889327,0.06704241773938614
160.277,0.04263436767522724,0.00951871809993948,0.007743972062948814,0.009175150116286732,0.018582041644350466,0.0021835036338062916,0.003620534036478177,0.010904741590259871,0.029112949846657066,0.053124484029337865,0.004471873169525239,0.0,0.014570215145662152,0.011268274669948543,-0.00047912347448824955,0.012313729650431907,0.012050732855779199,0.026309190423497202,0.009885877994365504,0.05198184554189931,0.0033534938237141194,0.04729579090131299,0.008359584238299007,0.03823608262032891,0.8905154587889872,0.07803057837616229,0.03483388949779029
160.778,0.04284837261861914,0.0057891083541016745,0.005391664022568378,0.01016994545512988,0.07017565093571183,0.00045594188209738794,0.006759382477923544,0.006111775335106447,0.02789782961647752,-0.01756161376417948,0.002819533737289069,0.0,0.01760941342086268,1.3317460866349933e-05,0.001943012712280287,0.014926314150074298,0.012180662975385281,0.026730108142171173,0.014120805152107703,0.038405545913497714,6.980018953700446e-05,0.011798154301724918,0.03644888884383135,0.06285418989130477,-0.020379808859440105,0.020157843496100513,0.00025978658504868595
161.279,0.03119635343802213,0.0016850119989173659,0.02588756563646673,0.00759499757979262,0.08351072193996079,0.0021199558545413983,0.005759914124836799,0.0027213100768555994,0.008256089427489384,0.0025447597926095116,0.002641104048940036,0.0,0.0026890941108859913,0.01358008089504074,0.006808872047352978,0.01201509502389995,0.008829586044472036,0.018306318052682066,0.008080926548025055,0.02847971772372522,0.003906271964616782,0.0818175933759137,0.04453707415608576,0.04152990480591599,1.544543250463514,-0.03192717046379437,0.049163810668112984
161.778,0.026076301967141207,0.0010640757151914348,0.015215659689176136,0.0020842163845182097,0.16133481500998959,0.0024928182112638237,0.006559551818772514,0.014295676302846215,0.003492459886582623,0.05491665552248913,0.002266606843593951,0.0,-0.0005381079622839231,0.0122573548341775,0.007514605352330754,0.006259736329625808,0.004109428135688906,0.0038551701686209156,0.007291849633543727,0.012132373762432392,0.003818061609033808,0.058710967004107155,0.03235147594767907,0.06381135454897123,0.8885431177672967,0.07762756226127686,0.07331186251153544
162.277,0.016280011715149555,0.0014031353045380935,0.013804757913939055,-0.0024644214649835795,0.056678931931124304,0.0026632052088606676,0.0005693963528687028,-0.0017746571584871874,-0.006707809792068476,-0.008724578877291018,-0.0011520229738461207,0.0,0.012442308928720298,0.0002567455891469585,0.008360137771944566,0.006235176745887337,-0.004900483084808738,-0.002144361068186802,-0.002718442537286657,0.02532531322767663,0.003523941600822898,0.03904052155622629,0.03767297197628348,0.031671358967259505,1.1095056336256093,0.025151664602783484,0.007328702966869008
162.789,0.026124698665761448,0.005633261802714824,0.010015837840930913,0.0005162692559632741,0.12567332089355762,8.424494295170304e-05,0.00020380762126315946,0.005172623554827096,0.014185586719761185,0.05386257045602796,0.0008550619472945559,0.0,0.016075449887117555,-0.001139539013782367,0.006502252690188164,0.0029541653748197667,0.0057522995356462615,0.0004991581687282479,0.006803803052374599,0.02197658127211887,-0.004128345656197571,0.051045121537245455,0.028552818995179027,0.041246876196434974,2.0479820881929434,0.025991326295875847,0.06301418264234365
163.277,0.01090351076091346,0.005555435863272986,0.012208428164932094,0.005233912810628034,0.11100793360179458,3.5531150602093184e-05,0.0009262806823534292,0.010208296706547347,0.027781423066478555,0.04556868283927872,-0.00038208286272514583,0.0,0.007223074719669241,0.0038857320009938892,-0.006606292862100219,0.0042808446216158836,0.009043609937568087,0.01976473322451618,0.01492448009064279,0.05026025220297487,0.009077426815115336,0.0774543345987269,0.00914060149346695,0.04077913344006798,4.01308547883853,0.03737498838256868,0.06566316056185333
163.777,0.02371613439265975,0.003351235295127601,0.013018869485339023,0.006400996109698979,0.08449904383877008,0.002546659726006717,0.0043219197321377875,0.014557914604689472,0.004069436897470343,0.0755196750467128,0.0025319727332078763,0.0,0.01023378652321006,0.012905886533103757,0.017540896669616477,0.002656406622180559,0.004558783429327941,0.013993887560182659,0.008466160410603803,0.03518604915474766,0.007919336142482048,0.040443721254292575,0.036991083102701466,0.051754260670350674,4.474190226213099,0.03961341427127209,0.11326616788169638
164.277,0.011026422888802638,-0.0007639081495153602,0.00014790812477074946,0.0018705819043480297,0.14067764985282316,0.0024755045671980298,0.00014743921757057733,0.006492234456111343,0.0012782967069967413,0.127547041771507,0.0003281905782058077,0.0,0.005156526655772417,0.009828003713741198,0.018187239293480654,-0.00029696754639925026,0.0009654141600812467,0.0014897322826750762,0.005080416350980732,0.006085163595243622,0.004357877972117025,-0.00208611301800358,0.01681379068447436,0.02538553534395556,0.20709621184016888,0.25127603902393064,0.06983848530129128
164.778,0.007751004729156158,0.00631131293050869,0.009993973701234464,0.0038628529019380316,0.0607064620768893,0.000329776057743158,0.0030112325927871336,0.00486171529985819,0.006309583961986426,0.07440147458007582,-0.0011267555339071285,0.0,0.014136272795414169,0.0022522804083168475,0.006646488352453914,0.0013251519427903286,0.015044243176142408,0.009821628018200784,0.003841737388348966,0.05292735041002115,-0.0016862798662692893,0.06433881840247997,0.019215144662214308,0.022498620761337244,3.411602705058709,0.07462443441886192,0.05856117163549224
165.279,0.0069055438365681005,0.00776914726467526,0.010078706545106729,0.0046427234029973955,0.0249401240541726,0.0015716939907176272,0.004646883950474262,-0.009987180174513688,0.04101898093124275,0.05302414695996562,0.0029672801195880848,0.0,0.006839223155500599,0.012340481188466581,0.0015659947226984118,0.0029801608006191312,-0.0004503704251998612,0.0177058335680978,0.01405821207930661,0.06729381536476631,0.0033689076879962884,0.05539622199263288,-0.009301272824884035,0.029564252764558666,2.2319311717312913,0.06189556065116629,0.0312797552950197
165.778,0.006337665928865977,0.003830402615972142,0.017594446405965525,0.005199027500612225,0.04649140910924447,-0.0006407947307328454,0.003653534424529664,0.006703356820259313,0.010191823164711117,0.08484593064880565,0.0026332862351114267,0.0,0.009302952521661578,0.004394302917553041,0.0034942637572786444,0.012269594664597736,0.01506052230948727,0.017395363673290885,0.0064379149129137276,0.04939788734956198,0.004625513630600123,0.07354302873764103,0.02704821486020156,0.010627496884073231,6.781234741932314,0.07140302148512787,0.1143632165987367
166.278,0.009829543431684622,0.0030152634068011056,0.01118565839275748,-5.595937152610276e-05,0.12150961351159054,0.0003592916790189661,0.0032886996998149616,0.009936272562352425,0.00021115585495343377,0.10207992365419143,0.0037238248389944023,0.0,-0.0017357861135115303,0.00373976656156642,0.012608875145946701,0.009180945580436715,0.007586290068559266,0.0003647560118352158,-0.0009312517917651932,0.005876755389036119,0.0028428927264941197,0.014738491285091205,0.04897677691117621,-0.0292408187300702,6.202774429527992,0.1875104500859432,0.07193366144737667
166.778,0.0013542828661442998,0.0028512171231099095,0.006848966665190166,-0.0007220985758552099,0.1249089885158737,0.0012574555692086533,0.0036072535107161676,0.020881150764800526,0.00916178950565089,0.0912576381164071,0.0017411573548154816,0.0,0.0009514108270360232,0.0015747493634551575,0.005048723336714851,0.005336698721016877,0.00044198032000134055,0.0029574839404425193,0.0016777110896231064,0.00855024967658835,0.004200275347015051,0.043190912175241625,0.030887984344891945,0.0016889492206108012,0.9200589564282846,0.11003738756327971,0.1119097736029518
167.277,0.008548995434270757,0.005975059592970579,0.01372898213854363,0.005347577109013033,0.14542272309704415,0.0005204261433193216,0.004855344829157289,0.022117225602040477,0.03671749427166967,0.12460718696454247,0.0018683861667700306,0.0,0.018126413247502852,0.004227876552692919,0.010183155750637366,-0.00428019336894887,0.006197682720423953,0.018695070551961252,0.013018613268369821,0.06338091922701937,0.0021918186909719345,0.0628714190722278,0.014138350186244368,0.05452988838881372,0.7454085166105023,0.17379808860471524,0.10409852597894925
167.779,0.0023910753867137043,0.0037389108330939274,0.021712767149668938,0.009330393218485548,0.11192164042892727,-0.0004160065250903751,0.002592541496640068,-0.0005864448747957162,0.029662412795274876,0.11299790375027123,-0.0003644925026661008,0.0,0.014765380857847314,0.0060422802091755785,0.013684353797273903,0.006274704212333489,0.011274045469496497,0.024140434637065538,0.014770053519029734,0.05572409117479126,0.0019287847187616956,0.08527230618205744,0.01887770766503235,0.01990144729024827,3.4990557693447695,0.11215882156456469,0.09222558637853048
168.276,-0.005876987503101168,0.004391310047893568,0.0016391994206301037,0.004669250329180224,0.1168332236398321,0.00010332202405197403,0.0006288210599512817,-0.0016442372737928896,0.0329760097964625,0.0696564898011318,0.003266688626013085,0.0,0.005588488856547657,-0.0006905040560732224,0.00027292839366820445,0.005368414948203018,0.010238924489587664,0.015126905481805517,0.013148777221576865,0.01231329694120942,0.00043553973884826033,0.04119535447079809,0.0033233023213876316,0.011838180743390221,-1.0297679269825861,0.04949095049493297,0.10866311168868327
168.777,0.0005763834732825436,-0.004559478369270918,0.00900836932413734,0.001177363684423526,0.18456441510645843,-0.00014317987348470092,0.0008216803838672326,0.010923641339624339,-0.001715016711326545,0.029928057827013688,0.0028936700990383254,0.0,0.006489381215130506,-0.004947602254717557,0.009613169688517895,0.006195304297472565,0.0062329187834123485,0.0009580951177052557,0.005570528708073449,-0.012652948552436566,-0.0018671664520605706,0.031834000908017,0.047087669986220375,0.0006661301717648807,0.5018819170832438,0.0654900807880391,0.022403175036638155
169.278,0.0002777530381978263,0.004437505236544705,0.0015531448967823218,0.0005208890688155152,0.16978397923329988,-0.00021844543606130317,0.003285363264732564,0.012070317787975831,0.01761333720463245,0.06457654510320696,0.0018482510131442211,0.0,0.0073147431061840636,0.0026417469489400363,0.009844552479902284,0.0077958935427538244,0.0060895468602675555,0.006405615002249656,0.0016031945566399193,0.042940944512396585,-0.00017948620166637443,0.0168268444116037,-0.008213010883829731,0.021853060874024846,1.4067106426075695,0.09255080116822972,0.03196868698746222
169.778,0.006186735812583773,0.0053095011342489,0.005598708320614342,0.005644749311215728,0.14884725508729327,0.0023906952997172605,0.005576766368170704,0.008709062893392211,0.027570233788179514,0.07971637262176913,0.004321329996558147,0.0,0.01010776978402087,0.009451064764405815,0.004394398976496433,0.00948360332995925,0.003140124318546128,0.015670068643166002,0.012858230650380281,0.04916515141414264,0.004958226646855375,0.02566244977112728,-0.002122810490815116,0.05344713197670755,5.638771592692897,0.0678577557841619,0.0333237017411058
170.277,-0.008513677300095989,0.003730696317914039,0.011839191502933824,0.006832450193601057,0.08864243011525863,0.0007882913984732203,0.00043270978457402026,0.020403607560085645,0.015268909052910737,0.04237269177396206,0.0008299235933142851,0.0,0.002530935580498733,0.017036535785268807,0.000935593952435581,0.00015823428694150567,0.0032986331977614,0.023627123234580126,0.011044860386602257,0.049488768071837615,0.007264154424453584,0.06652619003220452,-0.0017435297035053613,0.040703865811927545,-0.07951711425288051,0.017905445026350768,0.05178974698317642
170.777,-0.009370937598658318,-3.5453764592510894e-05,4.64309160135503e-05,0.002499819002510258,0.11994543768137828,-7.106174011409969e-05,-0.00029719326695115043,0.02916061736829359,0.0214452096075719,0.049431379294119636,-0.00017973309769450633,0.0,0.004612289237582856,0.013316411826646925,0.008990001611172494,-0.005057013443230916,-0.006664180409910442,0.013544560340111072,0.006763584614686513,0.025643508479825102,0.008214006825992645,-0.011033238595641062,0.0006103418111344876,0.032420053550751615,1.7767835878335456,0.07348348868597124,0.023745403301510926
171.277,-0.0007935171371949573,1.8997700784071626e-05,0.015063909791374534,0.0021726384232696417,0.09621255685972885,0.001204922812065004,-0.0011536172703876513,0.012001959815902517,0.021353975632836773,0.07435620020149665,0.0010022482072808631,0.0,-0.0003056185247938082,0.013329217245018496,0.003821098957551084,0.0024217810904156394,0.0026182625621124105,0.010734508893311711,0.005130482492516033,0.03160066146523923,0.004200210095036513,0.04024719005381335,0.0365924256603819,0.0020770169642223774,3.0313951436928033,0.02255096855232881,0.08004435312700678
171.788,0.0008253423237384578,0.0008757836616552837,0.011091679405014324,0.001199613143009296,0.13106920889424667,0.0038799081785809717,0.004095464039492825,0.014723528472287759,0.0024681210249343005,-0.006729367583496186,0.0059463493134492345,0.0,-0.001719944856193826,0.008734536780915833,0.007205586660758155,0.01078639254464794,0.007564564316178019,0.004443830044413687,0.0018102308122503448,-0.010473696028128565,0.003065154809343869,0.024046866860760647,0.05476539225241975,0.02868117918985712,0.00792548122311565,-0.040337949882348775,-0.016074403691004886
172.278,0.004622523145458964,0.005478275143894206,0.015364601317513455,0.009051854764505545,0.17550224753629598,0.004447015877364664,0.0040515049689265155,0.014228150882830564,0.027056775712408002,0.08314360354132636,0.0047866386896334035,0.0,0.022680389299344163,0.0116149978240987,0.005803362531365756,0.01435123018147098,0.0072984563171482756,0.017093201100270523,0.014804296004627075,0.05910468205545439,0.008768116625886536,0.07345709050572394,0.0226922585709381,0.06360115073119264,2.9174159141401135,0.10329017080311252,0.09796002212384178
172.777,0.004072478433898017,0.009596707293358217,0.004982420930243637,0.011916490707581414,0.11502607453622979,0.004431560211785541,0.005623348891911058,0.0164503178501598,0.03636391228391422,0.04642163334510268,0.003582185254867711,0.0,0.026282963051739522,0.021880235128675662,0.008074510662688975,0.00946626324904244,-2.308215602552696e-05,0.02246320805535063,0.02020917496545167,0.0383082721160091,0.009142670279437215,0.021510470235736177,0.01039816441637042,0.06399175963947776,0.37988222469868443,0.00469767966986051,0.055762711850454526
173.277,0.0019610785017965923,0.001618764793766914,0.011985592080323,0.01077522527677674,0.08810378900739306,0.0027084078115566703,0.0008816611108429101,0.011011148130731077,0.03289254156549256,0.018029875308615897,0.001256208292738471,0.0,0.0012982325237496928,0.012708685412369245,0.011467277403151456,0.011656778810449343,0.00677228221144595,0.028935359538015213,0.01739902676476896,0.05457152128673896,0.008330816935452161,0.05765893394148365,0.022525416601760065,0.0421996947161649,3.454665083149938,0.03934313631151206,0.010550703564845478
173.778,0.014129120307319465,0.0048983352845548694,0.01645940342441949,0.004812021759259193,0.082725877239956,0.0038158064544146393,0.007318477960907366,0.027558755458804495,0.01036270469916296,0.03628293101287314,0.005595275435946301,0.0,0.008161077825431455,0.007152470513428548,0.013886246303568158,0.009170552109063257,0.010013778850059283,0.01168577828215213,0.0059643888946116445,-0.007329845602392922,0.002975899570187938,0.0235575495640773,0.05973698738919314,-0.003936244226715262,2.1372526345063187,0.00020223942354983081,0.05749665330607607
174.278,0.01690381786498809,0.004552555117096634,0.0036299178715657383,-0.003643806524511247,0.11504293933323191,0.0031549961428393347,0.008765526299034156,0.02261257801587645,0.00021054097094709546,0.00854862231472137,0.0010832864035883675,0.0,0.0023253034472228064,-0.0021579394856260357,0.012140727931831737,0.0006439657333280766,0.003254816397196765,-0.005511718194302638,-0.0012634762383200878,-0.007863950381998885,-1.3211505120211977e-05,0.03113650302856257,0.03477906304589771,-0.04000034297221398,2.331440308926762,-0.022048148769145914,0.0057009446823798205
174.785,0.02434228910827057,0.004927444799533606,7.124462632054916e-05,0.000256530394686281,0.06873915469217169,0.003050146157568207,0.006867654014589034,0.010410512486556058,0.004563227259173448,0.014562614812427752,0.003877388289779033,0.0,0.003437142208778003,0.002791347305643733,0.00905704024318632,0.003667259642921577,0.0072506756488693045,0.006308597981728855,0.0027885992797411427,0.014036800618885821,0.0021120867468470963,-0.011392333817157478,0.025939473123383034,0.045384948434501894,0.055432468082756946,0.028380095883799562,0.0363668085575107
175.277,0.009806030962481728,0.004872458609308151,0.007390451062902489,0.00854564050315501,0.026251374492677244,0.0016928791809490988,0.00247769972212342,0.002847765476946988,0.01998969886400856,0.02816412299110375,0.003454907126454428,0.0,0.018953860741073417,0.006094143752702901,0.009687666847434103,0.007203343458769231,0.007254938764596575,0.023846985109087167,0.01896237741744412,0.05179520475311436,0.009752464075199564,0.003954956162674887,0.025764532948233387,0.029145898827746715,2.537368608801623,0.020010747587377566,0.0258419984511261
175.778,0.013763483004076899,0.0019866229968685894,0.008531140928464874,0.006001110703500866,0.050716079173423405,0.0027638341721785394,0.0026388299614424466,0.008824644070362908,0.01193451888528489,0.05287791693986852,0.004210187043512383,0.0,0.022644352264354052,0.006256056308470862,0.0062643895144977755,0.0010928184738694176,0.007809780733303169,0.01608701237242463,0.01051823497015649,0.02522509146790594,0.008865849425912366,-0.011658478974857741,0.028966460336607193,0.035798233301962495,0.5856512006763496,0.044539239825817804,0.032707459600958784
176.282,0.022919387882074593,0.005369436233461866,0.012270749767845127,0.0014120166414470308,0.031083459467906468,0.0030397299399141215,0.0055530526908834504,0.0044448787707915835,0.004861123147818153,0.08998830647511856,0.0035001126204138966,0.0,0.005273968421073826,0.0013858795903732006,0.01893874106241528,0.0011870494154713933,0.015240089975235809,-0.00013287658228890135,0.0014028774855193108,0.005554449167470053,0.008573466457879493,0.02429045106952036,0.047184364799036996,0.025508939952645675,-0.5573179420424812,0.15341522964607276,0.09102622285517581
176.785,0.025077170027419365,0.00033294079796912973,-0.0037213469380117355,0.0018161109720865592,0.07113299131083299,0.0037124491227871034,0.005351172573176829,0.029570877646071768,0.004854296244113643,-0.0011353776708037534,0.002336330331773328,0.0,0.010771834034175833,0.0079914004414115,0.017327546654137244,0.009938492933157642,0.0029796763216552668,-0.0010827868140591028,0.0017714878242596891,0.010780910815146125,0.005136462778663782,0.0036143927928997052,0.003956856520364744,0.015668522964739164,1.3194553055591343,-0.0255534083607436,0.0018445554160132925
177.284,0.017208969306806064,0.005940208877600014,0.00879821438818454,0.009219530379467518,0.005027802879036225,0.0036295454009916436,0.0076284207928233195,-0.0006883111667828852,0.03659769405957422,-0.004660261469262278,0.0014527190393510791,0.0,0.01024941943942529,0.014706848635541576,0.008660970604717237,0.011183398753041508,0.015408041835128707,0.024777267528463598,0.01054864552087921,0.07801633910237407,0.007446350193745704,-0.000821983041147921,0.023696494863989025,0.01719145854865633,3.83908374060629,0.0042521402155965655,-0.012777446279655316
177.778,0.021858254248422505,0.003858027902762782,0.016794563319425367,0.009576139695900977,0.045677562676801,0.0023073502533129814,0.0062129838972690525,0.0018189120219412323,0.022129495800757838,0.027908692376784172,0.00449055313704468,0.0,0.0061843366600026215,0.008841800975087539,0.0060725620061580134,0.0039058875934427323,0.003950807471933284,0.026941468591098184,0.021148889597721623,0.04951645419541777,0.0043862020588912925,0.022849349101115246,0.026099228253288975,-0.016293985845470975,0.03166711393616519,0.020919869832390622,0.04553640304078409
178.278,0.019714582321737128,0.004319517552430412,0.010541438171195622,0.004704125556513583,0.09288822305389573,0.0027243889815881306,0.006850858374873484,0.006975386730002614,0.01397978084204269,-0.02685954569621276,0.0036850704902113168,0.0,-0.00420312564449563,0.0014963496183507017,0.011831649085522183,0.0050544810168983035,0.008900895848870114,0.02326198239472367,0.00495363937067052,0.007151977245257104,0.0028082181290053636,0.02468876691124512,0.057239118439745044,0.009431327102493088,0.6236053214018378,0.02305613637704891,-0.024303005218295138
178.793,0.03116530220742426,0.002294235966949811,0.0093370441860544,0.004224395258395606,0.057969552843583454,0.0027045369804050163,0.005888777374544138,0.021223192179605263,-0.004032562667411687,0.059209006962500074,0.0057731270031460575,0.0,0.004658699427695825,0.004625242822453602,0.010319692243295731,0.0038591872507869433,0.010987541552110356,0.01781286612429969,0.008413210667377996,0.0035891871698846794,0.0015196329803067554,0.01275610252632514,0.03283037544980426,0.010638124428666379,2.90347641855024,0.19628156150299286,0.023611537602361447
179.278,0.03203877725019368,0.008200954453211238,0.006664532014927572,0.008511127494941446,0.06683016389435596,0.005112535302199609,0.006591220728028875,0.027668971155651086,0.01020864939555911,0.13537411902756713,0.003161843469850178,0.0,0.011336645681818665,0.019319399017175606,0.01105560605893347,0.014240033681872367,0.009183810199558995,0.011899186017236704,0.0071260797726880026,0.019891666206505315,0.008249251670310277,0.04589241240536816,0.0345436890799644,0.023819421471144197,2.871659574118291,0.2225531192671128,0.09838566587233256
179.778,0.027723173739775366,0.006672469814730635,0.018067124150794023,0.009799682236657859,0.0196590270098523,0.0033080115925329186,0.008004009039661284,0.00851845385444763,0.03536838239619105,0.09975876788591104,0.004225642848793536,0.0,0.018723296516387006,0.008910516140852549,0.008159616067830725,0.008723686910199188,0.00999765705421549,0.02488606550857619,0.013411474527992358,0.09026918312551156,0.0033425608684395118,0.025201321642994066,0.004538570694424715,0.03292745447735959,-1.8434674162420281,0.1922042310039694,0.10228418096796706
180.277,0.0243982558009799,0.005375147792481381,0.009748961384700716,0.010349218861518704,-0.027042741416052618,0.00209269321789421,0.0038142863032052834,0.012963549921553137,0.03576373464737856,0.12765517413937097,0.0039725294703209105,0.0,0.026143239896313442,0.00984382888873316,0.005150454378391221,0.009504840864998535,0.010922597909803532,0.028847621489942427,0.01584810104556671,0.04287707065959133,0.0044104728271871126,0.05167457894286774,0.001934042959348591,0.07378650547102435,2.2441841657473045,0.10810715159806439,0.17957803112915424
180.778,0.022077340811708653,0.004800925796436178,0.004987934495093749,0.008282999297110207,-0.0035927401881092427,0.003329631060156292,0.008715054038992177,0.03386838342775123,0.034112357656303396,0.12762712879224378,0.004751479658217458,0.0,0.021494117532582215,0.013615091639748656,0.01250944691459516,0.009225590837690706,0.008993629588065806,0.013727170891063513,0.01125937600924789,0.0160388032823044,0.008544796778719062,0.022092847675761525,0.0340796394966816,0.035267730569363664,2.345014035836431,0.13234461152567545,0.12716753866297703
181.278,0.016704190910867407,0.0025960616089472375,0.01599848411883852,-7.824731381064507e-05,0.021019069806539375,0.0029436153985900925,0.003481593326901259,0.030743234453059414,0.017328090472031512,0.0975268419718275,0.003347047207926862,0.0,0.004635469222443815,0.01029310398731206,0.011553817745975935,0.005709401464095656,0.006077883347662957,-0.0037729481733508492,0.0033487141655310164,0.011562053412474738,0.0016022423963294378,0.03070322442703593,0.05052279183896276,0.03663325270517168,2.2262115533645526,0.08922719306593013,0.10283820564385338
181.777,0.0029405149227754966,0.00814916854146057,0.014248958035251374,0.0034223572599223115,-0.05194324445177586,0.0035133039068620275,0.005076713303603073,0.023643240056836337,0.0453958543625463,0.1546054161515722,0.005114600081640336,0.0,0.028564603019187333,0.010418681805678799,0.009487627297082675,0.003882617674663145,0.003708043739238938,0.0069851032492330815,0.005109654570254999,0.0680473200694704,0.0034923787129832015,0.06659824591354614,0.015321075169226336,0.07514020386413707,2.2494891561251493,0.22125656235970687,0.1350161757587373
182.287,0.014710654345090592,0.010976056974604196,0.017855199038796288,0.010779468836517826,-0.027643113482500998,0.004367665946723604,0.007165902415959966,0.017259259767010655,0.04672367011972977,0.11643948411562378,0.00424224568021355,0.0,0.029189396738057306,0.02582788833243223,0.002006238257013654,0.013103797810806528,0.009942458590387927,0.02152639308352857,0.01250472206437466,0.11208692298658426,0.00371089844699223,0.06650795948922394,0.022523777567413982,0.09178636693990522,3.039002756433714,0.2515593069243774,0.07752055596361285
182.778,-0.004456546315728635,0.007364191133689152,0.02110258581051018,0.007669697209686581,0.004456950816960021,0.0025630578132463193,0.004141195961488333,0.012168235961057414,0.03203980437651002,0.1643777731739902,0.0031334809473165933,0.0,0.024023202718797473,0.00513972403017383,0.0036210399039278487,-9.141087978260714e-05,0.004767327260747619,0.023073309219185864,0.01694405345385289,0.06839301070964264,0.00330251762704914,0.07449945429278228,0.024305474869282646,0.07211938496147541,3.275097597816155,0.21982626642612485,0.1411028609359329
183.278,0.012109932781494005,0.004660257738308779,0.024446830004292694,0.004284917014726857,0.12204060300131264,0.0024543038855353557,0.01028875880720395,0.031397235776942575,0.023877134655292665,0.14321999539761113,0.00326678200246467,0.0,0.017066414347713058,0.009043421173648529,0.01831679063548041,0.013566299225063876,0.005695182130508429,0.004953784973493263,0.009554893688457433,0.0354143601433394,0.001953529569123856,0.013864617891186256,0.0810593371010926,0.03284974341039219,2.723399003975967,0.2146615723225999,0.12092509393609313
183.778,0.010528890536536908,0.005567714440093684,0.021896287977622032,0.0031167056966593457,0.10665801338456236,0.002475312356074799,0.004778300098343457,0.0073798038289570305,0.022145124910371176,0.14035175819144485,0.006377379160738495,0.0,0.008250157623989776,0.005951383713969468,0.014303394968995332,0.008919755799362727,0.011494764822395174,-0.00047052629041416686,0.00196741284118454,0.06573311863059599,0.0016185660209641405,0.05440732335293916,0.04737659765067959,0.04507154441385034,4.479785400090169,0.19003951789723797,0.15558852098892847
184.279,0.0027063165942340307,0.007878994468837696,0.01834824054554325,0.0065097942957301124,0.07016511170501075,0.0020353537827822988,0.00043013767401494523,0.010580720611686818,0.04174259004750176,0.13139782239896364,0.0033596056793371173,0.0,0.026422007774914272,0.005862362622157884,0.0036289964219661103,0.008921635475455731,0.01088544171938713,0.018512609370418473,0.010065915156079085,0.07447631860571464,0.004861606495532412,0.08779626663962124,0.014060682042080837,0.10292125161605911,6.224988243985547,0.15109924734519353,0.1385208096223758
184.778,0.006297193466926186,0.005918527034570905,0.026997999650312344,0.011621211293187302,0.08514480223676048,0.0026081846401694894,0.0039015721042027444,0.014856883616662077,0.04115057373484624,0.14034452549095774,0.0017043239052077998,0.0,0.03985298599986493,0.01929025874696196,-0.0025871697374197384,0.008983563276683804,0.00828904038223134,0.024414484970260907,0.013048394685246576,0.08473773146854882,0.006750735380784669,0.11505477169552672,0.04242626620571277,0.0849104693210423,1.1617791103661737,0.12774265089810066,0.1941427549191715
185.277,0.01720369649051786,0.0017997676736357267,0.005919880446312608,0.005771572164846245,0.09176290274549123,0.002081343200087383,0.0015063404167989624,0.0323330131876697,0.01875724344433591,0.17863480395870157,0.0035863432109589396,0.0,0.027092712686711307,0.0150965311802222,0.021993893992041266,-0.00030201889556906724,-0.0005733361731482156,0.0065665629554349635,0.009142131689907495,0.014733624047332177,0.0024206193652922376,0.03898363281509982,0.031729885986485205,0.03430530367622471,2.8852516430255606,0.1437065324963421,0.23591500292421358
185.779,0.012887659623528872,0.0016345767712357784,0.004278613050287977,0.000387742462831036,0.10516676301689204,0.0010832292323691517,0.0011203538748113466,0.02991151997887981,0.01396097303677494,0.20102602932703728,0.0011023841092685225,0.0,0.01132826599370179,0.011299073158731047,0.010102300325690056,0.0035441413030818975,-0.004734984325647089,0.004946900818382995,-0.001014942962600868,0.04576948968735722,-0.0017890253124959344,0.019803372468019994,0.020027940567859327,0.03941380538067153,3.272650405187878,0.2712012784545541,0.21462873106606523
186.276,0.004673935459986587,0.005920500130343415,0.0012263730906657902,0.00436343782882992,0.0019781391855049147,0.0004124704480702563,-0.002161640293282995,0.014705766485114817,0.022465990415226088,0.13926237051555243,0.0004451139591222128,0.0,0.013282234327508519,0.0066413299314944775,-0.00939655492697531,0.007159508329555119,0.010489173783929202,0.02220712003811432,0.010489242324636622,0.06740738357957898,0.0018351130806770696,0.029001817404627338,-0.0030843965658973542,0.07320925917740066,3.9789123867977048,0.23007862492523354,0.11703383450131546
186.778,0.008906630388442359,0.008940955488519921,0.02794416044375075,0.015749769179751162,-0.01996194242695944,0.003445141866074968,0.00568989993146969,-0.004356388819934092,0.0502979063526175,0.13261771327234567,0.0031925904874377433,0.0,0.03360826029692028,0.013452774650429005,0.012491773522982,0.01134326408115829,0.01840736957300003,0.031594540642544695,0.01829708279562644,0.09255091598561176,0.007016053962784225,0.11240221728557358,0.03040996262014429,0.09568905657619368,4.227124272919661,0.1655489907868678,0.15148743240039558
187.276,0.01175710091464931,0.005401613085209109,0.021425532003795128,0.007776217114020122,0.05491203582813178,0.002963301024738254,0.005713274138083459,0.01620264234893507,0.0327889204140665,0.1764384587979602,0.0027003806913404958,0.0,0.020833662163725314,0.008814386686152748,0.013441799401499992,0.008139972897896855,0.014555976248037592,0.01577571076703188,0.012029320212881778,0.040731485475684726,0.007281945168672443,0.03649339505683591,0.07829380122814492,0.03254906669274222,2.505878601792533,0.29431468813897926,0.16209457451608672
187.79,0.004093995481733892,-0.001416440409086056,0.005531113143672117,0.004015598236723877,0.08187511656157091,0.0007773677799779504,0.0014745526615749813,0.02436926909131997,0.021607299241717254,0.0418882268233149,0.0018443992094706286,0.0,0.006920843032964279,0.0022787539896357762,0.014940832013634575,0.006169440716659848,0.007764528171746008,0.011916191013335175,0.00820904015374382,0.01084320341915698,-8.171374976184901e-05,0.04059843664644967,0.03175022264865903,0.0023567001691781457,2.5169019812497755,0.07122128456316552,0.02499335629561094
188.279,0.024308351462018544,0.005307206133487827,0.01569049131297289,0.0036383736915590555,0.11605174608321128,0.0025500924395754463,0.005754405776541395,0.017435319418562092,0.020020611769810872,0.09470108779269638,0.002199937277196771,0.0,0.014229772882498253,0.006604099224802471,0.019878512355096908,0.01140912462728417,0.008537177005570462,0.005700202759358781,0.0010932808910783243,0.03880494937755378,0.0018127606464235773,0.0999944812393562,0.03174666976223034,0.0750061865059181,1.7014375549505263,0.09038063924964934,0.12012181206366895
188.778,0.022063757174224145,0.00843324132010788,0.012767077433655462,0.008341633567663077,0.13456548901698798,0.001770483903389509,0.003656809103462428,0.023726219433438545,0.04139906426890461,0.033264778803815294,0.0015294276904598456,0.0,0.023082001894184728,0.017583033336174992,0.011653794111085027,0.0064935708276059635,0.0013718124198848285,0.01851567527521487,0.01028693857951105,0.0726153020362571,0.0033112370517868464,0.0813342494546801,-0.00016251879403648243,0.07417975888236529,1.7093626343191877,0.08819310906662894,0.045247299527440756
189.287,0.01607344915210364,0.010050231520036784,0.008977731918555805,0.00853146010146312,0.14296304455357628,-0.0006653327747252762,0.0026404617257958334,0.01211857040674466,0.05492678674740976,0.0,0.0024649590979422425,0.0,0.018026057534229267,0.009800806236014351,0.0,0.014512485777716758,0.008942934108915317,0.02681573151444227,0.011760636698100159,0.07997015686937428,0.00019882148706222574,0.06642782763635822,-0.0020178906000515523,0.06507400307884524,2.976729352515145,-0.01492010148317088,-0.018672838459575652
189.778,0.01053343176010296,0.0025271232057347483,0.012483808136887483,0.001743464895720725,0.1184950843320313,6.709946228970388e-05,0.005810532041016605,0.012021636500668089,0.016522641091516254,0.047832816113405154,0.0020044736121912292,0.0,0.009937250665608568,-0.0012010278011326287,0.00850657402564299,0.009816199882001227,0.011865123116911286,0.00852802694903914,0.005420283513725447,0.013575596833998938,0.0015285116985847716,0.07904722060980619,0.04641827969992384,-0.010917997389277139,0.9669762761615777,0.11457402900671007,0.043029990685975274
190.278,0.018100235106359608,0.004376242181246146,0.005404193870844235,0.0005645320237684594,0.13730438683561516,0.0023751881434811582,0.0015843738273561506,0.027965768041462676,0.013401419987866101,0.02029213137724512,0.0004060233306289208,0.0,0.0054945343676778575,-0.0013384630429000017,0.01784420762787873,0.00315365336508065,0.00819329624334881,0.008510896475133523,-0.0007060365489667199,0.021069085315729413,0.001228635578041247,0.02278354039712461,0.054349029684874005,0.01858026941023877,0.9441568839805206,0.01982412562409893,0.031177523914301317
190.778,0.010976376389565974,0.00965069123296069,0.01722079115505986,0.006997187414868062,0.11037048102476235,0.0015119585610291935,0.004947852239104423,0.007469085692286219,0.025759746795936306,0.060195372158728666,0.0015482425647398192,0.0,0.013764555184159971,0.0013028536474952502,0.007696584681828955,0.007127557160127645,0.011602624959518226,0.024336118956924488,0.013065763752358265,0.05523524495265814,0.004025641095672918,0.08960895559797787,0.02896176168867785,0.0074540885877158935,4.4319210332782975,0.11024235728922249,0.0743781788204625
191.279,0.014671087177844037,0.007023626739018265,0.015720518958134404,0.008790135804351359,0.16056619940992362,0.0005689762367770627,0.004796823219792067,-0.010243198788147286,0.03601332749878467,0.07305857710515391,0.0015324037180173727,0.0,0.018066599255739075,0.0008062824684193087,0.002136116477418856,0.00460773905962864,0.010197253820701418,0.03196508570648127,0.01622646396138517,0.07439760034053018,0.0006989843830321206,0.08794932740234623,0.02666350690304126,0.06317095204729653,2.5533826369758814,0.09346570529433812,0.06209008756780837
191.777,0.02392703191177358,0.0067231978536718695,0.011460318356439484,0.004664906742941485,0.212194389746834,0.0017470852947272465,0.0006398039109286517,0.021768298453254877,0.005295641593063126,0.07927925875298422,0.001310592971135649,0.0,0.0016745837250167009,0.009754643608507915,0.021112953432864456,0.006431243048974037,0.004648813383446745,0.014485293406255213,0.008531418380394524,0.0074615343460610025,0.001993716370907835,0.046057370606447406,0.054163700532924006,0.03706402450131285,1.5506834333265758,0.09512350891121385,0.02499066517549273
192.287,0.021815384360792785,-0.00030900820524996394,0.00013243874682950844,-0.0026893808996665634,0.1307857156446006,-0.0013381245435605742,0.0015074339203168523,0.013335702205899231,-0.005142767692934333,0.04616541945706548,-0.00010431679984489307,0.0,-0.00886371124434464,-0.0025619526383080654,0.01940561215487197,0.011752820970894076,-0.00020731236836544828,-0.0002667611191602062,-0.00263859808553594,0.003159884939896334,0.0013115654848586693,0.006722733449823014,0.04344753405762002,-0.004057667788029106,1.2406501789569424,0.18725850115069326,-0.010309113873941532
192.777,0.02971500591953043,0.008235167504877437,0.0011251495732041367,0.0007878479312059834,0.14620369559245766,0.0020591862246691,0.00116046644641866,-0.00045738448203145986,0.024602582736151277,0.10469253478433897,0.0019166469371721016,0.0,0.013092500044597503,0.0031393460830839463,0.015438320904890872,-0.0014685597772861904,0.00024084628713527375,0.00852241242228123,0.007897082512299482,0.04575077199345844,0.004927947555051913,0.043133604239901396,0.015985986490995283,0.023543281064303305,1.4755982590405183,0.1772981362928106,0.05782942117052387
193.276,0.02616898503402819,0.0064305162038463546,0.011528344644210533,0.006210422438912942,0.049850431693977085,5.959951616398981e-05,0.006576447904716733,0.0004926025666137576,0.029547883328592595,0.024381581689517796,-0.0008565231806514851,0.0,0.016441266372505876,0.0006730282309794299,-0.0001277842039584546,-0.002654679853365455,0.007692858137231874,0.020545406982422756,0.015452486617514867,0.054109930713688865,0.00182485108917196,0.07946468898908526,0.025633584880372765,0.03737462738126572,0.036639582149226115,0.0350978943905785,0.01505875461934168
193.779,0.021488497463211347,0.005004185230965508,0.009337064842579549,0.005718928260230329,0.09031748330693397,0.0009413145555142607,0.0036415889144322047,0.014402952294289015,0.022231499823869582,0.03234197064230945,-0.0004147825367052101,0.0,0.005030743031691846,0.01004868752525609,0.006399219222825949,0.0004942886593789906,0.002429889577141836,0.017435251434690324,0.014854191546526669,0.040781583259640174,0.0029008898283529945,0.0464001537708452,0.018311979196391468,0.028495047885072913,2.4084833992272934,0.00710851018587027,0.04692969400425917
194.282,0.02008094643554525,-0.0002734467727891537,-0.0071055662230927906,0.004459081027795515,0.09103623421809863,-2.1286085190158516e-05,-0.0003533625723800601,0.020302077646308907,0.022237599559527223,0.04407810482875776,-0.000446763767531263,0.0,-0.002265627025797284,0.0158778577601238,0.020299111383887878,0.0016796486492672244,0.0011235564786558655,0.007394102144449701,0.00930895919520032,-0.012293306154281758,0.0052025449332071955,0.014299630242499724,0.01914828849595406,0.032959577858620547,0.0761855494087141,0.059281861465925,0.03342593023686637
194.786,0.01667244862109445,-0.0008920094008792384,-0.006180644164504823,-0.004056064456309407,0.15039918819795495,0.00047908623010657733,-0.002065663962442609,0.02382372056615667,-0.00126878031548026,-0.008317132739464151,0.0016499257399962804,0.0,0.006454676489331504,0.0022263893425348994,0.008044976707769984,0.001634994942798427,-0.0008737306694614529,-0.005070878878580262,-0.002104421257715503,-0.0007920569088891259,0.0038043088810078064,-0.006123573587762193,0.03348648420824922,-0.003176974883067297,0.38603477501693606,-0.06131687350828687,0.005792674848799529
195.286,0.00914954647324303,0.007598914499084372,0.0006019982633317369,0.004912773084681081,0.08581070429136732,0.0008966229846339125,0.002716282180034817,0.006325432227685787,0.034036145192069545,0.0542009006856797,0.0005750591079444615,0.0,0.009581410346168863,0.009053168645799541,-0.0024274964074239773,0.004345228842833137,0.006040857210886397,0.018011235928155664,0.012902781192717677,0.06769480097637098,-0.000533589544969244,0.07533382181327059,-0.007859094393873044,0.03519420025923507,0.40515651934998126,0.16582199744479537,0.024113122285085154
195.778,0.019591708264661122,0.009171023407318664,0.009220252016602868,0.01150158891638123,0.1168172181188695,0.0016546539841477172,0.0029110658916610107,-0.0004109311894871963,0.019639195459466685,0.032821316231793234,0.0022962774633210645,0.0,0.0065368825184859355,0.00423205479992385,0.012242521052721793,0.007828764398398374,0.011043833782993572,0.031688018603434676,0.01951375621100268,0.03655796800061289,0.0055871653993214525,0.0697381269821481,0.022377627114696978,0.010794657723857484,1.4429195384904419,0.10159138815871308,0.04190509780007276
196.279,0.011668612047266052,0.0006129927923599069,0.0043174814399470855,-0.002678696665880266,0.09608041171291803,-0.0010577094442926495,0.0011993267123624133,0.01935519855021806,-0.011288775268987344,0.041466573155783386,0.0009183388159681126,0.0,0.004817381631903143,-0.0014446796762786437,0.007991846145509948,0.003093758876776965,0.0004943422543133206,0.0015984528314238672,0.0003426179159045281,-0.006347044792279354,0.00040292413131030446,-0.01471954550737453,0.05668291028975482,0.020597119916047534,0.2764650942591334,0.11566136000873703,0.000307093520468864
196.777,0.021458201084194974,0.005450414606519137,0.005636088682095314,0.0002679293530665348,0.06865659058992231,0.0020026022237668527,3.102076737977397e-05,0.015648286871534845,0.012485100051567829,-0.001827829081021435,0.004323101957092382,0.0,-0.0026170246416180355,0.002335485949409218,0.01277906901834015,0.0064922569432505845,0.0026681866256651364,0.0016359576684736887,0.004254443810362251,0.01839192130772671,-0.004658466602023044,0.027115801669816517,0.04716694266846458,0.01084282046973015,0.39254437165648626,-0.029017790791740262,0.009484079893278466
197.295,0.031037789111664604,0.0067734772522148315,0.010530407120799293,0.0021688215663159182,0.10453748691195422,0.0039035339716560597,0.0021877756577633406,0.012726085081739728,0.01228615006466868,0.03408718149876817,0.004410364878632508,0.0,0.0005781004025999741,0.0028255866546335142,0.02097126194025248,0.005853623052368064,0.005408702367124776,0.0007692307206734066,0.0045676493791487905,0.03127000169149723,0.008488815997986739,0.04492997284929745,0.040328496143865696,0.01788570623138897,0.7051507867868925,0.09605368140223106,0.02346124647199788
197.777,0.013324192347840989,0.006002006036619297,0.0071507317697535695,0.010701504088717846,0.06014262093839248,0.0017840696415934948,0.0031323492578603715,0.005905670988892037,0.03361869358308818,-0.005750944568722881,0.0002965825875048919,0.0,0.016769322591749094,0.006732012147869377,0.006344655040024934,0.0070600591084273336,0.00904937243780575,0.024402050374751173,0.0196112261231313,0.06961064612804756,0.0032089528719584067,0.047555673443362236,0.0048258139153331695,0.05720622840540578,1.1580152429046413,0.0016110528491752128,0.021240520352060734
198.277,0.028083373632606542,0.0028337418501494355,0.0025716552057340443,0.005221337411062574,0.043124343680474866,0.0030943118649510207,0.00778046818488543,0.03445696598954902,-0.010921853439236922,0.01828599137043318,0.005351879721725784,0.0,0.012280372123276725,0.007958232339955155,0.024657255837533535,0.004563574693525128,0.008776316630066294,0.007382356006225047,0.004960584706906646,0.013042034076958387,0.004725592679667948,-0.010342705417071161,0.0540649619240596,0.001812475504308774,0.41041476902162993,0.019301149035482343,0.007605252010187561
198.788,0.03563005334775449,0.002322460505950657,-0.0016530792569014715,0.003320380011073485,0.1002398730736037,0.004075581090526189,0.003911599317737505,0.026761467591427817,0.019108508645107186,0.04165523545549108,0.006559759070693378,0.0,0.010546520633310153,0.007284123588871281,0.016128313795826132,0.0003782951886953081,0.011738469417882699,-0.00030015708538802337,0.0035539432589482855,-0.008690647112572182,0.0025143486682307004,0.0023146273583295562,0.050318320090820594,0.04455317440057337,-0.2010389576210703,0.11420072604697336,0.021978751782050276
199.278,0.019725581224421557,0.010624691591707482,0.0038294600434551247,0.009793892257461101,0.08479284263090506,0.002823604758725115,0.006740896524388514,0.014035567617071105,0.042983468220376915,0.02454311107445549,0.0018511741988349872,0.0,0.014042483384362878,0.006557236506812306,0.006449584617735299,0.002761980850895769,0.008262301403126893,0.025755479017480962,0.015390550789255174,0.06564693109809872,0.007211714728135528,0.022508585556446664,0.010394864445057071,0.05900807383696462,0.41702564777394824,0.10668447662088448,-0.001229632789416472
199.777,0.008551188873637792,0.007605802125130443,0.019276540901675066,0.014222315181447235,0.040581497834590655,0.002237765279168524,0.003739573499496458,0.0012889099246832544,0.03181333776761733,0.03608422740698446,0.0043941854216741,0.0,0.021571608736982717,0.011680026241719932,0.007711942672053077,0.010522426960333701,0.0146745514922274,0.027383036547133328,0.01916928947494406,0.09012539889334759,0.0043986037675411965,0.07669860329170808,0.030381877611188268,0.037946439631700586,-0.7894464984007442,0.09918886236132278,0.04153718642145203
