Time (s),ROI.01 [],ROI.02 [],ROI.04 [],ROI.05 [],ROI.06 [],ROI.07 [],ROI.08 [],ROI.09 [],ROI.10 [],ROI.11 [],ROI.12 [],ROI.000 [],ROI.03 [],ROI.13 [],ROI.14 [],ROI.15 [],ROI.16 [],ROI.17 [],ROI.18 [],ROI.19 [],ROI.20 [],ROI.21 [],ROI.22 [],ROI.23 [],ROI.24 [],ROI.25 [],ROI.26 []
0.258,0.16739120939831875,0.01534499326317173,0.04547368174196596,0.009132120186033396,0.11394789189342806,0.008150148383173872,0.018302587714168594,0.02457241159471027,0.02247512831109072,0.23364648292524434,0.008957964354025584,0.0,0.02973683751161878,0.017597385336655145,0.012147816741205934,0.011021562735261031,0.012021491085366903,0.01064648516638821,0.003866721925097491,0.04738120275314441,0.004407655237196944,0.09187441427235199,0.08400015313188064,0.08635009289936799,0.4065224621928365,0.3141250058977557,0.18595924188682644
0.777,0.14026966275398617,0.008969230916583169,0.03025308869947833,0.007382464909602535,0.07336222331869154,0.006471328055370013,0.007021040405352936,0.012516970637984001,0.016178855404157377,0.18414961907568175,0.007234324013875777,0.0,0.01699133691726359,0.012457918589510857,0.017627800241992488,0.0046505767717146314,0.01009968217370279,0.00029975261736794786,0.012442397727650364,0.03237728371454883,0.0070408603708924135,0.07311983909888978,0.056194082537805314,0.024397237541816986,0.35498663039257033,0.18911871715335993,0.1893769242336502
1.288,0.12376990609165602,0.010032623807179291,0.035547111690077,0.011638275544508983,0.062112395868627546,0.007114000544382438,0.011427703997431657,0.008084496763611141,0.009399262931023672,0.1758147148696032,0.008312289169804404,0.0,0.019002253341397574,0.012847347228141971,0.031656754467395076,0.010174014753567736,0.014353642730957357,0.01667630590917614,0.008246621552829776,0.028774874673464956,0.011171330148467936,0.07839113412431392,0.0769427125007892,0.026571181654747707,0.2851430916905125,0.15019830654205152,0.19509779399549826
1.778,0.10175124361759064,0.00736883381283983,0.015827431342098575,0.006250245245323002,0.06951591785723453,0.004610575561202192,0.008935931651837172,0.02324526192366331,0.008180574546088703,0.15844276720334746,0.00645696489168916,0.0,0.016638589899272384,0.0032763514220858956,0.01783122116954952,0.012565332204317143,0.005985404080127334,0.010866898451924577,0.005818665099932917,0.030877100360186545,0.002583633004070309,0.006926310213087556,0.054800753135839445,0.037483541021587026,0.2772495211141517,0.14094681123067695,0.16317714435985758
2.277,0.08431337025959239,0.008503739172808644,0.016783665382389887,0.008948385516095532,0.021624236533232342,0.004213565894332128,0.009043599091949113,0.020499926047876774,-0.0018588357018975178,0.12412311841533902,0.0028875664150261847,0.0,0.013220934041809497,0.007451944194065086,0.008713702457614013,0.01767392539170891,0.013771850925604777,0.014242822667150044,0.007966535128187433,0.014444710405933467,0.00621097688843007,0.03298190932980578,0.05000042579938061,0.01871765365920153,0.22150553776312784,0.14553455788499803,0.12441436397605658
2.777,0.07206066484219366,0.0045635033936971565,0.01265657674488482,0.0034872441981203504,0.011469540587937125,0.0023458290844283825,0.004944831010533639,0.011922624983011169,0.004185554564510456,0.20109135618124407,0.005577122372553784,0.0,0.008747277239181294,-0.004774442586661928,0.013746127741887671,0.013151028679139245,0.015846093953359244,0.002862486591082797,0.006689706569374712,0.006826110404066455,0.0006516216789126664,0.019842749270934705,0.05509659090969396,0.00818199375589785,0.07230101421667401,0.2810289294530333,0.17121014746789878
3.288,0.05957119117783261,0.005933650666678619,0.023217510367062717,0.006971576138358813,0.05517272386744189,0.0027384142590786984,0.008138744667952431,0.01363250033996948,0.013115832304574427,0.16723570106939242,0.0016404648156936362,0.0,0.024338386467714003,0.007392548829598948,0.0051004295324553585,0.004037916771553806,0.007136364001039026,0.018105872740418985,0.008128038779171193,0.04045687016238304,0.0038480778684411867,0.038919939467390606,0.04367158334377859,0.025124565599384713,0.24414369928199747,0.26266831621261055,0.14276444372239636
3.777,0.05035402499756553,0.005161440850014354,0.004425043353419561,0.0069872107904458275,-0.0023067902625829553,0.003552655443881233,0.005511566738277588,0.020237553295910496,-0.0003422378125606739,0.17666756613758064,0.003956353340474696,0.0,0.014641311106119426,0.007025422416909852,0.016100857211396712,0.001985317409961478,0.013698907951385035,0.013298079536496562,0.005572397079188831,0.03820620125339259,0.005696781094685833,0.027277959080709104,-0.00593038986307436,0.013798989868719722,0.34003818159640953,0.20580145291443191,0.17005202168369415
4.289,0.05520844183830113,0.0067475402041520015,0.02098486946018624,0.009836734038255655,0.05908604493705147,0.006048251441356974,0.0120183149265259,0.0260039911783984,0.010671783190273596,0.17222533707416748,0.004634973958672371,0.0,0.01027856480016966,0.007777045021913127,0.02635597781824173,0.0030735669697254204,0.013835990399956689,0.019715737002641804,0.009041558043265733,0.04511082037340084,0.007200184533043776,0.05273820937626051,0.029401321452793117,0.029782206763740895,0.2684765209164628,0.27703656983761704,0.12254754299504265
4.779,0.03989908118502953,0.001530393597261504,0.011047057435767903,0.006000270452694511,-0.0037420929876766005,0.0017897777869600642,0.006251477699336467,0.010218355384648433,0.01716260924384183,0.09807493594101849,0.0005848522596650739,0.0,0.012424306701176578,0.0038412692574607697,0.02586061661276807,0.006022585721555352,0.007892191667290117,0.014145557953489124,0.004096349461592924,0.048549661992213354,0.0072984020480533615,0.0317752408431008,0.0028730012055014427,0.032716461143202556,0.17453352977662226,0.1728937329259774,0.06292470522596791
5.276,0.03789511126835128,0.0034745508839864737,0.015353047607453273,0.007643680515733626,0.03407584513061406,0.0021392018792325803,0.006812238943151311,0.03103765669105383,0.012429234744666314,0.09226015424483434,-5.1209943602291976e-05,0.0,0.023080117171714445,0.009352686581955027,0.02464879058362905,0.0077840597993311085,0.009035148697194037,0.013017304820405449,0.0036945293522524887,0.038160903256231685,0.0007133661522785308,0.035372808041216355,0.02896197322876507,0.018122422733000368,0.26357582731306134,0.12344192807340387,0.05509104969562828
5.788,0.032072468716898,0.0070704905472569685,0.011470092554091944,0.00551102687118035,0.022301665582366355,0.0015511233494344124,0.005148257654577857,0.028335357676707234,0.01726627721437112,0.03202279034105268,0.0014404905903180694,0.0,0.016518848359988746,0.004420659071825005,0.01994879590376727,0.009891171641526352,0.0077218208401325416,0.00591723958989619,0.006636773259413526,0.022447457656353847,0.004365073444711651,0.022177136531110087,0.03505342349809583,0.013560233963479707,0.18188026674573604,0.06275409485270379,0.040150812233466636
6.277,0.028526091140428023,0.0021108057840482225,0.023867916315238585,0.001388310138403179,0.006133773206791331,0.0012531982986308979,-0.0013791538325089061,0.006007296700242267,0.01315078859088689,-0.0004441891596511663,0.0003793661998636363,0.0,0.005129242481516149,0.0030638383483581966,0.014538964616448392,0.004790508054890214,0.011805845804547098,0.0028769197412740273,0.002620699632597797,0.048165490309122275,0.005444341725196321,0.06106939687767264,0.03137427104263315,0.04288815851521468,-0.16232624092139217,0.0524199204497457,-0.04152636884907577
6.777,0.02999656316843765,0.00581249817811504,0.02380808355311581,0.005156941789946663,0.008983977464342163,0.0022152783737886517,0.007428939153747827,0.041631936168509465,0.016595152230814397,0.03987190938798606,0.0014514255594289384,0.0,0.022064108434966943,0.008030674218905322,0.019693610772794506,0.0022610687766594236,0.006951075653300754,0.00829612864650934,0.003687846677416765,0.05112258563214966,0.00013422305704553696,0.05711834731148628,0.025957095445561743,0.023020480911832945,0.19164962162923582,0.006506436398852534,0.05594034224371024
7.276,0.022252675546683986,0.003451879037764225,0.011865900389646144,0.004698796200234473,0.003079630906410046,0.001881159226323251,0.0026694659471012995,0.02017528552790127,0.012473998970558595,0.05649461378850662,0.0009247176409962121,0.0,0.013217252601289446,-0.0036813264614687694,0.006305346043844726,0.0004385740011122463,0.00527234306484181,0.024281968435859547,0.006884603118861382,0.03007794649471647,0.0017619412110718897,0.028566875540783764,0.01654657755731907,0.03020678915743881,0.305028051328877,0.1044683029381124,0.04812450551376618
7.775,0.01819290315356731,0.004406371062004122,0.008107136147373052,0.000894340310042166,0.018619438756501475,0.0010172732443136808,0.005937256678007366,0.02483802515194729,0.010617765358589088,0.02945497712079305,0.0016518702100645855,0.0,0.01724772730740633,0.007527980739273805,0.01252680610369154,-0.0004072217729067933,-0.002919338249633226,0.005274721044653728,5.6019679393441245e-05,0.015679976769182254,0.000530189764663044,0.022861630299977155,0.0368840030215863,0.021207343192815253,0.1607164673276518,0.08517852555122753,0.028179896304619048
8.278,0.01556953643581975,0.0006727916747931597,4.311842596958425e-05,0.00509642580936331,0.009749183601448707,0.0004038987383945728,0.004795769847554449,0.016271190616045615,0.004183070467905929,0.05133456277932065,-0.0011884454200318598,0.0,0.003174921159240246,0.00640287373963302,0.01040899751375053,0.0013079926425013625,0.008892282434683537,0.021782677465834864,0.0034768090047907463,0.015408719887804182,0.0022515890423751863,0.035401206402792235,-0.004739063432512005,0.025728450526783294,-0.06787728000798335,0.08405010951773739,0.0460345246691666
8.778,0.016911587882966584,0.002299287060802368,0.007696958954996328,0.0046513828758161435,-0.0041721569709541,-0.00024812871879390007,0.005328748747520659,0.02594051911634715,0.010776378869007366,0.04694407119456775,0.0019537223481387632,0.0,0.012929029046659594,0.0056894378161370844,0.008673673699839842,0.010166248912219704,0.004165544879789554,0.016463463697511182,0.0009636891775778455,0.016507226334056692,-0.0032127269486913424,0.02806247301893827,-0.003772712878898813,-0.0008129402946218334,0.15669025462318367,0.1085145305484532,0.04080906765036447
9.278,0.006795688274565946,-0.0012498742214025447,0.0037811904457911993,0.0054390035836168645,0.0327718983542673,-0.00011818660469494154,0.0014179374665734394,0.027756861222007,0.007157658490438306,0.013560679110500861,0.001040611894004958,0.0,0.009765175419473412,0.0038912426088451354,0.0022894334365774227,0.007939763434932839,0.02206969451243828,0.015396272899475186,0.001732227696039968,0.02558322329939336,-0.0023678112055571686,0.008228741265908867,-0.0024760547079069857,0.025659405821241175,0.2945764364998119,0.0825396355706287,0.008200661003161445
9.784,0.006130204246488741,0.0022390613364158788,0.014234716139305806,0.003514017308526735,0.025596730471051696,8.364191921449288e-06,0.003133829150320832,0.018527643548681368,-0.0001088408274881649,0.04272827325126966,-0.0011070985243501598,0.0,0.014530033103096312,0.0023342056832314486,0.0032713017859500476,0.015250227183542391,0.017531096899238107,0.008852736346736957,-0.003551905178621386,0.013722564707352012,-0.002221464084181765,0.06415706482683939,0.026010767706101137,0.027857026118050646,0.22488769570626307,0.06768154800733818,0.05209468610032709
10.277,0.00628947460599848,0.0036220934579780186,0.006424078742913271,0.009131086797082823,0.025270833669096472,0.0008619846089168169,0.003524835697462483,0.02833110045694547,0.012023384254858438,0.03262332304574641,0.0019200608644274495,0.0,0.012661365938926259,0.01025998259952019,0.000697826590287622,0.014028087085771718,0.020064748353824293,0.01694675059461077,0.006095546759832047,0.0098142334565641,0.005864861168966254,0.034644533394604125,0.027487369944948683,0.03431782510871217,0.15693890604698685,0.04137449894455203,0.03056878579506329
10.777,-0.00033161519023630674,0.004359359525169881,0.0023741337945664834,0.006055111921187361,0.033194658499682596,0.0008716859994366965,0.000383194399379372,0.012088084137775837,0.012516961646661287,0.03751705610751476,0.0016254717373628746,0.0,0.013884595444924343,0.0097739407789633,0.0184671503372754,0.011161095626977495,0.01822161813152216,0.004635438955334995,0.0015176055099781155,0.020680260364294385,-9.246717450627954e-05,0.0061990464221764775,0.017507244000717567,0.013279504466760874,-0.07810362372093314,0.0901282238275789,0.054708408703871905
11.278,-0.0020070935458333205,-0.00209426775015049,0.0069476946695263015,0.001844050076325263,0.0008107868452472259,-0.001429996761951223,0.0018145437177698612,0.018226387724840556,0.00904955908320383,-0.00012242033476236647,0.0009022447585123465,0.0,0.004131159912217248,0.007108286995601486,-0.002623614656324512,0.0033820109309188116,0.013366220690774101,0.0045865310876277285,0.0029338296981321604,0.007076847707491633,0.0006720327867458365,0.034492281431483286,0.02499487679988374,-0.0005497210182986736,0.06199466969074238,0.016166369121626674,0.036324654566468884
11.78,0.0075320876811760355,0.0023891579795132954,0.011540631022125169,0.00961052671644779,0.08522949034834676,0.002545869416207155,0.0016347448617310756,0.018152315743410252,0.005202845384461073,0.07605071070123412,0.0025913978412249153,0.0,0.014511239712215908,0.009990581006353114,0.007784027164734045,0.015321499520865528,0.02660846276329828,0.012668624239177008,0.00441445693668438,0.0262795362862137,0.004258807025598884,0.04224698425574053,0.02621417978402632,0.016347757085968632,0.18569558262568645,0.12442675376937473,0.03599945910514381
12.283,0.004375585910713886,-0.0010603735303077442,0.016464177377898674,0.004396802059916226,0.013111660986695955,-3.345886660826526e-05,0.0027149446813715785,0.03895738550037502,0.008014603915093838,0.10588641944262538,-6.238914240062545e-05,0.0,0.004568430069257974,0.003305573821383909,0.015381108375125352,0.005237535882351093,0.0160460325766281,0.0053418257253953945,0.0027029324733298986,0.021165696369548997,0.0021366298658166893,0.07857445147293066,0.03107096687920694,0.01712828893686023,0.2902278738970613,0.15348339755330215,0.1020983577675671
12.784,0.004194154880954203,0.0006657685391475823,0.02498024082147073,0.006667705417038262,0.04275116190625298,0.0004709735646320547,0.00149370911875901,0.012400932819349847,0.0016339152985745439,0.15390715860374285,0.0025444131846346376,0.0,0.005165294850581242,0.00843666557608874,0.010783460507122141,0.013792290564320605,0.014523774858479457,0.010171908245512264,0.003784824702655849,0.027395034759328227,0.005117609643421378,0.08438764796716376,0.029804210717025256,0.01557278265681888,0.0607954549662288,0.23914198812275453,0.16252424236202542
13.284,0.0035344846320790693,0.0035622366868791654,0.0026805763090209226,0.003229034028267277,-0.006528550039667968,0.0025141362744513615,0.0036543981980294393,0.023370905574827475,0.008895453901553592,0.14009436047673227,0.0022971563067565627,0.0,-0.008012259380254908,0.00728643326745712,0.016494814237371872,0.0026101652658323316,0.011027073020670025,0.003455905474034518,0.004443174718917379,0.0016667171954490604,0.005579700394826958,0.040210649519736505,0.017534152154568182,-5.848598483498473e-05,0.34215553340973376,0.20920137871530955,0.13878693468108372
13.777,0.002863618690101167,0.0015786083136230822,0.008639180682605288,0.0031654073833432108,0.018005411271642503,0.0014979962807119159,0.006128449072299703,0.017953263015778365,0.00900269307842203,0.11709933239387514,0.002645285360644575,0.0,0.02170580478695979,0.00536160055284405,0.004187671366666611,0.0015626879164024937,0.005438587512918261,0.005877096869850746,2.3068040158576703e-05,0.010686131048160527,0.0013694728234144604,0.044695000415218226,0.017157952877878455,0.022463940312842465,0.07297733320262038,0.14790973347482123,0.11798361930260093
14.279,0.006767799777823782,0.002821946194594172,0.012418705647778106,0.005656278821938775,0.028988485162634466,0.0021038275883111662,-0.00045474030478673483,0.025107597096217862,0.01294738699054216,0.056064149622766124,0.002644279252508518,0.0,0.006286575453232139,0.0069210068458900546,0.006511478620145603,0.008725798594604177,0.012866620878909194,0.01212847287256916,-2.9359323838413663e-05,0.021804094994568247,0.006643604752567094,0.024440399664354778,0.039155176720661496,0.022611733342255833,0.17015702933808066,0.07024385897636311,0.059375578146976096
14.777,0.007942314715547861,-0.0003505975873948975,0.006832626545216231,0.002228470383371661,0.013777921676237046,0.0012745947639972626,0.0013708450462704296,0.019581683685168938,-0.00846839521297293,0.07295342284207924,0.0006402663469090673,0.0,-0.0028555939352345283,0.01464085010239217,0.007855883619073993,0.00492085417937508,0.009105912005624809,0.0026490201973995583,0.0005149523315964736,0.014542384727769805,0.004814682492805399,0.02198845763717047,0.015030054741237987,0.040734592161551925,0.19927919333950128,0.11150679090406218,0.059567416548126445
15.296,0.00393141982048705,-0.0007839604070917712,0.004644620454010266,0.0012911178753886134,0.01485294908391087,0.0007556434798397487,0.00022734061498186554,0.0025189154112831252,0.007425411474257721,0.04470294549409888,0.0037605507929455136,0.0,0.004959938668748856,0.005478564608357717,0.007169095663775699,0.0005389062447845906,0.007645781362190432,0.0017420134880047253,0.00514752121902451,0.000948516825822571,0.0020381895471271814,0.01578457221484715,0.024393785627776284,-0.0006832597022778586,0.20160550711558503,0.09773260139670693,0.046962278140989994
15.776,0.0053218992472726075,0.00017392461613933345,0.007945981305301117,-0.002174302816730316,0.035106438576958436,0.0021371634355754816,0.005939030844245196,0.0270985885771787,0.005274461755530602,0.036812662006677585,-0.0003661091549410173,0.0,0.0037379273231104284,0.001802507261989434,0.01080674812343656,0.002704115352492463,0.0001042949298001032,-0.003864604429581373,0.0018914117710123336,0.0055990532075226454,0.007641548422379712,0.0006215884342960559,0.04096198694943362,-0.003554179807308602,0.14869090068171664,0.06191425754665556,0.03461859846908666
16.285,0.004415797201115106,0.0008984271924536853,0.004968628320484744,0.0009788391281465875,0.0652555533797812,0.0008143718709473208,0.0012501017115771655,0.017253874485928168,0.0009439504995985296,0.007192104635719071,0.0012966219917376997,0.0,0.010698764249621039,0.001509291452632246,0.014877534480672501,0.010689344315192884,0.004175935816396032,0.0009545811468251769,0.0016249084798767087,-0.008221855192172637,0.0023912534062423786,0.025300446547618743,0.03587558342206309,0.009481835782360365,0.21122008331500283,-0.014753186569144077,0.098301283682887
16.777,0.0097690141710015,0.003667036000077415,0.011693912919401667,0.003374490797700828,0.05787295936655674,0.0035202331058823903,0.004563264348398293,0.009972461992705768,0.006119430969313144,0.05230409971442707,0.004903437021259145,0.0,0.008645056094368305,0.00637853848203712,0.016341733795750515,0.012850385998955433,0.003446258267931141,0.0029110249575592263,0.005495679845826255,0.004655862839838634,0.006197442522009932,0.010392227921676994,0.035422056353800344,0.00708178089050219,0.168677268893525,0.09034525586473811,0.022801780466290267
17.287,0.009422833838863146,0.006184930861866677,0.018121597422566284,0.006779887098367746,0.04747876027196576,0.003181030428944065,-0.0014396784594768453,0.0281431226850359,0.010004694303482801,-0.0031656106819372724,0.0040657003798505766,0.0,0.016149539489314326,0.005609203238999441,0.01562419140373053,0.025632134984394588,0.010759967179131538,0.012438645211025858,0.0017463528435923844,0.03212652540182339,0.004439746806269336,0.020210381064600068,0.033260838237349356,0.024889526039652037,0.18299968218629278,-0.01221833995816266,0.0008643651173247991
17.777,0.00782390831442942,0.004242913737922984,0.0071410269051818106,0.0030089235038292654,0.06793775348181416,0.004256541470804374,0.004507771755923933,0.018155725564802952,-0.0005886244144695005,-0.026252995515881943,0.0030724160327095205,0.0,0.003652824246846084,0.006035177187052938,0.006490144360251496,0.023016195719478837,0.005402351651647249,0.004040694551634395,0.0036919711596462915,-0.0021686261671395226,0.006268810825141313,0.02694755102914999,0.0289511455128655,0.015564012676729477,0.16850521706843488,-0.02379082987364829,-0.02396976393174153
18.277,0.002407896880865817,0.0032134031248903586,0.007624433600304016,0.0024286531188568846,0.08789692789673843,0.00276721002576514,0.003795802972558752,0.005393324139968048,0.006100749333967503,0.018860224739894044,0.004353774210964005,0.0,-0.006193246514278927,0.006872495550312586,-0.00030311950122855743,0.009531679187036263,0.00552390634898698,0.011679974436221657,0.004142360978150252,0.011348940103126981,0.0027773617018730795,0.018089752537399358,0.0030664331826405866,0.010446566962515327,0.23917749193603632,0.027983195797850188,0.06376778347122519
18.787,0.0039057872109759264,0.0032520371140939822,0.006535715065528265,0.003133745518290635,0.04857499126908546,0.0028878987804467223,0.005061803099494737,0.017028692701240952,0.007830126315192984,0.012637893799885573,0.0038507241996445438,0.0,0.005773138096199705,0.0037682234659699473,0.016368575893890833,0.0015511863494932073,0.0006575263379224837,0.012272343175301351,0.005064233812963142,0.020642977097575888,0.004953539291329482,0.02350223125978128,0.009108941416979205,0.015136407742833976,0.010413595719857014,0.01832428529975738,0.012437319441643712
19.277,0.0014476894125010809,0.005409301031417881,0.01046176247319449,0.005104768128019454,0.05004624755877759,0.002193367401139459,-0.0010112087844617848,0.03072231063143643,0.00023998028075501948,0.01577406564888384,0.0019815223431481122,0.0,0.011857229328127362,0.014637720218457217,0.0020910793938448296,-0.0012090164597110366,0.010200784773434063,0.01765318916244093,0.004283099632981085,0.018200540582974413,0.005022917797799556,0.0227527367748317,0.022310219975154217,0.00864023681528482,0.45028369616503033,-0.00015134164130138075,0.046963288930352176
19.778,0.0036130067419182024,0.0015555211642701296,0.009673224231274787,0.0033063083031722117,0.0436972957237224,0.0033755555378913314,0.00685940988620394,0.03077597275757943,0.0038755889864743546,0.048761490252381176,0.0074725261303577725,0.0,0.011121854239863609,0.005004433685407236,0.008239156203071267,0.009171128453762322,0.003464900122528939,0.007467216685876035,0.00536320387160624,0.007639458792044894,1.722848124785011e-05,0.015480747488714953,0.032963479721593726,0.011071510921441095,0.26287105400569927,0.11252905364767977,0.06025604136368475
20.276,0.0023122369690328102,0.0031852528605902457,0.010412043443786228,0.000633019541319636,0.02032117006592939,0.0024867972569604583,0.003551914900268318,0.01688086689956365,0.003920538744114228,0.09171231690591759,0.004729830162615807,0.0,0.009452254791762206,0.004798484716840472,0.007311920915559691,0.007195291330102067,0.006273222365393557,0.004108094506994986,-0.0005513005358432085,0.017034213173601778,0.0013343302355077094,0.027933602106637964,0.02778194114791268,0.01716795108144396,0.02188678838906043,0.1710378606273497,0.056355709361320026
20.788,0.0034285659997830994,0.005076373726596786,0.014545769420714038,0.006615456775448841,0.07364111142652972,0.0031266140960655065,0.005104066462947352,0.011388446445493392,0.007801646545527466,0.11257819754359255,0.005357118544988788,0.0,0.014598168298985656,0.011711429209541328,0.01488432015011092,0.011601205206222093,0.0073778850958440235,0.013392697589280607,0.003746838906115151,0.017543232748239247,0.0037537284384459705,0.01576080938865035,0.03354735757470195,0.027920182318674852,0.12023447753602497,0.1683878735659742,0.09798609605445388
21.278,0.0002998111969071516,0.0027285436057455097,0.01333161685032567,0.003069083683480354,0.03698172833610472,0.002730780898497554,0.007509006783910624,0.013135197990473935,0.0004730322925492112,0.054759105190551126,0.0037905594893584823,0.0,2.06025707687432e-05,-0.0003462448858309893,0.0037031684265965595,0.012913610671533614,0.008748053846780315,0.010298579444674192,0.008787616222877218,0.01552703418314178,0.005218371665061641,0.020762546182560213,0.02017698585467058,0.020985642703685286,-0.0010758691688347022,0.07216315440600127,0.07015672686660843
21.788,0.005277412048399996,0.008346696416407735,0.0112458502004594,0.003251115798059629,0.052482846661266555,0.003927913967394406,0.007815985245301155,0.010076112866121372,0.021079746229252187,0.09903621173787813,0.004972028837906918,0.0,0.006985628422411874,0.005574881368332519,-0.0006027221007479421,0.009108368115379776,0.010759500228369964,0.007729143577303045,0.006428381679248622,0.010852377579746894,0.0056404190686537205,0.015205307974531257,0.036157361380622415,0.02070248648403608,-0.03203269466298567,0.07308464039784782,0.12978999427937413
22.279,0.009525248435217099,0.006502280645598031,-0.00037765056641991454,0.0026365373231220226,0.011091750558616513,0.0038712417494382975,0.007980194810400616,0.027564455028329122,0.005667770724014558,-0.004390632989480552,0.0019602848646422025,0.0,0.001015896340642626,0.005086040726198167,0.011823853934968834,0.01120440952257457,0.014755605226037674,0.0008453307588150676,0.0027589164397676526,-0.012022235040027057,0.004068765526861222,-0.0015750164602324858,0.017466564818014684,0.02060128638568126,0.051266158437468526,0.034109396321847216,-0.0034668621486799384
22.778,0.007437942519203383,0.0021865874651809908,0.01225143248634049,0.001068468960954124,0.059477788721804634,0.0041832989732134675,0.008911513184538054,0.002828144363047284,0.0064023019404662405,0.01272538818779471,0.0022154963099170447,0.0,0.005745332431123389,-0.0015005266416903086,0.000151564855310206,0.006350349769468233,0.005766595767393681,0.00752193691556483,0.0015889828454428167,0.011956178316171637,0.002496952378286055,0.0072383212589348525,0.041169472610051286,0.0361245650699914,0.19816056387114445,0.01710313241931458,0.029909767950367126
23.278,0.009310720418571032,0.0019432820189596352,0.008551266603568353,0.0027089061885242935,0.02478512836858679,0.0037986082256387314,0.004283697115334375,0.003853945518447715,0.02413332260698261,0.0629149288984995,0.003473523119649361,0.0,0.00318219226501111,0.0029404103044508995,0.0027678766097586228,0.014301909551943586,0.005170053436051796,0.008805056046516066,0.0030446055343804936,0.0071272279157306995,0.003647143149103876,0.01943536505192459,0.02028784794904251,0.01061918841260894,0.07258624105139558,0.10228564863481819,0.09018589663346163
23.777,0.013733761384076787,0.006926206856574129,0.022850592402846984,0.004343725774040285,0.05541886474350611,0.005000719085131385,0.010142954797650178,0.02069720002209104,0.004536254901212489,0.06630073680503687,0.004391551911066429,0.0,0.013635054143076445,-5.7592651518062434e-05,0.005493983016244845,0.010209258374550053,0.012158909522409753,0.012098424155740445,0.002861162074583451,0.02291824235536336,0.005375251824126997,0.05269913379075196,0.043334098002537874,0.018478655651622978,0.20213847051915435,0.12216322540795788,0.03807757428799876
24.286,0.013828702691686087,0.0020140990804543867,0.006203895016505691,0.0038582416366718755,0.02214518823756382,0.005079703080417374,0.010385726404455346,0.0030702554990040386,0.010423321446374777,0.04911665596713131,0.004276844402833265,0.0,0.012941446301774892,0.003327905268189165,0.015218840467499882,0.014718357306190916,0.00574004892759634,0.0036070360696666874,0.00278486212469413,0.008113197215172542,0.0035171511618935086,0.03432026367656501,0.00692971245210752,0.014424400417142142,0.1623490761253241,0.07897840272102775,0.032808809963357985
24.778,0.00916487272109296,0.002742167359577687,0.008005551024919457,0.004296093591775633,0.02372714669814668,0.0038461908907777512,0.010389903921027937,0.006471637552276694,0.02231749737117209,0.038090127125186946,0.0023252718029771304,0.0,0.001494422662493326,0.007257555937495394,0.004269693106214864,0.014579726718303918,0.016957914353226248,0.00392631418038783,0.002844086228023092,0.011602687596638812,0.004402188307267586,0.012367294670392562,0.006465648193304474,0.04043175496001611,0.23748094053534377,0.08063299071726675,-0.017483431490369596
25.277,0.01233899549478533,0.0038938211344503276,0.00717085433240556,0.0024540781898019595,0.041115267240160354,0.004582360655839584,0.003817712185260184,0.00828493954742743,0.007303276825804911,0.0669670886865417,0.0012451108822437993,0.0,0.005089222261284923,0.002298759078995495,0.007796223678372491,0.009366955501771645,0.009844353867283042,0.003348538526542911,0.0019874057991564123,0.011208806080108808,0.001008319812487978,0.019308810572157366,0.026403960059244523,0.004901200963122445,0.18974441831019537,0.07257294166400437,0.06666474362049932
25.777,0.01029868680740234,0.0021939614697379264,0.0039073178271986355,0.005057318626021177,0.04470619423235127,0.0042551850637742375,0.0068039468619045295,0.009964106936708121,0.0018454196786727387,0.0564640270829725,0.00581875936642059,0.0,0.01608380764121184,0.006540932163333921,0.002909483838502465,0.009051477406135693,0.015006306901225109,0.009407043255822423,-0.0001866906236587899,0.002111551726442145,0.007025320463148469,0.016735965175851773,0.005781303679692937,0.01332026726561162,0.08826079757284558,0.033713469457039395,0.07087747557053511
26.277,0.010623042627218977,0.0029895605086365006,0.007490726283285322,0.005227003692504723,0.03839393862290036,0.0021241032989444382,5.158873596313621e-05,0.00242426722368585,0.0064473863142678126,0.07100839708899699,0.003148436731707281,0.0,0.011318805389234604,0.0023356310615231294,0.009839618470342221,0.015166274877146583,0.01459855827440095,0.010038816580192695,0.0029876880978634613,0.01510327146570487,0.005088851701761164,0.031341265334556105,0.003632086106426101,0.03853089268324659,0.29296930324633075,0.08776229282508557,0.08185577280751599
26.777,0.01617334413918827,0.004343867748806766,-0.0005749200823118594,0.007781504680369875,0.021143953915095257,0.004157801531702925,0.00477297297860944,0.008004521622911952,0.0011453257841183854,0.0579932432455469,0.005402637285835546,0.0,0.009033338031032926,0.006842026943947141,0.008010081035887257,0.02254213375597378,0.018675839778389474,0.0067139719040910754,0.006623302729011746,0.002694566844808258,0.003620084741940778,-0.01579684639790016,0.0341567737301475,0.017506434394257177,0.14605830296751376,0.0649815110652837,0.06903339595337817
27.277,0.02214206440008218,0.003914878844135443,0.0022137676613765062,0.0038960414067154884,0.04058119168233907,0.003853203246243215,0.0055212939587223194,-0.005881245847710766,0.005208162805090897,0.03407317242464069,0.003729591185758837,0.0,0.010609041906070527,0.004274484690481805,-0.000254467791802533,0.012508413608565876,0.008551658758382721,0.00798051723415858,0.002185812126480445,0.003516338844239879,0.006450637799021912,-0.0074485521206360044,0.018021350565869274,-0.0018728870542977702,0.29661273726835596,0.03475587202045395,0.0046584298510507745
27.777,0.012579553749174823,0.007006127543801527,-0.000601653696101356,0.00221097703207074,0.0175369991562523,0.0031902748813609455,0.005307271306546714,0.007383353809147907,0.008087861932822805,0.014928850350702846,0.0020815046050765293,0.0,0.004830671615719684,0.005117717851469161,0.0034011316180867952,0.003734244899716239,0.009656373987370414,0.007613112188344551,0.001957601941575177,-0.008399607382140925,0.002812836054513207,0.021185125359016777,0.009692311381704538,0.02214096676616191,0.016073726554905136,0.04842624745188747,0.028106024833139405
28.277,0.010130595363546113,0.002300845051733346,0.00014311038669750776,0.0035667635505760922,0.04942005605919476,0.0032892126399604172,0.0073612648913586225,0.008523137523236616,0.011937442025305162,0.04073938814698241,0.004552606977784869,0.0,0.005911762477462636,0.005221723653783718,0.019932727463527943,0.00802587688507221,0.008917707543230301,0.004729192529806955,0.0013435639689331048,0.016890100284471046,0.0009814567936219972,-0.003773182057345681,-0.008191395103570908,-0.0008507837876446688,-0.06725616852861559,0.09896452681647562,0.0119829273496061
28.777,0.010021575960828937,0.0015348533794200079,-0.0003271228309299043,0.0021759044240800564,0.025591436682232092,0.0028091021588170268,0.009054911768726895,0.011271812600518264,-0.003024424091426951,0.06506645322216283,0.00045497178791707304,0.0,0.008475541610948155,0.010885758237583741,0.02476748797635209,0.003650322880998397,0.004365956993940179,0.006151193251324828,-0.00027649507063695936,0.0025432780958328017,0.0021239912954624093,5.55185606563157e-05,0.006189955881530082,0.013993467080677575,0.2630241839569532,0.1456764139946377,0.04840305468790176
29.284,0.0014480517692851507,0.0009836085816419663,-0.002304088753170002,-0.004909040106370486,0.04437333627593819,-0.0002615845586214678,0.003958176001042377,0.007327538573025454,0.00281704426512312,0.0834720519530865,0.00023011956486450596,0.0,-0.009007760986292475,-0.000576792604419055,-5.4321179839458575e-08,-0.0007450151444553241,-0.0009086332059525747,-0.005386564636824167,-0.0009594743492905481,-0.01126076381752098,0.0023288510718412984,0.009893500065074431,0.016625677636067798,-0.01468661085807442,0.4333673278436219,0.17341527750731398,0.02107727686234026
29.778,0.008818549269339834,0.0055438425993203505,0.004417545071998467,0.0022931517976494697,0.044248220344457447,0.0048629168974729875,0.008938953224195637,0.005121707187181438,0.0029808815136768523,0.1277044320571114,0.004500059807598326,0.0,0.004600645793818704,0.009710915789272514,0.010995893344421578,0.00959243464242238,0.0010752820051325095,0.00040785512845721854,0.0003313400935510135,0.018446205805558474,0.005293234666270358,0.003386500387386499,0.0012391313115996808,0.02654728473346739,0.2602623801924218,0.1775262151474553,0.08395895719584237
30.285,0.0032459133894325296,0.0035004451444724514,0.006803357307836832,0.0027980403763561007,0.034168882416229236,0.002597971139122708,0.002401781486194852,0.0021963028219718545,0.031026258521315096,0.12378765162083431,0.00041117731491730733,0.0,0.019718177118446683,0.0032484473802539657,0.001648678707191255,0.010601700623454462,0.0030899023436860846,0.004811920217426643,0.004249255633482235,0.00327762037183278,0.0011838096430531585,0.0059681703133535255,0.04992753535180606,0.024628021958042257,0.30293606607290186,0.19713287065403085,0.06678042423987751
30.778,0.0009872139093487138,-0.0030105310569375405,0.004294671477899311,0.0015881153810999792,-0.014907578802182641,0.0018447460778353243,0.0017145381261817825,0.01803120650099442,0.021353656182776445,0.10063069907521403,0.0014878370410006663,0.0,0.007290883568560549,0.002203281414887871,0.015905419962340128,0.005951698825986584,-0.0021464216987195405,0.009565812863285823,0.001911486098308124,0.009293440040522138,0.004453718486930258,0.02281846168397733,-0.0010255137754338454,0.031637311784232465,0.33758866386248587,0.15908805650142707,0.07899810613872064
31.282,0.0033063397889794986,0.001144813917343323,0.012991681565295095,0.0010921766360482506,0.011162638604762982,0.00043375078095555234,0.0036160766589820553,0.017267383828620763,0.017186767448778322,0.07896354857836475,0.001751874743400713,0.0,0.024527108673450423,0.01161197825230581,0.01592772532123573,0.012456366591680043,-0.006701500274316477,-0.0021504529946681453,0.002448148080042426,0.0282514245893058,-0.0021481887175817996,0.05412930124006004,0.0069386528802982675,0.02276979555001494,0.36016841658059784,0.09945464139708304,0.08187737278108084
31.782,0.004425038661071821,0.0006551284314173504,0.0182777290290235,0.0012785236362525944,0.025199861960811892,0.002540139676151172,0.004306317343481926,-0.0017248077162619307,0.02731597978880839,0.09037268215044116,0.0014684438101144903,0.0,0.010875794426557756,0.012970726190512958,0.015341644799519162,0.0018448221235122311,0.0003533573578704571,0.002792361801058292,0.0005349685729322237,0.03930753368791197,0.005141050584501479,0.051391639712901685,0.022100614754298028,0.0596967931422183,0.2196462926716803,0.09720437108146063,0.06474956776748121
32.284,0.006219808035897274,0.004512769136987404,0.008559107260368784,0.0012594007360004378,0.03389642554190605,0.0018181592313909886,0.0029020780627596475,-0.009042018240655373,0.026444812694374004,0.0647005268014463,0.0038719542121170517,0.0,0.005060939329842833,0.0006829836157105729,0.003992628128226101,0.005418518847365289,0.0053399793864785374,0.003419853747532186,0.003185399380846311,0.014373279851880897,0.003687050824723779,0.03724900443867717,0.020658249471927344,0.03206823369753073,0.05129521349890241,0.110625340359146,0.03610227362331503
32.784,0.004188210727500123,0.0017607710744024182,0.007630081663941679,0.0018657359473255456,0.02837857437033883,0.00219512219213419,0.007125910461870776,0.01738810373137016,0.033835213434128764,0.028623176234323238,-0.0002913658743890892,0.0,0.005625455632125035,0.007219560061099637,0.014282359024532761,0.01189452673971596,0.002975044818106101,0.0027818454661807874,0.0009456624724467653,0.018084449013023435,0.0016042451802803952,0.03990383120892047,0.013687500951656797,0.027583522022686068,0.15909494070591612,0.04302543783064682,0.035720358105784215
33.278,0.006986861586648802,0.0014088555177855368,0.011222582771843615,0.0013379849454224222,0.04107969618886582,0.0008430154480944176,0.0035765053498119734,0.013939294470199318,0.02892269650045229,0.06273508137273921,0.0005250361160802083,0.0,0.007794082509518154,0.006083078859469429,0.0092046616911373,0.0018174560422714295,0.0036923308711147907,0.00031026602143261525,0.0016244403516143962,0.009748891626823394,0.0010089619249834775,0.030085134463821207,0.03765069495355362,0.0028845409057909072,0.19518541117207913,0.11015453792045303,0.040387017703794256
33.776,0.005436313574873382,0.0001984057030825782,0.011710584822714346,0.0005757418348981417,0.04052215679682134,0.0015101224179092769,0.004382977631407578,0.018935502493622226,0.03291529337578079,0.07693567134301665,0.0017441234264996186,0.0,0.013711088894662164,0.006529121649697276,0.007711935648473294,-0.003983018259772974,0.0067809147335623566,0.0013523980115115511,0.0021529118364637563,0.010562517318080292,0.0025246443968061946,0.021140632865922684,0.02284880194990756,0.02197136426810551,0.3380458184060799,0.06982396446517128,0.07800343544673087
34.293,0.004548935907231194,0.0009501800981525901,0.01170849938592739,0.004003656117027746,0.032246011804116535,0.0018486101026376658,0.004318812435134273,-0.0035960914795964156,0.024922776351595843,0.11548960488002769,0.0016420953280554885,0.0,0.006863249217873793,0.015027248500640453,0.004951787360703617,0.0018944150694868705,0.010272210712079084,0.006541959056922517,0.002341161251001924,0.016482246590336716,0.004159276231028341,0.034084899084342,0.00847984973156875,0.0321444300363902,0.5063170437262886,0.13044858726128028,0.11163284929594278
34.777,0.004499773288820182,0.003652332181224366,0.010002554682711313,0.0015793225184347333,-0.021921007128363187,0.0014805782954498109,0.00816332197189866,0.01081318103219097,0.012737658435968418,0.10350927473753611,0.002876671270247832,0.0,0.007017418880406739,0.010426638152991326,0.0053223697563770855,0.004738554153703203,0.0013016165334496959,0.0006786745950136488,0.0045396137659614675,0.013266653410816238,0.0045335822314112135,0.018266895603782387,0.02261587699519357,0.029020857927668404,0.3637049481365698,0.1912972411247202,0.06687602657093457
35.297,0.0064978558440446236,-0.0020060232702347135,0.005549321315338343,0.0013507764800685955,0.050066093012982364,0.0013442124960183536,0.0038024698447077622,0.0012415344327911515,0.016690176624350534,0.12112809515184342,0.0022189185842184317,0.0,0.0037854545040468296,0.009935563475901242,0.013367913370234423,6.012963803875942e-05,0.0012450359197974767,0.006997656534007713,0.0041158762906580194,0.0030583119006686007,-0.0004043210970118881,0.019679708755097922,0.01373974964280702,0.009462104952689634,0.17490675678271336,0.10989171181378217,0.15375090568142194
35.776,0.005317036003619114,0.0017619764017469217,0.011261950209255285,0.0010964625197096276,0.04927857171440386,0.0015424234142592966,0.005392679145693966,0.007966737367253288,0.017950610653925562,0.073343686364331,0.0018605815752726995,0.0,0.002115664080339693,0.0024752801069798263,0.013529966563562748,0.005782699667621353,0.008384271572013045,0.0012245920258964734,0.0030175684924168967,0.02010294847825078,0.008144179244346524,0.03420278444809732,0.034950515098504574,0.030534925582694536,0.362509202752567,0.11623685725817777,0.04373557173605665
36.289,0.002665973503759609,8.438701199550244e-05,0.006541613637966394,-0.002415489383575371,0.018626919838047835,-0.00011793722513426639,0.004289887854769899,0.009123054969866866,0.01163102829138466,0.07581832029308189,0.000549158281333145,0.0,0.0004168697023133092,-0.00025096991790892923,0.005193304358301356,0.005841811839649349,-0.0012388153424938515,-0.0030886450531049294,0.001356724846844321,0.01941290291809156,0.0010856452839475552,0.020247332257953304,0.0008872379281123496,0.04756821575274825,0.43726576032015896,0.12295773643568664,0.09125507778051023
36.777,-0.0009280731245780986,-0.00034488805064784796,0.005014993127122208,-0.002573792453293948,-0.002431667839115528,-0.0003278404225769237,0.0002956993233109189,0.006965018263824253,0.009871832493278263,0.10473920032586473,0.0016514834969397357,0.0,-0.008015829573680402,-0.0013723741193686087,0.0065823846082641154,0.003269290921274932,-0.0036347416284403296,-0.0006461042588945722,0.0035969893681736583,5.861247647930729e-05,0.0005137282540184435,0.026741740452141692,0.019488781464786248,0.03895340302292482,0.16044064697253047,0.0606653051495653,0.15902900965857109
37.287,0.009100695506637497,0.0018113642808324749,0.010902245317063025,0.0049191974745783585,0.0294897618470272,0.0008049550936777704,-0.0009533958998664853,0.002019782934004085,0.02396938225579303,0.15683135571778298,0.004580975345303339,0.0,0.012810414372954394,0.0014944364340073347,0.002574591543513167,0.005046485774391607,0.011244366186623094,0.010381771325586497,0.010302760057608737,0.019745530256685517,0.000157235982171181,0.035091137605098854,0.007374656515769343,0.057192313383866995,0.43794543200140496,0.1832912394117691,0.1693394915423153
37.779,0.0017056840253734675,0.0014031799811187276,0.008207942973558712,0.0030239974562902543,0.051649431450212877,0.0009232034031774805,-0.0002142933119334359,0.0034451684634037895,0.02458622194547133,0.2006180582120911,0.0018133015412778722,0.0,0.015846252982973482,0.00979192979762885,-0.0014949815804770291,0.006041795347413809,0.007008031628421085,0.003770192507716446,0.005926916055757007,0.0305360226800293,0.005749675702251471,0.026469371166439475,-0.003604263072635719,0.044158178194760124,0.4937475026073314,0.2831042989621632,0.2081924491753478
38.278,-0.005207112705698593,-0.00012238356580172917,0.000696581448493708,9.219504543192723e-05,-0.011238151275546365,4.5864476441037535e-05,0.0012105390406551887,0.0006707585563239837,0.01805972947095036,0.16255042761692542,-0.0010092042957481904,0.0,-0.00045403026370380826,0.003425374815624192,0.0010463546211946341,-0.004061809660332627,0.008771665762558532,0.0003729281332637589,0.007878702458875581,0.00660677045418554,0.0008847439903571787,-0.005279337884659382,0.030147022307312206,0.03028961068554835,0.5684068780915238,0.23653565723702397,0.16580917066566536
38.777,0.004892491432162479,0.0017818083864949898,0.007777185729119305,0.0020100815000460527,0.03404611783810174,0.0012548972050460704,0.0014064134283588668,0.00967206414789854,0.026258083239274962,0.18361954368013492,-2.829181349109268e-05,0.0,0.015401794074627929,0.010423002481271489,-0.00043918806498680936,0.009387744350730344,0.0025516509893473327,0.003660413862812226,0.0024064380254787744,0.021952822516181525,-0.00012215461558069473,0.019259692198615383,0.015167468900805796,0.05547437717678107,0.37423934310464224,0.23710226220524808,0.2061591954080856
39.289,-0.003375293373072271,0.0014557235346534273,0.011539314699762621,0.0005402912096393454,0.013554896835946146,-6.097072856395963e-05,-0.0007836207413413801,-0.009435785464117804,0.01778872301335462,0.16230616815104154,9.155977271962998e-05,0.0,0.008937567468878116,-0.003038430825333191,-0.006880041611038277,0.0034246461007254887,0.0021453106569529765,0.010441174303393816,0.0040221069289968474,0.031636372979597496,0.0009359056868387046,0.014748605161738584,0.021544874604331618,0.019604289135269445,0.1296448082208676,0.21091336871071936,0.17855561774325118
39.777,-0.0017124650890648384,-0.0002976239370451896,0.011909980962824671,-0.00025613509468202367,-0.0008464172694616637,-0.0022639609942101202,0.0009491561408864205,0.0024603594864162004,0.014739421769121746,0.22587673800488428,1.1002371913180558e-05,0.0,0.0019284474590751668,0.012879819623633059,0.004166078422374745,0.0007972221646132915,0.004427175363337512,0.005545784455530823,-0.0021724614793312376,0.02874036198793518,-0.0006956996748629251,0.035357818354637256,0.007488910892120307,0.01171834486667949,0.2480441474882353,0.32924084830733147,0.1932765552096587
40.277,0.00022128986624182445,0.006637907224177503,0.021190908091890004,0.004106138335290877,0.01957690027172992,0.00211267031233547,0.006412367818258727,0.019855539341838216,0.026199064832261233,0.26812847511670307,0.004653949322140143,0.0,0.0031727514038167298,0.006654709088964817,0.004576337371344364,0.0022508639762687447,0.008892173570568866,0.013416799418043654,0.005487099525759826,0.03517367718208978,0.0014998159239826834,0.03097425054910012,0.04546660180732981,0.06750800932803319,0.3828382401734035,0.330140457342311,0.2201998736552907
40.787,0.002805835549941535,0.004067708863052098,0.015812855396045603,5.338687953251392e-06,0.011317368638944864,0.002309383688164199,0.0015606708991540473,0.0047022793179839085,0.022137227563035926,0.31346109802352345,0.0032524875545821563,0.0,0.007564617765980248,0.00975522628978202,0.0019336543760213212,-0.0019177273233468059,0.001960586820881665,0.00011133476287224082,0.003945788250307334,0.02776624694631799,0.0057975303911147556,0.038217114002947465,0.028592774025264306,0.05614889499524439,0.4389111676991124,0.40215726195799695,0.3084853508482897
41.276,0.0016648629068050289,0.004412662682378784,0.01709019724669571,0.002455412395875509,0.026846193223055734,0.002937737809538804,0.0015599414598759021,0.01613146031430291,0.01921135822728836,0.31204059690880204,0.003306121632060441,0.0,0.00869350910610324,0.009021970997990405,0.01101078283922806,0.0019033175540318372,0.0036933286096741853,0.0031059291061269864,0.00150468832979572,0.01833794290778782,0.003974477560861165,0.02761195530923876,0.020760591233992525,0.04791049727947097,0.5160706803683996,0.3993635481265471,0.2657765318546053
41.777,0.005056737207366167,0.006997193769877171,0.011542969043486567,0.002626670327138106,0.021257150927625052,0.003711315511458718,0.007819806740258164,0.014734860217492249,0.020097865444051326,0.27911973356816894,0.005142846739406517,0.0,0.00931189992292818,0.007050149750177984,0.004244228537850646,0.004951137841845833,0.004659722947060245,0.01126238743666298,0.004394471438371252,0.033345324112905084,0.00590599021240884,0.030503454995738515,0.015255036764622587,0.05242278733034379,0.40951414817767934,0.27077163434709295,0.326429738246487
42.287,0.011403939462201685,0.00520124942382401,0.013775572960960865,0.005801268801698992,0.07736875334082918,0.0028338138147791427,0.004582343385392083,0.008056985785908872,0.022044358889420728,0.2256941181315927,0.004244547958908308,0.0,0.005244019820711916,0.004626653247968445,0.012443209761301916,0.005484084813339765,0.012021964320068792,0.012467425404307928,0.008323671341478833,0.012127261225778882,0.008381677897244985,0.009970643057303772,0.055167614206052484,0.022117743555811288,0.27182113453468726,0.3230540004507642,0.22267823405052886
42.777,0.007707526009385405,0.0040534921423741755,0.015010954219711744,0.006107682270012223,0.04112326220632927,0.002274507719074504,0.00040735747202527863,0.016631512096391403,0.018002117061038523,0.20646803645229145,0.0034824403880257503,0.0,0.02114815078699617,0.0031054694594946793,0.005833836679775769,0.00660548495926258,0.009317246023145534,0.016705635126375677,0.007130453802617277,0.029595901924829193,0.006967497722962002,0.04029324648009264,0.02721564522944825,0.04840433393606738,0.3231869143978028,0.3160716950715332,0.14985321761346593
43.288,0.005065773081250403,0.0076280229325363024,0.020857952193797324,0.009230216548159,0.04923797373504025,0.0015233389805878717,0.0010873203786103563,0.019786667247451907,0.013010318583925843,0.2177389993733189,0.001691890749068517,0.0,0.02755009280216372,0.00017863988880591382,0.003239418152821431,0.01981814045234867,0.020945100574657614,0.0133785549695078,0.009522776677730473,0.055103504277136006,0.006984220755687905,0.0372069733407802,0.021905074644052037,0.034173457126339346,0.29299421631960926,0.2926442371711431,0.19578656621410143
43.778,0.006206351409464954,0.0032612907601581955,0.0039088624409183825,0.006423196547357459,0.035035463055474336,0.002902709153518832,0.004629986832638673,0.020623044894912984,0.022111015309971536,0.19043712432117615,0.004507086492520926,0.0,0.011682417959086932,0.011588724229353593,0.004345172545163994,0.011242538766255084,0.008212393305611378,0.013216648782769385,0.005782755531861985,0.030802736821481925,0.006978503390160138,0.020870480009541628,0.015795974107122586,0.02018629370639378,0.16285615720200797,0.27799758259718366,0.18316215278905867
44.276,0.008655796159353213,0.005091557761387019,0.006537045610571485,0.0032914347012889386,0.038924857669721855,0.0019272695037871085,0.001236504652911446,0.019775259363407002,0.025411053447756064,0.20102563094749135,0.003980660824141843,0.0,0.007683099046525357,0.0015908056446244368,0.011156349635378338,0.01298580063304482,0.011896305810109477,0.007603841700963328,-0.001164579509336305,0.007297348530517772,0.007935865807358574,0.03358183644736281,0.011024570665959788,-0.001963565549226704,0.24643867103358166,0.25371422604546734,0.20666252912500646
44.787,0.013999937959351944,0.005526113705492132,0.0033593175022943486,0.005987602388695515,0.05262585935319759,0.0018984763646416824,-0.0031509471671419998,0.015790770512775668,0.025960748807365534,0.1397549821399612,0.00415872848486648,0.0,0.014903449901254553,0.007823197405342902,0.010429908537348308,0.008011709607681603,0.0160040780116085,0.011951465152225489,0.004194956715362623,0.009644201488072726,0.0012464310664253497,0.0060057085264970615,0.018681056790191015,0.013887589053112485,0.26884966977243235,0.1285358928523757,0.17048615242677972
45.277,0.017727918384922225,0.0046327819574086835,0.002082058934171928,0.0060058345100029425,0.02517537786206947,0.002551173098126559,0.00269208788784459,0.025022401673544525,0.009588807920860703,0.1496665175872112,0.004829725775375523,0.0,0.009488967205440945,0.007782992109550836,0.005071066748851416,0.005439792782510671,0.020068404295813056,0.00551571756993466,0.007307244422554863,0.0002983099494307727,0.006273570157390219,0.027021045934992542,0.03018300694408813,0.023649719621990865,0.41289908874286413,0.22111749280108817,0.15592282773236382
45.777,0.01700294082241006,0.0039229200726831085,0.00327044112441867,0.004755443891747022,0.011727389628998934,0.002441386584695916,0.005373187102562064,0.02526035375694244,0.0122618031300771,0.14287636338308884,0.0021850085387513343,0.0,0.014732785971746636,0.005806756725318217,0.004084254486780866,0.009044786909283585,0.012316874313039138,0.012153819945309043,0.0030226710580582906,0.0022814447992911967,0.004187360375085301,0.005482524686650187,0.04348640756692584,-0.0018710920469465374,0.0016433412623185534,0.18483054343434746,0.12973668337177094
46.288,0.017251997755506454,0.004511684784042532,0.00027462577779574954,0.005544584158880271,0.03169783220862054,0.0040265817402748245,0.0027645909487733988,0.027750907781283977,0.016510643289566352,0.0634921603810426,0.003470516717919167,0.0,0.003194117301628545,0.005676049669521565,0.012422353260670585,0.00605193861136297,0.011558244619711541,0.009929981756000702,0.006409701468126074,-0.008174226375108022,0.0017244657606136434,0.007130030412511379,0.03900884788675994,0.00681730777913162,0.3560180189127119,0.15235515044275294,0.03143148637396366
46.778,0.018584823133338084,0.0019675083578135437,-0.007084613661542851,0.004220959633642131,0.0006752808376770787,0.0024519833184210205,0.0042082880679233745,0.012877294447396399,0.029356430581709742,0.10221856508809903,0.0030578117636721257,0.0,0.009914277086680346,0.012803423654481984,0.006357314577045192,0.005162075254965751,0.003414173772319031,0.006285736257630849,0.005286803467931016,-0.0015803998416362294,0.004884250162761118,0.007495666412570732,0.0006655883645592295,-0.0004423469617763037,-0.12409227778067683,0.19420859082466346,0.046580124721436834
47.278,0.021829099158189424,0.005021037431173379,0.0014116219037028988,0.004419130467156401,0.01710564968770176,0.0013333229429824346,0.004003588232307599,0.020233259048649217,0.017746302944395415,0.11257539059706749,0.002116720403923801,0.0,0.0036107983886067047,0.009367260697929316,0.0018913385442214205,0.0017418268776512409,0.007796573721864939,0.010774573632701682,0.008670401934875156,0.014326641336195177,0.0025779802115469728,0.0278415054397395,0.005449380814161589,0.0029121649244120257,0.12421756431881269,0.18101050636710556,0.0957859730586452
47.777,0.02795825285795805,0.00413046001558606,0.007297422611759654,0.006489544981206541,0.03959314581503659,0.003224111153478076,0.005851556664306262,0.03259621611114127,0.022978595565022537,0.10784194216408063,0.004081842102682466,0.0,0.0007770337396104932,0.004707042185015779,0.0025488239124554935,0.007407011960957357,0.014928437720740442,0.019649495120564596,0.0058794494549378965,0.014865226571915472,0.0027590970743003535,0.00685485795625129,0.028869749113805424,0.027881228053523076,0.11120254617083529,0.11445818533168975,0.12576306585102123
48.278,0.024838939741677654,0.004259299296248958,0.015248196742907946,0.003105559648830221,0.005313988625894374,0.0016508470296049613,0.0031797720037774354,0.025387693080057002,0.022982811888433697,0.10566752366799312,0.0021238179628862764,0.0,0.003579854761971967,0.00407785021269823,0.006609188339660374,0.0027862368900403813,0.004863556188669902,0.014536887391630164,0.009957843434496292,0.038133331941232085,0.0033058973728598826,0.03368270299898928,0.021402563314436473,0.04479570441744305,0.375357731029424,0.12118635349495382,0.11902775340211741
48.777,0.02251666440995541,0.004805872366952112,0.006343255237861851,0.0056507198145265185,0.06977035654108872,0.0025173972195563876,0.005190945507746197,0.011560045000661184,0.011358604877708428,0.0853272490214587,0.0023004490879233253,0.0,0.003993384187640831,0.008022474000557374,0.019377514823921232,0.005591238391727515,0.011049754307439978,0.01361872689688588,0.004809525921271545,0.018076240945903713,0.006076021254822227,0.00035526331516908677,0.03135132592910236,0.009473818444233364,0.2778187932393826,0.113121533380082,0.10479754704537744
49.284,0.022872438216119135,0.0019634347740383985,0.009683152610376567,0.0014834360323160724,0.03135647374560666,0.0034677308030177044,0.0024171038383269997,0.019835402609273658,0.01833065637489732,0.07181153058633381,0.0032262131277465606,0.0,0.0056007693393719735,0.008030437840427928,0.015604012379592557,-0.004447320149367651,0.0014316216409550107,0.00680069609383171,0.002775956461411386,0.02799690494451473,0.006961897098146189,0.0417530831549449,0.00860667467963978,0.04340365159355594,0.1809566782586536,0.13557258463181887,0.029027262559855035
49.779,0.02646607732188341,0.005753596408471672,0.016672781632273082,0.002648894619806525,0.054927088249591895,0.0038324262215072295,0.005149494977004032,0.03018988588702967,0.024083392750102642,0.11264678118837697,0.0045185919038885835,0.0,0.022845682022401396,0.005718318188945032,0.013170014186845817,0.0029316031930519343,0.00033778746316160215,0.005180431786702521,0.007071814613617436,0.04188105588990994,0.00578590325178059,0.03711073974405859,0.027562764507017085,0.035702099253577244,0.37660832327687566,0.15193495040296204,0.1315479327366646
50.277,0.03444702561734172,0.0029411472822813557,0.005984393484758153,0.003133950500502679,0.010099997464563552,0.0019294360125817027,0.0036386409572937333,0.021876822756441254,0.012860448997296737,0.05749574168306435,0.0015895192056383687,0.0,0.006702494131873052,0.0074193485660084295,0.010263430750711776,2.2330012419120567e-05,0.005259050332496264,0.010643522973668973,0.004908911189477151,0.020252342603819234,0.0006327633496810833,0.028684381346202333,0.004336413882459632,0.0025217137194767543,0.2599575545488226,0.1508315285431924,-0.012627280319293202
50.788,0.05013268748572223,0.0022230583836722346,-0.0015766806453143738,0.003500718685809609,0.0314134804269123,0.0023210765694564885,0.0011891030767306437,0.030514533201489388,0.013354288369414274,0.06813728686363146,0.0011980777373998717,0.0,0.01798391460607646,0.0052354106640479185,0.011969938506376922,0.00034076795124883395,0.009681245000202603,0.012943042229153632,0.004908653639721785,0.02066012472564526,0.004268091867735785,0.011983811687191929,-0.01020348059251217,-0.004270019670953979,0.29082666294304516,0.10976804136237352,0.01312593222724271
51.281,0.0675127478053821,0.006463121504837258,0.010895663828920375,0.0059354418006250615,0.015877142668412118,0.0038215975039153595,0.007426967858546832,0.020268958028435737,0.016510404355939246,0.017837220071181135,-0.0001831463661366014,0.0,0.010294892582635986,0.006559664709047685,0.008428264406538152,0.01393220078762061,0.010251166335644603,0.014176292485445658,0.007175014886261856,0.030269736913728154,0.009348373416450315,0.024998670335297266,0.01457140836400234,0.01161576122586481,-0.04344860594479093,0.0388006067014276,0.013766160252662977
51.78,0.07199920490953023,0.002410148836278919,0.01080837443861806,0.004007118396111404,0.05155777766743453,0.0022537325031764693,0.0005727021288888,0.02764829635498085,0.008686105694423499,-0.00027314770425619574,0.0005262750174317023,0.0,0.008115367993393722,0.012847752660981683,0.013135082111090024,0.012368575157796257,0.010609866488777788,0.0028568579490589885,0.0026666741137441373,0.016351503610746332,0.005074935977702595,0.007562017212907274,0.030571703776176577,0.00630184145786494,-0.012618412442942432,-0.010269231603661614,0.005449854735340027
52.284,0.08089516992344681,0.002469316138891187,0.011503971814772748,0.006058380707986491,0.05130108342847529,0.005119594483347689,0.005962833877172814,0.021218178999005386,0.024017690407013542,-0.007469126256632227,0.004111126064801214,0.0,0.006845410964895414,0.013568732914824523,0.01188910808921381,0.016806294309808463,0.004180304164971667,0.00505085690821235,0.011017762343619609,-0.003072266963493414,0.011517763004608458,0.02459935038133453,0.04133748437855193,0.007855724551710987,-0.012009131060797188,-0.045927802762431705,0.028859124791146332
52.784,0.08223830241690765,0.0023790718636637607,0.010078617560845845,0.004932376256706551,0.06196046351518792,0.0018454329089582452,0.008042059562266002,0.035453698811421595,0.007314034753742067,0.007335000508901586,-0.00020778645931517962,0.0,0.009850569890430743,0.01041953822016243,0.015384386831617282,0.017191107627318236,0.0010127334813590373,0.007263036396567532,0.0019911707761648754,0.0110918883680978,0.002708091246075408,0.009076115599520419,0.026708397503114743,0.013136115034663578,0.30275279301499175,0.02939064453209346,-0.00039845585729317794
53.286,0.07196040701189184,-0.002840921917853037,0.008134988208179055,0.00140372500996118,-0.021741029856565446,-0.00010526768497350143,0.002884421161950265,0.017146164397485432,-0.009039494788757815,-0.03555825658099189,0.0014712675413603733,0.0,0.0035094503404898424,-0.00024836981097255947,0.012783420945107152,0.005210699275283701,0.0031482014948165738,0.007180006020203168,0.0015448999406095585,0.036773075683164846,0.001226237449501088,0.038326359353609084,-0.008786158287453993,0.01211462691137386,0.05961557064054036,-0.04494343650593563,0.010595974868213093
53.779,0.07280075134230982,0.0023202364252643474,0.0028270859374192182,0.00215367457505061,0.01068015687267862,0.003003140608709398,0.002401418109364246,0.011388705736108952,0.014363545356116515,0.012306643725416868,0.0019192503502424726,0.0,0.0017025784110758296,0.005418518845437803,0.010380415500535431,0.006748784414329475,0.004743798224733582,0.010408893019058172,-0.0019950674815938244,0.011844625485227897,0.00495687519191352,0.039892939802988914,0.00013703170733844847,0.0157141523217731,0.31750330854743253,-0.0004538896671640048,0.04565635513884333
54.279,0.061764371971395435,-0.0009677321909275339,0.0026042160196073165,0.004616903459941835,0.019109305086083907,0.0012663512154372338,0.0004406874796449513,0.017788085848031786,0.010481973612760239,0.03377121994558763,0.0015026982903107702,0.0,0.0223432811664108,0.006163305199897752,0.001259298328113312,0.00641723497314737,0.0019025846748060374,0.010432560184837103,0.009234111493249254,0.0043271727258693,0.0014599968958824443,-0.0011268700516924644,0.021268945351136024,0.006349687555716144,0.36266394438143035,0.08847680627802366,0.010775989431327137
54.778,0.04489268977542903,0.0003801727344195,0.013537101211476379,0.002054237693308618,0.03234020993531211,0.0005901721165350577,0.0016413393041499102,0.02290739771376334,0.002651932726107267,0.06270528548238692,0.0010625414201718567,0.0,0.01244814743922451,-0.000816275678202276,0.006898760186965258,0.0007501268797416994,0.011938517618675953,0.004356227834575344,0.00045776433755441307,0.005535847345056422,0.008015063538086824,0.0139062496544483,0.06842020989759116,-0.012742247653406117,0.09078121451380647,0.1776215326477368,-0.004784420731975332
55.277,0.03813699846923539,0.0036217377413741126,-0.011894224486386362,7.607869944959111e-06,0.014724035540944263,0.00117617361076535,0.0016471681996926733,0.0012322862050890573,0.003578010131646198,0.04841427564133508,0.001863944947406533,0.0,0.0029916478041446377,0.0003174405415229657,0.0032095721070083904,0.004445828117615045,0.004079377649912896,-0.0018510589253387035,0.0016528053160362042,-0.01435188105782277,0.0016125864738575771,-0.03508085750831282,0.024462610385145123,0.0014013210986392561,0.21915463258811912,0.08488008851143788,0.025917744675953508
55.777,0.02221645016815329,0.0020063855641589746,0.004598855916265766,0.0027473824850340533,0.0025497323314393355,0.0015085789756843246,0.0018984210558006596,0.0021037901578501088,0.002966717144447969,0.06729906466610441,0.001633557438241413,0.0,0.01319898020104208,0.003387290599798933,0.00023722198972870318,0.0014108036532622737,0.004797149884307946,0.010581740353937932,0.003971671120165822,0.005606487400586005,0.0003729663382874647,0.0012693287590081327,0.03199638027722351,0.0001548282854038129,0.005529363902391648,0.13300865642392157,0.06560765302087
56.286,0.013465841203613455,0.0026973013535203255,0.010741702398041288,-1.9563094144126582e-05,0.0237270983922687,0.002085357781466446,0.0033129727976881603,0.013708167028177943,0.011905384726444257,0.03215351471341629,0.00205755017674864,0.0,0.006131051764321996,0.005623617618962741,-0.00032240268412948376,0.009380901202742436,0.00033689221222533733,0.0015307919813831764,0.0030034893257067713,0.018598001793946533,-0.0012691423124318471,0.01723879763403909,0.04024771415717286,0.008840284952672042,0.35007277197263836,0.15045099766056888,0.0501044652338302
56.777,0.005099010369721841,0.004118162564412686,0.0023919889567891235,0.0013690718827002158,0.0051069183280606535,0.0010084302398874856,0.00017686917691399505,0.018684427991236253,0.006763051429745851,-0.0012464270479234454,1.2095160406311565e-05,0.0,0.009989555900932572,0.009034962840457456,0.0020975507899811054,0.0042179496044783505,-0.00031950154269884797,0.0025604263910259514,0.002691534292700642,0.005863026845912419,0.004947150919246318,0.02166159218203851,-0.0012560090602608451,0.02224581961779974,0.16924071802738178,0.004108794949094227,-0.03215547718398703
57.277,-0.006988232230110706,5.834240468627463e-05,0.016679535121642428,-0.0013244696802789657,0.00036012667200543437,1.0649517387762959e-05,0.0016117193973349416,0.0004669916496884061,-0.00036523117994119876,-0.09009916313165592,-3.1101841044715675e-05,0.0,0.008071128840380352,0.01062099618542282,-0.002073134937859395,-0.00024666797170542413,0.005453453070765512,-0.0009438784758524414,0.0004930469519774104,0.04470237678175485,0.00010130986867143824,0.03776897695690038,0.014243728695344746,0.020523459394762557,0.2888397702581726,-0.10921581003980954,-0.08275997988741778
57.777,-0.0012344674782847564,-0.00015002332633592781,0.008775131272308319,0.0025175125324570485,0.002721301935935185,0.0004485983670142687,0.00010870459152093389,0.013281874539442089,0.009788095747977803,0.00010622410721074278,0.0006306660797890717,0.0,0.011268491222684559,0.00484671953788161,0.010843166194444982,0.010619432821212025,0.008338252002526372,2.9126579401131042e-05,0.005545991372887334,0.031105874124614033,0.0018725537687142096,0.010573508376688452,0.012026730078525612,0.05636050344198734,0.2246213681167374,0.03848963809779248,0.00015495505561404944
58.286,0.006714000115362719,0.0035343477919433266,0.012566727197168526,0.004025959227215592,0.04400394562915182,0.0028614851607902396,0.00550647973619916,0.014418228127447974,0.00683516580359816,0.02631479871589245,0.003193416084632109,0.0,0.016876081868905175,0.0039527510035439525,0.0006336584705050285,0.006642519393260451,0.0021566302013992567,0.008219375701513374,0.007769591472500004,0.03507321176501879,0.0012479445687107597,0.01730722989999678,0.0018831731542729865,0.04221053544304042,-0.006573365049274032,0.0001260741049085301,0.0629676878015312
58.778,0.0021426085397758987,0.0026230090428771948,0.011444385190600521,0.0019049879085174246,0.021689507077108584,0.001763276365066348,0.003972825448330108,0.020568267616488334,0.004239891130257604,0.021105590857366224,0.002779833461085478,0.0,0.012998218873326427,0.006215056782515073,-0.0006683874565626595,0.010281383698058432,0.002964614765895113,0.0069412820814214685,0.0017413781812864661,0.024998520356068688,0.0012601830352062524,0.02677139442016715,0.007430997296422476,0.03244390785648052,0.13079773258325114,0.03526010375635053,0.03873617903931377
59.277,0.0013756172731045737,-0.001217996224639206,0.0165635700155874,-0.0006720645667257704,0.03764297884216893,0.00030808477540284,0.0014343527572752487,0.01721944411535257,-0.00044451573594382024,0.09857129111868194,0.001953457159515267,0.0,-5.090590989938243e-05,0.005679339266268005,0.001981436178984839,0.0034106336354674987,0.0009226031683782117,-3.1111940875244876e-05,-9.907342568253583e-05,0.03241685329490236,0.004730626438136983,0.026965131064957557,0.021923962585809396,0.01174614992621709,0.003263456926044767,0.0959568968790418,0.1259243102824804
59.778,0.002162236288399192,0.0025113757922724674,0.016107469584116903,0.005212562303608074,0.03114591030341556,0.0016221765535194307,0.0051777685202597885,0.016918568163631405,0.009902082277194916,0.07205195951211958,0.0006533185278966746,0.0,0.004160093445476201,0.0046291336461081285,0.005974045858704933,0.007058908491553174,0.013887891295534461,0.009751986862606,0.009079586367993862,0.025461413840720315,0.0017245762314909527,0.010648838094874939,0.043186445092272936,0.026599230851268005,0.24020712691389381,0.08752523240031075,0.07803318646469745
60.276,-0.0011869804778402678,0.002172559775094415,0.0021096864788189883,0.0020768561448471405,0.012659809346055153,0.000973477730480621,-4.557825778717854e-05,0.015878422527299218,0.006176021986581007,0.010531799338640332,0.0017944422906960226,0.0,0.009057770854305676,0.0069698784749666395,0.0023520387473063673,0.0018938724877731797,0.007172237177033146,0.00483430010245697,0.005038182037379509,0.007320454177887582,0.0009247801661469262,0.008076223082731319,0.044604447522556906,0.020348732940014748,0.06322368557461697,0.029101743646372222,0.026404574361971075
60.777,-0.006241482500453802,0.0033464830078542957,0.013578091083005244,0.0022716952024852428,0.03464914704969949,-0.00025947836242214617,0.004310955541670556,-5.456923973261538e-05,0.00893151327238465,0.022600001090413418,0.0011808732881990445,0.0,0.013626447601983366,0.0002556679534838615,-0.0009368694924249631,0.016609318672322935,0.00871306130627477,0.007058850807954969,0.0017028533155739683,0.017454117691290124,0.0018722646038784045,0.015813753697144366,0.03966578533483382,0.04803438606205558,0.17860760985710813,0.03320679707719757,0.017744661893045504
61.295,0.0005935685227254418,0.00308861696028244,0.0069175467597651615,0.002503446973856056,0.05728589517250827,0.000614304141290539,0.0016942238307872982,0.0066739196550010356,0.014895658861778937,0.020868798061236902,0.002961101006253729,0.0,0.013129835351830252,0.00444517168075189,0.013265510474716679,0.0020775783416823487,0.0051281946888581285,0.004220597772120218,0.003003491022889072,0.006588485530133633,-0.001570822682608298,0.010889045837542027,0.026281969238737615,0.023013218366603697,0.1370607722529995,0.05037600755426717,0.008868511574795356
61.777,-0.004037972037472571,0.001200644548552048,0.00782839112648099,-0.0026149263538844773,0.024156743746552477,-0.000885530465589337,-0.0002127541700256941,0.006410766659825673,0.008811267168139325,0.0752184539797633,0.0014928986006574455,0.0,0.012380989090076224,0.005193335566936585,0.0018277049208746704,-0.003954867397944023,-0.00574453608925424,0.0012276504917511793,0.0020264257589745673,0.004141086503036975,-0.0004311764460599984,0.007076276529942256,0.031154036834067724,0.015371444812620117,0.09537206890327639,0.10687506116003923,0.08253142902998853
62.288,0.004901264698006722,0.0026180097562216163,-6.575162140712983e-05,0.0008460173615367893,0.02811222508760526,0.0010556110330557764,-0.0005280740042541753,0.024742296288745615,0.0038045375880133452,0.1542627189896644,0.0007898949595731937,0.0,0.010777028089006038,0.005270696346516431,0.014101518111951258,0.007860159128015753,-0.0022692561318192147,0.003007108457029206,0.0003588687741094913,0.0011556857659003252,0.0009260817440514162,-0.005834650735797007,0.015837014008959656,0.0140299987822127,0.36362591962045165,0.181582992794581,0.16772820195730467
62.781,0.004207368746790075,0.0006625860967634302,0.015248972543979555,0.0019502040255174665,0.022294985912025268,-2.73844732828757e-05,-0.001447841270659221,0.019039770854547867,0.0106590527228265,0.17675079964927812,0.001747446935655927,0.0,0.01158155212673502,0.01342022785853888,0.013007417131884864,0.0046906670459988435,0.006265306634246187,-0.0013990830363848367,0.0029937284193178957,0.001923880987395454,0.0019506950381100463,0.021395653949515796,0.0668722602910171,0.017649320027236615,0.43381231737599096,0.18013439609550536,0.21564479902873285
63.278,0.0060431574626661445,0.0023828881602327868,0.01813956751309578,0.006093468963070022,-0.004727088982121196,0.0014522669461373057,0.0005235000735491084,0.02016912043779092,-0.0015124529358889135,0.21331316140469084,0.0024981028908086737,0.0,0.007522760238506453,0.015244605496974956,0.011730453129513221,0.01121777486481665,0.009430167568355014,0.007169737688259619,0.005455778513795467,0.008429008676552184,-0.00020086821142527956,0.022114335950194516,0.0583938750421076,0.008068871430929325,0.2940451241728124,0.31629371654811356,0.1713382433562229
63.777,0.004079806857781338,-0.00043869064915519774,0.011051140049316559,2.4043781397806675e-05,0.03426017576681902,-0.0009590697177225381,0.0025111954592100523,0.02086847578266475,0.000448258544784857,0.24708889177704665,0.0014664801748371366,0.0,-0.005673637237569818,0.01924093238602576,0.016213978925265583,0.004173703822450386,-0.006093458436236964,1.2099088118200513e-05,0.0008605229040977976,0.024096901166371646,0.0006117146108562646,0.020071745231317936,0.011492725267780196,0.02084511023888493,0.6621760908813886,0.37657285346643155,0.20246729490568705
64.276,0.002737636533457875,0.002509569810384351,0.020731584033701435,0.006626104645358679,0.023566439837395016,0.0006210570609922209,0.0014306449703816702,0.03070616711037135,-0.004427451990577352,0.26791669386323225,-0.00020138337973548464,0.0,-0.0015814390757099633,0.008570078985080855,0.009253135232844299,0.01018010397368808,0.014366646319806402,0.015114429529235996,0.006664469793734642,0.018952235168121282,0.0024373979474813503,0.04808461998770376,0.04565500941982752,0.047309216470186745,0.4227503086038537,0.38239686210111945,0.2586221084450693
64.776,0.0017579986242896419,0.001083945079717421,0.010376377891499448,0.005279228203953842,0.0204895726642104,0.00030161865807483033,-0.0020632421092750546,0.016811355088956665,0.005096039550981063,0.2940002660346563,0.0011185427712810277,0.0,-0.002721230346149668,0.0034729724106963094,0.012066109925578553,0.010361583032025588,0.01176710347183452,0.013727732089044157,0.0020324592938704526,0.017309310821897978,-0.002317171085635734,0.020798515773009636,0.01094900140503353,0.04364004074429646,0.609620412412788,0.42802989483878723,0.250124649991268
65.288,0.006380696630722856,0.004134389788606244,0.01742405738944063,0.004086665419348952,0.0939534499199311,0.003081664074723925,0.004260553426889527,0.02429572501700741,0.00592071433325689,0.248313984161112,0.0036586419362128722,0.0,0.0022770734347679626,0.01453783033313026,0.007061314876000158,0.0076906792124238465,0.0047023139753943075,0.010118598381644592,0.001892447875358448,0.04541179741945003,0.002850017923437036,0.005086537811290721,0.030828753322908763,0.11618353810245645,0.4873687064472698,0.43816183244087936,0.18556345221182646
65.777,0.007107667145128492,0.004906837801984695,0.010270767573756168,0.00868099501783836,0.019159746337604016,0.0034691342569299253,0.003072740866641408,0.00884928720681174,0.008460601982238332,0.27007800647490154,0.002602801406084264,0.0,0.012040554279691095,-0.00038258041291032614,0.01628947447028928,0.015116601980174423,0.026590811471733086,0.011881346727636135,0.0021184144076800042,0.023889448945231217,0.0027072335569290487,0.0001535739905359041,0.03277082045061788,0.06562746741706345,0.17083881063655884,0.39477661854500146,0.2224173630109086
66.277,0.010868644113460842,0.005929143141825957,0.00942073836493536,0.00788650873308605,0.020882656163060512,0.003234684022996026,0.006921111734322813,0.018401025904294453,0.00885686898964651,0.2502550214512771,0.004769761617550027,0.0,0.0017952446707238344,0.008208600677690768,0.024539758797247097,0.02054520978908319,0.015400996612944773,0.00692092291273268,0.0031925787685305397,0.027710625576012816,0.006759841253984155,-0.011329903704431307,0.009138183264488783,0.08966871580617738,0.5585298917744498,0.3991983504443383,0.17281016048410316
66.778,0.00658097611705652,0.0033311907709092756,0.007684618710070199,0.006823481378583515,0.038349406178771576,0.0024683974107895072,0.005271557168461239,0.025525448482694314,0.006525904440877551,0.26065553002163583,-0.0007173231815615052,0.0,0.017161371147743038,0.010663881325520885,0.02536062885697555,0.018303787409100818,0.004811520383401476,0.005679259004342751,0.004342818187091655,0.032675055812989164,0.0014253443622675,-0.0005529003303732964,0.009832722677591122,0.06970123359133042,0.301385394543215,0.3828986531962938,0.2124021888337546
67.277,0.0112834082120649,0.004294656226866094,0.017176135800920457,0.005788201955276953,0.04727343106624841,0.004720853032240149,0.007339535218983315,0.01431582131668526,0.007916125440599867,0.23675899014665355,0.0032884090455411207,0.0,0.0065670010932672865,0.017530951389280253,0.018178950266280202,0.015077169125095739,0.006572059377656726,0.004475566198471096,0.0030874148406863245,0.04313832628956007,0.005362005759179589,0.04145761791534255,0.010944191555214075,0.07112226872943403,0.32242241296871654,0.3100149426075414,0.21883473799797004
67.778,0.008743128271875482,0.005865359745499497,0.013367890228555395,0.003878229307499675,0.04963874302775609,0.0035357927365102476,0.0023696923610067124,0.02723540146659856,0.004028019385003224,0.20908886103263372,0.002616460864862571,0.0,0.007704781401924074,0.008034163138904564,0.013819319532482627,0.016093466384830588,0.0074646177637749285,-6.782189209706796e-05,0.002306709368697223,0.012357797703089295,0.002094198940832335,0.011185965488790875,0.04465731118235419,0.015536563159002707,0.4527493442767965,0.2663197072379786,0.1541993069431404
68.276,0.010353969413619433,0.004135829182084153,0.01980586487157109,0.002581926632540585,0.03108536012968456,0.003568834120905529,0.0032804448159724467,0.015279913918274275,0.010165008273974757,0.2204742978240494,0.003675906108152508,0.0,0.006477497604752061,0.004990744498460708,0.007135603553492722,0.0020638135662764197,0.013234698667177495,0.004375386754224811,0.002541897479171136,0.03701156750968448,0.006339013671978821,0.05554489990334574,0.02173855607922252,0.020269224024748535,0.43795280823501304,0.30780253145473147,0.23277751153535156
68.778,0.014870834368816001,0.006268915853068078,0.01600092284326083,0.0062921152474455285,0.04379130532671979,0.00324488817903869,0.004820947715105621,0.014889410209822831,0.001167631011360932,0.2554657823717878,0.004090292734288852,0.0,0.00953042950008321,0.014128588535756563,0.018540986501684453,0.013047110204413548,0.013352060942268108,0.007754176951603893,0.003057158666354691,0.023848811078076917,0.005210972003469403,0.07436362885685624,-0.0045903804739113,0.006782771650431587,0.18320538829453514,0.32645591770907645,0.3237204861444933
69.278,0.012401902400039135,0.004380662041830022,0.027169277167699114,0.004154568800709828,0.04657471060623556,0.0037153442049465504,0.00773926452821488,0.008231260969088671,0.0029059558745140406,0.17177331594497114,0.0033393955745752175,0.0,0.007609759426802361,0.009807945819769612,0.015318896591560438,0.0012739535654716905,0.00882459332611291,0.004884977568592394,0.004159027992414937,0.023030531045590108,0.004631191807963943,0.08565705662742377,0.027987663500819375,0.0011171729123754066,0.14459265818925715,0.262876340224317,0.19626277065941725
69.777,0.00829281678822752,0.0024425645915673363,0.03075055010080921,0.0010904829636658535,0.059753714635496114,0.0042671928287077,0.0038306642870599068,0.012107037391747353,-0.00022040152283395325,0.10553813515944889,0.001995777873571305,0.0,0.008572695922956178,0.013259790031766415,0.009612346438893601,0.004222343731742523,0.0006455774040872521,0.007030672077468724,0.002467569307863011,0.03657645445466092,0.0024910065223676227,0.09816506791788819,0.03618816530679958,0.007169054892947497,-0.04294399539920705,0.1945196529851415,0.04277710720577758
70.284,0.016723337236088362,0.005822926640499342,0.03708193365136648,0.0037880361408849446,0.06325382612048898,0.0045120243219749865,0.004036740832844128,0.010782158432313923,0.010242663046756969,0.059473045261251065,0.0038710966091106986,0.0,0.00492137536631507,0.008180569166241311,0.014361128729121648,0.007671986975734992,0.004908155670491677,0.00454593094881591,0.004030034490332232,0.04006782822983536,0.002383380424218432,0.109516543329617,0.031017967998020434,0.01265079982206726,0.1651512367360616,0.12008972916960929,0.012238604578966826
70.778,0.007805786187446699,0.002985556589432171,0.01127196398848371,0.002329237382212915,0.008637613279888816,0.003304941053923182,0.0019141000057356337,0.0048822519904678,0.004229480421593295,0.05781627424093515,0.00331847244509585,0.0,-0.006798230533386047,0.00027519900244622167,-0.0003286470964112621,0.011447905683365922,0.012617231563843865,0.005877074512774768,0.001191811165966361,0.004086097834243189,0.007326735652115367,0.05976993276601483,0.01493280030391826,0.004491731026583836,0.00602744673657584,0.07106401416899288,0.04971819981161001
71.279,0.013622044396403504,0.0034580822503934867,0.02572144661219753,0.007341676145204096,0.05042030939172745,0.0035751706119585614,0.005898005881887799,0.016270312295047364,0.011676360352833011,0.11992577436501084,0.006978029529078427,0.0,0.003484656761032969,0.007818035545382417,0.020798264369663744,0.014085878789623859,0.016735326650944578,0.01153434279069881,0.005546430396256501,0.032721346746211896,0.005413720760249902,0.06503057540860856,0.047421253865634276,0.006426174521253066,0.4982283323804692,0.2732904026186482,0.05300560972387005
71.778,0.007616286355385848,0.0021776894934923824,-0.0032219386232165974,0.004201955818808839,0.055997654758405874,0.0024561396267017634,0.007074289047324547,0.006132153618231468,0.012556382058507428,0.15213538335101123,0.004388616359296726,0.0,0.008946169745650266,0.006592557001687136,0.014216062455470885,0.007859905644839913,0.004595478249001138,0.007754284001744361,0.004445260878459182,0.000519488828494501,0.0021550918476706854,0.013186610022095346,-0.009572514760111357,-0.016882101448646745,0.07305245308385715,0.22940863252816263,0.092066146490791
72.279,0.0020676630795831295,0.0028777252297557602,0.0006964629117336912,0.0021165299900366536,0.016474772668422823,0.001447491817215804,0.0014626684817473448,0.007627567520600791,0.013102105856438588,0.13158993945419367,-0.0009063602117666362,0.0,0.015390006086717197,0.006610494408408328,0.002847367044624101,0.005615152840167562,0.00500109612545764,0.001196441324332182,0.001302962114053308,0.005417921807093296,0.004169997111466572,0.014741426170675982,-0.0031866430867755684,0.008960503107055828,0.11661304019655246,0.1562476028865754,0.1372970545440249
72.782,0.004589574394427583,0.003327042707706903,0.007995323452699677,0.007620925779565354,0.05207821905809375,0.003457814787052557,0.0023356398407357345,-0.006294291358715549,0.014841894046530546,0.1282342872308451,0.004025073144850869,0.0,0.017923952825303062,0.006348759113086147,0.008623853831630236,0.008735026584592112,0.00294934607450252,0.020612838820876493,0.004331832640702613,0.0155223811055996,0.008138707154789175,0.018213931789340495,0.01321317388786305,0.034721142146237734,0.09512374721190228,0.19164026413588725,0.11977267177554798
73.283,0.006151062887584733,0.004437031274053736,0.018252210633875034,0.007709567168352439,0.046143288084551315,0.0035831765699322524,0.001240801368523193,0.0019867258144895266,0.025717466270729673,0.1540794796866842,0.000818847649435091,0.0,0.014638607967437947,0.007980347003767697,-0.0015444887366722305,0.011920638514925083,0.014846988183026924,0.015698924689601518,0.006967207666710634,0.03723834769712155,0.002018020257636162,0.06331781808993606,0.0037322574232861064,0.040097611664100107,0.2367367853346539,0.2589414426144762,0.08545588015784526
73.785,0.0014865645698588985,0.005721202162657229,0.014718850181594452,0.007104280659684841,0.03526248563234781,0.0038774003079737633,0.0033315498756767282,0.002324732888503745,0.011015049634894124,0.1447968756523617,0.002878378759501541,0.0,0.012435119347941285,0.0065580899444272825,0.007982498260319465,0.006007109085218853,0.009206890482900186,0.015286290347351138,0.004295615003098936,0.022054042637923613,0.004701453425012905,0.028777644320219165,0.028530696076559437,0.022753183661742837,0.23532833035446826,0.23374165463851224,0.1457379127794396
74.276,0.001932032026398742,0.006079690292853947,0.00390484650326275,0.0048300604668088274,0.09240695231227457,0.004235004803893456,0.002194781103692437,0.013468836465586557,0.0020882132211164713,0.14357651357767137,0.003350424777233004,0.0,0.002351460819014817,0.005769610142390399,0.0038837799414349334,0.0071938348653819975,0.007379547954881551,0.013997825408253398,-0.0002347975903814987,0.00878171937869093,0.0038584760454256637,0.0105093932982039,0.023407935212374605,0.009731231678055577,0.32497438689998737,0.15103329252555017,0.16969014606435334
74.789,0.0034445497705149508,0.006292545817005226,0.01697712894532522,0.0014926678059280253,0.06038964245999872,0.004366359112290817,0.004797392464717487,0.023530635856042006,0.006871221062412489,0.11792394576607572,0.0023954923348003883,0.0,0.009674258535392269,0.0013428431156564864,0.004394671657918901,0.0034890561103367926,0.005080842331540574,0.002984718492840095,0.0020232601280541747,0.03011017930353939,0.004968015339024343,0.04791944223257675,0.018766674173956447,0.03394636768053984,0.3445716268851185,0.11645505118383373,0.15089851545136113
75.278,0.0070533938990476825,0.004545540542856149,-0.0011599082760012352,0.003221960035113901,0.06941104179842884,0.0022994940137735717,0.0030347383181291974,0.020417535216169895,0.007578489908141253,0.09439128188455426,0.0033614764931432233,0.0,0.018748993942225393,0.012472459943932446,0.010820361973481095,-0.004818440309975936,0.0028085576746873222,0.007020038832556761,0.005776491669629844,-0.011683832142056254,0.004873873566305596,0.013630130832054662,0.009251951102981455,0.010408772423714303,0.32063120273528867,0.07361805270353111,0.09024150398417172
75.776,0.003847039101307331,0.0029494441025612324,0.014558820659536315,0.003926430602392375,0.005559701306582526,0.002380565870510351,0.0015492443787849444,0.0011022765440606161,0.014484479272319172,0.12043381634807661,0.0011153914490341771,0.0,0.00805207856489683,0.007030140199273149,0.013844513616381574,-0.004239298136766957,0.013984404189070444,0.005767292055724982,0.0037468599573893258,0.013740307098701547,0.0022833936052452115,0.048719086270693004,0.01546760585012756,-0.009235018662847554,-0.011341646293838109,0.20689282350270172,0.08834905630040077
76.298,0.004229888746911505,0.00374191304126738,0.0057439367697136685,0.0041852676912728926,0.03896639896628215,0.0023586462978405017,0.004415730566508223,0.013778317319052259,0.01114249816608583,0.11344229982591626,0.004637245898299347,0.0,0.005044562979882807,-0.0012458054943556018,0.009343320937481529,0.009543915878225156,0.010673683385958234,0.01529457448317273,0.0050745952397037155,0.00205960352248253,0.0046157897212436684,0.013018812038385617,0.005512849839485649,0.005617919421100505,0.2768685555623398,0.15714057731904915,0.13104380267145405
76.777,0.006077188421249955,0.005153438221524896,0.005121352634474626,0.007923456846605875,0.025715303214740082,0.005369046407252727,0.010841844078734243,0.0157059295242226,0.015935500267111866,0.09568441349780502,0.0020284616200300495,0.0,0.009827634983024035,0.010687370880182732,0.010636571940193044,0.003693988542930968,0.024045172143998313,0.014453349493738745,0.006036523033100209,0.008029422410965973,0.0058546005077852745,0.014795632182745766,0.0224130920769011,0.002623080289226621,0.35674039819886494,0.12035395489354393,0.10656213051155157
77.288,0.0025957289226494974,0.005792209512960243,0.007916106629934779,0.005991591115890469,0.03644333474117514,0.004466575657071466,0.0034645471802202373,-0.00860980186237502,0.013658438867301208,0.06971991063940969,0.004595378787142053,0.0,0.01718094843342688,0.01072631794973681,0.0006270628058120467,0.0053331370928080025,0.014778145348197314,0.008621676499312631,0.0028840521286324044,0.010200187400742725,0.00695192543487053,0.014762214864790879,0.020192886912484696,0.003988595646954487,0.3180119648799214,0.03965009432336974,0.0738380313953026
77.778,0.004620374185763895,0.00542779562626237,0.00754403769103158,0.005210994444564546,0.039980692462366615,0.0031192199334104526,0.0017928125000849673,0.013316463478372046,0.014915194986463116,0.07538343998788942,0.004649653899559165,0.0,0.013275329578793472,0.008760715212524339,0.006335445066059784,0.007016153217388649,0.010958540866005633,0.007508071085278582,0.006870857014093596,-0.0039203830516646035,0.004012803533280963,0.03304768471276135,0.028649558241821735,-0.01662617488501651,0.19736343360192557,0.08854854416157393,0.08429827494127974
78.276,0.0035720405286492015,0.0007086381316878046,0.012517415024838966,-0.00035443841731586394,0.0514374249066276,0.0011560103556714938,0.0016390845347820618,0.002905931201330897,0.00018494944706768846,0.0229899214064379,0.0026869843390025148,0.0,-0.0002069846499991623,-0.0013290104933212934,0.0016187040016952716,0.0054047341626636885,0.004636444852380232,0.0035251086201030734,9.131017403719169e-05,0.011906722349259422,0.0025032806405494053,0.04646821103714536,0.02556917960684348,0.003716946105194009,0.11600047637752912,-0.0058622390541478555,0.04492799503397145
78.787,0.004559657321107477,0.0007093929290148124,0.0070165497389879875,0.0039081625643557156,0.02603452301885253,0.002440150964938581,0.003791646583666267,-0.003707210545120749,0.00164090523361926,0.02697559072154755,0.00410477657211648,0.0,0.029642098962305855,0.011963901433213325,0.006805241468560798,0.0014492931294967642,0.00808479200675379,0.0002293625955479544,0.00412777419638561,0.00448128295270735,0.009298488543298641,0.03330269503117447,0.023856455158800246,-0.000796077352191951,0.14554445730960952,0.044289128307028344,0.04888541046914782
79.277,0.002935986338155198,-0.0012231945346998054,0.0044854398855108625,0.0001378371622894816,-0.005157637818839524,0.0009089011730709511,7.3223217153337414e-06,0.011887610189909017,0.004148235402875843,0.022418726835137567,0.0016408349293722184,0.0,0.014616509418391486,-0.0016486973421639818,0.0038977062898934273,-0.004335610481534931,0.0068446408313565426,0.0022239207553957875,0.002515880372588239,0.002703302573449842,0.0026287208283918505,0.011291836211715025,0.026625313271576915,0.03722934311717702,0.16885491810850567,0.012411455798605588,0.05710427796914414
79.777,0.005233242774724648,0.002441518746315264,0.01627040228596114,0.002476582721365815,0.03077119369827883,0.002598063540877843,0.0014385207411134321,0.01728690685835772,0.004263749799518181,0.10270695620547315,0.003437005794865797,0.0,0.008727429250552391,0.0040976244044850525,0.004068247309107641,-0.0064531039795672745,0.0035136633938677897,0.005840253020682707,0.008805144299545974,0.02177309592568619,0.0041863928696426935,0.046196082672341335,0.023994536473430285,0.0024709718976233825,0.23537580078291687,0.10739375918720859,0.12369892247747093
80.289,0.009992374673537339,0.0023119679328082823,0.034756371773099454,0.004572559865870417,0.04969233300795941,0.0016861584687741416,0.004652122638673112,0.019129029329569856,0.02081660528938541,0.13440678205812884,0.0023460183079662667,0.0,0.020766606497114027,0.006100516403427712,0.01258273830194228,0.0025617112586337736,0.012624168874681794,0.007832283864458946,0.005522703142858964,0.06012756640364302,0.003165631636687476,0.07806045507902305,0.06023940828658374,0.02730900344211618,0.4651263792943792,0.15487612382687313,0.13954220916068896
80.777,0.006658930551415155,-0.001511734475092958,0.017472084924907923,0.0038363466435911097,0.019468253990515837,0.0010460844705387495,-0.003282421748744464,0.013283796053391727,0.023205557731530796,0.12910464308186065,0.0027954944158588373,0.0,0.011460302939332593,0.0073409733748274805,0.01621018994849057,0.007185677611014515,0.008398228342168338,0.002195449918090482,0.002523594670495554,0.020998521976167465,0.007304669992496348,0.0310597878789225,0.03431691253335418,0.03184151212072798,0.21813726236388384,0.1467047731081617,0.12452359530921786
81.288,0.012716365972970142,0.004192953656128175,0.019389424575553604,0.006216313706039295,-0.0047890024620555315,0.0013102822783916937,0.002363048041072468,0.012327851908028006,0.017894150265479636,0.16773919555476427,0.0024734970995684536,0.0,0.016446928288036386,-0.000353557249889381,0.005447896508899534,0.012663047324844858,0.015164224132988211,0.013188791480430465,0.0037825796246390144,0.030251687934705684,0.003106327151434245,0.03933890016284084,0.056599950559570046,0.04447150296608383,0.5582655546789211,0.16742469377842073,0.22158473807004936
81.781,0.011583853199963039,0.0017583220155409003,0.0035396292849166795,0.0037539611169965263,-0.004450351414314181,0.0006793327264911303,-0.000974403163313494,0.011499603110926912,0.022066861323394395,0.19704476690974207,0.0007239204598091041,0.0,0.0029831380999235197,0.009751941882388643,0.013289816239043854,0.005915062721458318,0.00988471907438858,0.008392197541581804,0.003099678042050377,0.014404534867793235,0.00010061188949956209,0.010498070574177502,0.01731434633785883,0.07689431939922241,0.30510408249691273,0.17769103165352657,0.2446146145787864
82.279,0.007977749164275624,0.0033897551148713797,0.0021232298818733937,0.006741810501591145,0.031954438603766726,0.0003702299346185292,0.006388328203376769,0.017801463982964987,0.021119812482049593,0.145948361417477,0.0016984767214636989,0.0,0.018376091025736705,0.00648480615093441,0.007065208478357948,0.007283432945337675,0.005716124784075525,0.01645155348139789,0.008532806489426585,0.01121460008408521,0.0037178489729275586,0.00815881030463112,0.010114892681656171,0.005545893605771385,0.5027183043205391,0.1888051950242329,0.14715463531391593
82.777,0.005729603815214567,-0.0009486194173232528,0.006322148336740413,0.0054404324092896415,0.006098981718021264,1.5264465553625824e-05,0.0026486009487775935,0.006511982983278623,0.016211339232082626,0.2043283464774154,0.0033032506021805057,0.0,0.014565854879968794,0.0033482376190355503,0.00830652310693255,0.008955927388030673,0.013789596829146654,0.01421493665704313,0.0024497190473274626,0.019656463030923586,0.003240759409405076,0.016373245979403147,0.01318733459562656,0.047950948803705006,0.5426082436287115,0.18636171128746032,0.2558423877629208
83.277,0.012547417522383577,0.0033884495243038594,0.01756507943776889,0.008431512910840192,0.03941047452199794,0.0028021390284788013,0.006790324797114834,0.022731709239255844,0.022185693291562905,0.13728429938877293,0.004823646449231017,0.0,0.02354801846496948,0.006281675422142988,0.01247356179662613,0.01765030141819063,0.007544149270574668,0.011022122398954599,0.006283330286414236,0.02270554432159051,0.0059555402232467055,0.018406068159718743,0.04179528658751295,0.024379771318764256,0.21116192002655845,0.13677350513743752,0.15648959625227285
83.789,0.00471201864486143,0.0026186219880804376,0.0024472789738820243,0.004820168691129012,0.019960109375869547,0.0020579960615725876,0.005995223001653234,0.007928841878403746,0.012808693814096408,0.17256099799139682,0.0001653974128930921,0.0,0.011080817825510215,0.005901947703328895,0.009214196311699114,0.022397300802413467,-0.003070078301038415,0.005692309202623613,0.001794158892557906,0.009778273890189438,0.010039288813546755,0.0032103672391023247,0.01826480311718983,0.040340649006096234,0.2122387863521601,0.20686206705420804,0.19894179171952694
84.279,0.003394254161050305,0.0017826070524271792,0.0011047699128948778,0.005132410428851294,0.04164990860423159,0.002284730638890518,0.003348764044284744,0.013127888180397743,0.020176685968437184,0.11056518262204802,0.0021938703833240575,0.0,0.004379123186222044,0.0038219841736013725,0.009225080508016466,0.018877103008042965,0.009398846880843064,0.009736844297838535,-0.00040647369363404,0.012777432964644647,0.009141122330102574,0.010162130145444008,0.001542150396645415,0.017086877460807885,0.20812117995693175,0.1215439162789567,0.12686414401250998
84.779,0.0009862819560338795,0.002777626379749658,-0.0023688290636702824,-0.0005832760135906809,2.821133819673609e-05,0.0011244776673707785,0.00041621168434855253,0.0028949503745267042,0.016538109253856362,0.0760943456174887,0.0013758907583797343,0.0,-0.007527292942819038,0.0037545697596370487,0.008463347033196575,0.00875457160479881,0.002636149583392708,0.003254784632265152,0.0015617658894242872,0.004955449284486951,0.005639418454728057,-0.005529304826560875,7.543492312311566e-05,0.022909846159803446,0.3886342254493102,0.054284633965120586,0.10443863286762596
85.278,0.002388051432298753,-0.001399410335710889,0.0005898955733902565,-0.0003865322466744966,0.01830167717737141,-0.001979381034300599,-0.0034483383257335447,0.004488810229477504,0.008813910134617074,0.10198400383260205,-0.0004993698539767522,0.0,0.0002938944303905462,-0.0004998622564776736,-0.0028269184367118332,0.0006491558578530354,0.0032094552288138285,0.0048495365664699445,0.005808919625588176,-0.00013359931676877395,-0.0032687813764946086,0.0034757914552894977,0.015460397580557651,0.0004843335255002588,0.10171229130994647,0.10617223449475369,0.10625280583522051
85.795,0.007825288199865103,0.004229051764459909,0.008728131923368049,0.0025636112395201758,0.0547741866115643,0.001029234520159122,0.0003176078611600426,0.018096420773406886,0.017787600144243795,0.08398687295562009,0.0028683803040792395,0.0,0.007264528586471085,0.005810574633082174,0.006233449525406601,0.01101469156568013,0.00862215472224842,0.007308013582971526,0.0020775551704267188,0.015820477750275848,0.003993821693802652,0.025461768679417292,0.009028767511075484,0.052429830270167614,0.211736791175669,0.09225081050741006,0.07658400129981105
86.278,0.0062522252370481235,0.0010537705359480115,0.005700671916581084,0.0029136303872065402,0.04013261310605588,0.0008281753590034831,0.0037881389611703386,-0.000403327277178467,0.01660223366709218,0.08824043849234225,0.0012295930279696188,0.0,0.0007743695470259053,0.013972252908009235,0.012002172103439892,0.00459909302531363,0.006007179892844657,0.0070899101998464975,-8.301907378987258e-05,0.017626799643081104,-0.0007597980929389561,0.007463165806218239,0.011832099157265028,0.05259428969593703,0.19194924406707276,0.11135647298517524,0.08164229045997405
86.777,0.005040613788384249,0.0025064779242591597,0.009693034462685423,0.004258929892705999,0.003916483960910829,0.000859789159338827,0.0033412435877577043,0.01264450539434931,0.017682934441690033,0.11378163861912656,-2.2058593891604387e-05,0.0,0.009631960478642891,0.003761169804575882,0.01200441936131095,0.015847439171208427,0.0064797260303290785,-0.00032962655348094984,0.005296286509383117,0.02151986424525643,0.004147942941225355,0.02627041848423564,0.008376078740412924,0.03148967699709498,0.18026331057877626,0.12825228273165726,0.11708639989670976
87.287,0.005535760076123921,0.0023679896630326254,0.006285960713208676,0.002411249090777327,0.03457810039580474,-0.0009068085192777083,0.0030262861757746435,0.0041233169761312445,0.016546819476244506,0.0924696808037176,8.578342068823928e-06,0.0,0.007737793057794914,0.009272618940316796,-0.0012931161458552198,0.012770670566464094,0.001866247329728685,0.002210145855705481,0.0033940094976368574,0.0269782575034489,0.0049467311590849355,0.03189111958741597,0.01577019844506979,0.03022249020162183,0.16877899997461482,0.12809984043369876,0.08252536363296466
87.779,0.0021278927503028573,0.0019562336552783155,0.007015923756760132,-0.0006896149408233375,0.026467753502038685,-0.002039075634609967,0.002881424091537129,0.02032634962856026,0.011010407927322274,0.08606062409715817,-0.00039977931669338333,0.0,0.004231369437035313,0.0042446549871374755,0.004305716198324879,0.006863973300144944,-0.0001972913702963803,-0.0024142823821329267,-0.0006157702716444285,0.029202879400976087,0.002105113571325739,0.021009875223938823,0.017141466182637594,0.03231383624243557,0.2827024058918777,0.07235584659773815,0.1309409205428743
88.276,0.00484088148803679,-0.0006413514741163529,0.012117446372929738,-0.0020346022067915305,0.022359597012416237,-5.495241152061083e-05,0.0003779505253220283,0.015835947429570073,0.0035402931765681654,0.07828590542601811,0.002424720453939839,0.0,0.00810990481929445,0.00442269134409837,0.0029933559424582374,0.007505473467730569,0.00010462064895850015,-0.006773297455462192,-0.001868102192660796,0.027564595572282906,-0.00037474900727878664,0.032386509588437286,0.013818344140005172,0.03699350958636714,0.2836226276028526,0.12745839846248883,0.0813098446032468
88.777,0.0027031190158303643,0.0017998933913588883,0.008672598454977998,0.0004904544037102659,-5.6422322671581914e-05,0.00010912539364505745,-0.0008428355285522873,0.016456640463988016,0.01710158189096672,0.053646421280261265,0.0007857020906830329,0.0,0.008473632279485152,0.006594375984283327,-0.0035794101677281455,0.012376356433850273,-0.001920252751192831,0.0001281881041314224,0.0009413385827463134,0.017335335254867953,0.006247045775501651,0.02035761471244127,0.009028980516922362,0.038366482003592786,0.1954332480857082,0.08463609134484268,0.052218817075572854
89.289,0.0011630974306215485,0.00271848437147248,0.0024969802653500173,0.0036541757034017786,0.011712837124319732,0.00037670121387617253,0.002625174029500012,0.006675901312904442,0.01478483917460848,0.04641318000411616,0.0008173610782146771,0.0,0.016937485316985305,0.004954287876514577,0.003018128826781756,0.011883439898390004,0.004812515228654837,0.00809560795048863,0.0025166033125980742,0.018459332796448118,0.0011069679846103483,0.00480051696312826,5.9106644704276076e-05,0.049703634259401976,0.24566144333218715,0.03129739865440857,0.07107319270979534
89.778,0.0006172503979420677,0.0024784126449869472,0.002802565615420942,0.0018334464204185033,0.025008438134647808,4.728691271290993e-05,0.002426225852269759,0.005605779170580684,0.017668807240809145,0.03270725235688792,0.0011300207994098825,0.0,-0.0023164460306556232,0.01116907476875332,0.0018335756407547015,0.01886720122724407,-0.00011007077400288962,0.004720512089414702,0.0031919656984654167,0.022553008810967553,0.006846995667566653,0.007272727828609541,0.010145547653378826,0.03747306514728217,0.22609199347178915,0.015973880823824074,0.0660714302673261
90.278,0.0072313090455003275,0.0023973101551915013,0.011906973823853735,0.0021712071519334936,-0.0025394270843513873,0.0015398057891547932,0.002885719150620461,0.01089702705899017,0.010278220844589462,0.07258594553459538,0.002299188311428248,0.0,0.016910731205191067,0.00876574520728727,0.004749271347257887,0.005702181957592634,-0.0005885004953199968,0.003435178955651539,0.0019679452440703577,0.019276626519867245,0.0015660992504707941,0.04151795707141289,0.006002347349691201,0.0409445783813172,0.10507610146231984,0.08672348286056608,0.09831249130283626
90.777,0.013969378318113776,0.006562579737892606,0.012662510999315752,0.009742810455837358,0.04206666596285727,0.003441613762214686,0.010596160368437338,0.016170567615801427,0.0162723339235691,0.12769154454405546,0.004986331159587336,0.0,0.016851448805199915,0.012413234355463244,0.011919717141161494,0.025021915702787893,0.013307567859743692,0.013386094724852977,0.004923678403371854,0.022539622036572612,0.00017040323969588533,0.01642054206120457,0.004909139997096922,0.03608314322256278,0.5131056256416049,0.13954558699583278,0.10210061068230232
91.278,0.007658953576136315,0.005020315155097024,6.741299275694826e-05,0.005479338867427423,0.014938231180684774,0.005486805902643269,0.0075719384196082816,0.013467900298321466,0.022447550550646164,0.10474042339935678,0.004037933117455726,0.0,0.012085809695500755,0.008389691668194244,0.0035734202508356677,0.010597835592588456,0.009942503969552211,0.007532672516518034,0.006454798666477152,-0.007631538580639533,0.007623759852058984,0.007175358606313785,-0.0043629975258286545,0.009126045634997552,-0.03455663017621579,0.14401700903123005,0.08729623910883255
91.777,0.003971795363785184,0.00410159009941122,0.0006180826160087743,0.0022008508269722297,0.0058359435638776,0.003839782198627927,0.0033184584308906624,0.0081150478340875,0.025608972521057746,0.07409331104471203,0.001785889486656412,0.0,-0.0005267195234784127,0.010315165488987242,0.0006297979415605381,0.0031803752779067233,0.01192717948275446,0.005378880364135862,0.004118557904283063,0.004977764155555946,0.00800444618291334,0.001379388022604847,-0.00037836354014624126,0.01236765861912681,0.2289452093238673,0.10148277491871914,0.03688702766973784
92.278,0.008833495779956482,0.002470828025576577,0.01671975199741715,0.003019918242089702,0.0280515378519631,0.004745380469039805,0.0101881749230473,0.011768643242940769,0.02212678258178327,0.08568680063445426,0.004888151426484401,0.0,0.008713986145786112,0.001721650658956687,0.009816103535730107,0.000859600057940958,0.0018829850476520282,0.011792449962640792,0.0025570656259819224,0.023060530209070507,0.01115668189824122,0.03453848933213267,0.027602634540456677,0.050728070560621265,0.013686472983789404,0.08722789856068071,0.07417692517302668
92.777,0.006264690416638832,0.007397720036479889,0.0036908661194391965,0.006269836393573206,0.041006233110716585,0.0040128439872492245,0.0016805112178611729,0.011813762867108515,0.01861756524942939,0.07584396688329151,0.004553282122576409,0.0,0.022575700073357706,0.009044201017754366,0.00019633623487053914,0.009277290406218703,0.0018987457799863367,0.00883160987766664,0.007150194214545366,0.005375329058336238,0.004665327099487689,0.0017922275156889063,0.015429173407441047,0.019701082935154584,0.11215553525862985,0.05730505800810978,0.10896796980375958
93.288,0.0026671922454667425,0.005761846338773283,0.007706608892928977,0.005815664857389316,0.03073207687138819,0.003753722733274853,0.005551338171619856,0.010673954142495858,0.022829667942671546,0.04986411676438759,0.0007576532969864371,0.0,0.014168647737026849,0.013357754298487954,0.002741031317784311,0.008527907358363649,0.005017850826486968,0.010338065608888438,0.011844175045102665,0.012625545472650984,0.00829219504172837,0.02476046028505512,0.014510012069760577,0.015356766802632987,0.2961884046202564,0.07151681765180416,0.020132325441088793
93.777,0.0033644162669557655,0.004790601576542623,-0.000501065687938646,0.005403617930232565,0.008502548717399135,0.002638767586863751,0.0004631526703000163,0.009331312239594465,0.02165855169297978,0.00512014926645886,0.0012552507810654812,0.0,0.010419174831416588,0.014418769556286286,0.018676617153992194,0.0033536833254523704,0.006061421800997987,0.00484221869177788,0.006657601836246668,0.0015380993373693486,0.00939797249022116,0.024986133506518852,-0.004802810597126279,-0.00022548398020531913,0.08283273662106012,0.10166055025018195,-0.046046028074143465
94.277,0.00991161735704059,0.003396268960777102,-0.003949170984587947,0.00445786886053648,0.021295739601151456,0.0026955697809660155,0.0033856036411011137,-0.00915863507469476,0.022343571484391013,0.03653457430340221,0.00183661933007337,0.0,0.02126705820588068,0.006196818395363488,0.008489345072135718,0.006351488765661036,0.006104720385537928,0.002680775900951881,0.007869200820598617,0.004118876903626447,0.005043640833686366,-0.0027371070246330104,0.00907898566788453,0.018385270471331063,-0.08711052981911407,0.031481922512454644,0.0530589081769193
94.795,0.013058232617823393,0.004102945552711929,0.003613515700310255,0.0006392497297066376,0.028876440269851058,0.00431587036647278,0.007216142123439162,0.020351429785321715,0.025817091761115622,0.06299861509389526,0.00318892717852604,0.0,0.019345576069087406,0.0011631532710154396,-0.0022367996804184185,0.009303549856108177,0.003461105678446873,-0.0052040322659721175,0.009316754434054709,0.017641741858706206,0.010449411203267563,0.01669903055852002,-0.007858360652723332,0.03624506855802037,0.26579214562172787,0.09183352296566742,0.05729369192514013
95.283,0.004066811943855633,0.006352019734851993,0.011217131939352568,0.002379659294550591,0.04776192133362519,0.004017783921936581,0.0034427061918686423,-0.0005454943494190878,0.024605533423254732,0.04575662420345437,0.0019946283275611336,0.0,0.018629198537693584,0.0032190080839262537,0.009898340798196086,4.970348496668812e-05,0.0023590519584004805,0.0007835847872923778,0.009122719597692187,0.021384433073523272,0.013428908728333208,0.011633298111868084,0.03146140157049085,0.05031208167613993,0.23599284799841155,0.04984632773887339,0.01104289564415525
95.785,0.006132565526773716,0.0058281996411608285,0.006540901245743836,0.005100578461136425,0.0635089083874823,0.005209443970173022,0.004354002158789012,0.007232483169687332,0.03128467029912795,0.06373375302439123,0.0016908816200749029,0.0,0.0145812788183624,0.01419930002228104,0.012543607939929487,-0.0006063449833143136,0.0001798981856754022,0.00969962420808817,0.01065588676717546,0.014402182958136497,0.012505613789772921,0.021850347322690294,0.018064398139424703,0.030601659716146038,0.3389365145950489,0.09108019070503283,0.05966187779232769
96.284,0.0036461530024160965,0.0037657132524607133,0.002502368090599412,0.001349048642051166,0.03290858029333277,0.002777170950343784,0.006385723178770176,0.0020979429812173892,0.020872886301707708,0.04861162397503583,9.332030613040384e-06,0.0,0.011308476524320392,0.0023959716296882523,0.009330081065104696,0.0029298682449828382,0.0003332888320978589,0.006506671426963284,0.0020835080063092877,0.00010245934153876356,0.005532582128589622,0.022249934613141106,0.02101290158357196,0.02048335203458082,0.1801202021763563,0.0818895723827427,0.02605731598450179
96.777,0.008203174793807172,0.0062905417548750064,0.016530073293253716,0.005529091815417787,0.03483380565593123,0.005489776605385045,0.010051765312740425,0.0007408642834033098,0.03068949140818325,0.1025816974070398,0.005303294629050901,0.0,0.011804442036496082,-9.020321494994345e-05,0.004651164812549021,-0.0013648893756510266,0.017758582038723575,0.016769057824820167,0.007432881105368608,0.03095100441369687,0.009395264800836455,0.06858972382802818,0.017633379261717638,0.039427626955174266,-0.014194082559012498,0.10127845734948628,0.13277844344951759
97.277,0.008990118721406466,0.002437581009741809,0.00986948439446564,0.007951654374420143,0.08233118630416825,0.0053630796764221784,0.009628783115974971,0.01826565165895342,0.02439060705863223,0.10248384941571052,0.005619280078038734,0.0,0.010581461518556493,0.004665794726842278,0.010596603333889173,0.008197980085727708,0.017139613673238636,0.014672568983407797,0.006697486759252151,0.014474885572212841,0.013300836141249939,0.032820234163248814,0.021905386413572425,0.019123051469372192,0.12427946500016904,0.1461752222525727,0.07376113196125451
97.777,0.007567301758975647,0.003849370332080726,0.007821636971204029,0.005087732540417725,0.00383149158990249,0.003968239938456665,0.010856359626289188,0.00977411848029995,0.025377303217889766,0.009829658849356585,0.0030045664730796204,0.0,0.007608804216611927,0.012031882745932032,0.013468395884238135,0.003948344323253715,0.0113432805695385,0.006208255772776744,0.003668734865032377,0.014957227408057218,0.001555449985918124,0.008771690517026143,0.010554542003732955,0.03666362887349826,0.003548520639753198,0.0021203437028633467,0.05263999916350568
98.277,0.006869080713267417,0.0027189511747295683,0.00577487116105421,0.003701572285574061,0.020824805167416634,0.0028942217949437074,0.00829740800909595,0.007123780597225557,0.02909086948371711,0.007224724655732985,0.002728547014655342,0.0,0.013553841608906667,0.008429100719729273,0.017485210982652925,0.0014450611865144249,0.00528530238387579,0.00796363595839197,0.0048906348162704345,0.01259313648124187,0.004722803806318006,0.006234378359430185,0.026753934772874573,0.023440809830261755,0.24057453901208337,0.03384411224312625,0.0013524426077145962
98.777,0.009530523850307067,0.004147370057947038,0.006233987496226826,0.0061101408979741196,0.028286215424440847,0.0038265588268714904,0.004900368894942018,0.018864381357576145,0.025680454615168574,-0.006944447920751962,0.003955685286564036,0.0,0.010873204690820898,0.004619999974466961,0.018205364000685773,0.008532498297071612,0.01007391891348094,0.008937311406781131,0.0069907638651871724,0.0196567351109893,0.008476552489601646,0.0007569612802446049,0.015527511923010426,0.022956941340991285,0.032266037978936714,0.023493775013378886,-0.019662734564233612
99.277,0.008252539867698337,0.005626834226616055,0.011938159503920924,0.006952657515192991,0.05786300044336005,0.004683611200878977,0.006153871467563966,0.0182756192833534,0.01942265767474432,0.04771229450666828,0.006473631678070973,0.0,0.010261359537183759,0.005535854369426434,0.014246543033456021,0.01642399604948165,0.013386874415979683,0.011451667091418706,0.00711654925019545,0.01593072083861734,0.0034502234409111428,0.002089899516078138,0.03532520588402473,0.015502548632372382,0.30909941923402307,0.08959195657430717,0.029293096664772113
99.787,0.005458999491653425,0.005729056132105861,0.007568683629437681,0.005701243839491126,0.025624940881158506,0.0035290721121465215,0.007181421498658613,0.01080452663666292,0.016330999868246678,0.07210111684063092,0.001130153346945143,0.0,0.011956212141903658,0.0047802620605969836,0.016564559984093643,0.004520003990710428,0.012682802208049734,0.010784644966315862,0.008300040540499735,0.01912950852462237,0.0034351689823557668,0.005962118054719324,0.028721737607597702,0.0312814348749765,0.14931954347813822,0.08555603209761327,0.06900134036045405
100.277,0.0034682342831367555,0.005736341328889187,0.012042562192049518,0.002038534386299937,0.018154762951698083,0.0024031459504890466,0.004419024441038181,0.01771702401923455,0.010459333411432183,0.005053588539296641,0.0033324069721341514,0.0,0.003951380308853611,0.00753896319484392,0.003309056930868245,0.005369282889487627,0.0037612894500857956,0.005634571196989286,0.005809349777838281,0.022964341764833224,0.009881230833804513,0.025585431015216067,0.014328844963132917,0.008560692744358271,0.2708503375036436,0.02375810810197092,-0.0034777095626943874
100.779,0.006325712645284137,0.0033481957171184605,0.008186570092113654,0.0071893386219314855,0.024226890590793058,0.004103603618723848,0.005811925130622735,0.013628589520055514,0.014666004702689308,0.028773700076012487,0.002026958297285906,0.0,0.01101044521613107,0.01646696817661787,0.007818239036987206,0.010870637806332252,0.009118621350518776,0.010024157734963545,0.010585101248809771,0.01630941077251622,0.006040125643985735,0.013118066226550783,0.03660407302670344,0.036044457095795075,0.3131773131336667,0.00266014716237105,0.04668885099963698
101.276,-3.5497811328919733e-05,0.0011322317180642546,0.0028793427344108204,0.0027546153506790034,0.03005364186332895,0.002178183184299905,0.0027062995729612164,0.02366770530475386,0.00035814197255785757,0.04443086204254024,0.003437737137690997,0.0,0.005212615687776927,0.014422730178014887,0.011757031476054081,0.0021788157064443134,0.0052173366786476,0.007407174778721731,0.004314812892395182,-0.005381148036638201,0.0013366953968585833,-0.020478910388557245,0.03502580300761314,-0.01417319193630069,0.12494439482909679,0.042783056346180404,0.05186522396239604
101.787,0.0021925498680265697,0.0037702970928053334,0.014057126515447986,0.004089516271891752,0.04393143677128347,0.0032631311010184556,0.008686234850730787,0.016684430925304257,0.019073555078055974,0.038937555895006894,0.0006817157021416744,0.0,0.01136292438938869,0.020572752227477578,0.007524620564539135,0.00492946879754732,0.00624554207291535,0.004556067562069898,0.005236691749303123,0.020516253217898395,0.006023428801864479,0.011973764925767077,0.02180947348256292,0.0017312566761303484,0.13865022716729153,0.032030082327606936,0.049212896939002396
102.277,0.0009065107527753442,0.007936984039037103,0.01968453133052764,0.007611478176152286,0.06505172481253671,0.0037551789672247127,0.007445492288019657,0.01345527326547547,0.013617674563932763,0.07439284251824925,0.0046593439398872885,0.0,0.016347022417673825,0.005309587399302366,0.029177462914505386,0.0006220457461365973,0.008102849280164883,0.017169297647254625,0.008709614233150857,0.0212959732592272,0.004913020238333344,0.02484350048733962,0.05725849233183869,0.005663024655897502,0.4946355170656549,0.060178461541760875,0.11130445735092946
102.777,-0.0027620629194844734,0.0030396423245356665,0.019029617448031118,0.006326120647926441,0.028975703440438438,0.002772703681994088,0.0062464163698673905,0.010179879890644214,0.012653589004399916,0.11673051483380113,0.0007389086380651005,0.0,0.00592914306554334,0.004990736675668904,0.02146034965623218,-0.003220577466649017,0.007618787796949489,0.015502365118176943,0.00860141273310867,0.028774822649472582,0.005618358006777967,0.041018140675948715,0.0422219624103016,0.013307970555190242,0.19004067948450873,0.1610820813854306,0.08932765632855376
103.278,0.0011409213745705985,0.005609151161404532,0.02220089032606142,0.004032015240657904,0.026567509009775447,0.002090512922143795,0.002601716042109416,0.02069437410178691,0.007145942344095894,0.1379838651418105,0.0031896663111392522,0.0,0.012033155548119871,0.014725531943292234,0.017853811577996714,0.011080221358595183,0.002824026716193437,0.004987515516478712,0.005021111801160529,0.03874442053073777,0.0002505723318428018,0.030791238897131326,0.04650106686325587,0.028123015291059934,0.31456494679019287,0.151515243601512,0.12213157734756515
103.788,1.7748975669992044e-05,0.0049585633278426584,0.009361838504760986,0.004860665147010696,0.01577222808714794,0.003341249038010312,0.0011366221406081834,0.004267220467782071,0.019819886091190408,0.0959611353417286,0.003470358066192419,0.0,0.006106273143918045,0.005516159441790598,0.006527308338284165,0.015192413725024355,0.006470617759930333,0.008937338316007704,0.008699300983889118,0.00874600382886141,0.004707141101962567,0.02069399653179144,0.029044563685392943,0.01639620528420623,0.2604188176221151,0.09412034444452373,0.12030019918112671
104.277,-0.002105210751535231,0.0045593604779190795,0.005728715645223121,0.0017691264073772864,0.0021199238958469614,0.0015022167898720111,0.0033334254432013212,0.016840475992666575,0.015662484587309514,0.05423713427300362,0.0020549012251142515,0.0,0.01623242302535081,0.0010209795744382812,0.007457785032094033,0.005742645080607085,0.0013627451732071741,0.0044881898508539195,0.0043442414256027705,0.013596301441036554,0.0019458632652420286,-0.0014705665223401188,0.02967461209364731,0.010932728868178138,0.2749201598758742,0.09893005948039915,0.03227383126525116
104.786,0.0017860962589843915,0.006784562587239217,0.009683584637187492,0.005123726904375969,0.040729009805049385,0.003969505873903526,0.0003065858731065483,0.026841905198123597,0.01986398431227038,0.08618630765985373,0.002344227932340222,0.0,0.01318159158789548,0.009150358785860123,0.008939677720343833,0.02087113689761407,0.002433439759841904,0.005300675560466772,0.007466647478489277,0.012576398710693758,-0.0003723160940771614,0.01274755877686497,0.036738130820562646,0.05023597526909199,0.29966851256776744,0.08559640571384709,0.0775764655270754
105.277,-0.0004785973071002591,0.0019969875006998973,0.013517041861539179,0.0014231382869514739,0.06209373716201866,0.001334073916681252,0.003480241006698541,0.005060018120377297,0.009841948996202355,0.11129145389693847,0.0007370119972773334,0.0,0.003926633117667702,0.00834188336093929,0.0050476121099621955,0.011215266239183721,0.006262292079756894,-0.0012487906214995999,0.004110227274933671,0.02952372806781919,0.00016981222831042992,0.011274057488943947,0.028985671388892877,0.023491876634213666,0.28502492701987125,0.06581778466431219,0.16364489481783495
105.787,-0.0008052059111984302,0.002559703523946097,0.006716451854474302,0.0007786988452919731,0.011885317603821798,0.001995594055109228,0.0010632587204627445,0.0022307561025424107,-0.002594852157166957,0.14943736067242291,0.0008154034223276185,0.0,0.001384208889369982,0.001457054645149693,0.00396611686662517,0.007685361767581004,0.006430334050955141,0.0013200304821608458,0.004729766846809763,0.0006675594892969207,-0.00011502208040083543,0.021658117728007437,0.029704676737251377,-0.00971164151794587,0.3365851165560808,0.14537192710044566,0.19221752531694664
106.279,0.0011445776721158876,0.004128816926966911,0.01327841748911555,0.005476516358537466,0.06393031261818254,0.002033666598685504,0.0059129014487192015,0.01124471870860184,0.006535805258740268,0.08532413211597248,0.0029381069769366585,0.0,0.009837504428909068,0.009060917686149183,0.012943322150954268,0.012320088596240761,0.018482485999349728,0.0008522654457581593,0.002118485061978071,0.015321141051690471,0.004297712951126974,0.03427380378601245,0.03158924352428046,0.02754981661348232,0.3590571914177446,0.031875838399776105,0.12687389436931765
106.777,0.0076920340952937,0.003256810163337118,0.021713978681798425,0.0002651080731402828,0.035467849166491684,0.0025748131848411654,0.006911661741238835,0.017352665795601355,0.013875169114922087,0.12094679109792952,0.0009025707747962301,0.0,0.011704696946806254,3.1571410016833555e-05,0.0003857083721683446,0.012123370125692461,0.00021357474702802861,1.7305240706002e-06,0.00035594046823619733,0.030574821482689037,0.004680425366020376,0.05602123430649321,0.029520353164398116,0.02638504385837311,0.4752965691510873,0.13596314788786099,0.12882118052862204
107.277,0.00745325294870665,-0.0006556925487804456,0.009906371699399974,0.000910995675569694,-0.004526805693001885,0.0016379002658083066,0.001166938173796701,0.009985611333166692,0.00802890775523702,0.07402558058726677,-0.0004117581205840243,0.0,0.0016900133639920914,0.00010117612130836112,0.005204479562080994,0.006066937785515158,0.005140120318732686,0.005920754071062233,0.0012276362608698058,0.018927971255761837,0.005551747283005136,0.03167596704958839,0.021313840996112502,0.008645290178823666,0.24443753513723024,0.08705043996427005,0.10506391385719284
107.777,0.011260655216419025,0.002509690412661102,0.01284628933091372,0.0002602643721483787,0.025249711497726108,4.708827184233362e-06,0.002741922505905353,0.006320831019306957,0.0026525730685534386,0.025056965509598312,-0.00017677462543464037,0.0,0.0035468233031529144,0.0038781154595570527,0.004641197006088983,0.00671471095282193,0.005636140953711331,0.005936592530855898,0.0010402959121403538,0.018162638019204404,0.0042056017712357435,0.030181575481947668,0.012281632303977646,0.02483853392560274,0.3054176320213479,0.05190264614234241,0.01870222461587652
108.288,0.011773183590215728,0.002240516253673025,-0.0016494154214553693,0.003937334595463855,-0.0030531136176848027,0.0007251199209504189,0.00510746013911961,0.011343013787877157,-0.0033581362445028154,-0.013916983563020333,-0.000668011166948476,0.0,0.0019307826075912744,0.0013124837776930332,0.005590037862260531,0.012733074321204685,0.011841663432989449,0.011396004057725654,0.00117961158964765,-0.0021977895322654447,0.0022596723154707345,0.02580869973848196,0.020384446528463496,0.0028007515598542985,-0.051665513806370626,0.0005406396318396321,0.00301017446714948
108.779,0.015432171691579424,-0.0009542905522943877,0.007858019201168527,0.002751115028674856,0.016516830361260497,-0.0003685547863591956,-0.002593645831838598,0.006923766568773611,0.011657957868991181,0.0008341346505831533,0.0010868778656368547,0.0,-0.004953577168398837,-0.0004205480479063902,0.005416735175342472,0.010889395469331055,0.01229319154196292,0.017433005307422245,-6.344362125267986e-05,0.01682562142380723,0.00023183858202106746,0.053408483207499045,-0.00545973302999665,0.017950478540282516,0.21325147199898445,-0.05779565661223345,0.03566924644621701
109.28,0.02535355936475436,-0.0007255373334357555,0.014977060160703756,0.0036051467403350967,0.03508013809045677,0.001589952658387372,-0.002377444756918036,-0.0007886297785197165,0.004317426435054336,0.029498690680749715,0.002522036839599717,0.0,-0.0064410150147549165,-0.004121869854789601,0.011694258088075098,0.011986464935332238,0.014920826304371908,0.015366911835672965,0.002322370536759155,0.019049027037822294,0.0020374163158592994,0.03140163846022704,0.052437605871766546,0.01453976977283618,0.14011246287902485,0.02476887180267389,0.042397979331970016
109.777,0.022511788800398492,0.0023919176217725526,0.004648973103838798,0.0008181381412989744,0.007814978478207902,0.00195650185047461,0.002402422086831895,0.01693490435623636,0.0071668328979112034,-0.013602136486721544,0.0008305640076931083,0.0,-0.004841823705484639,-0.002407881548740546,0.006050836034123106,-0.0012088590210834569,0.00028752241957221856,0.014149049696654266,0.007366670442522741,0.0059095409978639265,0.0032434575764513887,0.018355366459626953,0.021669387335208366,0.013889356775038919,0.040264532794178576,0.020228139287474533,-0.03562777175258453
110.276,0.022227732487574068,0.0010204494527368466,0.010668694705900901,0.001345209941307908,0.014029564668720183,0.0009698415479232142,0.002364246954956,0.010407152915809787,0.00021283842336809964,0.05884061108706759,0.0034494704843042725,0.0,0.0157624390888573,0.004241363929630066,-0.0031273352938304606,0.007477557003768841,0.00814798023822042,0.005337984001714441,0.005122294528105325,0.01834426391048857,0.006234704927603451,0.037772155204862774,0.013572964279804929,0.0015728430816831476,0.04905756344629475,0.07064627658122177,0.052873033614740134
110.788,0.021261860852999456,0.0024344984095628357,0.011879319261924292,0.0035067836166553456,0.03279238275159658,0.00010110916907637935,0.0037338087238884864,0.017695952986771325,0.01283145726716562,0.06601712399892669,0.0016162515886393287,0.0,0.015530123062330679,0.0023007432741293655,0.004502469286662713,0.010730652705068644,0.010454848163147004,0.012386599071889767,0.002852973728480772,0.022249963868296644,0.0072755521275822636,0.028885573037522115,0.014756038093360476,0.026600314769124576,0.2136380261138767,0.04049948049288707,0.1050163226196733
111.278,0.016488020876355734,0.00237553639196378,0.001151861344135403,0.0009610717636945261,0.017049579717010006,-0.0002003353079839996,0.001783057831546143,0.010504416834427807,0.005546636385747391,0.024339489751289186,-3.0440419929266547e-06,0.0,0.001407545438047329,0.010142978230187526,0.007699292546187194,0.0002222220425838706,0.002142028121420532,0.009773598840615193,0.0003870883417417791,0.011866241576205094,0.0022295596685487705,0.016330501917759428,0.010116471554396596,0.03012984101192767,0.3396843269987964,0.031964479314107085,0.03743767422469703
111.777,0.011560109790498577,0.0035249492885074877,0.007280871047641557,0.00125446129109259,0.03464246919272323,0.0008357253041842797,0.002268830975256508,-0.0014432086955982772,0.010386417148131969,0.052591747731759016,0.002910090328102127,0.0,0.011322262786698727,0.008244504304270475,0.00807500992265796,-0.0009714427635331596,0.0028147094584279903,0.005026976595149799,0.005387975388496861,0.026943973094205285,0.0014945870480834052,0.038508819644254434,-0.012378349881340052,0.029032015560306188,0.3445875345148019,0.02364915247602573,0.14143137965910643
112.277,0.012051075538271125,0.0019515615127103053,0.005442201383755046,0.0017079674150502803,0.016004041452229063,0.0010803743543503338,0.004906590326217401,-0.012167021487934259,0.011489788007598579,0.060861058041676096,0.0012165372758076146,0.0,0.0038105614766420514,0.0037754121827339483,0.017167239604868913,0.005952264189633177,0.0032336161722430774,0.010493408405053738,0.0007756623180633742,0.00999746655076634,0.0014301584782948288,0.031134417925391216,0.0014266803544810602,0.003954057435390729,0.24743664372865548,0.08129408343350526,0.12009093840523004
112.777,0.00848235284258705,0.0040097410762206815,0.011916356597788984,0.002886302928200909,0.0418612131611626,0.0021381856522150033,0.005122388157976431,0.01922297640909669,0.011299223653644922,0.025089267272974895,0.00095529714096674,0.0,0.009033865921038994,0.004857468943174384,0.007995122037745358,0.002156113490610186,0.007204891784819962,0.009648816609163509,0.0033309251858728377,0.021961994376055984,0.004965678365953891,0.017146595471782274,0.022334173833536218,-0.0026853495613539976,0.08990907406673376,0.0020476379831263106,0.10932943870140029
113.285,0.011889942204159228,0.0003198607870533411,0.0014443904091017827,0.0029542528945212584,0.04919618327449405,0.0032170277791456225,0.00862678561064003,0.011970469836140194,0.010765557616171597,0.031912947822408055,0.002954215016806083,0.0,0.0210700504769878,0.005155141605585667,0.012931199434931135,0.0027432160334606892,0.0035431532364998465,0.004443557278842444,0.006763552683464446,9.892177895895482e-05,0.0027370906202906025,0.00043791107056382846,0.03728525433311825,-0.0013289718043956774,0.36671121700638676,0.04570901180714618,0.08019598758010947
113.782,0.0036530843236328788,0.0025356750873223757,0.003180296771454019,0.002390125514086416,0.015772859098715685,0.002817424086458042,0.0012155856282318632,0.01012214270694142,0.0055419178403032,0.08958994729657298,0.0008074204189751998,0.0,0.016317250570843808,0.00660330143318706,0.005062930884638234,0.0007411604407260321,0.003132372483005916,0.010881914384066842,-0.0005366192886031921,0.010326082886321131,0.0033046360524629113,0.028449283412339137,0.010393737810186807,0.011817945622347103,0.23047820159766,0.09601614490564479,0.097136048645343
114.279,0.00687625618515082,-0.00031709301908915854,0.004397357497655213,0.0018751508869847692,0.03432015202095906,0.0025306133505301615,0.005196533279381357,0.013931967313495518,0.013040897187951699,0.07416301613681933,0.0010395547288191123,0.0,0.011985889823283233,0.0036209871947461723,7.380945687390093e-06,8.037981572885558e-06,0.012113601878822874,0.010121943625211976,0.0024810747536514236,0.013558440857144907,0.005500790336343008,0.008490531498270495,0.0122340042176284,0.03069669460988282,0.2491251512597133,0.08663327645077296,0.15836527735156555
114.779,0.005017300938424308,0.000725153904881689,-0.003993820872469045,0.0023117800261905435,-0.007001541887170282,0.0011611708640660845,0.005152141139071895,0.009836364911609195,0.0055597133107665505,0.06697244522145622,9.496638594409185e-07,0.0,0.0054378871866593015,0.003555369806258536,-0.004487838221479599,0.003394602208819797,0.012323124682161377,0.009118065434578085,0.004761886887650387,0.003877268446159959,0.00022716711887872245,0.004507249089117573,-0.005319728769636717,0.01684015987473682,0.3129791585418902,0.07759092098337039,0.07219369077830612
115.279,0.007646526102799398,0.0002711885206594889,2.4246815932663215e-05,0.0012110637593054168,-0.0066571221549588154,8.969468699104332e-05,-0.0030597712313144396,0.012703793462088952,0.002641038612445809,0.08066303513527759,0.0007525002489079069,0.0,0.0005125705600822542,0.008194011559074841,0.00491272915781418,0.0073459884881775855,0.006297801276397695,0.006188890897136572,0.0015020875838038605,0.01537115745706458,-0.0012746665095250034,0.0183046850473451,0.001948522233627231,0.0005168223683761211,0.2039212338446191,0.08111155474395562,0.10227138443124262
115.782,0.011621675221120233,0.0019866883580786144,0.015559828375761744,0.007062892595330412,0.01817029791608133,0.0036095131872756364,0.006132882412618265,0.01180382625056716,0.006454647474682117,0.13721202717161998,0.0021679847916142646,0.0,0.00670131480367145,0.00897636064240181,0.019601994045365688,0.009919486664973776,0.013952903814408975,0.015182166119941302,0.0030484487466128207,0.031575385615550504,0.004127322868173876,0.05150134201880469,0.015900024432280876,0.009325955025254615,0.3258575039257422,0.1538284660688994,0.12936414957264109
116.283,0.017316471475982906,0.003941213864636393,0.01821645902542939,0.007203242527735328,0.0014859056641011214,0.0023339868495316695,0.008636657832008959,-0.0024964725440262,0.011508067818324154,0.15358584220361257,0.00366535555568607,0.0,0.009517647764046124,0.007032119291515506,0.009684293670319106,0.01727843883184116,0.008733603071320345,0.01441813345404185,0.006513479961008127,0.027483479883776186,0.0041311237231316,0.03578847470366135,0.04463550944557042,0.013632016149832912,0.27239008667940323,0.1949517862522937,0.18376092849807008
116.79,0.01577081058766817,0.003291210960052444,0.009296441540704439,0.006596604119604712,0.005771984187026809,0.0033844057359128897,0.007270245878513711,0.0021967848210247783,0.012969590558483202,0.10338402593448072,0.0021955908692512125,0.0,0.0062563566879487754,0.007111411514157285,0.019482241669668037,0.009528508514861958,0.011304299667658805,0.011562605234975935,0.007247603041679589,0.014547441982285109,0.0039314633250359015,0.012417094926616697,0.03490503818094932,0.03185991636901562,0.2899287343385227,0.09016671491094896,0.131688333191987
117.285,0.014018847429167994,0.0029291779357712507,0.0018582076322390746,0.003138681181223805,-0.009728710054406326,0.003005236836512029,-7.194430386874561e-06,0.008321358017664062,0.012093946687094619,0.07171892329660594,0.00460952966653541,0.0,0.016517783747162746,0.0033126024882920175,0.0030718706067472284,0.0064657778778333804,0.007907124430588665,0.010310946644070573,0.002051571126736361,0.010239896584834148,0.00518170573361571,-0.010860220404512356,0.038281840216297255,0.012015383979163357,-0.025694741924505993,0.08581055533399938,0.09347511159643354
117.788,0.007689806414242841,0.00016333023651483343,0.003680551942664494,0.0028629658786435163,0.030894436232456045,0.0015080243132637077,0.0033592230881993746,0.002763707091585412,0.012101709655472366,0.08274282058841535,0.0009753184208619527,0.0,0.009183647473363478,0.005871948697963665,0.00291088021482103,0.014023472425046429,0.007781733735599636,0.0013792182942943163,0.005486431786849302,0.016208237053431895,-0.0009864158965839193,0.021343595680244076,0.02282081639493435,0.014125065127497404,0.2456288908817171,0.10660921772688269,0.05163341172975302
118.277,0.015125389653419235,0.002008166693948688,0.005916897627466127,0.0024811767000086898,0.05014816040064895,0.003825528720736496,0.003122074997179102,0.0003449915192792166,-0.00461159340653667,0.049058410819610654,0.0029789576827690357,0.0,0.006040236495549493,0.004550678379496819,0.01095692432026255,0.007546804230704478,0.006427694773436694,0.0012865538626522272,0.0005763312513439246,0.009845093062655012,0.00434471084717894,0.013893672976221601,0.04810127607532144,0.013074999672348007,0.0973718016784798,0.05761270472529661,0.07727703099289149
118.795,0.006584823162263925,0.00029118959103199214,0.0008941389188314161,0.0007824538341415954,0.0280888927660268,0.004322943146661194,0.0038842165777064936,0.012028982391772134,0.004807281121369854,0.055643262525336155,0.0026061951422009246,0.0,0.00173061177353345,0.0037775195576148246,0.006558498663481026,0.002456677741625288,-0.0015939382246670966,0.01044165308721888,-0.0019874076355207294,-0.0027397211934149517,0.0021981844029709363,8.733755349179356e-05,0.03046010652127788,-0.007075943524078478,-0.14445214653232577,0.05521062583418005,0.08285586644367138
119.279,0.006679034631838615,0.0025686028955772705,0.011142968599175936,0.002180670789661433,0.08367251742083412,0.00407063411828233,0.007034641858483362,-0.006134518519469288,0.013543911789635961,0.05123831760080409,0.006644255956995797,0.0,0.00024564723757002034,0.001624875972523369,0.0031867956251454706,-0.00023793928641159285,0.00537503282309396,0.013423364638589196,0.003999773696451831,0.015599194159324974,0.00596414295803173,0.010394701660624795,0.03632417931008564,0.003645222577897563,0.02024952637366546,0.06331813940918532,0.07220768021353588
119.777,0.004111283847792215,0.0020119565906517654,0.00873889894181452,0.0032995519491284563,0.04344616636081947,0.002393017900228804,0.007315777691298915,0.015542823857456298,0.0006311502325003128,0.047224208119468584,0.004748699350686224,0.0,0.008454373336439414,0.006049413483162968,0.0040749962654167745,0.008856105354509296,0.0002088514721911981,0.008523560092159373,0.00885466981992864,0.0307855835151046,0.006553587139263432,0.007556266960891715,0.006163442143922577,0.057027360658113146,0.0004960130042003058,0.07645350088179544,0.06364754384577817
120.287,0.005748172349923796,0.003898746816979182,0.013639121183772826,0.004305041507391368,0.007910431983030477,0.003357003596930545,0.0003097736323932302,0.011536392381326172,0.00436603139904329,0.038214179659293246,0.0030990649050303986,0.0,0.005983293905585542,0.0036702909353871645,0.008854330155448868,0.010266553620228921,0.005873418887816029,0.010288841118412096,0.006138805960896933,0.03448818996369059,0.005526365636043134,0.01726732925379219,0.027088457299335452,0.031993574316396586,0.08746807542055614,0.004402564208731491,0.06686553027093796
120.777,0.0029019477112620447,0.00023033757665281347,0.003212251426295039,0.0020740071223039106,0.05144029984966842,-0.0006397312903020238,0.0015781582487329633,0.0018543226174575736,0.010166026223606716,0.053453544321767445,0.003643733550573138,0.0,0.0023105105992142416,0.0036361686946692427,0.0004654252678897409,0.009064017706048443,0.004828128055806264,0.01351614023671171,0.0026134575129648082,0.019665376917445163,0.0037404902261850364,0.0055646266210753114,0.02152645021393031,0.0059736921242772795,-0.0027324793131786747,0.051230196897241884,0.04654115605547713
121.288,0.008557820540465751,0.005047468261478351,0.00919594458743104,0.0032053160709619513,0.035354477423211364,0.0027140207943721225,0.004340540117817654,0.021203863497146085,5.492546795593522e-06,0.04224991873844387,0.004280128476779051,0.0,0.0010833989064835633,0.006161203288688045,0.01851792273685058,0.004566506841835613,0.005329612228829903,0.008687584578807686,0.0029554502547215734,0.010111715803683937,0.0002191770054334804,0.013695956853315705,0.030548393058757013,0.00594122014740695,0.03126970912922406,0.043943591122016366,0.03434712121319445
121.778,0.006159351693789874,0.0010231960239636662,-0.0016822779161394723,0.00030288902948347695,0.017828021277029024,0.0026084733587513793,0.005339116898115742,0.012085107856847686,0.004143492255345068,0.09202335916500132,0.004722865368513772,0.0,0.007128386842103992,0.002948521024617571,0.0042975504139851515,0.005438904971208553,-0.0006684363941521098,0.0012359337231456207,0.0038620312896912898,0.007457151598411161,0.0027571446257205075,-0.0065141527418615544,0.03014524527164838,0.026919162948539334,-0.001587871697449856,0.06634649994631786,0.14277608198327635
122.278,0.005739933654233989,0.002651837010251725,-0.0020545519856862656,0.0038179702125435864,0.01977526862338457,0.0037684093159946266,0.00565447963036828,0.02337195416432195,0.008719958516910853,0.13823203110671511,0.0024571229180208195,0.0,0.012468183068106887,0.008124067518576273,0.006170410138457011,0.0017534495454361186,0.009254590355701652,0.006382054292427842,0.004590346522196658,-0.0092926303177553,0.004261310029137575,-0.0001996336752719031,0.021828988151964775,0.007651097339731036,0.24491688333900777,0.09653820685484257,0.160341331811037
122.789,0.011815120564053025,0.005170529031714851,0.0018436198316734015,0.0037093790674502213,0.04262785490531496,0.004088870211471653,0.005611671338644259,0.03194795519119484,0.004649026908613187,0.11946215389257712,0.003934985621435183,0.0,0.004887153546984749,0.008016715169666235,0.00020193366329199143,0.009190990592647469,0.002962269154598096,0.014497451776804792,0.0061195517186182075,0.0009888917637033657,0.006096823746449643,0.007692597630495795,0.03346765344549588,-0.0006819285598385071,0.06264560343624091,0.16915995889806812,0.12708386978464725
123.277,0.004227925908834923,0.003096920334749599,0.0057203523488338895,0.0020140877109269322,0.04912430322003137,0.003103862412302775,0.005592479078151741,0.03706215912550808,0.008635450053408843,0.0918142338786651,0.005731906105983331,0.0,0.011500060872268092,0.004683235213061624,0.00966343816448902,0.005779847877582326,0.0035061901592718992,0.0043580951264351325,0.003183433222805076,0.005334310582967499,0.002147792118052115,0.023045467227670077,0.020921465412575332,0.011244752166784108,0.05532381372457345,0.13293180714091923,0.11451076885748877
123.777,0.008257930228049609,0.0043564947315038235,0.015750508186557953,0.0036452103524161478,0.03792670301215036,0.002339193462476283,0.001650955565507178,0.021261654765034388,0.0015080639060159639,0.057322468566664835,0.0027416717923896237,0.0,0.013039059289757987,0.004383978506823068,0.0014676137251807514,0.015821651793318632,0.00713719419319513,0.003205254683174942,0.0020257971602681696,0.032279650381461675,0.0029924613479067794,0.03833765744858013,0.017138441801052746,0.028962059568479366,0.2611063315329729,0.037030734341554,0.07169391710774768
124.287,0.009649486541463916,0.0069236320245065885,0.020067510979857157,0.007229881663944024,0.0404543890477839,0.0031424429601910843,0.004614842349623042,0.00969909820423658,0.005362334670922502,0.026485374414221444,0.003958360740284974,0.0,0.0029406779025462283,0.0004935762286189025,0.007797648689695879,0.019883117239812523,0.01614738037532447,0.015823086784821007,0.005518105955546011,0.06610039887946745,0.0006199593016177931,0.03603413741363699,0.009144557251974427,0.05531087941652777,0.06314194313367834,0.039974896838104346,0.049542293523533086
124.779,0.00786231260014008,0.0051851471480452065,0.02337961926917153,0.00391337410585177,0.01677946822853548,0.002988487861467649,0.008962262474566975,0.010209425267910457,0.002713456881869425,-0.004063999589105631,0.001953711405430844,0.0,-0.005090392538826332,-0.0005956977844043456,0.008248802220491253,0.01244418532157023,0.010083594686432933,0.004728089520774417,0.007675359837468171,0.04629733505510623,0.008309766143499788,0.0368312897250063,0.0429326223552236,0.0398768244058606,0.12647145421307238,0.009533556797780264,-0.0028197803991996426
125.277,0.010447795804331124,0.005613090732691165,0.014182289600875394,0.004158113139820049,0.05030651662662093,0.002985916134532114,0.002232328808011375,0.014934494944879742,0.0032943148653835886,0.00016674411503678693,0.0009288770936160786,0.0,0.011220010714884081,0.0026358117237472653,0.004802077926923598,0.00949271271349949,0.014769736231319436,0.006453633673206908,0.00687003517104416,0.03537268141968336,0.006868417838964628,0.0164122448406418,0.023737073843408077,0.041598555705738116,0.4224326204520299,0.01702007995504383,0.010632052005284462
125.788,0.01634355005307301,0.00508495998199788,0.02725253177945668,0.0030250041151760974,0.02583499712994118,0.0043298810857188355,0.005730049768063303,0.01718684919258618,0.002428451062252134,-0.03952937420710134,0.0033017236085714843,0.0,0.015440150400239125,0.006395994874875678,0.002595187921320493,0.0016312012755108811,0.007842546458010411,0.00623499190711564,0.011197583865482707,0.040853908404673255,0.006902408028667147,0.031028158656900427,0.07125909595141965,0.022629019515244625,0.06842255771021359,-0.004647815496562248,-0.07085863147829577
126.277,0.013012389501661975,0.0035672011349241264,0.005156579381758409,0.00325247415770571,0.08293325100207459,0.0018583177817539263,0.0038225389572646954,0.014219376203454098,-0.007041285477574593,-0.0450777848753213,1.707788951303617e-05,0.0,0.007052048945843472,0.0035353208178184412,0.0033813173724873964,0.009302388348567819,0.00873436408630518,0.005363517560637249,0.004522611245002573,0.02219924370822879,0.003466633020180003,0.011100597787513293,-0.0030068163438404833,0.04325696061183489,0.1646152955565572,-0.07928232623888921,-0.03258699829056432
126.778,0.021245574274247996,0.003975891306225274,0.009731546889982363,0.003982011416070177,0.03588648429696671,0.002694653446279452,0.0030661962834091735,0.004266361052373772,-0.0004593818971818361,-0.05790820883962311,0.003794347193276303,0.0,0.0037132962615057832,0.003665379599628435,0.013214257077531408,-2.0669095472930544e-05,0.014949318589045895,0.01228067648836765,0.0004716640729645105,0.007793464450358929,0.003976875075489966,0.020270427861599223,0.029446128422950135,0.030551467737435924,0.11277624215989329,-0.002863619552598526,-0.07242608906188028
127.278,0.014575975381655804,0.004841780343738329,0.014557037339861826,0.004064092004395697,0.07900555193349695,0.003423765279813748,0.008353429482502624,0.024185666683683056,0.006720692059040354,0.06558566737563289,0.004767456805017842,0.0,0.012358626636837256,0.0048031420587992405,0.009919964073556003,0.010017645679057573,0.006124791285705427,0.0029077051625286776,0.004503578442983616,0.0193797570093985,0.002280048528050836,0.04545274563590831,-0.0007304286507134616,0.0012434402270073827,0.16926156101213846,0.06419220231646064,0.075323794817027
127.777,0.013422656955750725,0.004774174650437726,0.013461574710095436,0.008543095894050647,0.0541589701865634,0.0034826020141848213,0.007923983110286324,0.022373749169962487,-1.6398375847596103e-05,0.07158065911494824,0.004232278205380922,0.0,0.010711187940598284,-0.002938537479051744,0.016821084044984367,0.01254237370616838,0.019274813264034744,0.010657872209984421,0.010780315422782103,0.026158084516043862,0.007071894634293873,0.052691040925807085,0.009097357072297963,0.018745402641603327,0.23226753331915248,0.04988954066663822,0.08271701762629396
128.277,0.011429227847836045,0.003444458173043233,0.01214773167300901,0.002853322709730068,0.01375356712627195,0.0020128997479784295,0.005266878758488244,0.018375131037146077,0.004100945595928591,0.043047987577766296,0.003535445788934829,0.0,0.0010262807287637879,-0.0009411892726588222,0.010535372251422174,0.015002349541360706,0.009042160479753664,0.005546257506183196,0.0032015916899614124,0.02034359388773623,0.004884008173518655,0.03569520733858448,0.026434450220541576,0.008663497822154888,0.4014520767379785,0.06003628492919799,0.041493928099468086
128.788,0.009957366096815712,0.005619306626810099,0.0021519707859048998,0.001086960895003681,0.05182077602850245,0.0014309912686914618,0.002368200053684506,0.009967990625508833,0.004528488695419054,0.05124763513372642,0.001948903441931644,0.0,0.0036817981013046227,0.003753930739848264,0.01743040482049282,0.00422007957779083,-0.00205650888285554,0.0028729460775682738,0.0008955084469309889,-0.007334518044050568,0.007209764073552824,0.024993898749814725,0.01295351651313716,0.017771284582807762,0.13500575953301402,0.06714036325459637,0.060201876674790405
129.278,0.010267631884135335,0.005758690042869294,0.0035279405400647015,0.0015500495711242683,0.0625214576684745,0.0036148967890415385,0.005390108066141715,0.02451777188491779,0.0011176889496500994,0.030527137691788706,0.004341776494290643,0.0,0.012170530977163743,0.0005871482422546595,0.017382863916362703,0.00021054490448026153,0.005447443844629649,0.0003406028919264338,0.003506426880667632,0.005772339903541394,0.00407149281219194,0.01771045675301814,-0.006013554596162254,0.022781400902072042,0.14546368918059918,0.01239703956149065,0.09377996876669657
129.778,0.015714827336950055,0.007359147055376839,0.0051596985702186526,0.003309991820047504,0.0739783440094302,0.0033485705307923657,0.007548656971679758,0.017358153093792,0.010769591279476784,0.028397384344972174,0.004123939474574183,0.0,0.004279900226206315,0.006141164866775027,0.00523407843727913,0.010295851375892902,0.003066656152009104,0.0061310012138555015,0.006813435862139283,0.0006910413874391987,0.0013633407914782748,0.03712212666726955,0.021258967429660873,0.010532411819638633,0.31648097672808057,0.0439363698785204,0.052411109324012495
130.278,0.005537912773985461,0.003892363035696867,0.003553042638827325,0.0006309019952692087,0.014568317684210061,0.0004699626385397716,0.005080978388188798,0.02349165609604908,0.008346568424128805,0.013234719470635283,0.001141675577270681,0.0,0.004655583609373871,0.007347066096385576,0.011724823912441585,-0.0053331246947248695,0.007927153519849628,0.0009864642142112623,0.0009715447737305184,0.007698646324437655,0.002896730230885284,0.0005142727212721825,0.017537134081436388,0.01990603774018326,0.18240870280355959,0.019941826437739958,-0.022026815295905392
130.776,0.01640892460361789,0.007281520591025936,0.006752403123602054,0.004836826633697014,0.0705756709989585,0.004798308279285875,0.007288700652816688,0.022294945077700728,0.02629882490093459,0.002940221171774835,0.003672499606079298,0.0,0.010869559298410447,0.004963558655802732,0.011959125680722375,0.007646401530176225,0.011441216342730324,0.0034869977109128975,0.007995892217483551,0.007421054508507931,0.00038037743258796804,0.03464798545988851,0.03266455195191016,0.003951765253328718,0.3278567340669165,-0.036601032286443555,0.0736694828655893
131.288,0.008592951820747045,-0.00018879769073224117,-0.016358658351239518,-0.0013156775614863836,0.015362642250930406,-0.00031896730899246873,0.004992099373910737,0.016750596472412636,0.015115040723609712,-0.00033347587337575633,0.0009216794943366843,0.0,0.011829275237493903,0.0024938420789302504,-0.0007700814522145444,0.005315184455064659,-0.001921762043495079,-0.0033137564565052222,0.002167535991936272,-0.006411794895172653,0.003015115658046194,-0.014502017346145733,-0.007535952536228491,0.001487049950188758,0.20722435160043345,0.00940966335055189,0.0012332192487166872
131.778,0.009783014949372584,0.004075112258820516,0.004590122005383991,0.0005741404724636073,0.022235164722119276,0.000814402746621214,0.006408121954425723,0.003425655714625651,0.017797512216862918,0.03782416867804479,0.0024771319524314033,0.0,-0.0007445545194129656,-0.0002923180264504003,-0.006767509509772372,0.006422242899253539,-0.0011254551514729512,0.0038821304909227314,0.0044076093682517,0.005716009534189865,-0.0001277030625012739,0.020174125523055857,0.01255526957732412,0.02857743800194704,0.2167949203286031,-0.014172002909179453,0.07881602479648742
132.276,0.0060770953595591926,0.0036765952607608152,0.007056552245248034,0.0013893379966447594,0.038515797384718574,0.0012931263138651903,0.004143998606460188,0.009827157555870814,0.01954128777007881,0.004551560925918089,0.0027962352432168197,0.0,0.00972568976403918,0.0035313369487857266,0.008650376915544366,0.007071253989648249,0.003126545694544962,0.0049841320611402964,-0.00018059319928419857,0.01339832266963455,0.002357671751352442,0.05070020207518073,0.022172063301378855,0.04677020177949799,0.1326627844135044,0.03660790668442056,0.03242063994097218
132.777,0.009640027691027526,0.006338286387865683,0.01538539611698971,0.003518264803220253,0.03324739487207901,0.0015519897817769153,0.005772517015088503,0.02388579969854481,0.020436839943561217,0.03816495007010088,0.0004901863198641352,0.0,0.007274865141922085,0.005522992252582739,0.0033620877055489324,0.01352742030400765,0.006706286223192475,0.00745653134565491,0.004934227460136669,0.024184381128883728,0.005627549576783832,0.04631448395151115,0.03215543934405681,0.00827387905456905,0.33690042408320287,0.04367148185052322,0.08011608470006899
133.279,0.009830399575224339,0.004991479721480336,0.028310879165123842,0.005098448892240852,0.055266517986178786,0.0027295162141469723,0.008813810038108251,0.010855686035031334,0.009603575670165886,0.011613064109553583,0.004440568995857775,0.0,0.013299063297768457,0.005439359243108592,0.008576195500964454,0.000620479613032815,0.01188277180797746,0.008442986903124505,0.00787856410731787,0.034522847011260155,0.005682293901231812,0.04889490212163468,0.04842497942563484,0.0189572086008304,0.07816252405537473,0.06946123498495814,0.015342109970161394
133.777,0.011582272571240407,0.003723400346273984,0.016446311236797646,0.003653230077735458,0.013333749533720513,0.0009056702721454125,4.72278259931521e-05,0.02600158936547397,0.012759841385648077,0.01462270478545143,0.003515659202184169,0.0,0.006245189537138719,0.008583680518536323,0.010141930537469293,0.004881123606053733,0.008769362390287447,0.0003097972628463972,0.0068085742676709925,0.017283324548874372,0.004324450293256571,0.042644744603497715,0.047066607546975225,0.0021108304356817317,0.15833918419791915,0.03092009369118602,0.04392142152001344
134.285,0.0071398468807672795,0.005747805571215257,0.015546822815135239,0.007366908451872951,0.046758540448980875,0.003716094288457088,0.0026279572982826163,0.02108748376085361,0.011495757938914091,0.07213022244916563,0.0006888561654916798,0.0,0.017805124692246103,0.007608485573146344,0.021601870528052087,0.01056089848648243,0.01709358686429161,0.0067529960659393415,0.0019572116981585327,0.023513551622788106,0.004373468827454079,0.038098116576914885,0.03922265871992213,0.03576480409987195,0.24531009095672848,0.13598093276035497,0.06676836280565644
134.777,0.007596951926214052,0.005051727919591183,0.002554491379353325,0.0066069373009481885,0.037088353828577746,0.003234513987691298,0.010299472352331305,0.01642820641083158,0.010087759910010598,0.0920470675686512,0.0011972396674868279,0.0,0.006422672582568558,0.015330248424873138,0.01796178704408207,0.007808309770842028,0.01309590995913776,0.00475058539502966,0.00730766320156647,0.004342517842888045,0.008586944632972281,0.010820613179405289,0.031992609120560844,0.009491044957542997,0.14439552179710785,0.09431594074256164,0.07221829287830366
135.278,0.0028193178459540984,0.00521056972406853,0.002613405368161633,0.0070739401337777934,0.05818854085950185,0.0027494201802065374,0.0012787997398529547,0.0023698750538996135,0.022664045731283698,0.05130083731191532,0.000788265050266437,0.0,-0.002352448537489534,0.01275230774187924,0.013943896038757094,0.012996086031195536,0.013686642576541163,0.008238632016351196,0.005285553628925891,0.011459761160128909,0.010429188546372706,0.022813489560872553,0.01722698143367865,0.01566302527407945,0.12725731619651365,0.10828850533048417,0.04751394705452239
135.778,0.00636907359088628,0.0031246950796483906,0.013751314383861074,0.0062362628405241895,0.07145590500865824,0.0017332806754539421,-0.0007019110193399744,0.013430615320602156,0.011561075707761773,0.08770144013434053,0.001000705083370242,0.0,0.0073257107409127045,0.015340897789588562,0.01609409523663846,0.01716897607570778,0.009438974405826433,0.01010065190897676,0.0013835713646183022,0.01922791771049499,-2.0530373298722796e-05,0.03917227534294936,0.02255731365038566,0.03863657355613202,0.09932688979849452,0.10000373683487725,0.09304734560425863
136.278,0.004029398342924275,0.0017915645588278243,0.020019781000704475,0.003670823370931925,0.08336663794154178,0.0004668991835036133,0.003002635424796044,0.009547028770871796,0.006165918687252092,0.06966644658873057,-0.00015112532426108296,0.0,0.0038909474174469434,0.002502310734579034,0.008776070023604999,0.011815134931896716,0.010147632927383103,0.00571981120315651,0.0018953064148377224,0.020832373265432642,0.0019229335703685327,0.036622690265389016,0.045568905365048706,0.05102682228015709,0.1987720298938829,0.011953682164872104,0.11260185614284293
136.784,0.0019258149430931054,0.0013903754047322634,0.0007192235548811074,0.0010958524164996861,0.02821706498818898,0.0006702404604099496,-0.0009545657234141693,0.008346476449761095,0.009127944812471618,0.07659379071992808,-0.002197367399242122,0.0,0.0013328140952413795,0.0004353998462836271,0.003410922197766142,0.009633658382540308,0.003367821969003579,-0.00020047767776270768,0.0036045435116988564,0.012040409726557944,0.005941741754049975,0.022266064914761755,0.008746338639217161,0.018935809339871833,0.06237478342980692,0.06445249311315823,0.12143153446256127
137.281,0.01553846494153655,0.0025930062546775158,0.005701713181673472,0.001013277840983614,0.0019811836224148532,0.0005781523669142997,0.005049386873326446,0.024020884504979044,0.015265639485088205,0.07556566320284287,0.0006700438680805591,0.0,-0.0010722524682800169,0.004074616656545781,0.011639022821472477,0.002939665412860869,0.008421892884675224,0.0009389381689023426,0.0006663000510207973,0.006917315761948638,0.005244448184021161,0.02317911207753403,0.03375574109285208,0.026318893312453847,0.20704268561756667,0.054620812863266796,0.13209227936095178
137.785,0.009586832367643067,-0.0007929326761761213,0.008504942047697927,0.001771666129255675,0.003994091696335013,-0.0007938408907181471,0.0022646933252113903,-0.0006452225122110272,0.0164413314988555,0.15541442037437625,0.0003223132521791386,0.0,0.004558659967073416,0.007787732485514315,7.027199358613975e-05,0.0024402085727170046,1.049035112575085e-06,0.0051792493479779385,0.002417827840091312,0.028123553355311748,0.001340296252986863,0.029778627970985138,0.016994803676689613,0.03167306391829611,0.030710929871700123,0.17481346720447416,0.18930536855436375
138.285,0.02978216734905834,0.0008856588175224036,0.0036085923979357307,0.00259371483104611,0.019836865288324766,0.0007693796947560948,0.0016563490305295597,0.008890476018761586,0.012051830203327746,0.12967998969923078,-0.0007232877163494557,0.0,0.010019179434671599,0.00019849043157244456,0.012585892819662003,0.0001581475019835452,0.0072483165135851565,0.0022689914228380737,0.0010945491205705744,0.004987597730104762,0.0023803532716103045,0.05497909394053171,0.01367940622556185,0.009954410323626296,-0.0720059497773486,0.1048660102515148,0.11922544334662563
138.788,0.040726209998421706,0.000982970533399634,-0.001203890601375606,0.0008178840815912121,0.00013741298634253126,2.7418498270347004e-05,-0.0010072956137925871,0.01707393864594222,0.010180100801426362,0.16012665689658298,0.0015494436942046267,0.0,0.005202936309422668,0.008337733198747348,0.0009720727313641254,-0.003432935477034541,0.007629539604435802,0.000632430669926883,0.0026347148852132046,-0.001411115217200168,-0.00210651167208691,-0.0005180859748592026,0.020157940240607942,-0.002757046358822061,0.2261000225396335,0.2234639267728887,0.15932270371739396
139.276,0.03666087118614903,0.0012177174613486636,0.030403163692655437,0.0009428545275284886,0.009142127538633776,-7.050470983809225e-05,0.002514293375607678,0.00873224697236242,0.009437300134505467,0.2070931429235367,-1.318543340772551e-05,0.0,0.008985943343552166,0.008134639293677855,0.010462136534961735,0.00256467649901314,0.0010916656953986839,7.796354135226493e-05,-0.0013114246526017368,0.07638124634126162,-0.0002705424663331122,0.0795629934235939,0.027261842382898645,0.028156421004921283,0.13961666354596405,0.2393760148793656,0.18970253652950833
139.791,0.062106465740801205,0.0010930401654077263,0.025010638826139072,0.0024517136773686147,0.030571633526696597,0.0009823904100977198,0.0022890740128228525,0.010520296379732756,0.019018562242083446,0.2158249173570319,0.0007777453535091414,0.0,0.015035407462445421,0.00891531930898208,-0.0002504585342576731,0.005590215683156819,0.005110779852603887,0.0029693508146964413,0.002386213166430496,0.046484557510665846,-0.00020284128298670817,0.05603532567170355,0.040869287967602703,0.030411960594500083,0.254311099222779,0.3269442452518269,0.1547320723417764
140.279,0.0687526558825544,0.0001450010778935421,0.006082645805703649,0.0016029832881110787,0.0231889004573233,-1.7693190274871622e-05,0.0066781517822341215,0.007550695242452885,0.012963509310085157,0.16684223826066086,0.00033317892023459686,0.0,0.011659024217020463,0.005182410630387283,0.005045899917163587,0.006130349516128697,0.0022726976604723337,-0.0003452702263012494,0.002958668828288365,0.01860471131764077,0.006336055892411524,0.03517317582447764,0.01839603316367601,0.01454894742203482,0.1983822732867962,0.2504214092045601,0.11504057034613833
140.778,0.07316711237690224,0.003556272887726686,0.019263617614684005,0.0029042725369023657,0.04945365041183816,0.0034305402962749726,0.004453620075769248,0.009394070952466709,0.011043765554934958,0.09562371402502982,0.003940470185651457,0.0,0.009680475063120423,0.007885408748435454,0.006668738158798408,0.0040270606781121765,0.004580665609374604,0.0017804549597953507,0.00703916580077874,0.029742705843777723,0.0077632021464822815,0.049732123360910534,0.03990005005480063,0.003913989713870276,0.14174388528950746,0.11998548111103031,0.05400294457201591
141.28,0.07127760346789665,0.004563204705850942,0.004216619491889031,0.008561628489981987,0.054576228483667916,0.0035112883943669297,0.006647370164892374,0.004310675878226839,0.022183529578832826,0.061135762982483646,0.003768013496143701,0.0,0.029984139460268792,0.012547275659820103,-0.00288407182569151,0.020060521521997565,0.009794944119042104,0.010272342590901437,0.0072318321765271225,0.020865053344997206,0.008910357987994283,0.03705657876454953,0.001478638680033342,0.017772699072792497,-0.014214680209744866,0.1284475359957542,0.02065901811545394
141.777,0.06619343566545662,0.0020370856164365165,0.004830033369387456,0.006165562087260162,0.10518152370619369,0.0033237333375240297,0.00949072966422529,0.01302217535093033,0.02312862714401576,0.08327830610016343,0.004287678053820472,0.0,0.024701865007169723,0.019175024651959676,0.004779398714456396,0.00971885874863828,0.0027413954211273567,0.006561407487570209,0.006887112272493641,0.013321625339910593,0.008266267122737505,0.026118822677320488,-0.001985761536306815,0.012536518263898745,0.09775013914204655,0.07506925589298195,0.08123666754904237
142.278,0.07866091036303272,0.0009334358144463942,2.1652303267265115e-07,0.0036061687648461342,0.06132524602000308,0.001936883487531863,-0.00013493482492940657,0.017231457716091362,0.0064033681635528045,0.0934495332250936,0.0009006410842233899,0.0,0.01584477800441809,0.014376329233568368,0.009220287364666943,0.011530866481884734,0.00355696231969096,0.005070780358981991,0.0023249879682864924,-0.007291848390149427,0.007861534886877651,-0.01009068379727981,0.03552887804328123,0.01134414418584445,0.14010438935270397,0.12293542725338912,0.0886727541003998
142.778,0.1522427679121579,0.0049561554443715876,0.0057004099453049455,0.007938852844117713,0.0626751211694371,0.004191996556027402,-0.0006648457339690668,0.010576860124166537,0.017559890133618025,0.14208199292644585,0.004031416122941443,0.0,0.01652785664727999,0.01679644139582407,0.012038832333260757,0.022906621058288505,0.010083069872948216,0.0030477410567178636,0.004965019923072456,0.00630444181384575,0.009494664398401494,0.005427467941422279,0.039403566645604945,0.009984311899636986,0.3363845604199873,0.16651311250364575,0.10146445974273217
143.278,0.20892169306574276,0.006941186047139697,0.007068546093516225,0.00817267844454663,0.0763861739164324,0.004570441378455838,0.008416792308452848,0.015876194409322898,0.026738844505691757,0.1485083031486232,0.0032307099218884692,0.0,0.01943968821377673,0.020811839750481797,0.007566566521165742,0.01715766533138718,0.010381388924028187,0.004487306283513159,0.005076016141861907,0.008626036881028946,0.006410920435056936,0.03886351868636201,0.02199472760030132,0.00375724340065518,0.2810523705049501,0.20925466347478844,0.0909371136173836
143.777,0.23809824012660577,0.0033337487398060637,0.01044145772411278,0.006733836064039906,0.021732478165688053,0.003557195179978555,0.002808796584486009,0.02027188902805095,0.02679575852870926,0.20299013546085853,0.0037705890601626175,0.0,0.014814189277785628,0.011844854729733203,0.008108121683910343,0.01360795466942527,0.012246502337616379,0.01179490527467006,0.004440466385239847,0.023193018385914334,0.007871930723894114,0.03938927771520041,0.0007722405974525751,0.0006424749027884557,-0.025985207118378338,0.2770496114546072,0.16268816491011637
144.277,0.25647962136749924,0.005004180436621585,0.007213337732409802,0.007946347911474227,0.04763659326984017,0.0028340246381006527,0.006512803575988759,0.013638839586797053,0.022615913053764414,0.17150601518528522,0.0040709896597305815,0.0,0.018752517867923948,0.012979500327279,0.01881470370595708,0.012746551584678658,0.010679766603803612,0.011396848024640596,0.007095187052547752,0.015061214154660895,0.00375179831172695,0.02357126016447174,0.022059039094694952,0.020047191768736237,0.20956806537243386,0.22409648840946594,0.12551675651243177
144.788,0.26238062262053236,0.006092517098101759,0.009954928436611717,0.005924804315818161,0.06856500954216951,0.003439266720380358,0.005088864518990696,0.020377861330769187,0.024353081118258735,0.1542518216996369,0.00381976028153781,0.0,0.01439886929682002,0.015634198957599738,0.013438195124134963,0.011380727656816119,0.004337725923069074,0.010556341681854483,0.0048874067022873615,0.019712107553335977,0.006424814184624486,0.03506879155350505,0.018044214765858147,0.026999333619051546,0.5071135698876833,0.1939909475628302,0.12739421934757736
145.279,0.2539186303656672,0.006568675600497486,0.0076471348092621355,0.007317086194659248,0.053368248638972327,0.004928166646035557,0.0029849079024468965,0.02315169644701128,0.02185708640302668,0.13784190631612886,0.0020752013239184555,0.0,0.010742584749448768,0.019268261042415347,0.006444417968700789,0.010173096295697372,0.012808540557669236,0.01263126900388842,0.0028184371220938602,0.02021874180033526,0.009457778047054645,0.02069618179139096,0.012152256874606573,0.03902884894083295,0.3669344007325911,0.21495400055948263,0.09281242162295816
145.777,0.2445148399302367,0.0034635556445454753,0.007406109088094492,0.00440422661851601,0.07534305799044483,0.002904882904531358,0.003896473928342173,0.022056510492785897,0.019421903363897788,0.12188211833540792,0.002430036816524672,0.0,0.021082830823136597,0.015111166236090774,0.009164101441795162,0.001277391726979534,0.0038503176788072945,0.008796257812946275,0.0008354544254480144,0.012253284694229162,0.005793130671058746,0.044937560625776383,0.01371778214867737,0.03589271059341762,-0.0356251246675274,0.11587509057128033,0.12092813734723722
146.288,0.2241501404772381,-0.0007663000538741585,0.006957140482871528,0.001493266527998514,0.06924922377651188,0.00287755052485711,0.0025844898816737715,0.007830430621055878,0.022229074737557808,0.07737948160339762,0.00476253615630595,0.0,0.017217600789228234,0.015386569194708946,0.007388329688405374,-0.0035995622697671563,0.0024157629415315377,-0.004719275209953815,0.0005890625803244251,0.034560805833666206,0.0026711558429390637,0.017482636157329576,-0.005976901001412953,0.06481333091490113,0.014941877354743683,0.11987768438066582,0.07238586043694628
146.777,0.20768775435182824,0.0034868283900028113,0.0160831971643833,0.0019857398522986573,0.07288763359046475,0.0018278279851081252,0.00211943033381547,0.010581642623373702,0.022001899199501695,0.12581052976481544,0.0036804635527194073,0.0,0.00930951114005019,0.008626044086455358,0.006451069033005995,0.003877393292222485,0.007255752915582228,0.004227406093899654,0.002262066834081453,0.03413948415857277,0.005452631662159179,0.023556814544112032,0.014911246898717687,0.036237810152108856,0.21092741096179313,0.16215221220929524,0.09992236832919286
147.288,0.18372124499006864,0.00412256004644825,0.0023226581938899796,0.002240909504896739,0.06287123097176328,0.0009993831392103186,0.008237789156142232,0.02563989999469418,0.011625781346948435,0.09319332567756602,0.0008122301886570703,0.0,0.021710434567909477,0.008767802622647564,0.012050315406276962,-0.006251659870088116,0.005326155260126091,0.0036453688064164652,0.003418006486036122,0.021320912231379097,0.008302942427577266,0.0033973783710220325,0.006786010963032241,0.024120514215916863,0.1657244420263321,0.13066036273406031,0.07806396374939728
147.778,0.1678980967982515,0.003691738106772739,0.013341196283183877,0.004589649523203036,0.06952463824181025,0.001585287436292253,0.005918191682822261,0.02779050539404263,0.019446924563505746,0.13099269154893287,0.00306953700384817,0.0,0.012712532091222296,0.01714169381897933,0.01131661116515964,0.0007992042006244138,0.0015308526908914691,0.00568315422046102,0.006811930342635874,0.03566831038744545,0.003971015492456155,0.021962794043750115,0.016165483063286912,0.0564888597450337,0.24535200043334715,0.17663768617251513,0.11957797211814652
148.288,0.14604908133632874,0.005035663365385295,0.01691776344996079,0.007541231532573924,0.023032244284882087,0.004328917309568707,0.0075297579451426375,0.011904803602994896,0.02404784679719631,0.13030902858622673,0.003929542596415872,0.0,0.02308823561342386,0.005008849614448161,-0.0012052031259995734,0.003325632739888454,0.008519792074350585,0.007074995342639475,0.009305109513189866,0.041113458677538246,0.0027866345990046823,0.05072683397360013,0.027821914745220708,0.02238701147572957,0.37458583727090616,0.16414713038466638,0.1294608495402991
148.778,0.11358195705495691,0.0003859117544404232,0.005554369867411836,0.0041059972220805945,0.025905970112454785,0.001188437015054428,0.0008257233318435868,0.012277130448091369,0.01821744936040488,0.1305356632486006,0.002527353500092542,0.0,0.00682428443088083,0.008718148571617396,0.004268836299895308,0.007275745851888463,0.009527526284826063,0.0024503626062308504,0.004838563366671823,0.013024570427530262,0.006914106067928492,0.011248479488032856,0.004185786513746533,0.022474525663582857,0.2161463444809623,0.1890704913093455,0.1227216430980463
149.277,0.09402153061619233,0.0009117111158828149,0.012598074943445017,0.011290559954493877,0.07434409804568809,0.003597911580921849,0.003151488235247255,0.023148669885785816,0.020664767350111836,0.14495339381154973,0.005676034489707574,0.0,0.01816644527978417,0.014013449404336194,0.019666347081259083,0.01801648703886813,0.019848159100962378,0.008404907832239931,0.007924401114789877,0.03375971186629959,0.006937603055772737,0.013645920434732981,0.019085322433660963,0.02491957025521731,0.30283551199801645,0.1606686810311215,0.15401685345321026
149.777,0.06771282678265707,0.00441351656759268,0.02066425224794852,0.012770633651439336,0.00868351550644765,0.005801512228698587,0.008236230181218013,0.022598810191072755,0.02185827623767702,0.12820209102306335,0.003468028084182385,0.0,0.017142861786436762,0.00930659558465726,0.010576126474770407,0.010085422835721452,0.03163416121132703,0.016261046254995533,0.006044970408826997,0.03517798571706893,0.00868585404557661,0.044411824399103204,0.04426477419056684,0.03608983904065082,0.3665781369407029,0.21250889697925704,0.14715582188845014
150.287,0.048650807011440624,0.004564320783484237,0.011523121880291982,0.013457997738065162,0.029061149048383243,0.003751472713402721,0.00839876299692185,0.0032369735176380155,0.02397395904116308,0.11781634400765116,0.003218367518847608,0.0,0.01236156559598017,0.006744106168637818,0.026510357739908282,0.005734978887598315,0.02061790865056612,0.020891550964226045,0.005935499978908384,0.025645117140082954,0.005409483591437268,0.026059353229184547,0.02563255762837505,0.059695646499684354,0.3925557653905783,0.16399950948709693,0.10737051396455288
150.777,0.03729035777619736,0.0021883457911498695,0.011349838612651528,0.008193506101811911,0.04694782355310601,0.005324329450635427,0.010800171893877162,0.021845127255454008,0.004421377404170311,0.14029003591099218,0.004350025223845686,0.0,0.0035034987588737497,0.01252642018412728,0.0063587159338331575,0.006863087268451526,0.013036599676545859,0.012171438111275785,0.0056446323578465555,0.018522273281090646,0.007626903370361303,0.020715607771684783,0.027668696218354858,0.023235092326593175,0.12583925094141588,0.20613249218445806,0.13729035857993244
151.278,0.031241705364722545,0.0052181195342240775,0.01735054058508248,0.009374497429120637,0.053159012147635784,0.004195531743152079,0.0077536853440119905,0.022418207443965863,0.00755414653385017,0.09962789687787417,0.0040698870245622866,0.0,0.01303004589246022,0.01318770311539935,0.018261649003905273,0.01030390520838153,0.013172293831418222,0.012472586749784726,0.004841437265689847,0.02594216076918494,0.0061327802609511895,0.04529268671248616,0.017552139184055113,0.028359935051031154,0.3412138929106831,0.1633870475669392,0.0786199357780484
151.777,0.01697954882858874,0.003778460581069241,0.008502499522263209,0.0085064271932221,0.005316502794207939,0.0051252607750599845,0.0076776166738080935,0.0192798008430155,0.010549626553245154,0.1229674640710536,0.00417397702690525,0.0,0.005380242336330845,0.011665026453015453,0.0027409195876197255,0.004956570426987912,0.019769096772994394,0.013736030118641506,0.008626302428628189,0.01896863542284306,0.0037251955827568416,0.003360383746310353,0.036928562264617,0.0449873150455219,0.17674125074776276,0.1405201178947969,0.13999707114391308
152.277,0.009790384544823274,0.005792460714487451,0.009194172425617929,0.004377017206727071,0.0275253816158795,0.004550534348661331,0.00207153638001334,-0.0004996371657560679,0.008953753550391713,0.06616833622042917,0.003739033434901185,0.0,0.0052882645627582185,0.009473242078144734,0.009406675728923805,0.004889205277839769,0.0002637379486761769,0.01147688814618838,0.0032831389387397475,0.02137901612405671,0.00310558327568862,0.016060267534496287,0.028585935732934917,0.017148307176215263,0.2706337850687519,0.051809795980619314,0.09245814869115847
152.787,0.005762657095387234,0.0032152870674540816,0.01647366320295082,0.008571626502538518,0.029556534069375928,0.005757861441843384,0.007915304158364524,0.0054545075558325535,0.012782525055094,0.07406150730732189,0.005194781565945829,0.0,0.0013240465234232513,0.011079826346009571,0.023248024279997833,0.012540130092790586,0.010682338594607346,0.013239807359126032,0.007806806228036365,0.010502405591333712,0.006594492063792051,0.031988748255790164,0.05796833755208305,0.015961868020121346,0.15686559981778952,0.12610734466689852,0.08031228928791795
153.278,-0.0045067275803708,0.007104476791065701,0.013170663916162449,0.007668129611399611,0.045210579618137986,0.0041671526476431894,0.005536262991512829,0.0035381509080620373,0.01987283800685921,0.09638195078402799,0.004859592128849353,0.0,0.006875116277122846,0.014590452397214845,0.014873582867615896,0.01443027141154987,0.0039857253957210825,0.009133061328655039,0.005654398160700165,0.02863894463440485,0.003584899113601248,0.029809007122758722,0.0427294538858045,0.045271637806977946,0.0529559055151788,0.12840691519723268,0.058222191431323865
153.776,-0.004990791390947457,0.005212228678045083,0.011208206070280865,0.004760415200098239,-0.0023044103081142023,0.002684839532827094,0.002360486333204163,0.02542309159537858,0.002695279301538391,0.06237824436075422,0.0017369140941017416,0.0,0.0016586048321044035,0.006098176500302532,0.014180015255415481,0.006920395591013164,0.004414629496820215,0.008200266813321744,0.003750666484130659,0.026162701824711743,0.0014934047794990784,0.022079865713129816,0.03598024497172414,0.013208044794660832,0.26377306736912687,0.14570937656766625,0.00012717133171979506
154.279,-0.0023988565608234233,0.0036959957900040883,-0.007340710099466189,0.007527938199990627,0.029049215729545504,0.0041313754795475445,0.003745949863130601,0.01101282875876101,7.339813742442812e-05,0.0508728130585153,0.00508435627152223,0.0,0.006863323693874107,0.0007815804654978751,0.021702620197186478,0.01008809262668524,0.017054060786251126,0.0016358495073782804,0.007885398110076347,0.004447795583530466,0.005925798448674967,-0.003991164965784287,0.0007655209629410332,0.02575173773584719,0.295186317448088,0.060287815452947834,0.052507103529243204
154.776,-0.0044720202062222885,0.0016011675245791066,-0.0003855935126607497,0.0052122119278514715,-0.00404413463389818,0.0022059447659971802,0.0053810666356845765,0.004214238644320742,0.0004511193135686608,0.012642593777138516,0.003186440978498301,0.0,0.0056641991584148845,0.0058552015126274795,0.01439897812059936,0.006388797261987687,0.011293892563104067,0.008360323979554716,0.0007859795887342728,0.014008687900318869,0.00395898976029539,-0.014011271737247727,0.01967381500100017,0.02890298491422531,0.1849469281913409,0.06242895853797613,0.037687800308591535
155.278,0.0010227854630548729,0.003967942121373108,0.008925183236615196,0.009814580044122079,0.01409907136454246,0.003158046091066633,0.004284890601217188,0.002531125546573259,0.015267309546104117,0.05464882594072158,0.0014134274092003026,0.0,0.012391126129519649,0.006963108905436257,0.003254048105374647,0.0180960187045094,0.017811003828666874,0.016634590039106847,0.004055047562885864,0.026080073673128732,0.003213089586560113,0.029716419015112794,0.027159970063644758,0.03214234632915882,0.20926779475259258,0.0762745918974868,0.07259485398273564
155.777,-0.002921390478524429,0.002748888227590296,0.007872972936554073,0.004474551271714329,0.009136641630598135,0.002748501506240143,0.007016760417239448,0.014628901390297055,-0.005546421842275509,0.0013949116627738432,0.003240369280750189,0.0,0.0028475857353404254,0.0007151600734189612,-0.0018179860880342673,0.012034610673503013,0.005838149005755673,0.01497821002305264,0.006341232596327188,0.026047599347731838,0.005862085056496709,0.024339333106974132,0.016734293642988538,0.035407710313275526,0.1264424844978685,-0.0030902525988225466,0.011097619117428596
156.279,0.008054561242764904,0.005049670848007942,0.013653767215668581,0.004697143015173981,0.08668532114444462,0.0034514106098773693,0.00289661938747779,0.009572751379976652,0.011638130812697137,-0.005579646651095543,0.003096482388059567,0.0,0.003900431403032373,0.0019909521635348795,0.006290928534757636,0.00831445139122092,0.008461497898103701,0.009352104418978274,0.007482221516502699,0.04336747655782721,0.0040812257655819095,0.04558090005057405,0.0024218792977150896,0.020190683831322612,0.029604367715076806,-0.023496458034219056,0.06201844410913991
156.784,0.007724760010572901,0.003679091069614327,0.014832381187671504,0.003311863153259956,0.0636433428730493,0.0016409521247106643,0.006572109887589577,0.004613584276258674,0.0013889438010353187,0.053448803485589995,0.005199747899621624,0.0,0.006896979242011007,0.00827195812028791,0.010223040985707334,0.0043164294813500615,-0.0037425436623791425,0.011395436021598657,0.004908469355891962,0.03232912025986136,-0.0006170113361098048,0.038052694579038614,0.016227441471837502,0.033167972092575146,0.4266367899828691,0.0909300829839609,0.07073242819412384
157.278,0.0031010159846981207,0.001431550648786361,0.006716047520412989,-0.0011299123480505585,-0.006981427035844424,0.0012878655726263693,0.001069074444078157,0.0018069805843570715,-0.0038366250358672317,-0.027468358437206263,0.0021590708781031773,0.0,0.0005835340587780688,0.0010534345295200693,0.0012506132651817611,0.0009749111221391323,-0.0011087828331728213,0.006828201495875298,0.00012056995978064738,0.03112560731777464,-0.00019862690232851007,0.018150425267958615,0.007649199554123999,0.038627773089157116,0.24744472260609457,-0.03974522739921539,0.004584931224165831
157.777,0.018908894363170264,0.0027431176722947114,0.015005064600411,0.0003143478128034655,0.04204109528334155,0.0036107410957479857,0.0024364046457806842,0.013054366539364374,0.004365215055288402,0.031222423332101245,0.005707133061929082,0.0,-0.0026607507023966226,4.473687537989421e-05,0.0013092864535366206,0.0035070861773941245,0.0031780087212625887,-0.0019630372254813974,0.00805396000205441,0.021493373129362957,0.009990907542146042,0.02941546595355613,0.031913690936181474,0.04924878683479678,0.16503257181193617,0.07522529896026069,0.03966014646405839
158.278,0.019530648340432694,0.0029937139210399763,0.001214589943063953,0.004753851359250261,0.03686194557051751,0.004204097725452184,0.00582904036379321,-0.0017097016474184618,0.007248597301158121,-0.02919164614742895,0.0021854743602947287,0.0,0.00628489008356537,0.010414907581307127,0.010517002819349865,0.008113738782978481,0.011872164988725165,0.007836290896434244,0.0016642217143227791,0.0206775586167696,0.005220139259617638,0.018401275656038052,-0.007754400050533252,0.03616557791438827,0.07459490478492352,0.0014283633122949742,-0.026381277202082384
158.778,0.014364987346538209,0.0018840314112376156,0.005271248412043883,0.0038177389755052727,0.0033061145209013917,0.0010671719479982817,0.005719436002973766,-0.00383313394426276,0.005707411583728026,-0.029677234745114016,-0.0007730724996957048,0.0,0.006089613548105776,0.0008153881153319669,0.002764787476714936,0.01158650008235009,0.011047921719596244,0.010451947234059386,0.0038185428737074166,0.015699959223468694,0.001838320220073456,0.007977349725177788,0.03502619467490259,0.02206944377148302,-0.2238681814332471,0.0013914736704954192,-0.030297256825999395
159.283,0.018565264498792068,0.006497310377764982,-0.0005037976335988569,0.0028892014294610614,0.022802100618688672,0.0015171330546240745,0.0014145094658799917,0.007225203008955881,0.012017660400313098,0.021985811368170332,0.0031648441109417037,0.0,-0.008738595784331584,4.799028185407284e-05,0.0130159538705544,0.005321770269312417,0.0029824518746208793,0.01257265343278391,0.0032086655213193643,0.014316297623748902,0.0015013829153547246,0.01749680740204848,-0.0006995444393322299,0.03229269979829771,0.11353884394802927,0.04413364660412881,0.026526758069039532
159.783,0.022548957900774408,0.003724710115695091,0.004118847799534432,0.006554358657697299,0.0208896498472505,0.0014203388352696372,0.002882961868301786,0.032493091242255856,0.007810568690454186,0.0068907486616043515,0.003441181501941898,0.0,0.013034652899368537,0.008728583326988977,0.00989778551202002,0.007636663000497495,0.0076918955649229685,0.018017398499694713,0.003945396825420627,-0.0018311562328397622,0.00505091703733875,0.012201280643275187,0.04135205432244462,0.009976238332651268,0.418894294464294,0.058018661219876075,0.016797170280907738
160.284,0.02619205507560048,0.002171153210229196,0.0031349066028642496,0.00041730775459798995,0.0035533550071762585,0.00036882904603068376,-0.0004900355092568692,0.0001748817457566855,0.010367717636408987,0.004909491217724863,0.001883849651995836,0.0,0.012801882103273593,0.006123051317468147,-0.0007031842558505346,0.006814675054904668,-0.005628358738607083,0.004619472433571078,0.0017994493146985743,0.003421523017434438,0.0007452396012264308,0.012920953500618275,0.015376239303115713,0.005454047175248048,-0.050383259138414745,0.09870203156548656,0.0024285826329844716
160.776,0.021053686533721253,0.0033612599056409872,-0.0051919981066957605,0.005442489200273883,0.013122934188666493,0.0003222004195667487,0.0029843399423657765,0.005506739032875341,0.009611904346249782,0.008106902358959733,0.0025408914952404185,0.0,0.02097881981961686,0.006922729631544285,0.0017296187876721012,0.00996901459846064,0.004776454770294433,0.01866076988285265,0.0037721284222252236,-0.004500324202460298,-0.0020437116620767477,-0.02085669561165678,0.025718991963115254,0.02103006877465616,0.11737543842895441,0.03619607981445799,-0.006244926770531579
161.276,0.025091238512708943,0.004756757392249662,0.0033765575170421813,0.0029260316971167913,0.032835139952228025,0.0012302618875987706,-0.0007183605306042229,0.007346998063419133,0.013547691676658438,0.032955844533872035,0.0026604712606230507,0.0,0.014392312901067208,0.0062490876327962915,0.0012861942377476996,0.005963461745059984,0.0034684583131928104,0.007945834280028104,0.003551968041099789,-0.008605767693659738,0.0019645916164081558,0.011097360812666176,0.039705424529026735,0.009081243536120158,0.33765515534565377,0.0669920913409678,0.03988923394583154
161.776,0.025419623468539276,0.001219261663068036,0.00014995303270143504,-0.0012423982892730704,0.02428362050277164,0.0017640381352389716,0.0023217890504156004,0.016463178411940126,0.00882852508302754,0.06551150458113757,0.0008205350661161872,0.0,0.00997692558574204,0.006876653702771287,0.006112541929353915,-0.005791235626473577,-0.0015151052939884537,-0.002180887720710434,0.0032004510783009196,0.01563785605423734,-0.0015630965325805655,0.01903102893284942,0.012508405000415307,0.026332192174937836,-0.026909249764724977,0.10707822127934662,0.05544508450956485
162.277,0.025324625909203535,-0.0012551645077034453,0.0007511095818475549,0.002435547410266537,0.02901679111131019,-0.0007029977091795188,-0.00030041605507058955,0.00682716879652137,0.009811823325769091,0.04186944446331395,0.0025564890746496978,0.0,0.022285183917182365,0.010077593924319141,-0.0004924934987431286,0.005700306388507025,0.0010448454298319478,0.006999845802517965,0.0002949039618953562,0.017288193388092725,-0.002058021957331424,0.0037491888073565216,-0.0018128482974081033,0.042721117889369026,0.15752157015514687,0.09655859784724599,0.022131239648350252
162.788,0.028216733411594037,-0.0009650819585905368,0.011536792921564112,9.109604085503325e-05,0.04169237135451361,-0.00020025784262315055,0.0004705042958429787,-0.004569131985167113,0.008809185606150521,0.07072471884238728,0.001807490417910322,0.0,0.004063945894779808,-0.0013942156400673818,0.0019531027855328672,0.0036959516562057875,0.003199274179652673,0.003965299416850406,0.006658653941793317,0.037795665405624436,0.004003445713835724,0.029084759657461257,0.025950899394874456,0.023494152694843538,0.19496159061058013,0.06553409949809315,0.08877240190985143
163.276,0.024594546402312567,0.00012507291200637897,0.00716090443216757,0.0006492029143951022,0.06887884237908812,1.849800276174414e-05,-0.00016985966156968788,0.01136728238084969,0.007091125185986817,0.046631023330222295,-0.000689267616596281,0.0,0.007103500078901396,-0.0011515157940694008,-0.0033366334342474547,0.010821442754253686,0.004421230323280273,0.0022182065016768593,0.003916455817658227,0.027754054265338883,0.0030005967809216536,0.02060314911633722,0.0034483910433750673,0.0004280474059823552,0.258599871607437,0.07784136353973516,0.004262102738340414
163.787,0.02931973967341929,0.0006440378728440111,0.011367313804753643,0.002461562486744954,0.0885474968123154,6.989343554499185e-05,-0.0038849186876814055,0.024825344622995436,0.013194010916859216,0.08253293709354853,-0.0003010155940979187,0.0,0.020525946314834797,0.005221143931311507,0.006527581198562877,0.00012922451800124335,0.003514211541565768,0.005879071414243673,0.0020898672657636047,0.007239611365142757,0.002289646777574518,0.0331887000584088,0.03572870252264869,0.011954227863149805,0.3845035667600921,0.11195731773037244,0.08286597077839171
164.277,0.03024634640249998,0.0034521158450109848,0.01236475415937511,0.0058851844604344405,0.07549632822651009,0.0013189360996002978,0.0013789037480157387,0.004074540451331752,0.007089151564082669,0.12776500512913622,0.0036312953601671596,0.0,0.012788040797588683,0.004646337149738726,0.0013794199097785188,0.008458339128921877,0.010654868231433147,0.015816994102905827,0.0038447705958204394,0.020315359406740546,0.0030677421574194018,0.04387099713297946,0.030935700184893555,0.023250854571334353,0.119836836273898,0.21382859361339004,0.13187215472725278
164.779,0.022315639758511783,0.0039957379497401555,0.0006136682404700341,0.000986465630374705,0.033689484837490485,5.497459476429582e-05,0.0005823087015176957,-0.014456314205846681,0.015640013258530056,0.08542449149654245,0.0020687586113859544,0.0,0.020999521605966232,0.001627395725708218,0.00020270876961201202,-0.002857816064997558,0.011131660432303757,0.001469550604110558,0.0038546871881928943,0.008853862264556298,0.0016918474881715752,0.013695927188993677,0.002210510876545714,0.004939185513539009,0.09313076448372205,0.11000558334251347,0.08594991743280996
165.276,0.03375859756696399,0.0028451334447023658,0.007584861247950852,0.004197019791371419,0.0998200697513578,0.0015828212720405642,0.0005685075160226086,0.013769341487300971,0.01612259188817837,0.09305680078945767,0.0002630376251859885,0.0,0.027732065656279854,0.004319652849385174,0.019327443164460396,-0.00022823848772048392,0.004727302200158631,0.0017075173070897772,0.004400841005370533,0.013868387185635852,0.002144438678014933,0.03521825532852234,0.043965717687288214,0.015974227429162064,0.158231920200405,0.14852678400846414,0.050301420890622846
165.798,0.03075484436965227,0.002020651806753542,0.0031766145737506337,0.0021293265688862176,0.10273027521378923,0.0032113382329500566,0.0011754515199570122,0.01097252357545166,-0.0027571818767707,0.08080475338946141,0.0034736473150512597,0.0,0.016572881037856122,-0.00012340358191074936,-0.0004053992774489123,0.01336081006313116,0.006168914317364247,0.006243379820306217,0.0036873129465853035,0.00020351177543310845,0.006656984164248491,0.01257045317939126,0.034875543690811354,0.013934347312451186,0.11238233079687747,0.11642491364093956,0.09474419468694487
166.277,0.0343918916320713,0.006469135014617229,-0.0054707214664010025,0.007825308759957938,0.04500859003900799,0.0038707305045826853,0.006943933096276483,0.013905642044011686,0.004422218917314773,0.08338289755623692,0.005321799637946027,0.0,0.030357879428104827,0.013928732718678035,0.015898037934625745,0.012561984259999144,0.014267483804941812,0.0003968475462448829,0.00618424401615085,0.005311997613176584,0.003040209835731251,-0.002219810793780583,0.004807879308084173,0.023444119802856742,0.10980286759544948,0.15656273397634354,0.08684511996882248
166.777,0.0416816392980344,0.006986077622273127,0.0015397241548800278,0.006734707105069779,0.027593086132705613,0.0034599054577450924,0.010818258988064862,0.012263446849653551,0.012716886834944043,0.10113796658527695,0.0051138435483532195,0.0,0.023992710124737218,0.007153865240685469,0.0032462031232129685,0.005733235398983434,0.012104889994363094,0.011590821932553896,0.0061713067872425165,0.013762310183155602,0.007531287990387604,0.02849300007634833,0.024638665196956254,0.02614329212762661,-0.12263565763141739,0.1403479557623585,0.10725869131380279
167.277,0.03830132705682749,0.006859782333548241,0.004886075090572637,0.006570923805288124,0.02404263066446851,0.005657314533769029,0.007398634773068206,0.007350699354767723,0.01684742065441266,0.1146721568137123,0.006085202020360269,0.0,0.01854602204197806,0.0017053281796578904,0.0016462835434727188,0.009825512005072434,0.013468402025186255,0.01079297580599425,0.00892525717886076,0.016581273400107014,0.005782925198473618,0.030523652525204004,8.927619941406277e-05,0.037409861316665655,0.05575416362501594,0.14057362947558658,0.12713730479148969
167.777,0.04052088150050557,0.00408793239089257,0.0038441319035832366,0.0035036950423359896,4.9293193475316243e-05,0.003865010934686551,0.00928683920939315,0.006207433156111522,0.010418662620044263,0.052485321762094944,0.0038133177961478595,0.0,0.022834843203070103,0.007607040232363351,0.009459619618209639,0.007947160903142493,0.008486096335155286,0.0045490745277564585,0.002444424929903776,-0.0008540454152918608,0.006605911428625273,0.030776703745678414,0.019929315950708057,0.022213880631840145,0.060634336990819035,0.06692019369242584,0.09977543606239926
168.277,0.04167458125866304,0.007111520955930058,0.007063414402238061,0.009612424295520297,0.055891457366719785,0.0052914590185348005,0.013241034848359175,0.007591962074570207,0.012278478112889636,0.08323349914942457,0.00527320477486912,0.0,0.01640323757769919,0.009717288970196823,0.01468961241643681,0.013964572031290989,0.013952969017746411,0.014750419742275334,0.01009505452459863,0.015594410928909104,0.003828250492570831,0.012876739193849617,0.034379461186646414,0.00463608618798141,0.14620285992189927,0.10382346744096367,0.06733087141407847
168.777,0.030064423317781024,0.005180529106225496,0.002300597132112169,0.004219179393331508,0.039347847138561404,0.003912201090305442,0.013884752524952877,0.005216376762760207,0.009595638604588834,0.047889554525058005,0.0024844916448933576,0.0,0.01411841341503244,0.004477326137158769,0.01042110337896424,0.017334489084409387,0.009416924889926018,0.00740571270776207,0.00013321915280057172,0.015719892320781192,0.006238545166602392,0.008687870379312844,0.009328754644991976,0.03128324616164874,0.16119285147364001,0.06214127038184835,0.049788621419790964
169.288,0.030784139809312838,0.004875712578754356,0.0047304063843163924,0.006961777013689964,0.0242728281946296,0.004713299125530058,0.009147623379639815,0.010781120563145667,0.002543149492244713,0.016682352908379713,0.00538392626716476,0.0,-0.0011414125211696125,0.0021354802000389922,0.026206241190026017,0.019501712477387134,0.015208788372207016,0.013284393825547042,0.0035321445257326294,0.01762882473551088,0.0066355092345318075,0.008299502367863868,0.025632322767074833,0.02659063162237055,0.0461296574607803,-0.0008973334358956351,-0.008399847645499902
169.778,0.027014264623005754,0.004984537104442587,0.013489202990956161,0.005553207688961849,0.02088491916267681,0.004191872464367786,0.00971423026901196,0.021544300885728583,0.009861157511323701,0.04164861806787728,0.004537206896782212,0.0,0.011065840509158037,0.005482016701854778,0.007726588856176548,0.010198180990228022,0.010390098026141376,0.010055494876250851,0.007771725040887925,0.019094437381351297,0.005450408074329862,0.011775357794739648,0.044638796310122277,0.017395524516547946,0.16793927156605754,0.005252166617992589,0.08705596000192081
170.288,0.029092614802323294,0.005805442836019703,0.0023858734368231585,0.005955523854048064,0.052261044159676306,0.00339206581396464,0.011434492024362499,0.019166220973317962,0.01775335342699001,0.05669680569708951,0.006549202338344943,0.0,0.010801430204997124,0.006989951253876463,0.002368728273933999,0.01590642348071739,0.014135006968751038,0.013124593683900355,0.00585292028970184,0.02394761092325343,0.0043676418311269245,0.003983022836657631,0.005190023122846517,0.005560133817828588,0.16621387059989182,0.0741014303325624,0.06836288917284519
170.776,0.013632169264460064,0.002788876740092362,0.002947258691842955,0.001573997447584061,0.028332543277710693,0.0014793335524372368,0.0093243104716041,0.012248725783139633,0.012785079003783771,0.07664874337083459,0.0016222575806030433,0.0,0.005798114231451054,-0.0025085549398552614,0.005978230331476735,0.0061452671669287905,0.007669083342673482,0.007905736754656698,0.0025621153929886774,0.008409404451793749,0.006248960624815247,0.026251584518880895,0.019551560311993867,-0.0007525275850559154,0.32690397530827164,0.07550860164697214,0.10629319816701474
171.279,0.016902961770291002,0.006022745093670938,0.004380510377821889,0.005160202680721004,0.05659638509692042,0.0029759925943396324,0.00739084935690653,7.282979550276532e-05,0.01570522952369027,0.10190112008879826,0.003429207975027422,0.0,0.017725477839553316,0.005767372588968724,0.01656674984803605,0.00591862316878416,0.005620458112100889,0.00988571044102701,0.005649140590342014,0.015741442294696328,0.006289184292451764,-0.000597350539683331,0.027303067618075397,0.03706869981438381,0.36884816152983374,0.1006523572386514,0.12827186641397922
171.778,0.011186310372523104,0.0028551882918062157,0.004537443975340658,0.004188738271542722,0.038200249835955026,0.0021117489980218133,0.011505806239040394,0.01291930102582992,0.010206980116758411,0.08920035191686239,0.0026631507289790204,0.0,0.019894337351380135,0.017774005481978904,0.020188507928439514,0.0022160316876071316,7.057924635182908e-05,0.004443599579365308,0.007507687952701171,0.018900252877353613,0.005216233560357991,0.010037671180532951,0.030172386497247464,0.009626773792867287,0.1292856110318371,0.061810436484396374,0.10630165928550367
172.278,0.007587639537628359,0.0034137118072250726,0.017134781987956777,0.0038014398976064204,-0.020464375952236706,0.002335728360996894,0.0074104067948414214,0.007364499618280329,0.009908240575089692,0.19042768234856255,0.0035671942856463313,0.0,0.01126561602199216,0.009731758234198296,0.02106265834076964,0.012598109266059046,0.0015372017534227998,0.000990939570065329,0.0040055369684368035,0.028870658271440093,0.004309181585398468,0.04921515585849022,0.030904772031797565,-0.005932228728626555,0.3078540443602269,0.17896770469777215,0.2602216467779459
172.779,0.009174262163866256,0.005883499051924987,0.01001918043184766,0.003225884458397197,0.025553328450681544,0.0019498514242519288,0.0049051218345282765,0.010714285189278949,0.015070491405834927,0.15413425838875144,0.005104516887279255,0.0,0.018454438602202354,0.007766760095394591,0.004039317389602301,0.007016740484926228,0.005652207709014096,0.007256882953529661,0.0036212323659564278,0.026120360237459585,0.004578637419370964,0.015541202790893691,0.02202576952836212,0.021083243168567873,0.26600143793699704,0.12482794245704673,0.17910576063227537
173.28,0.0031780284834314453,0.0015292085645100182,0.001789732777355507,0.00046864779071123275,0.014920738447999972,0.0017283831199333773,0.007443829486533081,0.013528955208830832,0.002869280169152617,0.14336399524605128,0.0020110566504230806,0.0,0.008200987302545825,0.006547267504876055,0.005830562073449652,0.007981551083895484,0.0027918178616064904,0.0017034337690677813,0.001611116387309565,0.005986297158609592,0.008001354000044415,0.0002090851786036149,0.03587962672436372,0.009242770596750412,0.012857407724047127,0.1348781577731703,0.16580480444531054
173.779,0.01155126532840315,0.002538146189968908,0.006327027336736444,0.0041306400892296286,0.01989817929410318,0.0019213862221612594,0.010041912602196707,0.0012965924056580912,0.009485730859768936,0.13517916054373955,0.003888970950491894,0.0,0.017441823107287615,0.010167181033550667,0.007651498570766831,0.005064491973694531,0.007150751519294112,0.010888041866952795,0.007391521200722823,0.006074974490678284,0.002204202924220088,-0.0008176628527801856,0.047416429652792684,0.040344440646006,0.1511735813821008,0.19053850097552716,0.10683481540658507
174.277,0.013132943660817723,0.0024740672383267368,0.002155681240474812,0.0022042084077278853,0.0479650008346217,0.0020641288185067014,0.01026980763474859,0.010766661469285791,0.005471776884511476,0.15554053850561753,0.0012766934283614632,0.0,0.01324383825320874,-9.929712442264472e-06,0.010984136419043555,0.00652307845640567,0.005180702874412958,0.004232451004414625,0.010362128718841514,0.005397970274395066,0.005094118705704757,0.010544322914140578,0.017885774314608097,0.019048271435915743,0.23298037393279045,0.1771376753183821,0.18768544240078566
174.778,0.012113392798513855,0.0034436067834290947,0.006389965594088467,0.000956622285784256,0.026485209802766307,0.0022008955099490804,0.005370906111762144,0.00688928540790784,0.0092844391448539,0.09558806773993841,0.0024795625242736486,0.0,0.0015697678178105635,0.008433524643798275,0.004227426578381075,0.002387259536852899,0.00029653844205434,0.006951816642791859,0.003944675877065948,0.017336575460508045,0.004513640806629107,0.02749501414088517,0.022326160090959966,0.014964706951079355,0.3351640054579622,0.11009420190537293,0.16919698540559192
175.278,0.008472737268841707,0.0036191050392475072,0.005835351992228531,0.007493537238635002,0.0297949896255651,0.0017316661141645337,0.005233509482025748,0.00936118898862136,0.010111212870167433,0.0789205775845574,0.0041505124354955574,0.0,0.00048577394711026364,0.009281768903073459,0.01903686095573742,0.01693095141929601,0.015102587105729565,0.008455598158379369,0.0072276701693611105,0.011477758420238975,0.005963913796004538,0.034682212642261616,0.017661583719204822,0.005187608009216846,0.37993900689540006,0.03076497477722327,0.15844308659493214
175.778,0.0006782805368218877,0.00621146737898855,0.02701600090162084,0.004967910657570261,0.021964296800667745,0.0013902006215040419,0.008240569783753272,0.013391423048433696,0.0018004927369584631,0.09097903516228197,0.00294233332012244,0.0,0.007899113951675142,0.0018973069083785261,0.006006020321305965,0.013316608408338303,0.0071411082379170135,0.009506589132112907,0.0076749026450447615,0.05447075918960716,0.0032987903643621748,0.09861078042811672,0.023134862076142345,0.037587330196133195,0.15937883151940985,0.0864286487826593,0.11054606047963625
176.277,0.008468686964837912,0.005437027360896037,0.03762048987390997,0.006125372827873185,0.039135524200970044,0.002607771838425617,0.010053776109900683,0.016818140448651958,0.00665883622972095,0.05705975236884792,0.001028439070494111,0.0,0.0033194835097849896,0.009546854334643239,0.0072298338128883345,0.011223308587766009,0.019665901295999717,0.009637893069846155,0.0037141301262513054,0.047763500122550845,0.0057380682811971635,0.12772312767909674,0.036354400717240325,0.04184571915756392,0.24123202599205898,0.034482867372976,0.13533318251075924
176.779,0.0033471386975084502,0.0028333384001585976,0.029964006533557644,0.003194966179449121,0.061043873364950645,0.0005078267854164236,0.003386244698494763,0.009480145333156307,0.0048945077187754135,0.07692083462789687,0.0005692417989737599,0.0,0.007854389312185269,0.008737751359830865,0.009785603043050137,0.008320268872392213,0.013260535506508481,0.00042137565553578796,0.001837711544158371,0.037315926259979884,0.0044288215187580325,0.08095025532112901,0.046672442556414166,0.01905086640929721,0.22556910460828422,0.0539673596031312,0.08740553473677544
177.278,-0.000558424553420613,0.0009090182419056018,0.007388311138479775,0.003923775791217985,0.05151025219457573,0.0005031568188176745,-0.0015138409906180126,0.00534706745288383,0.010337704915954564,0.0022723711587128866,0.00213295424260705,0.0,-0.0032022959208658393,0.0014441813710920073,0.01291978956220773,0.006762871305662173,0.01200930346847857,0.011183338374538197,0.007636327310301782,0.01418619853489226,0.004629937388792848,0.023470736519432774,0.01365020172680375,0.01120805057722379,0.09586190814593776,0.11159018133044965,-0.03983336487106951
177.78,0.009107248812027418,0.00510455495764249,0.016919915879499644,0.009419893678110003,0.09971817281897116,0.001973355852679941,0.008785108099304552,0.021763469210131364,0.008188041270877527,-0.019637006916754646,0.001886108591054359,0.0,0.0070380350631167815,0.008311693744440796,0.021185355348854892,0.013483375315899597,0.01791598112011873,0.011064228212393152,0.006440366253322776,0.03556467586888809,0.009785101856011134,0.06181489981558985,0.015557520908601458,0.013705438417801709,0.11710872122164362,-0.011885762056995859,-0.006177424710103256
178.281,0.0002242897453027924,0.004836260814135276,0.0016673669348376537,0.007106570413858869,0.0497564095615167,0.0016577567577822322,0.003987581416604534,0.013177148128541651,0.011818428134480403,0.044955867349159996,0.0025359107612800565,0.0,0.005952619169393893,0.011538148406003828,0.018059366032660916,0.008233013491593656,0.016540090762534976,0.012948963043898044,0.004425987868140983,0.00883189274619948,0.0006724043664711887,0.03307489318659021,0.0015147073498250278,0.002436660953059594,0.18077852531405617,0.01621454673383608,0.09882205353924732
178.778,0.004089709626585133,0.003729458656977135,0.007874802822143714,0.008101518643848902,0.041242712846065926,0.0015814158978064746,0.007189055198743521,0.004376203312165723,0.0013108905118129506,0.06334666297239717,0.0006240362540883984,0.0,0.01827082917981451,0.0011692598034770021,0.018147689546931026,0.01039183041284419,0.019018559422137142,0.013764607450809615,0.00892522949709743,0.015367265245830626,0.005824467348772008,0.017976699902840964,0.03121036772361241,0.026537487755728787,0.215711852780568,0.10935596929904116,0.07976308250681188
179.277,0.005638472524814681,0.002119083111655287,0.006881751110619069,0.0031978558295346457,0.00872974240319937,2.444663314818449e-05,0.001455589512831883,0.008836557003117348,-0.00018833150543924005,0.05859596936598148,0.0027981061740620984,0.0,0.02528789382509664,0.01036119905828553,0.008850138006980169,0.005573935276365823,0.007698131527684133,0.007453510000022075,-0.0009409513885774829,0.01344714421957129,0.0005900564980302854,0.031870037170101555,0.023555005670697137,0.014015781381553192,0.15959306904524714,0.0747292357015715,0.08022253155446081
179.794,0.010024367928973528,0.0010979458397642472,0.004285097937991911,0.003140807887190552,0.023232626494850143,0.001915742980328892,0.004999422579961665,0.02007588999121132,0.006110710019682159,0.0612138723752957,0.0034808705387584316,0.0,0.010324195029572956,0.008185135248681544,0.007356363844291422,0.006405367084646443,0.00782376052304075,0.007726342262534745,0.003732968536177855,0.0071318467355422025,0.0011743412081062215,0.01607481355599143,0.018412554874580118,0.015061638578965413,0.3272525526001433,0.04703010534944556,0.08510062473340096
180.282,0.010174909935178184,0.001626847399096291,-0.0006342347873443512,0.003980367018103137,0.047695865053617836,0.002367625385888163,0.002726983610103531,0.006483551405696746,0.014871377129125255,0.12370467317283583,0.0036780689591502306,0.0,0.009515921156024528,0.0020408948862058584,0.00485612004392911,0.003022587292180828,0.009665569228588038,0.00721783525849198,0.008773584131431606,0.006216885576643339,0.0012542082522983948,0.025855346747600524,0.0001127102160786758,0.04378920173842184,0.16042852233533753,0.15095510974992662,0.16726821201075814
180.781,0.009437851121912776,0.0015304826331498783,0.0065017903479770755,0.005149555802891213,0.03552878924936907,0.0019232856942366272,0.004954946505007026,0.012192613745603554,0.0033821675298752354,0.12338104748413112,0.0010078438208129703,0.0,0.011639824162730945,0.002492957665333422,0.020136348129195597,0.012157355544502898,0.009197447632323124,0.0057819818506146935,0.006093286950485553,0.00454039680005078,0.004158246412783581,0.015607963596868814,0.02891795870943906,0.01408917537590373,0.2600984011629328,0.18837717117740746,0.10122367746130238
181.285,0.007821060919950827,0.0037503319363514026,0.0033905937223360576,0.0043620518609835505,-0.0135384714052666,0.0018307754144671038,0.003593090475341405,-0.0022613819974471126,0.0020373367920945903,0.053277125561264786,0.003970878543247402,0.0,0.009605083721201384,0.0003638006722570259,0.005710144628110493,0.009041311933091867,0.011961690611714267,0.009582718884390263,0.007895949862309189,0.01195024366731118,0.0039029524379839485,0.03186143772425616,0.007642898601650693,0.027878036158641206,-0.022233063766640804,0.05296979696275394,0.05393680897342114
181.785,0.012660639966121606,0.005157801260355349,0.014685595569977073,0.007745676629521041,0.06726728555913945,0.001958064779445322,0.00028793778513086754,0.02058929695443896,0.012195228725015805,0.11878578720645198,0.0019456543388578532,0.0,0.015138150052143527,0.01013899362886571,0.008165675062699081,0.014810886081522328,0.015622879126539103,0.014910246885343844,0.005292139621046437,0.0361937170305843,0.004575189681502074,0.0568067149133546,0.015465651746691827,-0.00029609269799271405,0.16410588200425275,0.08914795493580967,0.13407472155486747
182.277,0.006784303119479659,0.0033806797848837215,0.005807849024248794,0.005164169211181765,0.06163139075565819,0.0007161893064940825,0.005987196626685635,0.006832162503460132,0.017863464210426512,0.0580433098041489,0.0013850705954827694,0.0,-0.003972941914449026,0.0023702471960015577,0.012339756329896489,0.011993676409721564,0.014357442427002194,0.012242305382927787,0.006607961144807672,0.022731793494578753,0.011538949702244205,0.02829817914167946,0.01679654329681272,0.023562594226287478,0.21574745646130278,0.07100792192059528,0.05213848566538989
182.778,0.00308357726731194,0.003351595235237718,0.008871409447321772,0.004034321686259892,0.020095254571070996,0.0015264215725415543,0.005203754263892094,-9.930774263015093e-05,0.0061735531678027795,0.03689609742546681,0.0019219125180415604,0.0,0.009121387951560337,0.005863594008330074,0.009074982984724422,0.002470353224065856,0.011788434545778445,0.00958408169591436,0.008635821699595782,0.025309605323691708,0.0009526585550793355,0.029872791182803622,0.010453439730804266,0.008501470985335168,0.07180237586463017,0.08126041758913531,0.04349090295181445
183.277,0.00550262135958683,0.0031127607846549023,0.018199538988740434,0.007740837245598038,0.05490938945955151,0.0015843103378033688,0.005067118202288525,0.006516850904705129,0.019092604811705223,0.0020164199323309284,0.005336395823102101,0.0,0.007099016594995941,0.013038381364776233,0.008326807027923669,0.01219834605411591,0.016042976278454968,0.010991442365131322,0.010287078228031541,0.020638442199729004,0.004077132439517815,0.06795039670805009,0.045063822753577135,0.02245479933916076,0.4850561940550227,-0.011872307621843423,0.03324994790056376
183.777,-0.00226317819366412,0.002349050468730163,0.0023719557841048117,0.004505080683669743,0.05947440935008464,-0.00048365220461382377,0.0037541328569052966,0.009947951445172383,0.007716333038910419,0.02477717819554778,0.00026956329442742223,0.0,0.008118079096064094,0.0010331511148768259,-0.0022269417840537517,0.008417928215293028,0.014357376961158803,0.01681322344672356,0.005378348794892812,0.02216930807049862,-0.0008127566369029896,0.012199337310160258,0.016508135421273343,0.015461484877854188,0.07450671919889768,0.058487702816118224,0.01961919584983666
184.296,4.316698510046856e-05,0.002090426229787202,2.5546998361508877e-05,0.003616119489847475,0.06095287092973951,0.002360144325735174,0.0030440656615832494,0.006719395357433498,0.01722918067136368,0.0448747439362347,0.00045445482702540787,0.0,0.011295175452701478,-5.2733111867924054e-05,-0.0014148475574303882,0.005014573348934386,0.01086881374313867,0.0051212209634645305,0.008671608814215408,0.011928665486424963,0.006349485663213154,0.02763715081088351,0.0026489372375673305,0.019386558654710714,0.19703089251439104,0.055514717689278445,0.05259273482242514
184.778,-0.0014940448344610187,0.0007447729375044211,0.011904574667641221,0.0001273034710243368,0.032489409582961794,-2.1380299004345692e-05,0.003125825481235105,0.011238655111501902,0.01045962408422936,0.00040985993604041477,-0.0005475075488889518,0.0,-0.006474734257255528,0.0002148254373351574,0.009206565930618747,0.0012012843739469046,0.011978034129415656,0.0018421939311788213,0.00296037762403266,0.028734767650864926,-0.0025213649840581287,0.03771741577010965,0.03404226363932519,0.015745599294339954,0.14977545822808208,0.07901247244407554,0.009547309021373723
185.277,0.007729765210206025,0.0019190078630614772,0.004616918282865484,0.004056350070060227,0.036929724585939266,0.002835424549028612,0.010208216164013535,0.010907628816358912,0.009565566075082048,0.04325327603723902,0.003195621928624179,0.0,0.011694389722901263,0.00282781559639113,0.012118171009606804,0.004271878158357434,0.014715815018550009,0.0012949158971528399,0.004637640693079162,0.02727247435827255,0.0011363922268789112,0.006718063476570756,0.01008790284681557,0.003416324734527242,0.0049952214966880555,0.13557404177320345,0.04528202361241586
185.777,0.0004952265637196712,0.00048118837701050855,0.00811907148437364,0.0024590028869090554,0.044092835138357905,0.001387083358440281,0.006271322522041385,0.013824690749436224,0.010646330252757859,0.03633389912647471,0.00017105914843491436,0.0,-0.0006410708757605361,0.007857412557309276,0.0013133660534187714,0.006873638114128533,0.015743951816825807,0.00642401624818694,0.0014200297562471113,0.01900584941310476,0.0032104149695109294,0.016397559463024267,0.030833202680195897,0.005790697029701594,0.22881377676048553,0.0500746810356783,0.02833765148643753
186.276,0.008060228263514725,-0.00011457804567181063,0.006311822091045452,0.004347642666457517,0.02868261205631062,0.0014671603865937014,0.007508293082065043,0.000997136056450811,0.006131800341644043,0.05318411184153239,0.000499069896243973,0.0,0.0026918954831744095,0.00670149816976403,0.0007009984232266251,-0.0007597282903113072,0.017517390006018076,0.006080436943691979,0.009218951714155935,0.001641438435069246,0.00663896265507407,0.027461506378870258,0.03239699110466314,0.01948263266395888,0.29798140331691936,0.05464338008932799,0.06860264600601516
186.778,0.017292263309955713,0.0058976195228773514,0.013551008645902236,0.006144868828871675,-0.03800907296359015,0.004194351343247789,0.009147616084083366,0.0008747499474597882,0.004530282852936715,0.14099873022501266,0.0023090369460080414,0.0,0.012552193984502394,0.007568188509180493,0.013278554194688385,0.004954712315286622,0.014631974571150426,0.00985478472824661,0.005511967675547703,0.015795431238963428,0.01228211644512994,0.04402771613464291,0.04820511586319347,0.07055563713222078,0.27570878413007294,0.18045550473686178,0.15197817714174253
187.277,0.014254659913207818,0.004268628171078797,0.0082506666732466,0.002502783992519395,0.007099880940787433,0.000851629727044894,0.003787586753029063,0.020032764482521614,0.012793949051852755,0.12026869519807508,-0.0009458331021880364,0.0,0.007979067370172078,0.001055669689339323,0.009292037822312752,0.002936488249198434,0.009702733760088211,0.0078311463256559,0.0004222695328211386,0.013866585272526759,0.00270146280047771,0.02449952110846132,0.040499753236511,0.01677285867501376,0.3919122541572255,0.21718649532466136,0.11638890588332279
187.79,0.008658446449955228,0.0022322326004026232,0.01752375156452921,0.0036343585460791635,-0.0011107682086585542,0.0017240441455034427,0.0036400992756705735,0.0002546724661031749,-0.0036188667751039403,0.05351873275704039,0.0008580706689968788,0.0,0.0008703435896334949,0.00913705271332165,0.014936997479933201,0.008915614343165524,0.008108820537152318,0.00834874340792864,-0.0009479293410866428,0.02187927302511787,0.003595148359569755,0.03590446878151579,0.04531269179917469,0.025221932748696694,0.217392867549581,0.06578068597801243,0.06612967013464371
188.278,0.005390066436929518,-0.0004485061918718154,0.0057466177234845065,-0.00038071766861237194,0.02455417932418146,-0.0013769388137801558,0.0021657549402993607,0.00033262844728190256,0.0011054161856766515,0.06797380206606118,0.0013001791764370582,0.0,0.016609140928835933,0.0060911739064119135,0.0013110273057393303,0.00041906423341727663,-0.0027233609435808573,0.002137562278419484,-0.0018413582885599296,0.005875971023310743,0.0008583748833198462,0.054681389866346505,0.024196888376319864,0.0027179413164800056,0.37508572781513316,0.07986453495554043,0.09081733549979658
188.778,0.01175650862520431,-0.0007623156494229734,0.0025011997379753527,0.0016268659200759379,-0.00803299604895679,0.00033676166668583423,0.003266113862565011,0.011299386608228414,0.007409544599011751,0.08883679463653657,-0.0009251546837408183,0.0,0.022474806514948986,0.0075186147076578,0.018462752634258252,0.0007811335563356671,-0.002874433361686855,0.0036928031786201527,0.00030217830856681685,0.00442791834588343,-0.002119527463933736,0.03402623291474964,0.02142720752655445,0.031211474675900106,0.07938069989841245,0.05806988058413981,0.12786655430837357
189.287,0.011663229621481612,0.0,0.00907804231402846,0.0010161292529436085,0.03885595533579696,2.6725945164080718e-05,0.0026652552235851145,0.008980049688253696,-0.001597107694524128,0.11805399856051382,0.0026998428228816145,0.0,0.010838611335873232,0.01376703192745803,-0.0020241302568990843,0.0057819195731773155,-0.0007668037669283945,0.0016906917095100935,0.002882259856118887,0.007615024037968465,-0.0006610645601265695,0.026373607459200296,0.03597357517435694,0.015650389548936775,0.30694719015517824,0.09192707132591448,0.16285342116892748
189.777,0.0033190475181835346,-0.0023206152900957294,-0.0031495531931816103,0.0,-0.004871002942974453,-0.0018162777826478363,0.002222581146803481,0.013705293973040775,0.001178324710380745,0.04331251005671729,-0.0012130544326849088,0.0,0.009811670594060972,0.008449974980448896,0.009150409730448322,-0.0004760796252323003,0.0032261375510213445,-0.0017401873845545302,0.0026814438197425923,-0.010073638654251019,-0.0011191413675898656,0.004422428228567355,0.02814231350654123,-0.005537759152673925,0.1486919352550198,0.03513644126600071,0.01840174693231521
190.277,0.012890472003759274,6.899281437293413e-05,4.879693951653716e-05,-0.000579267601149073,0.040711227616733486,0.0006984111810386774,0.007827224250626591,0.008063988852710858,0.006727219379424952,0.012894344580166693,0.001383749736428417,0.0,0.005742394858724234,-0.00010251016196106169,0.011290590610118691,0.0035336100860544318,0.0028551251015915334,0.004218703912110362,2.1148543116084544e-05,-0.008714363262536688,0.005350470797210894,0.009559096473288106,0.01298914171485394,0.00044321708657214304,0.36727093337545125,0.0956700987401049,-0.01537868070757401
190.777,0.020185487924731755,0.0027244307317560476,0.0007085156900728853,0.0014176453519157695,0.03997322105903398,0.0013059824613308455,0.0028402570000981195,0.013279382423132566,0.0018730149448837456,0.033282873518455575,0.0035392314275983243,0.0,0.011175987868374917,0.0060291339517670245,0.01101849294458569,-0.001702860874920267,0.0006519785518079235,0.003915500822752461,0.006206268043672219,0.008334037186668012,0.005893768816700116,-0.0015179472279731323,0.03783204177501337,-0.006991602146882242,0.16773644302845825,0.05055883570366984,0.04133489005727127
191.288,0.019578231395435106,0.005409520431099262,-0.0035245061619153246,0.00580286133087758,0.02914645632829344,0.0030217478065788514,0.007796979558422689,0.004269768341845243,0.0003649597380562202,0.06383039045741525,0.0006720885110385552,0.0,0.016323606869148518,0.014285509400787533,0.00978653508956004,0.00984058701857643,0.004993765849347074,0.010189819811023227,0.007787210155899687,-0.005375435806783309,0.008383827621250336,-0.006837941210416284,0.014385334088201042,-0.021356331365666885,-0.012762774824310964,0.0899755587481732,0.08403044592255382
191.776,0.014532541327240842,0.0018813004280040719,0.007821169966973813,0.0016797367529427527,0.04640952132613457,0.001958319628302302,0.008695071914416654,0.00811289127288398,0.01085637538612996,0.0006200278569138356,0.0010770901871858167,0.0,0.0070978169314331084,0.015066285107970206,0.0036178695801024514,0.00014438496328695357,-0.0020040418403442194,-0.0003240507578830125,0.0041589470858352,0.006022499260812375,0.009089036108450578,-0.00035873880790856426,0.0496017673444398,0.022489743104971347,0.3575805689167909,0.018478641301460333,0.07353345208813743
192.287,0.018826816088593167,0.0033670167520487883,0.0007584156169312471,0.0033735084862529996,0.06347084547793129,0.003094768457176733,0.005403046969957101,0.01737478433961943,0.0027225920363551236,0.04429374777707468,0.005117574597505067,0.0,0.018663193994848275,0.012450410201891096,0.00888734401386518,0.0017066149282974,0.003653310457064942,0.008089974458799583,0.0019784337985243004,0.0026106482737913296,0.007814515701033618,0.0013816842738035167,0.03168219702121552,0.01606370536211283,0.057710408433762565,0.024424189220294826,0.06993168361634362
192.779,0.015928799780001508,0.00441300947180627,0.008067155558517206,0.004235680119020673,0.029808215528755497,0.0035387580124583724,0.006125088246122359,-0.0019011595628002813,0.004663393098531566,0.015839227797671367,0.0009937480663185104,0.0,0.01139222909086924,0.01115354239509327,0.007346186943190066,0.0037242255329852695,0.010740621755285642,0.004033735048767522,0.0059758163733595205,0.013178830572029449,0.00636978758656481,0.019224993774983132,0.03853434627636593,0.026605570280189974,0.20989505811064463,0.0669214209267421,-0.006613236726878919
193.277,0.02069217167700858,0.0007530061969785006,0.004074437567704569,0.0034877179795264066,0.027457633694467874,0.0030848560510723846,-8.090755630358857e-05,0.014947390388215706,0.004098504002671134,0.005165542637502969,0.003411039716704221,0.0,0.014148074844228328,0.014728496857921337,0.001425057005142882,0.006641451927971268,0.0036733977452881824,0.0029309778491559725,0.00620028261453699,0.0008053887881590645,0.007520384501519726,0.01870836588386016,0.03514023637326304,0.008656193705739227,0.04195428648534201,0.028604622614992237,0.034183093605281704
193.788,0.02730336057815021,0.005141436362548212,0.011493288007893081,0.005216826112236597,0.014070032421527373,0.0030771504348331624,0.009250214940369091,0.001423011939522575,0.006985071015841326,0.024909076407534904,0.003303963074187262,0.0,0.009190152507578812,0.0075494271679586765,0.008254394033425731,0.01077591720939914,0.0042215158281657394,0.004267543501769977,0.009917558164230868,0.006644585123980283,0.006673179068839819,0.0327625235001994,0.035759255171358105,0.02566319781520531,0.20581763003538558,-0.019447880152773316,0.0610716731594399
194.275,0.017230008875812816,0.004139453969022518,0.0013392922526158056,0.004699672953286536,0.03891953628488927,0.0012364379778374525,0.0030473903018306842,0.0030085080948984272,0.01130980004368337,-0.013850605741387306,0.0028365503481545713,0.0,0.006759059263474628,0.008370219482476203,0.0019333383871523115,0.008232795121997403,0.011584890739298621,0.008249873565637738,0.0036548491965072926,0.00494054850786087,0.008178056374842271,0.019253656589049747,0.02235135745255803,0.009313702765571074,0.0016058903594040528,-0.003814962605235923,0.02100476844013051
194.786,0.016499818448348903,0.0028820436249413993,0.0017750861279284865,0.0029181587997049053,0.051643854595233366,0.0025368260537574887,0.005604650638355415,0.0257320785397566,0.006142375850923585,0.03280112612088297,0.0014112546675891194,0.0,0.007648824209515443,0.006609472443970252,0.01159741210454176,0.010310171770242611,0.014504486465055248,0.0009233683962204805,0.0037783635560463603,-0.0002877381705266939,0.00513791157655183,-0.0010370328131742018,0.0413476676643589,0.016555871529760187,0.19833143622038898,0.05393917651278058,0.03676227130035106
195.278,0.0211594358551105,0.0002746702915885322,0.004905829019125485,0.003375413939344585,0.07274044280317073,0.002455089074900232,0.005434083276213461,0.01848221930708081,0.020149075601955724,0.07739908017122912,0.004968636210440944,0.0,0.007084448460581364,0.007339569777417129,0.01753869900908584,0.008685626499119633,0.008125152458894176,0.0022400845827122203,0.001796583735285264,0.00437209927967525,0.0029528431923707024,0.009091159256416341,0.04479471002002871,0.02131578147400768,0.04006229944795692,0.05443561167924454,0.10607505870043532
195.777,0.02459269234334525,0.0018961265592946526,-0.003754782714382899,0.003058365711790311,0.06498188922834847,0.0014013188803318254,0.0005228664212753698,0.017481853947547584,0.010889069813260207,0.01947603815674688,0.0018987180797792964,0.0,0.015807622832138577,-0.0016236978646568976,0.007786655900699744,0.01151150305880605,0.015062131940707376,0.0036200167708026845,0.0030121293332341877,0.00546681656018641,0.008879726707196384,0.004584561990193888,-0.0212489727464433,0.027929391138361574,0.07348713226073438,0.055209222019760015,0.017251721979920406
196.288,0.028260771588738687,0.0037544091415128173,0.014776239819265301,0.0045944435877673245,0.08138456608728581,0.0035654623719769446,0.006909380521292065,0.009658581296274572,0.0052980757239611135,0.052481118400028136,0.005169577262802771,0.0,0.010147893045234885,0.0042262862923119655,0.009820469235694455,0.01025877218014664,0.015038147399393607,9.173129728210478e-05,0.004435017296588401,0.014039962326064656,0.008327859471843833,0.037051092391547594,0.03035819082656506,0.0210009120052383,0.03790068231247617,0.03304324919081751,0.09285053086706017
196.777,0.018953223176607203,0.003411993532843841,0.007244648692648734,0.001032454949900538,0.0179515174594872,0.0010161361172040958,0.0009239101384077319,0.011471017227666035,0.009014821135164946,0.008080234261553925,0.0036959310562148465,0.0,0.004940348659494859,0.0030113109206162977,0.0018391098688437376,0.017017376656211114,0.005499725057958046,-0.0008605687940125547,0.0032376017189106607,0.011930722806458273,0.005603359818343633,0.000639609055306617,0.02362145229518647,0.03046390310631886,0.016377095361485426,0.0785400721869062,0.020516352123744808
197.279,0.017882409152248858,0.0035839399783526393,0.006883765923075897,0.003010922021585862,0.06840421032899462,0.00065610004674052,1.8711694257295808e-05,0.011489258519256647,-0.004396211643905976,-0.018458128626438967,0.0032239119265036376,0.0,0.012077863960548604,0.005586111260107196,0.00566240219654928,0.010665432365756296,0.012176565821719528,0.0008023601256816245,-0.00019034695194634883,0.024358209575782927,0.0073652610708788546,0.003960275742792131,-0.0024417140960639643,0.03804667000673469,0.14234539692484394,0.003329125171650695,-0.016264610119205755
197.778,0.019720762646545494,0.00027679380968210934,0.0008940913019001451,-0.00010691690447190188,0.020716962317744187,0.0009121405659276843,0.0024588024310194276,0.0073783719865101296,0.00012812936174266522,-0.0013949545642201915,0.0007302321554045429,0.0,0.005615992540268468,8.30821617824318e-05,0.0008822588715789556,0.006307744850899015,0.002962247689330883,7.978938009776995e-05,0.0027641711399696398,0.004835347054837159,0.0035023347771709523,0.01568585502224959,0.03216767992584003,0.02143919867636574,0.12402450972951538,0.0007953661439771241,-0.03386222824308395
198.278,0.017121783073874845,0.0006894369818579748,0.009556627800549533,-0.0012959518183528916,0.01969378633843831,-0.0002466270733597079,-0.001462801782856267,0.014994923136946624,0.004827714954399746,0.007834273274007751,0.002037290525415428,0.0,-0.0030574132920170877,0.0023285953684473227,-0.007101363085723521,-0.0013200596992233584,0.003688773291777943,0.0023572694112724353,0.005249878467991412,0.0068017853451978645,0.004179864345045902,0.03279641326329722,0.04748305566140316,-0.013771163932622133,-0.04709332837187047,-0.0015914555964693122,0.021779612455966792
198.784,0.016658849560123874,0.004936876708818497,0.015862167651964642,0.0013633626903563024,0.05978713948850997,0.0014019459989426022,6.675756487370639e-05,0.0017566641688917196,0.010923091647025814,0.0035720714168601094,0.002447333547296576,0.0,0.01420667707594349,0.003928130586127352,0.006350962047565913,0.008984096350907522,0.0026865915820064893,0.00384765156072661,0.004830021731293973,0.028517837509500762,0.009403361142446517,0.05768924825282251,0.01882586007293104,0.026434167065551815,0.20949481568825157,0.007996578135336163,0.034429882007471484
199.278,0.013075669165884611,0.003142013323951295,0.01081208635758068,0.001378976133140765,0.026776412391128098,0.0020304078378363326,-0.00291246403276021,0.014705377019305532,0.00631121886078075,0.009774048627505425,0.0006209077644981515,0.0,0.012002057872285856,-0.0006488655156041851,0.006010895386702685,0.004836586275000739,0.006228486133821622,0.00249386376702777,0.004756302224022178,0.023256874262508297,0.010444888462222282,0.04260455108853501,0.019962174104772336,0.045396666123186345,-0.00030353841974875865,0.01565137861947109,0.07159235021749688
199.778,0.010406541316349901,0.003088397439631568,0.023577983578080754,0.0018044946664536755,0.04895989447593291,0.0032140814007975953,0.0014884194849713647,0.010961081179074272,0.007614407382915458,0.011005744056260116,0.0031029628808148463,0.0,0.005293074014708578,0.003612122843329683,0.007873189905330286,0.0036267715462280814,0.0016588250299659306,0.00406139789690014,0.008954880627160357,0.019866756874718564,0.012532001493718338,0.05677865513726129,0.042544852709331664,0.014573945541649978,0.0003794422205677804,0.08934792839849516,0.0345710578460573
