Time (s),ROI.E [],ROI.C [],ROI.A [],ROI.F [],ROI.B [],ROI.D [],ROI.000 [],ROI.01 [],ROI.02 [],ROI.03 [],ROI.04 [],ROI.05 [],ROI.06 [],ROI.09 [],ROI.10 [],ROI.11 [],ROI.12 [],ROI.13 [],ROI.14 [],ROI.16 [],ROI.17 [],ROI.18 [],ROI.19 [],ROI.20 [],ROI.21 [],ROI.22 [],ROI.23 [],ROI.24 [],ROI.26 [],ROI.27 [],ROI.29 [],ROI.30 [],ROI.31 []
0.261,0.27955513548810984,0.05588585568523866,0.03881572877774252,0.20878020175499504,0.020770771977262934,0.17919929784834554,0.0,0.052883610143665806,0.033937429011020516,0.05223410592385008,0.0695452073953314,0.03112682120155427,0.039418821603926124,0.2782782888757391,0.3485705913496795,0.2940814949014513,0.3145847045049837,0.3059383971591599,0.29811268390949713,0.23295521481973833,0.2554155492621665,0.29647421532025103,0.2445061431250098,0.2376714057805689,0.28310977208164184,0.1698723816357834,0.10161067212270199,0.0582819333562137,0.02508670925451211,0.02215461447805244,0.023978108186954845,0.02116545561236004,0.19815192675037402
0.787,0.2511458639691407,0.0424342269139796,0.03980853100388032,0.23709035209314708,0.018239569677143994,0.13712313969769344,0.0,0.04599067031517593,0.027889843292324176,0.04772391738398868,0.06347377833219175,0.02770061409830619,0.049538195639919465,0.25251947740737873,0.3253861808282116,0.25414482476936917,0.3083747465265912,0.28621511159521973,0.25478692683974513,0.22283718129477886,0.22390808796607392,0.2551355764014146,0.23687539992762177,0.22771275206085595,0.28894463439830276,0.1331457121072579,0.10298006486465791,0.05750253747913899,0.017506276057792893,0.016183778464635826,0.020050385626707933,0.02325314881073498,0.2451628162713019
1.278,0.20965265992546353,0.03245124632063862,0.03090947620260451,0.15566647340026682,0.016020252376636464,0.15041555811703214,0.0,0.04045186115539459,0.022899895725269123,0.03186477492046918,0.04982046583029088,0.026298035194644246,0.0392703591885378,0.21092155637397705,0.2645532722492258,0.21929108251388274,0.24911488320192954,0.2463481275794066,0.23037522594710172,0.18512737924148673,0.19370695674383218,0.22344271319336118,0.20319547213235895,0.2097178598621237,0.23959580867182406,0.1572754465590181,0.03894749891979719,0.049777669957220896,0.017443119943760826,0.016516005550853422,0.016488232569212093,0.020215129313426013,0.1612428268984519
1.777,0.18473170451674112,0.03520867610855204,0.028645468135527263,0.167340076644899,0.011920855386336117,0.12441430428445062,0.0,0.03235398303269238,0.02844026856330011,0.01949647571913627,0.04204151206069378,0.023877890090222745,0.03445797911625394,0.16347994644008287,0.23917013868559497,0.19171557109949589,0.2124270845672205,0.2349125708036849,0.209967419728026,0.16861740189861432,0.17276686152565673,0.18852884300226147,0.175485883075578,0.15215681647383955,0.21361851520837255,0.10760404998601032,0.08643338972357678,0.02944345644169901,0.015250187415743334,0.015326043213278778,0.015371619501526856,0.01250494152376326,0.1894121414052196
2.294,0.161357047002933,0.026251897151972813,0.025753760569202054,0.1426896484676937,0.01148730690768812,0.12106005746412447,0.0,0.043986249433953815,0.02551758708619942,0.024845714911532098,0.04016279582941827,0.019484398029061288,0.03140774085887037,0.1403165917615929,0.21722133245506534,0.16420919464376532,0.19060533028939228,0.21179785186673938,0.14249062157515197,0.1582199459072949,0.1516290610339469,0.17800525389572974,0.16408760373058814,0.16139378154826264,0.2051464078860794,0.13831570116216552,0.09436011058661475,0.021044191601909425,0.01037175529871023,0.014210041201301938,0.016043135422911657,0.01736842388832519,0.11783919552152314
2.777,0.14170715628398015,0.026120969377315298,0.024652576847231905,0.15498202769988217,0.009233717683981417,0.13047241219110026,0.0,0.03241575221811476,0.012047425961688495,0.017633637215631506,0.046386037492180975,0.02264796792641991,0.03312415321804412,0.13253547276319563,0.1993219573281019,0.16713794365291415,0.1602749747638422,0.1772343233338698,0.17332145394720078,0.14312418600726157,0.11636720379999134,0.14495039158765946,0.11770756672732528,0.13979788272707483,0.1734322219119757,0.12364273913551521,0.0898913336247386,0.029676609527672093,0.012102772268037658,0.018801457151063922,0.01388391575329679,0.013653735568075713,0.13166905990345987
3.277,0.1338873326260654,0.03771313085482396,0.021815114795310953,0.1443223217336108,0.01054558160683298,0.1574330974664583,0.0,0.02672779342989058,0.022779019842838134,0.024403424786246828,0.036162380057036286,0.019641292134019786,0.027106692304843114,0.10256243657093,0.1616502639345955,0.13570720742302705,0.1522103101652953,0.16250783720460876,0.1440846254453015,0.11092760752419216,0.14184770418095774,0.15811513647239284,0.13408435025109203,0.13316758025641734,0.1921639048586973,0.14090304199857417,0.08439797277930539,0.0560324220240187,0.009837248852431552,0.012030840681662991,0.010791392868467193,0.01718900936420474,0.14302503906557926
3.787,0.11847111585428577,0.025736865479526437,0.019164435721074787,0.11280035590730877,0.007870598179165909,0.04967027231140238,0.0,0.019621269534861156,0.016338777993931734,0.026067750148465185,0.040025302598493954,0.012180029746890838,0.01844617102313367,0.12588853437583603,0.15038499607444994,0.14561497592793277,0.12748281956454988,0.15854894717914117,0.1200013724015492,0.09926694710079559,0.09766987918344867,0.13869597722114121,0.10490874038168581,0.12349208106106002,0.16410146346780125,0.06659337527840939,0.049887579137860676,0.05183459508368666,0.011553615708271537,0.006349400146163076,0.010089029183182318,0.015369609080280656,0.12339550116816875
4.278,0.12079000136110278,0.03591774212420592,0.01938032884138853,0.18608708479046518,0.011486978970369249,0.0627658431169826,0.0,0.029075861894927037,0.003537919734644064,0.0304440974451246,0.050337527499038276,0.006563781819714601,0.028088180079632458,0.13036163590812916,0.14977499846750691,0.13440990447685197,0.14743335848233727,0.15758341933820294,0.12142798808205382,0.0909727627378596,0.10953459081318608,0.12643546487997814,0.12574539771593435,0.10708522423124042,0.21631633404382936,0.07670334381157401,0.1323024797743279,0.050067629966971006,0.007608241257009686,0.01483287241996901,0.018745175550838898,0.01388650715505337,0.15032430323788487
4.779,0.10052547593577663,0.029376281433025567,0.016578839812164285,0.05676563320741314,0.007236567830337646,0.1360053791754008,0.0,0.013470771113006227,0.005081212781651785,0.00560794939862932,0.03037685141630832,0.011112751332785413,0.03275726904222545,0.08720966874345419,0.12813036551436888,0.12586171318898548,0.09163537597006073,0.129594749862277,0.10715535591571039,0.08570679634427607,0.06198752626282547,0.10746117652634593,0.08338465891872793,0.09538966708770766,0.1600051171354628,0.12453768853567175,0.13125243954429588,0.017871165743112306,0.004794010882302996,0.010304129249733665,0.009430531076161987,0.004985069424793518,0.04401711400687003
5.277,0.09953272214189463,0.03936840482303524,0.0197734331685902,0.10300386963037378,0.006770505666815523,0.12302865591232587,0.0,0.021139539209950375,0.007314601453644722,0.005860890804697583,0.032480097510616555,0.019451731550302824,0.04622214908538997,0.07537135387510717,0.11998782765271286,0.13049018598223736,0.09172627839882831,0.11469437918351125,0.1021726652955746,0.09865625105083377,0.09394143941807517,0.10415387910247509,0.08228039771765461,0.06677685703354755,0.16770963416096157,0.11154664517110749,0.15519762257613556,0.03244800299915074,0.006253689595007898,0.01014946560918684,0.00791625727132662,0.011301340879664752,0.1181855162784403
5.787,0.08002092132050435,0.021039197212821496,0.018478817198394608,0.10198349114674483,0.005944798829545073,0.09519490159642355,0.0,0.02934054578344567,0.00956728847828326,0.0023181442421498933,0.040746269284805535,0.019660654980822943,0.030102178293804786,0.04521820128139747,0.07790341676914493,0.09663535197553827,0.08848211490859899,0.08656258130780418,0.10294979788510165,0.08688505164971061,0.0537741688138299,0.09381503892428199,0.06182610616765731,0.06470502578893349,0.10556541486184656,0.10201364239174587,0.07556965108869636,0.026039677932715458,0.005696972720036906,0.006910502313142551,0.006876876056670458,0.00952047973729027,0.10108509458496695
6.279,0.07434138457578887,0.013214757596982832,0.010566575581056515,0.11705549218044467,0.005151523315208299,0.09389076311596273,0.0,0.004011232609478763,-0.00018920598976125515,0.010663973153613181,0.03202316942530316,0.006228828950620862,0.01982270882765594,0.054899479157982295,0.08415048201677316,0.06595222850275678,0.0869044995431866,0.08735097052852248,0.09343782247844792,0.06614687717297486,0.07035498029793576,0.09124022714981263,0.06587511897576062,0.06313610037908902,0.10337863080194418,0.10334480869740183,0.03837293565473483,0.03884604473907127,0.005147590882990898,0.009605108398457112,0.008337127522425346,0.007338159773562457,0.10623024486556182
6.778,0.07180627111888062,0.02055140905003882,0.00781930428270385,0.138798652491926,0.005503710906027513,0.06463518743483092,0.0,0.0178524416498987,0.0030806955701038865,0.01775224144983091,0.02288627010730763,-0.0011182930396080055,0.016603698047095897,0.058513266745682656,0.06351295041358115,0.09855851458158042,0.07939147721800995,0.08202617593056447,0.10593453231577174,0.06779920032341313,0.09706571967854265,0.0626543760565958,0.06492542174651442,0.055468521318882864,0.08037500364736208,0.06814948518876776,0.05904195030666608,0.042825309999414155,0.006759141311168321,0.007375880216543419,0.008226004800092142,0.011418361969753071,0.13243151078117257
7.278,0.060072724935991,0.011993777164175908,0.0075914317692909634,0.1269141932033956,0.005521829753785531,0.11234989891669132,0.0,0.009738407346377296,0.012346807555291944,0.010134342208462419,0.006809891461662692,0.006478573641882578,0.007604898692082542,0.07102097347631921,0.06355685116622954,0.08899855078751294,0.07271225585044364,0.07251923387657803,0.10388322095031786,0.031222789900232546,0.062295468083300116,0.05330998640309852,0.060684934643442295,0.06115341784926841,0.0382751451676072,0.120177339021448,0.024510330471444113,0.03416965506420089,0.008501158848966755,0.009669735103414564,0.008110290729474707,0.007857863668049362,0.11927320087691681
7.79,0.06552212760917854,0.006103741650675604,0.006749966469091609,0.08581066107944481,0.00539909728106822,0.08456634393779798,0.0,0.005643070918122933,0.009163470782940842,0.024004481273988965,0.004812359211690736,0.008579404606107078,0.004366224764608176,0.06252616695706367,0.059726775435950376,0.07730894549265993,0.09837868321807605,0.09113145963315337,0.12182251171110405,0.04137442496989901,0.07439234421657763,0.05286642858638327,0.04418805927700769,0.04818767827493791,0.08203401551904635,0.07944113207413689,-0.00634573887692486,0.038319500831814166,0.008816671525761295,0.0056173223376562095,0.004189037297370221,0.010237939943558379,0.1005893852887111
8.278,0.059075167191489475,0.013829304817880854,0.007845392791141527,0.08543408475334305,0.00517732235249711,0.10048710590147272,0.0,0.011312645618585759,0.013996131926219062,0.01362024702334924,0.007671396691131921,0.009562479874309847,0.004899545914480038,0.06185426262134573,0.06584524325583849,0.05328730314152149,0.07873322191497244,0.08275052956162006,0.11879523680407549,0.049301948218172124,0.08302933948779558,0.04224222993852021,0.04911902797365986,0.06505533728047201,0.030375855371639962,0.11012937714914006,0.026330333653278876,0.021800448172251987,0.006160898343979032,0.008845057985208852,0.006560246761035104,0.005641722625440587,0.07554869101041715
8.776,0.054113744527137575,0.018398924194458308,0.009301208281452693,0.0649106318535277,0.004556719828280904,0.13318987208711217,0.0,0.02094302231127008,0.022041493682570718,0.00840932791867831,0.00812187822510294,0.005192199694938943,0.008648665041299934,0.05044746597592436,0.02933669116156653,0.06655126844029347,0.0743698323328147,0.06810035383536095,0.07981039369856577,0.044632118586668074,0.0847756206156895,0.06313081804011507,0.04940820428709277,0.05545406668309872,0.05472404102772986,0.11476259508008937,0.053337178922352464,0.03201127232743907,0.005843256734914105,0.005966140444911675,-0.0015045101312648466,0.012261077759850872,0.10469183261976812
9.287,0.04878477305485448,0.018077547448738567,0.005630326447333539,0.05773546197765515,0.003073631524565558,0.0787849287472037,0.0,0.006848431412885279,0.01428100538279249,0.0011672426468189122,0.004872096554546485,0.004386775812954197,0.014938166191237476,0.0551329279426165,0.05494201105703341,0.0735067962420008,0.07522262720722543,0.03831178314533107,0.07925925331995598,0.023193764367811214,0.054813655287007115,0.03918314173838659,0.04258036360511374,0.05066446315346211,0.030063221123807424,0.06335097659511528,0.05252723917081851,0.02122246204328196,0.000707279398117164,0.009459489695644528,0.007395354635041153,0.004346568305755374,0.08436183923038437
9.777,0.03271725023680141,0.00804748204406421,0.0060450656985423295,0.05897449404657704,0.0034151581546394113,0.10053235571578982,0.0,0.015962815878520796,0.008203469576747826,0.004664314150708587,0.007302441454866825,0.012715303604447283,0.012984413600134432,0.041780076174276926,0.04426652974312319,0.03928895045829404,0.07057178890191003,0.04088098457864849,0.06266668213046335,0.014893909830819533,0.07160759888706789,0.019815154810352172,0.022925682422231745,0.032804776682212676,0.03884018135138493,0.09016664264943876,0.02774421246150491,0.011869077500116556,0.0015542668211174235,-0.00035423047789275903,0.006291983592922866,0.0024833056277952337,0.05951061428481366
10.288,0.03047066594379316,0.01085020885528224,0.0057021066177672065,0.006986675007476964,0.0021394930987002547,0.10892817271662367,0.0,0.012272372534644043,0.0038472461170076244,0.005265543266335761,0.008257780217696265,0.012436656180461842,0.00859132555414894,0.05722835346301433,0.024721876509316242,0.022554628815392712,0.04643808628324362,0.05018246643919456,0.03801364221371873,0.016046574337338648,0.029603485034386215,0.02663207884905242,0.033531627971602695,0.026431532227801913,0.01740566274587607,0.10728330279548737,0.057386514738533005,0.010422007972509723,-0.00026069412448916145,0.0056540405166226404,0.004923260591763816,0.0048982509771167025,0.0006521358051937112
10.778,0.03280673862364181,0.014789642127279005,0.012677724201033273,0.07831532159218892,0.003212255899922411,0.16611960506237183,0.0,0.008594683403175695,0.011302076602156218,0.012678703335936858,0.00770008426673261,0.01628914802271945,0.03161440617013064,0.013177623984617453,0.038122057881779844,0.035230412635076314,0.0335998668920265,0.05877154094248143,0.0482805839792879,0.03465596591296396,0.051956790856855395,0.035863430093184386,0.030910064840987416,0.023899365278222215,0.04563062224506887,0.14557717780350812,0.06402112091934463,0.0,0.008544980912380082,0.006288904248268343,0.007971113752771422,0.012066017479120261,0.0408585439077293
11.287,0.027030019377961588,0.007906002445369443,0.010580428219614886,0.05885832951463177,0.0021334577019762875,0.13778746355535432,0.0,0.003578056750530632,0.007050652887072287,0.008077167253860889,0.010660237049352365,0.019007511133606325,0.02331244891856593,0.016295853210973408,0.044144043721313524,0.02174647309983507,0.03397470671466706,0.06195892219486281,0.02966343713798759,0.04678372827023327,0.029390042319627788,0.03147208377219094,0.011043127769523011,0.02863990267269535,0.04839537021183313,0.14685803473503056,0.04741944872561361,-0.007713228504405938,0.0015238570976173272,-0.0011393185341538562,0.0053656346715664025,0.0035818291780061223,0.07232914641863149
11.778,0.037165781430118824,0.014353481825634961,0.011141919384567787,0.1036206843536303,0.0026339722664830492,0.12401138540220835,0.0,0.024135084339955953,0.011644578408478311,0.017930079505215173,0.016671415559519343,0.011725056780913798,0.01807546552073529,0.05135701409700322,0.0651646777855799,0.031584755091663384,0.04301124904618713,0.05145666431445785,0.053404321334189465,0.027759400867176057,0.04731136571125481,0.04937212154115436,0.04178808747297235,0.030452841110390753,0.07157745318430035,0.15010315213043365,0.026969438867918003,0.009379663870575882,0.0039009492522817063,0.005691694768447902,0.006936142022544048,0.005460160114576194,0.07191429605622791
12.276,0.020817784503695716,-0.0004905071047800598,0.001872822843034107,0.042838704188969456,0.00119251630629967,0.09322818107714087,0.0,0.003315071305613112,0.009304713770891343,0.011045739285254675,0.0021181728603252696,0.005275655690577027,0.008749028878825647,0.020849645784395007,0.0019124949272085112,0.023806556085068483,0.014769650888821855,0.038807137897733074,0.053594426307224205,0.026227753927429393,0.010907469761000845,0.04072526238069371,0.04300222474485381,0.0344935144205032,0.022003013372143023,0.10519675524406065,0.0204337809513056,-0.004857438019066982,0.0022878313563813577,0.0011672423970924969,0.00013437292532279154,0.001889332024668063,0.05026804345144808
12.786,0.014031100710464098,0.0033669708604323733,0.0018231839111416,0.07062051461190248,0.0005094932757684666,0.07993414284973575,0.0,-0.0009693059756006952,0.007275815822217983,0.010579965159751618,0.004743604329663127,0.004996161481099876,0.008244723558289877,0.034337837051374734,0.011555011482952534,0.010010017844504221,0.03326475960129609,0.017480573340794822,0.009834984688188681,0.004314369820681813,0.027815209976236814,0.030411135595018887,0.030246133113274818,0.015430142546401997,0.017226031711463422,0.07543571320214927,0.05370978568802647,0.006828408437343811,0.0016193276355914886,0.0036720226332738063,0.0014454732277602072,-0.0015789091706423933,0.0613488031810738
13.277,0.013174088170671585,-0.002085926237436706,0.004884761570096522,0.023269035332105024,0.00030237824463917666,0.07270980308941018,0.0,0.024710431993631602,0.00593904431513369,0.008208482233031755,0.0043854710229708025,0.006156560540657186,0.013251067094782335,0.02290239536568762,-0.010561004670165047,0.0006511036359128416,0.018847183143670516,0.032452556897315396,0.029783111724582388,0.03548925711484456,0.02253624772293327,0.00131979789752801,0.028093553383487794,0.00828154806690486,0.033876598603323586,0.061367782367648865,0.04675196103927292,-0.01126286373219196,0.001714420943603405,0.002006590478540739,0.0026596714102074146,0.0018708058105919299,0.02756235694780117
13.777,0.01041289186397185,0.004993145801656517,0.005332091089100098,0.002904503904211195,0.0011399369531030555,0.04217093924683224,0.0,0.0007087384267343747,0.0029840073353514787,0.011421585241060772,0.008359562015297167,0.008580380059017102,0.011150795581182994,0.012751168618513579,0.009215729662349549,0.015798548836163957,0.02625172217323605,0.02517415658417286,0.04313643309109375,0.014903801368815806,0.005286481531596098,0.02412974440295458,0.0119876195897889,-0.006441563989470034,0.03325189165642656,0.05573361129694724,0.04676979014863052,-0.0032407380607353212,0.0027614750855217926,0.007537532097457385,-0.0003393647436017009,0.002231435139779085,0.0045921786387844625
14.276,0.012641587891552609,0.005188609355758745,0.006945387541133257,0.05339834266165634,-0.00012457929025510133,0.04026663320517171,0.0,0.009460393417980328,0.00034059285386651945,-0.003205779411769034,0.012872189813810454,0.010646962000039617,0.023134788074916236,0.02646751503732095,0.00982156237769649,0.014799759634716275,0.025279806902169546,0.05169405970086455,0.018932763978635345,0.03215011853857803,0.0003728403474548947,0.013566559166532608,0.011124749523347069,0.017125737202282686,0.029467301189459727,0.03942841991513444,0.05127801210849515,0.013693689913524093,0.0019037399366515241,-0.003326726055627011,0.002451669709629646,-0.0006588657026379297,0.021370347923978048
14.775,0.016040125478493202,0.003935267695933769,0.005540446548964258,0.022582892680005275,-0.0002734303912649304,0.009291368118435304,0.0,0.00906219070692042,0.009526872988052437,0.0006482904942305375,0.006950040450114602,0.010160795044540559,0.010772985541996023,0.020079450238731224,0.03512773583932336,0.018375491909678462,0.015288980947773085,0.03264188593252833,0.022954220749147575,0.024805599270550618,0.01768477124680235,0.013918985074593894,0.01855864791286681,0.005008638952988279,0.031670781230656996,-0.009439502223389388,0.02617189361483698,0.01455506381558068,0.00350579445651959,0.0021395992305561465,0.0001920201910828127,5.1355655607661725e-05,0.0535105897601754
15.276,0.002908120685358624,0.006113943583080801,-0.0007458013962934925,0.032253620670185716,0.0012162304654336404,0.03217477458673606,0.0,0.0030095631482775923,0.004933483795577268,0.004898559774092961,0.005188966708807785,0.0023293610799964212,-0.0017470683673866713,0.035420962360930404,-0.012812261434581277,-0.019930486608612775,-0.009827588081585717,0.01405506718150072,0.04529682115633638,0.009139510359658957,0.01596339017410051,0.023585834344858423,0.01375921314539543,0.0008929188718935626,0.00046694906718472434,0.011060611622965085,0.0007689148900428281,0.016606057025268857,0.004063880659112269,0.006410630533114267,0.0013506740480275013,0.004410624482743446,0.037066237695205374
15.778,0.016414441444078078,0.004552269742553622,0.0003784815793742677,0.07083987531378853,0.0026171270703717656,0.051664065094978645,0.0,0.009848198227885435,0.013051172666175972,0.007685358871415135,0.007621002985046597,-0.0016893986354019205,0.001380709125718214,0.03923971421230008,0.01757109051046226,0.028244167645116967,0.017347510720378788,0.0438255272341179,0.020991676899343805,0.031555246939746616,0.024940420574732468,0.0028897501131890514,0.023510316829082775,0.014766659825235236,0.04427019243746287,0.038561902471063884,0.009027972699564096,0.016318550529093135,0.004153084782305829,0.0009982976145015317,0.007604940849487844,-0.0006976613759112387,0.09351854893252312
16.285,0.01744240834294223,-0.0013786282570850648,0.0009173449797003108,0.09784198102968077,0.0007453404421482549,0.00015365058759975967,0.0,-0.001995558636546816,0.003875432589636945,-0.0011525164341875107,-0.0038541622117282937,0.006340047262709287,0.009153477773827225,0.047312600006108166,0.021832384539079753,0.0077395465160263474,-0.0009747501163993323,0.03142853057457967,0.05307330377241446,0.031164022669218392,0.00846307625088496,0.01680772963518196,0.046867978588432536,0.022102972861269374,0.006060899442682364,0.0003615084382269336,-0.02503949679203467,0.01606081761254991,0.0057476801057404405,0.004235551472503787,0.00500002846328709,0.000126862570465502,0.10527412047711239
16.788,0.01773795736353572,0.0005716974455923071,-0.0003441621385651935,0.02424627239312305,0.0018211516339651315,0.028094622527179557,0.0,0.010788180129472632,0.001988300850540862,0.003509210965085978,-0.0061346653628413265,0.0032814223759236698,0.008985552039812916,0.03220459721702691,0.02999793001613535,0.017567652375213037,0.04147002477002563,0.03856556808692593,0.020117905406262817,0.040294247972640966,0.019659163266438486,0.00014785242386263094,0.013178833654900727,0.016126457104924632,0.0265921285041271,0.018086507160782472,0.001936913919434634,0.021413969862964802,0.0008645294661086324,0.0034103692677231222,0.0035821627710556445,0.00013923535804787128,0.04528496237409344
17.277,0.02096878382214536,0.003607710302181345,-0.0017920080717907306,0.0003924316435792851,-0.0010609963104231846,-0.0086940267858699,0.0,8.486609413757694e-05,2.1410136803791467e-05,0.00540538418247719,0.00430820481727232,0.00012055954079707587,2.5860722284546754e-05,0.05845679601714077,0.014764374159978028,0.045171020948494144,0.013015476091659199,0.03112948841004486,0.05631453355121506,0.01829260108298929,0.023985691501076538,-0.0023850807501802356,0.031203144756824296,0.02014234641646097,0.049633500207768404,-0.0182060564146979,0.03455035521051123,0.01717163595855627,0.002347940338288969,2.925849536614634e-05,-0.00014143118121864742,-0.001306909043978872,0.04581189230907883
17.777,0.015409274361008921,0.008998865903041654,0.00023847227059586404,0.012827194875793129,0.0013392375579931847,0.011266962110584155,0.0,0.005255244333529251,-0.00016451828075106947,0.004779469657167863,6.0302883049728046e-05,0.002286383806035932,0.011890646771931954,0.051286740724810105,0.02226771003414625,0.002871330774118223,0.02302775561694984,0.050651593866255944,0.002359814904356579,0.01692505194386734,0.0033376418731415327,0.03653356558636946,0.023728185575337773,0.02256146691028429,0.009626167380032443,0.010843901665363137,0.04328243485665772,0.015212234093720134,-0.0012751679949361083,0.008747134905696684,0.002118975589283045,0.0049539641212706965,-0.005958335030077162
18.279,0.006308765895187118,0.0037942968149915096,0.0036086911820040583,-0.009546846856148006,0.0003710690651666509,0.012138589186509877,0.0,0.003006262871157942,0.0119019180767241,0.003210384058085493,0.0019876897643393175,0.006226650051990195,0.0069812171675304145,0.016793653297757605,0.030499295421620012,0.001955292258559648,0.021215320590010984,0.02409098276035992,0.019319021264008366,0.007188163403709384,0.012482800491879248,0.014967828931659868,0.0036003363653336444,0.007992951743903236,-0.004621754911361638,0.01931690675557475,0.030461000933611274,0.004439766801858103,0.006232426971136995,0.0005113003360316633,0.0006771541536200975,0.0036221792523170966,0.04148582020430243
18.783,0.010252476933756798,0.012312373695252432,0.004935398419155564,0.016294590586266044,0.0011816953799709416,-0.0003414224347739598,0.0,0.006021094933092611,0.012487135645200943,0.0007094107523534576,0.0028768021051579088,0.010802187781925087,0.013009052736995992,0.03258412196500086,0.02070857044262222,0.021287419732117438,0.03741687991034102,0.026235844032358662,0.03178061503009473,0.01793867394855097,0.01548962444083993,0.010883263844468846,0.0061013217310167955,0.019205410875418365,0.00012170662910213574,-0.01358882457903247,0.030624954001550228,0.019507593181142834,0.002144436972448305,0.007304588050302871,0.003952888240427415,0.004752574822346292,-0.004274650009126725
19.284,0.01899396122595524,0.008465837507375456,0.007494971933623313,0.026571917829857107,0.001027644444184497,0.03481294354187739,0.0,0.011672679696793701,0.016589320651417792,0.005924105277726031,0.00043603544123059073,0.01071530317868787,0.014133034428002796,0.026521390544612004,0.043719963569646005,0.004193558629935935,0.03288956016534633,0.04565953091041204,0.03519699519839221,0.02583465727000364,0.02431079076981491,0.01255394854321941,0.021047429617771733,0.04991337875509582,0.03363494458591326,0.016129336765736114,0.03961383569242472,0.0085728879818677,0.004564074703925516,0.006631197055887601,0.003905998306630882,0.0012114150099010405,0.034920303669629685
19.777,0.002957900319281498,0.011049985144953665,0.0011906045334829794,0.04151876709841235,-9.135723371677294e-05,0.022443408048260716,0.0,0.00984197127936711,0.006636668451908906,0.0027802037277934897,0.000983722575247468,0.007472220489096386,0.00043187186668937306,0.015657593666393643,0.024946850425337917,0.016080850880167558,0.03030818847207545,0.009844570004726185,0.014029509914375179,0.0005367630130338819,0.013430556081867561,0.015060149635692723,0.01063807807672007,0.0011459563920284107,0.015218295525289489,0.008118584945928356,0.04210745211814698,0.023621661766903407,0.000980457568756684,0.0021178760054617507,-5.377372584633404e-05,0.004775039054453796,0.0462337878969567
20.277,-0.0005417447389413617,0.0009498213963318616,-0.003333371557590981,0.015118653583908716,9.239329884295733e-05,0.015501748050888088,0.0,-0.00531558034679724,-0.0048051848227577704,-0.0013672329715635676,0.00664049099293039,-7.008956576906488e-05,-0.0008626628781779407,0.024935363436833804,0.013874274518962811,0.011262206154190284,0.03390168895583694,0.0010086810410723979,-0.005816738361836019,0.004385805049756775,-0.002628178587663059,0.027445896012867236,0.0002900479728257156,0.015848209272214264,-0.0060652970458179144,0.0037274399276672884,-0.014549985846625578,0.02017232852741922,0.0008295418095057588,0.004048544733765316,0.0022608429492534153,0.0026363077971112863,0.05031793826600585
20.777,0.013830977668484368,0.01738764880547169,3.624623731813731e-05,0.09252764090723721,0.00047344362104086233,0.045206899841339666,0.0,0.0047395342500232175,0.008942854215174179,0.0026063808638905344,0.0013951333220152823,0.0029619530515446794,0.0003773743158512559,0.03157614152407523,0.01072437084567572,0.008865772300098067,0.020562750123215002,0.03483926168688882,0.002944548441673177,0.011206108573539634,0.02342780782257668,0.016802947962025944,0.020243189869009,0.04330999422825765,0.00338821723872067,0.030954024064940175,0.06841087513752181,0.037506243543841085,-0.0016047696111718673,-0.00010533181605821856,0.0047393109895778685,0.0027727109237808164,0.08469026765901927
21.294,0.019735556085827523,0.014597379617219923,0.0022378468038752137,0.057592144132451846,0.002996539664931227,0.054950744368483816,0.0,0.016415265958077463,0.0011445190519847044,0.014071121307781705,0.00789685911358346,0.006152072493656758,0.0018835689641573587,0.02357327795185475,0.020738302628630627,0.017569154214709337,0.05765662093232891,0.0422957516077011,0.049678611150541216,0.024805906857055665,0.029538812106922493,0.028587591039040804,0.03009333314293391,0.019376268466308667,0.04430998843424629,0.026001000817913733,0.03762440933852081,0.03392440420194889,0.006410972466510361,0.004411209686646143,0.007034049103372198,0.0033367296276898798,0.05907880740683123
21.778,0.004620760077398271,0.005941564788184807,0.001725606038789402,-0.005355544073501389,0.0024530084308587346,0.008297794939595962,0.0,0.01124638550707684,0.0019542519738117658,0.005670422510387424,0.010203319023018272,0.0018075716713926073,0.007727197071204995,0.02747398345739841,4.071717556272793e-06,0.00544432966171876,0.02534597942253348,0.022770855125770456,-0.01336911817425255,-0.00021393189939083426,0.0013062902536393087,0.027416601974204643,0.0020615600049893493,0.032662668371809866,0.0200834267629582,0.02165265919178852,0.029698165141135633,0.016629520020435835,0.006065555218251009,0.002828155778601821,0.005511182265353442,0.0032861354522599217,0.002550061425785233
22.277,0.01778536562807619,0.011790396509177901,0.004152331925938233,0.034059776550927685,0.0027822988173717782,-0.011879907833955237,0.0,0.006877065739143502,0.003504802840966114,0.0014111019064799004,0.004821784082275848,0.007378488731050115,0.010994807944386495,0.03046914924381755,0.0278447758554634,0.039913797839480486,0.05081354865391984,0.03212770956095352,0.03934239455750404,0.009223010224930226,0.014028561546598465,0.005354385083712216,0.018987402878515663,0.03289581876821661,0.03881520436803946,-0.014312849960902575,0.0887490890860165,0.0007245750257177708,0.004519469594134327,0.005643360616758066,0.004894856594392974,0.0026206493540371838,0.04263590733335945
22.777,0.00910276534868432,0.0031710207443592345,0.005627749803215488,0.06958972865645938,0.002664739698233072,0.022458901274154744,0.0,0.01536465552073695,-0.0018433562611473496,-0.0031355002535096445,0.01286658654532688,0.004432508989560178,0.013030320471634908,0.017605386290806983,0.027957258972233393,0.023193833717728877,0.032861438394478464,0.02033484087397681,0.007982153237958757,0.011702952072377206,0.005937891559729835,0.03779600151503494,0.009572248406139556,-0.0015333019562633566,0.025705746165186432,0.0251831568405758,0.048211651224473115,0.0007809864424008017,0.00734054037621589,0.006966147957317541,0.00535329459572821,0.0005802774852460452,0.055831869517159606
23.288,0.0024004133062978028,0.004783683240727372,0.004740871287735742,0.01894042571401813,0.002324705835174376,-0.006190150700118702,0.0,0.009657509752815537,0.002119087079538844,0.002097946418791085,0.009606889686362101,0.010134617639751094,0.0034830696056193065,0.012519255245075389,0.014135383189097713,0.020585862949631554,0.022908760565235733,0.00894554945152791,0.029974063447943147,0.025990151163547442,0.00044453053786614155,-0.00039574943431475927,-0.0017634877990730451,0.023814163625274016,0.018725886949139407,0.002715854163750294,0.047138802750813794,0.010412277862147422,0.003653218859247269,0.004130357710538392,0.0033983010859942654,0.006878260716263152,0.01914222651634819
23.777,0.007522824470821334,0.011031297362222407,0.004317449093248313,0.0859087318282278,0.002952726897208658,0.0031134968172658217,0.0,0.009354582932960811,0.006788381505513056,0.0015652121651433032,-0.0004964472429893324,0.008976196218997487,0.012672849750984426,0.015940469497636976,0.01287963131277541,0.02219797350261246,0.03012678321862267,0.0232611485313852,0.021471593501410525,0.01260653063922325,0.010014694095340561,0.016543888175779398,0.007427013932507016,0.0212164744695468,0.0268732303173643,0.009384635706241847,0.031123926592471315,0.029447803374793437,0.007229084151830527,-0.0008133375131301811,0.007228850352999632,0.006255135979426903,0.057874059232861666
24.289,0.008463768444319808,-0.002601815779279278,0.009546200456422438,0.016696184653447216,0.003639365995749485,0.026187732948983685,0.0,0.016083574912106914,0.013295911601694677,0.0033029493656640215,0.009570102044805504,0.018775284339328936,0.016534733520548524,0.018959043503551095,0.03618831387508075,0.023428673289980207,0.014322610309745996,0.030529079966226003,0.025476206488200488,0.02776961253433994,0.006634352146415969,0.018305361608883082,0.014689750364496724,0.01290372834845239,0.020531973957531976,0.017675607454258013,-0.0016745997212759141,0.006939083602371827,0.006397230941278382,0.006300023192873146,0.006648790938486934,0.005751524558724018,0.009897329665223158
24.778,0.011013871662734086,0.012260636308124377,0.006434935555810257,0.08437084332071128,0.002597882378963324,0.023070734880532216,0.0,0.01055152758490884,0.002117354702507944,0.005070333243371529,0.01966032632490324,0.009866501888831059,0.0015303887660526503,0.01576521791932195,0.033356459759619296,0.009863725145754834,0.033184439291422146,0.022253427756136295,0.00012591847173887844,0.03578317782926935,0.01716690916213325,0.02348676774866979,0.0195607462978012,0.026197611360701922,0.04550303330188427,0.034007431676605214,0.045862702766407304,0.019951880690062474,0.001659175757637035,0.005904881292213481,0.0014873764601290914,0.007259908963130749,0.07707619724454737
25.276,0.010702164868865572,-0.008275147844672854,0.0024994819921164008,0.029013532945307563,0.002382617958483946,-0.007588844573625704,0.0,0.012861741997703138,0.008047539055242907,0.011410351682174575,0.014788933769579201,0.004612583337355574,0.004773062564052128,0.03500951410291015,0.0027953467556830055,0.02540361749930549,0.06190699981876077,0.01336208050689906,0.014519841983222271,0.008697850515040996,0.0028054511568942724,0.02682519038437696,0.001299921911774809,0.0038647509930581727,0.06792152138944939,0.0015408276513973478,-0.013400936768269683,0.005449563294053046,0.005126875354832737,0.0017050144155375225,-0.0002706535839080091,0.004456956105240884,0.045929836446739696
25.785,0.016556112931523537,0.005208782503548414,0.0014833589122023802,0.08807525421215294,0.0023067211954365813,0.02938354313096402,0.0,0.01634351393693828,0.002270619660068523,0.009867081838759029,0.014026999459266797,0.0027028085350781204,0.0006144492484887209,0.033982861696784605,0.017500899019754518,0.020105941299334622,0.05882040052912032,0.012339782131765781,0.057820415760457114,0.0036080699849213166,0.0199372791277868,0.024691888943702337,0.023086868506281485,0.02261570197095505,0.03688565523448169,0.04256815736810785,0.035008083613640925,0.016260302908729214,0.003110156075606252,0.005690660910966887,0.0038576747111859462,0.0049551829529185165,0.03713025503581551
26.279,0.017759049540146007,0.015134600828611197,0.0030420458396905755,0.0374887728208332,0.0026151322737893996,0.0036143344477239355,0.0,0.011672167136246258,-0.00044945166507733063,0.006539179497744622,0.013357438764425737,-0.0003862879506136203,0.00879904815372216,0.04339307814723546,0.0415456194222849,0.02417043890156837,0.05314269148624965,0.026955291556183165,0.048763083066434815,0.015177183028162879,0.01734526772328566,0.0296320135534636,0.007884816270013768,0.031278292863779256,0.04174601300097138,0.016958721310484457,0.05867213982384296,0.019453651797834606,0.0005473835639965645,0.00383109479709197,0.004689675258073514,0.008313122120130436,0.0440231848954895
26.777,0.00973334628956573,0.007515092950808439,0.0037584262427221523,-0.004316706647691893,0.0025138384308278205,0.06789226552637301,0.0,0.006604423652875624,0.0023082155107998063,-0.0029616525204014584,0.00015512051114662532,0.0078044743895853,0.019092568148583237,0.0311888875890177,0.03120575058053161,0.02915306824980219,0.04749276053052632,0.00440326359427148,0.029232737747801548,0.014236785387860091,-0.01088250523621235,0.01555683171306639,0.0018539872488843934,0.0030255967143205473,0.034254056187848735,0.06750051111720433,0.034500866263782376,0.008169455911888952,0.00704395500394451,0.002817645690920879,0.006855115974895887,0.003555890360582333,0.020681787190879628
27.287,0.011101100206890938,0.012176539358666064,0.006107161247409425,0.03849967711108727,0.0025656698033225886,0.048969303683599495,0.0,0.01116283820442045,0.0002538219661646417,0.0068385794657319764,0.012697676836592233,0.010981251266631176,0.01919591720878141,-0.000399373021459298,0.029247699158865485,0.04120231258529698,0.012095312681127915,0.030481969966408902,0.04481694889456975,0.01383583127792628,0.0012598331209806226,0.03463144327020964,0.005966555406658788,0.014270655959819736,0.04155906307855658,0.049852006520848716,0.12529246845098668,-0.002338256531182831,0.001047539819570015,0.0034830653513866633,0.004701046673104721,0.006175559712005053,0.04057182170349255
27.777,0.006423261405259364,0.009436601152659244,0.007382833631957679,0.06373332211860232,0.0031890341992442416,0.0467186676143708,0.0,-0.005556852362125638,0.0007836537312127669,0.011950745644221872,0.010717829359278903,0.01345272407902605,0.02193421410257348,-0.008991660934112529,0.0343478150226265,0.014117958254889745,0.01351417939354081,0.0460151359546623,0.0014824374545894471,0.011843487086023008,0.014217511164551794,0.012448928746383245,0.011973422287860244,0.01849177896807339,0.013201464343252811,0.048014389227890496,0.023188038654537238,0.017012965790252316,0.003079998975641995,0.005614531440074376,0.005593449116822121,0.007242123694830511,0.03593977349511412
28.286,0.011197406567522935,0.008806162325423654,0.008963095066808877,0.03570255613617536,0.003129818627794508,0.03341833246713713,0.0,0.0031952909939307645,0.00812018923264812,0.005824549075729453,0.01922757742726144,0.011038842285059124,0.020800996290065772,0.01818353872703445,0.030229583189982805,0.017491983377593355,0.002704638410538512,0.0552252064044306,0.011971123521914179,0.019824628158077177,0.009464414381653572,0.023548390838499064,0.008489705850161495,0.012469760583379539,0.02797552038429651,0.017910086460482446,0.04736187734988087,0.008971038988683639,0.005032950592044164,0.005501675939805531,0.00601377776648758,0.006498084831672574,0.04044646517984835
28.779,0.012546454337971028,0.007219451783241265,0.004048435299923387,0.06580308898561556,0.0024688091907526747,0.02338972387877072,0.0,-0.0029618964677908723,0.005434993406107334,0.013774709209903471,0.011173653473629388,0.0034836538453257,0.008276174167667365,0.025232770837726768,0.014815758397292022,0.028156243002723222,0.022116862196078873,0.04800684878437501,0.032277047420489556,0.00808664199807777,0.020774061609825558,0.015376527200483638,0.004178994517740432,-0.014606664610262287,0.034270403078077966,0.02757979661243984,0.015162806396642463,0.02195484112084392,0.00697918125010839,0.005174611949552353,0.0036476546637867523,0.005475185892499615,0.050752654115655764
29.277,0.003459118779666322,0.01602182636398324,0.0016844915973703112,0.058523788976850524,0.002710932644998544,0.007315264559609004,0.0,0.002417849318925591,0.003699755139858163,0.008463940542377734,0.0202628395233095,0.00010752170115535338,0.005319777661186157,0.030444366569361673,0.006703956016444465,0.029771715367484686,0.004136757212238444,0.0011546058676592528,0.00735364550695679,-0.006048155033818513,0.004612686860086393,0.006623812145793915,0.011715693655741446,0.01440202553269004,0.059963973286972526,0.020564152863388883,0.028098864626654743,0.03494660076212562,0.00313029834538059,0.006654600503703061,0.004687855659765531,0.00547516077572786,0.013579388231062427
29.776,0.005221198840268031,0.015082764236525782,0.007991482344000912,0.063234953119749,0.003575846403112258,0.0016348069033518427,0.0,0.009357486412698195,0.004283487902312576,0.006106078813863193,0.017338031142142683,0.0019389877709959447,0.024951197204944695,0.006952747695331306,0.034328967755462646,0.018985117750031966,0.02508429688238868,0.011087046991008265,0.026597005952188852,0.01841209679688555,0.007338491866344479,-0.0024520311012611183,-0.0018700443001723635,-0.0007006247623117287,0.023732487998083498,0.006018918254346513,0.10384161344429278,0.0023929522835714812,0.0032822242353307894,0.0049276623128385235,0.0070761363151214925,0.006990364976256365,0.05071282884455771
30.288,0.005549505685892902,0.013505669503533548,0.009551553474574197,0.024510123801764278,0.0033373226646166124,0.014900159139883393,0.0,0.014868693920599025,0.01370081992870388,0.00990759244890713,0.017349792875889895,0.011453216456436432,0.013078184885759396,0.0015158022941420314,0.010261928445530824,0.02783753081035696,0.007657122286857102,0.012523813881598164,0.030735301890332405,0.011839118398487891,0.00905867226116512,0.01499637179747394,0.006489142743643322,0.010868973804683577,0.03147878705929981,0.01823349528470443,0.044077865110519227,0.00902633482454628,0.008957299840241545,0.007324526771346637,0.00241438889065442,0.004537799444926763,0.02872734556367578
30.778,-0.0027512588681060986,0.017224066377295306,0.00544606754835879,0.016118869480211854,0.0004526746103431166,0.03896957116962738,0.0,0.022195865922717047,0.00848369453016011,0.002279606756675211,0.0024138013436359527,0.01013367217622264,0.006335915485923338,0.001038490346996721,0.004720763717955748,0.015945368866363194,0.027948220351037147,0.02686163336501143,0.015161797087280155,-0.0015094189834897404,0.005695540109790697,-0.0005448813027493809,-6.610735426694087e-05,0.03151457159941572,0.015218408893721152,0.02561400149457753,0.07388625181134334,0.010352465641748671,0.00410168370774974,3.0573501201964426e-05,0.000920997126815821,0.002089926505115085,0.012516488582923332
31.29,0.005113814611448632,0.011304210472719518,0.007825669300246993,0.0308653711436908,0.002402685606447493,0.043785924314159855,0.0,0.01170722134588845,0.008774326301443834,0.003836480095835187,0.013904925555618279,0.010711507038659333,0.01877024298744281,0.012189070097912251,0.036541380323514665,0.017723340577417177,-0.0010312552121442672,-0.005987309632759492,0.020226096946409738,0.02985190962569426,0.00570198013891968,0.01767744331814,0.025208534067856156,0.021842970931032997,-0.00630675421921115,0.04429932382263213,0.031147975169706077,0.013612091181836426,0.002895442478264771,0.002439020188694926,0.004977876330709412,0.0037071424326187764,0.031178413734476176
31.776,0.009124327465750787,0.01698832472672283,0.00703022875625719,0.056985803494197504,0.0024031308723217806,0.05701119745688412,0.0,0.006410713134533323,0.012207056584120858,0.008870762972150427,0.009758563871843479,0.017253921515340484,0.012158975766806837,0.012128963512129769,0.03340833385072041,0.04738534758748142,0.025257935464857523,-0.016823439815896464,0.018808961138217898,0.021113211206793634,0.01591859460124039,0.011504783633054752,0.01651351422356845,0.002088092484659848,0.02346567798643044,0.059767871349193695,0.027180864083689388,0.02519266534904633,0.0029657183765825846,0.00736376017973148,0.005019713311748845,0.007726405226994297,0.04119507569373298
32.276,0.010467840564140997,0.012708324750183703,0.01037099627149563,0.08941890377440952,0.002757765403252267,0.11269937325923637,0.0,0.025914146672225975,0.013645550376282262,0.010963523551264821,0.015289748539145658,0.01007942891492511,0.011006210202109894,0.020170875276778417,0.00957947843122562,0.03487189869206553,0.025879118954463244,-0.002308619391874728,0.0011010397423168094,0.037450982755879735,0.022247687792980222,0.015582599078876054,0.01155607724493675,-0.00024119738228153375,0.016875252427423586,0.10354334990901948,0.029612777677377248,0.026391884177292175,0.005456627137759471,0.007657338808219499,0.0021237052789544915,0.002055047216264633,0.07742491028587724
32.778,0.007403406827542511,0.0082124169111369,0.00554426928168831,0.1214252134324331,0.0028982116450377575,0.07827742739748414,0.0,0.01104860493520662,0.012772942458492595,0.00839462068073975,0.01010402878950891,0.0026794597022876555,0.00995998286415665,0.022568181779435877,0.004773497531307888,0.02536939760415621,0.03864123646479338,0.02924113862859455,0.008627146444827384,0.012818999549569887,-0.009559067073691295,0.033422416907853955,0.018219208283183304,-0.000161310344493753,0.017817680256358524,0.05957400052224324,0.035378366395388904,0.02451191192825479,0.004197586692112215,0.002800282476403503,0.0017611539368121458,0.004052408714938787,0.10265638686216853
33.276,0.013293288877989112,0.01818279622435613,-0.00046204376078936416,0.050340792047105065,0.0013499473816019822,0.007250483872560357,0.0,0.007042016259640419,0.004560502834735738,0.006723071954680468,0.0016249830450962026,0.0026140510659148734,-9.60765484835168e-05,0.02560025080568848,0.029884867876324432,0.028069292959378784,0.03814514895444229,0.008783535509784742,0.011845299205806565,0.008808579814894912,0.03173260085669862,0.036061897659672375,0.02425986380828681,0.017378493673300688,0.003671073566244716,0.020214211993164484,0.037181556816467856,0.04445794446649955,0.0006538916221168106,0.002557013191176163,0.0071381400227245335,0.0028040727110237524,0.07564714467588561
33.777,0.01629455026837024,0.010683539416499223,-0.00020058446064194783,0.03838117700021611,0.0002914161792927046,0.006818789164317756,0.0,0.0017716393448183316,0.007732974981884736,0.012027113327971368,0.0007288817074837436,0.0015349590995686838,-0.0013191568473103548,0.03363936416597449,0.03174009124155991,0.03778141017959117,0.0496105359738578,-0.003687299655287579,0.0056461803169377215,0.012105714990726648,0.03791282473850716,0.03816415410054388,0.03266663522288662,0.02072073677770055,0.014134390495786214,0.003213344476148969,0.015598358067628161,0.03618652055105636,-0.0040607348964969555,0.0008760024992929051,0.003967691762051519,0.002295768264826639,0.03819432964549026
34.286,0.011946206848844893,0.0007805467208911011,0.0008628282797908016,0.056525092121290456,0.002411452784312545,0.01061637159482659,0.0,0.007244000298914404,0.01290438548826667,0.013471233302995968,0.008341604667555699,-0.002972908292217128,-0.002663077634928266,0.02351820163716221,0.012027652187747135,0.02368942650168227,0.02915544265109176,0.025959125409318176,0.05469547080779475,0.02593001584513077,0.03854219407078451,0.0002226090568020318,0.03227775363854137,0.00710208192153086,-0.004426414310832709,-0.0025314876763173942,-0.0028939957353989044,0.029615163459568935,0.006785459998684456,0.0017119706157076662,0.005095559644006965,0.0013531469191805378,0.07517963743285834
34.777,0.007922411534794022,0.004286039987870241,0.0002753590523919765,0.00861805636441737,0.0005444472399752999,0.021847168437994204,0.0,0.014313907548824436,0.0017366268101397361,0.008806030950146634,0.008127129756624262,0.0031857884034236575,0.0028083550747094914,0.013585253222778272,0.011103592960796986,0.03097715558150075,0.04721709560587487,0.0243038900145468,0.03467269369147169,0.0005283763983580617,0.023217570387584145,-0.01098044695996929,0.0238787160918181,0.008501481822728625,0.013102406054881709,-0.004890936883928289,0.04855609299210051,0.008029267053937928,0.0025934400673382507,0.0002158832482899524,2.3031372285906327e-05,-0.0013492792780405167,0.02668730690898322
35.288,0.005389967674274597,0.01628682708639085,0.0010439829782655482,0.0003345707480726847,0.0015807031399957597,0.0053029649652817,0.0,0.0136357390967601,0.012479493976877172,0.018771785610955393,-0.002862579395544248,0.003632915021420231,0.001121156432649048,0.03760622109896846,0.010923693150137416,0.009355758805039211,0.01899042026349471,0.0010493759944092426,0.03215185337090458,0.005056608885393546,0.01783251964652367,-0.016535013301670325,0.012442098503211008,0.014483156157622216,0.016527290009295897,0.005298506919223687,0.04277887879830637,0.019192932137527294,0.005271955824623877,0.0018208936982090757,0.0060889894648933195,0.004594331991879965,0.020411490482695003
35.778,0.0022866119877659936,0.006130296504344504,0.0042830710988145245,0.038400639951297194,0.0015285272659472586,-0.00019218333400448578,0.0,0.01979946898018855,0.008411765542797807,0.003822593772027679,-0.00405560742525899,0.012148956983495877,0.006650717895348528,0.03004934838491083,0.010041819391163546,0.021170093845564668,0.004354733834391496,0.02330815286436583,0.023533593510389587,-0.008530987841908028,0.03232839410592926,0.013723866420629881,0.013511653256477464,0.009262373701529348,0.019084532100867687,0.012497561629619739,-0.008220204209783956,0.01741433330664835,0.0074272595350160725,0.002532769689822764,0.00031690346125304867,0.0017555530555446752,0.06852731473646503
36.282,0.0063423078747161885,0.010985306034302422,0.007641754216282687,0.047792302139656684,0.0021705146535719367,5.338311951835897e-05,0.0,0.018980174662443085,0.01485899517947008,0.005848157674276367,0.001509542341060752,0.00839730087230858,0.020910987305302994,0.013994821801889752,0.013259973587401068,0.014805742168329786,0.012335621360685467,0.002251201541094748,0.030960460484750638,0.022136995009966617,0.013719324574705156,0.007196099847246852,0.012303449752962508,0.010380224452912822,0.04299431389125547,0.017901505717932285,0.08858363867262921,0.0033786830644517386,0.0011802515517836268,0.004006355095414402,0.003858034003018319,0.008364682530822466,0.07682813995580616
36.785,-0.0024695157204874664,0.0006163339066905373,0.007212386528125097,0.005616859759955914,0.00015691513472805837,0.028188012643341708,0.0,0.01787210813296037,0.010658193023833888,0.011656442493616368,0.0026947936931584625,0.008684411719379174,0.009343530162061645,0.012442206224436855,-0.0028416789552563964,0.004685235356477897,0.007668708335365268,0.026370335520646077,0.01498371472194865,0.0016384624594250833,-0.0010403522073208589,0.002595217152650736,0.013478009183811807,0.003513231588602601,0.004547066735219807,0.010961723934898866,0.020896366514169828,0.0030110174722298845,0.0006229903724303029,0.009186000389108573,-0.00021117517853829675,-0.00022815861750015112,0.0004090206091974241
37.284,0.014357382230573121,0.012596843256426677,0.010387397897817702,0.036329304903979356,0.002038375370881396,0.024602081163524202,0.0,0.015286906113348129,0.021409927205490974,0.00861246350661072,0.01637965051942318,0.014251442898988581,0.014164117082778005,0.001635572812990902,0.008574535832972548,0.0094812727016992,0.011487805155484376,0.021191717026083186,0.03741908231280364,0.03784399872625413,0.028061260161929998,0.01792730772616409,0.028184703402083386,0.027081670752275702,0.02775080173153567,0.03742655513485543,0.03483940479370924,0.021150273064348753,0.0064181264807048255,0.0038460702859286406,0.004797056861736316,0.00847714509610238,0.05952266826390368
37.776,0.009448720525483675,0.00449741861587112,0.005079643644297531,0.07368750335850686,0.0022944936313383448,0.06230569623560018,0.0,0.023184974216654535,0.009356475555774896,0.016277729233639432,0.011032232685554645,0.0039776059729462,0.00804529539871327,0.03440087871642356,0.001105097371488654,0.008862415389052228,0.030644241085598437,0.04040597949720341,0.026306903564193216,-0.006719262936524869,0.010935246055996531,0.01336386712881812,0.017831648237312106,0.03260229019720063,0.03694599933386736,0.07933093968960532,0.021119452619717677,0.03419714817219744,0.004680973203775187,-0.00036685922628441957,0.002075383597402884,0.006757640771015295,0.05702734637605291
38.292,0.0010494094091179566,0.0036051069791199894,0.004489066349517642,-0.025436101267542307,-0.00040349606072923283,0.05197954955790868,0.0,0.006376013179210385,0.00544498410275347,0.007576046599869666,0.007348625288647035,0.006731438421755406,0.011007666492918174,0.005986552183082455,0.003423693986714741,-0.006047760904309506,0.0016952905177557828,0.01309779187342503,0.020266432004535682,0.017884809523950065,0.009809703336218422,0.006014199176363307,-0.004737007973252178,0.01015783069936859,-0.004751441302062279,0.04626129151332499,0.005553181558468799,0.020032276184713066,0.005774419734730504,0.0023276345820602705,0.0026555139586768757,-0.0025364693166164843,0.012584267799261863
38.778,0.018829052407826008,0.01284638324495787,0.005371468482913382,0.117614682247384,0.0018568341817062353,0.11677837154347878,0.0,0.012199257807032522,0.0052370628696536345,0.012151548524484829,0.01780804127050145,0.003893154266452171,0.011264526964722849,0.015420859428695345,0.027515717430385056,0.011834548279561458,0.05407960385551243,0.015788770935992538,0.017319155573194866,0.021922226379681404,0.0331052391849857,0.02711062291894969,0.03760886927464825,0.025376577898349264,0.02312087556672785,0.1073559065658125,0.08835682394704165,0.01999560320474889,0.000363167396168111,0.001172138688209362,0.0036528122141919607,0.006015332362293116,0.12268187719042838
39.295,0.008175166012293508,0.018393507585557783,-0.0001385180123366586,0.07060702228787359,0.0009408436757122063,0.12083615562881406,0.0,0.021930345692752963,0.0012086745425795972,0.012051373385155812,0.004069308901124879,-0.004452815559389957,0.0014419789439385016,0.00498623007157187,0.010665386916984765,0.005802495644674311,0.03504725968457589,0.027817183640859226,0.011881704843991253,0.019448381082812896,0.022820363298401588,0.012679931971052261,0.01404888835296506,0.032942231377104496,0.0038899369502317775,0.11344092325477124,0.08540637904982198,0.02007153295051856,-0.0017128449913295194,0.0008696086797109135,0.005073696933319319,0.002277670353369088,0.06165235875288718
39.777,0.004927895023194414,0.01209519128486859,0.00964770181560316,0.03506304038234055,0.0011041981589744215,0.09079919673911924,0.0,0.03124647932486808,0.007420357633144458,0.0017136650280438516,0.009637529639419396,0.012488603473483007,0.017914589166522703,-0.013097048640272934,0.03829102859232588,0.006013265164207191,0.03749047377290415,0.028474157486057455,0.015914751142900547,0.04154336163942969,-0.0011105863649202184,0.008590796525155608,0.017815070940873853,0.023677133016493167,0.020246621706681168,0.0716029101433548,0.06963963668050814,0.008719187228699556,0.002747165822774091,0.002003386952560443,0.000724764659929913,0.0006903417879832774,0.028297216321384832
40.275,-0.0030121866014677554,0.00832891434798518,0.004072056469271866,0.002454522104234076,0.0010724425814322238,0.06889693591601409,0.0,0.0133043883855985,0.0015648199210063962,-0.0031990862154957804,0.00766577429294731,0.010612452597625076,0.009801492443490425,-0.001740273267808382,0.008796430101778139,-0.00889793167818974,0.014701024416191828,0.019592086164105,-0.0010109296408294369,0.014223967193612734,-0.007761533254803354,0.024805798476515553,0.0005917718390638197,0.006509628659722287,0.011332787375805446,0.07436210993279,0.03395502390514192,0.010287724486340702,0.003227197353330888,0.001464687862131743,0.002296853964872868,0.003600497689491769,0.0020727235326261943
40.788,0.002953943591923443,0.00444333663618648,0.006859087888287412,0.02868652919039796,0.0004413982396970104,0.06345776422647964,0.0,0.026230515146550025,0.0008803829375728578,0.0023210213672052895,0.004416001897184675,0.012984022546448856,0.011653036733277347,0.01754656400832034,-0.014045490207410482,0.0072004501099564595,0.009191456396287472,0.00599617884332748,0.026329795208360738,0.0058492879741731665,0.02975789604554139,0.024272478034262482,0.02352428001824879,0.0349338469275232,0.011151119649302686,0.051222845915303815,0.06221268528459292,-0.004370841562365647,0.004846267244477335,0.002566192388696736,-0.0006065983540160104,0.005585402173125946,0.0223231745952266
41.278,-0.007920605296913776,0.0010020733234159895,0.003879590405939081,-0.03131092629704004,-0.0017245829063108453,0.04207070332270987,0.0,0.015216309515776594,0.01171723786070599,0.0016681052870104723,0.011287561504533599,0.012723235834592615,0.008669133006305845,-0.0043066399836867025,0.008214284577606767,0.0028257920038416984,-0.010867501623383576,0.005204933052650619,0.0034822223760868597,-0.010559313036500335,0.010806232820173206,0.0004988268872467659,-0.022103259083922355,0.011431796161046491,-0.010971074758714262,0.023292253780092795,0.004859704677949298,0.010586927692192544,-8.029107762667494e-05,-0.00016781411952355207,-0.00030413519381873897,0.0019764788624343525,-0.02681794114457107
41.775,0.00976859539649967,0.009808870572021946,0.004673241073653641,0.02757070173645578,0.001590643935085943,0.08249132844065106,0.0,0.02048605665579068,0.008657160166419625,0.007825857973108688,0.012756328024597037,0.0020183001367500256,0.0013146916725354353,0.02141702974525429,-0.003939696817157372,0.0101012551185793,0.02261626279796467,0.02097609879889448,0.009691751240638877,0.023760898717024897,0.05060975869298935,0.014870529278493787,0.01295148314215543,0.031533040126019485,0.021949436438648478,0.0861767430357168,0.04882608598378392,0.015428717878120243,0.007654004799977758,0.004115013336987586,0.002656141999853943,0.005290028216176321,0.023623803896764183
42.285,0.0009603672246340706,0.006954482173667048,0.003294353914231646,0.05152133783249439,0.0013838976503963616,0.06439948142276711,0.0,0.012365981653037292,0.011337723609900997,0.0017467884845100918,0.006429183263348437,0.00032290494304630446,-0.0028790993371403217,0.024763455903370646,-0.028285379224494474,0.001081799367793317,-0.0025688492213733326,0.007166646977962683,0.01760268700427663,0.02400107548585766,0.046605074300683856,0.009238417348183838,0.01313492018053421,0.021212451554631133,0.01128541671316344,0.043107334601664424,0.01125877766490233,0.02611517548053645,-0.000982690333889336,0.0029104209413033594,0.0006455093938519631,0.00813106905000264,0.04811292001395459
42.776,0.012416185435343194,0.012116832172385062,0.0026240345736389405,0.08810778637177444,0.0025583662442530595,0.05873380928852018,0.0,0.0004565065218094335,0.008656723528686539,0.014753966737670949,0.00481030112288919,0.005491593134519139,0.0007142546308781153,0.03064985249360963,0.017257034927779094,0.011002706784302742,0.03205916782784848,0.03795341798907956,-0.0075523082806245615,0.015463182582400016,0.03543314679620094,0.01004801849184265,0.005035916630909509,0.026851375152952835,0.04530743491449269,0.05284969732698437,0.017925334057670536,0.019919127971925937,0.0026078085134793078,0.00430833123449365,0.005604713291461612,0.0008318059252415042,0.06895440668980803
43.286,-0.009189985292050288,-0.0028295635043049474,-0.002482177804081726,0.013907158243151044,-0.0007807263085115909,0.10832635000411554,0.0,0.00538135250109758,-0.00019069030716155843,0.009418993871164317,-0.009406296162727177,-0.0009225004430027174,-0.0021526360709941505,0.011662230171144015,-0.007162909214047539,-0.008614134137938968,0.00140964198287817,-0.006950841342221892,-0.010468332045278998,0.026431951529154663,0.023195692741452622,0.0002594743182801494,-0.0037461186213014227,0.009818970490656474,0.00029981786320865074,0.08195754741402743,0.009191098345654998,0.00633735669389607,2.0072769406668735e-05,0.0016449912170426481,2.013869200891011e-05,0.003596495891219896,0.04550086986503779
43.777,0.007776667152528717,4.650285463714338e-05,-0.00013291148540486793,0.03492267738535528,-0.000668864668058892,0.047842438216182094,0.0,0.007653630863837646,-0.0063907314937100375,-0.01055995386851689,0.0018357085877444392,0.007197518556568459,0.009760573413064702,0.022357386802185658,0.031263261585030754,0.010479099109283432,-0.01048021249941258,0.03992569845052244,-0.0055501359825405215,0.01883408705094724,0.03474627358662434,0.010616417545892884,0.028387869851183963,0.008883796389100945,0.00922731404375499,0.057090419101784536,0.03929520956632751,-0.009544034162294771,-0.002415771285636174,0.004481300790801909,0.0013188491228165874,-0.0002791038978437585,0.057844619576030154
44.288,0.019606032162194524,0.01179867887946871,0.005993247185635824,0.07626323647776612,0.0022030819245566517,0.09392514857521674,0.0,0.015310963102373192,0.009457699525227216,-0.0010088053231470733,0.004962324831304077,0.009201029709894403,0.012552211956196472,0.04408197724205209,0.033626788970649926,0.025084117927026594,0.0252229724832631,0.04507494567405812,0.02400429363650112,0.03790186999610212,0.040077440792997854,0.03649401975144914,0.024379965535089903,0.014815358799601608,0.018935517509345308,0.11600632047266375,0.04883733244562731,0.011087484195582243,0.006346597442392387,0.0025946078102535696,0.004929363182088442,0.0032647524159958425,0.10445745436870081
44.776,0.010045578714659352,0.004196897283241171,0.005202845461393874,0.07252590382521022,-0.0012315571703485522,0.1102871717011349,0.0,0.009970337719782391,0.008230318622546955,0.008602051591449654,0.007905329784432216,0.006461357423881042,0.014841732597051299,-0.004396933171732513,0.014665123440399884,0.014062529550626856,0.03130249406930957,0.04679160533177884,0.016142993699037204,0.01913213283273476,0.03291496839554091,0.01875550775823442,0.011305549445573333,-0.0022328162948428796,0.024321315811653307,0.09002136583819477,0.0040007282467713805,0.01935333625174671,0.006878602598136867,-0.001475035085912774,0.005506086486748506,0.00011408220084310062,0.12486244372697279
45.288,0.0028868772354565912,-0.007527638464478818,0.01014498185335242,0.09800132463382487,0.001864608774544535,0.10530398978074389,0.0,0.009339125430071081,0.012768818007848608,0.01073997621572541,0.0006614634603189865,0.021119216397742724,0.014897327818479794,0.005350511789559302,0.019775482908428982,-0.006671286478476999,4.056266398914669e-06,0.00962740575077896,0.01610118314966534,0.028093650330421036,0.014731326922898906,0.009970317204657166,0.02633582617543941,0.01596134344753913,-0.0011992714528343397,0.09559639838628965,-0.03988747644400996,0.0008561817935593436,0.003769052461371344,0.0038761821572944953,0.00107438890660608,0.0019040920267169236,0.09727676397782345
45.778,0.012399819012793672,0.002493319999229598,0.009384401015602294,0.11094070903321941,0.002324911579867924,0.10693631440081884,0.0,0.015423776541416915,0.017631717707826136,0.01962450115867917,0.014235661958350921,0.015630088159377133,0.0032899048693018095,0.0009516805530017373,0.009505713739716924,0.0051209474983698305,0.012741972042568682,0.030393530979542515,0.025480488088461747,0.022063349310696354,0.04239947491249843,0.015986716076685024,0.03591212379024173,0.016486476453169092,0.003528242572683293,0.09732847712423419,0.006699310902692063,0.007995578873261976,0.0033073463824725854,0.006297030187612771,0.0021889347827913114,0.00598750027472135,0.11566748883689652
46.276,0.014894851589567534,0.017933412876230185,0.00532296206883266,0.08120793874508442,0.0033480155831857343,0.08095030830975362,0.0,0.010411021799949748,0.007856892299730817,0.015145833805345899,0.007455678196394584,0.0022515446534290585,0.007558882442911362,0.032300743908784464,0.01044635293654684,0.017149735154533118,0.0467066677754545,0.016459100953965338,0.022130435908668353,0.024434632514585386,0.03499868721677071,0.028181823667222404,0.022780006360650546,0.035156651734869815,0.00408301823679164,0.0671622442499882,0.04767614537290993,0.024220353264502583,0.005141315366946257,0.004032833567789146,0.0035661045895382334,0.008424658810764204,0.08697777987850398
46.787,0.024056260202093577,0.019735712594655654,0.005945653343379508,0.14731102439275257,0.003271514807006093,0.11961595968114908,0.0,0.020770335259907187,0.008901893347625674,0.0065715944575606144,0.013199128466996267,0.007569275154504654,0.012116043490098672,0.022163280238241153,0.030580056037018567,0.025763469240307365,0.04594716971630281,0.03449365658974653,0.04315365644077364,0.03206841783431888,0.03901020791055708,0.028492592872721136,0.045788021920834816,0.017530535275939948,0.02979797699488998,0.11245027169995178,0.035951554484487634,0.038823023317690136,0.004140651827982294,0.0057257994160213885,0.004064407074604401,0.004698203228949889,0.11353850849218244
47.277,0.01438855254885217,0.010981859321116488,0.004456723279410443,0.1390143593739007,0.0032716174021002326,0.09684824818718223,0.0,0.007679183243844212,0.002681896898244806,0.005974635363308141,0.01194582931011018,0.007409287524361402,0.009212838218450233,0.02010020738006177,0.010589419873215196,0.008917096888957858,0.016931212269654664,0.023453167754614652,0.03164871614776834,0.0032199374262097138,0.03304845378094174,0.04043554366086881,0.030030090375541732,0.03065351840764618,0.04082767722914924,0.09591012160617073,0.0888952405316486,0.006807561955704798,0.010096550979524043,8.359556092492755e-05,0.007061384830323815,0.005713444330878218,0.12463894839614101
47.787,0.008662815309963186,-0.0009522705739711987,0.004250168903360533,0.08317152552421185,0.0023853790058931306,0.07490721802304796,0.0,0.00019239679918332816,0.009752900087692482,0.01147371991785172,0.01184727650030209,0.010899003312155134,0.009761552618903902,0.012359959884729868,0.01909157704901497,0.008650909437710132,0.02500169413087734,0.02722617353372261,0.0441318216096187,0.011044095391765292,0.020284976906145613,0.016207024697722713,0.009629484563254928,-0.00613426902865564,0.026929405754313365,0.07436747895297428,0.03745800727523848,-0.008633820605552468,0.0032938062752496966,0.007946282259023994,0.00016577869939895325,0.0032642328672612226,0.08113882172576231
48.279,0.012473426118999641,0.015840249401024437,0.007167813233180697,0.05905384479241259,0.0013949345420737743,0.05279191604744675,0.0,0.010496195665139985,0.011116933536990057,-0.01208646589126305,0.0028118020601461844,0.01401166353010234,0.02431825684804198,0.01979595250274059,0.04093122518431422,0.029577749755413826,0.037434403246362775,0.030590212978715926,0.022654175341166607,0.025286561189820686,0.007316479001809113,0.013961723441399392,0.021498587038131362,0.015786699719743818,0.029027735611866615,0.07056060038453789,0.08524881526257481,0.009071378364872996,0.001958663741639695,0.00536332053425418,0.00662073433800508,0.003154710001248591,0.038411589293890776
48.777,0.014258092734760187,0.01648487235415606,0.005056490182873959,0.07693262225612055,0.0025343559294990405,0.06630582228504817,0.0,0.003841856211599312,-0.0035376340171156748,0.015225254034145845,0.014154392810121038,0.008851243907370968,0.010012748625296043,0.06023990408351361,0.03159961160114211,0.0228197189354532,0.021683514664431726,-0.00023536686421429443,0.018018424317953793,0.039550619148215664,0.02135754798282578,0.02938634965487296,0.013888396254378993,0.0010240178324349874,0.04753969441569078,0.0734246282625924,0.04724606172991206,0.03416315198777671,0.0037025849473014405,0.0050533471754993535,0.0028595406156665852,0.004526913175329458,0.06481040591724825
49.288,0.014427349766973789,0.01799912151773885,0.0017237856646958453,0.054293681650059794,0.0009391551149211192,0.1072908482278385,0.0,-0.0034934896972568246,-0.0014814608897058522,0.009472667318343304,0.014661092484536942,-0.0014783643417944183,0.010152585025472963,0.02564245978277497,0.037842865786008435,0.0444252202415966,0.02539752487833655,0.010820733658884507,0.04524531004503501,0.030270175728394976,0.025556269135703746,0.03694220164668975,0.011235808299479162,0.02618115757025552,0.04119904136407821,0.06710726159934073,0.03126928162553842,0.03808920854497871,0.0011397360670771556,0.003146748161147761,0.005944411072882506,0.0022562844240981185,0.030059238422404204
49.779,0.02357170020371335,0.02102250602482263,-0.0006379396152447408,0.08410336780771487,0.0036655299816716713,0.0751788325050535,0.0,0.0036165004485786694,0.0006975485320373118,0.009085688216704194,0.014318244698102134,-0.007389543874765016,0.008149570803220471,0.034141542704461514,0.030873545512214405,-0.002473448776477019,0.05035220575074661,0.026628996777566794,0.06179467184274262,0.020810348818801384,0.0469667325726331,0.02589133370035654,0.025442576891884058,0.0502332668841283,0.04781240315304989,0.05190741337129634,0.08467213145820673,0.030790346866666502,0.0031214161990232962,0.005951521999483896,0.0012071795632278644,0.00946743143027469,0.07494796115051992
50.279,0.02377709905484378,0.016048360716884348,0.0043932253687732105,0.059529189611539086,0.003622402651668443,0.04796886331193648,0.0,-0.0046138821175058615,0.005485700726390523,0.002326355585902966,0.011491037971101977,0.009055015302348283,0.012716161585827813,0.02505105825016302,0.025540773268616836,0.009420848618339833,0.016647009798151487,0.02715252100108223,0.04991994667145914,0.061960890373656353,0.030084089300020617,0.023631879884231117,0.03135248591560312,0.028020498825182608,0.05504844056280497,0.01992144889657323,0.09081167183496329,0.013823663438519432,0.001471220571565685,0.009716594435006963,0.0030208123869474614,0.00586505169638661,0.03024605632714145
50.778,0.01967972335995707,0.015102072313974866,0.007563213245983992,0.057081263354063945,0.0025656245149603754,0.113729586081621,0.0,0.02021787513850067,0.01244457995136686,0.002493455408735658,0.019727222250111573,0.010212663729536917,0.011624109230261082,0.030454207179112954,0.02605163760121319,0.011172042921131442,0.0349911828995196,0.02696563383683084,0.04401277687304531,0.05087717859836244,0.008954403078566452,0.03949001917196679,0.03553105074178417,0.021144600556656547,0.06813684825165006,0.09451980767899502,0.09303932022585214,0.004964920489767156,0.004558005769596028,0.008616231070420716,0.005421420204531153,0.008609100359313086,0.06594283531004903
51.277,0.010670843524513727,0.00975181269381437,0.004183868106685211,0.04142887653518851,0.001881005138577877,0.1159375031661212,0.0,-0.004855081685734018,0.006708956988906981,0.00480017894060047,0.01292733848275831,0.012798711902042603,0.008397045574293589,0.024983600559204098,0.03903723838001198,0.019611365400034324,0.0064719393396393205,0.033555943699509476,0.011008646865226266,0.019651737896915468,0.013824775432724215,0.02049129717386564,0.026149357540337197,-0.010277383780308088,0.015398312436905318,0.11351272334960728,0.05983426717070208,0.011769394289360758,0.0033410060415650917,0.002459408882791277,0.0036123960704560363,0.0007180256991427548,0.060861703373842876
51.778,0.01005340256618547,0.00264556401097544,0.003665234364876155,0.07397745841094097,0.0020746888842014316,0.03818963255988426,0.0,0.0077025925323777585,0.007339627751853354,0.00309130760731253,-0.0037504710900312928,0.014052219470976252,0.010178307981275194,0.020382634364333706,0.018725933562669175,0.020186434566563213,0.014678191370170792,0.014320857447898032,0.028641291878530532,0.025278570800421802,0.008020659335556837,0.013627649924062554,-0.0021012109701595903,0.028053766433045427,0.03182618486793524,0.024044115955519543,0.025060689299173333,0.005788747189697836,0.00503325454453597,0.006274479534900452,0.0002285615140495108,-0.001466110821730999,0.07002501822241285
52.277,0.01259338146747141,0.011818835613886013,0.004820723578183102,0.06580058678239611,0.0027953627625932342,0.08923479843273381,0.0,0.009829833542191834,0.017962548032689103,0.0008921119965280194,0.008529962281192693,0.016210297673778965,0.005651419655989228,0.029786167213036015,0.004406292079386677,0.02796395939244588,0.021551386407557882,0.017368805045099068,0.019424643423200015,0.018132712571021024,0.03090728996884568,0.02028836173990596,0.040025294716491557,0.027332908783313122,0.04288086597985392,0.06368894317093063,0.0033791933342355016,0.019454263351025017,0.0029136919055820893,0.0069161267485218164,0.0038383743235326498,0.007758827992238094,0.07158742020599371
52.787,0.017676158328352436,0.0038917685631460297,0.0074632827111897025,0.10703790661329333,0.004292103968603575,0.06353306354669419,0.0,0.014736202187813206,0.013867135471350945,0.014786207057685765,0.0002343908883439144,0.015525725258066619,0.01073338644562157,0.05360388793271819,0.007313017553271187,0.025647408491913097,0.03303275346242565,0.023064352356835724,0.042970800278221206,0.005070274398127397,0.022052345188630765,0.03443885422749407,0.03292977195827472,0.00993178808493017,0.022277639932681677,0.0830918993647695,0.015468598808149546,0.003518776473634162,0.01068089453144739,0.006362194830083079,0.005830930879384003,0.0029722311656365393,0.10081129659452565
53.278,0.017557080669741258,0.00743413176505907,0.010399469138690158,0.057238276450630766,0.0040673256346469,-0.007328917707212714,0.0,0.019795711140139147,0.014062680278493056,0.019246838295096456,0.011779920514611148,0.016228004036896206,0.006896048675882566,0.032937748393663854,0.009888777797664552,0.03226785343275817,0.05016457334599066,0.02565523896098983,0.04904485309153331,0.01820541800551423,0.03804808557961817,0.02043518277340921,0.022918139657795815,0.001899043278254935,0.06529992393767228,0.011781428564534421,0.007143152682858479,0.008283156428221115,0.006713989413819437,0.011589392107884811,0.008731429698795536,0.005924085595420238,0.0672725289382299
53.779,0.013494499408730666,0.012765150590414593,0.008493838355747052,0.07071375295296202,0.004270289204906052,0.04859202501635158,0.0,0.02362249931426892,0.01775768785876808,0.018437524035268656,0.014366705487350402,0.013786850571746155,0.010229091313550744,0.038401487353118297,0.017451622106170538,0.03775105941731133,0.012022973753045122,0.0009784278001197164,0.03566648465825329,0.015709440012772934,0.036265268751657996,0.012364200224406045,0.01573248845972013,0.04413769536414895,0.05427089824299399,0.04089451572816961,0.03933113427043566,0.013199440382180768,0.004268040180129287,0.0030401870530859998,0.005054605355557749,0.00841445340672124,0.08493160821879749
54.279,0.002578731539988131,0.010566072574659309,0.0050562872706546485,0.0004238773735908508,0.003605882544180606,0.022881344604756725,0.0,0.015829000838695675,0.015943019831226115,0.015443869174124606,0.013711003094395009,0.0037190356078584323,0.007986276280933124,0.00907270758215555,0.01593005183351042,0.04091087073574485,-0.028632272628475383,0.019728614970079144,-0.0011420290901824658,0.016238474733329854,0.02511190293073112,2.0047903102013243e-05,0.01593163874543012,0.01580679239352984,0.010373246352805024,0.029289087695001298,-0.013492488338749614,0.03358636597236565,0.006412215235368281,0.007261265622378212,0.0096746533885822,0.006297993552211377,-0.0018960706828208445
54.782,0.013661714062218206,0.004271306826385271,0.007847502524824489,0.05095072815943486,0.0030765254827973946,0.04711364272521741,0.0,0.0067545790274437245,0.021503851035828747,0.030068839646697536,0.008828861921929124,0.015896127284172317,-0.00031723965890614333,0.016087151033471973,0.013067771899943658,0.021549505198530626,0.03496002868108698,0.018573925832288757,0.026883244814319834,0.008611609644394821,0.029911166514899973,0.011114162321388359,0.022786888810937923,0.0510936316542147,0.03275711967532551,0.0304742118534503,-0.006085379310205389,0.012883098350904601,0.006333184586666365,0.0059166320078573075,0.0028326395697071214,0.0058699388065127705,-0.01205333026284085
55.284,0.012762417878724383,0.009577362968185078,0.007706402110506761,0.0344644074986005,0.003276733648149118,0.026859510019248512,0.0,0.007864320395896353,0.007806313074366209,0.026375857373675225,0.01858869229186765,0.007637526787963019,0.005844049913796287,0.008389366189347918,0.015155117662854056,0.004060796094384679,0.013288308251309111,0.028958560855303708,0.026768094637327787,0.023119961033669714,0.05505785746184633,-9.19973568530468e-05,0.031067271025480632,0.013041858942548772,0.04819558086605347,0.024087478133826924,0.03571277291849458,0.010055902785062703,0.005783159481658504,-0.0006378375024109189,0.003284562024175324,0.005913548132992795,0.02935175293500062
55.787,0.016146401274144753,0.008557508477698034,0.00966021986474139,0.12378784837653908,0.003671663310053951,0.04086551041595872,0.0,0.03674134513876874,0.02023115520133933,0.024227226753873024,0.011634922331760727,0.01115901013651303,0.005067646648745681,0.021226152429454102,0.005391224472416006,0.008852985717774167,0.039655512582649086,0.030462796674693704,0.01360360832416331,0.0308610952790242,0.03441574584393633,0.02090121449775112,0.016124405561870184,0.06443523150523159,0.022691570289486544,0.0650967613229375,0.007443862859647295,0.015730566710704934,0.00716660836251225,0.004176316094418834,0.00015736584888371454,0.01027476110126554,0.08036557901398887
56.278,0.013977156411613656,0.015976177788620052,0.00730775405547822,-0.015138884986031224,0.0036559675883671883,0.0014015234317866988,0.0,0.019441062831243434,0.013162009648382331,0.017271383569832113,0.008294804823953884,0.011499899041981716,0.0066998457360118845,0.04179915635874249,0.04003650870452424,0.03701257777821678,0.017095536573539558,0.03357467155189731,0.014842880648871766,0.007863524070932054,0.03271738442404955,0.006739687692621495,0.026270620345577412,0.005709162450458567,0.03290704681366719,0.013257949620457624,0.04612014655861881,0.012873709521404219,0.0004724728773740655,0.007920599631516112,0.004363832146026093,0.007796475996685633,-0.02237008229346553
56.777,0.011498843635555046,0.012768064287250571,0.010971173169221665,-0.025135049209241308,0.0021138340747181663,0.03301655346990502,0.0,0.030777684059991463,0.01744224451660567,0.014953834732700412,0.020695273044242603,0.015251217405336965,0.014581270124291123,-0.0025117067190359374,0.02432770271778396,0.012142933278917939,0.059121021592168005,0.0029290483550344867,0.04619277064370121,0.026823723883458953,0.036904620802767574,0.0188825716159463,0.017397066260129407,0.023710598100826992,0.00441217417179657,0.0349840895623571,0.03674852441209757,0.016516607717366356,0.005358199868384427,0.0025067167925349764,0.0030401035195277586,0.007397165255177998,0.0007373608210969819
57.295,0.015408728569865785,0.017902077336646654,0.009218266926870528,-0.0010899703892335974,0.0031738833620093016,0.02346452138218906,0.0,0.02598199386748077,0.009702247479044121,0.01947502912635977,0.009083325949890987,0.01389736128054052,0.0072198251068267905,0.006739236892051721,0.035621307020949164,0.03329679985433951,0.05387183071085066,0.024188143398496394,0.05892741758235048,0.013881010768373598,0.021790512937571265,0.007208022109187597,0.02823312600759383,0.049797737837760515,0.03317968913290314,0.025690332019703548,0.08491719753192332,0.0011883445113624663,0.0047048259959622096,0.005657139866619626,0.007218105473864403,0.0046852941912805795,-0.008282061643250556
57.779,0.011741291209425417,0.01818407183268615,0.005442951655031129,0.08084468204659398,0.0021080651857527124,0.03814059139139453,0.0,0.009597548929678668,0.011645535195081385,0.010958716127906084,0.015775584635800918,0.009719485951418323,0.006689847585920285,-0.0010167679096355563,0.027542554867444693,0.044171821023081315,0.037494442458369165,0.03194070588965204,0.030599883164039544,0.034517221427932544,0.009485155270396603,0.00514438277809584,0.0178454431205175,0.011374000675895463,0.041614961035332625,0.03913686948974851,0.0740171462999593,0.01821386119512192,0.0042893012707715976,0.0026295837366815157,0.004403865777462491,0.007092550409333447,0.05362344872423039
58.278,0.0163106771318581,0.010948066654238702,0.007206342855965002,0.05967936705263348,0.0020280033178453677,0.022385693572390584,0.0,0.02322919175546557,0.014157203953861894,0.020442740364251515,0.016800212067889217,0.00779019949460135,0.0036775504539573248,0.01568890145012244,0.04319800956082648,0.04570430623880838,0.05670343439727327,0.023678697401632712,0.03538146237117079,0.02506398353802191,-0.004968202078175169,0.012094364646958865,0.004782556934559878,0.01971099038956031,0.025839379927716215,0.02082636260710469,0.048067070968821506,0.011512361661117779,0.0016024211458198596,0.003714696606136878,0.00401451201839541,0.005505399121767999,0.06828803825770909
58.777,0.020782128270351325,0.020548661194901875,0.0050625628845003745,0.06334400974998271,0.0035592615641571964,0.01330278112571643,0.0,0.02798615952795563,-0.004436316694378781,0.01822544405496176,0.022926899605555367,-8.876474520313835e-05,0.013917543938404432,0.01449450855198584,0.05866383441220067,0.05885257857467879,0.0751284593272343,0.029738126305701156,0.03385139783952922,0.013792033320337564,0.012328602859212797,0.030774559363645274,0.030421656408479786,0.042266286106250196,0.04033962569422158,0.023627327442504217,0.06313738933886955,0.0376067280653356,0.0026567469304037824,0.0070222800275757434,0.004653686673904545,0.005840147915937099,0.06207121807327202
59.289,0.012665229935659125,0.013082522338948294,0.0005367102104237347,0.06852725781605151,0.0013927862445684918,0.04657185096413157,0.0,-0.0012618606849745654,0.011242778407862966,0.017307463556920477,0.023071023742357265,-0.0009817463980185143,-0.0008293331415239944,0.007867544573723328,0.03583451580530704,0.03488320786150755,0.06013650792116407,0.0227151562723709,0.021142774844732728,0.017503685524893564,0.024124664051053853,0.008718446391983157,0.0070071098641861515,0.0408151356160188,0.0165217300041744,0.03598342441051049,0.03033446684220542,0.03680263890325309,0.0034402343881064583,0.0022468986757788766,0.00014814280650277684,0.006845178675045224,0.04994322493550647
59.778,0.009302819074253626,0.02591039675362203,0.004241326822327753,0.03201544317321055,0.001925229333753432,0.0243931418532942,0.0,0.02381817080219119,0.008872691891719423,0.007067197160114179,0.0022166449394319973,0.011849608089418212,0.014974018904610475,0.01626122844138257,0.02563674077229653,0.04584897736722663,0.021221438515802507,0.0170947665154306,0.01630681786288336,0.018408780853576587,0.025334270555482766,0.003435890813820611,0.017158915210804065,0.04946987306977775,0.03283061758449095,0.03403058539098753,0.08902502244142729,0.02553850908886633,0.0024374185399287196,0.001735312051252122,0.0011160179418161565,0.006002672741091959,0.01541550405452099
60.284,-0.0032946072868347692,0.006909959783716131,0.0022357373822330844,-0.020066032105315598,6.118859612326408e-05,0.04409581013929673,0.0,0.011757204988363721,0.003084561571520094,0.0001572501750498096,0.007663664080918571,0.006198325796164621,0.010786685461882366,0.0198423493555121,0.02447556405267418,0.026403263325637662,0.007039583313076221,0.019910975944476383,0.005831497702164423,0.0034109394313358594,0.003349684620453611,0.014269588452410454,0.01913616691214185,-0.005339206006431171,0.00015850161173839737,0.0435074283412408,0.034857278663045665,0.008324554216526737,0.001885081792801037,0.0038293993593670026,0.0009699249629428765,-0.0003906164784801467,-0.0147275526917912
60.778,-0.0016117279276452645,0.008158781069044193,0.005130276409538996,-0.033182457668236354,0.0004941636681943791,-0.04130374967384664,0.0,0.012913429901148262,0.005622114541997178,0.005620545669050907,0.006470055783353797,0.011020073755904136,0.01519247929493358,0.010320554756673466,0.03310437586247627,0.013196083199216717,-0.002310429036355069,0.044475459341773944,-0.007953943087105475,0.01866206427317644,-0.014609650975635687,-0.006506162556464651,-0.004282862867405408,0.01217416605582886,0.006519451036481387,-0.05285034052421314,0.05228142072821793,0.014229172461451256,0.0020354400575085157,0.0015146168614639207,0.005130441533652412,-0.0003832895967571321,0.0146942287480457
61.278,0.014158893426690137,0.007927867151619541,0.006054889514869759,0.06972131162024887,0.0019481655551020953,-0.024391434900469713,0.0,0.010638205058052812,0.012716854626049833,0.012418372442728434,0.014028585860987867,0.008229179724494181,0.011149803363551982,0.014432194769002548,0.022638563224653283,0.01807022842756629,0.018249910145311785,0.02185165689669682,0.01932912489399204,0.02101939534400441,0.012487000842126374,0.005159319408972812,0.02550932978713873,0.044233907313887585,0.012671768820861896,-0.007972727670759789,0.011591783701368,0.02180548750439551,0.0024843891263233997,0.0037042185266277267,0.0029201395685487905,0.005627714377160363,0.07894204123014534
61.777,0.008579943644747795,0.005901321544006464,0.003134510095895222,0.09276759822000577,0.001355462694242023,0.05076292491126522,0.0,0.010291054902141444,-0.0002943160832544471,0.013973888466258933,0.01574858452493183,-0.0014684036387676363,0.007287119616058574,0.024075897178534016,0.0461726590807113,0.0014334307402880792,0.04733766061258911,0.006071084163909238,0.02351605317850883,-0.0009702252722278846,0.018744987043390664,0.0008547384103552523,0.013323468892977556,0.04211959543168502,-0.012503902789941982,0.04815611280256215,0.003039814462803598,0.018752966536553967,0.00196248286861264,0.002985836983924017,0.004480061658061261,0.003229544561033611,0.09489040552549302
62.279,0.016521960990946365,0.013952092667586577,0.008806442403757464,0.1001938727957938,0.0026945108125760453,0.07094133410929339,0.0,0.012791498498259534,0.006879985482516122,0.017727827568086097,0.025535097334044115,0.005344999208287751,0.00952176511197908,0.04018041272463097,0.03555777813484531,0.04423428865094401,0.041371664144024406,-0.012621876162620537,0.009184253663171564,0.015846595800035737,0.03502484258232928,0.010787861542280317,0.040151789992356135,0.022884385090142245,0.028860188406349695,0.06899512842897366,0.037697132533525385,0.033139700668088405,0.00013589731168803907,0.00553598718548747,0.006056364979946218,0.00413541369577258,0.13706915978492737
62.777,0.0068047138142620246,0.0164951048240918,0.002994376620559397,0.04076815153893108,0.0008641607244218313,0.04867283520503715,0.0,0.004850508171223981,0.0034305654577755883,0.013196452033077769,0.014013824954366158,0.005442161346974834,0.003609388337867067,0.030794124942556695,0.017487866082027057,0.01783777817312828,0.025271826785692657,0.01006643356802135,0.031063933613546993,0.008060590061790865,0.03646158969720899,-0.0015028706946068732,0.015759700808151433,0.00615520199559627,0.00017124884905859062,0.02055533448729464,0.06806107638172461,0.022379066245650017,-0.0003817491490047165,-0.00034549137992953013,0.0036863080791635435,0.0053311965756562526,0.07988162301583436
63.277,0.007531835320388632,0.015114055337016421,0.0036469641268183557,0.06659804867311916,0.0032527894103944028,0.07154839050552203,0.0,0.013915161465824298,0.0051279513484715055,0.011652276513708067,0.020006122450606092,0.0008831287739752606,0.002362584103638556,0.013907606991003307,0.027989124617539104,0.04235233268676828,0.033877956416080914,0.025952738082514908,0.04632165736395135,0.012338194490743987,0.026333768744527527,0.010530688918162839,0.0022328479231348754,0.03586362096503783,0.01126273924023844,0.05293321746594039,0.07656934272477488,0.022486521014897527,0.003566398043756518,0.005953851715651669,0.005761540452447799,0.0033788198038018397,0.09169728972643308
63.777,-0.0032504507282375248,0.005420751228585021,3.082474850550981e-05,0.05871245119385267,8.252402888566714e-05,0.014914456203556822,0.0,0.013745776857684236,-0.0011280080450189183,-0.0019474383094318648,-0.0014892564314040514,0.0009634023845130203,0.00246462559197831,0.002170679758527162,0.016755966017780514,0.006813920989618854,0.013085529089658867,0.015023986288628957,-0.003816118355479846,0.009405765953799201,0.013025566524697479,0.0069394848992355655,0.006021905707507836,-0.0035442910609404846,0.01037909518809153,-0.004684252063833565,0.023963136094194808,0.00678842935568187,-0.0018224595012643935,0.0013766290918451006,-0.0016507452757034608,0.001988802942617574,0.09662760461364912
64.277,0.002935402531729802,0.012756893730105887,0.0068074273320908275,0.14521969953025177,0.0010276170487848282,0.06146549355363346,0.0,0.01847793080805772,0.008297995171136998,0.01396593104449217,0.01618974455047568,0.009530437098711084,0.012093061905690894,-0.003908554106206218,0.02738681771437921,0.01805853370597979,0.017670713239817584,0.03626905674822895,0.010068971190159356,0.006941126967172888,0.01745617318469972,0.0028972736762189737,0.012695258791831338,-0.012193956727367792,-0.0027961673560616745,0.06787315249850234,0.07389813610037826,-0.0003265752622426749,0.002067899369589527,0.006344966300215664,0.002204183446268445,0.006453692302824287,0.13882312991933354
64.788,0.006005569868113101,0.008485291587363721,0.004331895384819289,0.07428295299411941,0.00017185709178519121,0.09120632339431585,0.0,0.011566951014989998,0.004223734190465594,0.011667371931598102,0.007511784185782646,0.00376223400130941,0.006022419202290635,0.018799212839794632,0.029114383225419163,0.02957507041334203,0.015068946215610567,0.029967735748604445,0.039503886791556905,-0.00806165758258948,0.024278738625653367,0.015097173740150393,0.005941397971258945,0.027199184807508735,0.00019097820447659718,0.11207401882456867,0.04067474993133357,0.010401771739052736,0.005015164465699793,0.002842202613808911,0.00569536523623053,-0.0021995645126601953,0.04472164699203481
65.278,0.01048856749471345,0.012535081388716675,0.009089919047914534,0.008041034199521707,0.0015629263561698296,0.10188820186398084,0.0,0.020393766819694226,0.007964218335607393,0.016853109415728554,0.008874869823144877,0.006735210688691019,0.015364199732486171,0.01946817369958461,0.03528989092782554,0.038687112191819396,0.04405584597298735,0.02715778094646546,0.029788802621475746,-0.0005373749163730618,0.022382130558120196,0.031733977971513005,0.03650721029674328,0.026492655447931668,0.02746415465194942,0.11770034539345745,0.08147348776354263,0.0022749271287279484,0.006559825889838317,0.0034190649908812567,0.00581440597028497,0.0012525752000756602,0.03284460632935572
65.778,0.011235935233727803,0.015201695567624782,0.009944331826127091,0.07279164332956539,0.0030590240305594335,0.08527017130326926,0.0,0.02510211995257609,0.015165170863305833,0.01160913453395867,0.01853965762072201,0.008361653839375292,0.013096093433815787,0.025088813914890977,0.03080439713484663,0.029444103550865085,0.008654196510473123,0.040946929633691884,0.028756025666808346,0.009597323068752725,0.015605877880246874,0.028356919530347222,0.01485034709370698,0.018228200762985442,0.0016165006518561631,0.09955112134926655,0.051810180730352505,0.014457215985350571,0.004468818108359601,0.0049133530797821085,0.0057197619566775985,0.003809173376240411,0.06718298621185201
66.278,0.0074253238344720515,0.00918261058926617,0.00641283819522159,0.093589374744694,0.0015679814016283516,0.0786836725255835,0.0,0.02784808046701265,0.004567482039087999,0.00811570728006937,0.011006319830658128,0.0030009135754853066,0.01130915065419132,0.019689946504193416,-0.005375043587713599,0.02717324146437328,0.03487764683070579,0.021336003749018565,0.023761288525692956,0.005740445832266863,0.03459656281605676,-0.0024560206768043627,0.015225112881550103,0.010019968755286178,0.044680777624726394,0.07961187877095223,0.022500697430274805,0.02230292261640223,0.006796009760353927,0.003808078236826974,0.0010895636012422058,0.004822974068847487,0.07514434237332689
66.778,0.014358982559801305,0.00824066088119263,0.007459703236310806,0.02305141868789788,0.0014176773320333548,0.08244190389848259,0.0,0.02680917749514245,0.01217610128384842,0.017114511632471244,0.01109343489942838,0.007130124481999902,0.016878554158626637,0.03538680867469854,0.023667137249227813,0.019972259595375033,0.0412874031078349,0.01732611416214712,0.04494994586628662,0.0288706728283819,0.026023093323252634,0.023093254551821377,0.046152816938042095,0.0017127357090828163,0.014319767900369781,0.07995231916315229,0.028663375257699252,0.018518822965456514,0.002899947014404405,0.0036851226189925077,0.0005721912938846572,0.004830045011642381,0.05500234409802913
67.288,0.006201197962814533,-0.002332379830237771,0.0023891200153751094,0.053508806862656175,1.5575548694662506e-05,0.061168311214469674,0.0,0.004201594839060359,-0.00029863416012765965,0.0038540066030008035,0.013504738359701954,0.007380469001866151,0.008952305088831531,0.0064046895751107506,0.01185841363376001,0.02408574113787973,0.022588285688767386,0.02327057537449158,0.029797146703986015,-0.0003794382700173121,0.004583387336211414,0.004428307258479532,4.083045154598528e-05,0.017923755969997415,0.01429646018947124,0.03890997692400476,0.00010434465920563346,0.013358790248870689,0.0018206761246837516,0.0019750589190484797,0.004681313718716975,0.002610976088422404,0.02985968836974256
67.778,0.00835235148987936,-0.0014756486411934909,0.004955781894104656,0.04266789004751781,0.0014298528535919195,0.0429925199338222,0.0,0.017672056184167582,0.009678502899033626,0.016019098234259854,0.007598037642887666,0.0040867248856192966,0.007011958260514002,0.026435720038819867,0.03189552067730347,0.025378498609997892,0.023525172184442243,0.000513572738329765,0.0241278785455978,0.008054082081709033,0.018390118594456963,0.0003226241564870658,0.03064345762107435,0.029813578943771117,0.024821835645955637,0.06044479391440497,0.009169024682124728,-0.004135065362967813,0.005956084077857096,0.006276485229313398,0.002127746465544819,-0.00015292869627569155,0.02348524516932545
68.279,0.003797198677427313,0.013524377319965471,0.0052379391574196525,0.022771443555779924,0.0001898000172013844,0.08393588418603246,0.0,0.026990611030955108,0.012242199674390367,-0.0013069738119867473,0.015121306876531113,0.003728915126135259,0.00817285369852025,0.012284653774178304,0.01706545167194401,0.016336177759323466,0.025142154153514975,0.019586548672079037,0.0057096394086934244,0.019030627008108644,0.01749679462242956,0.020550506776202113,0.0057659267435014976,0.019549122663404677,0.02482815111236465,0.06951447693613373,0.06432112368852859,0.006119340844042448,0.0021205249002569293,0.0008813992645951064,0.0026271801364090666,5.3525862260568705e-05,0.026684787275683238
68.777,0.0004556795347375541,0.012507480101013302,0.005254470114566439,0.05855216729035464,-0.001379770845955459,0.054737613196077846,0.0,-0.0036514913093702588,0.00469685648849956,0.005646510435740941,0.009067910188462258,0.00442362713244936,0.020102235569218984,0.008269560893545457,0.01609968893766502,0.029937472111430892,0.010912500049020724,-0.0035154607147425063,0.01025798392524627,0.01784389531383658,-0.00846865591348703,0.012791266799320529,0.01629376562238065,0.0038258399202243986,0.016471961736736415,0.06070070563354962,0.059208473024496035,0.005816316429968646,0.0028095849423040086,-0.0012612798936561115,-0.0016510897515570307,-0.001769305551270275,0.037532343992004905
69.287,0.010370219813814701,0.007308132718661557,0.009864818602226055,0.06403359079910032,0.000865145743834555,0.05398345112963748,0.0,0.023516943949221752,0.008144475501336474,0.004253896238333024,0.012299124580655867,0.01099344078598732,0.022813736723166677,0.03134667349011544,0.024322671102665734,0.033170171146843425,0.016549595832536238,0.04165563637785544,0.045525965620365136,0.02424344166418779,-0.005402769665005854,0.008422559097352204,0.009799831062793071,0.01949613461090737,0.04610166686478208,0.06159960872465128,0.07255060586611183,0.0023887777889634245,0.006190570361917889,0.002084266277043776,0.005172254491274231,0.0047858661623637055,0.10073591625096968
69.778,0.001459394963812319,0.005607117166393688,0.005948619187486276,0.07885883798199093,-0.00016207031582311438,0.09391390659699804,0.0,0.02030348407215318,0.006065631130005507,-0.0007630119365151576,0.0052550263612398404,0.009659278516703437,0.012070789613149962,0.004868328694871124,0.018967657951099698,0.017947857831782793,-0.003846958599222154,0.014382363807798693,0.01424705491481588,0.016607242489313466,0.01123806612076846,0.03004276316070616,-0.005806501746890744,-0.002173235651688074,0.03109931103574785,0.06528538753842786,0.02599035957551268,0.01670733666184293,0.0002334274557804483,0.00356685615401372,0.004885530373250909,0.0035123552591144647,0.07861305489258842
70.277,0.0031052819738469585,0.0028255046343556387,0.005013595923852663,0.06386267579047912,0.0015104212001539137,0.039733055459814676,0.0,0.010543397278814584,0.008959158699756631,0.00926461823553879,0.007575076923669471,0.006021302638535405,0.007748064099918355,0.028452498658511502,0.01704664617096993,0.008635052051510836,0.0025484298929656737,0.005768903447346366,0.02329148960330805,0.005658809801414844,0.0001791010674554273,0.041241009506342206,-0.011597870871155335,0.009285547325158358,0.012991101838580491,0.046827612046363744,-0.00966123786949193,0.023075486693951434,0.003314708060643489,0.0019054786144849748,0.006726167018491719,0.003032729417731473,0.06818469093249685
70.777,0.014991376073949216,0.00036891216029843966,0.003246376221162694,0.08130304346689002,0.0037258868564630063,0.0031475644913295073,0.0,0.0004147307120397055,0.006930363759061067,0.016027509120528766,0.011137159787448251,0.0033328960595757663,0.0056517219355238825,0.01804183235099334,0.01817326926773796,0.030360398702860225,0.05133837901407463,0.022608910252724906,0.028331500927234562,0.022668789474674673,0.021104121778369133,0.031497597308186645,0.01064872374221467,0.04460235727999818,0.008450558526652215,-0.00011041966217068095,-0.002714377730132502,0.0231368494273053,0.005761840611969488,0.0032249857354165507,0.010538166499313733,0.006494626355806118,0.1011878891262477
71.277,0.01603950355858349,0.01109268305270073,0.0058979332374706405,0.07233046429607748,0.003510034912496802,0.04185519759884698,0.0,0.028388444307012185,0.009458557226987538,0.017912200364004007,0.00800860823059514,0.0040193640215926245,0.009523697166752589,0.05428544809020065,0.016781497567683868,0.0413623213148414,0.0394039807695209,0.028793240211811774,0.035313126865610285,-0.0029021851563446983,0.026351522238210707,0.030669281171478033,0.018102529440983065,0.030455971437128408,0.043698200411558856,0.05416946664854146,0.06840415179045772,0.012356481614134988,0.006961070101652423,0.005221467841701861,0.008853057671632894,0.004166426505358385,0.05372274532619044
71.777,0.011437541632015135,-0.0017020043938313057,0.004602172200164734,0.0846693587987644,0.002160676934914939,0.07411168082547931,0.0,0.02026734908288894,8.29511809181495e-05,0.007965681266096264,0.009108456861307002,0.0014477564324693003,0.015719954411049855,0.025436648816819066,0.0315844296641477,0.015702690326455198,0.02980628198446581,0.020687425243800368,0.02911864947956663,0.0018831749486286288,0.042260763044595424,0.03176395975054226,0.00517813212466215,0.023861061683013808,0.04123682830897383,0.06295300611572902,0.011843666878870148,6.057286457309858e-05,0.006209764247388538,0.005556745664028973,0.001360430766818521,0.0015275206663104624,0.06767462308191367
72.277,0.011086502935851512,-0.002768813896411952,0.004699962803593881,0.055523549622624103,2.4866622777884613e-05,0.04746479098137592,0.0,0.020675973283809695,0.011891301250223434,0.009223914820035841,0.005821523326642109,0.005326207505344787,0.00768422788211948,0.029309491362620926,0.0300928247203299,0.032801949857681395,0.022315021355083772,0.025599444914282243,0.023318953610939625,0.014844001038293439,0.018847250263500533,0.010857447225719958,0.04580923862142886,0.025140350513248713,0.019560911508941337,0.05636943763653073,-0.005856896535196622,0.013099744684935744,-0.0006431284613243338,0.0004882302166830166,0.0030977694641728874,0.003571742549050288,0.07205532030632847
72.788,0.01166834456870563,0.0005166145625286079,0.0042567375569211845,0.01703570814177718,0.003039656866928683,0.05625223652282308,0.0,0.018565025253620266,0.009167588232963335,0.004448747979138671,0.001759898273431751,0.008515532169163998,0.00020871390414029856,0.01784080260176443,0.014694847898519393,0.025986425705124095,0.00982706213661507,0.037607647269236745,0.01527138329476254,0.01993897362439195,0.03933120896897479,0.02516832185874454,0.03535348864401956,0.03189672607114316,0.008905775283436532,0.045813386554822685,0.024129548489922704,-0.002307718440339636,0.004235035484364654,-0.002444506633539756,0.007320116801668355,0.00662856839035144,0.01062712614645883
73.278,0.025881163064682196,0.010994560693718214,0.009412048784671544,0.049522865650751716,0.0029306654067840438,0.07862615376116117,0.0,0.017654468331175417,0.01224851216892022,-0.0004043575929850626,0.02119971642445334,0.006522995518698847,0.0141895207830288,0.040364189207327705,0.03861070605454285,0.04761384332800729,0.05461850122197669,0.03960619457294041,0.013549871278109863,0.02943324470780267,0.01773820050331529,0.05251101157133132,0.03507940978676125,0.016544932096767752,0.06490245971535351,0.07693885500608963,0.06572401622465875,0.012442059250268289,0.010417068111198913,0.0022461826090595946,0.004752826465960347,0.008972032902865829,0.08485763343533959
73.788,0.031148375756013126,0.009519243401101343,0.0075405397219713175,0.06938992296054951,0.004046513253465991,0.10013627245403403,0.0,0.02144727297988011,0.0034893693090109813,0.008857484248114986,0.01763528276602884,0.0057767630707001435,0.007315925920147878,0.04591313428698033,0.024186833857078822,0.02277527244507609,0.0465757468447614,0.058328464702843204,0.0480625066446713,0.04656539377640046,0.034729963666313014,0.0717862530527913,0.035332526800661714,0.041767549592720804,0.02498833220714328,0.07790493906788705,0.06618797561252628,0.006381273157700751,0.007880660375069026,0.004239857730411797,0.008091523350693417,0.006056723931768051,0.08717672892911438
74.282,0.013746023807619042,0.017394624549892327,0.004036789217349512,0.024644183048048468,0.001419881788498634,0.03717933062586723,0.0,0.003047801506510825,0.0020418053163126426,0.008435858442747184,1.5874285604768945e-05,0.007003750451432753,0.007559511679186241,0.029524088135276544,0.021023570470387148,0.016422577855985807,0.046102016148995666,0.03662541639048699,-0.0003333547890109887,0.03191085003877787,0.026969877008293737,0.030795052898159033,0.0038025422364244355,0.028671933231522884,0.018596303973129377,0.038929796273503764,0.06395967907405326,0.03322694702147489,0.003902868769427651,0.0029007738023319758,0.0015528441278455402,0.00671411822845538,0.050435243138748025
74.784,0.011769234333015122,0.0057165017867165475,-0.000809265165908011,0.0015668078107433294,0.00016566487329859028,-4.398145334934121e-06,0.0,-0.004806358274164724,4.492942648054849e-05,0.008129692320350265,0.00285224587926998,-0.0015360473566281983,0.007743441139980933,0.04655135274113531,0.022376413704339813,0.013005066144043712,0.021950487543948988,0.016116976341953866,0.005601832065830773,0.01698165012538225,0.027963842862509206,0.02182109910476203,0.009249432333190458,0.010968445330277249,0.016205002569191013,3.864730850207025e-05,0.05374711005531397,0.02072566340513931,9.291817183311174e-05,0.003439922348239754,3.2355201365671016e-05,0.0072701460892349926,-0.021013701799894396
75.285,0.019710811152055988,0.0044210089159630135,-0.001108252425969221,0.07505052182856553,0.0017190491892565827,0.0670421728100941,0.0,0.017187474868397938,0.00413729177907267,0.009221312231368534,0.006827501599455366,0.0006154449443475198,-0.0018622420862007445,0.025165855061898893,0.02194517940686722,0.029845927228571364,0.04153702236902184,0.02951054488026427,0.041282466971610414,0.020753950642057487,0.034516188501244015,0.026431192007270083,0.020479895535883953,0.045779554038443984,0.04197046212898116,0.04714539517510998,0.035191925190467495,0.021887870806587845,0.0014290028389827717,0.004146737479833765,0.00932526446604869,0.004877533832772662,0.06336123138996193
75.787,0.008449657601880448,0.009605086873354507,-0.0015638774127700612,0.06402895996361199,-9.465145528770905e-05,0.060028947437113754,0.0,-0.0011309558687500544,0.005718394168042722,0.011426769326974142,0.0015956122199433092,0.0021227810796306396,0.0016608915040819835,0.02200242135100548,0.008287237872549763,0.0004084268485129481,0.0005197285236897119,0.032799671513197445,0.03933669418459005,0.0069975190282171055,0.028488520801740507,0.018632825674868216,0.005078328835088463,0.057679882506784796,0.011483124717305723,0.06960409203864758,0.05147033585679315,0.02098627678473905,0.0011995219650967497,0.0022166239616986027,0.00035128476895698976,0.0009556605970747235,0.06673257335653747
76.279,0.00505749781458217,-0.0012437723500886885,0.00100197986462894,0.08384297030737851,2.17802127236712e-06,0.05509613556730519,0.0,-0.00251168799280654,0.007203483126867443,0.005150790042511365,0.0005060677062682611,0.0056346852713181576,0.006352454604645713,0.02664084328135716,-0.008756316993729328,0.004041159881568171,-0.004956447895062775,0.035759035657728734,0.011146676289033678,0.0038453902690585825,0.020446416283628338,0.020457862138333012,0.010099304435052522,0.0280369853096377,0.02577214854561908,0.054559402457894535,-0.005749230743488075,0.010828401969796066,0.008078268243349401,0.002665736148652965,0.008149365552765792,0.001975216538787323,0.08202241032410357
76.78,0.009187199428038206,0.003771649043711415,0.0038417217756125375,0.10744073515276581,0.0017822534904756845,0.06721966387042923,0.0,0.01912537212865441,0.01327098460774756,0.007617803786577067,0.001590976678950478,0.004717386625502668,0.010362058518279916,0.024760447106017398,0.013638794053972857,0.008254336477019458,0.012570130500875482,0.04808374617304205,-0.007042833720397438,0.014200023851262157,0.016069650042940656,0.014596611190871559,0.0025022162061480334,0.02970793291585445,0.025040208222073933,0.058280863447439754,0.028468404108208136,0.0063442120081111854,0.0030513236948351203,0.006769601324859132,0.0028181149291613204,0.0016155926432243424,0.15325933830862107
77.279,0.00986190206677847,0.010168381874428473,0.0019228772631959326,0.07146458416223458,0.0014881063795282575,0.002500701817023445,0.0,0.008372139735498564,0.0033464696204237,-0.004146947015600818,0.000615733381758654,0.009035614370075938,0.00519229508905206,0.0074054567911922544,0.0190926791788053,0.03234119775570672,0.033616614809383855,0.03456103182585462,0.04651747490961711,0.01880646086044576,0.012255675655321275,0.015153823317839838,0.007899290785515479,0.03787132543211557,0.012897609205107446,0.004367133327999792,0.0422728644507896,0.018750060730830746,0.004350049999994442,0.0013168184189280324,0.0021944308431520653,0.005053220656497792,0.11703080202949777
77.777,0.008329201188526744,0.001199476629091985,0.0023783086835030666,0.06494296761217144,0.0006798451287991071,0.023599121244076524,0.0,0.003184649715770511,0.007589349613337214,0.0007298618867232908,-0.0010120216011031081,0.003804275630084055,0.010016679547804025,0.028734298492466736,0.036643893445650395,0.015149553228026207,-0.006840503386982786,0.01802108201651843,9.280549790628421e-05,0.03468221396871502,0.002233866689673755,0.02044487617910224,0.004163028132652203,0.033519896264395416,0.021975222825158538,0.018492556903304685,0.04324328268256916,-0.0010920639334853065,-0.00011039267389113559,0.0047399225328605184,0.006929127421530171,0.0036320424090860175,0.07227115713240685
78.279,0.003262274901209491,0.0068584718766448,0.003269798104201634,0.14077435453680562,0.0005815048834217552,-0.060323348566084165,0.0,0.004848518830925813,0.0036292427285552395,0.009903485371933897,-0.006137116304827276,0.010850858505247595,0.017869737137642425,0.004182037983834583,-0.001729121714525101,-0.01302968175719545,0.024594451694642094,0.015878485944372463,0.005455951378895245,0.01679129165661254,0.002962397260443929,0.018560168674168556,-9.332783513867814e-05,0.022983886588582105,0.03193228952625456,-0.036144961866029834,0.04379878901646394,0.030401027596368098,0.0031019352342034185,0.004728889051566281,0.006927530220553491,0.004644653031577479,0.10882900363429286
78.777,0.011481322109374817,0.006813591143526329,0.0001784118327003081,0.08046116632273759,0.0026096107116119053,0.019794234742973888,0.0,0.0037159607052962957,0.006826350632071751,0.004616855105382288,0.009958101232196665,0.001250590486270107,0.0026350917779089864,5.499178246104723e-05,0.022070926404161816,0.008123297949983328,0.027009728905307548,-0.0021167790092045864,0.015163238566943403,0.024535854121598116,0.03754864321300582,0.024300779604284478,0.03320470560131547,0.026609162205462566,0.0010835380954769304,0.012640941184821581,0.0017800256225841084,0.028603650977274412,0.004333811643082258,0.005137421283052173,0.005395847744231253,0.008356390408980644,0.053213484234417616
79.278,0.012597671830178087,0.012755895595997484,0.004932861503389378,0.08671110888470855,0.004274749211802296,-0.026678724548061056,0.0,0.017104304254398454,0.00042860963899262974,0.014907940209782792,0.02309891112386339,0.0032066140859077696,0.006716218734849412,0.0278852970930236,0.0060006871903128586,0.015131503449409304,0.010436476959468068,0.022008183153042784,0.016480956034982768,0.009211391380355791,0.03211093760118054,0.022191722971731064,0.02821500628367717,0.06357060929233393,0.041435722340822996,-0.01822450171736005,0.023604496776383797,0.02395207772711135,0.006863127070365832,0.004824572893475946,0.006940540646800153,0.004493273417155972,0.09095723599258879
79.778,0.011983684093540267,0.013903938813571508,0.0004178061656428739,0.11700610573757379,0.0045135831726290975,0.037391885154861124,0.0,0.010847570423384667,0.0013030691300830498,0.017381288847594597,0.008574176043960184,0.00312174512984443,-0.0028606763490899812,0.03492129047047723,0.02170845162514614,-0.0004882540245201125,0.025637951092664212,0.008613427362439719,0.014301869464768642,0.010659882193286485,0.04193857216607823,0.024652537360840256,0.022778994593043923,0.0393381189066192,0.021440624167538114,0.05002297691781411,0.05865732501789451,0.019932329132616087,0.003229645139939145,0.01009298785406311,0.00566711053112072,0.009014732764929744,0.12178342820183471
80.276,0.00036018186537562457,0.005932065369459395,-0.002891189184325984,0.030407746603355216,0.0028436752227387094,0.008193147205980111,0.0,0.013533465131374108,-0.0034006913691164947,0.00631523596932702,0.0016232535748958781,-0.004376702144715362,-0.0038657045767606334,0.01841839049665796,0.01109227277444541,-0.005925383057271395,-0.0014495360927428988,-0.0019430894639269013,-0.009093752939809073,0.014736098932126627,0.020663265962873587,0.030539905679765406,0.024057317370487757,0.03367824080586598,0.004538497133003381,0.008103968467616601,0.04929615568913948,0.007114721507467317,-0.0006482152361094301,0.006911066613614289,0.007026855037871621,0.004581809774705587,0.05944252950302171
80.776,-0.006969416050340206,0.006501749860950237,0.0018933913763526332,0.007006364106022768,0.0006906000955160932,-0.007923623111060051,0.0,0.005126792550603243,0.004277727789595851,0.0015146730975970342,0.008149106219579065,0.0005690708396352623,0.01456142436181402,-0.00775395547744007,0.0002722733229999309,0.004692701113358442,0.015073237147557449,0.008904438072883837,0.00437737959233522,0.010528566193890913,-0.00046054560202836664,0.02344817750837745,-0.013065973735096985,0.010893020526271082,-0.009596560683077508,0.00422998251488441,0.0711877787099094,-0.0007178716681799039,0.0007108473004211544,9.500493651694811e-05,-0.0007250163079980434,0.002951426287207548,-0.006039482747543729
81.276,0.008422583279853605,0.022119151109474215,0.009216218599252752,-0.0045687547236053375,0.002931177393812466,0.09144798863434532,0.0,0.025842625185298507,0.011992701665447787,0.0023480452137911462,0.009835708694941525,0.007911868337311974,0.016804308359732772,0.02137750101990226,0.04057804082397633,0.02320809983361454,0.019627983121468722,0.034820248648023036,0.012431594385981034,0.023290941037247572,0.020943684483285402,-0.00344492194148182,0.006022650134716413,0.005252655591520042,0.03431423284771329,0.07951030567603928,0.0872637878186734,0.009500550661835337,0.00603293884566589,0.005597614141755564,0.0031041113675296167,0.005841245928008684,-0.005171508991465651
81.788,0.005821944200694299,0.024029153530180078,0.00781295690260683,-0.017091120248352628,0.002587224378376096,0.025879187330219138,0.0,0.020588780680438165,0.0060446410041781785,0.011635761911670678,0.0056342031140020395,0.005599940220396941,0.022536493304930166,0.0037551933415172927,0.03045181124701946,0.03011314579070898,0.018864067627143766,0.02150306858270623,0.008404063264785853,0.029332816853802526,0.0015866656298677202,1.0324735685388522e-05,0.0135147803097031,-0.001687487105324412,0.02261812983973531,0.04776877166130696,0.11075255291099798,0.01012142801788112,0.003835609206910711,0.002604744779235613,0.0072028079882349,0.005137408765735977,-0.012044799916370903
82.276,0.006933860516812739,0.01893599905014192,0.006770895168751587,-0.032449501219908534,0.001870953890360052,0.07886599402102602,0.0,0.015817183524374744,0.008744720618538208,0.017820893332257805,0.016580849555907714,0.006409631679061352,0.011868245144509605,0.008175520814912724,0.01540325296990924,0.013834676030721563,0.029118839764623282,0.02247068365263165,0.00045156593342493204,0.03147022710572873,0.0319392418575884,0.014029496532486252,0.0035410778851447102,0.0461651460182161,0.027295042475292176,0.0806849838028795,0.046532866718626956,0.023589905116761754,0.005097875190667997,0.0036051496758433125,0.006424713795255728,0.006852963671326695,-0.020821503702191366
82.778,0.009319264105182877,0.013452924121634955,0.005265399823107434,0.04055451870118073,0.0005478190146014289,0.02076627033420952,0.0,0.017397639348910775,0.008148806893462883,0.012859128495351138,0.013810708194952582,0.003623277227223932,0.004936259228402367,0.02697779665986167,0.025405778204816636,0.020807070678638698,0.03698273042955755,0.017226219998782065,0.015789208894611054,0.034644918724150514,0.01701864579090052,0.0032158782987690426,0.011388206764897154,0.016046253809999557,0.02769161602828319,0.04326940141877868,0.05777461909274821,0.0288457693236586,0.0015967146842597608,0.0019993112618029553,0.0039190863025949105,0.00714404784423162,0.05425749873828315
83.277,0.0003479922641088621,0.009047049071486742,0.0027591428132768166,0.050704755074511006,0.0008973735346427566,0.004936095057047568,0.0,0.013106451876003707,0.007249664295968471,0.010480200065901842,0.009363767976491253,-0.00250687927833,0.0015280262123002575,0.028002004958264735,0.01757930990199269,0.009646152692555017,0.019394936820634687,0.003338832409376591,0.008138889299582558,0.012868070421355404,0.013320530475995315,-0.005255491461279557,0.0065723925211462735,0.016043217473277076,0.010465878134772346,0.009739861028422954,0.04209014227973591,0.025855295342232496,0.0029003991197932306,0.0045761158907525416,-0.00034509317019922026,0.005203231754489921,0.07506794971344873
83.786,0.012652135417149192,0.02196094196009207,0.0029422593691139204,0.07734873482833488,0.002571293489643077,0.005542013684497832,0.0,0.012732066498116961,0.00027186929428209446,0.018923910315577594,0.01860011324500812,0.0014071636268507368,0.0009414437075236377,0.040802226881856585,0.02058870251748427,0.0014224545513832805,0.023348840784623983,0.015488682485922618,0.0226937274369011,0.021008074150405235,0.028514566070670322,0.010798288414844627,0.03566492540720849,0.02909162461860689,0.035526790936744886,0.01147521930973074,0.07066058582341067,0.032000630570293766,0.0028379471575105753,0.0033149530905844013,0.003683617431552399,0.004990902129738244,0.10663796756319444
84.278,0.00812376285070134,0.0059769413260042465,0.0031222255637770994,0.05330559016000878,0.003350406842543711,0.025881862774206302,0.0,-0.002055134941509825,0.0053802086165663865,0.010501665777411661,0.009695228698203223,0.006913169371497949,0.006095691573351465,0.04041831103761551,0.011297743933402458,0.027392698895641634,0.02097712375761262,0.004523347401507864,0.014516509990421079,0.04963253974809816,0.013785580327354555,0.02086324265450073,0.017827922320847713,-0.0007000595934085051,0.001488868249025083,0.020276402548495057,0.049456587087153156,0.005577085359001862,0.006086500567821233,0.008698577119690474,0.0040624920866299255,0.0026625180745638204,0.059891930657909126
84.776,-0.00041527667615361,0.002927052115347511,0.0048264964929423376,0.07932682085963146,0.0015886046014102805,0.011060552656359838,0.0,0.013860182854072266,0.008721914632062176,0.009703966260826435,0.0039727966655506925,0.011673404676880089,0.0077755945814821275,0.003020665358550157,0.006086837081487478,0.0073711069055514625,-0.0009506083142739549,0.03373230998073919,0.003762005804556607,0.006891853235630551,0.010745329265949092,0.007499129529477247,-0.014112784699783878,0.01663828688447457,-0.004822158138082557,0.008460503152726439,0.0423337775502285,-0.0013044761388650787,0.003301360876572796,-0.0002630050798438488,0.0031080207099061516,0.0064249511184167754,0.07431661665989212
85.288,0.017662160804704216,0.01973267280039039,0.007750532170984037,0.08157110630849704,0.0015100584433266299,0.05858844415621087,0.0,0.017138700844086835,0.004022389850175426,0.011738911531540677,0.009725075696078155,0.008989411126123337,0.012922616078191704,0.035522280790944105,0.028101123004511945,0.04266352963214868,0.03304202478758379,0.0265869240558083,0.04263691442500602,0.00964926944880542,0.017402598403702153,0.02123309642043438,0.02538977777434602,0.023037680959287897,0.044217623833648745,0.04387955854540306,0.08254912737824416,0.01528484737136973,0.0026300623086427913,0.0012769783038081798,0.0017988197553270747,0.0005114882864095573,0.08234762584895378
85.776,0.0039696418441521174,0.0036774018297253863,0.007201377535439635,-0.0012636058987532646,0.0006412735125033052,0.0006667683865503581,0.0,0.013146609722381561,0.0018489627890343854,0.011073734001720818,0.009288797057293154,0.007047799075007382,0.01973770717288707,-0.0034595372471286244,0.03590088327739324,0.025161497204358917,0.005272533455357711,0.017356453968161385,0.01992857567503013,0.010775290486191304,0.003946120070281169,0.009536703319148996,0.008579309555222868,0.024702863229658333,0.0403094123180638,0.01234826478712537,0.03849006606397234,0.0210410593497645,0.0012301820823420165,0.003792802169732439,0.005224925305790268,0.005214556418603718,0.027274734508403346
86.288,0.008429762213973107,0.0004492755414526588,0.006762177999800194,0.08994238423161835,0.0011700823089457006,0.0198867132942652,0.0,0.014095055847293448,0.011940052108976465,0.01366540736980421,0.01577174816160082,0.006732959561481016,0.010415223807354374,-0.006954434287966934,0.0396088636100998,0.038454054867888665,0.04475844887308135,0.015519265224234509,0.016441009980958994,-0.006488478139032831,0.019004368828413328,0.004849542629582974,0.02188246360609669,0.02216823920520102,0.03787109735735859,0.02176153140297426,0.02554062934762382,0.00013999526028112873,0.001278156712802397,0.008225250623607693,0.0050264493409390475,0.0004349034131933544,0.09103199443028792
86.777,-0.006136246537687566,0.005471753118751534,0.0029136371598725906,0.060725150506620876,-0.0006860256908082147,-0.0026670735462010456,0.0,0.011630118475166477,5.6726777961789375e-05,0.012867969798263998,0.0007711988357611075,0.0014458921054792276,0.008917466822792942,-0.0008737943479967284,0.019954826427321767,-0.004992092233411562,0.018464385062621352,-0.003354122481469573,0.009803117940785682,0.005661016948646935,0.010238399304840341,-0.009978834500315913,0.0014364409692309177,-0.009921065498257305,0.03217158347458717,-0.004022348655004018,0.006642888703907524,0.023595865878531724,0.004270986781729305,0.0074749824741533535,-0.0013875215732259668,-0.0023373564161962403,0.036303990954911186
87.277,0.014810980937911543,0.00875769607413068,0.0036489853211411965,0.09583999648967392,0.001627498100636118,0.039348970501090264,0.0,0.013799575288936486,0.005770375099197124,0.011565911023004853,0.004936562935657572,0.005955906164258903,0.007831134408048624,0.02268133911260356,0.02602385223045178,0.012473361921323284,0.021174215463857598,0.01875891265543052,0.03738844254844809,0.03219392233112395,0.02735783941647838,0.002275975189337455,0.026221490806804484,0.02711409980066223,0.03597424760153798,0.04850739532643875,0.04553035834064361,0.011564087947027263,0.0038866955961967833,0.00262387345244464,0.0029523500099304565,0.004242676657367932,0.08491515266818027
87.778,0.011018777782689117,0.006801677606194399,0.002651494789818479,0.07501634396676143,0.00126770577380673,0.017033242090245204,0.0,0.00512694638534702,0.002160762676828816,0.01813216951171816,0.014110149276605855,0.001972865304090337,0.003117961411149119,0.011886271614707926,0.026879367521593835,0.010304939777981779,0.0065997442194288295,-0.0164462195945879,0.038951559178357256,0.018137167178934138,0.025452616018749312,0.01712395797860439,0.00843346627601509,0.012591669725225012,0.025038648902202386,0.014480114334257556,0.01761880797623871,0.027259102757646,0.006534000328632059,0.006962503880673282,0.006149243422232833,0.0009871123320780648,0.07128419755692812
88.278,0.0064961278988724495,0.0008327264386891975,0.0017924852607633498,0.07694919425149625,3.393848495766544e-05,0.05327982357833911,0.0,0.009078941374266646,0.012475518339767837,0.010186964995461456,0.004666023750273267,0.0055121551941026995,0.0004447604801219952,0.017096621102767832,0.026324329709218636,0.0240162247176188,0.044388700805743704,0.011352719229017717,0.006134457697628394,0.02216687367013246,0.013482365128726276,0.0033166420811218244,0.014873705296383148,0.03478559363991592,0.021347350475804328,0.03577362177113987,-0.0011574094916912538,0.024494810016165214,0.0033245341585792184,-0.00027143530785009887,0.001364542001239392,-0.002190325235936307,0.10319375665350981
88.779,0.015582890823816545,0.0043772245107996065,0.004121308577338941,0.05131790028923469,0.0017887574315425957,0.043541514941319526,0.0,0.014750236274083691,0.00836241332050538,0.008379239760864984,0.012677306397959533,0.005546097553702594,0.0036966897485630466,0.011309181656522123,0.018852206129429696,0.029229656923402892,0.03564265662123655,0.019586424208050526,0.037044674918495626,0.014786288205955466,0.021323074023405608,0.02215822258822392,0.029599484927528393,0.026075224338044052,0.03770194256956084,0.0379812308084199,0.05872100092944619,0.009579245691842014,0.003135148187013982,0.0059031979463941234,0.0059467925556944265,0.0031690393030849606,0.07760349420571169
89.288,0.007001991223704177,0.00722749623485321,0.004231225733141172,0.04773664262791126,0.00211136531136065,0.0010046171567292634,0.0,0.01785844587635333,0.013343840845970581,0.01577039901911205,0.007971437355661085,0.0036356865512560893,-0.002548736036535888,0.003937261649457566,0.03018289248665425,0.04448339178880617,0.032045742909974105,0.006521507233871292,0.030785364952234863,-0.0013202481088137076,0.017407655471104542,0.005965633534562673,0.005986618420899372,0.029509211915409107,0.038470419508552345,-0.00046630820148315505,0.0004051402134048075,0.022022929262742994,0.003753808657581933,0.005504879387836584,0.006226930468323307,0.001471040195624849,0.03818459128427277
89.777,0.012513835201668454,0.019649907585170785,0.0045771589835679,0.04250214065746452,0.002460437653329931,0.05334267163191645,0.0,0.0054748718314314385,0.01057021789167963,0.008988976435452904,0.01269487824771826,0.003730560737700871,0.0016714399855393804,0.03966592229063624,0.03414980149937651,0.027478171727725837,0.016687370441768015,0.05209406913123396,0.018128491207063942,0.009977110908863558,0.01251933595095095,0.012226507630385738,0.0157854738613082,0.014751460598673848,0.029123341452993893,0.06833311561278088,0.046621444208869545,0.02113111957616921,0.005928935686456554,0.007465626515826861,0.002651992651245159,0.00576409996951098,0.07632308789565895
90.286,0.0066109835542991725,0.006754214250733168,0.006353780591195875,0.05360431764995042,0.0008224027426816827,0.11479848809731484,0.0,0.018235289475445192,0.007205777263998724,-0.0016946992608429402,-0.0019182666660853824,0.008297106431421678,0.014674716136941891,0.014966852439643817,-0.001662852927340109,0.0300700550308585,0.01868181615894578,0.017136574513719506,0.017170801276235555,0.01101806653277232,0.00816596397028113,0.023223512237146318,0.021149903692549266,0.030483984261113723,0.012430643377835606,0.09754907534972787,0.005249874023621459,0.017558089769384843,0.0019584413270649884,0.002358351936451407,0.001809593513377707,0.0029836488644191523,0.03954217118550307
90.778,0.009654668185219878,0.019184566894307937,0.010755699747603207,0.07839314900001462,0.003044318621212855,0.13009311938228096,0.0,0.016066235263799536,0.011735096592477985,0.013725556066504769,0.010823743897750263,0.010374971624968296,0.01810698232751259,0.021513627842941876,0.019130854815229133,0.047360813230435825,0.0123651153018245,0.02254284360291195,0.017735491685445727,0.008409982556047054,-0.0008473419405403208,0.009555823491312758,0.014957309644299272,0.038534915575163954,0.044717593203082814,0.12863465588477785,0.05219840756577962,0.016930295239809358,0.008734529092635787,0.0026215956667387293,0.003748908526793815,0.003482770211874884,0.054759863587698465
91.287,0.0031631244832709122,0.0017705984949863206,0.004102469229008528,0.027859721216762303,8.557769916096817e-05,0.14037166379748442,0.0,0.001901269017066284,0.0033367383883431746,0.008354107405087246,0.0071678862715619865,0.008650680154840369,0.01922053364627307,0.019817507863836577,0.028418798030330445,0.029516743217909668,0.004799076893270363,0.014656018837075046,0.011663260959003297,0.0035847027785414986,0.00577448941379514,0.005203015353284638,0.0027230163601481864,0.012368749844448466,0.03232576871350451,0.12909649539275536,0.0443865712786409,0.003350392485645082,0.005061151863252244,0.0043824147035941155,0.006948939031086817,-0.00017437588839532415,0.00043911196204197625
91.778,0.011214133503641935,0.00955437753320832,0.00177822090339216,0.05055603798996781,0.0006439662993374736,0.1882901055413524,0.0,0.012574682678519656,0.007910814414504596,0.008810081696069248,0.0067656464919237805,0.0021465484511693053,0.0018056961320736852,0.020482056297372354,0.01332644160565781,0.04906813823924879,0.01251850497785942,0.012877675090284642,0.027703068699410742,0.01904272005393188,0.017007977882406797,0.015128598304092227,0.00785738087137599,0.04005735460082814,0.030717717797483293,0.1787402709166821,0.014604668068745396,0.027150763341685827,0.003856698993459179,-0.0024698726542922212,0.0010057351695472172,0.003127596644325984,0.03986296328781809
92.277,0.013570797245312417,0.02077154253372942,0.002087751951647133,0.06030141550938178,-0.0002164226018412517,0.16872289473705498,0.0,0.004753420509263017,0.005007058421602012,0.015968300675873275,0.008380606927027526,-0.0016197060203074032,0.006018745550469865,0.02080224163536587,0.02481648155203829,0.025704523056678415,0.05095114539576439,0.013309119998695145,0.01941219405930313,0.0022081286311581485,0.015451998075570739,0.020303691775999267,0.03089367793679311,0.04698891421532281,-0.004252100477959182,0.15737317701338716,0.057345637615834395,0.04239546297331903,-0.0010674688812871767,0.004017029201785859,0.003773530156341543,-0.0020928282179967857,0.04479311869199434
92.78,0.005332078042554357,0.005360129386543192,-0.0033562890405761958,0.04668139917220954,0.0006078516823317115,0.1562666485954537,0.0,0.005844362954655563,-0.0015466470284630303,0.01624590929868988,0.012071125093283157,-0.006293567592817176,-0.004027050347344165,0.01467166208886901,0.019372325244817096,0.016958201908564525,0.032787543734560116,0.010454901838815698,0.037054981169137725,0.0050305903147169284,0.01735028854100624,-0.0012585767292166985,0.013982872913846272,0.02219214957860833,0.03394679842906804,0.13595339609650883,0.038988224548898144,0.030830771817931157,-0.0026443850996741344,0.0017681458008992094,0.005809425073568319,0.003095938634789406,0.04856257823487846
93.284,0.004509850481492635,0.010733598276957522,-0.000788302297526682,0.025605786812188582,-0.00010860610060590708,0.10091906154864343,0.0,-0.0022216469675003757,0.002256296842330836,0.008376085451232279,-0.0030950496150083345,0.0015137990375532968,0.002738265452427312,0.02453008433414447,-0.0006223874409990831,0.03512774838545581,0.003722246669854384,0.030273514763786227,0.017243583233504643,0.0016368647801831087,0.02010626097266622,0.007286495297677496,0.009058963564721231,0.007542525162835066,0.027193234315916814,0.07790845927096722,0.06029802148957787,0.008205626712650611,0.000203616422521461,-0.0012127894810290757,-0.0002057684565273422,0.0032981784234434363,0.020136064374362814
93.781,-0.011053333956108961,0.0040626990894419,0.001701166857490915,0.034934878438944654,-0.0018355014173939528,0.08305765195795488,0.0,-0.0018252084921642259,0.00506897468011962,0.00012829686839794765,0.0074177573259390514,0.0035553749780492297,0.016120336216349132,-0.001999645893638369,-0.005028572995169208,-0.0019118269841485454,-0.0038001981513311927,-0.006659150233376734,0.008833660783300296,-0.012243509603266317,-0.0035245415765850366,0.009648996251845196,0.02079336554624481,0.0152931520182458,-0.028809853315052168,0.07371731260363683,0.062415865020954704,0.005415629272973706,-0.0004072144193666397,0.0011151941916716565,0.000655083053654409,0.0009064613973194183,0.046330553656810006
94.284,-0.001947787325331361,0.008121378134420473,0.0030042045342061397,0.06724087302898989,-0.0012893586087738733,0.09640220059814178,0.0,0.006118379199928579,-0.00027921325378268036,-0.0050038106853470985,0.011190392864748783,0.013793573128714072,0.01742097984627756,0.003374221966183975,0.010917274260210476,0.02601296533520823,-0.004397214609466082,0.007615585117949803,-0.007044205118993867,0.015252221977367862,-0.015780535315072466,0.010144116159442669,0.017794053033479775,0.007159251864340326,-0.008077363385230492,0.06667735138770525,0.04947976288902956,0.010820813880486111,0.0007313725284480825,0.004280201665155544,0.00255936515003116,0.00033282306483243114,0.0675736746351578
94.786,0.00745320803020156,0.007539760083696891,0.007078820508991094,0.1287269361739969,0.0015917993709133702,0.10279201373844073,0.0,0.015544707490104578,0.006860966260554826,0.012025565918473508,0.012852798999783968,0.011911701999986419,0.02109501614897457,0.0342902923137387,0.025238269719413144,0.017924180919334544,0.008514566880892482,0.002072395050027319,-0.005233995467427179,0.01325638989109075,0.00854391397408806,0.03098948161006739,0.027076261862064462,-0.006597222933309433,0.023019936997447605,0.09753366654138995,0.045361064728534475,0.0274017036127485,0.005940078029649462,0.0015091854287585806,0.0004449384870544675,0.003107034617423452,0.12114709772576693
95.277,0.007309551044609351,-0.0008768515124195994,2.178160696039575e-06,0.09106237112960924,0.0018012420218924488,0.13005613068743702,0.0,0.008131009549737554,0.0012639886890042523,0.013759024067807182,0.004811846500830427,0.0018302639203801514,-0.00039295929442211913,0.03865877908345429,0.004040380622537757,-0.006891440741594407,0.0028577875095261787,-0.0006573298434469394,0.03458125543585064,-0.0055776040715180605,0.027447222237012465,0.022281541945816833,0.026604965577277852,0.04123777810973032,0.008359310248558963,0.13401885869441701,-0.009976615373518174,0.020999497712416396,0.004265319291002291,0.006151410318645117,0.005337764760068646,0.002086070033989766,0.07240638383110194
95.792,0.005990373106230559,0.014314874133157766,0.0036885560007333027,0.058255994096523246,0.0017250482927243264,0.10956040377781665,0.0,0.009910296996129246,0.006572745671321744,0.019841022540417332,0.011238677406822353,0.004028306573852089,0.003284648574394084,0.04156944867384673,0.0005546530338575294,0.02168434816603641,0.02830357286421193,0.013688793812379042,-0.00032293855937267545,0.020730085774723572,0.01075488276465882,0.011823321736655283,0.034505644778120015,0.010447180612382995,0.012856964847465815,0.10771228642186145,0.04424742253724264,0.02766683575416041,0.004949668069222899,0.003729288370540735,0.007727110591663185,0.0054893423701685585,0.04881961435387175
96.279,0.003920126963257851,0.012029710167441001,0.001222741346030665,0.03132664065031003,0.0032954859713782677,0.10483258388921511,0.0,0.017811127399682308,9.49599846463138e-05,0.014827094712818133,0.015780555553131206,2.6965475059217445e-05,0.006137713296356886,0.006946589165028091,0.01828064712620956,0.0038407686842768457,0.007248832101559746,0.01834052592051702,0.0129917152761897,0.006440021383574043,0.02144625652445975,0.0075356145300606555,0.014393210790710464,0.03306465585975682,0.011269003488814865,0.09927992236050334,0.07009877571722803,0.012242099669265621,0.004162269286178549,0.007470385628344563,0.003763082277080724,-0.0009585503398148187,0.03724637492751782
96.778,0.002037998107220731,-0.0023829830458665002,0.003366969847019791,0.00012916338119374856,0.0028459514478887658,0.11969521711033318,0.0,0.007068515061351869,0.020222371754558044,0.008536892048408122,-0.001447121582222255,0.00981726260448771,0.009962521292028138,0.009850195543355589,0.016522209611973055,0.018052794538647676,0.018114136032469048,0.006090261528206909,0.01034132993012249,0.00790927382480849,0.01581972068861491,0.022092224673828507,0.02516454081386605,0.030139476270309832,0.017239695560749696,0.11804600617174328,0.033334480897404054,-0.00432161662164531,0.004607292200552342,0.0028575057701272486,0.003898965095896464,0.005716570066675849,-0.008782988750508956
97.276,0.012096642285452933,0.002738201533906884,0.0017005449329577232,-0.02568324272078519,0.0017500634256111388,0.09462759041725799,0.0,0.017309697868577997,0.0002233079294623572,0.012165889496295669,0.0066015440602887445,0.004428269837747025,0.00038474575772141695,0.023090023667036982,0.021055505228562768,0.021840271517971688,0.027860842827391,0.0060189795198041995,0.0328359419908028,0.005583171145472969,0.02409432052982112,0.019958376313608733,0.023557833569554962,0.015015850327810953,0.025138161443018878,0.08664982713180254,0.03023969800578207,0.010326390898239373,0.002168299705889565,0.006658719099905112,0.003306925393995548,0.002601105422788513,-0.01919372570569966
97.777,0.014607279680184894,0.008025948949993426,0.0044470053781295715,0.020659058611901218,0.0030407637127503728,0.10097675316538983,0.0,0.017591403112034533,0.002003008173375682,0.003829878595781467,0.002027024427592332,0.010816911910453211,0.013688977300087427,0.0309409415600048,0.04363204514893853,0.022997826815836876,0.05100436517150134,0.0360165579112555,0.01333807816415993,0.011659741864888594,0.032998263244038255,-0.0010624508625683054,0.01647723298097514,0.015857360838600572,0.058098621989499326,0.0914319066354083,0.05268734715506329,0.010188441897233773,0.004434792956757513,0.005617230359633392,0.006120847266983378,0.004116913914035662,0.04121315495818857
98.279,0.010080036670207699,0.005445302875202044,0.005488776697040789,0.018715378033685958,0.0025355206949677655,0.08063625066281775,0.0,0.01284530920915733,0.013146747994591708,-0.0036297457535839133,-0.0006068127835802913,0.013356353904050362,0.014440900284235912,0.038659903743365975,0.033015614521308974,0.035188654914261125,0.02033324942631913,0.020710967171623733,0.012181251485301903,0.018868858969612247,0.023178772650028146,0.015115031445592446,0.01514649300384045,0.005018990996083298,0.03887628724080197,0.07023945946637851,0.023852525909544092,0.0003004759267488239,0.0013049452648377672,0.005751208265036246,0.0034061632174271095,0.004974977527909064,0.00368515612029783
98.777,0.016497602127482903,0.00736149883176827,0.005493653874679895,0.04968586230680001,0.003930150885110968,0.07711759858169674,0.0,0.023762647981298863,0.001866240224329569,0.00860333719778727,0.0033167264163889237,0.007593586718521564,0.011068867809449393,0.042698401381017506,0.03574163507127189,0.013651321083509726,0.031736163750295664,0.019813269879850368,0.025955030143542262,0.013572586282288515,0.032627951683467334,0.01502585965351684,0.013812944610834496,0.012059361400310806,0.04998856140983593,0.06922618493091512,0.03954754712253719,0.003393307613274108,0.0089351799624898,0.007919025513956119,0.006107904393425845,0.006253824985661671,0.060449274594935896
99.288,0.005363644735134666,0.0008924499813837845,0.008224325672416552,0.07012566954832572,0.003750923051907491,0.056817151521101505,0.0,0.009977950944328419,0.0026214669869653916,0.010444326057400928,0.01194667273976298,0.013954302816923418,0.021485511943279557,0.01816110881962194,-0.006807604355347449,0.02237854823416819,0.02937174286778152,0.045788872781119414,0.031273337830767876,0.03393981037167519,0.02802185298435828,0.003463621723444566,-0.0027645203591721004,-0.01477389440311833,0.04856119476442081,0.040426040213123675,0.01988801298789861,0.00012479457859014626,0.0022070293416211833,0.008852133997754634,0.00027096409138850695,0.008133979100387684,0.054619641595843114
99.777,0.011985608180213153,0.00810896640067405,0.003626500919540418,0.08057776290182728,0.0016307055500920228,0.07094638282274317,0.0,0.016733291083828417,0.0018082657489163641,0.008675186741754768,0.013360021807453798,0.005189153313016915,0.005753110359256312,0.027367444294549608,0.03193263482534381,0.010983176798238167,0.026718862026743104,0.028688046801099824,0.04258650766635543,0.01964853666092005,0.019188149416296832,0.02042518596064759,0.02330550128677236,0.022963910816302325,0.015288269226886468,0.0680341201722117,0.01305399176878024,0.02463680280342791,0.004241015487459669,0.0059607629864789685,0.005057650017929316,0.006923514061835203,0.060488413568277805
100.278,0.01980998864923893,0.007058943302319551,0.004114232430924353,0.0765648090824258,0.003854659550567232,0.11581366537429247,0.0,0.014977270779720706,0.014014646697419638,0.021317534354406774,0.00919434965372252,0.0021885634017807304,0.008482932872767964,0.03589915516553206,0.03973666449879904,0.03534107351696096,0.030359264036795258,0.051418853762313275,0.04569253323896929,0.03183178719384291,0.025617097930606403,0.005267372830601068,0.003661601278613847,0.03933356252732584,0.029654977607193548,0.11896468054788828,0.03855438533390419,0.01861994527944521,0.005475703703914056,0.0016710005402837055,0.00786195153767902,0.006260126045263566,0.05913272762173588
100.776,0.022261228223886757,0.01325242680103373,0.006727830365626261,0.10235451901134247,0.004081434806719388,0.09966550396688964,0.0,0.014918014959277097,0.011968573089470943,0.018834708462547523,0.008856012100384133,0.003129801712492919,0.00312541720092444,0.039096075739404365,0.02404502578251497,0.022364004484172445,0.03310399037752157,0.013769496003938213,0.05647660434699099,0.033379804592697904,0.04508471904212621,0.026148330261894406,0.019736100441154657,0.04640172477123979,0.06752653170840216,0.09479383825673439,0.046887162285124094,0.02201118118760402,0.006259257740837333,0.0020239439690188637,0.004544658709619501,0.002296040342259815,0.0934817931342829
101.276,0.03009892192463552,0.00879246514704392,0.004194954255529215,0.06178878893711923,0.005858544064586239,0.10416101858688477,0.0,0.014305614998529231,0.0027568962493880592,0.01209845826607646,-0.0005362100187006266,0.003753713420604806,0.011583923030791983,0.03723001155672071,0.03051280455841136,0.04253769003830972,0.02515571831701508,0.0482724895207366,0.023363968543514375,0.03524465702083218,0.043588190430846926,0.03347340049169802,0.0339823611468334,0.05706153962560677,0.08223800709425663,0.09715683137455881,0.07282901963214407,0.015974725167591363,0.010528647607957471,0.008161824320161137,0.007648422254153707,0.004980847441601562,0.09482519145021986
101.777,0.01443134498443301,0.0013719684308452114,0.005396585545362704,0.017786176269184713,0.003879616010090388,0.05653535670815503,0.0,0.005268340008163129,0.01360485002024791,0.007580799848987027,0.015357908144056171,0.004568101656934154,0.009534240507022335,0.01842151693459658,0.013971393090360724,0.006129247094185385,0.022609263356879884,0.038425369148796164,0.019468258808761844,0.012911278091674082,0.017126463518496105,0.02399240431762715,0.018021386898130154,0.03300232603798475,0.032279829995976755,0.06607730097256753,-0.0004282032398941613,0.0011821448231652861,0.003966121915077053,0.004773850165261349,0.008423089597815705,0.0033853822152147424,0.065267511483606
102.289,0.02004038827652024,0.006641522251028878,0.007387238248122366,0.038492124017574326,0.006419885864721863,0.08476876972557032,0.0,0.02540226672710205,0.0073411703827044065,0.010807037314903341,0.009171439092224652,0.012426511665430193,0.00765556686020668,0.02217002601602226,0.032241250691286985,0.031465053371879874,0.03187984944572569,0.0037191062516902023,0.026628558911556036,0.035443520501840166,0.03510245181699457,0.0329810173004422,0.02370588166517573,0.05749755768673647,0.05124814619051672,0.09436822311722295,0.01415357350296738,0.0106091441026223,0.008386318282531766,0.007029242497133669,0.0072635397737807516,0.003872648485427137,0.06098974427317667
102.777,0.007477937394577044,0.011110577715917697,0.006661477254803459,0.014070561910562458,0.003384623117221228,0.0826962398892719,0.0,0.006155542637778949,0.002553310937218369,0.00585213844319092,0.01113389781931977,0.010569560736018554,0.01504352225160776,0.00902934309053095,0.03965530090170034,0.038756797676161935,0.0080267118900991,0.02806019992295159,-0.003679423251462079,-0.008030339576320822,0.0016137631961386898,0.029340362399329946,0.008077035157215555,0.029694658681224433,0.005638479611264736,0.1007094138390627,0.039415008674842746,0.016879413993849592,0.0024673742488847458,0.007351374197295935,0.005590231515793719,0.006556475290424446,0.043235406798208996
103.276,0.004367690336123904,0.0057308262399074,0.006829937181394237,0.06622269399842065,0.0033315086314437293,0.0026937383832833298,0.0,0.00589246273847117,-0.0012500694979497658,0.015808777803923035,0.00952993831000081,0.009265894399581334,0.017116627714813527,0.00015413448006704292,0.029246740123471945,0.00961975304351869,-0.00021978010408251714,0.0024509518284310085,0.025188997026006216,0.021483214562026537,0.012593148044118995,0.0016218467701655701,0.0012660269701901016,0.02197396848732291,0.037662464848136554,0.008434981148312428,0.02938540096806767,0.020985400924660547,0.005792113917230512,-0.0003921644786274276,0.0029465282549673523,0.002196985347883867,0.08576946494548679
103.787,0.015496743116024793,0.01536117275525159,0.005716616525437808,0.05534189227160666,0.0048569909305502925,0.02094851355002873,0.0,0.0015478400489436787,0.012855261315529772,0.0001411174315353294,0.017308353328765916,0.008983804096967469,0.019114645606074867,0.01338872456649291,0.04616694632962642,0.020776925382034576,0.03193456082938544,0.022991806086903398,0.01821326930676272,0.013728687594727479,0.002016554088504015,0.04139941064048444,0.02306050864583747,0.03934658555295483,0.048274734725664,0.0361321691295494,0.06642737822033767,0.018612308233242978,0.004348788430129513,0.004313336908629232,0.0032110837098423294,0.009561774888449885,0.059189644412717166
104.277,0.012085241253417383,0.017561549737936836,0.004036840010545168,0.08617939259310801,0.0047514936702389675,0.0228589365175629,0.0,0.003209182982653342,0.010981052317448036,0.015264762655531635,0.009540709946173667,0.008279170725823166,0.0018573566704355555,0.0105691468943411,-0.0002252240537604314,-0.005034119390332347,0.00957568155433631,0.020761145458682212,0.022967907716990577,0.03526004922332656,0.007536325642809029,0.03158661504562913,0.03325297251492179,0.04980351636125592,0.04685521578907031,0.014960574024567604,0.029185118506703085,0.03083686080990933,5.312018142590486e-05,0.00843031002519956,0.002869449701257583,0.008962131484613682,0.07320757287436314
104.788,0.01736124999100421,0.00797544747794319,0.0032779972366590816,0.06735166605954926,0.0051396740356426775,0.01899177489472174,0.0,0.012039340297409475,0.002640691690573879,0.014080321826127597,0.0077434546185159835,0.007578949296444226,0.003677649332279917,0.020946550000514083,0.025088059331986805,0.0045130031803834,0.04704098095050528,0.029878248947630432,0.008942467558635238,0.02474233505659231,0.015178957210205233,0.031129044317706005,0.017396653053670986,0.0324530984497036,0.0409897066587909,0.03317997169190968,0.002875757866579148,0.03416863042305289,0.0061068340433439346,0.008644875335374006,0.006370743622639484,0.003492403349317263,0.06875770720256642
105.279,0.014344416511124933,0.007352399007870918,0.0026294245232573467,0.0737725022672731,0.0029655527243078873,0.0029091227559059104,0.0,0.01753944956699928,0.01244405570932212,0.002661946558126442,0.007003339458755894,0.005359165045736688,0.007615167902909438,0.02118171103328533,0.028462383290371308,0.023714504919804164,0.02130738931509645,0.024699870689899924,0.017739470864371776,0.01667596782882881,0.036026365765002864,0.009858800940255643,-0.0005153556629860514,0.049394113078343654,0.04084477557173871,0.012515723604665909,0.024632913767408032,0.01543325476240743,0.002721035846260775,0.006659305965079953,0.0021531777658638875,0.0014223610851733877,0.103677241883427
105.778,0.009656731816427663,-0.004481195336559337,0.008627770022920218,0.011138997573160664,0.003739781170279882,-0.005267566854792141,0.0,0.013737344057620856,0.01481377325143808,0.008562902113296406,0.00571626954930154,0.012533898926350285,0.015618078856138494,0.016780313552687394,0.018000171458907973,0.01829367180171385,0.01889501228340934,0.005152175612874556,0.009125772877439054,0.020331331526230248,0.019342973139690467,0.02363459081758962,0.00923662320491577,0.009471578276288164,0.0351804940603968,0.00986475096430408,-1.3709542896890016e-05,0.005824261098425227,0.006915091644949463,0.004231172969860773,0.00766835035662515,0.008275568771753073,0.0357627228606362
106.29,0.010047069555243504,0.0018928784122409995,0.004921414602910404,0.010927591012786446,0.0033651752620367905,-0.017067176776753075,0.0,0.005449775999158874,0.020138936356575158,0.001103519846197485,0.0027695790887206687,0.009324266783891609,0.005217065917142835,-0.002114604873994779,0.03726451012430731,0.02950339013123494,0.030240342309141216,0.016830094272105155,0.04295819619249304,0.027301923039156423,0.018833236248583355,0.023688598740270315,0.008072238511517473,0.03676186741499399,0.011890018200934816,-0.007373055543434225,0.02860943516829928,-0.006264359836222635,0.006303439722907356,0.010097952905268659,0.0006461121817549584,0.0041247329943547425,0.01881752399269364
106.776,0.018453166284562863,0.012231347665148653,0.005226928658876608,-0.026888620420410576,0.0019289453294235024,0.0014119115207601018,0.0,0.010832251910697857,0.012642909393640371,0.004516768630758159,0.004666780279553207,0.01144081180228753,0.008468122558706841,0.019774769687768187,0.04849287676164483,0.021850637722149662,0.02887044754999293,0.014462473528218776,0.017987824586571555,0.03223017593468199,0.0318771128482189,0.024007569137595004,0.01719000837503289,0.03814813390489495,0.03242655338739451,-0.009103837863781498,3.4273857241845506e-06,0.025238250167956035,0.0068436867324030886,0.00918682879617625,0.0058600006441318405,0.002833379177763272,-0.0060371658391335965
107.277,0.0224816214270445,0.014334534041984365,0.008479114033344344,0.022158746591320683,0.003915554038954269,0.02982025507707094,0.0,0.018963560339641604,0.02235208679293378,0.0028159765900922415,0.011366864944391531,0.010935846423959889,0.013703702713055503,0.0431480974414886,0.03468967326442315,0.04223265376062074,0.026213233023023464,0.03803682742729942,0.0365687392001598,0.026632285581646434,0.026197039961335763,0.028604162803686835,0.024148591959196414,0.036640282856001176,0.0596889304576223,0.017137453445448446,0.04074165482753052,0.01566435551044729,0.007798988651270369,0.007955414851494593,0.007736751797829616,0.0063573178745440365,0.040468935047812064
107.777,0.025886999680421796,0.005804723911902788,0.006061414345946731,0.04313637439395431,0.0027922987895963184,0.012738498411618825,0.0,0.015327360504126392,0.010400149171878235,0.014504969792380131,5.3323878634529206e-05,0.009626284538143584,0.007238819636499029,0.04853220920112727,0.04811714060533556,0.005890250773814878,0.030388670371078046,0.027559174556698735,0.027865566876605144,0.041123399883250235,0.05218335668290392,0.009849282883737317,0.05284387605496837,0.05617685706290338,0.028118393948998243,0.017927121616297698,-0.0002638487035753482,0.016118607779482833,0.0058468780048601034,0.004502956351892241,0.003660132585812317,0.0019109321960343666,0.05974879353082685
108.288,0.017153934888813265,0.0021410966137485974,0.007072461584363883,0.005882116231185049,0.0024872548936442063,-0.03792963924831075,0.0,0.0024930360869719905,0.01664249862326341,0.006513531385015729,0.0056658401381019675,0.016013930961971633,0.012965149767972537,0.04863084996814035,0.02083536543419703,0.025186394280629756,0.03701954411588722,0.043196040117062004,0.02927895440078252,0.036317848076309965,0.028109923867760348,0.03766434366229127,0.030126547784520123,0.011769803203587824,0.024343441644087763,-0.04127902351754835,0.018876452560639006,0.005519188592180644,0.0030660163146459126,0.006127475415185711,0.0024470700764287166,0.008703096939156208,0.0358624717291708
108.778,0.00842288588314666,-0.0002784715369790958,0.0037196507000740683,0.030362641474394672,0.00026735785732502593,-0.0012499200096604483,0.0,0.005952126306772561,0.006551207216685653,0.011443237111926727,0.0031325513125775467,0.01069036712993413,0.0028000753909213807,0.032592113686971756,0.024385102172487818,0.0114428033807343,0.02397121933644813,0.0003082205608957184,0.024558264163921602,0.0078018447744524376,0.029209865155140454,0.0012775534659265875,0.0022660975169586776,0.01457601944347698,0.031857382916331466,0.005216618694894532,0.020444839642864622,0.014349419572891646,0.004876956947723004,0.000680455124911073,4.422784782623436e-06,0.00038056024236746486,0.039776774391788026
109.277,0.010433707197529457,0.012036785606065116,0.00037924612519914453,0.08742701872512286,0.002693483611615446,0.008568731067393882,0.0,-6.195119487285092e-05,0.0049903622941917716,0.011251404994763464,0.00800025430756274,0.002081059825987528,-0.008402719955733048,0.025108017667018628,0.02514855119899554,0.010397048381759618,0.008586304991669697,0.013118753307431393,0.0164582851090183,0.010109740128196897,0.03137133028567462,0.03125506470672751,0.013737425764392179,0.03978730049738504,0.029159508698758992,0.009018886714342193,0.026475955871016216,0.03368543077876268,0.0034605101871764393,0.0022912945182837763,0.004409932636105501,0.002954561873243708,0.05027661838627266
109.778,0.014220416954624726,0.014655713799577275,0.003880808060701829,0.0548702837895431,0.0029956530961093185,-0.018733873124668437,0.0,0.004670197835591257,0.01132863640796784,0.01331036083031387,0.011352936029503843,-0.0011534392869879042,0.006187949695830147,0.050400770161179616,0.0380075907655334,0.014229381563664361,0.04288018905530273,0.02181377359459998,-0.005938161530346054,0.021445488720505612,0.03531651947578938,0.022940218741248547,0.0366607081288778,0.031567612472012646,0.03593334442517507,-0.005799587531480386,0.05289818495958916,0.03223970196811505,0.0006834406250056455,0.010600325697905942,0.0015897513329429342,0.0017652806611332013,0.0646779140238089
110.278,0.016397989644858432,0.016453917513627042,0.006674133692527129,0.058069586563955215,0.0039065200949022745,0.0787209940510976,0.0,0.01111373314584351,0.00836299316484548,0.010579459413192329,0.018770391107534708,0.008512514144970314,0.015300360535941774,0.03738001486142489,0.033457771052719625,0.012312863459907388,0.02610712069849979,0.008066967322822569,0.04306973815484062,0.017463386700258585,0.005823295595972412,0.04020000603000576,0.04204582862424667,0.04590433266549171,0.009519648925288369,0.09624828084025086,0.08715384478363658,0.008920624048227514,0.0016386589022748682,0.0032221190332663774,0.005762571531390524,0.006976343269651224,0.08081362657270112
110.788,0.01520709466157335,0.013184432802543238,0.00520560911833229,0.08451519251167537,0.0014675073286600235,0.028733166441526663,0.0,0.0117224548614651,0.009563069884910414,0.00821218314305114,0.010182776722186938,0.006499207681766984,0.011485928809303828,0.0035882734241828797,0.03965458818609339,0.019085129656355924,0.012100266088115194,0.03221543461203817,0.00046135886694110775,0.01603683941667571,0.04529439267140375,0.018551648730166403,0.01264758505747715,0.04330640111101224,0.014269368431740308,0.011809445685338567,0.03434896020713975,0.008863854118230364,0.0013408855361796011,0.002866062136733796,0.003775766277131678,0.0040105949863392925,0.1140532521077369
111.276,0.00581399082626889,0.005243358965802933,0.0046948782487181715,0.07394659549735598,0.0010047718605335249,0.02089341963142135,0.0,0.0010569137010222338,0.005190744111616878,0.0006525370380338072,0.01439892191194975,0.008868667434442283,0.01361901564541921,0.009329053799941969,0.009232203956088626,0.01067687084031988,0.0006611503979300806,0.008241009003076893,0.00029853273213381154,0.0060838202158469065,0.03090500515406977,-0.0002564530962248617,0.01878340435761711,0.031118282702023593,-0.00912237458792572,0.023596733899747275,0.03563976325666089,0.01452436511473881,0.0015919697710888563,0.0013208778106455366,0.002699309435491696,0.005578462452017708,0.09906954676049422
111.786,0.005864014861155625,0.014789081842591667,0.0038832579918342716,0.05643498914566462,0.001258751025638376,0.045479785157625414,0.0,-0.00383974521401852,-0.008772761201782981,0.004155472905528519,0.007689482211274151,0.015033340539216348,0.011706604558539183,0.01488534670816404,-0.0009131102481250866,0.01770830668392839,0.030286959574896907,0.007705974397775255,0.021283413106907262,0.013193414230994396,0.013368878405520717,0.023737188442186856,-0.0019574148427980343,0.014783389706822185,-0.01308220477574659,0.03645375351163938,0.10247280346456195,0.016208211421415014,0.00330273553534381,0.004272898767807214,0.002144176503437302,1.6584891208478437e-05,0.0471045223325487
112.279,0.015491092267913995,0.00905466982436773,0.001610169303974931,0.07518242628786939,0.0031930482224939577,0.0016170915853804169,0.0,0.008185172456791259,0.0040042064341610836,0.01419649946720832,0.019757683812012088,-0.0032979528061833213,0.007315339354037148,0.028961800834812597,0.004258626303191614,0.025008628788792914,0.028879840417432537,0.03146493393031748,0.03790193367168939,0.02016515192262921,0.04108741246181845,0.016503051179957675,0.01760796359432823,0.030391713158902493,0.02556155307664417,-0.006972122415427218,0.003589076822644284,0.0313141511605438,0.003956695764907497,0.010420001015053974,0.006766630204671614,0.001622677451261622,0.0895256800700133
112.781,0.012078703750044852,0.007403584421126438,0.0007851404901687197,0.06890746039310644,0.0023184663705001062,0.04484120439153975,0.0,0.007130104041471963,-0.003407892281203898,0.01390085973687188,0.010925851521315998,0.0031292620868046267,0.0010513536330146434,0.031105685893260248,0.01960425518933435,0.02257925027464957,0.04206793650047492,-0.0007317046242164256,0.01686026812797012,0.006713078611817456,0.04180130257078996,0.010253640621338522,0.029338883342014184,0.01916984560017269,0.021619764877135555,0.02532845751701789,0.0376366874149737,0.01835539364936615,0.0009208328658902592,0.002577873323464363,0.005056304450993233,0.005428343380656198,0.07665859065859812
113.283,0.013234955553652453,0.0027618023417534192,-0.00019671352503618496,0.08828319480525476,0.002440896987723099,0.01317676169501204,0.0,0.001532339450928787,0.002312850298372594,0.0104097916098092,0.00011473295099394173,-0.001034580483817462,0.00010995176086168825,0.042181761192559605,0.02527444247781304,0.010648781787895053,0.044528131720375,0.008381775998323456,0.029354737264165234,0.014639618709749948,0.02360924863360928,0.020819249574044584,0.02536436140484949,0.02918730959903609,0.013678717587691937,0.025296556333479197,0.01838431662197538,0.010013604153326857,0.006388127357459904,0.004940809696310147,0.007751238168172869,0.002528606738671936,0.10231044255405022
113.787,0.012419262883774127,0.00694203116375599,0.0011329199268221481,0.03459060607196003,0.0025341225923485593,0.04971850307028965,0.0,0.003774841051280252,-0.0010227420625708418,0.005387158369374514,0.009993455794472266,0.0024656022440224,0.007189520489508882,0.05745101663069013,0.01224495592805209,0.0002534004706807115,0.041282351881065014,-0.001179395801665924,0.008438977787749056,0.00549379387659646,0.02063783036414652,0.019583364775484946,0.009196104641532612,0.03061828215728118,0.02972187024192112,0.02624158953238158,0.05757621719744865,0.009764930982538824,0.002205988311085542,0.0022530927451439647,0.007445671027842063,0.002379319782472197,0.045584593136067775
114.278,0.001834238181700154,0.0057012796786224795,0.004074276309175911,0.016641533457274812,0.0010811806557081281,0.04735163376857457,0.0,0.006608186066538777,0.006518402232392886,2.176848877144309e-05,0.012339491660546301,0.010344450586941022,0.01283035601338446,0.00033428134495827675,-0.005288876847310789,0.030063946184433872,-0.002036451708546516,0.01615113291586997,0.02586193710742796,-0.005101186745668553,-0.00822309713380024,0.006831162999552694,0.00701841763628673,0.010381506307512535,0.04409197692325878,0.032299383202972855,0.03386296372399343,1.7122940782523085e-05,0.0006947010904257621,0.0037517149190448708,0.0021292117721511536,0.0015175919831282758,0.03561474749216172
114.777,-0.0019527483225546508,9.746775214208442e-05,0.003503826130219942,0.08900567819368935,-2.8864141558600294e-05,0.08146610829841969,0.0,0.005582932562879487,0.0037278138985539716,-0.0033355458620975137,-0.00015699467868358658,0.013544696791914954,0.009653298622344441,0.0043646586633173745,0.02109217460913558,0.0003519710012047195,0.0203690889485162,0.002953867281898765,0.015193179119802615,-0.005741179732467797,-0.0038321789361706114,-0.0070237120122223495,-0.0017163177893600465,-0.010100792129954347,0.0217387696298201,0.07421033921225473,0.016744580288075857,0.010061985190575521,0.002564931329893256,0.0005725023679211671,-0.0006109168858579418,0.001879367394064911,0.09156052172485699
115.296,-0.0008684391450668457,0.002765252608518476,-0.0007952812824601286,0.01268966230904593,0.0002108714406345742,0.11535920089396838,0.0,0.0008310004040066029,0.003539607537601105,-7.836724195181602e-05,0.0025718431168472986,0.005587475528795978,0.0048511395629905855,-0.0033130160258633547,-0.007621841666368394,0.006133045674409926,0.02102655061439477,-0.009678901498531763,0.02454404617675214,0.013836199242066126,0.015633621030668805,-0.0021178669302401973,0.011737151565717486,-0.016814096088998736,0.020562611901988763,0.10175117170739872,0.017686797227190437,-6.164300902124175e-05,0.0035602302005520474,0.0010591117397377712,-0.0007875319781053026,0.0009702522738613789,0.029012425261633813
115.777,-0.004416392261516703,0.003000959831306268,0.00031845780534637305,0.04449588651833987,-0.0014318481554459089,0.10182673367987721,0.0,0.0009978579337607252,0.010487076147889645,0.0060175964936846765,-0.0014883094747250188,0.0031644953011460888,-0.00019546979708765178,0.011400904392555391,0.007195440344469182,-0.005279265338913064,0.004413291101922577,0.009098965067079875,0.019248380455956473,-0.0063729014296750605,0.017350732080370253,0.008555655170975424,0.018459922085746018,-0.008720151574081602,0.002189589799697204,0.11573830985309605,0.013169951768423453,0.01494230629503682,-0.0033676705136390732,-0.0012814977665683565,-0.0034515332329308813,0.00030521506520571324,0.038414456064306726
116.287,-0.005997840403948032,-0.004121666619129659,-0.000801979849774699,0.04648012986084619,-0.0012330135992342911,0.1178689103191913,0.0,0.005570595653434469,0.006965422877375126,0.006546271496545721,0.001409888771094691,0.002106355153709063,0.0030219462132672877,0.000377290138148819,0.00035509842982643354,-0.007044881183058229,-0.00492425167747436,0.014840783192112315,0.01716195506885404,-0.016680892875064524,-0.009683692496109723,0.005348639831070198,0.0010415268145925198,0.004874502580005848,0.020962143517727256,0.1231232057813291,0.010519226386081755,0.00689495377993059,0.0023212218568912485,-0.0025711763443792023,-0.000316258519842201,-0.0013984748815322528,0.04124629235717647
116.779,0.0003006537269139901,-0.002378224428977712,-2.2058060217418547e-05,0.05446196184273139,0.0002513696424511191,0.11371602440701216,0.0,-0.0015693842875887651,0.009399037550106926,0.0057526269105268825,-2.6085926220968688e-05,0.0003361061205601055,-0.006647717479065831,0.01623256704080375,0.01180592312867825,0.0012187240502825002,4.146608509302792e-05,0.010176550053051887,-0.003071616155406311,0.019408923849482257,0.012868123155382856,0.0034215449473436904,0.03027069741244585,0.004818359625853511,0.038579963695912094,0.12548783825351326,-0.05616807688625626,0.023866259636409995,-0.0035415091870460197,0.003155780545601007,0.003112659610785265,-0.0006103887304478343,0.05176488654241831
117.277,0.006960666534954407,0.0014929032385037262,-9.040740742679097e-05,0.1156684759031418,-0.0006749735512235319,0.08096275386755919,0.0,0.007457160347571171,0.0031619449143354236,-0.0005128082133201378,0.010791417005449744,-0.0026148895324371703,0.0007509606408012365,0.027569011999406697,0.02751812350936846,0.00019340923253677954,0.010054432347725411,0.013850487747938544,0.03058853138797418,0.011952740418956453,0.016682617251601393,-0.0008677338550604913,0.016711427970317008,0.006961171434875673,0.03263712557301057,0.10735495478691172,0.04781427177385678,-0.00706576663539339,2.9657383487299795e-05,-0.0033736363971158005,0.0023234211103826423,0.0005145043110338557,0.062332805191830314
117.777,0.002170158046322001,0.012801059581684215,0.005156959158957218,0.019352962480848807,0.0012125587726386426,0.07096879488300988,0.0,0.00867938425940427,0.01039521647867929,-0.0014973824138046472,0.004386351507128116,0.011828948022860369,0.010099217117190406,0.025479064274610153,0.006302186265086683,0.011224756463671843,-0.0037248785839864964,0.011166906920057493,-0.0069602867367461515,0.006293306060525216,0.02975379128645318,0.0010214153552126045,0.013118738761546683,0.00032541741541161547,0.024133209092117386,0.0886290252960808,0.09610803182522949,0.013947037151677739,0.0032146730540097796,0.0034317948052017206,0.002567740348932419,0.007328289085856917,0.05692438929867974
118.288,0.0036603194683539303,0.016694939495007558,0.004207764147020278,0.029255740065108816,1.122494393931524e-05,0.03479137188358727,0.0,0.008654315157960495,0.002056982945202479,0.0008768554517135538,0.011019527992899727,0.011459904259060289,0.010133986512953682,0.02332690191421173,0.012263246022987307,0.02449063672964339,0.023349686524416907,-0.004117953226812381,0.01923458606741033,0.005217837247205746,0.012615431341321124,0.018497639664164622,-0.006533210665078621,0.030457691906371327,0.004050646941262673,0.0453315628411386,0.08987666556982679,-0.0009185972259030024,0.0022178219017179716,-0.0040056829797601575,0.00012298942438314548,0.0021793116811029013,0.032308858782392015
118.777,2.6713642861872012e-05,0.014710769657044445,0.0011719331808654541,-0.011647646141640542,-0.0008553340436541062,0.04983752228250684,0.0,-0.006770612002580311,-0.0012589106610775536,0.005555739093156242,-9.33522192644755e-05,0.006564221618277813,0.009022440083893466,-0.0067371484756226846,0.008121704374632445,0.031949466363624994,0.010629160001486056,0.014519884492591116,0.02508451849095057,0.015934809320903177,0.011886369545850132,-0.0016825739863467195,0.003479783271504529,-0.0008367876396298521,0.02197758458685663,0.05715982334545132,0.10388255004876261,0.009173752447421872,-0.0012835785309834608,0.0034877439920347354,0.0019686529678024554,-0.001814056136148284,0.005054928694416366
119.288,0.01190142527711256,0.008469855628267471,0.005840936677198665,0.07705502171943764,0.0011351934573635763,0.04170918064339696,0.0,0.0038368300555966595,0.009733940172858075,0.004620946284571373,0.0029691352187218543,0.005145285380891714,0.012894050658323197,0.021971532319351752,0.017173780089645464,0.01955264924257609,0.033073889451921315,0.028048372843163263,0.02554692159912192,0.010349020567204756,0.011083829298608596,0.022520599232049396,0.015446648015394143,0.027965558289575494,-0.0014684328614234371,0.03364105233711335,0.041405173273626326,0.015090841850516599,0.0020549706112195014,0.00616461229950752,0.0030087386092263243,0.00465678943153729,0.07741340325703419
119.777,0.020317742362204277,0.013983634348813142,0.00518886823550116,0.04414392812129921,0.0048287086952660185,0.0449235443844397,0.0,0.009812848687468671,0.013790869077552063,0.020996838170047216,0.010598233599910484,0.0038764697967529583,0.00610889832147841,0.021382730281868226,0.030761567811426742,0.04441850342339283,0.03235633012015372,0.02730361022904024,0.05595515596312061,0.028879315652566597,0.020079378410837692,0.024256356676525107,0.018681068358747444,0.04351414483240384,0.022902778657858062,0.050047736483071766,0.040450849267493164,0.04173549710963352,0.003513314591674165,0.006498912807882193,0.010100796347609327,0.008819436068958708,0.003955066180603457
120.277,0.018926216148152958,0.0004280614561384921,0.0034229612461530636,0.07618572858615204,0.004252752855709817,0.09786717438823489,0.0,0.0004994325309650776,0.01196674713147462,0.019133020638311404,0.008891574725223318,0.0074826627013632584,0.0005085027598515815,0.041337582405736775,0.03144110991291469,0.030832440572932426,0.044649304436720105,0.024117925538373813,0.03423247802717965,0.001153739690387442,0.028626870894268484,0.02271979366224784,0.008882698741983372,0.05649272593032874,0.023037458746247248,0.06570247186361254,-0.010715992443432317,0.024335230379447213,0.0032261969913272215,0.001608473020214206,0.004500718563663018,0.013973880210564154,0.06835775475568644
120.778,0.024315654064402784,0.010876779699322076,0.0030565102525241337,0.04974070248340839,0.0050982936829103214,0.05799584843919629,0.0,0.009988556263071933,0.01255846205650897,0.010724465650697158,0.007250650255842459,0.002971532190131432,0.002439901762817171,0.020687979376816025,0.02298028245647582,0.046868380791395964,0.028478284742759104,0.05208529419913447,0.0514445480595304,0.005723094499558476,0.042662974165157,0.028142446148372854,0.015497264752682125,0.057755805246241465,0.040522293662763,0.0644909664835282,0.026659202036671967,0.03094771004136338,0.0045562071922267515,0.007802448582527964,0.00736110079476375,0.003557470242176015,0.027975510370163815
121.29,0.017074184208207287,0.02781195512448895,0.0019724174849624293,0.05196245560928007,0.004422459355075047,0.052941187999044015,0.0,0.0013071390385482628,0.002663368068450903,0.01406627019169407,0.01990446838863649,0.0036007840668579806,0.004081184846146562,0.05363810589866835,0.017720261284736947,0.02431583455135455,0.04897042355014636,0.017986599198847625,0.021839104641172117,0.028707463338587903,0.030095329302542412,0.016921313168790503,0.01108811379929206,0.04707423723031867,-0.03452872171265263,0.04638178238826446,0.08311474125925673,0.03901008251589263,0.004357356238563726,0.0038618450670396733,0.00628524501919704,0.0010566673723025068,0.02600360927690626
121.776,0.020217009405305766,0.01885661339976975,0.008273478797064294,0.019877872540631367,0.003966771559237554,0.04859097177807891,0.0,0.017842173454850827,0.005241032232560848,0.008510998450749593,0.009085633102001231,0.009337255587358947,0.014012508344557055,0.02509873143193468,0.033038047734544225,0.032804549576101134,0.030401601076555915,0.04465721844771137,0.03894598355466243,0.028463012827044342,0.026359519708416098,0.03084695214195546,-0.0021520896220847342,0.05587178620094778,0.039568008209326426,0.060852728293816376,0.06482428472959294,0.013122523855990146,0.0046410196119866555,0.009188188311905704,0.0052931078200750235,0.009962913377182107,-0.013444633847112315
122.288,0.025804782100075002,0.024895883099972253,0.008131555700056213,0.0166413698803923,0.0044800873447351335,0.07356513787376634,0.0,0.007772258113968108,0.02041942673560728,0.011876816357233084,0.010629343439888405,0.013490294659502904,0.011004074671238836,0.0379225446525728,0.03109305764458448,0.035462735021393174,0.04248234717081367,0.03901725988266057,0.035577156079543995,0.004696320896098854,0.04370128839715817,0.03792657691007411,0.024307080865211755,0.033622505331689125,0.03984181605196701,0.06824744758083041,0.059972209316588115,0.019366294690894688,0.006726770524988543,0.007893791278537564,0.004801893918003114,0.010502383843156701,0.0010044594161838724
122.777,0.018753572333651762,0.017996995896881477,0.008899852504429446,0.04269824363477483,0.0042180464342992585,0.04604502340305221,0.0,0.01491424900701271,0.013596596969578444,0.015267181806004322,0.007414114619350186,0.012795391681645167,0.0125792153824577,0.02222818150765438,0.012386905074234431,0.019507427528889835,0.013178809022944616,0.057160036895839074,0.03299233929303713,0.03192393912314308,0.037270626500862616,0.01913543392626728,0.03097948282071662,0.05409545425685432,0.040676715270586083,0.04829525452611453,0.04819102056051059,0.022697385749676578,0.007138297961304419,0.007611632297472387,0.0024753836572391583,0.009356390073562919,0.008875268452347394
123.277,0.023142521044458738,0.01800925754096972,0.010755184812346547,-0.02963674474693929,0.0040382214281028585,0.03295999100776095,0.0,0.020579630553048206,0.0052326310807726305,0.008404796543793213,0.02496601500194038,0.017456073003913896,0.008230586211875257,0.03234113891108473,0.03852453462584772,0.03208336806683793,0.028934631464760087,0.043229720087526936,0.05297576960483994,0.033395161187880655,0.0348410578191071,0.027267031703563628,0.009791917188878837,0.05751348757606718,0.06896620049795645,0.025521539175609474,0.03994418018329882,0.022351991010033708,0.0014646663768203823,0.00453201441949539,0.013825435257722616,0.004598173933099822,-0.021150729188614277
123.778,0.006934372778463271,0.008418014218889856,0.003225414148688643,0.01990084400146186,0.0025834047218451857,0.03748105653441255,0.0,0.015190840700864693,0.011293260476678653,0.016777295968193204,0.00042878715368755696,0.005952073768272277,0.009009633092093733,0.01823059061131366,0.013442791573203246,0.01845846707336881,0.010032718805472388,0.017619154335102985,0.00915197087490141,0.009189144488453711,0.007721194248186069,0.017470262294743896,0.014490018419323411,0.034359684045679156,0.030928409420009524,0.04624344042682781,-0.001167439765757778,0.039535981313865695,0.001069248398708966,0.0032434596003093424,0.0036817452557665643,-0.0009778203345086989,-0.005418734990080917
124.278,0.015890996565854788,0.006491380188485255,0.004491032279354876,0.01231742734982081,0.004496497429653707,0.06652411963434164,0.0,0.005235122286309251,0.0097662412146951,0.009527219970927304,0.015776079312023735,0.004921370982383859,0.004832435947547035,0.020722623296987867,0.025906162146540065,0.03054801075637381,0.03970892683772184,0.0327258699581227,0.03063770544005704,0.01296979566570923,0.016576383128315754,0.017267748394710767,0.008691364392032514,0.02032103367109097,0.038340023378744294,0.06407444885619422,0.002765277077590127,0.03552424002727532,0.008361913980108819,0.0040137475543240595,0.006477856944007179,0.008986234880787446,-0.002250285388827847
124.779,0.014568758064769125,0.010526949231546191,0.002127722716201341,0.0343000325964727,0.002952701638555859,0.023106962094336332,0.0,0.0013526902341987799,0.005151627290096066,0.011474569056468577,0.006516541404951915,-0.002464094780685452,0.0068615051740390605,-8.44436268016226e-06,0.010780326956110047,0.025988402230144262,0.02878457411333128,0.03484722044877333,0.04018357474254126,0.023003222562015334,0.029841401614467963,0.030517393175773455,0.027132041496487597,0.0347775644617048,0.020935786339141598,0.025693647918307274,0.007304692568853202,0.031802229268216194,0.002287063229900609,0.005602696662317786,0.006285786807253548,0.004449028638536377,0.02689511907416169
125.288,0.014363487172577407,0.009672510429157018,0.0030020250736753048,0.04943550189113909,0.0030080359343837783,0.002179923538061885,0.0,0.00976500414684773,0.002605790161760789,0.018102682598064534,0.013781437239585036,0.005987715219781587,-0.0027155723700010995,0.023705417116991354,0.015901921972945765,0.0356459411097161,0.038313999699638224,0.013047431544172528,0.02525020855352615,0.007645029369871319,0.041230271166096975,0.03223223466080283,0.009653088154065308,0.0386465635830731,0.02191391437545035,-0.009437319908001108,0.018517808466037327,0.02053188428225243,0.0017779321513622533,-9.927422084772303e-05,0.005951395674058486,0.011253460337105347,0.008078683252155949
125.777,0.011509248163685447,0.005740890116434843,0.006867855556523041,0.022027577948690338,0.0021892913134556467,-0.01130992773976244,0.0,0.007934023344468645,0.0032923480710033127,0.009254946639714995,0.01710043096935139,0.012426131585400927,0.007935127733602304,0.018410754950748762,0.025614622388726124,0.023490814251674718,0.012990265343220958,0.014782361604070057,0.0008256372105419277,0.013838238988816474,0.023488870049411487,0.03937377803141,0.01640667223955089,0.04046527844730091,0.02984418584378333,0.00016765509687929919,0.031392731921555506,0.0013051820826785645,0.0024843375578536956,0.0007258614499431473,0.004443822845128332,0.0034185169172237795,0.0075403527064104425
126.288,0.003808718081874699,0.008706361988086926,0.007280548440455613,0.03922257531955257,0.0015173940847219914,0.05030799672883943,0.0,0.014429104264840462,0.011249913823574889,0.0014394807872183221,0.013715701914462855,0.011290623379832252,0.01629234944754085,-0.0032873634610608247,0.015854860646043707,0.0035839556566395784,0.006220703531591061,0.028656865349113138,0.005534309946783591,0.01963402607744395,-0.006208184222891856,0.023085918614051924,0.00928998818526388,0.015419853451003386,0.01663568001701361,0.05408819741817086,0.07835531329820582,0.0006028723449072438,2.2039669176496998e-05,0.0057895139805751485,0.0017285113498411576,0.003791046133649208,0.047643504906981084
126.778,0.0034958843684864682,0.010058546274627692,0.0038722159942859687,0.040604632531274956,0.002744461078731242,0.013100452030710887,0.0,-0.001284255079624219,0.004484136773698875,0.010380381554275297,0.010793924644016335,0.00749367960348832,0.011089699943588594,0.02097465918051099,0.01881661425451452,-0.007428838603664419,0.01076309013388815,0.028933728083797922,0.029073369371382208,0.014276298145910103,0.0012492857656041677,0.013596365364121258,0.020623050994123728,0.011317904336607313,-0.006797200344477061,0.007527003447967217,0.004008331403813712,0.021032605595439582,0.003627375396129544,0.005769607842761626,0.0045521659439900376,0.002868934968373202,0.040385197148842214
127.277,0.013362780484745502,0.005456898164070983,0.0033649666884886143,0.12875281400705968,0.002413105761881338,0.040618378256589864,0.0,0.002901718936687819,0.004151050386971083,0.02367047859062055,0.017444625752893465,0.002939807265809064,-0.0036782151117265337,0.008872840631256712,0.04115558914325371,0.039936401094087415,0.026939354657034724,0.022583279005294894,0.034229791928381124,0.017209509110679935,0.018927771621828737,0.019520499708600075,0.021010635631237073,0.04339329586573838,0.04040681276585399,0.03418450669963766,-0.0011559525247933856,0.027226437558505647,0.004341099555967104,0.004146348312097926,0.005703103377071029,0.005301717972920616,0.11849079230163292
127.777,0.0048617013455369016,0.006692429226204082,0.0021223340996956008,0.08882010041376945,0.0019384606917407967,-0.026144661229324857,0.0,0.009672845015446747,0.005079772998250572,0.01446573140384133,0.009086540037191563,0.0025921968653307786,0.0013082023614615472,0.015178864232871197,0.01369665373675296,0.008374052454432599,0.01621778407651665,0.004622531485160344,0.015921298541072913,0.015298145343801778,0.036772003985933256,0.009868812963027348,0.023739371548781873,0.003603297947627302,0.03591671501178144,-0.023436795991010593,0.036406956807027234,0.013630404770819282,0.005361267509886816,0.002749382312323165,0.0012351782338035136,0.002689830494655519,0.08705695644687493
128.284,0.0038523642012898173,-0.004701395799345499,-0.0035692964972779437,0.04921078341549294,0.0018390657990952832,0.000235820001038433,0.0,-0.01039012427023549,-0.0006962660404169324,0.010678223033128828,0.014697228389121771,-0.006062746985298782,0.006515798126758192,0.014137591991478177,0.009648127950341905,-0.0004973380265231734,0.024874098790985982,-0.011048270264742848,0.0069459421395115855,0.012345231805519318,0.03033057513475714,0.005507108050211495,0.005651566895186024,0.010814773078728942,0.013766617456634848,-0.008772511854757028,0.017256658018028337,0.004354935844682289,0.0035005135481023623,0.004026403145268212,-0.0007434472759450023,0.009193372552903955,0.027505969856976134
128.777,0.00538104168090375,0.0009897607296783385,0.006530863964684263,-0.027748421827450083,0.0016300783703237947,0.015172170146535944,0.0,0.007727689909813879,0.00019339227206335014,0.00720100224971941,0.018025698737739498,0.009374899990577343,0.023719767874052076,0.034050086684951304,0.012830270460859808,0.02049230958926435,0.009579781930757628,0.01766833066204815,0.016322157017135047,0.00977968910395871,0.025241877960509574,0.018283955199873726,0.0022128024863449828,-0.002444338564918937,0.004963465788050046,0.024922902294663807,0.03882820836677292,-0.008599356051965849,0.002211069784157686,0.007848531031738213,0.0010481600102639815,-0.000758093073228106,-0.03164273429762812
129.276,0.013582942575552169,0.016582810949881847,0.011084018793567267,-0.016579378208644677,0.0030294456841514035,0.026806443457750698,0.0,0.011884880225410871,0.002011458649668825,0.008354960633292078,0.0149187346867844,0.01280937522132971,0.020291798950433974,0.025235826468180043,0.031951443459441564,0.023802737198626536,0.02032002232659377,0.03147312127587919,0.012682675393847804,0.029342860148576136,0.036320437854516684,0.0148361031249588,0.011181927955934473,0.005413020550771361,0.051428114634853736,0.008793006058682258,0.07071296257056987,0.013357725625786113,0.0032468394478167534,0.009668738333245384,0.004113595923710984,0.003848774581727008,0.025264530551960568
129.792,0.014622659488779064,0.010344321267844354,0.006562114855895334,0.008785112855632356,0.002612349395423592,0.05422403368513908,0.0,0.012220288936870266,0.008907975498865048,0.005288422033506488,0.004779127067172642,0.01344677571298474,0.003843993777272398,0.015455543057663909,0.0062879918543788695,0.02970093312383219,0.05917041743834721,0.018889453236285117,0.03183347818423897,0.026697174351733514,0.016174593696771707,0.010411124403438872,0.032881399698396825,0.0405091504516244,0.0204774618914301,0.035230629583869064,0.028641113663890546,0.008438090340160945,0.004997621943018291,0.005237103340593612,0.006369087157186284,0.004276778952705492,0.02040859259337997
130.28,0.01244041943466088,0.015481021746059908,0.007582390302440388,0.03801634236954097,0.0017791044033787114,0.02339000289355734,0.0,0.013643391197088886,0.006450147808813281,0.009002185079417177,0.010764780623226191,0.011583269384620553,0.015009626312077688,0.02260713207945872,0.02313824171226016,0.025674137026280037,0.014277128063155009,0.024226665381943936,0.016811306621271817,0.03434374179535634,0.012218415266646881,-0.0001528598933097443,0.0035026806584958106,0.023425479026416684,0.022416110527210976,0.0175596144134007,0.04808317822590712,0.014640009966257797,0.002331542716022133,0.0018491129185072611,0.0035326906393289346,0.0023410767548399237,0.06788507470903739
130.785,0.005818749086832988,0.00032213593438313844,0.005597334745914273,0.026060205288096407,9.240747847322061e-05,0.020949760069348244,0.0,0.00514972557153026,0.013535248719962988,0.011992151153277385,0.0028599032350172166,0.01185359892664178,0.015297702462010303,0.006756021119117477,0.01807219202530478,0.02164732563385449,-0.010373160731833041,0.025580101308323076,0.04418989492183936,0.024773599478939926,0.02718689480300493,0.009393279312388281,0.0045221453315414,0.013039281725377612,0.04294606771731873,0.027038987250461846,0.019409083344010036,0.006278953786192002,0.004208671535296798,0.0006319199981168597,0.002142998749299729,0.001961536088482484,0.04797274409766168
131.284,0.003697832133201735,0.007999162485829717,0.003874287889913828,0.11811296627132284,0.0017916383101361734,0.03120461513043836,0.0,0.013060327378570689,0.009632857952279729,0.003540564024224669,0.005361354231548064,0.007887999933769024,0.005935415153678637,0.02202809812987159,-0.008019200228740213,0.023759339655938135,0.02881017020544417,0.006269805291944166,0.030207707208623487,0.019358422942870615,-0.0063832523311138055,0.010214691557380948,-0.0047936987548270514,0.024319295168801148,0.03365668250120835,0.027435015826412768,0.03230447297252682,0.008154432090368036,0.004084436148010744,0.002616356214737444,0.0012205049425484703,0.004876264543451292,0.13155504962169887
131.776,0.004671538018379899,0.013379757475827954,0.004621606647531362,0.12675333085265314,0.002183917366621879,-0.0006063942883844121,0.0,0.0164603308631431,0.013357612746250072,0.005855393063607832,0.014306462367772738,0.011158986255959388,0.0022889379558168528,0.015508334899733345,-0.00993267999997589,0.000522051170482659,0.030476296521465256,0.02931811327136526,0.011611947631902085,0.00498546041255415,0.024155238383891917,0.010282099107774022,0.015543561279771512,0.02433816609147085,0.021397669926167227,0.00041384698756943665,0.046610351767226166,0.026518731140442273,0.0064328474769730325,0.007604297650698611,0.0011197670935842387,0.003197494804654565,0.1464197825334305
132.294,0.004932608042793149,0.006070030339983804,0.00552662488024148,0.09014952035428568,0.0017206303185437338,-0.006945421565961786,0.0,0.013219865832835723,0.011514290325942068,0.010823939445526561,-0.0008458291314012622,0.016698952974150947,0.009296763757802959,0.016288019292545346,0.005073777405041301,0.013994981197751557,0.017800852479315885,0.01858686828402134,0.024282577346557626,0.018898754281834924,0.00036008332633579907,0.003918506389825497,0.015038147502402259,0.0338459985848241,0.02883022936028504,0.002889740850984818,0.03479637391991251,0.008807738519460487,0.005361376132550601,0.005941997033104635,0.0017154683415230433,0.004561966137881893,0.08928690211093777
132.778,0.009482141883992594,0.004820539658102877,0.001856872534419402,0.09513817923020292,0.0017401107132735485,0.007057854961508902,0.0,0.008840802818142077,0.009656101743843577,0.01194143863610107,0.011318772987357653,0.007835736615598127,-0.0011357639030793616,0.012624644971591424,0.03775451915257878,0.00662699886306723,0.043453903290828155,0.01202981465057804,0.024225353216145315,0.017792517675845786,0.010086781577584037,0.00745010944149969,0.010078468043350448,0.05196129119383688,0.005729724549166114,0.0006853340001852034,0.002068283423305598,0.012792635082812193,0.003300764068987772,0.0010414865032619873,0.002650551474834338,0.00478792100973691,0.08774432942299654
133.276,-0.005750461857254748,0.003271025920763143,0.0009331294063098954,0.07079842396999986,-8.432176403241205e-05,0.03781047122426399,0.0,0.00719191295695633,0.01105813839705159,0.008453648490670956,-0.0008554636361586781,0.00820333270407593,0.005681211562771467,0.029696477422529823,0.019292919577461515,0.012217119161796035,0.012096630603812733,0.005954757362573757,0.028839535294486466,-0.002701176272720321,-0.016647653503820796,-0.01738856799764035,0.0007356381719113014,0.00010074384387566984,0.012034189986423895,0.032604931546390194,-0.0018300134618926263,0.006107253274375961,0.0005422467506450576,0.0045885648428285524,0.0026276637384519564,0.004019590400836231,0.034132887593498466
133.786,0.012332725605756312,0.0180851450654482,0.0072529286875125205,0.07821539111000288,0.0015591695679997002,0.05462539943722289,0.0,0.025915625315905827,0.01284721625558817,0.011037132113340006,0.013844740644938298,0.007571383087370238,0.012359033635904083,0.022490218781862505,0.026911342552916315,0.02255288325000054,0.021795956135138416,0.03143305912146975,0.03679899945990648,-0.004427019423287853,0.019974707876962396,0.005920056679244441,0.013323665226770764,0.03485388565928206,0.03742870077772291,0.03719482179262431,0.07599628650136256,0.01059107630580034,0.0030164362903553417,0.0013405670147266767,0.0024229936075124093,0.003485035164073399,0.059447316904850035
134.276,0.007148903817294034,0.007923607262097239,0.010175944612307513,0.05307587737581856,0.0009248845715902921,0.0551841584693982,0.0,0.011402045765048816,0.003428765805461513,0.012226833193688735,0.013519869577282226,0.019578372580706674,0.01887024218658604,0.02272516350277363,0.032043413680113084,0.01915616738095315,0.01918641639663528,0.037066322077552914,0.013479845447117516,0.018518521016865037,0.01520393908783959,0.008384992941506016,0.013842065907507067,0.02318469198216535,0.028226219062083786,0.05510471464662295,0.03878093443286559,0.014747314330104207,0.004121496103972596,0.003188681373979525,0.00257142881316026,0.0064018017136432785,0.06481426388964374
134.787,0.0004542314596160779,0.013106523859872458,0.004705469170137624,0.0676915850682595,0.0005718711114726977,0.06819915076099964,0.0,0.014860412545615397,0.0008312413267743758,0.0011015828914117051,0.006527983824333044,0.008560010133054453,0.019073570027713222,-0.006549020560337471,0.03917269384850084,0.0013195102484792947,0.014035411917893275,0.02487945097349451,-0.012082758127378024,0.0017076752723255992,-0.0009259285534349368,-0.0016647573653805865,-0.0039041914578618513,0.012379793673116984,0.03512557393402596,0.07538042226744722,0.06710553266008609,0.004623525621294885,0.0037465241690176113,0.002901145717562999,9.844395926027814e-05,0.004225255019512833,0.08324550167345275
135.278,0.007226273816213763,0.01532742464942458,-0.0015650070968454693,0.1161698530537652,-2.9822039158307148e-05,0.0560903664837734,0.0,0.0006489947617902235,-0.005066093950434633,0.010296534736991643,0.00763016801461416,-0.0014174165447364904,0.0021671002728086745,0.019963150235435306,0.024392030800468128,-0.0057765331563425035,0.011585913089711594,0.02517970198592683,0.018950537647403013,0.015524225496613791,0.0008248923387057993,0.02062701813147918,0.013049504416977945,0.006861484750150104,0.022675275380635306,0.05609945455467963,0.03901109004578021,0.028958820592819363,0.002219026364110883,-5.30101854632042e-05,0.000929084233795113,-0.0005071911675123581,0.11464077196377206
135.786,0.010318407524284817,0.009582472573495862,0.0019987722546597375,0.13678395676220936,0.001385154126262173,0.06452472600900429,0.0,0.004664426962982181,0.008036644626243556,0.019480160162238292,0.0029542365076438318,0.0022383890649912692,0.0012132669064897092,0.025079677683885443,0.013031424360626305,0.022807101798084397,0.028107939472359112,0.02081126723302704,0.026762780335861533,-0.0011441651396574318,0.030601652784489387,0.019398531793242507,0.02201728697117464,0.025309845659380825,-0.006462951199407425,0.07670572999415326,0.00926483027915282,0.026642330115939777,0.0020131455891412757,0.0007821709893264195,0.0073211213245219006,0.004113391153339229,0.10079554735595961
136.278,0.007626972162976309,0.014619880230896946,0.003970785024857384,0.07860569208199249,0.0022351521940384323,0.10129778382851659,0.0,0.01048557926215152,0.011150300249836893,0.012939882556302495,0.0064435408396587785,0.006063227094834071,0.006489126681838216,0.03607482875104101,0.03009025159059443,0.0184715688418151,0.03787575061394587,0.020016327565560873,0.007246000429786852,-0.0007610512547956925,0.003895266541325053,0.010850617414931325,0.010370939865225285,0.02924454238632697,0.019141866521367422,0.11027660654084045,0.005878023352402199,0.021268833197932695,0.005651953085189632,0.004088832585608603,0.003216405944887727,0.0041547258505848,0.05727626007896051
136.788,0.014543980629229151,0.010373805924879406,0.0009204588285282338,0.09962666719770419,0.0010409941267769973,0.1104378691601659,0.0,0.008242158320746878,0.009841888161938216,0.012660600132568775,0.0025140718956995285,0.004266425852235759,0.001297630383696502,0.041629018429020524,0.04006738454444015,0.009395227372957869,3.469397555506641e-05,0.05465157689300673,0.025200637854889314,0.010372924493006067,0.03254146193272301,0.01796332453236037,0.021409349775176473,0.013790493303739984,0.022478733973282997,0.12493774256356119,0.019563193694176563,0.0196126961363296,0.0009459994748159619,0.0015241103777642044,0.004388464529746493,0.003083568602331027,0.09478216766536435
137.277,0.0051477935924705434,-0.0014329273480887573,0.0005989610790184361,0.09570806688992926,3.244544062792739e-05,0.129387893780404,0.0,0.005888854457133713,0.01195074326516818,-0.000563921522028765,-0.002214368111909819,0.008337597981795886,0.008051348271678459,-0.00031581079711842533,0.018948189239559956,0.01123199413529618,0.009699932727704037,0.003376813399377021,0.027977083182158836,0.02677163694770797,0.004344975852851802,0.03506277648259115,-0.008727413829306915,0.03973612972932128,0.00010275179748668161,0.12413085414314731,0.006762911994498776,4.835339198310609e-05,0.0008915733904288348,0.006503687211518258,-0.0001328809604449357,9.307173168794423e-05,0.08635570794545122
137.786,0.00687509669987869,0.013126574052387287,0.0028757110397893025,0.0929458729047958,0.0006547331915552698,0.13303125666260776,0.0,0.025342022413490723,0.004976913219691686,0.0021886189824555894,0.0036740456811872376,0.007001560618801585,0.007198075221745907,0.027469615202105252,0.00933349946620467,0.015581182901524568,0.008007820677891356,0.020549750666343014,0.014968187506421166,0.01875384932184768,0.029645653057707756,0.009920795803484119,0.005698515188433192,0.03241687753580567,-0.0006686490481455995,0.1066322956483431,0.04726810027697319,0.0112422366684651,-0.002753942414154762,0.004842259424841342,0.0015186186796125945,0.006775521056179517,0.12119253339936259
138.278,0.00790769619031698,0.0005015964469577601,0.003478086338204692,0.09011764426364792,0.00013272354524104538,0.15868186307518234,0.0,0.022075556582755628,0.01117815358090382,0.002482912416057119,0.002834008325376638,0.014310546386970832,0.013138995230050217,0.015099143920886089,0.020074377478455682,0.0036880180540628366,-0.0046258191211355345,0.024064542224933,0.030214892756640525,0.0211037898385544,0.022045934875918792,0.010051048752701968,0.011009016429754109,0.005858192235929443,0.002511730743267125,0.15181415914421137,-0.001337645144847877,0.008833348478487853,0.0019133241973989681,2.0615072124554662e-05,0.003796478898717329,0.0023910473991255545,0.0632517570033351
138.776,0.01772742504626963,0.013013743127959367,0.004299075634232888,0.11333341957812963,0.0014314829603254292,0.22340605069719355,0.0,0.02171954542140744,0.0097262654683651,0.008111087505260904,0.007453830653510694,0.00401742767923754,0.010265177988483308,0.027809313707387817,0.0432488456051368,0.006293595651085072,0.035403676506276474,0.014932992899430042,0.011229014422021242,0.008476185171740992,0.03378189573570344,0.04026547355659141,0.01313296622407735,0.03101967597381036,0.028778033644996457,0.21554477353386572,0.024109873780469825,0.017217770179463125,0.00011339561105013639,0.004074014616577146,0.00014765933289917257,0.0033153981995086737,0.09520264577404652
139.277,0.014382414864927303,0.006774591634173173,0.0007044446735528385,0.05198858445819242,0.0004364562785704486,0.25511398041598654,0.0,0.017187996266424355,0.009064140864720115,0.004745726326319518,0.006285041179337717,-0.0012717905387562818,0.0057856166521461985,0.040630768193235314,0.0021861915837342073,0.009646874728361976,0.0111956738670305,0.0025469884591287624,0.031639980836026226,0.027497781181723573,0.025326511800506688,0.03578924423022026,0.03245112678118114,0.04298710751390592,0.019127037486753824,0.2209613852091218,0.000915070499395501,0.019764760516342364,0.003096560251862202,0.003587331508891765,0.00331723633327375,0.001644849393940167,0.06491120736837391
139.778,0.021342758363148782,0.016266146142270416,-0.0004526350867163846,0.023913853782379355,0.0014582353312005449,0.1873920169334668,0.0,0.008959809649900645,0.010390063455804911,0.005893276555351794,0.009523192106886812,0.0027066942457079878,0.0011597678686335322,0.04089978499319752,0.05688062745922746,0.00557926888811761,0.035843768793921274,0.013021127956033704,0.029444675756303947,0.04690686365966852,0.034788558302150024,0.030139575192416265,0.02529239703908491,0.029525804004321178,0.015290285399470577,0.17468847835592166,0.05774296620099282,0.02821996393095465,-0.00040266283245484564,0.003527184332955141,0.004338947443614313,0.002113445590263318,0.030785499842796212
140.276,0.022854902093399274,0.007122863670711645,0.0020866258155923132,0.039227772531743005,0.0010772487982574177,0.14213356341709818,0.0,0.012897569969311637,0.006536595832755997,0.007402988719832778,0.001922599140875268,-0.0034674658526765833,0.006954857181562638,0.03673202706998293,0.029623895809311098,0.011621298716848557,0.01461042151855502,0.021851267794661153,0.050434644855192536,0.027994436575013507,0.04795401343371109,0.04540916735037163,0.046882481561853734,0.017828036031233577,0.026271542190654796,0.14252377070986674,0.05668507610833344,0.014792609001185616,0.001514983704375858,0.00218070871870691,0.0017744430813532832,0.004773950381959791,0.009625333740728019
140.788,0.015925961080047273,0.018198875659350924,0.006049015141518031,0.025609060933511025,0.0016719298352808043,0.11819215117143651,0.0,0.012138620483640087,0.0030455653525756324,0.009898701202088779,0.00889643407439332,0.00332747849915451,0.015386968566788211,0.03669023336389198,0.017067426365695654,0.02814380106262535,0.008014590214576685,-0.012939896573621166,0.016808970077686072,0.040233269894024204,0.05131846015462032,0.005495550085186372,0.026728599958096934,0.008121223893395403,0.021686843701079008,0.09644562463768534,0.10441160730390714,0.002671925663322277,0.00021841113429803909,0.0024648137567442855,0.001923206964776425,0.00726727275844748,0.05451922518849076
141.277,0.006636468470071722,0.012182194543279026,0.004775819626621704,0.005579242327022089,8.283872317124308e-06,0.1456925889643525,0.0,0.0061086016783119075,-0.00209321120177616,0.0009906681103231054,0.00806032096745294,0.008380120802310495,0.020029277394827145,0.015706315957725044,-0.0006903301012117342,0.007185416218920389,-0.010268624088521259,0.009654465489706485,0.018301738036921044,0.02378899227896317,0.029857328903855142,0.029059296319827836,0.01913515552117997,-0.016602216381243647,0.01787557322730549,0.13005831516652488,0.04824140094122889,0.007452167194944445,0.00043211685095502966,-0.0024071928969615665,0.0034676628982351675,0.002106302434856985,0.022564867748396073
141.788,0.017415480881909345,0.014487628053999193,0.007867746942719902,0.048000902049129025,0.0006760635985073976,0.12443737921581464,0.0,0.03232848767262854,0.017638036344104022,0.0076354476360998205,0.007770134983407221,0.011023968064718687,0.005955714722684128,0.037736328939014685,0.02493178707049401,0.021382212987411983,0.012897854702369005,0.030099136219533865,-0.010253168325807697,0.028464296912188918,0.025197295003191005,0.028528618796831596,0.03160318204582605,0.02728038581446389,0.017355711972164015,0.1227950302113734,0.03470302284948073,0.011039702307485886,0.004683852703680316,-0.00043194804812006493,0.005016051159795133,0.002300586140941077,0.0483484446534018
142.278,0.018515561166717282,0.009411446033124625,0.003846557987263953,0.0001693777697798915,0.0004946801664728464,0.10327863879363651,0.0,0.006449000905575656,0.004034083086423442,0.010721050551105612,0.010239604111692302,0.0007229159498583813,0.010781241682747812,0.034414777286487376,0.03301844115698375,0.04031895157378359,0.022333483470352338,0.021930619308102722,0.0020579922409710186,0.021669051569266445,0.026028269842250016,0.03762227998233063,0.033759405174169074,0.027848072964743526,0.010932343974727553,0.08376756262371271,0.03964079873041961,0.0044630379475520685,-0.0005759775843825375,0.0026182335684712234,0.004816814497891943,0.004791999648679859,-0.011623936820324109
142.787,0.01800376032742705,0.014456001699455415,0.004571043613432182,0.09179486146728677,0.0020035884205396896,0.12838887066845187,0.0,0.01867666622022845,0.017627525065362814,0.018815070346982665,0.011824545144124276,0.002945069587906535,0.002967480826770388,0.026756671595943183,0.03858972513552453,0.023930593167947715,0.03483172752712254,0.005997562369544859,0.020424753977431435,0.03110322037146603,0.03636912143396218,0.03046172624096013,0.048142434543750015,0.003623457218678869,0.015852954928688247,0.10250547831316319,0.04224827427862118,0.017264984345619773,0.004304152917953415,0.007888797378147709,0.0040142781320395456,0.00444134184884105,0.07491618232455356
143.277,0.009430746081218314,-0.0007214126580546706,0.00251335074962371,0.02674853729150977,-0.0005699134588344023,0.043188586980019934,0.0,0.012545352164761868,0.00968529957616097,0.013816484208782193,0.0035451269828501407,0.002236477656783936,0.006621353523736286,0.0338385611125666,0.007616943964589176,0.02922444269077963,0.0013344751725811869,0.027588837970463156,0.02514272217701052,0.006878904762512111,0.04035026412382457,0.0014976310209406445,0.03602694748482819,0.016630208184797657,0.01374292797483952,0.04314907553878347,0.0102384688441031,0.0002973301193497269,0.002242402567178146,0.0023970841455121235,0.0011435560433944532,0.0036764554598591632,0.04398682881698869
143.777,0.018558758418927058,0.016310080093119978,0.0035462928368817717,0.039845089520966416,0.0013089451745617873,0.08550193745430153,0.0,0.0179058595899273,0.004705853641392853,0.01566607746113398,-0.0021011073979415543,0.00523848538638371,0.0034211157093066553,0.029861611287072848,0.047333371703351806,0.028201400207553132,0.029771559439696102,0.01664262672475219,0.028514919032757848,0.04226154141370814,0.048072133969941616,0.014316741656628091,0.0289122105714229,0.028577035723686393,0.031066541571403712,0.08094091526963085,0.04455668885369672,0.010594854433823239,0.0034641011214272734,0.004455780252921669,0.0007800481150304484,0.0054734232126272195,0.03715807181641252
144.285,0.019178653359973295,0.009171082269906957,0.002344371127166152,0.038053280149367666,0.0004904832200014617,0.08038050907856255,0.0,0.00917903509860018,0.008931909435853166,0.013748164823499153,-7.027368926619403e-05,0.0003971345972296982,0.007587944668841941,0.02914311627289354,0.026361959692733656,0.02699411823200482,0.03565577830019409,0.025137912411313874,0.037571194041175295,0.023227461184877587,0.035217450747317115,0.03907249159604671,0.03967718206956753,0.019641074035521768,-0.006319311515856683,0.07408002514620597,0.06483367170197253,0.012871347369753339,0.0004712455768338893,0.0017125606010005311,0.0028193520850250346,0.003224617884018281,0.05344042986658566
144.778,0.008837238821163839,0.014108488350249509,0.009415315334123184,-0.014218940314321473,0.002716921678014875,0.07838641611465373,0.0,0.023246747475051628,0.011647871324829194,0.00546486187667696,0.012213060441713391,0.014658320159197666,0.01963357116414137,0.033050659177441974,0.0336586235779542,0.03342071581290104,0.019753577695941146,0.027174026482938526,-0.014252356884338936,0.03098851299652081,0.002684695370156113,0.023712940690010936,0.021661493072348607,0.0067266948680227,0.016798378725492405,0.0769335307475394,0.059269716197376046,0.0020303731144084374,0.009060794560338129,0.0013575073282648508,0.0016674008379306852,0.008877763587395419,0.0022473498268245477
145.278,0.016402114234023723,0.015619880799337047,0.011286312358413667,0.08451745991758026,0.0018806283713298285,0.07565295680245157,0.0,0.018412411600473574,0.004036378009957462,0.0005097683235319123,0.02554049665799374,0.016924327829400027,0.031067947401193292,0.029947653467481544,0.02476163582995514,0.044949990418548226,0.03518541644964827,0.018589820173454258,0.027020573410404838,0.017132759323342888,0.013142704303157221,0.03544012634815467,0.029905853854072892,0.021888806310584926,0.023948944629455238,0.06619583988646457,0.04560678312569904,0.013219752199172678,0.0032736927792656745,0.005056824500875186,0.0058204503427284685,-0.00098015243395643,0.0867013073207628
145.777,0.01941461923124374,0.00916860593973068,0.010058777764681254,0.05107123690997881,0.0019761023079029917,0.022893277442492418,0.0,0.021058718420343008,0.009875345128881158,-0.0017473942568016587,0.02326004537346754,0.007595430642703708,0.027782741146365555,0.03742757532127543,0.048840032256257014,0.02681504013969808,0.02610156822078538,0.03036435633220985,0.023689948420983056,0.038270812532830725,0.010060778986352253,0.019813165969659333,0.030801156112571698,0.030460461515506715,0.031112288882737676,0.022791859832523086,0.05676583062862485,0.007030790845591357,0.005094788725996319,0.002479608515165651,0.002623183588282237,0.00635059578581606,0.06438860304143218
146.279,0.01838495779718057,0.013914050417617809,0.00493066223561359,0.04315268980785222,0.001705476102099941,0.019763565962489172,0.0,-0.002991571078036425,0.0043813598645313975,0.013126699731977805,0.015227815279887303,0.0016599727316859846,0.009364460523105472,0.012947077742469037,0.017862566124911442,0.028498787929604134,0.02260656052681076,0.020560927573726826,0.026984456972427753,0.03743205191363914,0.03900435313276595,0.030993400569365344,0.028531303655770703,0.005856111935174165,0.01492754781309624,0.029632982094857863,0.029244032448284937,0.0296247052336304,0.007233027529437136,0.006952432894635524,0.004038726899212181,0.0048947247665489186,0.020136796982372553
146.787,0.008042257980694068,0.0079429212430941,0.0006305917741298529,0.1045826654465966,-0.00034050035700922636,0.008674957091826113,0.0,0.01152069362641576,0.0014210765112456455,0.010136722472640532,0.019901664444039173,0.0001478318473317741,0.007483821417389771,0.019087144869449676,0.0017371988012514262,0.016956802089943202,0.019903518542356766,0.010225600498860827,0.013104825892895647,0.006140908425766769,0.02747949039927107,0.013914349858462715,0.012293254407428575,0.021643330478253082,0.0073095869648028295,0.007053353812606283,0.0335469347333625,0.027850625993234724,-0.0015906155062074296,-0.001210703223342652,0.0037686880613664177,-0.002579083030756204,0.09556021542663921
147.277,0.0052169792415961225,0.006732213623421539,-0.0011554690442636348,0.016062809212658315,0.00046717619020698566,0.01918097542950416,0.0,-0.0035847351139794473,-0.0036493315534408544,0.0009958658840055557,0.009373307019669097,-0.0004913752584532165,0.010655304274853545,0.039049889369873476,-0.004369862710628292,-0.004419633321556663,0.03611424705411676,0.013223801011123961,0.007665125545454274,0.0212950960375504,0.01198450334221721,-0.009449425072596612,0.01664714898915794,0.013708141149153101,0.002203730162287464,0.022648349422872877,0.063684089690843,0.013491145883993931,8.677746746429076e-05,0.0015471340636898608,0.0013878917255546724,0.00232743707197099,0.03875119717934215
147.776,0.012654450100141677,0.007330894489593454,0.004481970898013225,0.005532365329159822,0.002370476594089564,0.032222382379572714,0.0,0.004039345854475752,0.0018749174650540502,-0.007439582085538718,0.007787945067664305,0.00543338940279945,0.02299561879825695,0.01944552429500722,0.0344405958316593,0.029714428194790293,-0.0007634860089083006,0.015186770585506717,0.029873809041440914,0.0216058382453988,0.019905027775948807,0.03691806311697279,0.012951662384806032,0.0121748753314732,0.027173702574797287,0.026109481419079365,0.05736757788582001,0.0016996069201851774,0.0026656515112277873,0.00747810886864073,0.0016210081497138537,0.007610109795128961,0.0147197908864199
148.288,0.013716164903977028,0.014900874736280406,0.005690144354852135,0.00850946084336241,0.004720149099696888,0.0451760578779689,0.0,0.01584321754799683,0.024250195523661058,0.009616736492962073,0.006987607487004074,0.010563055718639072,0.012053745155168763,0.01737264272729172,0.029204963876132046,0.02302280671824057,0.031865519601792104,0.03591933755480294,-0.004114102972609552,0.017602640304305413,0.02412757213679736,0.023488059128518042,0.020787603500318087,0.04843137604159436,0.037770603138341866,0.04343680519240654,0.03860432158735856,0.015583096521757095,0.010718917454069653,0.0029390885216940437,0.005347922609312662,0.0036306955106817913,0.00024085190243520565
148.782,0.012118122915776332,0.008435669966376218,0.005906297122134142,-0.0013379219001706706,0.0015415779668064252,0.01997738584397421,0.0,-0.0044638929944431915,0.008114477386244299,0.008318227576798254,0.006867349681348819,0.010300251783756022,0.016689946566227565,0.011988233038321292,0.03151704916832489,0.024727418744412116,0.015284546766225777,0.009794171389158272,0.01893635602158904,0.02570822883539375,-0.0027281665629177282,0.014515105761471915,0.022431235259402497,0.018324102662357955,0.038415796617185756,0.0064557324641934385,0.038269498373799234,0.010395878461911808,0.0007145580726593498,0.007521517157600645,0.004320716917894921,0.002041332582060521,-0.0006881009411230702
149.283,0.00911216763804312,0.005754232909843214,0.006302429605802881,0.013690860913379448,0.002840144663476042,0.008069865673776919,0.0,0.019798338290749503,0.009308390850798074,0.0019260151167771276,0.004391359650901449,0.009155638545167892,0.016652363415313544,0.005385939736298546,0.004712719505883924,0.05287211897791325,0.0009237136208931642,0.012101596167652634,0.020546501254675584,0.006315754024354773,0.010420809763948932,0.020601874223710043,0.012918445768630774,-0.0024664056131046873,0.06987143951085023,0.007391761420670891,0.02075849106708397,0.019912825272006007,0.005594837960966922,0.006875543031505922,0.006193892277154572,0.003651406172272414,-0.0010140622705156332
149.785,0.019756721329163476,0.020750779129654166,0.0058967399254386335,0.028132236004762293,0.003691802398900927,0.019233151367017323,0.0,0.021076638841967723,0.011536485460992153,0.010370710558647894,0.007922239807358877,0.0066940134487717,0.007911704226684349,0.033220912715659405,0.04687137480569418,0.03737611443643356,0.04557707603439645,0.006261038569187462,0.008537344235013932,0.02476596382969421,0.02466514607145925,0.019417691595138425,0.01343262984607229,0.014485209749230267,0.030463158409629626,0.02385771177630892,0.026431871364958736,0.03458705498052811,0.01009817331985859,0.004282002208282295,0.005396840556649005,0.00399420753991336,0.009303921330261674
150.278,0.01277574878283333,0.0047967502613425975,0.0022355404664151906,0.06442137909314931,0.0016586803191956112,0.03944250834167665,0.0,0.005530522278380478,0.004416835170271893,0.00982229415700421,0.00620489449836949,0.007160096961898905,0.00047561566890283626,0.01482936528762574,0.014571294856647168,0.03377440421591724,0.012216065420404218,0.0071123180792321975,0.015418033743645376,0.008980099511390815,0.00021095855260792892,0.029342934443031987,0.011921897392435321,0.031085004660853663,0.03154273124868402,0.03805739609108361,0.00019377642747739855,0.022583892834403988,0.0066513837260462364,0.005431094033414524,0.0022868544237282366,0.005021374668234197,0.03383908474519981
150.777,0.018830601549178226,0.01752503483463477,0.0008772321062538718,0.03424359633908276,0.0036407576064458155,0.033059688765821306,0.0,0.008284253791595664,0.0017529343711057631,0.0109297108845462,0.006894961538735053,0.0028330659190239013,0.0003481867416885155,0.01242917855487702,0.03405282893329607,0.026218045911077674,0.034101941534509524,0.023781008538447317,0.04099689791248706,0.015070420417269895,0.007146389199060545,0.03843068072147388,0.0481690237340872,0.04410739404426957,0.025142271660418578,0.023440241610211885,0.03383787054701656,0.044811757801291256,0.003924900645630338,0.0066659678547411755,0.0024017316108636538,0.0015928841408644674,0.027819564242234245
151.294,0.009236187821883166,0.009230893707349655,0.004185804129287242,0.02529500370882191,0.0011688417675386966,0.004905216497174717,0.0,0.012906152633273407,0.005206688770957429,0.00858458228148133,0.000271531672887682,0.0056495954707870555,0.015374075906093358,0.01571345127400896,0.024465017826700648,0.022070261842938185,0.002774489892258375,0.008201493684724994,0.017201373039365364,0.013952034882839574,0.015224441592435797,0.03612276195606087,-0.0029155990580800877,0.034445498323408444,0.03152953490492291,0.004947989954119783,0.050784849373911665,0.03322852338610838,0.004785614292882362,0.006332539174630178,0.00469192811100306,0.0021323368556924373,0.025411581816546656
151.778,0.015013863114693108,0.011094864880748725,0.000787795185397924,0.05161992348188708,0.003005865494801279,0.023790137306214786,0.0,0.01289829315667044,0.005655278377464122,0.010118447760257245,0.006869646137449904,0.001549390274100636,0.00207951683757378,0.017405777776366125,0.01411271195010507,0.03326053390883901,0.025794193995106397,0.03237659917825476,0.031754459636689894,0.0035047974966398165,0.020678023152732927,0.008873513371042092,0.04043036700769164,0.024644914719268253,0.019045027086339986,0.022199611992622197,0.027936202436239874,0.023651063844684295,0.005496282285178395,0.0049425040417375,0.0041121143854790715,0.00708553514083345,0.0321029863923917
152.276,0.008959266543633344,0.006817588072659086,0.00176417305273219,0.03953394958108863,0.0021223729527461146,0.02046229067927604,0.0,0.006699940300031455,-0.0005029250423489922,0.002450461281740909,0.006762941707308308,0.002540027971094025,0.010499440545615517,0.024543720429166496,0.0027616672967627517,0.030088466115196538,0.016130666598871947,0.024244815838342804,0.006421264638113529,0.0064114834994506795,0.028197514304399398,0.030042640190519727,0.015008116454804403,0.03014451272914785,0.013679160745072047,0.027052584943287467,0.03719541497551666,0.019994520080609604,0.00614718227086785,0.006416299048716273,0.004406540243447124,0.003562324882769717,0.028318317127936775
152.777,-0.0041455606700638754,0.002158333289207163,0.0038486990660528153,-0.016924386938566086,0.0014835232889183188,0.0981387956944894,0.0,0.003904646938364304,0.008440367857375196,0.0008025382036139502,0.005387572603839728,0.006060568051951143,0.014922856519734823,-0.005298021252883694,0.01864222124489192,0.01745817456288384,0.02113316244960083,0.006228533544954815,-0.007439939473738862,-0.007650032612335449,-0.009905985780371544,-0.006629410493720082,0.0031204935436939044,0.02403103058678614,-0.01799358265451036,0.08665854910601044,0.03166361291845837,-0.003548891484752961,0.003635923835572671,0.0028710404913874638,-0.00011476840875353206,0.002445800220684045,-0.013007410592707002
153.278,0.007697659364549454,0.0050327286749149045,0.006719123094790782,0.04050452647194067,0.0017116981472216721,0.10247891709250394,0.0,0.017843073719754854,0.009176431993301362,0.0025799374717864593,0.004458946309160896,0.0128125672674394,0.01663139863019317,-0.0053781348418269976,-0.00016613441911643412,0.02735342124492555,0.03728924035935076,0.013298280996249051,0.01177775118136571,0.012599326845183575,0.02892697478986451,0.0231304572625478,0.012247328569494712,0.0025070000292190383,0.00046902846797905684,0.0778126197911194,-0.006672735471682154,0.015313235296562956,0.0062921822101012215,0.0019412751662000903,0.004211180389066678,0.005572318619100944,0.04433307897330213
153.788,-0.0019464812000384523,-0.004676137997461034,0.0028874681197699733,0.01335554764805836,0.001083952244652623,0.06590070140742756,0.0,0.009611914868241278,0.013475621309832968,-0.006640038224357788,-0.005700905726144202,0.013664904489384956,0.005616191852916384,0.003521593099144187,0.015885880259854275,0.009044433136128212,-0.002390230069334282,0.02155847830138577,0.0001085688931547798,0.002977440702436954,0.008386853464791502,-0.0027756718823117774,-0.000689799790399974,-0.0005849205291807765,0.04034704346429721,0.031947198452391946,0.025049821391498448,-0.0017886827976173428,0.001591201713585834,0.002856433166302788,0.001296683245099406,0.003157295294539296,0.012752267248743178
154.278,0.013181704469011067,0.012683471732158782,0.008902114226861893,0.05998738018721428,0.0020444794568851097,0.13027224167281726,0.0,0.02413638059171799,0.014301109431616374,0.009186852993747085,0.0063842540288538705,0.0064048105549892945,0.018487630379720076,0.03494568254587726,0.03877793256394181,0.0021683994941331143,0.025131019601983905,-0.008814989518669278,0.043899309444151775,0.011289084486607563,0.03471255155589453,0.02518679759389586,0.009197924292242993,0.043549666745625604,0.0396439606275423,0.10420926074829091,0.04831730451655059,0.024153051238266422,0.007493637956350542,0.0013517719594485242,0.00404431529295192,0.007023901328359931,0.0767341045637924
154.776,-0.00040777681356827036,0.009118867352965774,0.0017673638024691123,0.0466211552238999,0.0025552434751691657,0.08202758948577561,0.0,0.015919260504674095,0.010061655029273212,0.007880888278325855,0.0037174725593361866,0.004601065622681436,0.0017299532605070307,0.02248881587819364,0.0028354304532001526,0.007307166167283055,0.005855396487108593,-0.008727433783115336,0.018972324461247733,-0.003391108274385995,0.010407699858246303,0.019543241012479097,-0.0012868784030331604,0.025870311800842094,0.011974776120760646,0.06904951010326713,-0.011398983277329773,0.03786363921846078,0.009410952141375982,0.0006580832457769656,0.004452016414759229,0.006836563955476745,0.019883416893577793
155.279,0.009517895205043371,0.007847689176580127,0.00010445956488973193,0.036933422088423866,0.0023033046878238273,0.058375552864881684,0.0,0.008098507345426973,0.007743976921870161,0.01002215055956788,0.017270360621398695,-0.00016986157599490243,-0.003762602298843327,0.02579876984998799,0.025142271114418906,-0.0025887359443863256,0.024099779841571085,0.009729735401692436,0.033926052146736,-0.006610408633231881,0.03553623430628618,0.015288363537512149,0.006706061709837229,0.03382807821565318,-9.963538794378384e-05,0.037510365020469096,0.004308090738035358,0.02477962124353248,0.0067183796867030235,0.0024687348856583177,0.002518760484702924,0.005048472116957492,0.03156059481722921
155.778,0.004846046521241444,0.003166997470817923,-0.00031796507078946367,0.028990596273195484,0.0008462374271376765,0.0924397622101765,0.0,0.003937110940276982,0.009816610019027573,0.008365301217443567,-0.005202604913430018,0.004652712410422967,-0.0074426602871141105,0.0034991802157989913,-0.003967403451695556,0.01440371247111969,0.013998765090848474,0.004739655595713808,0.013016445588049316,0.012438759031934372,0.015690561077803894,0.019229086984421977,0.023235694295185325,0.031697923516258456,0.010325107559240283,0.06874847451817741,0.027363630561504124,0.013467062488072197,0.0012436349426678036,0.002626668127631387,3.064297590962346e-05,0.0013917964646881311,0.02444082984326277
156.277,0.01471726505359636,0.003459210786280634,0.001990722171358347,0.05973169913475931,0.001145641836672639,0.08094652529412244,0.0,-0.0028064016237936023,0.007830416082236403,0.006158159129922337,0.004214255314420122,0.0063129175011672825,0.004349964435140627,0.014054004725927258,0.020712202895756246,0.0300640958442685,0.021401214853326467,0.02260773989606631,0.004789190376087538,0.02759312571687982,0.01550873781706842,0.02691560174507049,0.024330724412041788,0.005877555438529649,0.03246799411024798,0.055786647906581034,0.03671310689072236,0.009804949519485245,0.0017095938542706335,0.0037924328324662267,0.0015995367299327322,0.004603988105295066,0.06071150565921295
156.777,-0.00015767953083571838,-0.004283061967269289,0.0025751912330204425,0.001832694992790628,5.627400580317361e-05,0.12289869807436597,0.0,0.012038158188737883,0.012302684963320753,0.0010148654704935957,0.005934362062483199,0.011481096241359234,0.009993632474885203,0.0012937352791587704,0.01360751854068899,-0.009587312746626482,0.036098063274328226,0.0013574775825341062,0.020753036076798136,0.0034820161924301613,0.019101322186700288,0.025007894170892046,0.00019159636809620663,0.0003761382894360482,-0.007942370771572012,0.10442204392583834,0.018827169393666982,-0.010963556881130676,0.002491484772084149,0.0016327055909543065,0.00013573679087838884,0.0056994169685589255,-0.011041149411397888
157.288,0.003657393932305093,0.00027438970102533944,0.0038489333405308693,0.0630430760332542,0.001995355768575788,0.1096068818689688,0.0,0.009225245096522932,0.0015204552479381776,0.003758982121791687,0.0068192689439455795,0.004777406246438097,0.014998734812478598,0.004871447553029011,0.02035187258257206,0.002008463397524281,0.012625859514312339,0.0075916391857626005,0.00878497232311472,0.004734613325325248,0.02269517296602397,0.037546697004460325,-0.004346159518388658,0.01761906439823887,0.0001545486041920528,0.11852340037147165,0.052306394631376096,0.004443608188790236,0.0029294664566802747,0.004378741891941416,0.003911417517849801,0.007655414556322334,0.04692548447910586
157.777,0.004367216685019967,0.00865975538959237,0.006042428974425852,-0.001101129384549207,0.0013011732590887607,0.14523692284498355,0.0,0.009655423733002039,0.008834482750567021,0.002727728377605506,0.0029802906109800574,0.010863558093775302,0.01225571791319145,0.008439004577519706,0.0170121873415701,-0.012425298128817264,0.011227098127476751,0.006966705940236392,0.00025114372479189746,0.004751281431816171,0.008196772203799997,0.045074451260272236,0.004462007147739869,0.011496144689111186,0.03306755199292781,0.12773794819496703,0.043092955281414685,0.018174655327325092,0.002511548435633794,0.00414322075217634,0.003783182919632105,0.0014326961914865736,0.03142826190756128
158.276,0.006612803907061537,0.0145254967709408,0.006812685894067921,0.09979318484596221,0.0024093383249667267,0.14872393143251064,0.0,0.007694794164961292,0.0071974795753083475,0.009018716115241215,0.007156062116968058,0.014222093976922515,0.010136181068995448,0.003171179882265927,0.017546135607934773,0.031128761355199895,0.0029193032998439325,0.012752547323053804,0.010316193170144138,0.024511526264771426,0.021863809324975236,0.030416631684743397,0.0005576974851995562,0.0007691146599389162,0.030693462606114854,0.12175313322764844,0.059807440524487374,0.01160734739495795,0.00434800835306165,0.0061055553318140375,-0.0009988595643414997,0.0038041316552169355,0.1111144839648818
158.777,0.01693570299603837,0.008835946830252975,0.00433035872923123,0.14514722330326024,0.0019177654838879738,0.1651193898132671,0.0,0.018528314632474514,0.013646307208512077,0.01736829282051925,0.0038685570938738457,0.003634208019636288,0.001629003221684102,0.01188054941817176,0.028753886152963384,0.008112337844672898,0.03204446093812951,0.028379469515179657,0.034805795684766196,0.03673673954163029,0.02518872980866421,0.026554372871008692,0.03676697034415504,0.013023604429742939,0.040604276651978854,0.15290203421810447,-0.014715316387479952,0.029774512065999247,0.004524158717429278,0.0038379968271497135,0.003178540703950584,0.00841892459230335,0.1539755807638944
159.277,0.013719885103037467,0.017128088712154117,0.004655911388618854,0.12974285764614849,0.0016889864695847632,0.14880637143052683,0.0,0.012431255196366378,0.017421689994512612,0.009705551829589919,0.000888393430439142,0.005604744049043049,9.302970685112243e-05,0.029653439177047932,0.02032685210990665,0.011385186391608737,0.05012393271326828,0.01621795897160115,0.03200254601829394,0.000506102439289,0.02078909068859008,0.026967978359864923,0.02787101756085526,0.03741922195849766,0.052209369345078575,0.13063854470405342,0.05239958932914386,0.03156795075773631,0.003591866127249321,0.00266212344348679,0.002934359139330474,0.005387987682396948,0.15949563687704862
159.787,0.007609593596643756,0.0049784991160553614,0.00448383206339167,0.08230356910973279,0.0015449733635068171,0.17929476982465228,0.0,0.0059689673308345815,0.013241097609651982,0.01877356590411825,0.00802438130841777,0.0077015755420544035,0.004262564781855299,0.023335902212033636,-0.0018006842788775685,0.0213643200901512,0.00871073634278424,0.007572003809070822,0.022446085757755228,0.005211955986229443,0.030161851852876797,-0.002191344292939754,0.025157124018507376,0.024272555982444627,0.03829786591222512,0.14816242710445143,0.0030230235833110866,0.024355027687185702,0.004218725533410369,0.00466407431441243,0.0037169027324665325,0.008413759686679954,0.08409146257660638
160.278,0.01596392539451636,0.02381966655158335,0.00703263208135999,0.12579472241700207,0.00503391131656811,0.13157621541432798,0.0,0.02272310928941014,0.017139926284562342,0.008860874776133093,0.006843629141915451,0.005328725606287741,0.012348739714691082,0.024127956463618615,0.011274923462132063,-0.001508507497551968,0.06946968203109337,0.0058162387396664345,0.05516781090162121,-0.0010349118956084332,0.02757746088637179,0.02126670513151291,0.03143891594486953,0.04581246592818814,0.049091982888722505,0.11373980372845667,0.06282471608840488,0.03301855150747333,0.0074640908289587225,0.011259309144198077,0.003956022413786358,0.011661265194382353,0.12550817190116886
160.776,0.011725196356348043,0.012314813959059263,0.005834077566192594,0.0494288699411291,0.002209074166974933,0.14497990968316626,0.0,0.012578222992816123,0.003624336157803003,-0.0005174289935465979,0.014351331744183925,0.016471683108704525,0.010856474961085792,0.03397276915119692,0.015147681802882887,0.018035756740001456,0.015597214996219142,0.012399347996315254,0.02746317256509449,0.021252313944406163,0.012672519318787306,0.02291965379585238,0.015183635068114222,0.012975981633831674,0.03617424947958199,0.13302960919459106,0.058248830265905736,0.012871488286506468,0.004186784946056576,0.005609366554478496,0.001025817169648671,0.005677072229653712,0.053354988201601866
161.287,5.5188706005359014e-05,0.002269373253538554,0.0027741258373466414,0.09452589391291048,0.0004931842229413489,0.05316336827527331,0.0,-0.0048927066155714195,0.012109284254358641,0.012750878205025124,0.004861630137413056,0.0059458016143631,0.003414358276628621,0.016889110919444464,0.002301519780993379,0.003015214603849536,0.02764485521949346,0.031266884696918594,0.026278924994580337,0.016362134267950922,0.02006048035909845,0.011029485661324258,-0.0026922750989479354,0.018511966207777276,0.01898976933983792,0.03643846925720396,0.03507530264319379,-0.0006508513828907429,0.0021317373911819907,0.004815119849712032,0.0030535579558305156,0.0065596478628326535,0.09175836127601622
161.777,0.005140235439370935,0.0027633273581692736,0.007821422828881269,0.13675103420752074,0.0010089123209155938,0.1330661648244307,0.0,0.007258986153895221,0.01413322107411916,0.005853399699957587,0.006714395704707845,0.017170006022917534,0.011971988829030767,0.013124925832671126,0.009534062807950213,0.003521264855482185,0.015547326143290283,0.007880994703906893,0.0057825269060492335,0.03150704661331983,0.014377180916723941,0.027112084215672176,0.02389211186289376,-0.0013543016038452785,0.0455812981462892,0.11055087321779114,0.031243146235524617,-0.002759842577384222,0.0018908871347521892,0.0032263055757703694,0.00650244563701093,0.007138912872222608,0.11507811927993755
162.277,0.0001510415259441099,0.008394148789195182,0.005570926666752643,0.07238671726026293,0.00029697787390283375,0.0877960501667626,0.0,0.004017721370127404,0.002632592225518448,0.006138128720833187,0.005742114268372377,0.011733118769041649,0.0169772778521478,0.00019415650805462367,0.033479447125742176,0.004640274290189866,0.011248992345461848,2.5372522085597933e-05,0.027438283785210373,0.025901263278660158,0.009559560555431404,0.009287177228473432,0.004300111307759989,0.006950075815152244,0.01010848459674242,0.10348836634154322,0.08259964751696793,0.009078232933722976,0.0009411805014069297,0.00244169153673179,0.003268263475825492,0.0027609331580883017,0.09166163671385558
162.777,0.002720828450899296,0.016976855065356095,0.0041740719618597166,0.1565926711523153,0.0008587895754270016,0.07822623390801586,0.0,0.004573323245539553,0.006650010655782984,0.015060864891746618,0.007471802320899275,0.007436617505224932,0.0039825662353399575,0.013184055307078554,0.018556881367867015,0.017331169543130572,-0.012389401320969955,0.032817086447916734,0.008701387553917195,0.014821856550000788,0.021237484005503553,0.00924722977291825,0.024296023964334838,-0.01082236270893685,0.020783519936970835,0.06665417744412246,0.07531341848253656,0.03685554520371038,0.00047543715991330086,0.0052693011663414585,0.0023744262909260903,0.0015655154650661175,0.11976330502256233
163.278,0.011843155268899808,0.006678348299552723,0.0006799042691376669,0.10800017946798673,0.000905908243702621,0.1289830210634958,0.0,-4.441776145101892e-05,-0.004746295257537713,0.010377781729363907,0.0092885466602653,0.00362332447804543,-4.9571865561609085e-05,0.02094422567889803,0.0008002341028980073,-0.0011823003424042736,0.02649982387799469,0.022923109302165335,0.030497822889460437,0.013878212452817607,0.016712283392946357,0.025796325153102945,0.029641542746966638,0.026063451388545992,0.037287635358660955,0.11143733590845883,0.008474182353504257,0.031942817323283246,0.007229296222289434,-0.0025500874725773582,0.005422467632580009,0.0038470457841403047,0.10479062924783476
163.777,0.003605247640355121,0.001574917453495475,-0.0014684156381276816,0.07394413151957921,-0.00136518330454146,0.09576245973448287,0.0,0.014939365616632946,0.0052410976640524885,0.00365786704037656,0.005185038898389294,-0.0003991467317923871,1.2392966390402271e-05,0.004185600552137508,-0.006499349807204036,0.002822238496610855,0.02472616259006585,0.004822100278370308,0.0057449555169060635,0.005233712765314569,0.03823716127106378,0.012360267395371629,0.02332450742626912,0.02082589753769826,0.03381584913836693,0.08215049541424359,0.0133295908564271,0.02390863889738701,0.0013737730886450963,0.00037734644977659707,-0.004484533187749261,-0.0016134676419738319,0.0938547777188946
164.277,0.0076717223072816105,0.01939906649456319,0.0038404064142974126,0.06150945573033655,0.0018820825777791502,0.11419352536231694,0.0,-0.0011023812995079878,0.007953880325229054,0.006149407307963294,0.008945820913021098,0.00570198303993924,0.008160930361775164,0.022876463868686355,0.018156468072126165,0.008673622456794166,0.005226963476478549,0.01386678391813661,0.01642650918614079,0.0002587279739021083,0.02721471500328906,0.01305071469443225,0.016182564435498172,0.003338504120093918,0.05440088132064537,0.10128157589684672,0.053585447567956156,0.03157282613794608,0.003452071276166187,0.007479804733419238,-0.002501657533065303,0.007893866104205803,0.06996672499099242
164.784,0.0017231579059657873,0.012689595678505654,0.004324391158364724,0.06530067615862135,-0.0007560516004227835,0.044878940118138574,0.0,0.006089516627468152,0.007110629340587862,0.001141511821004347,0.004062585036901417,0.009727213715955823,0.015930716826131,0.006939589762313115,0.0017198439292811871,0.015029427113641344,0.04218910631935597,0.014211058590159937,0.02019210551159669,0.02963217468603727,-2.6610041868284106e-05,0.008114597664642842,0.003864400252715325,0.01759868576957456,0.012667996185809539,0.05375590397410989,0.0829489023218554,0.006068422915816408,0.001755999356947234,0.001183765424971444,2.9294997371341563e-05,-0.0005950877601062789,0.0704093138021915
165.277,0.011337376378798681,0.018148627953175067,0.009758210547515479,-0.0013136003507969304,0.0006852437180092596,0.08512766021243352,0.0,0.007338872931911418,0.0019382002950143107,0.002726460480601173,0.018539336363370556,0.017234366073569887,0.02678834398001934,0.0161235553712168,0.027303548829721726,0.031175636765293818,0.013932354936274906,0.02621720299012261,0.02973681436086393,0.04873589559028111,0.013728780869419536,0.0005495923478424445,0.014256354197402035,-0.007712786294592129,0.03582095754803726,0.09092361934927982,0.09112424129781911,0.012629244179056793,0.00021005283979061822,0.00265410543234573,0.0005956792383719135,0.0032730660657980092,0.009113363184595054
165.778,0.013317226519902014,0.010919333210578194,0.007076123467771951,0.05315205809653227,0.00191144130655483,0.0678283674066825,0.0,0.012886518914546449,0.009974167871317175,0.0062718555556692005,0.013314571459641107,0.0029265357877508195,0.01272769736246243,0.01508135603486891,0.03935999978367034,0.010806334601434108,0.019869098728650298,0.02214754676619019,0.03579329989548846,0.038686846842899386,-0.0037292324170494833,0.023461894614947944,0.018284582715285873,0.016394869580484337,0.013337503859895662,0.07570977039330551,0.06202002991617902,0.02484961144035781,0.0025958343777751965,0.004561359929973211,0.004916350618694399,0.003429939205139175,0.07419945664707228
166.278,0.012835610413389978,0.013078986128423085,0.00032651571720127714,0.06300434612317372,0.0013678822189659328,0.08314878375288282,0.0,0.0015617224553056519,0.001791012337810458,0.01088530297638655,0.019333793233741396,-0.0030452953004172184,-0.0010199135309812387,0.018619630260834522,0.011158610347362244,0.02695185406052194,0.034225587150443264,0.027240140045122513,0.02733515865168835,0.00462513660153707,0.009855849363717554,0.02203692779436002,0.02567755009845991,0.04167006745937832,0.033522037115005655,0.08507233504799318,0.030902202053897095,0.038950932256836344,0.0023896549579733193,0.0033325273293455466,0.0017747228555556691,0.004902677808076047,0.08214524153698993
166.795,0.015293770126617541,0.014367149050296157,0.000982118231503207,0.07424842249865989,0.0006962927016364689,0.11736740470058933,0.0,-0.004321587469598967,-0.0044828534520007825,0.008991397686158866,0.017904450945015134,0.0004683663166602419,0.01802194726397344,-0.005455008353329206,0.032079488048059435,0.013263443143914923,0.0060715358615938235,0.03247277648225434,0.029408459445436103,0.03164131047570383,0.020861155816971663,0.023513423030543462,0.024459038610203158,0.031913215529971464,0.05308646198042925,0.11489679598417141,0.06195859256953922,0.04169103904495038,-0.002220479140645905,-0.0005019229274424049,0.0021263353434415005,0.0016442780650729914,0.05808325011489122
167.281,0.011849569310606134,0.00634402579992144,-0.0012554739111199865,0.09253774692583158,0.0015488040205982301,0.06315286264381298,0.0,0.0003858759930756446,0.002715080929446956,0.005162592038054094,0.0022478588864380325,-0.0014116661397040086,0.00403274693524523,0.03156063882651175,0.01120312305467336,0.04402616133996356,0.01950314437919115,-9.134200653923177e-05,0.0032745377633472236,-0.004043564313026864,0.028185175047069147,0.0196543388268138,0.025491681606085555,0.03454814043643694,0.022368880020231338,0.0695273921312817,0.022050654541483278,0.022416488476447737,0.004099805554357558,0.002739350956223645,0.003903145370910809,0.0057883168787455416,0.06972737392561244
167.783,0.01596877330731769,0.017914689162364418,0.00873902998754248,0.1016930855025593,0.0009724080162333145,0.08447378702969216,0.0,0.006233389472907392,0.013818065116193764,0.010604363032504139,0.011672923175326743,0.011586760107159769,0.0188801045849597,0.026071815260382002,0.02813955578265975,0.028420187979466292,0.014536874021062208,0.0366447704203804,0.02406931391941038,0.03194745367648664,0.026109861429717947,0.005030498330046264,0.03093640203237461,0.02045213546902183,0.052842753133253866,0.0790105650789355,0.07564353010319791,0.020022617225678323,0.002771069897325834,0.0008795418081322741,0.003358163025341482,0.0028362009048437872,0.11057644652540952
168.287,0.0021830424043777874,0.001117292815947938,0.004286551230086376,0.003887515673004429,-0.0005853313971807752,0.036693521551789524,0.0,0.011152917294617804,0.012243747380088871,-0.0007882071691579935,0.01019724002314344,0.008884412502935457,0.008646487812433247,-0.005461792507613481,0.02062571195908197,0.031023760608433957,-0.006988035655654047,0.015894657252295854,0.028316900621605155,0.012226864133073641,-0.003904996077266066,0.014679183411969166,0.026845925622340044,0.011103056618212507,0.017728635197192293,0.02654816393253733,0.020792218628619206,0.009827576970761254,0.006364020963668301,0.0009989188902058258,-0.00220458458078153,0.0007801954085174908,0.027531181206765
168.779,0.004495487473165523,0.01028650497223737,0.005257789671179714,0.009559043157431649,-0.0006953937459749749,0.03905193756666359,0.0,0.006806381449470703,0.009082376155199384,0.004667517879168669,0.007560525185211722,0.011880150597726485,0.008885470521484392,0.01869627362414086,0.027882190508178927,0.01766799089289267,0.02531848294873141,0.005890114866053154,0.027129789800233527,0.011508519524223762,-0.01736879041646781,0.010574482802337548,0.025876454599642572,0.01953717377605201,0.01761139827060498,0.04229233566856478,-0.015118437086360719,0.027023923326158016,0.0056502317877300924,-0.0016033194332513091,0.00416021630523208,-0.0005123567405740913,-0.0011610823667653797
169.276,0.005080409822642778,0.012341858752694852,0.0037712951705289265,-0.009642717250897954,0.0020597748924164635,0.07148400519669089,0.0,0.010826628934656378,0.012883683717560119,0.008378391765866022,0.0013672894515605655,0.008814574604625501,0.012056171016871267,0.0025655412781454413,0.00044393791184965274,0.026464071291654213,0.00031619696207466525,0.0351515197817149,0.006030888320100585,0.016953217165751634,0.014706258359944635,0.01603881597803876,0.010183223736495517,0.005749731580672728,0.018492721083314435,0.07215664850281327,0.020770257776473143,0.031006326495078604,0.0034135427035962332,0.002984761051339109,0.001340902916507049,0.0025188525325436045,-0.011507724257443832
169.795,-0.0018449003491983666,0.010284080470239692,0.006898676442159431,0.044350239949115425,0.0021670774268955657,0.0982755392141802,0.0,0.014287962598810948,0.004958080176681688,0.007284979580093313,0.010092469643891057,0.012177770589757537,0.017943631786360457,0.0017379565463095557,0.014313700988429646,0.031891049966883016,0.03848425453937924,0.009781233631186262,0.00798313793222166,0.0003968608432167456,0.004806134859015707,0.005573412026613817,0.010538126994988278,0.014467655963487093,-0.018802976336930503,0.0936952056906765,0.05955312077960055,0.008896674652378948,0.005749347644603697,0.005655365727661271,0.0031759411847826343,0.009037318707667929,0.03003747806213262
170.277,0.0061173808387871694,-0.0007466198626878652,0.0004990347972472614,0.10069466211468954,0.003032856361343667,0.07235489289279524,0.0,0.005442733379512896,0.00773481599944297,0.009943693022665397,-0.0037017913430488717,0.002807868886906766,0.004640805061910597,0.011416285501859257,0.0031953194408062798,0.032792639527117036,0.022721836754887138,0.001376870948462677,0.03661176222387201,0.017617358723977766,0.02950222329706488,-0.002494299024963594,0.002555805540673344,0.011276595259030499,0.012012346811226857,0.05618369132639732,0.014777713497963028,0.01599074136025296,0.0032279172547361326,0.008140989212517468,0.00434189380544992,0.002490293453570397,0.08759857776239569
170.787,0.0072967394628922705,0.0032070024963543236,2.871320100635314e-05,0.016495088850231793,0.0016092947604521362,0.07156403467642182,0.0,0.01345202493705906,-0.008318220016376084,0.0036714468409900143,0.005405415039106162,0.0026446323431535633,0.004450006398346858,0.01697577135366574,0.02992543327416403,0.01933009485187515,0.016586460391321535,0.027845326735026727,0.007661011957149012,0.018483698066282916,0.03380082708788571,-0.0014132374658804344,0.030697380091901788,0.012593903319701371,0.017759814623480724,0.07537330030130483,-0.022385250176280014,0.03252740252831666,0.006827266901832493,0.005578765649536377,0.007036179140507353,0.00014670363063785127,0.020682193307472407
171.279,0.013776312458836062,0.015843166256372426,0.0021070235853198303,0.07249327052957902,0.0028116589512457986,0.039533630439763066,0.0,0.011608155879132265,0.0070465563350355755,0.007137378420433477,0.015517292242466214,0.0011066409902336968,0.005519060376470159,0.0273888848210417,0.028852504140826494,0.015948877581345052,0.02276807093232664,0.01758226022216306,0.016701093530852588,0.0062751869705483035,0.027068941941232633,0.015669564148157136,0.029471182950853485,0.04480873148141126,0.0021676209978343957,0.031296012094527294,0.07337624404531991,0.028052955348727975,0.0060542046566359545,0.004310700541331829,0.004004098656401184,0.003323915938277548,0.06685784005102757
171.777,0.004095748619105068,-0.0021462517632645215,0.002996511418896741,0.060287163026745166,0.0032759682302119044,0.02756693451437202,0.0,0.016117592034881056,0.0044385837373134155,-0.0011239852580775627,0.001974421984114883,0.012770661359247341,0.008190425600187663,0.008016648535916786,-0.0008883295808297271,0.0019993922963796036,0.03137948074225413,0.02908558589831228,0.01203790547829879,0.023533967639112918,0.002824807371652702,0.0277217340735425,0.014925000112710533,0.011767791908436343,0.02100875149553713,0.04141098359308104,0.03089387444221437,0.006690912446884788,0.0016296572559451388,0.0017006565220955144,0.003681653562512205,0.01040187353360587,0.05458014248043236
172.288,0.01143043446353309,0.010015079900724642,0.006868807539207978,0.0318417503835553,0.004953578631748126,0.0327742313005503,0.0,0.021067265151971062,0.01296296391317009,0.012555599332401935,0.013188526603079702,0.009726059343156747,0.004443871288141262,0.006326384801321222,0.020387417331020476,0.008233596074807899,0.04637613881088187,0.02344283674693663,0.005278558143216268,0.02090057253646912,0.028376286212510503,0.022172478370585832,0.028257654523548763,0.02503591578527446,0.027195086513764767,0.018592065915458433,0.06439297558046113,0.010092613344173022,0.008656312719192892,0.005741567566726035,0.004690004271704251,0.004225009453486625,0.04452426113749335
172.777,0.012919932949323275,0.009391059237858029,0.00829206150539297,0.040124608211892836,0.0033061012011223506,0.008877293456684124,0.0,0.01121597457992089,0.006754393017284233,0.0029492912758468087,0.02278674717096107,0.010753182422559064,0.01874036798594323,0.007572058527003226,0.03357000047098746,0.024026984403424604,0.01651246907904889,0.03849169217226543,-0.007481844717305435,0.03753799039486136,0.033400217456030855,0.040408967783961094,0.021156770460842897,0.016424563660198756,0.020872688235418126,0.018229351662265976,0.0658425877716447,0.004424387745889406,0.006532256039846162,0.00011574954037762368,0.006871989829608562,-0.00016576983695536866,0.053080442019060266
173.287,0.006939855836829125,-0.003301900204528466,0.007768611618188739,0.032397445385663165,0.003348630232390527,0.048493915766974295,0.0,0.009809515017179847,0.020716598908712712,0.0018455066640574282,0.008797207470289899,0.010769977907587632,0.017112434869616343,0.012754251434154562,0.015477289137170554,0.03251898563441194,0.014922665220219377,0.011983551287368072,0.01667752039727838,0.004811904498314719,0.01681158243848369,0.0035552008884675384,0.012941061102257734,0.053299123186752104,0.018905672884965627,0.04766065667631091,0.009090792789697459,0.00045945963617566684,0.006896278546256083,0.006845358793939867,0.0051805902153792315,0.002474707926244797,0.026110763896639484
173.778,0.0044385904118422964,-0.0006923094428886713,0.005875012182619796,0.03806756607227767,0.0027389355495835597,0.03648813171819478,0.0,0.010325209478218035,0.014402981289641341,0.017851159873204694,-0.0033573489721578577,0.011848899563548934,0.0104399812487309,-0.0008999068649854325,0.027893828833533283,0.029508052451319672,0.002229754465492121,0.03338661086963811,-0.008539987700144388,0.0006262523883338474,0.01331647162842205,0.015039418376480864,0.01201031583359248,0.01336350439180203,0.04926849335283128,0.0379752672620364,0.029509863699214895,0.00697362254609036,0.008080215763515369,0.004891560887244932,0.003097741594873654,0.00491568253430991,0.019648609566457934
174.277,-0.0018246186397492502,0.0029652562432612105,0.001350606966089242,-0.012518079906738358,0.0009744450363936616,-0.001210058646712613,0.0,0.004585478872585853,0.009769853987562997,0.008062358143876208,0.0037432727776697755,0.0073471492375226525,0.006676434897516101,-0.008581554157665424,-0.000201062825516868,0.0074236396288650496,-0.015990845291234755,0.007094695928596446,-0.01171827921725744,0.01261506709186013,0.010978520340167344,-0.010371927324438698,0.010559936578681388,0.01147345848372542,0.03300102249031297,0.001111121520810137,0.011100370397613206,0.013495253381228062,0.002459573502457035,0.002606480392859043,0.0023802128825511086,0.005407399610381706,-0.0037412906101044643
174.788,0.01912420288375505,0.007868401987320495,0.005860452743650256,0.05619154913240384,0.0032111263033820833,0.09061977479271686,0.0,0.001866833708243875,0.011711123480597063,0.016034595161247438,0.00991971112834119,0.005720230479854504,0.013403188812712196,0.026531771872021964,0.0331884349381013,0.04289434089573319,0.04197522002120804,0.05637155724346356,0.009339894487315158,0.01822442779664018,0.03182106118823296,0.01319166048051084,0.045412430551784295,0.014817699764278285,0.05362042346332106,0.0712115082969344,-0.002379533151998371,0.03075182398810756,0.009185666343184289,0.003945283529665567,0.005047228758424815,0.010391765589396485,0.03341378039992158
175.278,0.008369913852343116,0.003061606752378346,0.0036584459613317175,0.07888873161503715,0.003998280340610896,0.09504099276755279,0.0,0.0020852910494260422,0.015193254705243775,0.011802918051727807,0.004324538805057737,0.006744496952561684,0.011885373463356618,0.00816398251010124,0.021748997076104542,0.016658715279541086,0.0059810940627370145,0.01145839072156594,0.02415134611378255,0.015842557483168405,0.013057243082108939,0.01900223372461015,0.018651765290008115,0.018227888591767907,0.05391263361587097,0.07714411046583725,0.03665481539484328,0.026654776344815282,0.004686706579552909,0.006438926986484474,0.004490236400226945,0.007376801679883651,0.06316803692795207
175.777,0.008727878941004876,0.013074753338468904,0.006905677698501021,0.04534697539639712,0.002419889669556566,0.055922789402992196,0.0,0.018999457865779158,0.003621160964268143,0.007023849667041302,0.013148840905790498,0.006482225536951796,0.014941332100405026,0.002837932524966938,0.00477558419427217,0.029106734727034525,0.016779253978855355,0.02287026684117293,0.006548806432995007,0.0001943319950344787,0.013046872591071871,0.016107075942556788,0.019590871566011685,0.020805162536984844,0.07471582030503908,0.051660389292756764,0.09586049250103405,0.009679719611389321,0.0016425634906132413,0.0016036131952770342,0.005883556052124452,0.006038590040177313,0.018677529686259194
176.287,0.007502849648264083,0.007835446833502353,0.004463224259045958,-0.01568364533276589,0.004271594954941083,0.06096739649825646,0.0,0.008627079512769552,-0.0008660641575992313,0.0005491002682873275,0.012800905747400233,0.0028534067715625957,0.022637733019133268,0.013480921235091271,0.02807473338476159,0.024443293194863207,-0.009055007115807874,-0.0025270399009683477,0.032080274120845034,0.004150104571695776,0.004589476692502529,0.012139447167063326,-0.008335540752484558,0.027106818821412772,0.030745533899845336,0.07925665445558022,0.08969351865440497,-0.002430182907245799,-6.297473671397004e-05,0.012062785316864692,0.00833597116252398,0.006435059980084554,-0.024027542693930693
176.779,0.0006534189260638281,0.006337086925373948,0.0051736750907874,0.000680492133088015,0.0009959158194004737,0.08123103769566703,0.0,0.0064322730318806445,0.0017090343830243999,-0.0017489317154051197,0.009876203291348126,0.007265377001862883,0.02395608428758769,0.00039366497070487597,0.015260322934619394,0.01572942336128847,0.029193631352942794,-0.0031588449948194612,0.019782110895757987,0.022681613696983138,0.016451197645496185,0.013170055804064322,-0.004621341516630094,-3.273519100959002e-05,0.01643082026033904,0.07664920465024162,0.07980765993984267,0.022773333696151723,-0.0013693097021344935,0.005884483470746416,0.007454288348831762,0.0019520343231770566,-0.016189439388343434
177.276,0.0030708258363720173,0.012919929177071876,0.0017620919058003604,0.060181753261111866,0.003388971147650668,0.060040430227814995,0.0,0.006030199324278737,6.195303044989397e-06,0.006258870730653756,0.017693574688198026,-0.002274015543116127,0.009799952406203787,0.01039838180504763,0.0038514660621458436,0.019677438965616665,0.015466690639483997,-0.00021239189543897506,0.03449136854889142,0.0073538468632151285,0.01569119896074376,0.007615247060416873,0.0073154286319356,0.016554073065418617,0.015992199106640095,0.0693623677032744,0.06192944004274418,0.031149241233820502,-0.00047414730271778754,0.004303515100338379,0.007985515260273114,0.007146150552880671,0.019111368299939268
177.778,0.008870181900042351,0.01245462678441139,0.0006288162932256661,0.08780289373717826,0.00354416228789103,0.01786322214328823,0.0,0.004521001751512544,0.0071761882596493645,0.01249693043342911,0.00903107708667444,-0.00016137936873176367,0.0038430109741606484,0.019265427635166803,0.01204567536517711,0.01990623003056053,0.01309986190291321,0.018740974704916907,0.027971313308165536,0.008868810073644994,0.021591395692383854,0.01851557440161231,0.01724672528921059,0.02981597831519115,0.013524993622398696,0.02862668835673562,0.029615182839866125,0.025229570057356702,0.0022956889447402285,0.003188596152062813,0.004551442947187671,0.008872422729042763,0.06709915397988844
178.276,0.003238992853317091,0.006487629153379849,0.001262377323806303,0.03950979841739332,0.0030130988538263786,-0.007496479346283013,0.0,0.013284882774066625,0.00594309130619995,0.015403519301092749,0.005853993054093769,0.002020417682503572,-0.0006299675701472951,0.018170368928639657,0.01675087745481378,0.0064128050989278075,0.019623962782319492,0.017655020770814024,0.017952268260092625,0.01155293164819922,0.01617594182813195,0.008085790449218835,0.02188756525609771,0.008094010222510387,0.008196025732254626,-0.0011156344000254606,0.02227902403070097,0.01831547315706845,7.711640597696999e-05,0.008800079948654447,0.008199881111732213,0.0037828603304849934,0.053345724700541323
178.777,0.009817272868223282,0.004595393861815783,0.0032850744241058774,0.08564584629599743,0.0034068453054955906,0.03110016837494416,0.0,0.016462774521748116,0.009801381902226935,0.008292811478712893,0.01264572327624144,0.0054574629252790345,0.007296355800839447,0.022196881299409017,0.02090894420438084,0.015031935331189282,0.04877594620676599,0.01629719976304482,-0.00022511597290692314,0.013210994617847206,0.03439369547917422,0.021900633382878468,0.029468596710907815,0.01204733756026546,-0.007149052006501429,0.03731228080349172,0.022824907886327416,0.010355300764392294,0.004634392445706913,0.007363956124692568,0.005896003545326299,0.003943117925414847,0.06799986617259236
179.277,0.0029452841560221703,0.0027856499784300807,0.004457329018081431,0.032362274019684785,0.0026214342045863723,0.03629469803835996,0.0,0.013528824880325129,0.007403632231951441,0.001982823707698784,0.011332893295333631,0.007952973403766177,0.019277783351340092,0.023260439885212623,0.020331931371948744,0.020617603622713563,0.03278589613171876,0.016976619553978944,0.019771799805370506,0.02056429737462085,0.006883098343867269,0.010601186967059948,0.03051726150521099,-0.017122251125462357,0.0033602001038916156,0.021851008924032904,0.0404050042456712,-0.0018604529995807496,0.004407001381575668,0.008849477720353651,0.004391663757030914,0.003979290372433179,0.017037015730700364
179.776,0.009021348554343615,0.008593712263993039,0.00841295496272383,0.026535500365389906,0.004529309253256658,0.04411709666490482,0.0,0.025841933899974096,0.013972568020999733,0.0011318540553776064,0.014950375707489165,0.012128734837017452,0.014666204318876684,0.01821834899713594,0.01397653289134232,0.03447555559418157,0.014070257543179346,0.01084628640612861,0.030424578412270278,0.02874840292820102,0.007808437421668151,0.025220694971790494,0.03364056690923479,0.02004355557991235,-0.0011140226596088247,0.060896181650247516,0.026777867553845265,0.02416313064027858,0.007893944528737236,0.005123812374989987,0.003595882910250996,0.00534131841259904,0.029359329330017746
180.286,0.005201497506465149,0.006033342456051063,0.007104536965545376,0.08625027320722208,0.003069521905790643,0.042361251235538515,0.0,0.007665496986862126,0.01659257329053963,0.00975168608372826,0.012392960567124914,0.0065291711824319015,0.016677118908553498,0.03318552353003089,0.017657305490873878,0.02529269874035122,0.018709495475770607,0.0001432330934388574,0.02857599993629233,0.011688432136514318,9.830987312476029e-07,0.02462048010991507,0.031776044749158835,0.024242089528055583,0.005560967714700281,0.06442840442034785,0.018007909395853762,0.018163084593267733,0.006251601144836897,0.006053434624788095,0.006539455256021908,0.007307889320475358,0.07220988825863056
180.779,0.008553385531233831,0.01311926333852916,0.00691381358473906,0.06991522903684222,0.0031531936305483257,0.014623681811267362,0.0,0.01706827419451005,0.01763631404843395,0.0018793727901548817,0.007355791594504491,0.012491438845251134,0.011730155108240922,0.03820602669074522,0.022237502638236747,0.02629467064409051,0.01741509404818789,0.032747297894733816,0.008933793410982195,0.028882723563457738,0.0017754221968592791,0.014462403218297752,0.01363708455215979,0.009908316020432156,0.0274600172087236,0.018568500253514173,0.06524279397032749,0.014528835820982494,0.0056898718969334225,0.005474163861797876,0.00621254020972085,0.008692342701985796,0.04969287881221576
181.277,0.004192528482236781,0.012594171774643385,0.0014021953919519268,0.01651474745641769,0.0010513193915449898,0.040958950371117346,0.0,0.016098867070799584,0.01629999405072315,0.003002155635525974,-0.0001411099544649739,0.0016567670107249016,0.00628038686050139,0.015927321870713322,0.013678822542511878,0.009620173629772452,0.05218775554989121,0.003956686255121113,0.028589694356126998,0.024070465456480446,0.00994969032203113,-0.008599364495459864,0.011285813437415292,0.0107024561122032,-0.008761702553472587,0.02963765749616768,0.018007640229287247,0.028264068381987716,0.0024716487690833945,0.005140929576130388,0.0037631040316636966,0.00034210896513713887,0.024295694486615317
181.778,0.0080906712093463,0.01724329254990934,0.0008032008818888253,0.0691381862384965,0.0007224645455059194,0.027570274435021972,0.0,0.018392513946857852,0.01197473150374471,0.003610778644374262,0.01781663016212314,0.0005983722436956235,-0.0030555753447752366,0.005675782117915526,0.016921672176147397,0.012176315683675856,0.05434402429622574,0.024359201394795877,0.03586860391526596,0.025752862779279285,0.029044315815729884,0.01120293655964121,0.009024849898393762,0.03685650830096915,0.01911693437051854,0.032250281206458474,0.02200056330163786,0.029854246235603656,0.002251767661776824,0.003066380192181761,0.002501327093028966,0.0016348231550646676,0.07600267106446924
182.278,0.011699261844595044,0.026853810941063642,-0.00012339050478339637,0.0841814890950215,0.0018028316598587544,0.06518428228276409,0.0,0.005656897099428758,0.01422845293431569,0.007818913997384604,0.010450695607745301,0.0013355752799963363,-0.0008564165789640609,0.02332914301165077,0.00913861803243619,0.0032466425954443784,0.04464059560531458,0.003055595499184554,0.029689050605627685,0.011485394982749333,0.019245384661861733,0.010276046393062567,0.03540527747721949,0.039596500860978906,0.02039743870886974,0.058539697840753385,0.05219190112996038,0.03773614861870326,0.0027094120054901843,0.002827367616520448,0.008861399706902199,-0.0012857584718403673,0.0978794557878971
182.777,0.013109527236778343,0.012939332723143813,0.0016132391660263585,0.1049344277415016,0.002516893372978231,0.0499905707485191,0.0,0.009186597277212267,0.008959590670649376,0.011481037928659503,0.014640983311872836,-0.0009830008112465681,0.002574002317769087,0.04025464703878609,0.01058609927192122,0.010973955997036614,0.024038289099162686,0.005120982756776148,0.024334683508159913,0.027627386157749914,0.04069688518261882,0.03100384949265938,0.02986937104661982,0.04910189767913435,0.009735308102508236,0.049089880060804884,-0.002975589759409812,0.037342523639580995,0.006689968645381696,0.004212754290104508,0.006529601662499162,0.0032239961531085803,0.1421142329602806
183.287,0.00957961551592624,0.01377481647824958,-0.003454481469407623,0.08687467166336633,-0.00026884473414955204,-0.020743242269886112,0.0,-0.0005432662832417357,0.002486343149588939,0.007189734877463495,0.0018105667500351611,0.0024345636157612075,-0.004198036615810073,0.037682148253218924,0.011241290844421907,0.012368941016598418,0.029855734145565107,0.010189233288885303,0.03588758631666376,0.012569857827725496,0.03177198048751608,0.008326265747187133,0.01861457768154021,0.04335053230003492,0.020362958234768424,-0.013498782339293677,0.028394695941433516,0.027350708979191868,-6.131826318075187e-05,0.002090407696358232,0.0021203495353507673,-0.0034394462571938,0.05559904221918458
183.777,0.004139533564495946,0.010889920131114634,0.0029018238380143194,0.04269688665584143,0.0003999977318515231,0.0006134928207200251,0.0,0.006860419563489127,0.011147965283737024,0.011539429875646342,0.006121925383400978,0.0042320992176437386,0.0037370139267397396,0.023742727523416912,-0.004862871838803532,0.0014057196029849898,0.04940275147772562,-0.0011363879663707677,0.01355713335864502,0.019204572138957637,0.016864407621141272,0.010118388789924753,0.020754084665101074,0.027310828910760206,0.018572024226635613,-0.0003302302594935314,0.033634072458763584,0.013120511254004309,0.0019648079278127804,-4.136997799383845e-05,0.003813927029974375,0.0031818252705702187,0.053210272870065835
184.278,0.006849521480619602,0.01449676498941825,0.005513912034409086,0.07197330530404815,0.001080653697612215,0.034447877453596155,0.0,0.000596080061287749,0.010073684489195276,0.001770910714041545,0.013501279426267292,0.01232868448244584,0.008726839350131263,0.024220375442287313,0.017565959713865386,0.0142913126270108,0.022956386185878076,0.02234002855121504,0.014770906939725834,0.03704643283608348,0.007873472668451172,0.012427105438594542,0.030473917171486693,0.007264226655541384,0.020919709806177054,0.012797403966127404,0.04431636089835152,0.020948995681279916,0.002557460863734937,0.0020155473476495514,0.00035703214687242277,0.0018048502849131712,0.09578437943705259
184.778,0.0052226559841115705,0.006667185028666688,0.003009569581227973,0.06703193508199545,0.000510516912799623,-0.0024539712828798997,0.0,0.007719397984240885,0.009601711716994914,0.0008710562904547642,0.0024725942543932415,0.006010261654530523,0.010328713941421104,0.02608003017209287,0.006196598862205336,0.0020988528553249988,0.009559021064412922,0.018812831228452502,0.02894536332794346,0.00214653732393142,0.014565416569481304,0.0018792542589566258,0.01639180633495225,0.022399915218182027,0.048036176138617326,8.255756487328411e-05,0.02403406680530633,0.02487183909645287,0.0031873654453154,0.0008352756905531097,-0.0017734941510667017,0.005036691168107252,0.08006255382914006
185.282,0.00497371517986736,0.002047950418156211,5.5527097455822884e-05,0.0642591971024617,0.00035268116942424447,0.023272780621673504,0.0,0.005464971174880555,0.006050582751039025,-0.0025228992187124486,0.016240035146148878,0.0061143050435803125,0.00511870348268502,0.03354685105055649,0.021392606940969346,0.008475160369891733,0.019733267412032764,0.009825997425042296,0.032215536718155094,0.030584276529457066,-0.0018700932398139857,0.0032629467619416275,0.02277489489066499,0.008382407574839018,0.0052504047510296996,0.015227423387222813,-0.000515230366050756,0.014069620659157452,0.00509878211963208,0.0015499923355047232,0.003994693373451503,0.000494855238175279,0.0835761558114902
185.786,0.007193721691756415,0.006348803623336023,0.0012844811281415038,0.06359572334526871,0.00028936160113451925,0.019500916659924976,0.0,0.0021817896339089496,0.012184902880847864,0.0007875142118396451,0.006524092479642388,0.002882032953630703,0.011017684224945163,0.034026272366931086,0.008821803956852777,0.027418523763830163,0.023389922112607844,0.011636915625806805,0.014836767492843886,0.010089132864377896,0.017846174182773625,0.01982745090071731,0.02286970008987948,0.02155232502879253,-0.0010291120048297607,0.02413816943543251,0.006810086446237027,0.01437057245641602,0.002998623057847185,-0.0006879256937689027,0.0041429343599535895,0.0028064668118697933,0.0423766304902831
186.287,0.008311073939346589,0.014885952448979254,0.001916424213027339,0.06414115159253722,0.0010114723990653654,0.029368366792817183,0.0,0.018913752160463745,-0.0001883939127252697,0.004130948290942716,0.006213463870646204,0.003353154320389093,0.007696094290851148,0.009690294080551486,0.010082103638314762,0.015769281002758078,0.026702449742256686,0.014711025098661774,0.024213280848491277,0.00032765530022193606,0.018525080322317394,0.022571305446037672,0.016218862999843646,0.038911232051611504,0.05491074771439188,0.021451924684912745,0.010004742624118913,0.03825007887691589,0.0023378350591584146,0.0021760613048332424,0.004000120775707258,0.0056195195321574465,0.06816284456562242
186.777,0.008720475694262594,0.012556871134367244,0.0008259648804987944,0.10977017665280249,0.0012343540269302727,0.019277320469641698,0.0,0.020635647327715383,0.010160615978660904,0.008360908805348947,-0.0006757661304980029,-0.00024073608922909402,0.001153488447131618,0.014251437385546809,0.010986970726407854,0.0011382804815670985,0.062412078350152875,0.024381071482354,0.04013016575371696,0.015499545548923589,0.027257041404515504,-0.0004337750952431204,0.017158323311601054,0.037547212675176904,-0.003294939822767529,0.022638908665753306,0.023639501184994995,0.00962807697202828,0.0022220473665840266,0.003799674986873479,0.007051470355773057,0.006079443937149363,0.1234125615650955
187.277,0.013734619470248245,0.01116609593261989,-0.00018794162775674633,0.11111772515705037,0.0012371009403251024,0.004232550525183635,0.0,0.012994251887973866,0.008270054772324302,-0.0006251278271326889,0.01165967176534932,0.00044242429986634277,-0.005410223165273008,0.026311828758329426,0.022645887032118294,0.025427052275028075,0.019935596480951286,0.027999614741627404,0.03075877763279397,0.016600635397140143,0.035782015607180286,0.016420556433040155,0.008665513067608367,0.0031645766839164687,0.07541560928342633,0.01637373051751417,0.03155891987733365,0.018057048383801358,0.005874349589007548,0.00027295336643552785,0.0019583188427491367,0.00429142222006317,0.12661343558310342
187.777,0.0003383744012913417,0.007036482722324566,-0.0017827647806639424,0.06292802017216075,0.0006705396336623793,0.012754018858423217,0.0,-0.007357312063434292,0.006271285079537269,0.009705117378584751,8.393466427393016e-05,-0.00011907924048592603,0.0010786188287010565,0.016931777164691162,0.02060341138441134,0.014203314275552407,-0.011165059175312827,0.00868861818448156,0.014246117695826952,0.005598084372728749,0.009852753853081693,0.00992150130846243,-0.005882295154691919,0.03137941909788078,0.0026278091054959384,0.028861998105200654,0.06507112635312036,0.014829171368901215,0.0031140808158609226,0.0010518473630124112,0.003392522007358312,9.643140291667403e-06,0.07226779598726578
188.277,0.002081668580796396,0.005415490581176402,0.0017975577434473748,0.045323881213430804,-0.00043807461054395057,0.02222110306867215,0.0,-0.0016912428958340466,0.008258162980743618,0.0025590327478924118,-0.0023882333252381893,0.009483941267670827,0.01372125522555258,0.011354104397634743,0.01045136281734126,0.014992665160967518,0.028300724903079298,0.01531870788326466,0.009993428311496471,0.007312394782835047,0.015298025312479374,0.012190125584599124,0.005447265639811868,0.00027737332965442396,0.008111752407569553,0.01977993799995349,0.03665572353473501,-0.0053141596399511794,0.00011894029569947596,-0.003074407090406925,0.007273983072358294,-7.956652363209757e-05,0.05809329221143994
188.788,0.00551913029467356,0.011491464631495762,0.002678718240251518,0.025708319886850337,0.0011255070628303275,0.02944231256226549,0.0,0.0033470010472426846,0.008896022910252382,-0.0015533012006421485,0.014507868314424027,0.006674411797892641,0.008142018540301317,0.019554006474074268,0.012005473209649866,0.006824339301972659,0.03806696118996246,0.005113725546346177,0.017186433240852075,0.01653402468663922,0.009916387576343742,0.015306627256533407,0.004769737156200789,-0.004444282504513069,0.015211136863603435,0.03676805491147711,0.032707248063355156,0.016381444629967632,0.003360054465276993,0.004099903404735881,0.003605097401687091,0.0013612154294019973,0.06636227908488204
189.277,0.004257306227838905,-0.00012456003445422185,0.0025023938813739702,0.04975231437404573,0.0011167960699375306,0.0353618090404761,0.0,0.008491437562563703,0.009880851581002362,0.00532845220278088,0.005052281182952074,0.009842974564286096,0.012185117654058594,0.008735662303179317,0.00980742254271347,0.014495902959501143,0.01341270757560776,0.005554462787054266,0.01204669468822462,0.021989065841981428,0.011108439118538545,0.00665984706189253,0.02340595014999158,0.013514798200378157,0.042307779333222384,0.05271443255447993,0.01909138927655649,0.003355342685077228,0.002043006849030337,0.00295647428044193,0.0017328483198736425,0.00899176608197346,0.07659004486196337
189.789,0.009422990138146906,0.0034214171045368804,0.002870528287966033,0.023130909035973077,0.000253339377213995,0.005303056143564307,0.0,0.0067842927909799716,0.010857974958435273,0.0006159516349046089,0.007751347447036104,0.007508144066034065,0.009318580746031507,0.013474949133228695,0.003995860776423111,0.015597443299986665,0.024536086083917524,0.026169674376060884,0.01738604705720439,0.003372714758380972,0.018010892836972308,0.016796022709095332,0.02116215578825786,0.023329005905542877,0.03202197990175755,-0.0015376741820884662,-0.00022904924321282195,0.009287710735291409,7.84432165735477e-05,-0.00023413473597286148,0.001697707737136456,0.0048351137472636896,0.038515723843892895
190.275,-0.001853777255364768,-0.005096918528181997,0.0010678103998090702,0.0447702074633265,-0.00013287838793701225,0.01927829361400122,0.0,0.009432259395947643,0.006322206440885487,0.0058795617080367,0.008350051652513816,0.004263015675833995,0.0074624501538001035,0.017253653006060625,0.01150482893323989,-0.002651384245040831,0.03400137302105654,0.033809844262704766,0.025129845723271142,-0.0007045267008061358,-0.0019980886245867437,0.016808492529593717,0.019060712512498943,0.010466787542052124,0.010176864258089452,0.022334202815436903,-0.04051558448487554,0.01691348683773761,0.004772719434936639,-0.00018292953779383258,0.0024166037643658755,0.0011026971375637754,0.07920405280064992
190.786,0.007322995734614023,0.0023285159993063596,0.0007131937740737273,0.05031002935432076,0.0008679554992239156,-0.007687063204720786,0.0,0.0034133272433870578,0.0041094162739201846,0.011277608575188528,0.0028132955165700124,0.0037688411827928345,0.00440634270568546,-0.0062358699946238084,0.005480220268832387,0.022410360554848647,0.02595378401333488,0.012798184112848422,0.009946934620083041,0.012799716902333695,0.025596357500225788,0.012345123712458562,0.0326211957449016,0.021400168143115534,0.023670781429963834,-0.005492421153510128,0.0294339564675451,0.01705019682398671,0.002789827226633417,0.0009596039325618939,0.0034324786806283593,0.004263698421481038,0.042030426319171685
191.281,0.0093540633007674,0.01331917182780466,0.0017842850914891368,0.13009574377710512,3.466472836505356e-05,0.028566493533342976,0.0,-0.0010274835152962584,-0.0010165264365536108,0.009657656056524236,0.007323447083048505,0.001071902425516347,0.013702090258245451,0.019094519750397516,0.01198621332004706,0.04084406118359808,0.018884030550822432,0.015691212727042804,-0.005533156165739165,0.014134864609215439,0.0358079112849762,0.019640540803554162,0.009107923358482609,0.022002836638062743,0.029417868780490183,0.039232988262213685,0.08405007259586025,0.00934853699066225,0.0006158151614711142,0.006880694499636628,-0.0007461362510679337,0.0012728967428389238,0.13571946149287664
191.777,0.001175290834056154,0.0067986537793461015,0.004379957076459781,0.07568096029913086,-0.00016502075205138893,-0.0006466399845743008,0.0,0.011989733592661159,0.00031224883276059317,0.00556691598459147,0.011068986044323239,0.011146599154413121,0.010850445415605037,0.002645205529123996,0.006778997937922363,0.023798815793334375,-0.006060789573099387,0.01671278294490038,-0.01445635581062136,-0.0005069586461913407,0.02403745440290255,0.014425987967075261,0.004117425449424532,0.0377200420077551,0.024143890452887114,0.016453918030429813,0.08913589238187333,-0.005407240965799027,0.00017367077041005003,0.003715113144695448,0.0033638019900291702,0.0005325051250021756,0.11245648596275419
192.277,0.00023834780634988533,0.0048802913205688615,0.004943238815693486,0.06196392961568533,0.0003939796974168796,0.021942738867898815,0.0,0.0001091204915977802,-0.004666865363579843,0.00127136135867052,0.0036183840283235936,0.014363698611562229,0.02302625371259824,0.00630324795642739,0.0029458943273097944,0.01971569590066541,-0.0014172827904208021,0.01206802648090925,0.016278373836862422,0.020828117661379358,0.018092845873421453,0.03233813919516803,-0.0006292922713738682,0.005022909065970688,0.0367165347173449,0.03019395794435183,0.07912030048690824,0.004774942857401242,-0.0010077997105566528,0.0048116287345116105,0.0030298093027026902,0.003180682410890841,0.04685125044118917
192.787,0.00614470042033569,0.007253544386770951,0.006675288570018597,-0.003322081344645502,0.002806917173236893,0.08444903008192743,0.0,0.010698434272538951,0.0039424386140529,0.001378555045072581,0.004536192779964364,0.014039975669494621,0.020473468916572823,-0.002487510489120741,0.029166464697802146,0.02697989826531934,-0.016493479817761468,0.02167071355235802,0.01582245433018897,0.014397560638323186,0.006858489574415784,0.030229817945304997,-0.005785758083615497,0.03131525243010866,0.04599518511939853,0.08955115141267558,0.095913084365722,-0.0020676843490588736,0.0029644513445985423,0.00723284973321087,-0.00033335141457367244,0.001751267847045224,0.013928588791812174
193.277,0.0021649285261087984,0.011978782250782992,0.004181504685622075,0.06048035069482509,0.0009131055934906327,0.018671675353855305,0.0,0.016769716126210213,0.006929346657222258,0.011980671889499129,0.0063018222941124274,0.006870868922169931,0.004631427705976934,-0.0005768203879265632,0.016382691798230976,0.018435289909350363,0.02130867287272824,-0.0016870594562089728,0.03175516821123756,0.006667002647640635,-0.0005981979410043461,0.02146599880107048,0.022794539218964373,0.002836811377737932,0.014633671464424007,0.013327186760734609,0.037137803183023683,0.024598874179919433,0.003188630424310952,0.005530432797157715,0.0004849041745603825,0.006083833012009432,0.01446595742311126
193.777,-0.0016423900073185046,0.0006817036767120799,0.0022769121569393347,-0.02520768274436849,0.00045828896509396986,0.045349551629085,0.0,0.012634312209937949,0.016066400661148186,0.010840970004547052,0.010275902013626425,-7.692267776757352e-05,0.0037028919478993413,0.014298735496620068,0.012609138576527155,0.009598863007481239,0.019243757058119135,0.018775927010160454,0.0011521513990481902,0.010930109938753176,0.010396810459910383,0.008927435750027853,0.0007746635616271016,0.008260743607483148,0.021212796697019663,0.028048745043832982,0.00015936082226372943,0.0160162660054315,0.004154430910834226,0.006169696454691189,-0.0008977955330336738,0.0013497661857494081,0.009254015035842009
194.29,0.010011152136098257,0.019050653028018904,0.006879243832076214,0.04263470416318085,0.0027767534339315555,0.11503404583255912,0.0,0.0033457763405967986,0.0053362276224727225,0.004380693391307667,0.010092104305384129,0.010615957908458084,0.013470016742648565,0.025628352719491928,0.014880714426069525,0.0170824723107022,0.023567996837675246,0.011456130338922331,0.030075748431791165,0.02353790921664382,0.01514980390924442,0.025778168816995784,-0.002437267627397468,0.012406397608618157,0.03243963123929194,0.11200729257643946,0.09307613808206767,0.025142325329012727,0.006234878454901594,0.0075947762471367695,0.007452716415698181,0.004845514199909236,0.025731150697297298
194.78,0.010941596782310646,0.007934479437771483,0.003712295024033019,0.04656672730603105,0.0045173151945698325,0.05364037540747802,0.0,0.013902260067001966,0.004930023063971808,0.016793340803246556,0.02208059819815322,0.0013924489837064341,0.006824402608237289,0.03799577391530895,0.005064562086217385,0.02358165893560172,0.0279204787868149,0.04618919855096181,0.03291511594606454,0.002969145290403837,0.008174444573868109,0.02124421983197125,0.0074973646105310696,0.018024489860264344,0.0367178094828617,0.05273623702496588,0.005959299116059101,0.0318809128097054,0.008738102877952524,0.008946818848142319,0.007687937591205417,0.003224117619762262,0.039641479315098586
195.283,0.011495196833543449,-0.0015762935085944468,0.005773181126430771,0.009933845998515095,0.007313844656869975,0.07319025533214114,0.0,0.01057705868185727,0.010796337313235923,0.011881239408803885,0.014272612858799062,0.005596710347388073,0.009380838752410428,0.012183005300867206,0.020258634073078877,0.0030339321789130676,0.028808169616894173,0.021803508307587167,0.027058695875124685,0.008710018678662808,0.03417665597669968,0.02574081520240623,0.018131230711247268,0.035268604476987805,0.04562320895253506,0.06030822051612758,0.0017902262084074042,0.004211764506906564,0.006192829693336279,0.011937220302363981,0.010247302330728248,0.007053730199394717,0.043557977241047235
195.779,0.02023811518258894,0.01018230273038346,0.007264982313361123,0.04188824610979184,0.006637747289192718,0.06475896560440864,0.0,0.016937923122991173,0.01300913255055627,0.010286725790127146,0.011131051082860484,0.010276287416665687,0.008944957311947492,0.02226117294920263,0.03088364224359678,0.017622429117126606,0.027808907283057658,0.016803590728242238,0.03965358842468769,0.015893629602764765,0.04492482182511813,0.020236133618825,0.02143452224157055,0.03154743106608569,0.06712443057852216,0.08198149298531619,0.00403496430251512,0.020298639638086296,0.00913698492108424,0.009554664290182016,0.005407141551196872,0.006610802340039342,0.0016282917673772755
196.277,0.009894381037581581,0.0055099273522640525,0.003157323312236194,0.025951252586196266,0.0030796232808396207,0.07833869219211481,0.0,0.01832469824690269,0.0018635789016297523,0.015681216593654138,0.0031117307213544354,0.0029133060082245682,0.004278274171725656,0.02574697075773434,0.04069778279270652,0.0008831734946988743,0.03959728300243607,0.012684828368294184,0.022058124733944022,-0.0050675023030913235,0.017179522714246637,0.017918658299770514,0.02327608955067873,0.022221286736007127,0.05156423137229273,0.08794117189533887,0.04636008830150875,0.011574227799892166,0.003971036777821951,0.005180315127257533,0.009259547238207244,0.0025136242776573636,0.0018550530530878429
196.777,0.016819385276458085,0.015436257455824583,0.006574968542517977,0.008440105821716089,0.0046400766498171575,0.10713287175853174,0.0,0.014531037320996103,0.00862842664650956,0.005024292474762883,0.01798580732433478,0.005083995925382189,0.019238653638455224,0.01590001710764406,0.02276324382532204,0.03424454928466973,0.027694840131308456,0.01956226975828702,0.049096705480461696,0.014510535131815714,0.03366629629349601,0.02136297484236495,0.038934870657279776,0.010027916043432205,0.059188870539108804,0.12378534054685698,0.058677257634507395,0.01531007865317723,0.0026545583169527514,0.007255842166036035,0.005608072014489552,0.008152297545497842,-0.008593186962607108
197.277,0.0011060500565621516,0.0008387271090203429,0.0041750245332329745,-0.04711650707505086,0.004240719653463383,0.0456302927865175,0.0,0.0027521792977271576,0.007131741669242881,0.004027822976015935,-9.874081365613062e-05,0.007895056932749016,0.010120546029222119,0.016531507812235863,0.02584358699392903,0.0003823916830904006,0.003575634803191077,0.012411476103349497,0.007880808512975623,0.014313858347141738,0.006064002975271344,-0.0008771535799219413,0.00920490269468972,-0.009994584440298828,0.05023443671136222,0.06340598387792294,0.03823892813871555,0.000544833194185226,0.005455808528218302,0.009629307756012302,0.0024233370822906207,0.0019083419009708722,-0.04900674129477501
197.777,0.011639166452374474,0.011279452026594161,0.008544037704177731,-0.005155420212905026,0.005447150812884005,0.09496123093391812,0.0,0.016632941376114537,0.010975230096276111,0.012144759793465815,0.003479093420175368,0.011590900322634464,0.012858755623735806,0.016463103534597772,-4.450280848977419e-05,0.026622225412804228,0.034289856236631965,0.04979394240493377,0.015786899111592943,0.02202071416053332,0.005159115120540692,0.0167591301141967,0.005610340895515927,0.028732626785906788,0.05435730954561103,0.09972197713205683,0.015311687986954233,0.024479003335447603,0.0072374102155683805,0.005496165250380498,0.0050379583356231885,0.006490638022565366,0.014005123256841424
198.286,0.006898899387718327,0.01538845277923154,0.006689858681812745,0.022037469607466883,0.003552475755852394,0.02814633458540998,0.0,0.013425501415052046,0.01080441551248407,0.0039636634577342135,0.004396054116745685,0.012945608645727975,0.022998397986260372,0.000576561720383618,2.225151427320691e-05,0.025753754164179646,0.01792746572274006,0.01497273821700632,0.023811533769097455,0.027796712053884214,0.0005979197498329406,0.012650710917192606,0.016965632382990183,-0.013522663599501319,0.011703452856669521,0.011288881452485614,0.052807149401067476,0.018333896111356912,0.003922328379734251,0.010255010497794212,0.007825554244309408,0.0034623986723374975,-0.00039296312101159595
198.777,-0.001047037180107232,0.0007791008966074866,0.0007607029369837489,0.017948636293645803,0.002172576874574033,0.04441638706253907,0.0,0.016168737640500624,0.004670833090383,0.007850681976033613,0.00831634201752917,0.0020122606795669163,0.003325370960940522,0.0013701444494349873,0.007811623977151753,-0.001770035824315782,0.028491835105130685,0.006830637083726575,-0.0010077696294207468,0.00015298337877905758,0.0025587179564746884,0.019045142035036364,0.007768937515718401,0.026455891931985612,0.037483699164480744,0.04062070656840525,0.009872598633070218,0.026154450078583757,0.0064787821032145755,0.0030089107286088053,0.004354533573992968,-0.0013495510228083338,0.02973161447201829
199.288,0.008965260777636251,0.007204195620411869,0.004585691714109489,0.02242832590396027,0.0034884334688009967,0.06271888404973552,0.0,0.0049497704445897565,0.0033501466387626214,0.01426659802175071,0.016311621931787226,0.00078504062652655,0.006243255759535256,0.017174270628676252,0.008799771247615886,-0.012720947720249039,0.06238428525683218,0.013021806367898342,0.034087597057621224,0.013643152137627089,0.009701151134009265,0.011122687638124155,0.026051754107566806,0.025498804388690507,0.01725204563116056,0.06709413494000036,0.015830019880453364,0.03307048854801534,0.0019917630607396695,0.004851437421734632,0.009283515201717342,0.0056274995993723055,0.0003684572222358674
199.778,0.007385376446032291,-0.0008598305464724229,-0.0011273698815912764,0.011936253185708665,0.00379275587458515,0.03690129270177203,0.0,0.004442969967514996,0.003889565018356455,0.003221836504828617,0.003242076968479977,0.00163086454863746,-0.001195814426777365,0.01863186349223348,-0.006326624350968543,0.01804995286455773,0.06889895788701446,0.004735700251143824,0.020336751451393395,0.017083736233602455,0.027717120690293775,-0.013843678202020654,0.02396161154728785,0.03344947247160039,0.016172210500102518,0.046565831452764626,0.007910129237789392,0.014902697501113105,0.003643835422232988,0.009240502540313398,0.004661969324556516,0.0013426569496303529,0.01923605377493097
