Time (s),ROI.01 [],ROI.02 [],ROI.03 [],ROI.04 [],ROI.05 [],ROI.06 [],ROI.07 [],ROI.08 [],ROI.09 [],ROI.10 [],ROI.11 [],ROI.12 [],ROI.13 [],ROI.14 [],ROI.15 [],ROI.16 [],ROI.17 [],ROI.18 [],ROI.19 []
0.257,0.0,2.7441065972234377,0.47847969085653,0.06530751316978603,0.04563867677342436,0.09510758637882555,0.1183880387334315,0.013087676718019019,0.20041236932234527,0.03931219266792226,0.04380749046358146,0.001766897898583224,0.030928679519319217,0.014539131624982257,0.01906820216065179,0.013906799623298495,0.012432709388840358,0.015671291901615203,0.007219435336654413
0.778,0.0,2.5714005199041736,0.4330948738044519,0.06972505298647468,0.03715625255445569,0.10400205945717254,0.1938502708932371,0.017581412864856472,0.21136554563820326,0.06347445755772758,0.04381241540555627,0.003923432571172789,0.038699732486625955,0.022075580605358937,0.02763560764579971,0.009254095368329954,0.022074245002522256,0.021180154778037762,0.018059531665011775
1.281,0.0,2.066662788136175,0.4119500929716933,0.07010482853796984,0.035044785227515786,0.0796071035373974,0.15701887282094174,0.010869747128683153,0.1833980635093988,0.03256705401733156,0.040459562271153104,0.0037398208414762047,0.035799949800790695,0.008941861910755543,0.013457454245714463,0.01613734610243407,0.012988913134433924,0.018333939768500767,0.02052356628838526
1.778,0.0,2.043019971584552,0.3979478350145505,0.06363814406300816,0.05363194391069247,0.07848194012854486,0.16300468440412755,0.023721181921092016,0.15885821427644103,0.04994916402826816,0.04290149901101902,0.01962300282881563,0.022572716465571713,0.009243333955531638,0.017360260649681106,0.011969023752538135,0.015511487149687102,0.014682989405294689,0.014350366119776765
2.278,0.0,1.5412924411641167,0.3210241842780469,0.05996896370150524,0.04436595805309145,0.07912141521660745,0.19041169361139704,0.018659707736577654,0.15522540404235316,0.04303710781679786,0.03367950502804355,0.001341423558225912,0.00935740250561866,0.01536650061551278,0.020022496852045147,0.007896751107247904,0.018785638849598985,0.020483058321694027,0.01453352723943302
2.787,0.0,3.049999070417809,0.39890072033827934,0.06932674010558487,0.04711236786405376,0.09194347372063269,0.1993085069214166,0.018307080682256435,0.14792031247860496,0.03599248662406495,0.03609579864323256,0.005864595667313305,0.03743627013690099,0.022164261551704114,0.015946591751428138,0.021845132887047886,0.02750747558350716,0.0223899411882993,0.02344231416634544
3.278,0.0,2.7415085789511133,0.23457019611272548,0.053100621511028415,0.023826956375617186,0.0455061317699511,0.0663369722467655,0.017136650131497407,0.11971990470090621,0.0326731072332595,0.028800202415429497,0.014542346631603014,0.025710038171950455,0.0140084502043262,0.01452022588187533,0.008008076174338248,0.02141675401879277,0.022940090376003554,0.03296928030293013
3.787,0.0,2.3806570092857955,0.22568364828874546,0.049054159561084804,0.018021102859542632,0.03917511631230965,0.086326637617548,-0.0018080850667355614,0.10607359024924395,0.015660397277618414,0.02781676392127854,0.014050595973845403,0.0064588898629816,0.007093831645837605,0.007487477557660931,0.0029977662200016755,0.01292067077468119,0.014383615898846038,0.018046707763128077
4.278,0.0,2.853789762960579,0.309460683136278,0.06847857702105309,0.04191371337314292,0.06710454643365693,0.10110374363812774,0.02081990689384899,0.12001909005677375,0.044807158921236004,0.0199089865030715,0.01702038649945435,0.04144731955112079,0.0004220210613310324,0.015403267873882687,0.019724464248353002,0.017124567339180233,0.015618627464808582,0.012382795983992554
4.779,0.0,2.390545021192162,0.277056758297218,0.05782675093228978,0.04270244621283103,0.06535593216209244,0.14138120824069716,0.01603125241195029,0.11914450872118354,0.03736671499804826,0.032376667228139526,0.01000134921521662,0.03714389076773676,0.008016301173243421,0.018320056288850025,-0.00043548368106463537,0.012802151041339993,0.01870820561392037,0.022496239623844574
5.276,0.0,1.9319256860719174,0.25134364824537564,0.047122950820325006,0.02241863943342941,0.025842095731415906,0.12111202474346086,0.008277586414940431,0.09890698567463409,0.030591245775356584,0.021687280904146324,0.014831530587884207,0.03755015793469036,0.014337950269675919,0.0208149446288414,0.0006480752722417615,0.005483443993945516,0.01891498954746687,0.011747382210339113
5.778,0.0,1.828147193562097,0.12875495882362006,0.047008155117221874,0.025957149901202452,0.03363869057476752,0.07960026948554626,-0.00030837013756660446,0.08600896593831267,0.009197425632559816,0.019653415785002515,0.018664645670637164,0.029312923709760345,0.005500671060500374,0.009136283167732814,0.015153683790594823,0.00898410027754165,0.004985366273195712,0.019598221440997248
6.278,0.0,1.360593412997802,0.20795870840472114,0.05513694835489835,0.03558431822446378,0.0411819507086246,0.07164761825940034,-0.004593975907194138,0.07050681134510625,0.03120993372319307,0.012319217078488912,0.0025556282691902577,0.03412112769927468,0.002975166667598504,0.010424097386211984,0.011832989145484965,0.008300273056549769,0.02019227921446612,0.01013371560831127
6.777,0.0,1.6762680059261756,0.32371334796118095,0.02903008919697442,0.012559213594831578,0.034975576967421554,0.03394441140016733,0.012379796194569463,0.07727753751472113,0.015053224000327855,0.012818318609859278,0.00467051071304587,-0.009995158103045356,0.007408476127281946,0.011156975525809696,-0.00010129601512800918,0.014839580782992226,0.00025108776921534066,0.002386424800030179
7.276,0.0,1.3145638203918022,0.17458655107248758,0.02912066857944388,0.029164047620602478,0.056028627570090195,0.08868611397290162,0.015573951699087287,0.04825665496066088,0.028779173858858084,0.01285931250816297,0.004729188321505276,0.038116497518779546,0.011002535023548404,0.011062285814255701,0.012072879160152672,0.005742574419318908,0.00824591535027559,0.026174936484552595
7.787,0.0,1.0954856413507275,0.0024465724048914708,0.03442488303892419,0.0160715455837076,0.0014049875260784097,-0.019869322137274867,-0.010047594767216709,0.057601644644022655,0.011504332799287916,0.007424023169979393,0.018485249692324898,0.03562708724874093,0.003959582454489678,0.005105526926796603,0.004539170962972622,-0.0023288102026502665,-0.0016775714051090228,0.011597739486841455
8.277,0.0,1.9744632523560741,0.286712019072629,0.020940849640916526,0.01897399623205229,0.04127589027830384,0.06233934111268737,0.0006171208784335644,0.03974285128384491,0.010915970513912096,0.01278837686025979,0.012996216669228412,0.0035816456326397523,0.0010286597474369371,-0.0022130796584301994,-0.007275324464545956,0.00266201657978314,0.016307161064370412,0.0073647674758985085
8.777,0.0,1.9864212606556169,0.18172297008680607,0.023540329302094726,0.018264122118715285,0.014316570594141789,0.03625784965494575,0.011471406979925956,0.03602779785076491,0.016368620040630402,0.011760431855561448,0.004333364252049343,0.01306893579749858,0.008415949422947353,0.012337808366914303,0.005223580354977296,0.0077091073721817045,0.00249558805874538,0.009262192785597435
9.277,0.0,1.25534599521724,-0.04668090783270673,0.05803554253580657,0.022523731657449007,0.025101037144093678,-0.005212419353056125,0.003990206721388921,0.061432927732667494,0.03659916806802441,0.016531400867640104,0.009416387014529681,0.04001270392571966,0.004028848867713444,0.008064362082983898,0.019241559570644738,0.00974077154150031,0.0044330220102400085,0.0284533081233824
9.788,0.0,1.77698389906177,0.1862679933890534,0.020031872121669896,0.015248029148128596,0.023657139958174752,0.000496667446863647,0.023824735584022455,0.04003050118675006,0.026113574336500696,0.0039044842493561223,0.009102980460570884,0.02426150906226483,0.010713982091445386,0.009062140188187217,0.006463169703899525,0.00478845689268686,0.017379362663939163,0.007737143016312803
10.277,0.0,2.069379682681318,0.14890408041601294,0.032556088987308524,0.006598965090765152,0.016973698953898837,0.01532952929436628,0.024555942494484458,0.04047346085839451,0.01876583833241004,0.010849085706691986,0.009775043010867365,0.025247797737521883,0.0026948150099843373,0.00265543634343432,0.004190006842638449,0.006128072204144326,0.008270988963840277,0.006290476457560043
10.786,0.0,2.3895752676505024,0.11649762268064744,0.03755466920415395,0.014355905681040601,-0.007388429468440696,0.042548513410482526,0.014877390399938345,0.024302120275675767,0.025710807222474107,0.014450872419182978,0.002380074582978941,0.03506106497040475,0.002732701553086469,0.015267695302372302,0.013338893129999987,0.013155361788488787,0.01518013845812962,0.017921881522442378
11.277,0.0,2.1682002841346475,0.11138416402583375,0.033875993996454,0.013421224941388477,0.003298648462487163,0.022467353217018475,0.016249214379262737,0.01961684122533206,0.013570547785796827,0.008988864714895552,0.0071613796576788895,0.03774120890002776,0.005964596132516878,0.004263100074229524,0.010724244425507547,0.0139385030326016,0.006316375750108668,-0.00641019761180948
11.777,0.0,2.310693219665218,0.25091510155284374,0.0063020244477650185,0.009828693921535323,0.009730669418933894,0.021760275420864627,0.005268093257846435,0.024568326123305867,0.03373294982042208,0.013967941425411416,0.0012846702295672547,0.017371380465081597,0.010547509206771392,0.008385883944619475,0.005185859112157268,0.01095097410984557,0.011292153848638884,-0.00683402108605339
12.278,0.0,3.0375737682473822,0.12739435180265896,0.0035459000187063566,0.012751164601671378,-0.005165349354897571,0.05001857491783665,0.00955312426473917,0.039919306284017665,0.024480245446986352,0.009376742736398625,0.015048626248380527,0.03159921569868755,0.01359767235446055,0.017043502948422114,0.00782945777724974,0.004227466574387224,0.009139043016425298,0.0019453705793796628
12.777,0.0,4.2637323881023965,0.18586744077457049,0.03188069101061907,0.019659305829900085,0.018958543236453393,0.0509000179731372,0.007662612359628328,0.035822469153168446,-0.0005554700282074607,0.011533873917935318,0.0017622729703179096,0.025104048618165172,0.01566202410766973,0.012984350891327299,0.012964231005911769,0.012860353612480288,0.009089919411627408,0.00879427591835625
13.276,0.0,7.739503351554655,0.2387816412392994,0.024710435654524254,0.0107159888012502,0.025399909642205905,0.04897749715735551,0.01503192553208387,0.02804099950904007,0.0024218796564683294,0.006028060308281995,0.008319724020455463,0.04547068136876904,0.004120087865286356,0.014254170968420798,0.01105663456023681,0.00872319369837916,0.01537703701872935,0.02587279594968286
13.784,0.0,9.07096211328264,0.30182466802218266,0.022160879355439634,0.018239739607821395,0.011632649440330382,0.03136922626047893,0.004685904039434227,0.036504931595279795,0.027464931698933277,0.016615618379988456,0.005034999206069893,0.017647962839259915,0.003778537441279923,0.013095369500346876,0.010743848820807289,0.013785557148486227,0.011192621590928875,0.010878429014129568
14.278,0.0,9.227940594485114,0.2485898319868716,0.029707102566994662,0.02122088628228931,0.019438704055273957,0.06018202093766251,0.022327798703758114,0.02560763067062262,0.012173910774248006,0.015225933373247257,8.644757267025956e-05,0.028208166103819553,0.008090718685704849,0.014072470445936439,0.010077205015393444,0.0065154945096214615,0.007491686722532548,0.01890146029985887
14.776,0.0,4.098616633228058,0.197970394550042,0.013680605814312137,0.021849956943216918,0.00034568562862416724,0.022003057898037526,0.02329111324990606,0.009452774526613524,-0.002962398812117425,0.011503617738187867,0.005875659777581487,0.024836892059683306,0.0022692385260586166,-0.0015500034228847675,0.01125881227872523,-0.00014791503474526708,0.009625971531890752,0.020108141967043087
15.277,0.0,6.918994911861922,0.2203212866301486,0.03274518542714203,0.01541211929652632,0.008382885207978566,0.0008862910246349773,0.01438647951047812,0.010610834766429997,0.0138039449110594,0.012265919838749062,0.02813951526997149,0.03021502215996347,0.0052559357913986105,0.008390645812455317,0.0061537663789842404,0.018344181656707762,0.018474411057925945,0.0071351754918369675
15.78,0.0,4.310745341225019,0.06967579264131983,0.016882230721019794,0.006051946730668433,0.004721711537210621,-0.017365140380505076,0.0007329103777164943,0.005866746202969505,0.014162605770010925,0.01297927006995214,0.01543827824747775,-0.002493931178312622,0.00810667868390805,0.001995251233560514,0.010725574649772642,0.011919324922234381,0.008054310199394657,0.004648551230902559
16.283,0.0,7.706652715946135,0.16828815824360224,0.0465023399276402,0.011566605501634382,0.029120794356511617,0.04385144240864661,0.026297923698839196,0.022548940959617975,0.018508457227049694,0.013499940565915546,0.018256349730958476,0.033537513435110966,0.007079162583812494,0.013770293782570274,0.019361723926397293,0.012571570374126349,0.017280553513460587,0.011947734128758693
16.785,0.0,7.392222553490219,0.12729089658933007,0.020067546177030576,0.017939021608678548,-0.004211267128703984,-0.013693539419675419,0.01643410310952744,-0.005453252533177355,0.011657845553922845,0.010520338780052853,0.0073474820019527425,0.015728795897790256,0.003142456437446618,-0.0001129796129563315,0.009640333013126638,0.00788414940694261,0.001680734881440649,0.009663865191913484
17.284,0.0,3.6135824189571815,0.18828560664631228,0.013751935639775626,0.008859249799166066,-0.018450618460554746,0.014002101209310952,0.013896431207788594,0.012421284148489573,0.000721117632744822,0.005162533430575924,0.01139816754457228,0.008091762041054048,0.003683800524508109,0.0039290510701272575,0.0053770268676518965,0.002822077654067363,0.011113543061349465,-0.0015936882845744179
17.778,0.0,3.785964896278474,0.179755894681728,0.009529171302039544,0.003744025954752974,0.013219473249674492,0.026372179953546928,0.0030489427759977828,0.0014560982355075298,0.002215962746810615,0.007729072003585632,0.015068176775876798,0.02424695504432025,0.009996963151521139,0.010653379836470292,-0.00019350137895083564,0.0001466961285651643,0.0016914926973044355,0.012052536899057931
18.278,0.0,5.397535062440967,0.12582368767613897,0.026399934732884028,-0.0024072792400522723,0.03375092597152112,0.039901132403221296,0.011500877480072032,0.01351497403071865,0.013150151452819888,0.0090337529258479,4.771774574091876e-05,-0.004161012066858013,-0.0007609999081308542,0.0022021516756427304,0.010384833927180875,0.0033907098056040704,0.0009355070031429872,0.000775761711241883
18.777,0.0,5.504482442886111,0.1653082072100531,0.021087823484566913,0.01002879876121241,0.021997292884543874,0.03148706891989216,0.013546547676366039,0.014503816367253404,0.006930253226163427,0.01313967042431025,0.01407847460353923,0.029087583550266527,0.0005374958562553817,0.0015033608783108613,0.009319724746854954,0.0037269951122823005,0.01578253270021825,0.009733677711577347
19.294,0.0,4.2716381261687655,0.20681402512917232,0.010249489666394085,0.01363386476016581,0.05282420927066322,0.018763395668902533,0.007967105259961497,0.022277035305556976,0.003928608861582933,0.0013727515372861051,-0.00017178716358597199,0.012617282355519673,-0.00645171176991715,0.005393812302997058,0.01777728308045566,0.014017134565215356,0.007526105813542865,0.02898595948214479
19.778,0.0,2.9203947503137484,0.2338648347854128,0.004695749764912546,-0.002591844579975563,0.04697162512646784,0.05468120990548636,0.011894194842034923,0.0019839069372119588,-0.0028387755556697966,0.01265968237319961,0.01255708004722231,0.02442130626263495,0.009099807179620226,0.006561605528410612,0.004463998045073202,0.011295685021152121,0.011701949839827435,0.015991205623519432
20.278,0.0,3.966915300320357,0.06053453837988967,0.030121979608482466,0.011362262938610366,0.03769394969816259,0.018308296578553106,0.012605674040842682,0.020710119592565045,0.012544013284724797,0.008220408697717983,0.005558700697746761,0.034756728001006584,-0.0012191360012279223,0.002885514622818923,0.0056087933482407495,0.013696470769570828,0.009970288871163378,0.013414345155173547
20.788,0.0,4.0846640633584075,0.006953685322029644,0.029357749366702362,0.008523268214325561,0.05092605137358122,0.07066776209523191,0.0008254941986532815,0.024626616670055588,0.013701545967956799,0.010387524663562147,0.00536695581460378,0.021857820274130465,0.014455359720642815,0.007378792764945021,0.014966357002383699,0.006538441357223261,0.007489624102153121,0.02379437917297592
21.277,0.0,1.7549071234842375,0.06964069174649226,0.008673847144931034,0.006953445903357698,0.05792064126870067,0.07325461739303449,0.01173201803075735,0.0082859192747305,0.026594094303197303,0.00948847646919953,0.014932068161096946,0.030277865848111443,0.009293538757319808,0.008949401617353808,0.009333154764853071,0.014376650527067155,0.008818542343603693,0.014364307424502518
21.789,0.0,2.8780684440090605,0.12145231806850884,0.012708890855313293,0.003773752956346117,0.059008388157201344,0.04963926462980107,0.040471899049266964,0.021124080629899136,0.013851125153088015,0.003688217014156785,0.008851839577613652,-0.007279769799521926,0.007862488451879734,6.46904699973958e-05,0.00258703411743844,0.014243029624586352,0.011765506955012483,-0.004582500321733626
22.279,0.0,3.46212356509609,0.14254884887401417,0.011083330056402807,0.002677358111008476,0.08944057386649043,0.08488266493153497,0.029553692662564305,0.022494297422988557,0.03704862108636242,0.0071913618662921164,0.01566072860904005,0.035790424119623604,0.010476550202256628,0.003989725911302205,0.015125378385339047,0.015005805469169903,0.013885894391256738,0.017154740127939085
22.777,0.0,0.46789162871043255,0.030201715494280808,0.009025671348923067,0.00970842573370999,0.07268867356164353,0.0461271506961019,0.023281494574634295,-0.0022091879002163564,0.017309213437992983,0.013093976902987853,0.021179482564347464,0.03873823881105733,0.008267781927849409,0.0031237355868422405,0.012924032804480541,-0.009300371327122213,-0.001078080796473606,0.01042966795079758
23.288,0.0,0.031316713071256365,0.13704940115598108,0.030111861001302816,0.01385452572210282,0.11496014850657997,0.0943562100041329,0.029995241544066686,0.0356663772625833,0.029272779067847955,0.010049366330826391,0.01440032947103293,0.0421781269040826,0.016628614220383232,0.005696712769893513,0.014482196578068311,0.008206712251090854,0.013667765169915786,0.025547992870953266
23.778,0.0,1.8353233481368196,0.1436357653243141,0.007382602296581086,0.01300298480527578,0.10361606336363499,0.06127582044392627,0.014510793105737742,0.005410857017896161,-0.0008167417216231333,-0.002767985369065695,0.009702016615615629,0.004457043978235098,0.009061697831749392,0.0012586788515070169,-0.0016183727377484258,0.015593026141932588,0.01251284009253697,0.013121132158345684
24.277,0.0,4.11713553817892,0.17673964280093576,0.03133300088517379,0.026255962519652478,0.13096706313776954,0.0936857680712097,0.019347363919636058,0.02690450345559187,0.029649791195746903,0.012585958821958041,0.023874828578580466,0.029219404614647098,0.02333308378343447,0.005890613618294583,0.002805919022910019,0.005711732649118806,0.01719856515829805,0.03482070932341035
24.778,0.0,2.662936021586547,0.0878868353756021,0.007260316369255929,0.002894748321773652,0.1410168832611272,0.07062295194398692,0.012209638768972767,0.024871678414259312,0.0013690593398599867,0.00020580721939666635,0.008546444784853275,0.012274397888428436,0.01086378675759123,0.002253748587667047,-0.0026284269798570385,0.01169438222545572,-0.0017981845406946,0.014471247104902234
25.287,0.0,2.2402158350074077,0.18804440072370748,0.002725475624630266,0.009313772195374386,0.13964932621532308,0.060637427831933946,0.012474928171294378,0.041560832116514936,0.009882668895315097,0.007660975002674478,-0.002387399221398514,0.021427832284532156,0.011085972853527129,0.005488757625694191,0.00602792666624233,0.0027779090959381032,0.005285913019581833,0.021399954688351416
25.778,0.0,1.98202771318691,0.06634971453524859,0.020987093224171898,0.013041482492641246,0.14638425684797635,0.06022284120853027,0.030363131054122704,0.01316321032823753,0.015068215407059748,0.00919196335626832,0.02094896933508538,0.049217900585311405,0.009549416919524937,0.00820942260256444,0.0006849761591662363,0.0002579851492071453,0.004636483581946766,0.02255884321054198
26.287,0.0,1.1760215863409451,0.024616544005823575,0.025609007514228822,0.006358405300365931,0.11745935268723992,0.1278961313101603,0.024242271962239204,0.019823905559513043,0.02357731943729625,0.0019946160875079404,-0.0022772726843007414,0.045117543551917855,0.013697121043585161,0.0007085802190590299,0.014677572471428462,0.008143854530285325,0.007725203797582535,0.01729300969558143
26.777,0.0,1.3972186831559357,0.2239241376961812,0.011879790946472226,0.006680684830946333,0.13395654743303936,0.09866560461454127,0.03306551201847732,0.02504967775558512,0.006076777443488774,0.00852705130745328,0.0121040076794788,0.03788989787038835,0.016928494677626305,0.004862537380593211,0.004871318435388889,0.010589880114295448,0.005935017585525916,0.01648869249412271
27.287,0.0,1.2789633470720625,-0.14719129025732675,0.006095953770991143,0.01445681445020258,0.1243005416569934,0.06198014016249582,0.03584351249902439,0.03370594936686714,0.026138927400408067,0.012411726924289865,0.013400087507754916,0.00983011202032566,0.017134843421958784,0.0024326653700037196,0.010856225448406254,0.010196887718869162,0.00461755516394493,0.02336020704765234
27.778,0.0,-0.05097745525605334,-0.1945764662746179,0.03615842229254919,0.01999624346143856,0.14401378451409022,0.1044527014517148,0.04159058055383707,0.027729661447185465,0.025699084821989605,0.012115878873588478,0.007065280770490829,0.04681697820252409,0.013587118744023472,0.004463738514269103,0.014448474560170276,0.0074571950715090094,0.007528998952705429,0.02035735359954564
28.277,0.0,1.3065483635829638,0.23839140641814896,0.019209248632627157,0.017500843564694068,0.12429684125584295,0.11620583306948536,0.03218073213141274,0.023948821732916126,0.024572801834679425,0.0035186471307406507,0.016292878309354178,0.025152009377013965,0.0038838599559877663,-0.0008342827776731404,0.005133189413860667,0.0036028741219228558,0.0012721174162010841,0.016311950035892094
28.777,0.0,1.4130408833147874,0.03352625219826963,0.021470410116728008,0.017508992602727216,0.14526057498367856,0.06886759307633696,0.047003928777474724,0.03444185967543012,0.009996967780814709,0.011906239274554703,0.007548393998536009,0.026424864376666583,0.004215741009501456,0.006498567885222728,0.00816074012492719,0.012624309941265701,0.0033726394501094616,0.01070702089782005
29.288,0.0,0.926581246053025,0.06640817508958011,0.00042592329133945726,0.007127280123777571,0.09618765878333628,0.07739629148615146,0.020034580419531395,0.012096655220659168,0.010134028717246281,0.0032476353840911977,0.007086192520758817,0.007410124300247021,0.0035851273670447392,0.007168063422172503,0.014132311115579789,0.00872323711466551,0.00029386088257000667,0.003269223878204404
29.778,0.0,1.499647719373417,0.1720940242311676,-0.004553353787894599,0.006641696968072531,0.08643581590801416,0.10961597396000236,0.034269043474268415,0.047836726548843855,0.006797601123507549,0.005324886981051696,-0.005263211276328333,0.03870840363967946,0.0011680018510013452,0.004785268872488571,0.01622488929013912,-0.001156291279717336,0.004758996271227049,0.013090888403594503
30.278,0.0,6.731736104290823,1.5612193250656765,0.04034279900355321,0.018522528693395508,0.08450359909560727,0.035840951246364175,0.042564352262449014,0.018395742846535744,-0.0012260402249421145,0.002122246240118194,0.012861170670421126,0.037599582904540886,0.01535081047422399,0.0019408757220197225,0.01249050619331066,0.005316327304426517,0.001605213904381329,0.03423487310552945
30.777,0.0,7.624738410921753,1.713527787477898,0.02552042369561923,0.02008111756282105,0.06962758282222023,0.038911210526598676,0.02960146203388724,0.024749461886181344,0.018519047237855083,0.006833002976870505,0.017463000929194412,0.00744051349762392,0.0072872364616491875,0.004435812756336097,0.010144203750403839,0.010240189316991982,0.0010809050012249662,0.030981964823123435
31.278,0.0,9.26574780939204,1.5365130412133539,0.03951280669538873,0.02032231659775318,0.0577421378601782,0.05062399080599499,0.032639741398083226,0.02297602324121335,0.022700387329597324,0.006843012224582601,0.016939814824682174,0.04847466163554517,0.008675769525850075,0.0053906475339213795,0.013066591091597577,0.008892341095985646,0.00966508247678152,0.024286141435036133
31.778,0.0,6.671734474682427,1.6957819311128661,0.042436157302148364,0.009540497823442273,0.05578057471954047,0.07301403768798367,0.028413280618219315,0.0053910721596045355,0.007200155490342392,0.005230400964267156,0.009656420204453748,0.0015772787929910785,0.005654309989108566,0.0060107631680876555,0.004735583574836637,0.0010105069071846807,0.003364635931496065,0.020743194660460762
32.279,0.0,8.137450729946965,1.9527791940618797,0.0031890947877742334,0.01301151373185049,0.02336075640442167,0.045330854931001405,0.011761138176643503,0.02538002662213399,0.00227517981367663,0.005738920466079451,8.110993268333752e-05,0.01626138254610075,0.007960510058591684,0.0021846358387214754,0.005055465299463519,0.004640978483881236,0.0020319715265066846,0.019726445541373778
32.784,0.0,4.92222915195032,1.7201330569094764,0.007598913626570542,0.010592740783022235,0.02075627983536999,0.01920256489371544,0.02773251596539154,0.021952669509146466,0.021690823272738816,0.0005704388043741007,0.006759951674179749,3.989748030260796e-06,0.004140117810291554,0.003306618379667324,0.013458247663521312,0.003297279324641223,0.00300272209110584,-0.0012320881766641931
33.277,0.0,5.802435102824011,1.9433619966059674,0.029844014984556348,0.011278215272137609,0.024564191105170715,0.04950849855564407,0.024614332611393744,0.028516992968553152,0.017199850380953834,0.003032290530534291,0.011576468915683499,0.006777647822618551,0.009784609944035821,0.009265199513159848,0.012069881020012024,0.0010177873859514215,0.022949208359363323,0.012261338822451739
33.787,0.0,3.9422694723919403,1.6889937374335477,0.02112807257502304,0.022844138870062872,0.029352370401776354,-0.01761424261312216,0.009480364132035679,0.03765302930529289,0.012751890357290619,0.004054890791537814,0.00378212089604535,0.020839195560909796,0.009784858009969104,0.007123464138131938,0.01238273541427082,0.014092452773128943,0.006821903808835081,0.020715177390822414
34.277,0.0,5.125169089247829,1.8282402993288065,0.023478898388476086,0.01453163308058627,0.04246557260529357,0.07359144160979852,0.020004809525526572,0.041351917616583155,0.0016599308458341033,0.006837534430946163,0.019751112778888153,0.019684809436541276,0.018124090323422985,0.0032909879109608046,0.005466892966938976,0.004148200061941637,0.01065611355920421,0.01718658585392427
34.796,0.0,4.038844307905863,1.3977099346752269,0.034545334967804715,0.01766130751052967,0.0026846608985563866,0.04724917941313953,0.01824406796735875,0.0006594437175743047,0.017216061694914915,0.001096287345924546,0.007949656086927754,0.00896480378657779,0.011985305557478058,0.001886844288221221,0.01114018356828053,0.0009446532212573091,0.006043406995603019,0.02264387652854565
35.282,0.0,4.012341286359395,1.6344740021489585,0.02923904783010206,0.021068008183975962,0.006165979793400425,0.046508622311017093,0.0226974391812011,0.028053710725635332,0.0239352710273351,0.0058207395098650964,0.005591552769728227,0.04421998732845949,0.01818626165631617,-0.00016634692285023373,0.0059805843544474485,0.007266531482091952,0.010780580004115357,0.01889065192992062
35.784,0.0,4.724548705437783,1.847455376911306,0.026077743983706356,0.0052317477173542465,-0.015345595720313526,0.01629437439365382,0.009598365918193201,0.0011303744227698514,0.006607406487648306,0.010263618993074403,0.019145863085870896,0.008054343143390676,0.0106940406914898,0.01026568105438257,0.0017091253045680244,0.017553694613559826,0.010171557997472769,0.01781363031421186
36.284,0.0,3.5546266325905624,1.7633970873342035,-0.003823100816733632,0.0156930638221952,0.005125726704739458,0.002210290762810586,0.005950996143107341,0.00711084728456377,0.003142335412604816,0.005370161207700665,0.009496911408954084,-0.003376032918259127,0.0103020188504496,-0.001118179251037494,0.017188311810468884,0.0054087696831017495,7.681702503461673e-05,0.0004791454020360997
36.778,0.0,4.309169686943869,1.833689202761867,0.019509690844763075,0.007199911507214725,-0.004602273111439559,0.02545386790400773,0.011135957955760296,0.027597178796140615,0.017148015509414864,0.012865944128841213,0.02611943184168781,0.027792275072094256,0.01792049694763136,0.009305987633025257,-0.0006089001141172728,0.012708060306577174,0.007568492182513202,0.02747831933280652
37.278,0.0,5.062319904326868,1.927127025018909,0.03207543860540049,0.008834933668218983,0.015345088723473562,0.025801472726651724,0.024030966320864888,0.008969309393391675,0.0022118259660008914,0.012807325186698977,-0.0021096059008852016,0.018490103812334097,0.009167284188735792,0.008787766923397746,0.0021627195373486938,0.014362130858402605,0.012576608429583365,0.006871832944877782
37.777,0.0,4.17833539234078,1.6467485902857169,0.02567611355941849,0.007520680469621973,0.0035456238946587997,0.0393056062820425,0.007227794244072623,0.02492303812059848,0.007608376036372484,0.012507078477854773,0.010437105167941878,0.015944513552907217,0.01131101543964778,0.006119251564247638,0.0025620250974151305,0.009741643443672867,0.00853606444057388,0.01908066078038511
38.295,0.0,3.9584755241727008,1.466388894807946,-0.001498590153350765,0.0016600983500968866,-0.0013868189621124986,0.0016802877515597475,-0.002517786511626396,0.005399639987271286,-0.004878302480086717,0.003547974696137237,0.019052865476613872,0.00809699771210998,-0.0027006125192592014,0.004851342356413101,-0.0025252833596554167,0.0011898138237845875,0.0019003205006929555,-0.007979318617478496
38.778,0.0,3.7157617401180496,1.7267213642808374,0.02177009480171085,-0.00037017217848155364,-0.0279313889999295,0.029667543850310965,0.011456585596728176,0.014918237530287872,0.013667251389183227,0.010280346130102933,0.015324736128604799,-0.001577386028198801,-0.000309682759163581,-0.0010358421110499372,0.004502942654972576,0.007159935720933637,0.001139264953898894,-0.001998849527114547
39.278,0.0,4.540218423065004,1.8139096020588417,0.030873059787042422,0.01846686930509685,0.030383888831601997,0.06049258995194098,0.01185718855889807,0.002518723506699046,0.022586971414131452,0.008145911807450824,0.021272555780326875,0.015236832141160015,0.017221415225705677,0.0067393658490407194,0.014685650901606472,0.00551387652292401,0.0041391388432433975,0.01652522851917203
39.779,0.0,3.9413199836142376,1.8188930901568556,0.017542152381624217,0.007453370417679801,-0.0009494491678701832,-0.0006794661185787963,0.008883817473423511,-0.003988241042331955,0.022573383343197157,0.00926699645516134,0.01309417068917924,-0.007947672394171486,0.002855623181498109,0.0031611659042313656,0.009899531826627983,0.004146893107597446,0.003441373129710191,0.009092276750055025
40.277,0.0,0.4084853465654286,0.3441628521602499,0.007507754707785772,0.018069496960634004,0.020135105146820438,0.03025489445833247,0.0049407449996750905,0.0237427988838767,0.011381406733927598,0.0029633899448962076,0.007202860968011415,0.02983078147673115,0.01646842140396026,0.003559292044927476,0.006339983285940987,0.0041794743620289015,0.012183142286345486,0.011622196980365995
40.778,0.0,0.016601582607146424,-0.06173895501546391,0.01622667359417452,0.017861320910083335,0.00794798750622241,0.041197923624187546,0.010081833823975962,0.008106174471538736,0.023508121298734804,0.006902751291598764,0.008376096092929093,0.007367992971483335,0.013182693366312967,0.013237363750512317,0.01052732178965038,0.00842906801801511,0.01040118191797687,0.02328714356342039
41.277,0.0,0.428472502181343,0.18832819233978573,0.03259550904074699,0.021869531275623435,0.040131417532985034,0.042116318117685694,7.952017287900927e-05,0.0057376512268658515,0.0073349043797662885,0.006874901000462954,0.01215493484192188,0.006845624317308348,0.015837565143431136,0.01374448230469178,0.01952689509789328,0.0019571490167842437,0.015985193390374696,0.018219514432041707
41.789,0.0,0.44961262135288366,0.02607474428570285,0.02649154865121222,0.017288983203878977,0.006606718285220982,0.06297481571482498,0.0038332484916582684,-0.002004298932965844,0.01940922408300952,0.0034998986396181098,0.013555465058719811,0.010846475124103454,0.01286766092313048,0.0067249777714625085,0.014087444400172773,0.008895090235641263,0.009359151357333782,0.004454793903481369
42.277,0.0,0.06239614496635226,0.14066961793378466,0.02384867486544892,0.013307576165692924,0.03694420137085168,0.0496506690049215,0.016141941201944496,0.018072262850079908,0.01349794128340099,0.0010304109350325055,0.013499238498523367,0.011154386070853664,0.0066753845426144095,0.01108897290781208,0.002317800046363178,0.0037177582003854997,0.00940910716979735,0.013223278305818268
42.778,0.0,0.37944440648131367,0.25051525660177826,0.012324961212431285,0.00666065032969917,0.020280564603701513,0.0658568292351136,-0.003580200796433958,0.009907692495095896,0.023408911034151794,0.007307024892362918,0.010098176875768625,0.005580612211616058,0.004447068889491759,0.0030511111597248393,0.0032711071377010312,0.003269096067351893,0.005583214278680201,0.00654635181891496
43.278,0.0,0.0074745463444517955,0.23970975376572196,0.0336121725966331,0.009332650759535916,0.04336324595773475,0.061493388567419614,0.021379627843442828,0.03274632042255407,0.017915397617282648,0.011367483644353903,0.007252100565553776,0.037468703899574504,0.006708284808262306,0.007924829930628156,0.00839938469958192,0.0075252466447523324,0.008937578612072514,0.02067687666638274
43.777,0.0,-0.1830340413374901,0.11349851342542557,0.001544774020911156,0.0001295554666855939,0.04015697567216845,0.08711297694207018,0.0021382137987030086,0.016728190860255055,0.0022660162221244135,0.0054236282230585645,0.014215270105036376,0.005795011881335057,0.004536453955556011,0.002630643901015051,-0.002655896514441915,0.0028241909451848166,0.007744745820356078,0.022387815515197484
44.277,0.0,0.5099879286290401,0.10386971297381467,0.007655950341923766,0.015935097993615387,0.029326557587842646,0.06306150196168527,-0.0015868832652257917,-0.0009247371804940388,0.01049116772136797,0.002894284020738426,0.011623703803904711,0.021080990032326552,0.006387713878143774,0.00442059878561133,0.02019754857278603,0.008809421539877864,0.01541612981930207,-0.0007101928864330708
44.777,0.0,0.4112071902065176,0.14291948687279313,0.0026069735621052467,0.010347047402157696,0.02019721042978789,0.012352723722709734,-0.0016091444409358925,0.01154754656771759,-0.0006818051455793177,-0.0015421734937352985,0.0013500539505780645,0.022733855986517917,-0.008408725945245867,0.0034399067025145565,0.0021027293631020066,0.0063533986020970394,-0.0023295776006153806,0.011998883648837501
45.277,0.0,0.6935911821730623,0.04096526538978068,0.013398489850844917,0.015180253648940054,0.060882807776644295,0.07164901579885452,0.02034524934344142,0.0023272518463988397,0.023199377036303526,0.004036685963777898,0.013339405819615726,0.01031421634675848,-0.008341437462242324,0.0005923389312693618,0.0010272771712588088,-0.005415553489951904,0.008769694102248822,0.009833525032956762
45.775,0.0,0.46147676363758633,0.21470903103342998,0.004122924971281078,0.016815689561216072,0.07465742919126386,0.056109630707271874,0.013616610551947362,0.02534746823762239,0.01173729931546276,0.008540272027123232,0.0023213651541937677,0.022364884192639527,0.014757194270331033,0.007721130073193329,0.00404617651062217,0.011638311151890235,0.01252716623966525,0.004975892043738264
46.288,0.0,0.18565287949623754,-0.09294054556596174,0.006862578314607266,0.009263504497007998,0.03546811983444943,0.0415949363761337,0.0014712148350250703,0.016153045118827907,0.016692402363309353,0.009389910837973883,0.008841584060092915,0.026026941752354673,0.005275552636855187,0.0012354712203032257,0.013580038615887389,0.00447473491726337,0.0031098056863529543,0.016356588539465387
46.778,0.0,0.883442917749253,0.23647017732217593,-0.00022196923814803257,0.015244626034525902,0.0627285225759786,0.04863667237617945,0.011837297910558597,-0.004509851427914685,0.015482498922782254,0.0005115791198761509,0.005954897646844134,0.038225013839345755,0.0009792568265032911,0.016170676977340658,0.00020530413666950653,0.008755505053783646,0.008863114633000262,0.02111320073044059
47.277,0.0,0.574318012971022,0.3201972754608952,0.0029065770440764582,0.01043688281335843,0.0509056881093932,0.019642686951013975,0.010928904576823167,0.016327617683165794,0.002910982432681975,0.018903493563211287,0.013053123852386363,0.0050074284890988035,0.00010839232243068307,0.004396147423215084,0.013884264427431679,2.7024288136043116e-05,0.009120424301090847,0.010294105221632675
47.778,0.0,0.47049671633872553,-0.08518793489694182,0.017346584111969644,0.017743023605311783,0.020629321796505302,0.03287587548202575,0.009750129951632358,0.01668064706718273,0.014564266328975724,0.007480659988558732,0.012348098803988818,0.008009979810882672,-0.001301060319321481,0.0007975500002470177,0.005705157825587732,0.0085856556121967,0.004318043608363433,0.017724180788782726
48.278,0.0,0.3449073655951519,0.3324292007011319,0.0006127772567134754,0.002285757093810779,0.049434814298270804,0.035274104948749864,0.014189647088097826,0.00870406378432943,0.003829504600455954,0.0028258415588734024,-0.0024671880230671896,0.0012359438312609713,0.023429737011362767,0.010072482203129491,0.012680819624988524,0.010589788842500466,0.005805098531392919,0.013567874597390036
48.777,0.0,-0.013004857750653994,0.1762087050242553,-0.0019241295409405928,-5.3808077171534276e-05,0.019791622593902894,-0.004624597459389112,0.0035802763188626774,0.001373884195650834,0.011109995366795961,-0.002815296936902873,0.0013386009889244821,0.006453708602611261,0.00812418849448906,-0.001527819099223408,0.005603807298791263,0.0007798593185392167,0.001027291210489703,0.007965316199564226
49.288,0.0,0.039293763994168146,0.010937512042273775,0.022172133835832396,0.02813965831377073,0.01448291389903668,0.08502837141426174,0.029648982499523194,0.03384292653027278,0.008142979287577068,0.006944391745673745,0.01080963825474357,0.015249483039126079,0.017969774903280868,0.0073130528250754745,0.021325894552434076,0.002264542345646469,0.006424451612766809,0.03856363376732259
49.779,0.0,0.46475750195745213,0.26379647838375453,0.019080764313728987,0.012586509011656498,0.029499408156288313,0.0804412317166004,0.026244793217584328,0.01185463907334996,0.002279236624666345,0.0037159861476717747,0.015001335744460283,0.026561480231474154,0.015094192697903219,0.006570130298319559,0.01840154025737818,0.008217874783216056,0.008663860359918708,0.021537239558104944
50.277,0.0,0.4106617814190677,0.14882382407958816,0.022343659593264623,0.018180708314823105,0.02671393486502597,0.045620775409420694,0.021617437964673664,0.012123542473946855,0.013264758595920117,0.005051491842837253,0.009443314352380834,0.02270392045947257,0.004632922960350678,0.0061674924676229535,0.012807409370345062,0.0033317440868724305,-0.0027419121957535536,0.028365415517310047
50.778,0.0,0.6080363118957088,-0.05352492971652831,0.029792853764622762,0.03213409518820622,0.02630461222507758,0.04271487998688667,0.019946057897152134,0.042780721193774504,0.010575244695521496,0.013899943904263766,0.009180186462969099,0.010672439126668182,0.013380588822670524,-0.0020673601755957904,0.011504273376668532,0.0040335845958584,0.010398930874190263,0.02072483525183016
51.278,0.0,0.32404894774301235,0.3453213039345212,0.016565267200586466,0.00658479068774864,0.031238417223323264,0.06913626519525563,0.023281420770905323,0.028603052907164396,0.005923765686645759,0.0034974825736402673,0.005836012877685707,0.00945136942155649,0.014316369909522545,0.003991661319489522,0.010959464152758456,0.0041669698161967755,0.00816682076009797,0.02741900814707421
51.779,0.0,0.5272091044978644,0.27739002995494977,0.012408485528926849,0.0116795094995184,0.03002160117628062,0.01134659388668125,0.00017461942228180836,0.03245010327294567,0.01803088632269367,0.007172846628559288,0.009140833827242473,0.014907406209897224,0.012947180784007362,0.006763224147540558,0.011934525834741194,0.0069914185910578954,0.002335117615833452,0.030753217536392118
52.277,0.0,0.19748637735963104,0.17891711965492674,0.013835068192611273,0.02623899689849848,0.038464022193870934,-0.008720455158484205,0.015682798288243583,0.018412442121654507,-0.00046649343176954775,0.0017227654948689564,0.0076208613386682215,0.012693948385102278,0.0020018189418482555,0.009674696961788158,0.005258411044758425,0.0075779104884774896,0.008656611337784482,0.006874684843794142
52.778,0.0,0.8447111053038728,0.3305898389310194,0.00903999121412733,0.0018622163097706931,0.0011310753701047464,0.015588304827702485,0.015649755263511374,0.007202232036614902,0.015303508082548267,0.004288227352992562,-0.0006757148275597492,-0.0014632055682518412,0.015137178464134673,0.005917538183096601,0.004328718757920515,0.011262199570588752,0.00519522451289449,0.016815987431900884
53.286,0.0,0.19192214985968897,0.1381050222800441,0.0024980916561705055,-0.003729139231657149,0.004219552475856161,-0.004922900914641414,0.014761672832753661,0.011370391061397327,0.00980024974364497,-0.004728186494981772,-0.006805953196501986,-0.012795684306312694,0.005763440890043072,0.00533868104132176,0.00018190319624336623,-0.007210855093708935,0.005616974278274282,0.013798925762986436
53.778,0.0,0.6983685369901144,0.2535060766675336,0.0002586797649255248,-0.00032331402034722597,0.004028383932032191,-0.01725236580651615,0.012018326418549408,0.009745660975677055,0.01255357153201824,0.00975173228314959,0.009199236998982644,0.005545672722440846,0.017743818714385743,0.004179629988426675,0.003789374743906248,0.0030220703191979003,-0.0008997009178704914,-0.004820896518326998
54.279,0.0,1.2728339660760826,0.23990212199977937,0.0216890123448292,0.023486149608333663,0.00014036585257805093,0.04953207440980392,0.0103833374052524,0.037152793478220106,0.002381295317312748,0.008893283776920008,0.009439218128627129,0.014783601194393379,0.01317322299860665,0.006274510183044559,0.012214319835657517,0.0043835840281437185,0.009171638215326848,0.02516499298520465
54.781,0.0,0.022815491407806157,0.21190153594048436,0.018539216669164173,0.007362811582683901,0.0065073545835355046,0.03317522702662679,0.01930646094151056,0.011671699326008034,0.007775944357196807,0.013943779333088614,0.01597740989852845,0.00947004735863615,0.010859028525372669,0.004293761061228898,0.012994389939372053,0.010298266236383273,0.004365449367790513,0.02404453735663204
55.282,0.0,0.9188421095096378,0.27137783273642335,0.021276055828962744,0.028216279217882972,0.034630220719360776,0.033622069697339475,0.017969563315563927,0.035127530567076355,0.012071448128264054,0.01533384265831951,0.020910161559611826,0.007404393652967833,0.010674253423648144,0.003654129547607602,0.0068089732341924765,0.008714007928796577,0.0027459358631978076,0.01300440639404146
55.785,0.0,0.7111844716007972,0.29496720318990816,0.01924278481608888,0.019474987775482094,0.0038234059499094968,0.0762756069743221,0.033362520898689095,0.02757815230331518,0.015916441609634395,0.008272804394086784,0.006017968629182792,0.014232910827856122,0.011724371250133751,0.013621821981948393,0.0031579039065384317,0.01112291705651941,0.010315724376813185,0.010655372314312376
56.277,0.0,0.5328630171266723,0.007849934989662095,0.026202954001002223,0.019434099406846785,0.006712734331986926,0.038968383263229565,0.01705279214809168,0.015299923060351309,0.004004746061123754,0.00577516287776062,0.011770507862475537,0.003988367889877855,0.01881394801695153,0.00150706181512095,0.005550343422749123,0.015630845256762213,0.012319923581128493,0.012742215639549059
56.778,0.0,-0.10274931530856925,0.022053773985882565,0.005746785480117545,0.014671472787850274,-0.003806154872776142,0.0029174289911215795,0.015530764273740057,0.009891581417160478,0.023978281774367644,0.005344337177791174,0.016023970922505227,0.0100763602007001,0.012889653155674372,0.0019918775549583674,0.0014359044524095948,0.0016887556553785489,-0.0007590863619700124,0.003208852923944653
57.294,0.0,0.04668607261206534,0.08784377273704265,0.024830473900222888,0.022457748779346927,0.007091066279181351,0.029242632182446264,0.012370217874078722,0.013198902184954306,-0.01011264120983368,0.01239388603203417,0.008016144041446944,0.015315999828545729,0.018059801046926713,0.002735242121118255,0.012526472680146884,0.0014554171559206935,0.010870769843661175,0.023022870386267595
57.778,0.0,0.5226457415580263,0.23535829540411196,0.023367937186666302,0.015118147478429038,-0.011603373923061329,0.041864503939486736,0.015703455178654232,0.012466186694751974,0.012328045643930528,0.0031407882208484127,0.010165649743218543,0.02121172523671494,0.012192137480815645,0.013562515347111451,0.005431079614490276,0.005072687276358745,0.006326171277975252,0.013334619489006876
58.278,0.0,0.8245490068020942,0.18774087056364153,0.043595926087958016,0.012848872620925645,0.0540721749373354,0.08630530032814065,0.023752686294707556,0.03638355876422725,0.02214369215287269,0.009935146210161764,0.010592532149024898,0.027059490040057907,0.014937171577921054,0.009018052931680847,0.013588195824208605,0.003584419031915836,0.01666079012330444,0.027697729647922047
58.787,0.0,0.005805718279559322,0.22313586516184325,0.004461591971209618,9.518332270314022e-06,-0.009015907257974928,0.058841857430141274,0.017965307179083977,0.017991079052194794,0.01546577325717217,0.009125533274946343,0.016914707756485892,0.007248843060398001,0.00757591836796732,0.012193295086868908,0.007621437927843564,0.0073204520029357175,0.013889745354636548,0.013836364884731934
59.279,0.0,0.7078030239627917,0.22075028464813473,0.020664094269406328,0.011997164488019888,0.02210689812667142,0.0971241271174031,0.012909865755766532,0.007820475225129617,4.8510922906911485e-05,0.004348979202870294,0.0007482190262020152,-0.0006827318987758087,0.007371407647169992,0.008018660840996927,-0.001321692346475755,-0.0021021720644736185,0.0037280511533349867,0.012909068345884785
59.788,0.0,0.14249970349689414,0.2552192680077124,0.030294816366530346,0.007324155106454373,0.029897659918294243,0.05835503088015344,0.00044221255141223547,0.010329262430661757,0.004595979975585825,0.011276301423876011,0.01695985113859683,0.0013502396647745725,0.012374872820028129,0.013448955857422867,-0.0011987785727656682,0.008278715956974022,0.011630858166953936,-0.0017114406820230449
60.278,0.0,0.6029076883238097,0.2913393569790382,0.010363152614550446,0.010455666675148014,0.02808743784541445,0.03932718230969774,-0.0028092784468751464,0.015756784543800733,0.013270554658242537,0.00282488228951926,0.01935819071875616,0.03222582655852382,0.0036424358449557294,0.011329881372112407,0.007894897671161761,0.0018714517244679315,0.010151809040154535,0.0007489155139449511
60.776,0.0,0.8009824499635547,0.2987399101416001,0.004018220212525517,0.005189408000276317,0.055419099283049736,0.025375957362171415,0.004125173054214296,0.012945841845787186,0.003612599394333962,0.015376883301933379,0.016213639912151214,0.03784560840781571,0.0010716678684760611,0.00012783512359388317,-0.0009726362675276361,0.007845386140081945,0.013036481157455246,0.004944014854267411
61.287,0.0,0.3357188544995507,0.24957887827429737,0.015184973225412499,0.00928842553301207,0.0610701784031482,0.058460904608643165,0.009874332419602895,0.0023297269396232753,0.01709439791001603,0.005913629637302943,0.011220632140180356,0.004929360852435264,0.011646867720595512,0.014692840021597051,0.011825629999349125,0.0046875614410619585,0.007355924818432623,0.018688805524338863
61.777,0.0,0.09759516460981509,0.04324704107840715,0.02356075264256971,0.009125557327287103,0.06980877621712404,0.10779998419535021,0.01167902265469831,0.006766195814910957,0.01147654983822463,0.008998435090245041,0.013090634028198635,0.005120837112667121,0.0026078615134474997,0.009345058583174757,0.007371715297170031,0.007874282548677615,0.009525517865089171,0.014371659886440648
62.278,0.0,0.37147268118783056,0.13774032615840306,-0.0009026361519325046,0.011488547441584961,0.041112828324456285,0.015073806662661476,-0.002460750881916387,-0.012705136889748557,0.008024206607748139,0.008007529084957592,0.02128171580237612,0.014740428660556429,-0.0009703398504973536,0.014324650571920379,0.008294107463779983,0.01143177221962552,0.01335938151103563,0.008427551687438212
62.778,0.0,0.4056020817710897,0.2870200590486091,-0.007302240382576086,0.010615738944880947,0.03584097132758821,-0.01191723286190917,0.006780914486452133,0.007597404465864982,0.011635857374225195,0.0011913515857722265,0.006691199336087896,0.013340094121229435,0.0024458639836322147,0.008364856516850079,0.003663109523362655,0.00030609780264801074,-3.981931591911421e-05,0.012174889189103281
63.277,0.0,0.5422463792570459,0.13604997359733834,0.014497381443456357,0.015571382977049856,0.0679408890378268,0.06704282330933264,0.010307360279689174,0.0068317467619860885,-0.0001631760021173751,0.007223294558205633,0.015232124838829126,0.02051465478200314,0.002787701883869369,0.009716812541131183,0.006485805953270923,0.002083812555238477,0.010622172465629834,-0.004145031071758771
63.788,0.0,0.17858673694411958,0.07638193506722873,0.023024383387437085,0.007652106806185188,0.06969282396264945,0.05163433576917019,0.005752373340837305,-0.0031908794511672925,0.015064731464630877,0.009631262361188546,0.0006301636736515998,0.007187206463366987,-0.00012065188623798685,0.00671083834492683,0.0011374300537341068,0.002179728424106611,0.011741986594361542,0.007654311958435423
64.277,0.0,0.4040436030479441,0.14800413506492477,0.014503766257199674,0.008780942720305471,0.11106527074690399,0.10042911085013367,0.020266500533517553,-0.001238898584150444,0.020211756760083358,0.002709327842695881,0.008217600821896843,0.025162790357451087,0.006103335197465597,0.014445483457994275,0.012985087789169476,0.004661124493100848,0.009318547785471861,0.013998512972016913
64.778,0.0,0.21479768394629006,0.06950756498039096,0.016077918224136997,0.003457816917178953,0.10692609942435827,0.03770666107782862,8.00407967061216e-05,0.0009085140904026276,0.01794881735213378,0.008885753939307857,0.013885946800114353,0.0202248968409726,0.004942087246824329,0.007944534963429917,0.012576797163796732,0.0029567221969293484,0.002529796979168508,0.010885790327916638
65.278,0.0,-0.3354331215973683,0.2040548069957331,0.0016657409714683174,-0.0012299114820901397,0.09390834487501934,0.0373191383485919,0.006432975258682214,0.015724762855062892,0.008031740536226272,0.003713822991878089,-0.0008998213202921969,-0.0015089557798479078,0.003369734480847601,0.004578834176850537,0.008103179013281482,0.003767659759154752,0.007621635351945359,-0.002271504168129165
65.777,0.0,0.34846176350105085,0.15187194493520081,-0.0033538973729083316,0.006184610216222693,0.11642387635083454,0.06280692463790682,0.008110007196012705,0.0026006101156136716,0.0010950746595050865,0.017439745413913535,0.016600426869261563,0.014218695218344277,0.009955202424689318,0.0032259707490011552,0.0064274731358886904,0.0064812255844764405,0.01952717630905304,0.004369555239534507
66.287,0.0,-0.04438978052138063,0.11870263599581476,-0.0008276039802393264,-0.002122140464849611,0.07139629493104939,0.03172556456244297,0.00967229835896318,0.01484759207471612,0.007935244896388699,0.004442009050416078,0.019944713401837268,0.011473891965073823,0.011449416086230834,0.0038164660230294886,0.009852593376803819,0.003660359950453417,0.0003278134616032764,-0.00443598602737384
66.777,0.0,0.5306438629250655,0.08639046020348451,0.007248396885510792,0.008942919950548826,0.09396430891475842,0.09037246024756058,0.0137642009448338,0.01833323180679688,0.009141155877483651,0.008983732222767863,0.010830248335692624,0.03419129788210075,0.006543521786249369,0.005161373323423809,0.003096686161998257,0.003675978461487103,0.0036639635563224934,0.019283997676444044
67.277,0.0,-0.11074777161006714,0.0050498784036543745,0.009893137630697787,0.00037104756869207656,0.08427997476476212,0.0663825695004254,0.0008622767257727041,-0.006114465026801285,0.011331961447908509,0.003393513480389932,0.01211229258541698,-0.00034947060568041945,0.018536662263153786,0.011700071961089133,0.0017772934602244244,0.006125000314744704,0.005832710775571317,0.0025025344543902935
67.787,0.0,0.463237741909772,0.2566133343847083,0.008335346774220518,0.013328898990152422,0.10825274211102513,0.07380874762751105,-0.004403856867823497,0.007800327897792189,0.008523477276470038,0.003409499239187812,0.01902451731634855,0.032010248283044995,0.013204919105059432,0.0117097153291752,0.008014373917731826,0.0067559869671381416,0.005749473727800408,0.008813569572049231
68.278,0.0,0.2074831326761542,-0.14347381279817825,0.028638182199655124,0.01788166461153299,0.09395309249101436,0.09011825796344278,0.009712272103558064,0.010088333361698827,0.02580085606492771,0.0071948180196755055,0.023000069470119008,0.02132815621344546,0.01290242118132092,0.007190808915967189,0.002531594945779156,0.0019209553505045256,0.015351493328939893,0.01394792997586837
68.777,0.0,0.006198454917869591,0.1523606347685311,0.020977475366706032,0.002631630514769824,0.10870680172300892,0.08148448288392778,0.011167757120860948,0.00797817624799671,0.04165675419186204,0.006894480032228611,0.02449488127472474,0.02380997520069869,0.008898854953478768,0.008647932838201288,0.002883657788361281,0.006540622323168181,0.00614667063208751,0.006919735189089932
69.277,0.0,0.18833144602354102,0.13030294501660292,-0.0072130943384089525,0.010582500056204255,0.08560655326438915,0.022808237112153452,0.022744128632635918,0.02505781737395652,0.015859675017605355,0.0063854680087813195,0.0074402200344953675,0.013772175632577339,0.009574199155297086,0.006007158432929067,0.012574163555510408,0.002762643226630067,0.007367993236021812,0.005527662432768117
69.778,0.0,-0.010556716466176393,0.009952853275257667,0.007770822131594061,-0.0026260964462718537,0.06787472278565725,0.03129926116453359,0.007207756618975375,0.017769414945716114,0.01978641591746131,0.008850802846063382,0.00770553409118526,0.019901337420547182,0.018691147236637017,0.009694793496705883,0.002209648013757537,0.005451596211098626,0.014415420534350968,0.012675736991991775
70.278,0.0,0.13398843417123465,0.1826564527492771,0.02829109526846059,0.01869625292311851,0.09197664735235149,0.07933587570597886,0.02733142952350126,0.030942311697464232,0.027302638469657144,0.013046543793470745,0.013770821576712274,0.03552945175251691,0.0028209527711619397,0.011325084176427096,0.01005866339824146,0.007246992167769217,0.008048006270433205,0.029837867916585423
70.778,0.0,0.12324391914006184,0.04941178428279056,0.024592111130025306,0.008927811660162677,0.05890344751284885,0.05810828666587409,0.022562647155888235,0.022621193619326546,0.014877163162617751,0.007933369075358151,0.007988640315930865,0.01374739194923232,0.009970158562800409,0.01302230626006303,0.011513869517138111,0.0012277209749355848,0.015139019994282235,0.017338117719553178
71.278,0.0,0.38253906087619277,0.13736454910515572,0.02534183542051139,0.01064045142958279,0.03400735070465333,0.041969612283214976,0.026773522235444838,0.013644533253153578,0.018034334042703153,0.011785912780181856,0.015365970674720505,0.026054528832828872,0.005528402615452634,0.0007149516556384201,0.005999454179615141,0.008640765237662796,0.007308114919803297,0.02321968348521386
71.778,0.0,0.48169761354624147,0.09415875745681516,0.03108819358125296,0.015009737878008175,0.04951818841505614,0.07033831863469614,0.023992589620225914,0.03913953992881539,0.02585233131728477,0.01175697006493049,0.021038750263883698,0.014552811324437111,0.009666980109803719,0.0031327363129349914,0.013240576113019662,0.007691095345553807,0.010334478468407422,0.02104342964468552
72.28,0.0,0.8607475427550655,0.16370634803899353,0.024375860945313587,0.013744673509530004,0.06431570638179986,0.09570272567589987,0.022468017195032428,0.020892023939804275,0.0188651063918976,0.011012097071400466,0.003942852987804566,0.03823454951207923,0.004870260575733093,0.010577835573500628,0.011459563586269553,0.007386367389725906,0.018961182234312188,0.04261494519226405
72.781,0.0,0.6034498228804117,-0.024134571171299118,0.025621067346113652,0.02194684786207935,0.03000155649807263,0.03656638020318407,0.01517109869302169,0.012162346414944163,-0.008510084855465084,-0.001371941655125123,0.003842400934374794,0.030369480826777668,-0.0026389199080796705,0.014851663738205617,0.0010695896280553147,0.0054932953319279665,0.0033488360900075414,0.01492874343271443
73.282,0.0,0.41608016832317046,0.19381786486547317,0.028012107263687837,0.00674678483047981,0.03501774421677135,-0.012433001566341634,0.018119157249229946,0.028504758521535837,0.010367960790945728,0.007312095034549144,-0.0022998710342064612,0.029969144687836582,0.002300568199008457,0.003981098807946909,0.006437101952627089,0.0033717497135457566,0.010831382108168155,0.017565483198726042
73.785,0.0,0.32693692692530935,0.1184303412769814,0.021359067360640215,0.006499988910107002,0.04151754418565568,0.06108290212771481,0.0313804907799785,0.03496608363452048,0.008171724002376568,0.01561358440678053,0.01885922021780484,0.030483632236339632,0.014943014406799255,0.013234023886515919,0.008591427163529328,-0.0007386491950722777,0.0038455253933063517,0.01939226700138291
74.278,0.0,0.5019134933974053,0.1563624301529472,0.02028774353330776,7.052219834127748e-05,0.02717953474831086,0.025618497123989212,0.015551480248234604,0.03337415962230857,0.008859692310410025,0.00639192006550468,0.007983229416409426,0.01011022980789831,0.0013469091506169864,0.010692894111846667,0.0067297375622263084,0.0071888430435555414,0.011543908740343488,0.008523359172808036
74.794,0.0,0.00841833956234059,0.07476016240699776,0.02688560679729172,0.011696395589053074,0.043743369553275825,0.020602825500168568,0.011746108275747189,0.011758622863202454,0.027867254305863818,0.018799742763813347,2.46414230163095e-06,-0.0018606454820392204,0.014875278352485527,0.010740148538760404,0.006337008057496626,0.00302886638251588,0.01040269477977518,0.026272596799238906
75.277,0.0,0.1408515551873257,0.07568915859921849,0.014142383444426018,0.0052569841344292465,0.02035400574920512,0.0008146969487680769,0.008554396995164467,0.005239606654902785,-0.015436447417953542,0.005401760819217294,0.0016601418602498184,0.01820570830685713,0.004025428453567718,-0.003994511662395659,0.006191170933175331,0.0036536489201581318,0.006101630474177604,0.010123936907409353
75.776,0.0,0.38376469688246934,0.25105223460931925,0.04297842189722456,0.010430653138473613,0.01765912857537442,0.096736267644174,0.021384060406927568,0.03811460164680027,0.05456832764178839,0.01175557674425654,0.007277223284831811,0.027754865114788807,0.01577830707351716,0.0006155001002754638,0.017814553046019723,0.006889993193032588,0.013241380846555982,0.026758960666476768
76.278,0.0,0.8791509277397657,0.08217791424952678,0.02734053555214794,0.009463108061988449,0.04290067486083944,0.06665995271072259,0.02672838664282821,0.019141294027310744,0.013352138524651518,0.00512125278525175,0.02649425387572105,0.019606535483261644,0.015232743847944763,0.007507292716042204,0.006813096537161458,0.008876216576447903,0.001220215812831449,0.019845612745322785
76.778,0.0,0.27915495002266644,0.024411423448588702,0.027877474791518343,0.012655438314872106,0.0163639525146707,0.008806856635385628,0.018992299859170815,0.004383479117626744,5.3659330675417816e-05,0.0024001670674942137,0.014141228089421207,0.015571363589332128,0.0029359161694006647,0.0013733515126691568,0.0057058187279927855,0.004380616552546725,-0.00046565663160245675,0.01206860916284319
77.277,0.0,0.7490983907757313,0.04811649320704459,0.004000487075705958,0.007461783926949219,-0.026995794860226043,-0.005248504317922905,0.02060637670129615,0.023651423256570003,0.03487556470116161,0.001182512410189641,0.009557180289138406,0.002029088119173368,0.0069824176527352845,0.009403265189943971,0.006322808283142452,0.0017128772296699448,-0.001977954655479061,0.010744723139352486
77.786,0.0,1.080641198609495,-0.00728881982057515,0.023017119240887875,0.01664045947615758,0.03286173418195901,0.04502029499963294,0.021265137202842174,0.023847139574959077,0.014184140266906061,0.009983168968966878,0.01651856238538429,0.01748362535298397,0.008577758330215976,0.005247647164087242,0.01816016627439639,0.007848588495921204,0.009357660584111681,0.02348038120912979
78.278,0.0,0.43077201260350584,0.07335986973269373,0.012401561227474238,0.011530380366305736,0.022269174191129594,0.017278816208900812,0.01331331013601585,0.017425206053590096,0.04308081430323974,0.011467487860459315,0.017072763282549044,0.018313273663446736,0.006841009977526945,0.009116610009706528,-0.003215223687697349,0.00902721057171582,0.0069185555026718935,0.0318615827655018
78.778,0.0,0.44675202969167566,0.08754757030385343,0.003289229643138123,0.0028533699670720484,0.004559037077798952,0.022039868389626783,0.011580040836175032,0.009489344224635494,0.009166211975053757,0.008306187972130945,-0.00011517692373497632,0.014139943208819778,-0.001776103479955239,-0.002878147499022543,0.013572531490709642,0.0013182287822873294,-0.0017308109560546943,0.00325583252737585
79.278,0.0,0.5171223940331537,0.0553148740822204,0.031121380576473446,0.004133187363627922,0.016098920391871267,0.025458428308345084,0.025452142225402354,0.03175308465523835,0.02035256886781119,0.011339849371011406,0.007781469770243989,0.0071854807065424,0.003752671075457293,0.016878603260409877,0.005475921743660124,0.0007373991990140664,0.003896155008226107,0.026484463814498937
79.777,0.0,0.8412577406213967,0.09932691160592663,0.029986997262788074,0.010563363095219212,0.009980586015064793,0.04008791501556282,0.00901006976576347,0.031598353374131014,0.01741887722283605,0.00948451701300731,0.0030438321731338803,0.0026750651043305207,0.0071018390141618015,0.0024218709527563417,0.01033501528077471,0.001575225819321877,0.008825641101859818,0.017776184319287423
80.286,0.0,3.4420604873645173,1.3979108802373197,0.02648202957005021,0.009425270066965554,-0.007620963326925831,0.008492335822050492,0.02156079253062919,0.001978834042058687,0.022588539134534163,0.0013196471517322645,0.006703384642083128,0.04502234805551892,0.0025842875243800244,0.0006778901071059524,0.007870680698378731,0.006555918153192941,-0.0035392751423032076,0.021718441707658024
80.777,0.0,3.69627280661751,1.506520616330131,0.02210882891690939,0.004814282055165687,0.03133387005096003,-0.0023282475153791563,0.025326832390234925,0.02999115781113103,-0.0003087022262979714,0.003908635540290292,-0.01009227070594326,0.00015570687410167426,0.005454224266437418,0.001123416762146593,0.005284357921169501,0.008785287131482104,0.0001871425103952873,0.031260003665751254
81.288,0.0,3.0321756287917156,1.3151432944946628,0.012072613188156967,-0.0026551105938676946,0.02466433525601238,0.05031026597704778,0.028546491576781397,0.00795875514362706,0.008172476051828003,0.00791223108535584,0.0028566889004601895,0.0012818814270335805,0.006684167196273368,0.0063728291875792846,0.016435052667291044,0.008259033972945416,0.016074182200997263,0.0017032108076185195
81.777,0.0,3.2664340261486697,1.3555618861179004,0.01973102737637494,0.010929879472727135,0.030689161478706123,0.02082827368524879,0.011525504867136513,0.01870943078683096,0.025292959003772753,-0.0006125138512522543,-0.005342727526829962,0.03197171618111544,0.003292274752839151,0.011034626407620422,0.009597472096450675,0.004180536846470465,0.006531097580811622,-0.004725066127290623
82.287,0.0,2.79626042754676,1.2262561431609873,0.028398277861635443,0.0008110852851807645,0.047617958372469446,0.06698803315508531,0.02062702042252757,0.016926683706627522,0.0013780451193601483,0.008612223136795966,0.021926358824239312,0.003956145142328026,0.011000352427460289,0.004561218794368637,0.016467587183995453,0.0008552228187931961,0.0073254696992349905,0.031042873304025092
82.778,0.0,2.9661907299764927,1.3201206676112056,0.018230148444476794,0.008528133728835164,0.046999414470049114,0.06371332034023909,0.009862901029796887,0.013673261611977022,0.019580957991517593,0.009438671929223933,0.01857113722788444,0.03432764039903559,0.009477600157109212,0.008472576709941726,0.010317817442099699,0.014810112387034119,0.013905460069401078,0.003660801444965475
83.288,0.0,2.748038336872284,1.2110631632893745,0.02543801209602381,0.003957816773947197,0.02589015022196343,0.09257146091631578,0.02972805138639565,0.021584307043614307,0.024033227728786747,0.011550580992018404,0.006442754768646853,0.02351625454817388,0.005358357881774586,0.013521843905774718,0.006923960731162484,0.0051468309118659445,0.013782693917804997,0.00708364857343732
83.778,0.0,3.323333182524175,1.4902977305623946,0.03496380860612639,0.016348758447118184,0.0459781313029435,0.03866946829687047,0.03192515079494781,0.03511036707862878,0.02440212176306165,0.004926135096368609,0.016664617280203898,0.01855523072411845,0.010959045540624617,0.017493022998291995,0.00038982766687165266,0.015327459712909481,0.006857230903931424,0.014105572017475018
84.278,0.0,2.896429038584788,1.2016776987307864,0.04588185277975198,0.008343193890704674,0.04386183262646852,0.023509942002836508,0.03525354779321031,0.033717765818025006,0.023048223213530776,-0.0013052331262552667,0.025521734430454655,0.03156893226394421,0.0065925360058243605,0.011062401670436829,0.014860490053319141,0.010391399882780008,0.00868908462985821,0.009418015310683519
84.776,0.0,4.23562594221461,1.54314352028154,0.04329346615656852,0.02741720395076364,0.03736198083160473,0.03819336154438035,0.035944527271741085,0.03694677593631365,0.005373797844243783,0.011080286657264458,0.008162689794399243,0.025107242072096112,0.003268367664199948,0.015656725209480377,0.01484914508209029,0.0064843220210159275,0.0074248405337510965,0.020367933563244078
85.287,0.0,2.2038603771382714,1.2346183691230002,0.020139771473462624,-0.00041836488928570666,0.011367805469563305,0.030137051359692586,0.02182821486030851,0.013335083069164672,0.00918543103282789,0.0007584612790946614,0.008318902323625192,0.01259853235556245,0.005297264069741608,-9.133590569870815e-06,-0.0008006171631769269,-0.00268175092519998,0.0006309433974531622,0.0024099539622323665
85.777,0.0,3.1039572705871596,1.456205412568327,0.0262980523372178,0.006445225857473779,0.019948786060673334,0.03093243230126147,0.03080583605221892,0.007902072094719527,0.01431016730004358,-0.001781575153107502,0.0012443405112305976,-0.010176141227357653,0.006934910715739771,0.009177219466231824,0.013668796807092445,0.0032348792022889885,0.000767442035355313,0.003877237711872786
86.287,0.0,2.2366658937264328,1.1922419278157834,0.008682210761343437,-0.000100804579868301,0.016061525548392786,0.010502913938231623,0.037917380128796876,0.01999637044814927,0.00460746153107029,0.00921159633366052,0.011430085467192477,0.014998175709155213,0.017096681876666454,0.00976744391289558,0.005773348133905627,0.0025572158206923646,0.012974783301154761,0.015141382437393616
86.778,0.0,2.299865316737452,1.3807334425940547,0.045221559014246224,0.011675439559532316,0.030223137339454795,0.05584586542410989,0.061183815787433295,0.029806788481793724,0.018162695033574452,0.013552274840096109,0.017850902942939426,0.015353258164060184,0.01238585780678216,0.016277315926343634,0.010486279134596222,0.012397860548282024,0.01972833093801488,0.039671456042852354
87.277,0.0,3.1719061015425307,1.280209192062153,0.03585679683089802,0.008582715485844744,0.0282066652145954,0.016767326546784655,0.05363358641353291,0.013014347338245361,0.023818672463103117,0.014510856910528896,0.005784958931195448,0.013957191193874997,0.009640244457852509,0.015378868859434673,0.01777757436574325,0.013849502462427976,0.007079927444410378,0.009903643263818573
87.777,0.0,2.2791239729585677,1.0592704702297997,0.05461452466054614,0.004398540825590844,0.009097277796471884,0.00777150418861272,0.049439409839370535,0.010867061759580323,0.020982225247955184,0.011345966550563795,0.025367660316868764,0.012368525093350635,0.0006263719966006731,-0.005914074206092819,0.00764219656386486,0.0006614846661860652,0.013466765382290873,0.006778912984913677
88.278,0.0,2.549965924398906,1.4525601702394286,0.027159737465056306,0.0066450449573153434,-0.00405451628099782,-0.016438465091106923,0.045080777653030264,-2.1710138158149208e-05,0.00584355575353569,0.002778117903862813,0.011646095732523107,0.02263964968447215,0.0001546845288608777,0.006837199883533666,0.010943320868141353,0.008529154119897414,0.002349128039135604,-0.008564515216695628
88.778,0.0,2.0191566926312103,1.1956505478138364,0.049737118137754555,0.002777780716907471,-0.006584769544395244,0.052408466524753464,0.05294931608329557,0.03766487282676943,0.002887760878023866,0.00878331403953513,0.01943543202311112,0.01149131956306046,0.0058382270492325266,0.008485281735355912,0.021971021054788008,0.010704511096343312,0.008492562214591246,-0.00656272315779472
89.277,0.0,3.2173326416416663,1.3788906095527578,0.06704358361663751,0.020397474318795374,0.03248770481211622,0.028088479136988743,0.050292060611458786,0.028166121701483877,0.0013716342094938609,0.012680080407098795,0.014034075892172019,0.03818183718776712,0.0036093097152310348,0.008875143217130243,0.015241029889062455,0.006741706584664361,0.01816434213370192,0.017423540340295807
89.778,0.0,2.224918325820567,1.2679748655224152,0.05754778634948134,0.007929664817272083,0.02236435105417594,0.027199847028598925,0.05167976742473624,0.017038553390517932,0.008971617690526812,0.01478878858880477,0.018170404358388036,0.004329010110758791,0.014337075590390165,0.011912941634868975,0.01790235645418365,0.0027522083777378136,0.006380920886448953,0.02731860317086861
90.279,0.0,0.2605412901677479,0.03051057628962771,0.021431099740084957,0.0126571828120429,0.008818796214486762,0.06064229943993201,0.05148185506014576,-0.0007889477656365016,0.01069440959363132,0.01101621258062221,0.0014534604443349165,0.029927426586897794,0.012743485594671804,0.012411856559019094,0.012337591649727421,0.008872149324094405,0.013599374535934872,0.008634767853263805
90.785,0.0,0.5371700879087195,0.12725845057668922,0.04521353659204081,0.014340871235813147,0.02446670823891043,0.027001325273559987,0.0788913989954547,0.010476839097877411,0.008004678983969851,0.008980565450342839,0.013225663175541668,0.01774919045824808,0.0021446041517888823,0.011199037439293876,0.017552021273748133,0.00839211297790688,0.007022171390323462,0.022405245852384036
91.278,0.0,0.3562350082547176,0.12063783453622766,0.029456851444732857,0.0005230754705064196,0.0009850255927169407,0.061732743843256326,0.06731057313951178,0.022840441338691075,-0.007599982752587688,0.00532372038913203,0.00922409924395954,0.021595453190042548,0.002337040155157328,0.007122285723001007,0.011993869616040875,0.015185515930855317,0.00520165330624321,0.0013139921958059684
91.779,0.0,0.47190830294568314,0.1231193159911159,0.03284396593563497,0.013869364191333387,0.008266092448671856,0.031145485835379738,0.06713486914522851,0.0009008464672210471,0.014922122024589252,0.005866747200463687,0.013205851396701721,0.016605291334220115,0.0003824383203181705,0.006329571290344488,-0.0015784607233102995,0.006952700188460667,0.007242187727358932,0.013675216031741369
92.29,0.0,0.5792919210905036,0.15374304983725903,0.040092847630072745,0.00842047035873843,0.02856904196296218,0.048029735156192986,0.0887698028045991,0.010373784777236432,0.029392235103656225,0.009690903488053897,0.03213283023094455,0.016330640284518083,0.010421855762098564,0.00832210167922692,0.010030567811427046,0.01105512319766916,0.009501992013777815,0.019631205078253396
92.779,0.0,0.4897502932617522,0.054598149183957334,0.03469612138685677,0.005613052661061117,0.004581865726876754,-0.021504879460146096,0.09900161497860242,0.004468104910064684,-0.0014837097810809553,0.007258069437808432,0.0204481320166062,0.017956457411171068,-0.0006329265908845042,0.003962396906153459,0.0024818749759993263,-0.00020662617603854608,0.009683776172124774,0.0043779427020547755
93.281,0.0,0.5889224553275935,0.25689905009852876,0.04688132024101545,0.0022239975900818377,0.01738331671015027,0.0023528606173393177,0.10394409150272624,0.011007556603781339,0.021431866946494793,0.014237039330714268,0.01905216308818207,0.015172212639564895,0.011087375791098994,0.014925038359152116,0.0159285332860878,0.008378968183056858,0.008918552796073814,0.01204510244320619
93.784,0.0,0.6888941811627717,0.068386380503589,0.0739950852211159,0.016576972889147966,0.04406873275508382,0.023165204937350477,0.11355056081054618,0.04137739269693872,0.014724804356256805,0.013859608866499736,0.02399778726807616,0.021895585590274755,0.012780736022410083,0.008836396805928057,0.013340960370716116,0.000645877797114721,0.0256857757169554,0.030908713003803205
94.284,0.0,0.48263300069895226,0.13744694370581279,0.04313581387390569,0.017047121771166344,0.0191389766672395,0.043598723565996804,0.09260998237623579,0.011658429458311225,0.007561986748109174,0.007845281270862913,0.02284851091760004,-0.0104441556125316,0.005030068699419351,0.009373176757978195,0.013201482006183256,0.004362486428311576,0.0038668052683013382,0.008943068439361372
94.785,0.0,0.3828815320401227,0.10846065409056499,0.040979697609790644,0.014139154557717939,0.02904831681155315,0.022105611117327912,0.0933230321298916,-0.0016675424213853035,0.018989577201010504,0.002150412945278352,0.010056423240989468,0.010684216661077878,0.011528152348313796,0.004339403082212621,0.003915932961584651,0.00736969962937799,0.004253473503587636,0.01666069897363289
95.277,0.0,-0.010104722882787229,0.024460355942487234,0.0316252934505221,0.007847315901243785,0.047648572556856686,0.10005020446331753,0.09164080947351508,0.021821305413132288,0.011709612582724536,0.012479815116402369,0.01572450048079748,0.016020835447899562,-0.0007976766730724199,0.0005350009543523951,0.005759865720784471,0.0038688517954003137,0.007299562140457582,0.03421872452936326
95.777,0.0,0.10419556145053627,-0.06289805813782426,0.02364356732765259,0.01601949019290599,0.003585980158756237,0.02312154035694225,0.09427059762072926,0.009042317965250382,0.0010342003200553439,0.004993522108160837,0.005993769289075532,0.0013882803047451785,0.01619275466481336,0.010130603583289509,0.0004444612781124518,0.006105376648225544,-1.1657674493028838e-05,0.006434437645336469
96.278,0.0,0.43185550350595386,0.22312919616379998,0.044103085358935035,0.021232409141551247,0.028286057311386545,0.04160807797599906,0.09340359263343798,0.03883188592222217,0.034330957263278256,0.012009586874042558,0.010823075675344539,0.024849061428319583,0.01169692020496222,-0.0006440182062045882,0.00882506987113504,0.006087804992996345,0.008092888928155488,0.029066646264785043
96.777,0.0,-0.1416419352671197,0.08296934326666743,0.02380597424789687,0.01047697171264219,-0.0019274137321779238,-0.04789758589704195,0.08510544097396423,-0.006614587182452477,0.01989014586976014,0.003893455578181731,0.01574622974532034,-0.0018080067851532575,-8.193832464281097e-05,-0.0014440429951483845,0.0019064177168009453,0.0028064716633019304,0.01284540888986257,0.010792671387996222
97.277,0.0,0.24300545075134505,0.08481452178013586,0.03196306055809445,0.0081392316045188,-0.01185236596960077,0.021360156377118335,0.08003943300583297,0.0013324872611372883,0.021476153721670145,0.002786004618181401,0.02021982610434355,0.002237160186908104,0.005231808499167404,0.002536574128047369,0.0023755340445910113,0.005246106079884135,0.008832016232647415,0.006372442424410717
97.777,0.0,0.418372382280718,0.23417306247983893,0.024699726031580417,0.012472007984584846,0.03578851514513202,0.05329198230499394,0.08420165512167196,0.011050347640604457,0.02292719353917621,0.006699677341163203,0.02082340380410669,0.02960978055530107,-0.0001894237700099503,0.0021685223822628663,0.002592142750852242,0.0020007058791468905,0.008084991892313969,0.015567511145825686
98.277,0.0,0.18509346713573388,0.07289018933491281,0.021323458371050368,0.007813446999178488,0.00049356571851643,0.06418525640664624,0.06483641509545783,0.00869400212701433,0.0015116533217639262,0.009848169278100364,0.010192770387469059,0.04134966098866609,0.01986307958586471,0.0014360151456743692,-0.003583103009726876,0.00770123084963673,0.006771618376574033,0.01795266433796843
98.787,0.0,0.37428090974943723,0.25019278240712406,0.02168429720551168,0.0031542815820023093,0.0553491441289594,0.05002326049181092,0.08607410775995274,0.012806800974516551,0.018185789748114085,0.007250969292994196,0.01015152056907695,0.014942170048496517,0.01407205768377977,0.0074404373950105055,0.0110935333174641,0.0031240120484646618,0.003230004341000143,0.03191635051149756
99.278,0.0,0.4663610805489612,0.3087991116698224,0.029164026371276387,0.017163669996413077,0.08094224954862266,0.09424244652345466,0.08924886919097443,0.023838748039103748,0.017151404399848788,0.013326828561547058,0.01462899935554514,0.023539289358106966,0.011919189885011769,0.004408044131738236,0.020862624427031375,0.003327217690286494,0.014425939182495014,0.029432796222176795
99.778,0.0,-0.020273623185261984,-0.08998895807378678,0.03272453662622703,0.0053308547598025086,0.04022311157196461,0.030214550303342008,0.08122653421054424,-0.005284974710111698,0.015037462661234388,0.0013084829417712035,0.011115527222237033,0.00977599670666308,0.0029996310314180084,0.007066131263166488,0.00591293801937185,0.0026975673554432136,0.004594502679513046,0.03243534830294719
100.276,0.0,0.24793055888196525,0.056888688988834396,0.010991325593200423,0.005314730908860587,0.0708298739280862,0.08050753868698783,0.07912279238795361,0.021213421028124364,0.014063187003970553,0.0011027774314636897,0.016604118645355128,0.021856959818219807,0.003558684319858452,0.004722527117498083,0.0004805398332131788,0.006462850997798537,0.002858588350105677,0.031293207201957295
100.787,0.0,-0.00625377839241324,0.1341701464599809,0.008461421478790318,-0.007101594095705204,0.05315535052910744,0.03644232890673539,0.07093930312315166,0.01489922699545033,0.019815732155449666,-0.0032113315020973936,0.0008546703909404168,0.005673939336217689,0.002614175711871039,0.0002546203732700232,-0.001663697386055289,-0.00045880564897404026,0.007155170471300863,0.01458286944155966
101.276,0.0,0.4584417126123105,0.1500828641870517,0.03335011295267939,0.01110138551848284,0.07646169651124479,0.07760180359773772,0.09653100970062349,0.02655740921424881,0.02706074033549106,0.00864231963604608,0.012902846921073038,0.03258765251734949,0.014932024375348471,0.006552882166445712,0.005018825975978191,0.01418343917654641,0.005059454542270835,0.006232156022113766
101.778,0.0,0.17665721605272564,0.16952683537939656,0.03643988868676986,0.006213875421330614,0.09391155469309981,0.032399599158315084,0.09679502608142618,0.00969631322570166,0.030593904929500218,0.006498085706672662,0.0024244180212984264,0.012290734742442737,0.011534488149196111,0.004472932957853386,0.01269276812507622,0.0047588243780939754,0.011099800138358503,0.025383923261237475
102.287,0.0,0.5050477492492913,0.04902715126781552,0.02677461571123705,0.01764318947457468,0.08262807647077305,0.07817099887214529,0.09903922069560755,0.03391072851125318,0.025336403381730575,0.005010478805107823,-0.00210768282808271,0.017191261331866013,0.011177598502164892,0.0062465118703457076,0.0037765181917270535,0.008915781009424044,0.007287196181178354,0.01973769560903093
102.778,0.0,0.33681108002145915,0.21273014103346605,0.023672608080284475,0.011541613112274808,0.08539138135678428,0.028406033004679584,0.10921855103264355,0.004555900075408349,0.010018368008761328,0.0033502108523200185,0.005017803598854925,-0.00428406773900124,0.013181745985978053,0.00823626496168214,0.0013867777889990305,0.0007564714025521536,0.0005094791648784461,0.018062776019617113
103.278,0.0,0.01347298788145436,-0.11499055638599257,0.03573408688125493,0.007593537016714466,0.11178369658848993,0.038267937673033485,0.09916747932641613,0.015777293219770824,0.01090071252764813,0.0009128028105684585,0.0012314915741872292,0.01325443613463001,2.2760438517257648e-05,-0.0012788018948480312,0.005395063429994678,0.00998008632248122,0.005988734668106402,0.026035716629317914
103.776,0.0,0.10243574086010282,0.1675729494680878,0.02843574236552126,0.022017687395554365,0.12797808867566368,0.06948794307081133,0.09380967378611603,0.014842703997531365,0.005104758886846227,0.003471037662744562,-0.0001396046579967585,0.018738644001344812,0.004252559812801588,-0.0021210575927447573,0.0036412365260446475,0.009402259264957833,0.006873910555903283,0.020649818805347327
104.278,0.0,0.09329418089889366,-0.08615198677536946,0.018272680864046605,0.008784199422915756,0.08064924108158993,0.05999848561476883,0.09080783995051901,0.012356851500835535,0.005376976631008242,0.002400004271908462,0.004365801909414557,0.017370723480701435,-0.0054719219220291495,0.0012101458123104942,0.014218464432910796,0.0030865347524738655,0.0015563756484439741,0.03997712498173878
104.788,0.0,0.5629893720835736,0.12072237000405829,0.019737819478164713,0.01676467854868928,0.1148359836256124,0.06118941494593252,0.11020972169965196,0.010918282044432867,0.015138505630735839,0.009983223035622872,0.01006869358867518,0.02798985277175268,0.007106535303866086,0.004301917350808915,0.014870701687390698,0.007724246455238311,6.607823176540926e-05,0.020660493609638078
105.279,0.0,0.22701147162239316,-0.09088189339606767,0.021462733474351466,0.014709086652457843,0.11463351151746529,0.07273354856651744,0.0917315414716696,0.021794938691809485,0.007474170565214737,-0.003851731572944709,0.004541966750379507,0.009230324744730576,0.016760494315972117,0.007485328588355502,0.005504736270098832,0.017597202707186517,0.0012459092536803841,0.029314891118113973
105.788,0.0,0.5678701800784329,0.16345165829055833,0.018365794907095806,0.01302313519191611,0.1320143836625207,0.0738409038271504,0.10758175039287061,0.025181909255273194,0.019353519146739242,-0.00020279839777485637,5.429070033200501e-05,0.033580013564066785,0.005211283433283707,0.0055011465266904995,0.005910430005705667,0.00988810749175267,0.008035723815994747,0.009180875127505721
106.278,0.0,0.37250746147298736,0.09125832757259088,0.01866153068803166,0.012453820198742197,0.1289082055649672,0.06698090785312544,0.10247691025197643,0.04475579539722328,0.012219636451250479,0.006322551110078486,-0.00024282407920778144,0.023010713381821344,0.005508957155220856,0.007677173318081681,0.0004533309195611845,-0.004712499188100378,-0.0006327792244119054,0.017642356779904934
106.777,0.0,0.18290257503764554,0.201244431661515,0.018873374761651105,0.013786817945776434,0.13620433354343023,0.03759946559461535,0.10058577811210809,0.018184141574617563,-0.0012767791368071305,-0.0004966578342867574,0.014739016901317212,0.033815989708489765,0.007670397466166147,0.002722748355586588,-8.913613525784691e-05,-0.0004305050207122349,0.010730165173326466,0.028019425917128023
107.278,0.0,0.32896684163006673,0.1746339567543111,0.01602524766386418,0.010692804872214873,0.13278817994024023,0.10499247400658669,0.09521323910348788,0.00802192363963001,0.0006556708198687394,0.005832957591423843,0.010712450712431806,0.015095875165015257,0.0024761162531715055,0.004807354419679584,0.0060305576869752525,0.00012405311322992885,0.008497838212917731,0.018704153062427998
107.788,0.0,0.40620658125416637,0.1942062974376006,0.026379182410298564,0.00030226933972120855,0.1240101214895727,0.0742006528695479,0.08894966849423644,0.004496246364084579,0.00034701305036305196,0.00382137197074296,0.011306194245424036,0.02220063113562803,0.0067847033116217375,0.00791722726972348,0.01537052229712201,0.009600814577375234,0.007807333055179771,0.017534552360628664
108.278,0.0,0.5665564673161557,0.15018493656228576,0.019000232931132576,0.011121558334013943,0.12145812528040853,0.06116062081556385,0.09609924352551846,0.0342102008380241,0.0003985028178739186,0.003811192446745733,0.013753349150825869,0.02953435325222467,0.002193940745432787,0.002298008116754748,0.01607530301822133,0.012275009327026718,0.010542203957623912,0.013940335650304645
108.777,0.0,0.5707842013019468,0.1611175386959593,0.004745476414439107,0.0014305746488023968,0.10231947185878272,0.03780227211861162,0.07658996975442986,-0.002439156687772153,0.0024779213221737856,0.004570390288496947,0.007159590424253947,0.007207399837743178,0.012118786600973147,0.0045828544910867745,0.004813909772679782,0.010792856456068669,0.007035674172181752,0.020103892182856194
109.287,0.0,0.7311406990814242,0.34342462040154526,0.020939697737805026,0.0011073019747479453,0.11110216792525919,0.06997682997665153,0.09204767410306511,0.025604906095669695,0.009868221843260576,0.006909187563988074,0.026559474508838853,0.031085455022973104,0.0173923724042918,0.012006957732431765,0.016393936213147754,0.012116568198531208,0.011134291251409816,0.023410617717820038
109.777,0.0,0.21678387395177312,0.212227945263397,0.026135566983584213,0.005225815999432649,0.09647939277500475,0.04382434222588197,0.0791021856109631,0.00661421665373221,0.01978283203044266,0.00502230503107296,0.017373764570154968,0.0016588597223952534,0.0036527949952760348,0.005261698684796226,0.01370850968954493,0.0054989672207663605,0.006171840635744963,0.013420077671508277
110.278,0.0,0.3825265988861743,0.22395111889662928,0.012217348311946454,0.0001444014322883717,0.07897397133741195,0.031756145300722766,0.060705416324190214,0.002129839708130973,0.010979765255722524,0.00229267325872218,0.02378862904236946,0.022896895825615233,0.0038939539300609206,0.0014833064269757072,0.01599934446490322,0.013457659405172712,-0.0025992941505519284,0.007234245083270631
110.778,0.0,0.339610841230864,0.26758833177591723,0.005702116165785648,0.002284577380275144,0.10184409613020182,0.08415006366136607,0.08199500794692062,0.02389572517050541,0.0037524883473333127,0.011927310119402854,0.004908190640319673,0.0045226758453640985,0.0009619033801389769,0.001530936135610602,0.012999172194197306,0.015758211067915397,0.003220924650947009,-0.0003739815244329093
111.278,0.0,0.446667453356059,0.02884358211383717,0.02492206113897893,0.023539843045695022,0.06360309151078665,0.026646580479095582,0.058960538814538985,0.010501275710618449,0.02983467748537241,0.00957118404448889,0.01146202442939308,0.040948755986251875,0.002706358362536785,0.0062244317267137654,0.00902733739255773,0.013840456813179086,0.010084454195563562,0.024519960656298107
111.785,0.0,0.015404910479529276,0.12204891752999747,0.006711357489727636,-0.0011158332478906636,0.04119047234057361,0.03403294655202207,0.06169812953071003,0.018935692319169743,0.0005638653234083111,0.007078599052045908,0.02085655045335657,0.007609148799759133,0.008491513567126017,0.004967360383953542,0.0034620764401454944,0.003746669963110801,0.00951964893398282,0.01416187431819908
112.277,0.0,0.13306598813358675,0.19077480810714878,0.021658897429766826,0.013664743528936799,0.025690916832207797,0.05821406615864133,0.042504263969199985,0.021890962461258618,0.01905082276407998,0.0013897500130970815,0.011152231064680058,0.013310043599602537,0.00011759780558174152,-2.9185802932973466e-05,0.006340759627333533,0.007333988309712669,0.00970927857318766,-0.005406175378517113
112.796,0.0,0.30847944736281735,0.11069246685016942,0.014643187640187981,0.030752220318749975,0.0270661929300671,0.05916397156593284,0.04175926439149892,0.0414436338288711,0.03159376336428171,0.013435185871315761,0.01079351012920796,0.016656861358036273,0.01472509526050333,0.005411867909816435,0.004937291168161752,0.006927221557149392,0.018499200419701538,-0.008698298913085774
113.277,0.0,0.3247248714440945,0.03248026936845135,0.009285956310881326,0.00048618150135805845,0.0069469752253641754,0.04926625172113105,0.02175154792357084,0.008767179992829319,-0.004705220323337657,0.010077456092597269,-0.0026247613665294376,0.02841682053233434,0.0029871692171788036,0.009382290060647324,0.00793433241031207,0.012270595909502299,0.0019727949316967106,0.00014543725950168695
113.779,0.0,0.20713990044161754,0.29206309238134087,0.023734829441389813,0.01805047530017629,0.038068126287146224,0.06099954649053541,0.03992128224599678,0.03779491296376414,0.011663772743199257,0.016621635351031307,0.015821995137098782,0.02510340639583907,0.013049501253995493,0.015519222539353963,0.006369935397594823,0.006734966969506079,0.009822659308978661,0.011551263401103264
114.282,0.0,0.3538141735811288,0.2907020856911157,0.018969722048881872,0.025958953662419675,0.02337843826769435,0.09555133444441989,0.035949829585063625,0.022046542938633333,0.025242985229700664,0.010239847640463944,0.017055421277081963,0.005971365004679837,0.019389687175447583,0.011553527927303674,0.002947380196475758,0.013832304323880123,0.014914902477897583,0.019734868158588808
114.784,0.0,0.22786500859249517,0.16582553150190907,0.000703443864350656,0.011775198368770166,0.017986502559431718,0.03452223003567139,0.022568688942477537,0.013502336452777448,0.017556276160078953,0.009189335970885866,0.006437666552934835,-0.0001000313587299378,0.013153400101594182,0.0031328488259470557,0.0026189585887976064,0.002977324649315248,0.012952603411588685,-0.0041883345958496606
115.285,0.0,0.04456194352048246,0.2138054528638675,0.027833732200830984,0.010367944010482808,0.02880546285887944,0.052780527190445146,0.024457273778712894,0.02480538228014127,0.01921382886983826,0.008779902471952159,0.016874894427717443,0.015970237021678997,0.011184898629906301,0.0065324863318876195,0.008853681750488335,0.011603303566259195,0.010761851020687682,0.011866805535892241
115.778,0.0,0.34882264209031905,0.17566432762937256,0.003973606601967344,0.012846384358464481,0.015336852704506358,7.18448842662466e-05,0.008253665059935588,0.0013994815492891163,0.00695980822087517,0.01061520561694635,0.012954494876781216,0.00431812672436524,0.013362078479621294,0.007356307867111915,0.008946196330933059,0.0048847849670826315,0.013535951807580814,0.004088922034911309
116.278,0.0,0.07617164637923529,0.06309971841937119,0.0050371624843109815,-0.0032556947286095225,0.006450437284751209,0.025887039508833847,-0.00966819493038369,0.003260077095874199,3.7183823772632274e-05,0.0043111553705365265,-0.0064112398352528695,0.02515972225012928,0.010900789296300792,0.003476634400993799,0.009871248782828251,0.0017999025499352609,0.0014324058848130539,0.0066212198795420766
116.778,0.0,0.009688032523778839,0.17747299338445555,0.003439761949335367,0.006394809454004278,0.022771150684156194,0.028592987954246283,0.006842541702557351,0.03073243660990616,0.01752853869408113,0.003712122982394664,0.009242119009139581,0.01757960513484889,0.00030403435885124647,0.008654165226125745,0.013528195265526545,0.017189726174858012,0.011008995988106856,0.01441267418011773
117.278,0.0,0.07607087068892013,0.11665425418738808,0.015671235193739762,0.012018507304204406,0.007785175558892237,0.05173878097475113,0.017612373153206632,0.012238655410990716,0.016136550890937844,0.008425458749770047,0.013068259115429146,0.020490359592961582,0.02243562067588766,0.0070697034832515,0.0069060731282352475,0.01928724753314998,0.011994065608863142,0.01982238381575773
117.788,0.0,0.2114935213246723,0.06109419060512846,0.0060084484384199145,0.02315822284151869,0.03184882531970599,0.07970295880546535,0.01566533390914902,0.007898745870617563,0.03001127038372537,0.012832485217968502,0.017148681773702473,0.01825588109004917,0.008362159039095549,0.000720089716258633,0.010221164944733336,0.012804357363915964,0.013284495672038482,0.01563947319402058
118.277,0.0,0.3998434770664286,0.27012201667292923,0.020248522048926177,0.026649489292814108,0.021799382264393458,0.08158773913821689,0.024692715675769195,0.042767765977299546,0.016158779518271688,0.013763276200494806,0.022850574948690357,0.04482773804782731,0.012725948847552673,0.0017922742698383589,0.014901586874550347,0.002125912179255959,0.0035374491553636254,0.028680796070446112
118.779,0.0,0.457145280713468,0.13980873499634344,0.02189136027340332,0.023567986083630796,0.02232135988000249,0.11069311045593018,0.017959940549878112,0.01406720109504065,0.030381713500424876,0.010575990537234138,0.011667715288145102,0.038555559330206046,0.007734640407914199,0.009816740630612514,0.001866405292317112,0.014669869242801592,0.019707026691292904,0.024692178842349897
119.278,0.0,0.06889160656769415,0.05285164292141675,0.0074324852571918355,0.008075712993988545,0.040384680455796136,0.06029163256160186,0.0013360503321611416,0.0009355581985866165,0.010687314861280658,0.0040330293066405095,0.02339351476165668,0.020778111226842845,0.014654691027082164,-0.00574064832645378,0.010358507555808623,0.004612196205374602,0.010551540604908465,0.015770868933982257
119.778,0.0,0.19716557715341285,0.09108825271712463,0.01220093009982398,0.01065762827835012,0.03875968897318328,0.03541248798001954,0.006183675582986579,0.017964940779674057,0.027358665381542944,0.004820854316903942,0.016498810135901463,0.0076787136602576,0.006023246202977133,0.010359655408984304,-0.0003826627529896499,-0.0014484530404831305,0.012806908899294811,-0.0007710407215118726
120.278,0.0,0.1721721914466868,0.18959202178994208,-0.001879482819641442,0.00818856671648955,0.014017016443822458,0.053746702199793536,0.014818895221749447,0.011106151439347102,0.006760059120812525,0.01104546651235695,0.015528724403786586,0.03254742161885357,0.00756786542968729,0.006064111624895949,0.007000932256002815,0.004129872619346811,0.007240891433074157,0.005479113580977749
120.778,0.0,0.1466964281247191,0.05477129190504643,0.014419084631814547,0.009625012801131424,0.01622421279771193,0.0005643970708167211,-0.009618811052512838,0.025083761932151664,0.0007429895692236356,0.001024889418578949,0.016568587102224815,0.008600568734938419,0.007895979718207609,0.005350136956713627,-0.004373075839395857,0.008486594418537996,0.00029551207213644607,0.006506698551351323
121.277,0.0,0.24878180816638842,0.020641671987166627,0.01925430968017556,0.004316430349702724,0.03776147780105689,0.06473714495438129,0.004065314956424167,0.015466800567217361,0.016592543738800543,0.012255325337968363,0.012014499373884458,0.00036626586097438695,0.0014339979063690508,0.011684839124100541,0.00410630535966624,0.005809568236147486,0.008185616350429744,0.006960041736683356
121.778,0.0,-0.09202066864265734,0.033263717193631824,0.00043986029168361696,0.009001677272321389,0.05603705005740215,-0.006403133955285456,0.006718243589965777,0.013718380007312013,0.01911178895484191,0.0051313963698380845,0.009223666328328921,0.02133032034123753,0.005674703656869827,0.01242918221425957,0.007895870721995437,0.007700214512051477,0.0057043402898567285,0.020178906715274794
122.276,0.0,0.26398678721150837,0.02399882351468672,-0.0037866569787670173,0.009788617070839993,0.022229607535600944,0.020031927735111303,0.00971059857475986,0.01010907768542551,0.004361048276028234,3.640680761502579e-05,0.004467098637883045,0.0044713316927421885,0.0031974356886302676,0.0024952668644354107,9.035109143532763e-05,0.007312311841433554,0.012443494465695322,0.015412932077534296
122.778,0.0,0.3351693755465632,-0.01100010273496305,0.01587608321591119,0.014947822129393514,0.05276862587907358,0.06308649059915156,0.0038427070966375377,0.020569168862798626,0.02612630904991934,0.006256628696778438,0.012196404851776883,0.026414787528521597,0.004740745970425901,-0.0001845170064808717,0.008590067819866192,0.003969392522340538,0.002152683991885142,0.023510804232309807
123.277,0.0,0.14981542598923678,0.12522156545816787,0.0190909872375098,0.0073666277770999865,0.030855686006564433,0.057015521760873634,0.017430348569586026,0.016139420359530674,0.007885450027141326,0.003568891062030347,0.01365516981123504,0.005672950260407293,0.008001321865193261,0.0022464802497344275,0.005882132624818032,0.012475803927512992,0.006238469346917252,0.024687962973903105
123.788,0.0,0.011748627984017818,0.12796341774888267,-0.009879630556412661,0.0037941191653764854,0.04748370402432687,0.012357157305780481,-0.0017434026559530811,0.0037035922199340657,0.012019683251210384,-0.0038169950509329862,0.001986741031196049,0.005401803731302637,0.00045619697540685855,0.004538774966088198,0.003182118710904339,0.005633674445604031,0.006008821504177189,0.014404923528472691
124.278,0.0,0.1662994791586802,-0.055899986828357236,0.001632061217884877,0.007157196950442543,0.015618546628807328,0.03469813671956111,0.0017524910946735872,0.008709302060066617,-0.0003775715455192928,0.009623123164600183,0.0035099991856149875,-0.012156768754850946,-7.550035700136329e-05,0.009200343569232893,0.010661256423367309,-0.0011160963078489243,2.8258977363588464e-05,0.0010477794041827485
124.788,0.0,0.2591912159028904,0.12334075936507408,0.001894650550565888,0.0027757137476082452,0.01796709002685032,0.029112075222728854,0.020102157658526156,0.010133837462793538,0.010470101272556674,0.004468100792680839,0.002831206805939923,0.025803776036501865,0.004671085603907391,0.010807482900865093,0.009564372145867885,0.0045912529591494574,0.005952546403211887,0.016409660837776893
125.278,0.0,-0.10495358823066085,0.0649567440449021,-0.005158730428704242,0.005883974398065991,0.0017499014712028871,-0.03536410543073296,0.003460938179899091,-0.0025369359074843886,0.009501984688574492,0.008029076065746614,0.0037082687574207145,0.008563375639604033,-0.011110212624035876,0.009295309764005449,-0.00028501973481857455,0.004793685293955369,0.010186897944377923,0.003139377560786799
125.777,0.0,0.15197214766593153,0.17374252386385802,-0.0009776584406866677,0.0015605371802351583,-0.0050022194580623,0.023993953211459446,-0.00012302442134309562,0.013600189916663107,0.015109228737486907,0.004656800874572647,0.010296759958873906,-0.006799762864938192,0.0015767539837185298,0.005370921386514758,0.001965515097343852,-0.001463365383199808,0.007496952732873379,0.014757885125033373
126.288,0.0,0.209858607385739,0.09591011819012889,0.012417229268652793,-4.5055612520881246e-05,0.004456469150962405,0.019532715838311017,0.020302145636824975,0.006100605576658898,0.004817244768729626,0.004218414188460576,0.0011116119485205407,0.016076931514600643,0.006010897333616644,0.0020966722145626727,0.005563272166683431,0.0016490048821689817,0.009908507659272979,0.012880157606759129
126.777,0.0,0.03826193085131591,0.20446947831204634,0.0014290346090989655,-0.013701964619687042,-0.035912553029527804,-0.02175277212793756,0.002464466110745652,0.011200872502783637,0.011553246312999869,0.002730178442970856,0.00024653902894515215,0.014554459941103666,-0.0064898355175455336,0.00141612774444869,0.0023824363185951897,-0.0017263658756600227,0.011352811384920185,0.02181378035765544
127.297,0.0,0.19509372099668246,0.2051774085939116,0.026502116291742647,0.002064934630496745,0.023292569090413554,0.06753338097107538,0.01934619059527191,0.029218660421842138,0.01341232426199118,0.014347886843490318,0.016619444885777723,0.020965592997013012,0.007447747351677367,0.01816450199147197,0.0011095108820552402,0.00913881148913171,0.0008268243722706595,0.03743477441303018
127.777,0.0,0.014016488526851532,0.04157052339589855,0.018822686578155383,0.01793981991085192,0.015453900268525918,0.06185053619704686,0.02246667401216872,0.024862191295889412,0.024044531195244415,0.01758560470056147,0.014748064966028089,0.02419562045683236,0.004344872312683941,0.015399975885407471,0.01168510770761256,0.014043426680832343,0.00725287781382616,0.025381356186117112
128.288,0.0,0.22242182769513308,-0.04338785282055202,0.03751211237960219,0.002640916677354044,0.0064771258087345076,0.06933767728958351,0.006130342410961444,0.03839853721416573,0.01964851650912416,0.012446907532693239,0.010364858922162599,0.03151081988947413,0.003034031167168059,0.004311186035631194,0.008821822584549525,0.00489169501465489,0.0119520976190207,0.02598860838467938
128.777,0.0,-0.03604239906904661,-0.06774651804424395,0.02926168515982002,0.009776168733262636,0.01859347953102675,0.05011486305042786,0.015275680111459886,0.015403125729480611,0.0026286067512666707,0.005128894960157191,0.0035249363872493097,0.04687052043594138,0.005349205389828584,0.007646593740205377,0.004079778164783798,0.00771033672402212,-0.0009643914413449994,0.01193422444768079
129.279,0.0,-0.14378425247994792,0.03385858539760384,0.025043249695884458,0.00674969573096197,-0.009000196371665622,0.03988995113257924,0.007148537503959701,0.01362858387318122,0.02563905701618378,0.011299707531252715,0.010467488617461744,0.02072479736493292,0.011068141893698254,0.008437085005531676,-0.0057374397178614036,0.008005246166773162,-0.0012906986799470228,0.009989811627142693
129.779,0.0,0.15139056338629958,0.08027881204817365,0.007993740805199748,0.006156639252892238,0.010697396550882693,-0.0022575882832672613,0.0055262605661535675,0.01214781836201402,0.014294348623331902,0.0014705495862549966,0.01217052770834487,-0.0014650634438977904,0.006780608621427071,0.004662031524971134,0.009289854633676443,0.002581637450435689,-0.004522780246379891,0.006761260380498692
130.277,0.0,1.6289373596338124,1.4346490200339812,0.05572869525843653,0.01793453613066565,0.03127079674645622,0.08766558830635743,0.027296516046877894,0.02227880040155714,0.010987745551176346,0.007652368308547785,-0.0016641575672123592,0.04716967893126346,0.00810113294912572,0.010300280129985075,0.01831387690015337,0.018565818483360055,0.005562553828026892,0.020154548807708957
130.777,0.0,1.4990601467766804,1.5955319395608605,0.030567842691731843,0.011830571467492695,0.01168236321310264,0.06165096620979964,0.013531352547183404,0.02137073586296861,0.01609946495743681,0.007622892388926906,0.01264392890304189,-0.0013253427304523674,0.005711691448215385,0.008770904503192775,0.01461994151871305,0.010057239645091233,0.009804193952111009,0.0013241779314859307
131.276,0.0,1.7570529059458042,1.28493902164993,0.02279933984853792,0.013859945024553438,-0.006268105699265877,0.03767967966226466,0.014051150545882882,0.019326906425591105,0.012932085284764512,0.00438039420993184,0.014794804406087415,0.00622854797631332,0.008175655563579699,0.0015390777145502697,0.005575906020185405,0.00034727953062469824,0.002725391956069671,0.009161199001437016
131.787,0.0,1.6858739022931788,1.5026374176790405,0.018463559190109124,0.011874678811972838,0.007998755557813398,0.04612008637605862,0.01917220711729356,0.02836520766160602,5.4150012286573724e-05,0.006102122607083189,0.004993210126701967,0.021397857672130077,0.0024452493273535683,0.007571308720850275,0.005976694311058475,0.0025432552968724046,0.0030244594127407935,0.015532957597710076
132.276,0.0,1.6822090685787725,1.5097002333058518,0.03142183158164098,0.014229746453526758,0.0231565076243025,0.08053215865510437,0.024067988645351493,0.02500837037726575,0.013874499604332853,0.01442882990772802,0.017552780504369796,0.031126981588222902,0.014037743677030184,0.013206257325817428,0.021321044420152296,0.023816275030162162,0.007044115183155937,0.023315451154235438
132.777,0.0,1.7463025451596161,1.7034929014203857,0.02807178500884528,0.012709895399076325,0.036529918985407826,0.07202154268118009,0.015097993052768537,0.012676504832679526,0.021424052303064652,0.008385091240054975,0.010039373872158851,0.02419830534965793,0.013231192179084281,0.01298246913014018,0.007482401112759203,0.007949188908513644,0.014842830517652287,0.020028817374963113
133.278,0.0,1.694561991172906,1.4976044169909453,0.029593916597392127,0.0036064655371897346,0.020238784970224754,0.0024695260776051793,0.005892321801653317,0.019537691546177724,0.02485238502542228,0.008691903771949585,0.00895006902748143,0.021149403709842564,0.007309996859396215,0.015365191732311344,0.007605926371582746,0.0093192904999095,0.0019393443683384138,0.007029428037962936
133.783,0.0,1.4394561922677522,1.4144525916118706,0.0159485995013194,0.007795899537778997,0.03031394899988022,0.05694451598035796,0.013969372930645424,0.027369437719196314,0.0007681573377757933,0.013821853401264829,0.011914170578243264,0.030222679746579384,0.00862711577798349,0.006762501999372947,0.011250500097977584,0.00950631486900626,0.010129773567492346,0.013851168790696238
134.285,0.0,1.4970191634991314,1.4301758654394188,0.025058429194566623,0.008556122579904398,0.045472641411914934,0.06025101872620723,0.012120566136727831,0.023221470303606072,0.0253480831965688,0.017146562788029167,0.0053009330492406114,0.03232295082189238,0.0025922275842403942,0.024535537746447674,0.009518422263116524,0.006321418755078465,0.010048026122175728,0.010130974673693477
134.785,0.0,1.2586805664059466,1.2382547543508338,0.03856052773434354,0.016548003329202296,0.014202714367465787,0.027148290657538928,0.008948656259218743,0.009613378531085778,0.013827096000078754,0.01286187931880099,0.02405502493612349,0.024850798820651682,0.005896993786801768,-0.0012882802383010494,0.006402707798578127,0.012929860400993943,0.016345093818105682,0.011375721764760484
135.279,0.0,1.8499572183528654,1.5793752445027316,0.023543749589566725,0.013011595027807321,0.018111809904019813,0.05156877521201411,-0.0007721583697930133,0.019796357764459663,0.032966222490511655,0.009315361548757523,0.021568071463451417,0.03291697568258018,0.006937563267284596,0.003936334789195884,0.008498887093866694,0.012498267799139515,0.015163140104223703,0.012595692633386262
135.777,0.0,1.3461653623163274,1.3940140713006743,0.016546268912947953,0.004294025526453452,0.004402778911017821,-0.014031945459942791,0.0031572494652050394,-0.024211477395584474,-0.007468828734639279,-0.00043677558557392315,8.150421536058373e-06,-0.0015125448868494253,0.013389725853233479,-0.0019704867436792155,0.01119891051228807,0.010995330583878735,0.00684371301428999,0.005564039995191348
136.277,0.0,1.8144267786335928,1.6024531078616746,0.026903929608386175,0.013139562686931896,0.03347232658047968,0.022536078872821108,0.012012500370402555,0.01565883216411501,0.016559985515608073,0.012037231529218487,0.013010934609998958,0.03508386023434096,0.009327955121699488,-0.00194784719434096,0.010107969520229689,0.004842653831050048,0.012369294261348907,0.004114769871468714
136.795,0.0,1.4376777000835363,1.2066096956733248,0.009710893458805842,-0.01489993291736359,-0.00043093830841349164,0.020550791818353783,-0.0110926294291972,0.018778818094252695,0.013014897752526088,0.0022308542939877387,0.011097261123548247,0.0024158888164016513,0.009259869605637416,0.0013189292255336893,-0.0044286624632929065,0.006942000153920309,0.0038557511817993097,0.003649387392175673
137.278,0.0,1.4452521493286261,1.6135617012807015,0.013112926839319677,0.010427217343128806,0.03532605759973855,0.026279410571565263,0.0036755122273067244,0.009587598485484164,0.0247501872443482,0.007192354029275961,0.01526109490750734,0.017639972621417713,0.00412553014545289,0.001330672326528004,0.003624614015688214,0.0041398208861790145,0.0006852309785265066,0.006541080778250182
137.776,0.0,1.4944086457931969,1.671730736925875,0.005229602310518653,0.016259944320366697,0.03362504385601278,0.007659550909466656,0.00036443871562820087,0.004770725775793398,0.021295487230790666,0.007425514358780236,0.009559935522605076,0.03611410303886666,0.01112946250190495,0.0058080671336412796,0.006551916543160383,0.006845072102889732,0.013246831612242122,0.010255026687249437
138.287,0.0,1.3716432113378818,1.4543600207300265,0.02799589532618023,0.005749932401479561,0.05507696728217529,0.04623564240661847,0.007556621570612133,-0.0018477808187883197,0.004966402618158749,0.0038791780296630347,0.007916280047043653,0.003540325565171814,0.001223320294764104,0.01013667711322744,0.004484097214332428,0.0077870449414378,0.0011937250077513175,0.004138656851471353
138.777,0.0,1.2041694504868081,1.6084670535997967,0.03386390585763728,0.0009444088630269757,0.06875264770184512,0.049248228216539416,0.002729828381156261,0.024023726664407104,0.00922401461801244,0.0039462869169785055,0.00031401707837204777,0.023771349632183417,0.008097830463681299,0.004572414673366974,-0.00033052022423297735,0.017830400524118006,0.004605327638581359,0.011167441576448016
139.288,0.0,1.3671032553862934,1.333087292593994,0.016246388500997144,0.01373609242406467,0.09267879586494017,0.032561637270248016,0.005654258129729659,0.001632452327905514,0.028641450673624808,0.003710721603465338,0.014625321370813255,0.03228156618388845,0.009482937871147776,0.009633102098936792,0.008976608049980312,0.00469821717421822,0.006430345644277376,0.00018343262816176192
139.778,0.0,1.797514395872046,1.7113877842452068,0.014423422197805394,0.006581396764579291,0.05660953424864558,0.0996936945083372,0.015336293057697629,0.03221003612303698,0.02131564048635909,0.001032005598283328,0.004861262450210269,0.030376946730516784,0.01234123112788444,0.007955606684177614,0.006949011302352193,0.016630054359410115,0.012103197149240503,0.012659719458121443
140.279,0.0,-0.019870574121043587,0.1639663469980645,0.020605260884975923,0.01007517346404368,0.08158487094553403,0.061105084895169644,0.01260688449533131,0.025942913986794408,0.010214047029447329,0.011527027198973657,0.003929637750779723,0.013141187622778803,0.0013861775330229968,0.006548419940767569,0.01114665955537753,0.002238935675352137,0.005087927988029352,0.023936059619248388
140.776,0.0,0.1969328872298796,0.0975920664288326,0.014815215171100835,0.01214331723975851,0.0553900662238529,0.007910291924792104,0.007345056285781338,-0.006174526980275086,7.36577151805762e-05,0.0015852035759223112,0.0056227063350713655,0.021821070743792928,0.018073216582867823,0.008633981058611195,0.012449970622096582,0.0037815380580656626,-0.002093535806475598,0.004575501834041675
141.288,0.0,0.3683815742132938,0.1747804541408757,0.013762477833990658,0.022796497356382766,0.1134567407293521,0.06229347247862454,0.013757210351660694,0.022263995372050403,0.01887306708706985,0.009028911146915262,0.025806630348635864,0.02123873583098891,0.002148984381582427,0.006645366004955612,0.006425000948518169,0.012706066218574674,0.013194812845095334,0.020630727151965855
141.777,0.0,0.1781089427155023,0.22494003731949136,0.012730535371786615,0.017362817446315945,0.11611593672817544,0.03378920068789181,0.007505573743870914,0.009309217855974904,0.007436867725439318,0.009539140439231746,0.004051058630090395,0.023523181554841427,0.006876470490920156,0.0075260963629572,0.008713236297433508,0.013650734562458964,0.007735407265062894,0.002705239136879425
142.277,0.0,0.3948744652494311,0.0852021759508858,0.020038446452967127,0.0164126976810249,0.12140208814130028,0.05420102806576277,0.014715704578727312,0.01375567332636086,0.01598111596888193,0.00585929422514637,0.014588095738884468,0.028347662860729927,-0.0009637705437256278,0.0006648235634443708,0.007053339555668654,-0.003489410992686328,0.014014732954705409,0.017800152358493578
142.779,0.0,0.18263491667541848,0.145276230164112,0.002261043502293208,0.005642142348683484,0.12328624894787546,0.030181315975845033,0.006815819682780684,0.02408655627792139,0.00018735229024235365,0.0044156587565470935,0.004279154686476016,0.02358651709391333,0.009569698099274306,0.004166227511233304,0.0017827615135327928,-0.0005139896355898223,0.008210657288667877,0.0005847267842732207
143.277,0.0,0.5193834146924408,0.1535399430979565,0.0019454820209315702,0.007122291312521537,0.14547630897038524,0.0661709037724922,0.00510379957954256,0.028563656795902188,0.030265684641438317,0.00017464638737360155,0.006524440104590523,0.032440828806438726,0.010386894048640991,0.009425328444678424,0.0014558476505735626,0.005319307522550446,0.011124665655007724,0.0025246141965662855
143.789,0.0,0.17723686866936406,0.17172543397855364,0.01874293409356388,0.010521509469391614,0.14394045261257352,0.10170163651023863,0.009998329332962934,0.02096131318819389,0.026919373137172943,0.01181767862478495,0.015250894423440383,0.02787830026257553,0.009431211457472218,0.006517961225176376,0.0123632507071286,0.007555376142971237,0.008995336946475713,0.014306811196269713
144.278,0.0,0.3490756531986172,0.1802854001785361,0.01617960191643381,0.014600405284711447,0.1265067111805999,0.05177038485856192,0.010950403905148577,0.012349670961048442,0.005814983050396409,-0.00044909071038913513,0.01416616265643713,0.020912196914994546,0.000258904311783636,0.003117363161245077,0.0018633936695984304,0.00018166620142927878,0.005248385747689417,0.013063834053555951
144.778,0.0,0.20644901459007045,-0.0024795177965599106,0.04015403748515279,0.027347990915296737,0.13120354538091047,0.06062802627426873,0.006269070551354653,0.029397698012588302,0.018039304643266845,0.004505805993366437,0.00697989017502952,0.027740345133024348,0.016680825358404313,0.012210514434024839,0.015482402515184564,0.003558991963920696,0.01868244379255439,0.02252461137987218
145.275,0.0,-0.0014415500966558604,0.154968026091404,0.01505741623783394,0.01433189745909588,0.13461922636700585,0.09001068834390924,0.01656235808016456,0.01682678931403723,0.02358322617210962,0.007184963690150752,-0.0028904638825380967,0.02445565898229578,-0.0016495497399003824,0.006338888136689671,0.0037814974454217242,-0.0004671416608180074,0.01297727062217895,0.00997564900485001
145.787,0.0,0.19865916703007724,0.25820987057021527,0.03051723242108735,0.006835011627698833,0.1302349742874177,-0.007460692079636494,0.004065093675181324,0.02910567330290981,-0.003800865800366125,0.002010989709864885,0.020632815861826463,0.02295392020090243,0.009924689683180799,0.009283513402949556,0.004437147645514817,0.004747439655822312,0.003909765218535966,0.017620988388525424
146.278,0.0,0.33462988480467154,0.07845873928737604,0.030420565629919044,0.009239168990669046,0.1358923076421765,0.07662813772594418,0.02516495431106221,0.041115793064917444,-0.0024853282862846177,0.006659172450538703,0.019087321880136565,0.03203389356087317,0.016971567983518784,0.012602162034807124,0.0033647091769113666,0.01128507937597872,0.0021510312917557774,0.005051887399098761
146.778,0.0,0.42337486329718166,0.08634181434420962,0.01694520102139989,0.017561832309608744,0.13466923133801248,0.0881481522767598,0.007310949196561727,0.03083675648321789,0.01680375948225345,0.013711226657640291,0.015158735761456424,0.008362077697256536,0.001720611700595119,0.013858284181201266,0.012615164562729538,0.01430156114150704,0.0037918651169062856,0.027949479779532813
147.278,0.0,0.3118302517592467,0.10720100819781475,0.021132361105837633,0.018951288604376094,0.12706198703252486,0.0548054393444975,0.0011260756566110531,0.0339546397083565,0.024725931103665014,0.007749785175323918,0.011305547128095016,0.026352905147404005,0.01113137375036109,0.007593289514523371,0.013331132368296136,0.012299182152900226,-0.002125099509676403,0.03194719599493632
147.778,0.0,0.0721050292704536,-0.1648503170184503,0.019656950848408482,0.010997345600983175,0.10486474353711864,0.06974347418419323,0.006910877532224865,0.030797102906451147,0.006786865286583155,0.0055788822627575825,0.017431491892518535,0.017069435015899366,0.008129162818647801,0.007525818628484692,0.013449677064238703,0.008076201695505793,0.008394267379679328,0.01607693948149064
148.278,0.0,0.15729854627840548,0.26421046457718134,-0.002326494466835887,0.0020003060417915345,0.10357278560893478,0.05319636519481649,0.0037452480359211546,0.035595135238807044,0.01866889283400497,0.005508398057997737,-0.0016629018461423782,0.034644768701608986,0.002463018243311596,0.02338394323687312,0.004963342654201463,0.0012791159867276216,0.005137664448445346,0.00845617804848985
148.788,0.0,0.13744481911790588,0.04043696527520195,0.029513983488928117,0.016590793255761686,0.07970773300091161,0.038009582485538325,0.009608880189317427,0.029791765353835112,0.032637776419672776,0.006200064790653157,-0.0019771209905599042,0.032677720400317564,0.004295325807910818,0.015157289145396989,-0.0007420572996620353,0.002695130678469947,0.014790473540006194,0.01814328572470281
149.279,0.0,0.3226032270394252,0.24370612824545923,0.00896138617329392,0.006517873943370624,0.0748483397195584,0.09083118129164884,0.013148543161497581,0.01895225466151887,0.004379700905193217,-0.005358218538249547,0.011019511606704365,0.008490888313914658,0.006166304899982664,0.010512069103518559,0.008971410147287459,0.005770764590415278,0.00011456723936540623,0.011976875268172182
149.777,0.0,0.09127520778419099,-0.004007600555979562,0.027236185578555578,0.007621365236175197,0.06866342329512043,0.015972766391924305,0.017388732677035477,0.02598236913171061,0.0010346575163112026,0.003279265826348581,0.011497335865966673,0.03957119939796195,0.003685303286187407,0.011193806385715451,0.01082835278853816,-0.0003741747962629946,0.005610894139633016,0.008723041001044566
150.277,0.0,0.2510759374724956,0.05098629099346205,0.008818962619701025,0.012197632535263795,0.06861881381813374,0.05148888652452229,0.01817328266327783,0.04451433843320847,-0.0048572252736804565,0.004046042860106391,0.0033834502683313685,0.03322421454445213,0.007578546612792974,0.011122372376368395,0.007059939911137157,0.005491325208255334,0.010538451468867144,0.013506917905660278
150.779,0.0,0.13291007358169596,0.10827928146018648,0.009473581483883933,0.009727694787327193,0.020219943421784632,0.02849684657761366,-5.7062676534843104e-05,0.021806597979708933,0.012990836284232041,-0.0017036337225968773,0.0006110521420702928,-0.005685820645324538,0.006076973510513257,0.0036360857636855734,0.009826834382603919,0.003299993467854365,0.003125149932154548,-0.012170194222293346
151.285,0.0,0.09250054309166841,0.16366812860632485,0.0208197489615108,0.0199611517516585,0.05777260784236197,0.0453556033002836,0.015110892625770676,0.019399955636736844,0.0032416221990273124,0.01286674685260212,0.0031153195163381086,0.026541541961674558,0.012230109036452325,0.009497634584222751,0.005351957681065927,0.005404457816886899,0.013379805556693785,0.008673476193964606
151.777,0.0,0.1095624453223217,0.12132975391485831,0.007870922681249157,0.011942229722084478,0.005451783849417769,0.03291940436305435,-0.00924218858524771,0.021481455241910266,0.0025660392111078434,0.004981101376848605,-0.0017571139590012279,-0.0017935135718635954,0.0054539921095989145,-0.001967054747395048,0.0024498338309996755,0.00446445789968114,0.010767881313234355,1.820044624746691e-05
152.28,0.0,0.10728064352222631,0.1915495106758037,0.006690285739702631,0.010195371296141308,0.01594946491526828,0.027912059594631812,0.009949992330762615,0.03369608850994831,0.0171928574409403,0.00825538287312548,-0.0002961391574109616,0.0076092578960094736,0.0012962779020253166,0.003189950049292596,0.003001806716224544,0.004884224805458509,0.008568095163720433,-4.6801147493798216e-05
152.779,0.0,0.005117364870357659,0.21818087057734134,0.0030083847600669415,0.018484789566919894,0.012503439430253475,0.04078278174869333,0.006980641672148985,0.016514636895947475,0.019042963674215225,0.0052015063417441745,0.005592535387091495,0.03101174100579193,0.013065397566443768,0.0039000423397337223,0.005203562816382397,0.00783631140933687,0.016548278058352656,0.01390129774088386
153.281,0.0,0.18862906656252396,0.19783440490001758,-0.0020732723998010704,0.0024429586597947937,0.012974241485737443,0.00014744260217611834,0.008462652073966598,0.02958408871774692,0.018817135011295238,-0.001772128951798015,0.012641812769724807,0.004581453734543381,8.350721124415795e-05,0.009226630185232171,-0.007110126469009662,0.009656476900885029,0.011410792529728368,-0.006043053137151438
153.779,0.0,0.2384196561322474,0.15343543118994762,0.019819815822475478,0.009020414568957424,0.005386718206225341,0.09091918216825287,0.0040312922278536835,0.026939722893940286,0.002810313705068686,0.0039523523455849766,0.008744225267113066,0.01729297138380419,-0.002169399550358879,0.0002096839712932562,0.0021585665764943156,-0.003733833351535795,0.007216795247875333,0.018688343287450022
154.284,0.0,-0.034314565014772876,0.07308974850566156,0.021447798400091977,0.010797424454648333,0.02112684457395622,0.06743086873348915,0.010831512169893052,0.0336182186596693,0.005080077574718823,0.011080604213473125,0.02313780879093847,0.02192716763901706,0.013231836586776263,0.011085807690825955,0.012332358403780264,0.004742590827181846,0.0037954670382289385,0.01160016241550447
154.785,0.0,0.07427907695758013,0.29505335095840735,0.008846042750533977,0.010626249861163096,0.00739425919098031,0.007318913084366431,0.008445678264093866,0.03615453944952267,0.013644194647749026,0.008329292546287425,0.007166761432189946,0.003398922878973593,-0.0041196362264828215,0.010803250518120013,-0.0005995176618199881,0.006215932386850148,0.007072584699775875,0.013137759683309625
155.285,0.0,0.09084921288279214,0.15208789807817527,0.012154740485249671,0.014672949001042039,0.0006170470282411579,0.00789774752098973,0.010976809213373798,0.03222480915165113,0.02355245599914141,0.00897413001798954,0.012936035690234217,-5.732229414362293e-05,0.005119326090460739,-0.005602826214662739,0.006363626511194178,0.0016740549537284876,0.00241424798473879,0.014580585113999331
155.777,0.0,0.08476859030670003,0.11864285500353233,0.02280552373198078,0.014585706997469998,0.008553116963195238,0.03762487757244871,0.015746316537155303,0.014530802650456493,-0.0007997545682503528,0.005650324753254532,0.00019060743467145768,0.01842980413482718,0.007739935914725816,0.006107484394171799,0.010874961531894559,0.008944344539132865,-0.0015787583315218785,0.018854173068481767
156.293,0.0,0.0593464467935545,0.12491121563062427,0.007438066310719456,0.011774764901922993,0.021840589573659683,0.0795578752482757,0.022335227665461546,0.027685934203732485,0.019254575003750378,0.009671647585492554,0.008798502011162241,0.034322666511242085,0.02273993489148072,0.006939038211659898,0.013488085944975258,0.011626638064217423,0.006838627884580813,0.014491077394572234
156.777,0.0,0.06640691958934018,-0.02381796458523933,-0.009790891421229027,0.008365247139602317,0.013115220014363528,0.05284923404472368,-0.005364841542046741,0.00043130194852368184,0.012275818205762208,0.0007207280577529578,0.004823249264650443,0.010495048220915125,0.015739874621075733,0.003315698750986078,0.004404691752423364,0.0030653222865600475,0.00563683536454228,-0.010057682874166536
157.278,0.0,0.06625072775191196,0.10148557504372135,0.019313016891213022,0.020669075416376192,0.01610810897497805,0.03776858598909355,0.005890833113821631,0.017746011005028643,0.0071945534517587825,0.0064711832911363235,0.012600514665843856,0.01668594368808287,0.007896747271335335,0.008998527792470856,0.007483039267662521,0.01005657372571128,0.011656839417171855,0.014433068323696839
157.778,0.0,0.05967828274190561,0.2625202323732395,0.0037273961103342105,0.006730972429641841,-0.0009566048777218656,0.020284772533123642,0.025552533250558698,0.01276989184228073,0.007776603505959679,0.009280972477394204,0.00417381819241987,0.026579241259800577,0.004799075383956316,0.01447784360780551,0.008767115003951264,0.009969873249875152,-0.00034705452903098,0.009532493233304963
158.289,0.0,-0.14184434189081355,0.053000046647359446,0.004316517061989051,0.0053158936654575375,-0.005552931431590007,0.03096261313882192,0.015266056888611844,0.006273979057645991,0.001632565299938987,0.004898174243853513,0.01241152923279824,0.014604282528324604,0.0030497728879369085,-0.0003361086697163294,-0.001576338083484049,0.008923475808386724,0.0070093865020440975,0.011299747767689208
158.777,0.0,0.18561427226995225,0.30436227783345343,0.0002745805934779876,0.0014382109760183238,0.03648828587723446,0.027046562958319708,0.021913522683590113,0.013415851507472334,0.015337733946788237,0.00690063798427792,0.011757783951011552,0.015291282450016926,0.01083000211415557,0.02202277058936163,0.003900495334412041,0.006965632495770109,0.02185286606868863,0.036445688072667355
159.287,0.0,-0.08665914584388656,0.12365432814933196,-0.0026581464628698975,-7.895255512417231e-05,-0.0025774823119703197,0.019573090553501742,-0.01016336641613866,-0.003438569695003584,0.02125931109387644,0.008590942656365976,0.010258196202818246,0.006415654129181106,0.008901309644732213,-0.0012632103934244895,0.0002331457573743562,0.004076917844944217,0.0027564686433850386,0.007989351685630279
159.778,0.0,-0.08364103862980962,0.24382904189866836,-0.000988381580360579,0.0022113557276009664,0.021019681687869433,0.03642181942192177,0.01001938246903247,0.01614648644184578,0.013103826890189116,0.008366966559645092,0.014480410403946405,0.013611838084742346,0.016746555830306355,0.01737876844385429,0.006831856123316168,0.009575105934041558,0.011573521303402183,-0.00010907063002028643
160.288,0.0,0.14096353556375474,-0.0793312315536807,0.012041314748076005,0.009848588162455686,0.016565799938508534,0.032093272717239066,0.001928019087052853,0.021325050883693943,0.024832851738484128,0.013060383140138824,0.01400687932712082,0.03024214056905867,0.011891273061212832,0.008435651104836264,0.009476902226818316,0.008560358701926616,0.0061061903942394614,0.012803201756767371
160.778,0.0,0.17073793255235653,0.23384817411625972,0.036187207202579064,0.01794898075697752,0.049905555032731905,0.08605817029340398,0.0306070103626652,0.05157029894803208,0.021752257369175496,0.020168357513713896,0.008691517534547466,0.029366093791047165,0.015371582159008742,0.021962675260825404,0.009075096893470781,0.01164135924588115,0.0158667306300912,0.0416492570780247
161.278,0.0,0.08540837997493395,0.19922326041133315,0.01560506204333742,-0.01553990450495806,0.02602987333865432,-0.01883245522374628,0.014095660778966203,0.002573911422286568,0.0006949655988410523,0.010792216827885922,0.007986077021892512,0.01571824232265413,-0.000840141882887851,0.0021430755472690113,-0.001962550802871686,-4.083283502423934e-05,0.00797053133086028,0.015435401652695009
161.777,0.0,0.1282410723647406,0.25099559376593544,0.01289295440477292,4.804093617031173e-06,0.0077740029287810975,0.0689310803151865,0.014499403382507929,0.015888611511722443,0.0172710118044395,0.008599378665452703,0.013928899180500472,0.00157850562086477,0.014285335418546432,0.010353950997100833,0.008703618733574626,0.012077267480865092,0.006522236670602101,0.017455227418299888
162.277,0.0,0.008331902239308426,0.26034855217241926,0.01881113978838888,0.015755957590952992,0.04144765707529071,0.044207176637439505,0.02312936381508603,0.02419436348650654,0.012454100057500214,0.011361712489929515,0.015276639393798896,0.022822025611340665,0.024259928556648953,0.012570436941623905,0.004643966767397723,0.003453112784904588,0.002914652228733589,0.02899558771520608
162.778,0.0,0.14953893648582106,0.16611326348690927,0.00120368648016877,-1.2353383586377043e-05,0.011490980087335536,0.030596974801282914,0.004869304141020602,0.004084840590364504,0.0018451287582942697,0.00245561585138358,0.0034393419786644497,0.019580950026092454,0.011619349311852059,0.0038731872757259496,0.001381221410740902,-0.0021829140970567136,-0.0009102637594576876,0.0083275201978981
163.287,0.0,0.0710949853063509,0.1671764374099343,0.021696982996672838,-0.008403078415577393,0.0368091976660749,0.05203189621220348,0.005744324036837134,0.009976120420703194,0.01964479303360131,0.00811355198684447,0.0045037174162855225,-8.051429769830323e-05,0.019922909501371627,0.004845869990348,0.0014473920483240872,0.009038916784774568,0.0036371544421895255,0.03696539638025048
163.778,0.0,0.3579928472493865,0.11689858917553546,0.024879631720421465,0.013619790485280442,0.03665754456171034,0.03974380632805542,0.01129675465313713,0.03177151389554609,0.025416356540133998,0.005405897826924132,0.0063702029977647495,0.004682523968417909,0.014050132975180643,0.005895306747158438,0.00493152098571867,0.017599740999736303,0.01636856026020098,0.032085420378459885
164.278,0.0,0.08663323836465085,-0.02477825342459698,0.04143629651300848,-0.006741639983084359,0.053238083989144536,0.04382459936478738,0.015181810971357233,0.03352025888592902,0.03290893727483691,0.00982174351822864,0.023100011509211635,0.014689000339584786,0.002764228198531878,0.018271535268444623,0.007688582994775583,0.008049409864521765,0.014216119368594977,0.035380548683853597
164.777,0.0,0.13595106018600273,-0.13395754132925672,0.0008629807745014243,0.005105927777776063,-0.008070544092165437,-0.00037913811988169236,0.0008602227104033473,-0.013429727341929728,0.01620451376299281,0.007413743121435566,0.016504129747919788,0.003141349266982934,0.01502203025568868,0.005000163284014042,0.003050224548980162,0.006212502945599204,0.005849743607948099,0.019917370658526144
165.278,0.0,0.17283702555877586,0.16046741021763433,0.004767857345713191,0.0011242837050493872,0.025894702526953348,-0.020999606687938936,0.0068977013446792435,-0.0014628766614359612,0.023730983863684958,0.002963795513695561,0.0044226814701316085,0.014781934926929575,0.011959588639627606,0.0124578683340855,0.007544790435483429,0.010714580886893277,0.009718577066272771,0.015608571644395972
165.788,0.0,0.2206699617565735,0.1332143630374681,0.03428280919888785,0.008682705783596614,0.026257348314409065,0.030768893711188565,0.01163506219862548,0.03589249680741116,0.019492862532954257,0.007911838631506365,0.008965850262875864,0.018063584490388418,0.016451045800421518,0.005784003884887597,0.005621140095672858,0.024329156626206952,0.014901356015576303,0.031034534646060014
166.277,0.0,0.22120272878302222,0.16796012171385918,0.020289843404057782,0.015031473234114918,-0.0033562288973361712,0.000935271425440918,0.011693826799595089,0.03105345386690379,0.016309811859695305,0.008928008551182844,0.005670651102099711,0.01965831684215395,0.019498784058724676,0.009760025095715165,0.0013510173471652153,0.015220212230278427,0.016699329195554648,0.01104752685632145
166.778,0.0,0.2531266961858615,0.18171570367212808,0.021380327748369517,0.00856668678362377,0.026353184467359722,0.049934174299063605,0.017349220575565902,0.011746988408122981,0.03734725044309069,0.010674771251082248,0.022397065522134968,0.017087288435651587,0.01579698666622765,0.010572609600209653,0.00508283848993843,0.012764763934082593,0.02316756582439866,0.018720567560057872
167.277,0.0,0.12047423407809042,0.053281408255830456,0.010163694096543458,0.005329018063359298,0.0015620349812264886,-0.010636258591767329,0.011011334574173007,0.0002542469383916467,0.017742907347036554,0.002786297227366517,0.000683583167715355,0.0010460821200377682,0.007042452476286401,0.011414334052188627,0.0035714081897399723,0.012758586826680384,0.007324621896902745,0.00020763636370461938
167.776,0.0,0.3780967646308061,0.19867135211643286,0.020773663008421123,0.008337173337048797,0.020597096519651595,0.07839229794614555,0.007815830423303206,0.01607265237986334,0.02603636139377271,0.00815784959821141,0.009005774817075317,0.01854523080104409,0.018364247050267117,0.009454018931342774,0.0128243712206155,0.006323495242442264,0.016267176108657504,0.01880674845091201
168.288,0.0,0.23887307926267806,0.12116411271489883,0.019808272732133255,0.017282835391008007,0.005471005330230168,0.048211058007901465,0.015703873200131575,0.02317365888981776,0.012354906766501252,0.010151456633236328,0.00950032384236431,0.00038628392464718956,0.02446488448601174,0.00990727183898835,0.0037645543178984517,0.018586522728944312,0.008880167138497739,0.002445013482648315
168.778,0.0,0.3670764778802081,0.2817699202289506,0.03224291187694105,0.008056632883394421,0.029289408814380972,0.06112629913574469,0.008965861787400227,0.015980230701372333,0.012405077179387124,0.004422166673321734,0.012890521094403213,0.018480291587379703,0.010040369403219777,0.007428916140606027,0.0033357636679843933,0.00976753165970963,0.010253399383029453,0.015823826263200703
169.277,0.0,0.3447669480186326,0.2509796193944154,0.02546270149212316,0.01425290604089469,0.007294367407478299,0.08012371708524073,0.008626499205508455,0.01261614263945363,0.016868719091340984,0.012309531361341787,0.004650450565325081,0.020548493834788052,0.004623089018219155,0.013279419097232712,0.005408183256061341,0.006331973797717277,0.009447690596517174,0.010642135721960846
169.779,0.0,0.27422600045353995,0.2523642781778939,0.029367244860206577,0.0076541362239382045,0.03947524907804746,0.02273129121212936,0.0026235898835921894,0.01947322071009082,0.002583314813854458,0.0070764367484083745,0.0032072958201897098,0.03367931282973925,1.886436332219153e-05,0.016124951930223518,0.0016895527285147552,0.0015387890972640625,-0.002589362441236342,0.001953888848035566
170.276,0.0,0.32815724588193596,0.23786204977116102,0.031080895794983295,0.012356041569090396,0.03566451276284813,0.07165739604442313,0.02184916105230424,0.012946521578673528,0.010418478001449013,0.009940044346602624,0.008123852541076301,0.031371525136276966,0.00731784372550216,0.015522454168951715,0.0064901299656190655,0.016656935236564648,0.011777240929560447,0.008791197740822952
170.778,0.0,0.21618993511339987,0.23664177433958955,0.02172508809269414,0.004505964253038961,0.02474307869094729,0.0524417774271757,0.018981900504167773,0.012658498382212037,0.0016467244286369916,0.01314926266828003,0.0027024535548659805,0.016482332667026856,-0.001147542884176696,0.011807526583538829,0.008649150596876468,0.009158513387788147,0.007028587153254828,0.012499957590323197
171.278,0.0,0.37022522306190314,0.12402030159360805,0.03163436820562246,0.015605376553226512,0.0012642287093028023,0.058242377840072454,0.028285289049212542,0.015449457979367661,0.0091214029273921,0.008786355607082456,0.004235595571728916,0.002419526110278013,0.005841746677610343,0.0015091981298498154,0.002636216832301523,0.008103309190679999,0.0011512228378427673,-0.004523537420889371
171.777,0.0,0.36722177860621935,0.27025953881849113,0.003421045464288211,0.009041428227971297,0.00033477968201495965,0.04887659029739074,0.021934272243100083,0.013155058643466725,-0.003306254800055083,0.0006584551802579452,0.016135795865849088,0.015697126749846725,0.0042629774197034415,-0.0038932930650589035,0.01503778737458996,0.0018935581458643562,0.0065980918879485735,0.0040164864174701605
172.279,0.0,0.3423432941358266,0.2753255958722175,0.022687578126824582,0.007823868661343205,0.003693379559229995,0.04136818881647596,0.012800810048898995,0.019382700563879238,0.0399663390543291,0.008212746018387314,0.01454096623555608,0.005158035263227986,0.011045854810977127,0.009489630898187955,0.006089867296355431,-0.0034064164135599144,0.0072346248701202825,0.03013556513391771
172.778,0.0,0.1838940913535915,0.07838111050360694,0.02007331733456155,0.01165059489867604,0.03584775694262629,0.0034084819877059007,0.015502436530827338,0.01882762776657415,0.01193296067849295,0.006047785526004832,0.004851171577566426,0.023210611883900188,0.018987491306132767,0.006704788586111437,0.005207854395920777,-0.000791707977894295,0.012037304599533383,0.03255010985559786
173.277,0.0,0.139085500789785,0.10544035177138776,0.006999310545056061,0.018075704017885996,0.01602371270045766,0.003431194156360697,0.013892360742090649,0.006729925846421568,0.0305669234272399,0.0039355299577179615,0.01716076510310579,0.008709006176904743,0.0028438050142742992,0.007551037191166724,0.016060152993023973,0.014464764987542643,0.0014394388518793658,0.013671547111170149
173.776,0.0,0.21102487795683145,0.13406886253635103,0.03052175965287982,0.012292691392069474,0.008825929090283631,0.040629001574742286,0.010773447848633284,0.003938697387566324,0.00880889908208495,0.0062450391528136905,-0.0008528706376686643,0.010591830003916445,0.006890101284614245,0.008132956262810052,0.014107330423009429,0.009507912316312277,0.00503677141757012,0.034085992020161056
174.278,0.0,0.1565551343092377,0.10204444025695196,0.030431648091081124,0.0018116546163837663,0.009296944245946792,0.031148160827301995,0.012208908989233627,0.025813968853824976,0.025149586388177676,-0.0007838912308189522,0.008537802137136211,0.010628224043052263,0.024964084895420534,0.006705380578338478,0.0023123156296687934,0.0030388514423937947,1.4999241458502967e-05,0.04480743418941543
174.786,0.0,0.07893365681075377,0.1103849193647469,0.02629096244996778,0.008768539071314054,0.027262858944768844,0.05648596754891653,0.011545438894622319,0.010460985315789333,-0.004228770850022061,0.0187305675092367,0.012637296442268362,0.014470876831660963,0.020003384958079094,-0.003075523189854418,0.00038074024986011054,0.0027248208779168436,-0.0031227982268466677,0.01672152078437878
175.278,0.0,-0.057291111301126144,0.2806396679136145,0.016237301092651195,0.011630605536646705,0.046303726351617974,0.03804068801191903,0.01606055729156554,0.012842412483265623,0.02661948163943359,0.0034125964459838522,0.0053260034854727195,0.010720557003494823,0.011344915238283949,0.004002919022147697,0.009429889124718859,0.011258494825806157,0.00170725915148356,0.020627217283991334
175.777,0.0,0.37631727736521453,0.29631769625136,0.01865935034644419,0.022747350977975467,0.020618799726174336,0.0777135882547287,0.012986335501068905,0.02795356724915544,0.013097994348423807,0.006583164344647026,0.010574063303622587,0.02838047573895382,0.009193742980875438,0.014062950258295457,0.000909401303123572,0.006457538344688841,0.019457960596663555,0.0203534867270166
176.287,0.0,0.254703960838216,0.22483685124538721,0.013030111655117041,0.020282098067518614,0.02854621682875068,0.08817912123287198,0.022400607556448023,0.022296046390196552,0.01956674951640499,0.008932679638745122,0.0003316719146488419,0.015721029398254763,0.012848338321101131,0.00846959572627096,0.003609691191148286,0.012600785529260186,0.011356091455221456,0.03032195871158504
176.778,0.0,0.21895166431573124,0.1999562591606862,0.028589504546868365,0.019910256856045347,0.07342759102756899,0.0830874749850348,0.011661556713398566,0.01922234901115692,0.018414340659117005,0.011616279315439917,0.018510524041908633,0.02131139696980677,0.01047807329746644,0.015123900820561366,0.007331713322066622,0.004403091563696983,0.020140890915606037,0.04345488480838497
177.281,0.0,0.23869344108196008,0.1361851925589095,0.02293652467625594,0.01665461164243405,0.05847190604269423,0.07352033643173649,0.0012108288879191834,0.017346842096281376,2.6005024443430816e-05,0.007962978040151216,0.017333178856622285,0.008291166175120894,0.010391372484782762,0.008761033067306008,0.0020269106853538993,0.0020672356792415885,0.0048154804989046455,0.028713655636715324
177.784,0.0,0.016130785612802522,0.1308468898109153,0.0015906615286806205,0.012414373434770547,0.06117133869233795,-0.019549500274356913,-0.0011552432143815275,-0.009101500630808607,-0.001984978548051093,0.0022411916579676786,0.009287412802209878,0.0031762830858344626,9.395792989055012e-05,0.0056049205903302,0.002776852510860681,-0.0015605696225001033,-0.0046360118561821866,0.019548622605280397
178.283,0.0,0.03428605760853154,0.004438843499977452,0.026621340580860065,0.015656943100368456,0.08569618946427024,0.0916733892649228,0.015007260099441613,0.002535664331645397,0.024901857631351977,0.0008879732213824454,0.018617544564221912,0.019001599271809874,-0.0026975514359232158,0.001329208254693927,0.006078499741739722,0.007946754422002097,0.0009661519148901463,0.005420130351175729
178.785,0.0,0.12327491764624655,0.23391009216972466,0.0069948435738207216,9.99898848169412e-05,0.09981621643153617,0.061580737385551775,0.0010902513702705356,0.01265664891436529,0.00901769967583044,0.0011542459489756543,0.020867623095571053,-0.02080236232081231,0.002908766281509054,0.005071462410407603,0.001809915469074043,0.0104944570199776,-5.399759321978623e-05,0.007118740966475388
179.278,0.0,0.1609483391240291,0.3186178161638784,0.020759100749279055,0.008171011667274153,0.12702162576675502,0.09017801013860334,0.018315554348739653,0.01924400143831868,0.019764759857166345,0.003691423456076141,0.006383724691113953,0.009444675522414297,0.01785918672795546,0.003692749381944543,0.0011533090163904343,0.011423475818367406,0.0008707383720842838,0.03351669328067215
179.792,0.0,-0.02560354491589111,-0.02521849555055007,0.013002775008982111,0.011067355490620623,0.10108251873816905,0.027464789203375594,0.009442058689272228,0.0016390709465744291,-0.004599533715862853,-0.0022074299728691007,-0.009836685590169297,-0.013114435596930296,-0.007725585857875117,-0.001919457159523064,-0.005586650560803174,0.0010096249598377856,-0.0007305159894918738,0.01492498486115016
180.277,0.0,1.276083679843324,1.6036182585603704,0.0008471341743211125,0.014049051897335853,0.11330375366831663,0.0341867325590414,0.0005957520211796769,0.0003386898420398537,0.008761357228447347,-0.0030831584442844056,-0.005918925810657572,0.015551783723669763,0.006338841056029195,0.0007464555620367471,0.0025074895649342924,0.0017821514602645002,0.0019174039138626405,0.015733144854508874
180.794,0.0,1.138457531143286,1.332870137372222,0.025707098824883937,0.01677121903761065,0.1319419362244552,0.11404939099527484,0.009905025425111014,0.031458137786216714,0.026338795697367,0.002999898317571779,0.00941155367151707,0.023175991635622065,0.013363484132910417,0.011760163145271892,0.011119482225783984,-0.005746097741873771,0.005999590970282942,0.03669918344785465
181.277,0.0,1.1696884390124276,1.5191211686747972,0.032748601587517114,0.025062350137373283,0.11875538402290994,0.021932963866161923,0.010192435893408649,0.020538136100527776,0.020263395500149474,0.006776142764102047,0.011414134748389801,0.039060226003594774,0.014629219371446806,0.010841604345098479,0.0025735135334306754,0.0036259246839145456,0.009790052189166003,0.01737334447882303
181.778,0.0,0.9667844075342616,1.4249744240831885,0.017043790644815118,0.01409234352021326,0.14752322650618407,0.058685231068602836,0.0094696254622334,0.03356520697476076,0.012522758492210627,-0.0009818115297490144,0.0034570497998034416,0.020482589902682837,0.02118392140685462,0.012699189701844863,0.005711922238146983,0.0018400787429267956,0.011728365333807295,0.0008369131156777101
182.278,0.0,1.2753745942931396,1.7160828074644794,0.011050204642670328,0.0016104956706197576,0.14444637959975956,0.041727405494283484,0.008437070324313897,0.028028208151013447,0.009140360934415994,0.00692156675723433,0.014717456210640243,-0.0033498892054534737,0.009054447553519238,0.004544711022439755,0.0036597111106347786,0.011718169511558466,0.0048070571256226486,0.014008973673681709
182.777,0.0,0.7915291182563727,1.4630916728615466,0.02271676568486002,-0.011614135345175585,0.15099971227482636,0.024457582868618953,0.008656369425253604,0.014770973604562192,0.006813112431817936,0.003421507569187818,0.015235686447264538,-0.010504387875218582,0.004214545977386546,0.008934816453166385,0.0032832362693519363,0.0018695236046159444,0.007545921205032778,0.014666089367222492
183.286,0.0,1.1296822752349178,1.5666852830416167,0.01960148845069291,0.0108013710552136,0.14481146807729983,0.054306192742279234,-0.00025113887269734395,0.019632930680309142,0.017744322157786045,0.006938823838428482,0.010350936521435315,0.0009169579027979031,0.005821897350945467,0.0010800735126178709,0.0029298582575115607,0.008263320445251484,0.0036555829619549867,0.019513117079577313
183.778,0.0,1.1071307222820788,1.6025865134974357,0.03450662513690981,0.008054227695778437,0.15513902299970847,0.10970625548823548,0.021207040688689484,0.04078607669860782,0.009999681546076514,0.011000520239664937,0.010002083673594193,0.003345297504146206,0.009709107704501957,0.004571769846849266,0.010671396129328433,0.0066357810979984925,0.01298073099571679,0.019241456822481927
184.277,0.0,1.4270511996723054,1.778009365281992,0.041089020275688413,0.014242595480615993,0.14042785140337072,0.09286443141486922,0.0002471735852800255,0.02133736065996948,0.015094545059325754,0.006597162758231808,0.013824837370515994,-0.0033022596633106452,0.004786484921106947,-0.0019770384073828657,0.003070106627955896,0.010465895408594965,0.009512703130692416,0.022679321622374408
184.778,0.0,0.9774665364431028,1.61068695910988,0.036836106366757736,0.019362534885957725,0.15068459585451893,0.11708092601175912,0.0063118648926772936,0.016337606746795925,0.011747119855602194,0.01032194662141441,0.015060158848631452,0.007589294134823461,0.010094359353334952,0.004687380314366102,0.006151447687702488,0.017954798073014606,0.00881138797394348,0.011861108681887564
185.276,0.0,0.9700757019951675,1.6239006995453271,0.0343699306146317,0.013547599306980324,0.1545439963753339,0.09034527687893691,0.014419566634337288,0.052938167479429935,0.021475677963805437,0.0027376483623592135,0.012497769612832435,0.011671295360533285,0.023437900667498228,0.012873459442919972,0.015641597890317643,0.002939277990442231,0.007554604680565086,0.0264763254215424
185.788,0.0,0.8530960204262692,1.2937565412351446,0.03717497284445807,0.007114827674748118,0.1431620052915461,0.07468183832921284,0.019980647698488,0.02657552678756861,0.02313543295994334,0.008575450221125519,0.019877814564730294,0.0242580903705723,0.012195729137014657,0.003749007958483525,0.0007672153811577277,0.010519947765703792,0.009842726094360902,0.01652100167332129
186.277,0.0,0.9184679292129084,1.448776540782786,0.02928289286292274,0.00131339959783446,0.1251760382943414,0.08144310845309524,0.03552571760501254,0.04155786947052403,0.009099908518252335,0.0031396406853076934,0.0009163663537414605,0.015614533255349452,0.006869507568135728,0.004363183305956664,0.012342375424185177,0.005667066178117793,0.0034178655626483727,0.012190921828395523
186.789,0.0,0.8718568785645533,1.487025853605511,-0.0025850921560600154,0.011385583206508674,0.10098401547648557,0.10197793210621009,0.005901855465554296,0.024482093876902485,-0.000776167890618813,-0.0011980149366382672,0.016696659446378003,0.016959454844675873,0.0008482284980029197,0.004972185930355698,0.0033655167347268105,0.008181219970973427,0.0005742467533375075,0.002262649323402608
187.278,0.0,0.7639704329078073,1.4260621871072965,0.02624779896966072,0.011021420649332059,0.10602782135105977,0.08632742795241491,0.021120929343051206,0.026945947231935757,0.01597332710982826,0.004454901876318234,0.014800031684612318,0.03982404410875719,0.011210632580319681,0.013230404688179636,0.0008666850569012015,0.0070607675160088154,0.0006296472991283688,0.022219090796498316
187.778,0.0,0.970257561424533,1.5344838637227138,0.010049089614367243,0.010077744634495844,0.07782412213405962,0.0647618060321789,0.008095325359357305,0.017810844829537067,0.016060118979569535,0.00928521628346338,-0.006360014050616869,0.005947164203746487,0.004107256664228395,0.009308974911080962,-4.5820024545351833e-05,0.013578413142501898,0.00833899569758122,0.023656160591468953
188.288,0.0,0.7583279850661476,1.2178342435268699,0.00034734558095952505,0.0007948771280559535,0.05151667182409806,-0.00024257592784041314,0.008373249735537913,0.011927012223864721,0.017496603747485448,0.004554066388728931,0.0189540154441411,0.023419059366808447,0.0006414025186913177,0.008630562250408702,0.008068030527889852,0.0037883262587744488,0.005078808144045625,0.004654245803820943
188.778,0.0,1.1333690000194574,1.7007378965705287,0.03682159171986732,0.015684063026546857,0.07670906958421449,0.045670755811658185,0.022395988314032233,0.027687697808075624,0.001932306541990581,0.01202495646169111,0.019356303589311372,0.02124999535510357,0.01945186700507031,0.012988523247902905,0.00901339280283905,0.018684384532131216,0.012158519059276842,0.01981987462178805
189.277,0.0,0.9256916290719197,1.8036277808994454,0.028430791032837854,0.01322857711511349,0.08806560455794714,0.08575447823724193,0.015612689020593649,0.0409096104527446,0.0225001385971484,0.013981284080817512,0.01639917219808983,0.028644709583623765,0.012568747991225116,0.015055769170653465,0.010689233062054368,0.004375078871241926,0.015201254132440584,0.002354032241209274
189.788,0.0,0.798957458929129,1.3679623166522197,0.016537737780509425,0.015119607585606147,0.011153656639616065,0.0020086134039815707,0.009968319662980115,0.008075560909749238,0.0033016022948596847,0.002972119654668908,0.008937955210742797,0.01871799866203088,9.393680966272771e-05,-0.003669592907230736,0.018716540083617488,0.002573836198810668,0.00855156679137812,0.0001035482983438615
190.277,0.0,-0.07322303135549829,0.0741361688778891,-0.003788006973652501,0.010439663897417144,0.023977894163071268,0.039176866520377295,0.004533975027310531,0.007127378181975963,0.027220541231969365,8.1140825991885e-05,0.010605355865811397,0.008476046909150263,-0.0010802733111210387,0.005600385012204439,0.009512084569227553,0.0053867819478153256,0.0008467065885194403,-0.001190805430954843
190.787,0.0,0.01742903864767347,0.19656508722738614,0.007057892353529102,0.020245254086640734,0.019135986680673525,0.06944430877999946,0.018218348558030683,0.01997707029549558,0.008044578500014946,0.0013185184730290036,0.016273740368024776,0.015586430527525114,0.013943470685466813,0.005794187127217072,0.00015470960007470114,0.01558821310610696,0.009174078214093209,0.0021047009671867497
191.278,0.0,0.0635080584773994,0.01959183617685465,0.008556861031949744,0.019215290018606206,0.014877136915910825,0.06484133846224394,0.023004219380330912,0.04995935437937427,0.0074788265481092854,0.002884147511130571,0.018161105380687752,0.009287768626081421,0.00699379295005458,0.00904448706576169,0.009761097763860423,0.01472973584489451,0.0057895566894962105,0.018243085869540314
191.778,0.0,0.09437395533168379,0.1465238910910767,0.009111958971714008,0.004623782130974677,0.0008667930086762649,0.02422081242773156,0.017023428209756365,0.03299947062702199,0.004488237225156549,0.0023867394630970825,0.013936109112964718,0.00718554402228889,0.0008873819678548156,0.006353206047969222,0.011940548503053068,0.008877745978865814,0.002520290065497576,0.017329086328901035
192.278,0.0,0.17246648437032275,0.14975788793105888,0.013046883235931976,0.01831376598875549,0.008016724010590462,0.010177235488256173,0.013629043517714223,0.029179782345704248,0.0069593431258812835,0.01380868330942142,0.030295005698623145,0.017531640488057314,0.008751262432196299,0.015929177951628386,0.003273102826325726,0.011812374652803645,0.004720389342247584,0.02463852776337105
192.778,0.0,0.08294854478074373,0.003379746505503973,0.016468698839977865,0.025924606552784203,0.002369009644253604,0.029222097474482362,0.014642211403834166,0.005434379682347978,0.007196406254866098,0.010383521165371598,0.026924083914426494,0.02131882698714385,0.029568550791195122,0.012786371290177347,0.013352867664799605,0.013312678546244242,0.014918345445906178,0.007645411924937176
193.278,0.0,0.07170020331569794,0.13985209156279627,0.014970660284540157,0.013879108963055954,0.015020861006679842,0.01952978025096322,0.015777962265021542,0.018123936045738656,0.007009951724125988,0.006057708881200825,0.017019199249174884,0.025829973378763506,0.010827681413843191,0.01210505255699802,0.0033870515184081227,0.0003649331758784331,0.00943540342221846,0.012030241985770797
193.778,0.0,-0.03582066645718681,0.20076165594571635,0.013611064253532356,0.004656948203628453,-0.011739348053284731,0.03968421404306239,0.007409829326051953,0.018225322753942768,-0.0005883562608761547,0.008184658809904415,-0.0023614062803346695,0.03460767987890168,0.023069378667019816,0.01580898836979904,0.005766546140787592,0.0019177931471124762,0.004039792278638927,0.011135638391685921
194.277,0.0,0.10690082382938629,0.1724141439410007,0.01962169306990426,0.0071140090336773145,0.006274646799303883,0.07916374755175637,-0.004183846106342812,0.0024980189817523798,0.014566242064457962,0.014866830473402303,0.034259488861332954,0.026489249071377743,0.022982063436468872,0.016311520576816747,0.013094553121438233,0.007683764627990519,0.00782342208731591,0.013894483802331214
194.777,0.0,0.06868329994590346,-0.003929218667521194,0.02600094931244179,0.01274142454427202,-0.0005410421730631503,0.06415128401711266,-0.006758132708113788,0.013293935215396247,0.022192586650724953,0.008075552894888267,0.01247113431116437,0.022343571354833315,0.02137815148971418,0.014864691153693328,0.010009862082852546,0.013403133336839708,0.0059862980282707895,0.009210771770669748
195.278,0.0,0.12989566654775983,0.21424541071101014,0.008371250976730528,0.011797626936778102,0.005257827302827594,0.0007081144204785567,0.009524288827142804,0.017454189350556985,0.013095600309018306,0.0021409317314281607,0.026123854489742592,0.011830487224747355,0.021713955101065188,0.013650197748937795,0.016378095510951273,0.004929939260530093,-0.0011467620953985545,0.0013682652163514405
195.777,0.0,-0.0005210608367780028,0.12185597928661067,-0.00048501082791200796,0.0024247156733452763,0.019121093751628723,-0.02720563333958067,0.011611708276690893,-0.0012555112048375013,0.002903319483380092,0.0004208497834392396,0.011338175365577486,0.03228454274405361,-0.002263525558328512,0.006002903572404046,-0.004322294967114454,0.0006175171050488076,0.011439414819389131,0.020123062308450488
196.276,0.0,0.01219188609405155,-0.039467701634753424,0.003336011172648246,0.0023683943109748104,-0.013307022666969813,-0.009751866011592942,0.005446715867881867,-0.001505711843623509,0.005192150881269649,0.0036023479874201544,0.011735264774637705,0.005591705486589192,0.015321406476518756,0.00659986873763681,0.0022314268804170248,-0.0006171518824484753,0.004138815582114582,-0.00046211417128867087
196.784,0.0,0.010182372803338691,0.0005045283212187203,0.010045592456564787,0.004835150588270494,0.013297887338623877,0.06068929150899168,0.025685152420137566,-0.0024771628738733897,0.0190127434356051,0.01010837266068499,0.02006304586138122,0.017428993652265648,6.585739410332296e-05,0.008261859655077964,0.005117057173445145,0.01475062240387036,0.017871706716652034,0.023810136442886577
197.278,0.0,0.2658968781408985,0.2534644286938967,0.0018657234748414855,0.019255597796505385,0.02192875682787593,0.05882774408299753,0.009878899517764722,0.009740899413495388,0.009696049067301234,0.003565870514582381,0.01336239566919434,0.02128589984841003,0.019062629310984337,0.012693137330380628,-0.005727657788668033,0.007370256959544502,-0.0011314582486974226,0.0030284143005196826
197.777,0.0,3.2047921830397646e-05,0.14841536875956876,0.006063519966005133,0.006417808384566585,0.0228878479112215,0.009456202634067974,0.011534208380344552,0.005769028496203157,-0.009106827589479212,0.004510695598170356,0.016482692001022765,0.01815816526262382,0.0062544726954502005,0.010193659701167139,0.004962912770403645,0.007477695382241789,-7.462511101970149e-05,0.017114893019556415
198.279,0.0,0.19469001677819034,-0.05219670195550537,0.0074258512727715135,0.009589777085434393,-0.002329175480652052,0.0002927446463310284,0.004308396092335368,0.00922974122282555,0.005876902699027109,0.00031226475101670394,0.003179451053447333,0.009735652517257784,0.013670965553597246,0.005072114186251535,0.01004439110850517,-0.0035450062416031245,0.0031200172425713724,0.004422497563402182
198.779,0.0,0.24603268051058844,0.1642871669833484,0.01901621997293319,0.0018697690552568304,0.0408065405308324,0.037321647643080824,0.004718519464266844,0.0005803433604727149,0.008588812902921796,0.0002009746767045218,0.014882474657545506,0.02430563662155712,0.006518782381745989,0.008025789103221414,0.01392694545992381,0.0043160934920791864,0.004758162605478012,-0.0023407387101699088
199.282,0.0,0.26450465712907434,0.2414972707780932,0.012675585098109936,-0.001839817699610904,0.011312707469324989,0.02488926701839333,0.011915829426622155,0.012942824785249588,0.013562876031617925,0.010053428927183715,0.020865024329185487,0.00848387876043394,0.00887562436614923,0.00013053493529627833,-1.9190020594049226e-05,0.002936917150555853,0.006086433831209262,0.008865806317573473
199.786,0.0,0.24209377142961305,0.09240418528484692,0.009155696661958646,-0.005289957264856646,0.031035105438223822,0.021643101659879947,0.007213231646605404,0.006435746923468764,0.013435099309318336,-0.00012368437256482902,-0.0006905979559461374,-0.011156093171190809,0.01664572956045915,-0.0037955852050809624,0.012516430211370517,-0.008392190663807992,0.003257556738758817,-0.0078119025378946445
