Time (s),ROI.01 [],ROI.02 [],ROI.04 [],ROI.05 [],ROI.06 [],ROI.07 [],ROI.08 [],ROI.09 [],ROI.10 [],ROI.11 [],ROI.12 [],ROI.000 [],ROI.03 [],ROI.13 [],ROI.14 [],ROI.15 [],ROI.16 [],ROI.17 [],ROI.18 [],ROI.19 [],ROI.20 [],ROI.21 [],ROI.22 [],ROI.23 [],ROI.24 [],ROI.25 [],ROI.26 []
0.258,0.14187657151224992,0.012501616371986175,0.03849864319623119,0.022831606182185372,0.1193440886144124,0.011824370100264782,0.013186994892005676,0.028315380212343193,0.033301536999130826,0.0850836430114035,0.009538619654096123,0.0,0.041511701413794386,0.015060569250961966,0.034229298087517214,0.026939299023806706,0.03143980759528916,0.029739863217893413,0.01697949465628575,0.0973452041829227,0.01462804453163315,0.12469572961363135,0.04915955447810168,0.10743311010814378,1.4658322171824207,0.17636937431781344,0.07256095478124792
0.784,0.12140726800202589,0.00592154982524272,0.0243195597936965,0.0204376370609068,0.12022117712150668,0.009551735034763845,0.008762721145816025,0.021320166783949282,0.022449057382574533,0.07780686179773638,0.006494600245918125,0.0,0.026451706029290683,0.01781244672057974,0.02739373058977733,0.027985036772398934,0.02598350099565387,0.030720519646702932,0.014443966861301638,0.04204976789791829,0.018168138962421,0.10552882028735917,0.039148504576639945,0.05758976853407177,1.7194115698580954,0.15764951916610834,0.06456028726969659
1.276,0.10595930220790474,0.004926408531379953,0.021145646452853818,0.019543093209848483,0.20198041098137007,0.008190962916920964,0.002756173256700054,0.022707736548729113,0.0230773986501637,0.049947335190713,0.005868534863090661,0.0,0.031423732675773856,0.018202875210784147,0.03331994806623746,0.028986108133567206,0.02340399035940741,0.021144194307757515,0.011307726021292642,0.024185328146346708,0.011449834666045875,0.06955688339412856,0.048712996090601056,0.08893462348659524,0.20651371990979628,0.1686746499128646,0.03374512394215572
1.792,0.09568865121718363,0.002981227184344412,0.033537732767028886,0.015121315857285331,0.12292885990676378,0.008343780867664354,0.0028477560018738924,0.008097066013012529,0.01488994686353711,0.06032445958486645,0.004995312505815875,0.0,0.027587301384892647,0.004073396388425686,0.028309733816139247,0.024666650450228433,0.02687857385762841,0.01880949089142825,0.011704243116781098,0.040227474007263425,0.004691247369490322,0.1292756906919802,0.061741873293211416,0.07379007849738287,2.1608613507097028,0.13949771711602466,0.0708785921183448
2.276,0.09608752680394425,0.004845128671155472,0.0195970424414537,0.015636080701834153,0.16218258149765202,0.008879485382237012,0.006763003514102198,0.017280222498322267,0.0192897436400085,0.07536655895886767,0.008540203167685329,0.0,0.02806152630657474,0.016672541566901802,0.02190865228310125,0.02292776284352534,0.02086610018057616,0.019759856875723136,0.006305098212823143,0.042828740676150744,0.00988332270819788,0.10311290725241526,0.029060866426416664,0.057722174896518076,1.002543387075789,0.15144140206829465,0.05432564780215817
2.797,0.08448222421602183,0.003807739827457776,0.015538054427418182,0.01125354893306258,0.14516592308949716,0.006844904433969059,0.005955123253881348,0.02197151878753326,0.019743046403537266,0.1086890699697843,0.0051748500786600255,0.0,0.022193558173189486,0.004704995784989628,0.02149265145017287,0.015045521432231148,0.01899287918095651,0.012180614814670717,0.009169061895743874,0.0369729623657296,0.006785460421404304,0.06478220732940684,0.03748619652628123,0.054179805841084984,1.0823790072364696,0.1432807798909149,0.12229474798525423
3.278,0.06197805890126518,0.005905490063764401,0.00679641423065997,0.015541289516778993,0.05465974653376251,0.00674681449854193,0.003061234209774489,0.010711903609515168,0.037334869793581894,0.04451688118388713,0.006010648804970678,0.0,0.014536368677386795,0.017087169321349235,0.014234782970161975,0.017605445336730564,0.019173437883139483,0.023732598403776298,0.014898272924269276,0.07092980212712016,0.003829162881736299,0.03973280159041181,9.030436736048628e-05,0.05554822874760903,0.7699515348441299,0.11636833604899292,0.065010002301578
3.777,0.057902887906085186,0.00842106018230362,0.0064886087161154845,0.015363495370087686,0.09714266711711161,0.004336501320604054,0.008169166829811971,0.008209468772950153,0.03766447983403901,0.07347640208991006,0.005194791080263323,0.0,0.022767879649627207,0.017454342657511595,0.0073654104283606475,0.022085751565346357,0.019132063392038705,0.021343256480973127,0.015536240505404943,0.06477701930571919,0.005710707011495331,0.062444176096880126,0.003516149723303112,0.04257632659092698,0.9905552603024732,0.08523501876533697,0.08269363057374916
4.289,0.06052706521370068,0.00672923277412028,0.015191071812973163,0.01060422596273488,0.12283202216948247,0.005477874614329896,0.004200958918776985,0.02134552573460144,0.04692700592094664,0.030839841095817708,0.003578368970976743,0.0,0.022181813973545465,0.011810887462748425,0.00949494326308096,0.01209974434556372,0.008699240765814468,0.016011154520614263,0.012992468921168886,0.054850162053951566,0.008908078602318686,0.06369280690679494,0.007028398763212943,0.06607781141784233,1.8822190537229126,0.05469711268521095,0.04000958121401709
4.777,0.042570646003289934,0.002392735214464162,0.006990835301835686,0.007921319711048216,0.16694561544306424,0.003369035354359763,0.0027103726352932854,0.00811585194852477,0.01748603556631856,-0.00406480829198193,0.005022470488872874,0.0,0.004424993677990116,0.006446294872725522,0.01778163994708706,0.01509023470808253,0.016909720788130824,0.01066796702523643,0.0031183749757382226,0.016763035254658276,0.003904377056422549,0.006094035452739335,0.03261481798456315,0.03231612186163088,1.6363935192792092,-0.010841375695214619,-0.023700358657113722
5.286,0.04435258316043977,0.0019695125788420477,0.013769115804559669,0.006885439538486658,0.1612449922321205,0.0035056304321276965,0.0031429584956847384,0.005765273560361203,0.0008907781182134727,0.054035989752171776,0.00311517250185487,0.0,0.005582590281326708,0.00205526901561428,0.004505759246703361,0.015762694578890103,0.01999222432905664,0.010759664327290775,0.007706199994151396,-0.007481452738326633,0.0011832226316878015,0.05892432976710223,0.0441096994405815,0.02910600622641933,-0.03644528634445112,0.13229718484347627,0.041180060469615275
5.778,0.03605208604850548,0.0024454151501134124,0.0073769038204076764,0.005900469656758434,0.08150734796395978,0.0036594704611137077,0.004609443467072537,-0.00048484791243885836,0.010261217841520886,0.031538913133271194,0.004814697384847268,0.0,0.006996915760997825,-0.00506648126522606,0.021762965187334532,0.005162891123736843,0.015304253912537003,0.008241621776728405,0.002825071973687759,0.04300169311128997,0.0005092373281435808,0.05932943527978903,0.01576045081193662,-0.0037043772998927855,2.6156647273482267,0.08165456662073549,-0.01393272890384602
6.277,0.03245227187407171,0.008062778164404347,0.021110242609302,0.015618960953809529,0.0392608763590918,0.002316751556155626,0.00405093436072096,0.008818688064142877,0.03229678811953724,0.010552133975504805,0.003994289526591791,0.0,0.024013497127665533,0.0074072106715413555,0.009042275452652961,0.011968238761341664,0.023973493857098203,0.03006150596903045,0.014126962799418306,0.09935356950261862,-0.001519247594184645,0.11302087545653314,0.01993769015550421,0.07400328811608625,2.063251726071921,0.0754077630664627,0.019909175999954547
6.777,0.028109722853533834,0.007388881608519609,0.019550251491885634,0.013143182530260684,0.025043478871010466,0.002681633373651063,0.006153722039571727,-0.007756571392906349,0.022444562225518848,0.009685570441446419,0.003951970767474444,0.0,0.02599088552016375,0.008579157189680737,0.0024437882039307825,0.008394012593943916,0.01484764571774948,0.027163670373992532,0.017343042890378583,0.10094395824000099,0.006377933150270476,0.0781254183262924,0.03270106207619784,0.06131015157610925,1.175743011791209,0.048222234104401795,-0.018011311954414327
7.277,0.025487802982860342,0.0004534835114785268,0.010717971045318546,0.007651681268122601,0.0984332499661213,0.0005957845088038238,0.003882315188994479,0.006160238353840222,0.009796824468707494,0.008132388161240445,0.00019030046379761627,0.0,0.0190079775834882,0.0024524463513647676,0.006781764528351401,0.010184182333137233,0.01143856065625423,0.011280483191013874,0.012233992059257012,0.015831497639908765,0.0013771045195141796,0.03961324614866205,0.0459613650166923,0.0010496060782940028,1.1721156472876713,0.11259743524698562,0.020407907890027277
7.776,0.027727654333751413,0.004447100952130004,0.012680611747612695,0.0067636929131820065,0.07986488684209803,0.0034223423915253313,0.0015597545884524484,-0.0033633140513947405,0.015501712956230209,0.04214284548450312,0.005037684234218396,0.0,0.006905597212357592,0.013035437151904703,0.020741930154353043,0.008918900933929066,0.01046125577400821,0.0022981370019305456,0.006005418307375052,0.012812549527365874,0.004478255716769128,0.032290022998081064,0.05012078019637468,0.04003666150571101,1.0560940410034683,0.10930585086011813,0.007796683893347275
8.276,0.022902043909358398,-0.0005481123461741652,0.00688925451931194,0.0054669523155131804,0.06409998604951699,0.002673604112700012,0.0036050571666052197,0.019831868054609923,0.007993858055299442,0.035755032592909755,0.0010929434407603903,0.0,-0.0013295848718435374,0.013492274852385838,0.004483689107246872,0.008858611700563615,0.015010045017122284,0.0024958261625234474,0.0015838920159802448,0.006703388176391315,0.007072598925970809,0.03428672863832647,0.014137259773867015,0.04130149100388727,1.9353757280489765,0.05846590888607358,0.06921156359825237
8.788,0.020419263708643595,0.002393166159667692,-0.004978031464493632,0.005497735992223808,0.12482665502550383,0.0017177563323059252,0.0008534612495939886,0.009272700682637903,0.010251727194600178,0.03523497617031445,0.0026985683648479055,0.0,0.010991264937415325,0.009933926152181062,0.010957162679238568,0.005218123870761283,0.010255795075527785,0.007745286955162826,0.004067892840443698,-0.01613766421796281,0.005142231060237969,0.03093007292084515,-0.002869893310884246,0.033131427644252066,-0.30611292335332885,0.12212550514373616,0.016246142206855177
9.276,0.023246150924799636,0.004068649329167845,0.00471723218322565,0.005179984395723694,0.12280725797793426,0.0027851792753606787,0.002200083308339181,0.016870699533410752,0.007501714805905263,0.016396933487965584,0.003789749159350784,0.0,0.002946209482229663,0.014167701575746205,0.011968784631881542,0.004551188878011829,0.008163783772359679,0.003687495041464311,0.006115243271103303,0.011883358319191985,0.00813974438990028,0.02315595594021323,0.02527023252652367,-0.005011042202797038,0.9358093660026114,0.05957149489569533,0.04685004252668735
9.788,0.0159791879022505,0.0012246426108031684,0.0037360907107043245,0.001969763037908103,0.09226519653817523,0.003134379481604582,0.00708814275353713,0.01910054879053453,0.0001410400835072067,0.030137681259786126,0.0027766831838228756,0.0,0.0016836530969776178,0.0044724794962088315,0.014704291450336235,0.00475552722130906,0.0046686987123114206,0.0009374725097808289,0.00603026870602912,-0.024784066367399632,0.006087370557098488,0.0001660059151730411,0.036310578910283504,0.0030417693294655167,0.1782851095570441,0.06439126889127934,0.0329471582460731
10.277,0.024158210797176838,0.004250915646356958,0.011802083505995334,0.006304711882200551,0.07671371526590119,0.0011258895369956523,0.010707353567756978,0.009423045233507371,0.01037696264305911,-0.0033886275899637675,0.0035870461828952445,0.0,0.011424131903251134,0.012472696410549836,0.01011634301977349,0.0055192215780517735,0.007508089816798507,0.007358761266832098,0.0033599342843308607,0.04181666235907862,0.003541198245518451,0.025476915937783066,0.02730835550176787,0.0297918102113269,1.261965008849796,-0.02607713474915758,0.03810308047803817
10.788,0.012510500124490844,0.0017460489198064702,0.0069257475001817505,0.004874599666000308,0.023893804251421232,0.0019995930927352076,0.006223578130382015,0.011354119502109045,0.017794589805193845,0.022940287542405423,0.00272554928177458,0.0,0.009534493684631565,0.009242693767804665,0.0016735749978019614,0.0005820236975872526,0.008458257343124059,0.010919882893111583,0.006074086600010794,0.025429058833108163,0.0030420969845205443,0.03985095170291256,0.01294099920516149,0.0638639387635727,1.8620540295198764,-0.0037359407210830094,0.09778083515327259
11.277,0.013673619575822235,0.004504484176725456,0.0029585394591512574,0.008662491416439879,0.03370358277710961,0.0023133641080626253,0.0025503696943928334,0.006829497747496056,0.022412512528469212,-0.01204821428763383,0.0016791700582831598,0.0,0.012895924091648444,0.012174040799214704,0.012326880276927653,0.0003876247754667147,0.011316061372813832,0.015396141956251745,0.00869201957911472,0.03138296863368665,0.0009446028089537938,0.012001343215886057,0.024858443867433314,0.010290060667608514,1.8202623995502791,-0.0003977998314676136,0.025109665543891244
11.788,0.01607547109644334,0.006703471082551889,0.004652234452088347,0.009354514584348252,0.056101917421901806,0.002090572910856443,0.006118910704718182,0.012315157227869742,0.0359550775963015,0.028962700720366472,0.0020021444656936594,0.0,0.013125227880574677,0.009156127236053711,0.004912555285405882,0.007153304048576592,0.004652950226078057,0.019215459364240572,0.01533316929021146,0.05704406455996928,0.005546004786678348,0.03863033114166291,0.003123781291674724,0.08403970990850101,1.3743543565680214,0.02482529574493478,0.06814410013574426
12.277,0.014327750519499522,0.0035118128354201038,0.018413000615595795,0.006468857615489812,0.03514365384716692,0.00254756092888118,0.0028625187965446394,0.006167615939053282,0.022226222099597768,0.050552426238251354,0.003475286928462852,0.0,0.0015516312202626021,0.007989306292039953,0.012575244145133295,0.0066801453117779725,0.017564733104754798,0.009469153325779666,0.006365007435941306,0.02757674670233448,0.005212956520303354,0.07379732902950915,0.04289849353048361,0.02857947329731731,2.5153753711105895,0.07438028901876172,0.0922545920982353
12.777,0.011712357328731198,0.005170528595226796,0.01098531648791468,0.0018596081256490402,0.10669271770785188,0.0015771384387004012,0.00453123653378466,0.013423918102493814,0.008379407567880748,0.02832605303458221,0.0022804000533272364,0.0,0.005303791965317243,0.0037189648840526535,0.010513188182042532,0.0060473649353982376,0.013327204576097065,0.0016880403983277573,-0.0019723801444875536,0.0012054686585176977,0.004892018257882672,0.04023450231622259,0.045628671900301745,0.009833526576785255,0.2218036946527821,0.1211405479420688,0.02432941764764098
13.287,0.017726083013395975,0.003365497329487563,0.004687728173324811,0.0026322276504681477,0.04257070896200441,0.0025238152321548964,0.002556020872688042,0.01612456654156681,0.00018734704219894202,0.03647728246354215,0.0035194357170771615,0.0,0.009006099184808011,0.005545905727539218,0.014171778063211439,0.0012671295341121287,0.011088902267886707,0.004511913941451617,0.0020952590061857524,0.023448288486083664,0.008929667153248477,0.004066138615952266,0.029773725797797832,0.04016426633181183,0.8229211407654315,-0.012499821014209626,0.0732246331506065
13.778,0.006749181357784757,0.0024586583351061276,0.006669743100454874,0.003900800217158012,0.026712753227795184,0.00014710024316882584,0.003951566394883901,-0.001876203266718535,0.010763762107089823,0.033286450769089745,0.0013701538480561388,0.0,0.006525428944361733,0.004543849530001484,0.0028524917871774694,0.005190622631894054,0.008161376881871614,0.01050619224730079,0.005466407334352851,0.049190651566815374,0.0016483438144952315,0.01912529722207884,0.0006413245143181496,0.020818334478439924,0.35609250377048274,0.06886603875540283,0.05251722161789825
14.288,0.010705040480663423,0.00689311286703024,0.00853638803373452,0.008882947339446973,0.02705419573751538,0.00175844835315433,0.002167336836575618,0.0036358257890494955,0.017496162601804918,0.040855979224585344,0.004032562978529063,0.0,0.01864505018089601,0.011299230857987024,0.01483598101825069,0.013757164482877768,0.0069920281494113634,0.009532215985268728,0.007797097842936033,0.058883166070665696,0.0012124825480007686,0.041549598198217054,0.007567010859286403,0.056813828335286524,1.9745514364466012,0.054963081372758724,0.03490790164631551
14.778,-0.003839945567639418,0.0015134455012583725,0.007906948316102091,0.006031352217371565,-0.010056913648207702,-0.00014958105890875537,0.0003053898891280779,0.009781428106584111,0.019848398116501142,0.0683114091189691,0.0006951494133971295,0.0,0.015317976223504297,0.004917999085741714,0.012694671737918365,0.004171914737858918,0.002732558574538133,0.015643470059016326,0.005046688759962614,0.028265060501572493,0.0047710077576282066,-0.0014946735481827975,0.023298272860683786,0.04534009258073155,-0.40083426911958575,0.031541512509268343,0.11595552183714615
15.277,0.0067735442432223115,0.0024659368005522323,0.00041994651111685726,0.006868647003517599,-0.014272745965940468,0.0013626302268061683,-0.003320732300421057,0.01167186313451239,0.011135970036307574,0.05438223843349074,0.0014962320544901645,0.0,0.008022921126712337,0.0026326269178923957,0.01444113057797735,0.009806393631344222,-0.0007194337179963811,0.010268271013736424,0.009148953617769098,0.009899411687994322,0.0032862129682575195,-0.013381000535663918,0.021550937827835803,0.021033435409136055,1.0978877081848821,0.14182856551204753,0.04534645513369739
15.778,0.002570646359365664,0.002851621603769883,-0.0001734956813671522,0.0026094906636107184,0.01689961787621319,0.0011826733241514437,0.003481371719868046,0.027482414401151244,0.01416899512918999,0.019385802268128142,0.0019100176770155063,0.0,0.0015764372675601357,0.010469807807160102,0.006375325883931958,0.0034242566784897163,0.005707061512847084,0.0014947018137840473,0.0003595048534838608,0.020284119744117465,0.0038952159804828326,-0.014885842750923967,0.01307961217929045,0.03136343125328402,0.07787796130693933,0.04121029488270686,0.05422507101581285
16.276,0.005018588935267558,0.002382557401768183,0.009359544706015206,0.0007274072803632608,-0.02135159626885274,0.0008056863856531159,0.0014854600870014582,0.012088695967974962,0.015437435785383676,0.04273192268239385,0.00038235466497985954,0.0,0.011267814718108721,0.005202347860816435,0.006231299850205558,0.004637374714784241,0.004854424305330121,0.0023040440445581925,-1.081727708560412e-05,-0.0012472134689220824,0.003518560588209787,0.03601639562155814,0.026991714686476313,0.028087773428407122,1.0009444365560671,0.11374748591886275,0.04411996265875111
16.776,0.005927508292891297,0.0009636433825095863,0.005498968241339463,-1.307005076099844e-05,0.02417136565196533,-0.0002204514921720448,0.00427835454746778,0.016796019452686464,-0.0002593811687548546,0.015745949103725867,0.0016228020180323224,0.0,0.0005897920291366018,-0.004353898906511604,0.007260294234203173,0.008929848982243659,0.0034928652241854987,-0.004034883683892672,4.20671886660243e-06,0.0004850274601363891,0.0011445121603338806,0.024282676402404304,0.040474760809475,0.018426052230152805,0.25296647135561673,0.11504915052289631,0.01494924278734284
17.287,0.009664291092382857,-0.0011533260889305878,0.013639429221547332,0.0004372900827645017,0.011329905492599993,0.0004497723453098623,0.00017886415668069152,0.020430736344730572,-0.007951636002233727,0.04200317216710046,0.00023834334398206334,0.0,0.004375571785948888,0.0009806874232489173,0.015393860132070558,0.004754582778603385,0.003090359671177905,0.000477886227401869,-0.0031293524869085584,0.010046335184105451,0.002549281839307834,0.023228781128345543,0.042014316295516795,0.01647300486642671,0.6039235845711576,0.06662921115816788,0.0620604815292892
17.777,0.002095563387049174,6.99654222352241e-06,0.003480869173875286,-0.0007895325092166492,0.005157723049301486,-0.003091029530126734,-0.004923444795345029,0.01693405567993764,0.0053153799612313275,0.06004854503563823,-0.0011370659895186387,0.0,-0.00046617627871793643,0.005224540199504715,-0.000126961965956963,0.0014012760909674483,0.001161372173251441,0.0002297635651342556,-0.0009948065010310573,0.008379389100321398,-0.005191895516240808,0.010489653726107896,0.017946600057992607,0.022652510149058856,0.8058123495442898,0.10115814333517245,0.10683569545161116
18.286,0.015188154054597877,0.003964567549761335,0.007511462753024313,0.0013562833397191994,0.031324424497207994,0.0011100694945437172,0.006600222713468494,0.005913325788060973,0.02666941150086993,0.05261953761861795,0.0033418340717849687,0.0,0.0033435341360160257,0.004526045907601195,0.0025771076083189346,0.006457211449161221,0.00020616163964660376,0.00422448323604947,0.0003984425147819304,0.04083643671564311,0.006306406880047165,0.0481263773592434,0.004288486570910399,0.02683735871439959,1.2249048794009787,0.06277406483450537,0.10214185914692622
18.783,0.00677368835133859,0.004530772554801116,0.0002504124759985532,0.002481821741183401,0.041400749584776526,0.0005757013817690799,0.003937543832756351,0.005272097149852474,0.016865393122678308,0.010784761218129428,0.0015172276406553232,0.0,0.005388533895023181,0.0017787646314892025,0.00502715658651896,0.0022503867018809198,0.0032034653048406228,0.008276266016291068,0.00817528030178979,0.034921636599597405,0.0057645596736086106,0.025833617676164048,-0.006411866121666157,0.0002488994818341366,2.4585301030124067,0.10196379603212802,0.03453690620866572
19.284,-0.0017646949509393828,0.000654695945797464,-0.008513465299968931,0.0025331446528189475,-0.03355299708478982,2.7833148064407217e-05,0.0005236819775217717,0.008659475687050111,0.01585393441128076,0.07741157131229587,-0.00021228101480191394,0.0,0.0074360002634243595,0.0017530548309207302,-0.0014055580083385066,0.007190410252551561,0.00012158941407688464,0.008911353304132345,0.006307754360109176,0.02261060876461568,0.003210119234606331,-0.029430996861412307,0.016583547599876174,0.008886374266196475,-0.556770295732661,0.04977325013240568,0.13955252437240406
19.785,0.007614548962560117,0.002594767309092496,0.00552857409106797,0.002248641199615827,0.039823955851939534,0.0006899441907875322,0.003128918024908697,0.016569115691306688,0.00599956055644706,0.0834491666012369,0.0012607047710513058,0.0,0.010274080156031136,0.003443354856524913,0.005464796433521682,0.004891683247620372,0.00334337138946471,0.002323664676503308,0.007189962265121325,0.010029358228093973,0.006652775436678835,0.013809168331381433,0.03025001663369903,0.033379811656368635,0.7533966023993721,0.16018290207156796,0.08239048461811056
20.276,0.014072935575138494,-0.001409253160834476,0.006373583699816627,-0.0010698285769455307,0.10279863765372858,0.00095889841446835,0.004270499018059717,0.0025216965156955903,0.008526050291682739,0.06617457232795532,0.0024800784195761726,0.0,-0.006218689790463721,-0.006760063554611536,0.0055195098210472264,0.00584607624957453,-0.0022432190338181664,-0.00333488544272545,0.005296723495011243,0.023735425010630886,0.00400317129878113,0.026351131491311817,0.02141124346451375,0.007935696231101122,1.2912617841319851,0.13348457470701428,0.05176364620188859
20.791,0.017939211970760493,0.004582816165260593,0.0076617905325855615,-0.0007656823685014086,0.04520059374126813,0.001130126397666959,0.005854965176927374,0.00418588855893793,-0.0023406133933533925,0.06637191762859088,0.003268023765328938,0.0,-0.003655118656957378,-0.003851660038079427,0.014311573928076056,0.0014137362566792131,0.0005244997492861647,-0.0020855695284408803,0.0042360608596990834,0.035560652196722754,0.0002994234251388508,0.03829864058911125,0.013207052017997217,0.004430749667957278,1.191881260471054,0.1040068969510461,0.10584906214889803
21.277,0.009740308164187273,0.006683079025561078,0.00044494976190733625,0.00010968466362776631,0.09814531514493935,0.0012637807085937758,0.0017753618660602047,0.002643918012367568,0.010498032037761963,0.028624191569006384,-0.00022965009452540836,0.0,0.00859110115481937,0.0016415828231388,0.0007862925972198093,0.0026309029272290375,-0.004392163286989731,0.007442887661215447,0.0041068576627564645,0.025422078300808816,0.0034061608425679855,0.03748815690540427,-0.0009327268970764799,0.020418286421230347,1.0068667083698335,0.10873390800463589,0.037571811267067594
21.794,0.006477260714216457,0.0019264547025076614,0.01048421061552835,-0.0009167330086195951,0.1048670409369638,0.0023538971396085706,0.007948724886641891,0.019529905008514023,0.015937780382385743,0.04993959600063455,0.0038135698657833002,0.0,0.0008576988493584838,0.00032890017269862246,0.01046383799369051,0.000871014395840568,0.0010322228711579576,0.0021112441049405146,-0.0011235649109036837,0.010530704570305874,0.0016344472684354503,0.04854388919562859,0.05237577174943261,-0.009118858381707609,1.4141849695192468,0.1338147552117408,0.045251757650381516
22.276,0.008503667742822824,0.003614366024107965,0.004083374419799977,0.00278641767949716,0.039549381955921434,0.001369352120266608,-0.001978509661142874,0.012089383763307393,0.015176094681976357,0.03036306756015797,0.002369901363841662,0.0,0.009907221159495877,0.006951663736977091,-0.003500335964819372,-0.0018170799090941668,0.0023966116816998002,0.010259713831446967,0.007171015102496292,0.03741693834434584,0.003145976594318344,0.028214510790325848,0.009254441050545677,0.02958821439603802,0.5425062569752568,0.0317169821373759,0.044998725640288305
22.786,0.008017686035942148,0.004362941788180646,0.00935569001262659,0.006119875664800428,0.014968427049940624,0.0014992705270006465,0.004491216146149079,-0.0006429167063822774,0.01851515544361311,0.0010523942007478275,0.0018768901602746108,0.0,0.01209024118335466,0.010054286850370438,0.0032162032364137245,0.00808070148974069,0.0046190974220374015,0.011750440892195846,0.012270985699277367,0.04339120568061293,-0.00016488764432522393,0.07646613689800795,-0.007476289469026777,0.06575340217914206,0.48495884784412446,0.08555021817027648,-0.012468789016221251
23.279,0.008302251554086582,0.002484062405264135,0.002070030048225339,0.001389528346168119,-0.011566127770914765,0.00023509884106893018,-0.0017787621975900076,0.005612833867741146,0.019988418738751228,0.0010819623792449682,-0.00012697549733271942,0.0,-0.0043977709763020996,0.009766282696125247,-0.0005702199470593291,0.0019895993803376514,-0.005773307752422475,0.01561981509054755,0.006509733888442684,0.037217542573825306,0.003267492039954445,0.049292433087795635,-0.0024240840432506365,0.06125402600086784,0.00718536075767985,0.1178678282096765,-0.004690026801903821
23.776,0.01251728949079431,0.007752003684040892,0.009131250501006693,0.008678592428352755,0.013371157890428254,0.004816342703051982,0.005988718908724035,0.02116471695378453,0.01814985403257575,0.03003176289950877,0.005430603620973181,0.0,0.0016082000494005357,0.0214260115765404,0.00215405923138884,0.0052871197591492,0.007795127973974032,0.020279157787344446,0.011723924239604958,0.04193994953265921,0.008512288049048347,0.021607117534035526,0.006882232440722388,0.03342483281789473,0.07674541291717245,0.05815247880796973,0.043140170999350705
24.287,0.018400059296274522,0.00344113984715879,0.014004545456484175,0.007762033270960425,0.034196783352816486,0.002181238955020387,0.004404765610499095,0.0027691968536449362,0.014241167210373312,0.040839540923208933,0.004743857323166449,0.0,0.021965975879321878,0.0070596071095806985,0.004322665308216521,0.01051644517125402,0.007347606526088033,0.018028280935292743,0.008998945816912941,0.04844122270821141,0.005593424667170564,0.04916385191260609,0.0249087154448986,0.024837903049160136,0.7058758155301413,0.027131442085507464,0.04432410599600154
24.778,0.00983884189126294,0.0009723402062559521,0.007574065285474628,0.002500578901185484,0.07894090445264959,0.0028983074975799145,0.0021020383899011826,0.0176835544990338,0.014095027588939277,0.012931643938731856,0.0030628639251012754,0.0,0.011960054764529297,0.00661542372337741,0.00446208020795661,0.001144057309764323,0.0031256652721650038,0.009643352371132995,0.004908198198753432,0.013359032403535274,0.007831298138450245,0.027198153819443783,0.031445826385726176,0.031480922212219355,0.48646838920849994,0.07475729247843403,0.03015852320816765
25.277,0.012433397189490764,0.003417953989007633,0.00560668684997607,0.0011999524088090441,0.03264608510899362,0.0018393607814815734,0.005231472542424408,0.0046284094270144125,-0.00039581603875412947,0.021425438174224834,0.006292019012529441,0.0,0.010612589531997554,0.0029704985743727293,0.014895122339134875,0.0028882409500746897,0.01073713912861047,0.0005465783040946517,0.0034299021202399385,0.013388817302628758,0.010110443764976529,0.03073382094026292,0.021192608522277778,0.042318694378542125,0.17494411525067094,0.07748291374362454,0.01889537124849175
25.786,0.01856351442968481,0.0017568496883665229,0.018776029460217256,0.0033942083157804913,0.08590472971008023,0.004005755799744578,0.006559126432792961,0.003703321562016315,0.008724611661992525,0.015400412748507035,0.004438076709449255,0.0,0.002587716847344901,0.007183269188097914,0.010831666755650969,0.00786678715899966,0.010886258368573163,0.007589600666621823,0.00306064118851735,0.052468083160989984,0.00010120457988810786,0.06754056607275193,0.034503842407796845,0.03376700006836709,0.0014244167387688757,0.051665365922666455,0.0012832122521678198
26.278,0.005139865308275306,0.005316448787948228,0.012903756728815946,0.00740145398557495,0.02736279862278177,0.0024920877815267895,0.009951177047484976,-0.00479033851014569,0.022417541371140468,0.038179005044829184,0.0017698152525574132,0.0,0.008987498059384074,0.0066885905228162125,0.004005683339944853,0.007111700297587631,0.010755607110606339,0.019705818423471164,0.010860976759238737,0.07301850930599567,0.00267966476503467,0.06733927113380873,0.019691248985788414,0.024075144174280458,0.4380663097831736,0.05999101283031907,0.06976142182464194
26.787,0.005917434423485257,0.007654890238082317,0.017985889953179766,0.009814217621116315,0.0700705112004874,0.0023141444484495763,0.00821961784569448,0.0012382926904245003,0.03047598154385258,0.0013633910430992406,0.004456581583054876,0.0,0.019150229494524208,0.004683927576992301,0.00400097800742485,0.003219437266345992,0.012020421727049493,0.027793079968133173,0.018146813038514533,0.09587008938306278,-0.0005866106735306829,0.10141960656189813,0.02451472960152146,0.047607523853260225,1.1182799975975115,0.06518582733996166,0.027187650250333192
27.278,0.015181021593119114,0.004476950746839532,0.012207473254619738,0.008668271544662988,0.04995283934478511,0.004656997420054236,0.0077280026122646265,0.014286622336995661,0.004554936090788794,0.008220498371777008,0.006851045100096941,0.0,0.01222436100055217,0.0051980299153745295,0.013096415657948656,0.013080242716628799,0.014088773522887964,0.017812731212066155,0.011436843008201537,0.03648352344717579,0.0069705212911991285,0.048687595335072636,0.023091881702794224,0.017686379219138213,0.9270583813387534,0.042583327707333654,0.04116957954791346
27.778,0.014071126798886861,0.005998657471427937,0.0146524983515982,0.00872607139707015,0.09674551752123356,0.004460553734041141,0.003434060063776042,0.015417771902136727,0.018827333963548302,0.013072060580684332,0.007620243538614886,0.0,0.019297558158291813,0.007000217148348354,0.013631257667437639,0.013422698380460441,0.014604197124846051,0.012795869576402868,0.010221441222450639,0.017894658657625802,0.008519447060166937,0.05751960743318893,0.03392909495738999,-0.016277821774374156,0.8814159261640575,0.06560593820908471,0.031865933267870704
28.277,4.204172901925406e-05,-2.5187622495186397e-05,-0.0019246559401618231,0.0029125150807268693,0.03708471544287785,0.0015042189813302385,0.007320790791595571,-0.0028181250078268432,-0.00665481386076691,-0.0112831048128754,0.002346892097046344,0.0,0.0125715680225947,0.009730258190560257,0.009062266152089318,0.005063597641407181,0.004915839454138176,0.008800558373390086,0.004078388829029271,-0.02239907274062591,0.007113017131835921,0.02876047978911427,0.02087769629699199,-0.0008328262335573608,-0.9738159657810747,-0.020837356579836683,0.013453043714942332
28.776,0.013285764853323417,0.004304569258097441,0.004325662508241839,0.005595633511626335,0.03454711542769015,0.0029367012590582023,0.003989364004639976,0.018834839775535413,0.010725794756074419,0.028016635110014447,0.005349518500582996,0.0,0.00736416389084981,0.012017784286763067,0.008983313716457232,0.0037992477627299165,0.013581438609479052,0.0065660580675940775,0.008133090479267227,0.0073025191509189765,0.006841102473876796,-0.00801517085180593,0.02914321535519518,0.012799703401815767,1.6197485809844865,0.0061367124104896534,0.06584895461043831
29.287,0.007756656256807643,0.004675932685167057,0.007364888751643199,0.003054441964187706,0.06729315126478051,0.0025903871698228845,0.005230524572463423,0.010510059149984421,0.0007081501103391439,0.010337325609503957,0.0025972881173516736,0.0,0.008194757003642476,0.0031335183347998116,0.00880367931826785,0.004710238590922151,0.005098994778009736,0.004099002213932083,0.006703141746932313,0.016334116825992808,0.0075837953707396525,0.05804595152542091,0.011038499970433024,0.007553017893736517,0.0803038105472765,-0.06321298362002155,0.04646928886338872
29.776,0.013030891616127187,0.0039962576283789466,0.01150198549134193,0.006225449726953931,0.039899235156365315,0.002627459078662266,0.005078271153997923,0.008260944039734685,0.013905346058360987,0.05171802324457791,0.005345550279120182,0.0,0.01573421184559475,0.012548416892765216,0.007714261124177282,0.008457845775075754,0.007775665276184688,0.00983494663407271,0.01044194220358257,0.036805702784323845,0.006485608942835189,0.06488682345034186,0.03243805313703983,0.03244168407892842,0.9587871829842398,0.15044488183386392,0.024675424287587913
30.277,0.013387917880222535,0.004937093179395374,-0.0004623221798487438,0.006436945271064443,0.06172037444621189,0.002066417442759863,0.002545815719594052,0.018050734876255643,0.018014795032084842,0.0400299333211794,0.004884884101733779,0.0,0.02235450883051705,0.01236388567802629,0.016428288627640737,0.00673752249939972,0.004260200398341005,0.010442056399204742,0.00743562898915795,0.046535719158943625,0.005891215069245539,0.0046524764656743255,0.012025568063993925,0.057969738542292745,-0.04132462161644555,0.11372247133579039,0.03420313270520365
30.777,0.011990202273837236,0.008998486917268523,0.011304530661620455,0.006294091063017854,0.08396716860495655,0.0018588418944481984,0.00430788705888108,0.0016395377375715895,0.027620919009252457,0.005484444007910639,0.002341099875831478,0.0,0.00899267770811152,0.007808507148423926,0.005823667971716571,0.014516682237073579,0.0014358937861112249,0.013843865157510165,0.0093827485949106,0.05615765916638299,0.00048586458892689723,0.025445886355378686,0.009580552572000679,0.04325731506440783,0.6641388392498503,0.004063485361618957,0.04991124754484177
31.288,0.0018601884314599574,0.00730563224239299,0.010970034094109505,0.008433860732216652,0.04607160109318763,0.0020651702589053484,0.005694259566462162,0.016661009305963346,0.030129079102744424,0.07349437190050404,0.002906318813537302,0.0,0.024798463669428512,0.010962598126603967,0.008115287165067568,0.010469500250499503,0.004919966964078757,0.0234445507522152,0.007988924317416346,0.042317991655696614,0.004473207403747839,0.04949143114245011,0.016848040967823327,0.04259985622925861,0.6549512689596118,0.16052328617420544,0.10025172345993323
31.777,0.02147029325048019,0.0069019414747427555,0.025529954479221423,0.010403584674094806,0.12643148103396698,0.004016238584777121,0.011196618092717676,0.01569489051671446,0.03225461143705749,0.07042401855113853,0.005545402531570708,0.0,0.023132567726419417,0.013753418040042946,0.009844180698822064,0.01305651361400181,0.007030774076435961,0.0185990450637684,0.014788353501545467,0.046025410559031824,0.009664932603948424,0.06451213924524807,0.05980387986784304,0.04206365105847259,1.6073032538215488,-0.004605497630031022,0.11773471330186444
32.286,-0.004527475691488246,0.0019337145390457078,0.004696970729332625,0.004351620173111175,0.013140293831182563,0.0008479604254247298,0.005102986888549756,0.0032210399433822783,0.03190071667634358,-0.013924587560630723,0.0001390488193258235,0.0,0.005129049108768033,0.002037046045538127,0.0011917876395148763,-0.000676097784403619,0.013850857752098667,0.014015462103761181,0.008649438678690861,0.027912327646067853,0.0034093376134872815,0.027902897995590755,0.009293158797653245,0.01936119526580396,1.1507230596557323,0.0014375628363257793,-0.01523903707756136
32.777,0.008971495434465893,-0.0006145591784948416,0.0013996250186217878,0.0004449025404759107,0.09459787733755319,0.002259831929044994,-0.0005152995355581041,0.016788711088016613,0.0017788118003518993,0.03278256151249891,0.0035439171157339543,0.0,0.01724359677523497,0.0014376212028213865,0.021094250229029582,0.003210324067193352,0.0028483895726289744,-0.0031089088635354294,0.0012839423064064921,0.004889861277807273,0.005362044185057484,-0.00024819789362290687,0.029178419718496214,0.04267468294132488,0.6053883141339188,0.09399298954817675,0.018925117760335928
33.288,0.010492826859126184,-0.0012548801119364548,0.003263981778973112,-1.754111462185859e-05,0.08167554666014687,0.0024562875245205257,0.005216116421696796,0.01576701939374667,-0.0011293239063525033,0.007541452883106424,2.9809953477081484e-05,0.0,-0.005771223115076106,0.004953133093347462,0.011308507996344854,0.010984478682858019,0.004549828591208822,-0.001337632732644,-0.003736543583490155,-0.013473478107964643,0.007797525712593715,9.65214030755085e-05,0.03589847889534988,0.010057411650823822,1.2048608561514615,0.06162838718219676,-0.0032996886484312044
33.778,0.011242337530071204,0.00582794465474632,0.010385008718398417,0.0019630154897120273,0.0801654306705444,0.0034928772240835453,0.0038261565473266777,0.016792376285346522,0.01037857165944023,0.029133880186986354,0.0041066265268791344,0.0,0.021344301558200364,0.0028515478165532203,0.0062384178265173585,0.006127714331298405,0.006576190468515005,0.006386692910089467,-0.0012785436580026184,0.03538262600723262,0.005399769690811367,-0.022528481349673155,0.039042271601041546,-0.006631644400656483,1.3723855985310232,0.029724638647675175,0.07237949765513113
34.277,0.016204996358433317,0.008926328885241315,0.010699444976554002,0.006827267599459216,0.10630624793636093,0.0026843354684781746,0.007585487589694333,0.01219228043279765,0.030183564898341116,0.058518513154270015,0.0028770928312706195,0.0,0.02202909278267677,0.012083128913933008,-0.0001585791779333973,0.0167523411736172,0.014183648298133985,0.009536367444803084,0.007279378404924692,0.04470443298507943,-0.0023152161492464287,0.03307228992166974,0.015365738848200049,0.07319932850223629,0.7320045913421418,0.13405368553583352,0.08054982104527306
34.777,0.00380141306159311,0.004187249473480478,0.008087387341174188,0.0055116213783808765,0.03171017213948996,0.001508464668840228,0.004577948709632827,0.017739948943779636,0.02769443168698474,0.038042712208583275,0.0029837264211783543,0.0,0.013392623689564604,0.009121434441351153,0.006132453072133782,0.00016902444610084126,0.004083182232867454,0.012466997451560827,0.010260097819150172,0.04944462507996697,0.005835064017237809,0.03855840592312527,0.0011061079162233917,0.03714186724415901,0.2945626546355675,0.10683820478740748,0.07216866728575816
35.277,0.003080923077229881,0.005240279646764353,0.016091257864827988,0.004039409399662736,0.05859097718040771,0.00024489566415600436,0.006142982254567432,0.013794958313389116,0.019556017028913634,0.059431388329593944,0.0001260788987760049,0.0,0.016870742793357887,0.01029317893683954,0.0020725481066352744,0.00601197530288493,0.0031667939552587213,0.013268626647477435,0.00959433482841343,0.030632045444169084,0.00809263180934181,0.07177372543244606,0.041653064041455655,0.06237143136950999,2.049333863713098,0.107273577694302,0.08135087387923728
35.784,-0.0006777062113003975,0.00117106840052212,-0.0012785108107667717,0.0007770140574200608,0.05661336737391439,0.0013124653868556242,0.005719751941079619,0.014000387691167744,0.014976756357907814,-0.0023375604305327334,0.0014659300222602063,0.0,0.0024160983387061575,0.0072354793724190465,0.009363355354268701,-0.0013118339639092776,0.0014299094453390463,0.005662588494166747,0.0066041469815845966,-8.130271609636442e-05,0.00713901305010741,-0.0020011562725003647,0.016218780469698546,0.03420789714000887,0.6717730773830054,-0.034751900416882954,0.04907795397343868
36.285,0.00439018203392623,0.0016374404892130448,0.007942449735121504,0.002333238717618231,0.04102339166239791,0.002092033424370699,0.006216419841495183,0.018476814866420183,0.009292875878836749,0.02398865273468039,0.004837152229276276,0.0,0.018705224526140277,-0.0007730362534579028,0.005546224692143912,0.009039121088289097,0.00030481648054716404,0.007236879066797948,0.00583855285546474,-0.014868044197708555,0.004450322655962908,0.0720829964723788,0.028868196914167907,0.02873763178373864,0.6012684876472414,0.12452319684995419,0.03770556668106838
36.788,0.0054413709707861,-0.00015057735889352898,0.004398634828543023,-0.0014298080830163929,0.08697270412275296,0.0013854411769364913,0.004849537407110741,0.007970510653496441,0.007621145524507516,-0.012914105830819696,0.0017134322716870235,0.0,0.013605539598118764,-0.005150815642720117,0.012257477057917474,0.013143136410275523,0.004327058244329517,-0.0003586589806468937,-0.004847976699567423,0.0035335514404413178,0.0041202217446180914,0.024298743608105175,0.03011896038604032,0.017297775775642926,0.7435563527085727,0.039572267133334414,-0.008589421608563384
37.278,0.004652209000150388,0.001012260088056004,0.005247597926447626,3.2779598699111675e-05,0.05513061331392464,0.0009767917306723868,0.004088605981072637,0.01203708061992106,0.020264350693262996,0.06752530840671102,0.0005774304920700929,0.0,0.015113813931140639,-0.0004214587342428361,0.01066170104231113,0.0012268796989302689,0.014379019854605827,5.0244339922749124e-05,-0.0005685948627080719,0.027591875938744743,-0.0009138197029903912,0.06966105763755825,0.008947132039211663,0.02519701687746269,1.3416293955475733,0.13381013368925784,0.06878719510231766
37.787,0.005935977904975132,0.004829278602154698,0.011141590011459727,0.0023484464891911994,0.02019536284393629,0.001723363664612044,0.0048278303650408205,0.012784776663494295,0.026323581035237378,0.06058540837216713,0.0003627474813349715,0.0,0.021290924042579422,0.011420918900646304,6.166968030745006e-05,0.008169996243908375,0.009114127993195636,0.002747290546296056,0.001020488023464774,0.06020015115972705,0.003198045814708129,0.06115991884685975,0.007831140049742202,0.05081837443213799,1.7369231584089135,0.13243372366727044,0.07161310541178859
38.28,0.004031639044835767,0.0024195198379039075,0.011892748454869255,0.007280743879279459,0.03248069750521065,0.0021910915844515952,0.0028644633443566507,0.01938564866543592,0.044240677624267796,0.06410761522084606,-0.0010401893489612993,0.0,0.03402015303559311,0.009080102422494147,-0.0011309691536418214,0.008630415495385927,0.007575622123783938,0.015093677447931232,0.00982333013076797,0.0752457799246408,0.0057677478727351655,0.04522106533345519,0.01557529818131417,0.07234251775034534,1.6639190772163905,0.17665918216217202,0.04537432002928916
38.78,0.00019649170309729336,0.0037214541572100574,0.008884472508643899,0.0032209692073537897,-0.022010270612827256,-0.00016928250146718745,0.00017456424785035725,0.02635048187215269,0.030031439989645033,0.011013741619462936,0.0006742172703512911,0.0,0.01123559554376122,0.011703844219826683,-0.003919487136004032,0.001208798955999746,-0.0025219639922816734,0.012326634996024368,0.011822702745798497,0.04025501926461238,0.002873413089534588,0.03055579889311364,0.005774466785932703,0.02671656795769824,2.264332495329578,0.08058726160715728,0.009013124960663055
39.284,-0.003961132316527077,0.0037311068912305847,0.00881725841725697,0.0022387021431683773,-0.04730720777889774,0.001541613715696233,-0.00018288678758976364,0.022763142192672284,0.04168976415930076,0.08223162442200678,0.0018529389889917493,0.0,0.025899800021243927,0.01138605177556709,0.0008109425352247232,-0.0018701696489056051,0.0003662087449494076,0.006503593661938447,0.005230515093449699,0.05849007819180283,0.008475697123341926,0.057466906813976315,-0.0009119795800019472,0.04703580779008908,0.04647319048528367,0.18827323431354367,0.04293031389127356
39.785,0.009657138909157007,0.003648537907651497,0.0074475989018056125,0.00631707302633355,0.07620337679284395,0.0015608666211077728,0.004912118653805869,0.017484455362328007,0.018779335993697806,0.07691712184411507,0.0014161991853398688,0.0,0.03242263847160976,0.01421762834436915,0.0054682026476090976,-0.0019379868545088934,0.00624213419304991,0.0158436256719197,0.008483017101086782,0.03728145601808222,0.004906943621909581,0.03267914400447318,0.012554960612264505,0.0569310350255502,0.36537038155102586,0.08328736044415608,0.09238817084429123
40.277,0.007713092306259882,0.0051038450733493865,0.011365739091343656,0.006024944631749016,0.04031810890016849,0.002284479814909649,0.006399962757443465,0.01751057059274008,0.02254622407907032,0.053845159654070406,0.0031258880131466837,0.0,0.01191902380380873,0.008660983623421261,0.01518532339008711,0.006664952861833536,0.0012022342038157622,0.01113670934265567,0.008908549394432806,0.045490013032609,0.004918359350904092,0.041365220126467386,0.0013839023775892906,0.05455975923257806,0.17180650229965508,0.1274793948742896,0.062301677981065014
40.793,0.00274158233036405,0.0031490369044502474,0.006095286556710016,0.006059608628207826,-0.0026720173301287985,0.0015167349361821115,0.0019772806070891074,0.005270312322545105,0.015725945506801595,0.03361992835617537,0.0014157870723111297,0.0,0.020665544921871944,0.016142626679326342,0.007811804283282094,-0.00010094437259177228,0.006901413171361433,0.009562232246322864,0.010102249654206572,0.03575081771260093,0.00799642133411959,0.008277906504311146,0.01655770166741406,0.07255179591831144,0.05928551169225298,0.13332977004447072,0.014452074356930866
41.278,0.00607851145228909,0.002038502482893222,0.006692617182444067,0.002989994329629281,0.04073118397040629,0.002326508579618805,0.0018754443141143304,0.019676710336603846,0.01665825310716727,0.028050340027657047,0.0027142554193227255,0.0,0.005596320996948398,0.009495514808041812,0.014092612279386036,0.0015250721110437282,0.005000940167135189,0.0028965389225940647,0.0018632762090488443,0.017022239644621455,-7.024337699816996e-05,0.019710586327651606,0.022480234164593372,0.027484407031983064,0.6174618492166014,0.029689177924467958,0.057292066146904096
41.798,0.0062296933546086685,0.0016714793353592196,0.006210557567067592,0.004607985688526809,0.050555092335343194,0.002118195991847014,0.002339404853702016,0.022623036599188465,0.01282039610616384,0.08335985889249296,0.0008584579560682041,0.0,0.012396940521587739,0.009665102953914081,0.012118154190805754,0.008317454272575865,-0.000661374363136353,0.008048882295163182,0.008508828097545947,0.026040893145023423,0.002193005392283017,0.013725746423882195,0.017177147182532094,0.03797138443425737,1.17189135710329,0.16770972358299824,0.12041736197369585
42.279,0.019361320366221096,0.003910282741108711,0.009415108853026103,0.005715702491069822,0.07157146861724317,0.0050828050031883325,0.007497899094239831,-0.0014707344665423289,0.022734000069373938,0.06669627131285387,0.0038503080069118615,0.0,0.010327280188361767,0.010144488383405753,0.01776560468211342,0.009683595470276635,0.010155482108036422,0.007901093323840144,0.007179988857481919,0.041015325102420945,0.0068181199601975865,0.03875196509769021,0.029347500877937294,0.06868473767585892,2.1330424783745334,0.15887477556365004,0.0604775558301696
42.776,0.009386896943722607,0.005952901407657023,0.017210897595934433,0.0055841180175245355,-0.0084160941110264,0.0018645450042209537,0.0017774056332850346,0.0023506408335529864,0.038642382310869555,0.06699099978605014,0.0005264836627174699,0.0,0.02538727760043089,0.008621986922753145,0.015214264148777029,0.007494924899085235,0.0038608044360028257,0.009369703799176564,0.008134237032864632,0.09181007787987881,0.0035521865918148963,0.08188047918278364,0.019147578745631624,0.11889928384532343,1.5819669730936887,0.11244454333364416,0.06012203538501457
43.286,0.005462197818947067,0.0026291490991271105,0.0027591326178669565,0.007970632385880147,-0.025696653867849445,0.0012229408499503022,0.0028237438380993374,0.006704035242116639,0.03876813695068204,0.05190331904099048,0.0025063733745598637,0.0,0.019950599310823932,0.008816052955201893,0.011046626425407408,0.002403510721461964,0.01048816931649164,0.01979212071347263,0.011460693427772747,0.06409428028273141,0.005502174701975938,0.015357089675549917,0.004984463933551315,0.09830250604156575,0.620255131365171,0.06366872075202515,0.08436796449323555
43.777,-0.00044914910824336276,0.0014422393102146108,0.009972380886154084,0.004993112695750781,0.05815962567236797,0.0010934389258387982,-0.0007859203656433856,-0.001980371710126611,0.02100330947729042,0.05943970848305306,0.000756424057396633,0.0,0.012470078570850557,0.0008228905400262388,0.007457175368183143,0.007429983383252381,0.010544765530574322,0.011332136022494135,0.009693055341174196,0.041231191651695094,0.0018948065177587694,0.019404404155422997,0.02448596150094,0.07587190942757378,2.4338641399804715,0.09871247181595624,0.08121407689301724
44.289,0.011438298157962663,0.004669234513474311,0.02358296544321729,0.005949937518507522,0.008477203175133122,0.0013553054796970466,0.004291115440007598,0.0029001606972817147,0.013971833246126403,0.04367164761788015,0.0024714960686715395,0.0,0.016549984859483263,0.002325085375818795,0.015197046238720058,0.005613379487962078,0.010254531662313333,0.013028545224735922,0.010944381747094329,0.06882337200498721,0.004970820514020415,0.08456827646957374,0.05993613607249349,0.046224971660614705,0.843463659936443,0.08241692882500033,0.06310172467279504
44.777,0.010927529287033626,-1.2414819052025858e-05,0.015117373439428369,0.0016384870037450768,0.029464402433567728,0.0011712458392360483,0.0024740636404050314,0.00707477906101892,-0.0008562532092465878,0.037398199249117435,-2.9852974603322804e-05,0.0,0.006846305623840562,0.005875908031947646,0.010691544232743865,0.004449896854272527,0.004862528271061697,0.006052188803713936,0.0018240435935726422,0.005208624420089372,0.002630880350453637,0.07583394462254753,0.033123017454107666,0.024332687842156236,1.1836861441781559,0.08271206943588015,0.02900883676735573
45.286,0.014183946445431861,0.002877684366098306,0.01271615130189404,0.0062963778494006094,0.007153574200461082,0.0016723366123760231,-0.004014282957572128,0.01575762052558162,0.022231496998410528,0.08224773370856471,0.002527768905110081,0.0,0.015458983468620995,0.0035196870975995665,0.020250756283585636,0.018547556603983717,0.007550207740245359,0.008655961862376207,0.008833903520669869,0.041112734527723474,0.003908860384761315,0.04027135806182648,0.03102807481396247,0.032201522200673814,0.6103881620941286,0.13325727058155373,0.0702423057388269
45.778,0.005250909092912721,0.002043389588998308,0.009320205567054653,0.002361239241414465,0.04329673137356664,-7.891054565823937e-05,0.0024997481940173764,0.019210840493467083,0.010440295500415312,0.00971985586058644,0.00042115441185990157,0.0,0.013496699002556902,0.004257361271308319,0.01546945697555961,0.008831884162655936,0.007708882365831234,0.0005486160306001255,0.0009715621420525732,0.020566361638018275,-0.0015013682575164054,0.049410378089145904,0.026331085992415196,0.043430357120248,0.7077127787098643,-0.006984668045405955,0.04309272452652938
46.278,0.010104717368119137,0.0026607961507448233,0.025317515736424292,0.006325767435294232,0.010248710264112993,4.6608266500324994e-05,0.0017565266638419836,0.011879485161198675,0.015877033711183514,0.049217153875738114,0.001971910359076846,0.0,0.024708951895454332,0.012688714820388929,-0.001281016041941768,0.010710769466863359,0.013611754183457926,0.011492272462935627,0.005423078492401871,0.07272788583809468,0.00030397315612484035,0.08439303263646648,0.04337429890747653,0.04614836622619613,0.5855633555803039,0.12491129075442584,0.02572095490564987
46.778,-0.0004994680282581067,0.002187195185379507,0.017800724999354277,0.00646857634097152,0.0448196606796813,2.5408530064531792e-06,0.00096503660266871,0.0067135771209608916,0.022830178331161903,0.060456990374414196,-0.00023880881871349172,0.0,0.009557014279334253,0.0061348600448906925,0.004199209803376672,0.007240972353151331,0.004650161803849948,0.015404998990491098,0.01191026080137709,0.0610425602045903,0.006674210274816358,0.06089986780040138,0.01300938709944849,0.07300303435334242,0.20145845575689433,0.03496424792506609,0.07660021966546386
47.277,0.01325166845898468,0.004501087006209042,0.014949603285141893,0.007163057284049426,0.10352895441562805,0.002915927928762381,0.001744673859790234,0.022919403525617114,0.01830404238618058,0.08188727128224096,0.002781462834405959,0.0,0.021157633343191987,0.007433476936819776,0.01266308001869591,0.007915274588440047,0.011181738158954164,0.01789903851380272,0.008769201871754798,0.04399466402824645,0.005629639185383506,0.051752343363148406,0.05382473115265559,0.07687883965763809,0.7382311487938379,0.0731779425617982,0.12708312076544834
47.789,0.0022081215212461647,0.0028277487730070726,0.011764368883964689,0.00533797077738018,0.011418762616236255,0.0003447029556757684,0.0023379068789762337,0.009750300994637721,0.02807240077889965,0.039534533576150874,0.0001763884476715168,0.0,0.007557712022195798,0.009417883780062034,0.007073553435138106,0.00365018709397714,-0.0014899466186218111,0.013666523455668357,0.012874127619740052,0.04497285336899718,0.0066581931609300165,0.036680547615126145,0.02420211502364625,0.02751041279608973,-0.04742526476857105,0.0408526015396053,0.021646045581829802
48.278,0.01611919680921656,0.001395545874392034,0.015459551496729765,0.0031466081551474183,0.07374986615139124,1.319230857557217e-05,0.007062039390337925,0.0194294339611484,0.0049788089932407175,0.044358960731691786,0.0015276138998794786,0.0,0.01457746355440706,0.009214831258949674,0.005613199553958215,0.007838345186263241,0.008089413878525818,0.002729701989233682,0.005749555223697486,0.01936552189744217,0.0047658615102206744,0.03102279536673152,0.04287509128215198,0.053043697250182514,1.7938051983694892,0.07408136784982297,0.055694037029979895
48.777,0.021296008153577687,0.001723340879176206,0.013518214304021633,1.6253329944590408e-06,0.1182073296699117,0.002778507899523585,0.004296726458811456,0.016836288412214784,0.007105302931114051,-0.002906788764323353,0.002007255523161711,0.0,0.012418379706920231,0.0036459417905186776,0.01071892665979648,0.008064775778006432,0.0044054723687036845,-0.0062126146890504694,0.0008653236131542507,-0.007906661267999975,0.002884600125715754,0.014724069214155384,0.0671183763522186,0.017863776152444184,0.5719824408093737,-0.0022676138082938103,0.016941978289628217
49.288,0.021361019815928743,0.004731352655105349,0.018859019366615645,0.00025380599365522436,0.06611231812244643,0.0026051295960053227,-0.00021699557703691054,0.007468159165734882,-0.00936938845089218,0.04740507967273103,0.00327489315364222,0.0,0.006618543886488901,-8.29200208241286e-05,0.008838353500927989,0.009040123518999028,0.006736735979406074,0.0013634976731547199,7.09624859101007e-05,-0.0025230890540687526,0.007436733809912679,0.0399227722900611,0.04809095004784462,0.01631999660533922,1.2968361831945205,0.0631280261230527,0.0632381666885009
49.777,0.015294518892197597,0.0024106111186647954,0.02834111367669871,0.000856156006054681,0.05697467156331117,0.0015847776010461403,0.0026379623406032303,0.01864034672953152,0.017491862474869706,0.04921348014846852,0.0016930233947523075,0.0,-0.0036915375626007992,0.0005987622144987334,0.013134129934244893,0.011744605887519185,0.0019975025087160697,0.0014939181548113585,0.0018013530131794652,0.021403775436784178,0.005348129750107931,0.06585294997141289,0.05308282202026117,0.05540228469308089,1.557371806303838,0.12113461003810078,0.05113703922061026
50.287,0.023482168838223016,0.004523776610446004,0.01727562510252434,0.0035374240275315378,0.08877357438096424,0.0038615544394808646,0.0029084371684505498,0.013426234070525745,-0.005424966057588685,0.03859731864251504,0.001366409239548205,0.0,0.00860409415135596,0.009119643971538624,0.018736868131197217,0.009834351704502312,0.014645068291221355,-6.853126249145603e-05,-0.001978415880694951,0.007624375099739934,0.002775248469753509,0.031228659846516786,0.052106391195328325,0.06470103818512914,0.19149661518132505,0.09092716086240528,0.02386657837887678
50.777,0.012676851431529147,0.0018727492970415688,-1.1698963751918001e-05,0.002144015485779229,0.019561924309519172,0.001989356227712692,0.003353212785941536,0.011281815363654852,0.013479114447732577,0.045368729931204416,0.0026583800857882555,0.0,0.019774921178663873,0.004578539456776738,0.0043187867763481965,0.007468884521542146,0.004341295804753675,0.0027453520247146795,0.0056229489946333835,0.0350680090055248,0.004117563841436712,-0.003363665817889672,0.0019667429738657633,0.03582391202593429,-0.14570341822871427,0.09625030496444653,0.06917254788472203
51.287,0.015737340801393693,0.003708733560421834,0.020920855147655435,0.005895155368330111,0.025780864137742356,0.003141275999699704,0.010052665297239938,0.011972332990585538,0.008407228761651899,0.052278175739280924,0.0030002871331326723,0.0,0.008666085115071873,0.005119301039693854,0.008398941352609423,0.00957420916369122,0.011629500881368313,0.008231666301947094,0.008043231447222356,0.03500337904332412,0.0067695128921256495,0.048004844842908546,0.04234858788712926,0.04982075697402478,0.456226762235847,0.07113797084378953,0.06194168799606473
51.779,0.01211257653420312,0.0024919544919550264,0.009795335046159715,0.002393229369318373,0.04294454818274771,0.0025082172824357476,0.001302142307058398,0.011831941878304839,0.0057561909886356495,0.04602737930020788,0.002953705393367984,0.0,0.0012915646781706605,0.010502347601117085,-0.004904828669114539,0.010841991409039475,-0.005085936794767567,0.007536111499165362,0.00963211246780394,0.020007512143520836,0.005696342098867129,0.01124779806879123,0.02891724773309121,0.028337063624477292,-0.17335622804576853,0.10636705127872226,0.029296251826876337
52.277,0.010412089029727586,0.0004604723529054231,0.0140653530037861,0.0005616086435452969,0.08007169128731341,0.0020930816235691613,0.008827203509040702,0.0014344280027228488,-0.001266770398208231,0.0017796241974663708,0.0021047410312287967,0.0,0.00018931500919845934,-0.010627509239587211,0.008321494318306132,0.01239896570057941,0.009749304247896707,0.008419955297772909,0.006229156189887766,-0.02106028667082631,0.002790983809882401,0.03750885548028612,0.05492202321487037,0.0010626486083587566,1.032542062862537,0.08818722271873386,-0.011960410050463697
52.787,0.011385923472781535,0.003091075675196667,0.020315432692940335,0.0026088329384745456,0.08046583538732548,0.003705333353500828,0.00578406644354732,0.012799145693583702,0.019402067164426995,0.02343637340478953,0.004298366321477634,0.0,0.006960545848454172,-0.0037375242042801417,0.011682318075868793,0.011601066333720857,0.008673442992144356,0.008685647621971692,0.0058907847050836655,0.009965026030901904,0.0019373971539829332,0.02054445619591456,0.06688601563176065,0.023475441552723502,-0.2498686747443062,0.03765439777958982,0.013009242136598067
53.278,0.02253602608110968,0.0036158590322024112,0.023522356304359275,0.0024567662473432526,0.09539564785034044,0.003130729762991245,0.004895120269412246,0.01603126935984898,0.0043446604128802345,0.034020635277541025,0.0002287867251188511,0.0,0.022368570728405337,0.003061422084684605,0.01538420749518058,0.011089890109495563,0.00661919467954368,0.008470013062739187,-0.004810481777675099,0.04484477910816443,0.004252921245155831,0.04698606516589614,0.06176481167700756,0.030186818506989968,0.0018317516347457405,0.0851590056725177,0.055672841871965174
53.777,0.005230121175612038,0.0038772211082626976,0.008403444349827975,0.004741377538412005,0.0007420067411611568,0.0012786683852196688,0.005645201367842813,0.008426386967078828,0.009569703570793085,0.02992968194329821,0.003569977270453519,0.0,0.013050718282731064,0.007299491344948749,0.00776439150092424,0.0069008978830778465,0.010931417855881611,0.002003321570565649,0.005229201495841269,0.016804212830819457,0.0027997266004323998,0.055125839928927695,0.02870525112506667,0.03949940428570378,1.8550448699212723,0.0469907578229106,0.015720507091522052
54.276,0.007088813728851532,0.004365767283470732,0.014813283404554992,0.0034567644423782328,0.05773059025008664,0.0033183299384566102,0.0002161102476611924,0.013232482697977128,0.021245323156334452,0.11409001592701953,0.0049451051801377025,0.0,0.01124802121104924,0.0023912507899432516,0.005402638472013523,0.012083496766746443,0.008256554495100163,0.00727754573401834,0.0024075756480451157,0.023340360179969058,0.00487043032148343,0.0007257158700879372,0.038728378364873875,-0.007768195886175364,1.552217877054063,0.18397972100567306,0.11100065350524736
54.777,0.00981196223242395,0.005301381828162032,0.003563729789379165,0.00252524497423621,0.006877008725042326,0.0010697901199216678,0.003335795147735642,0.0068734754806619724,0.026279834618844592,0.05341036905760869,0.00028648135664443674,0.0,0.0036876132284409816,0.005599498362775305,9.608295414383335e-05,0.003454683686473951,0.00212205611256745,0.009107470780892017,0.008713212558192393,0.02724501457489073,-0.001432156746544848,0.014551092248202334,0.00550440384377131,0.030145215316032176,0.9858205026901536,0.020197923057390172,0.064817717435999
55.277,0.013292189305332519,0.0021143175410968345,0.008740429645492749,0.008716177506640922,0.04348608270548895,0.0037577448296137487,0.005430052108484217,0.013888387438961189,0.029685664138134015,0.031367897898043604,0.004071943807593179,0.0,0.016311097174042718,0.011350630526635912,0.00829129752512171,0.010232472327199362,0.007307639584582335,0.01727709111250605,0.013987411746409582,0.05805612657772466,0.012519060129860291,0.0065525835825499,0.019910028680388766,0.033790230770777266,0.5802364514103004,0.04468896996135767,0.028563544070699592
55.787,0.014191325319180256,0.0054556166251545505,0.005145901998065779,0.012411179643031291,0.10054256863373784,0.0024606203809429674,0.005579435456339841,0.01236798024160961,0.033799069398497916,0.060365557350517254,0.004142292239799186,0.0,0.01471149112215024,0.015669395766885245,0.006004193992534108,0.00882860626160279,0.012686679052176306,0.030355580234149603,0.017120997073142206,0.039159332795676155,0.006460821364951781,0.03937265709648329,-0.0004347391775743282,0.07528384928956697,1.3160500137926543,0.08646573291274101,0.07005915289377453
56.277,0.008245755707596156,-5.236263605770068e-05,-0.0031137108786569367,0.0021565925407130014,0.030234621037524258,0.00040788789531807717,0.002799608376052451,0.004134486611383256,0.014906716928899971,0.03163851985200633,0.0005418091711994947,0.0,0.004990493941994828,0.00016616083304448655,0.0015366270595733578,0.004724882760848944,0.004614636016285359,0.005303586723335094,0.006632164273413975,0.001292794836011104,0.001752843839154094,0.016691443279752208,0.00037124625716122384,0.012808126094176753,0.7133843744335199,0.09234285143413797,0.02753088364691048
56.777,0.025566499706578042,-0.00014563898715663813,0.00520427001441321,0.0044251674438186665,0.07105833977682754,0.0031498494229103913,0.0006775321662782829,0.019485504991237464,0.019448764653429464,0.029183401589228324,0.0013501534048479945,0.0,0.0038652651745333154,0.010857822177805173,0.01771300963046167,0.007500406227206941,0.0038118472753507883,0.006763917576050405,0.004815703194917567,0.012850891364427098,0.003305291687837197,0.028363791058558463,0.013741945001366426,0.02704695557107995,0.5733109437438596,-0.052891192969924235,0.07883863635818933
57.286,0.020648668345246982,0.00024111753598470088,0.008378001951591342,0.0049083673822370825,0.09692166105194541,0.002488571072201997,0.006671006523928598,0.0025852785861689084,0.009237354909698231,-0.0310089704983519,0.0028778732082593702,0.0,0.0029558632346655383,0.008714735399413753,0.014679379397005886,0.004036477652282519,0.005396129329119516,0.012018557484297776,0.002925544605297352,0.01984220369382965,-0.00031967979017203594,0.013970523334757425,0.026976626062726435,0.029341225261028277,1.6647001608292809,-0.022130238611502106,-0.0512357514992947
57.779,0.013930176671359878,0.0021178276541420206,0.003260499881967148,0.004749893293993147,0.031274219603604166,0.0033793717585041236,0.005952325826169672,0.004592144870709716,0.0274772052122769,0.03038227883547265,0.0026475168518527476,0.0,0.01573314444583522,0.015757364240533325,0.007904378532513596,0.007672005079241645,0.0035275258968838655,0.004764887442386566,0.006258162649894561,0.03348058171497955,0.004002540791327695,0.026834349196755803,0.003354704012493713,0.03486402130804166,0.8950118951099658,0.05594268335626306,0.05867465633000821
58.282,0.01140137779930826,0.003167609249933323,0.0021589230435227853,0.0022905726789073026,0.12076609220673672,0.0015016884452181863,0.0011858440177926603,0.009876197753754184,0.006244424848828823,0.03892895701995138,0.000981269305106304,0.0,0.010088684951652226,0.009099542847116077,-0.0034141966883392784,-0.002525788003944346,0.002623039459453619,0.008369275224675794,0.008260744050595672,0.02925993720270585,0.006361864839985578,0.015213132100177166,0.006795715644847632,0.029172789625927176,0.9866368696116198,0.08806231339533072,0.04784870669128502
58.784,0.008422194839804201,0.001822017513076044,-0.004742710703810727,0.00359431460226465,0.08853363994259578,0.00022423850270419826,0.003970555596553551,-0.0009204735709554047,0.019821550754332257,-0.0001927035893548499,0.0013192973359958946,0.0,0.012491810822459957,0.004753909622957904,0.0009685684184725347,0.007646601851039758,0.007307143399560854,0.011800318836615685,0.004980306635216988,0.024538680299950585,0.003743247433874131,0.004050304638979138,-0.01660679351513141,0.005099002992212897,0.6536569684880805,0.01920356472382243,0.015133566670662268
59.285,0.017606652651192066,0.0038853475334242656,0.013259215942365139,0.00640342723957631,0.015640078304267637,0.0013228675970299517,0.005878195125488359,0.005679920085254566,0.02968086332543133,0.047599211468033115,0.0045893051163494215,0.0,0.018781332671001773,0.003915571070559134,0.006107464056087772,0.005175738566374858,0.004016896836894108,0.018360605376798685,0.00931853219580801,0.06779229827696351,0.002224081022561332,0.07191344714148264,0.004998568232084196,0.0332854617361616,1.668469531425664,0.1043379339071269,0.015131276861833022
59.785,0.012102437510596713,0.004197393565442099,0.005211195278196605,0.006930043496644632,0.04466646189697819,0.0015212184361968755,0.003803970255961974,0.005884716250904644,0.017957079524174316,0.034281134679372285,0.002571842718541346,0.0,0.0014532602296315755,0.005813113902329077,0.006359773178573225,0.004427259099692663,0.009290986575974238,0.019875826346460585,0.01332033068744072,0.037764480230164515,0.00859055255070013,0.03453855433464554,0.0134633415869423,0.05664872297290483,1.5091369127528578,0.020295768898691224,0.06793844232873715
60.278,0.011531683991944404,-0.0013751883268520598,0.008969300963503993,0.00010265549602478425,0.10146450774192575,0.0008249952198168347,0.0034039949213952514,0.010115047831913478,0.002950840309612267,0.019031921095272932,0.0007461128708957191,0.0,0.002384699870309099,0.007098872483567593,-0.00024707045351255407,0.00015668642642296975,0.002819694457333066,0.00859163051091415,0.0006581549680117167,0.006024426572123439,0.0038143358483769007,0.012852305181350858,0.044350229458736415,-0.029296585862991335,0.786796304777333,0.010659626944066598,0.059031978221048914
60.776,0.012245358939830754,0.004026734906203288,0.003466591777546199,0.002937527798672541,0.14881608582101327,0.0027633074566250897,0.002553127242890832,0.011446318894986013,0.009980859907759085,0.02876900227188385,0.0028746266262640037,0.0,0.006431299878448627,0.00800631370793917,0.004363353705332767,0.0047333982523518016,0.004132427634085548,0.008209309686734438,0.007995855200634411,0.004972087617087806,0.0008172446286794826,0.03732902827999716,0.0023882265679435327,0.016073483665833027,1.2517094672247457,0.03203845203161414,0.05278091509582236
61.276,0.015427437414717414,0.0045881023494765425,0.011906041687256858,0.004745179031135354,0.07961831852856228,0.004434769565636941,0.006079101560870757,0.0052649483559750266,0.011488421072784236,0.043601080111063194,0.0018062119997763776,0.0,0.0031759107124436454,0.004166325758007396,0.014162759125923843,0.015298508682820275,0.003762254150624811,0.004814777960223573,0.004499838644876344,0.040309948948304426,0.00721820806867167,0.011136804690452752,0.03228109158376389,0.033550917226592564,0.5148549399335979,0.1337051698981122,0.055865792627520845
61.794,0.006789871500947143,0.003860605756655998,0.00534009595555334,0.00230250215115963,0.055233357722617074,0.0011604311263432826,0.0032758441884807323,-0.006081231815582818,0.015185800184179367,0.02281071568474892,0.0007026700709640691,0.0,0.001710315326754262,0.0025741724284658375,0.0068663502672026925,0.0024027972039524603,-0.0016938187780689336,0.010955850273855,0.006088683475199851,0.02032294603943357,0.0035251346052236135,0.02627749857655132,0.02386701757932939,0.04149623459482128,0.8829490265815428,0.11501783513452912,0.00663013186680156
62.277,0.009902197060882812,0.0024978898893221638,-0.0028853355323177825,0.004607217325512604,0.04579134664956208,0.0004946872287199891,0.0014250622036946694,0.009576436785863545,0.03381407328674679,0.014368361316590895,0.0021153807759050638,0.0,0.018280039744495626,0.02142769109271799,0.004177809746926807,0.005289018411426475,0.0027956160777960564,0.00777109574353414,0.005765974068257648,0.025510976289951536,0.001644830204623034,0.029871383621785427,-0.012554496912086623,0.018565883611709095,1.6210266939000355,0.1316562795535645,-0.012067778929644783
62.778,0.00907293469058213,0.0027346609419081677,0.002270023972513178,-0.0006675020810581945,0.10078941203583203,0.000932197365055024,0.0038550832587725256,-0.006184542982620364,0.019441092962860916,0.01635980276009965,5.139691389748866e-05,0.0,-0.008831756461339641,0.007607953552521284,0.001015328704036752,-0.0007104071183874419,-0.0045912398619359545,0.005381177514778846,0.0032365365853984397,0.03442137295884047,-0.0016950516672643264,0.019242324222618064,0.005928589587576601,0.027642652956124093,1.7931849464096898,0.11529735806188841,0.024444593567381084
63.277,0.0027684389946924155,0.0002428789211661272,0.006712015489694428,0.0013396605466121586,0.05392422326424658,0.0017434145188347531,0.005122810868273524,0.0022042225689553985,0.015343051880938327,-0.0011506600566480276,0.002218389302732456,0.0,0.0030293449840848273,0.008099458301684386,0.011646696639391711,-0.002207128008641259,0.000522134045175992,0.00422894649203373,0.004713376759225939,0.03979464866929359,0.00696113761077606,-0.023956057983165788,0.011808978661909527,0.0009641344308646826,0.37788109611013293,-0.030573453376211434,0.04447439343807773
63.788,0.0023452294815172136,-0.00010094641931171803,-0.00010633356836163922,-0.0009992633127985317,0.10115647240072857,0.0002640044026634357,0.00025019192624375816,0.0034566078636712625,0.013919141132345684,-0.010884941082749826,0.001103959328591586,0.0,0.0007401103170535798,0.008168173681122175,0.0024240468971691623,0.0032234983148058914,0.002067716336072574,-0.000842685937046025,0.002259292772696578,0.014643993425570037,0.00048722103181153645,0.002203819794622469,0.013844470711427512,0.03351044210515127,0.9284394763337971,0.07045111480692666,0.0032306128240377516
64.276,0.004096700145082339,0.0051158284199875614,0.011086982600846167,0.003051572037866941,0.09925310200573997,0.0024603884938481447,1.818363008259238e-05,0.00884540514266594,0.017083778436433026,0.014378837634391755,0.001404235202010629,0.0,0.0019346089026636105,0.0014449987975550178,0.00506952683356948,0.004656561672214772,-0.0004341056196294846,0.011008840794121484,0.009347045247902256,0.008716955163060263,0.004621364814868396,0.03406736959969882,0.033472260974125936,0.019804037269977374,1.0924409968728466,0.04686998130994962,0.021032583255480568
64.786,0.0014185308991775105,-0.00039222871741146335,0.005316438296098671,0.0027074512745570477,0.07845764168500835,9.262692985247695e-05,0.003640633088870401,0.012722289438268568,0.01833231869483159,0.03445337824304617,-0.0006378192243763317,0.0,0.0057197182696336266,0.006820115058815068,0.0039283704666670865,-0.000285955892064192,-0.00013531128560547362,0.015778242406463392,0.010622096663614355,0.02791471720193311,-5.7222300395119534e-05,0.01749382759477644,0.00992880300110933,0.02555256643777046,0.695440675201395,-0.008678776787742553,0.031755420492240644
65.277,0.0005502477949744063,0.0026200393671186747,0.009047758930260453,0.0020309458493208555,0.09414682399116005,0.0004963069675045839,0.0057469354983632846,0.011627823746349929,0.008672282702699883,0.0659947868965646,0.0008701376155194572,0.0,-0.003544002231136531,0.00559268609809448,0.0020078438532734138,0.004520819260512668,0.0072680326170396,0.007088505908680011,0.006443208069395574,0.0022888946366567647,0.0032359572301108226,0.0034721377939008692,0.035677348510952056,-0.0035987742691822038,0.11845925280429181,0.0820210319462613,0.09142439242171732
65.788,0.0003833509457055375,0.0019909380097166717,0.003319994878061339,9.967268230512716e-05,0.12285197358768202,-0.0006401978991908006,-0.0008612237628309615,0.006830717285857149,0.011335211977937217,0.03542219160753156,0.0005978889717288165,0.0,0.0009263596412440897,-0.0003387815759273468,0.003534166225601352,-0.0043902732844985776,0.002221196424468072,0.005508277478458576,0.004828198598362461,-0.010304433473880307,0.0008259360612635368,0.0346098880909584,0.009853585296585778,0.006048829195706597,0.9374357901987063,0.02111174501269899,0.04225193040584716
66.276,0.010104333440133688,0.00430775764913801,0.005996975508123295,-0.0018061972285108145,0.08694784067155278,6.486540795295142e-05,0.003118909517677672,0.0069461337582265885,0.0008470815277319012,0.045544460933763804,0.0007832200635390496,0.0,0.0015996389631116725,-0.003255333613921609,0.0006629324178537296,0.004032827433356916,0.006454495786724568,-0.0033285617612576687,-0.0021227130643969366,0.006081475110007498,7.475445138256958e-05,-0.00911590379912087,0.028307581144901405,0.009068577454965967,1.8991297267497773,0.05592826915138612,0.06485972062383517
66.787,0.013080868769836248,0.004494630760928582,0.008894150267316114,-0.0001993409493108963,0.10582721809007661,0.0028711633973313388,0.0013361438258883956,0.02105953017834428,-0.004024650260974659,0.10141646970993931,-2.8230611120315605e-06,0.0,0.011387210640416099,0.00245526512307888,0.0030932458335312316,0.004712226649510472,0.004443716531483262,-0.0044504592187155235,0.001727302835105211,-0.007514932652864305,0.001570363348305869,0.035368014601806316,0.03618719130734585,0.00016508493826409608,1.2526414675427195,0.11569742035553335,0.10616224896700074
67.278,0.0015288207650019047,0.0055368934412760576,0.01590029406145074,0.000960740433697746,0.05559226651058304,0.0006354465514121568,0.0009349058808786945,0.0003396119982856992,0.016926395285415504,0.06561687475081433,0.0020170823678808455,0.0,-0.011135256615853071,0.007456712529500217,-0.0008701952007516176,0.007194252995046377,0.005198752937232226,-0.00235575171531992,0.008382263130534213,0.03486569113687081,0.0026565897325481567,0.03821485121265253,0.051570049813598404,-0.0003773548004874744,0.6440490981288375,0.06984444388951547,0.09724987760809775
67.777,0.009585757485171943,0.008765979965421848,0.01151994524021345,0.004054242462664231,0.0860817435792006,0.0012663121797889133,0.0011295935393392938,0.003526795103333658,0.021453346963636325,0.02660305847352267,0.0024633808832563962,0.0,0.013864266097597224,0.004509477619749629,0.004270933626701422,0.008776532447411566,0.007540359977010636,0.006015213799822554,0.008309158118913957,0.04542613522156169,0.0053944386015832724,0.020504848299238914,0.02667846846283123,0.03487961760766101,1.1910542213112012,0.13434419113223478,0.028253416450787196
68.288,0.007903149157261157,0.007013884437741486,0.005444939539589675,0.00626796243801528,0.04069568806461875,-0.00016679676330771001,0.0010146749908772974,0.015656524735413825,0.02974730419932932,0.0712248795437513,1.0978570992183905e-06,0.0,0.008054554196106253,0.006175630224153781,0.009948851203711927,0.007320757966340586,0.006674065166516815,0.013850482049879749,0.009287228906046307,0.06588311761040763,0.005687827349922917,0.05070206401496817,0.003971017439766334,0.0303255287631532,0.8789003354667695,0.11197565471057547,0.059024362132967835
68.777,0.0043055419136721375,0.0027994231246224735,0.005369348488797896,0.005113702683106026,0.05355834742346416,0.00025994811272314644,0.003243851630611746,0.00644495760506312,0.02181086798223906,0.011867939712271245,0.0003667620639412315,0.0,0.009498028919765329,0.010142587312230679,0.013434390056993109,0.008169570626330022,0.0036305805593204623,0.009096630450082062,0.006745817446552652,0.026128128839302822,-0.0018984699199898246,0.04910514895628457,0.009756347631366164,0.051593357980756496,-0.436624507154354,0.041610560445212955,0.02688360797070097
69.287,0.01181567912626685,0.002078333151805088,0.022527176885204215,0.006134952392578348,0.08413058424415798,0.0019085540025024425,0.0033479631461424196,0.022251323879720168,0.015117650059041272,0.021582515392889308,0.0018186996568882628,0.0,0.006439968132904164,0.00770370958180271,0.014407795242110838,0.002609234099304433,0.007701192440537949,0.0118735609811733,0.010064736583230078,0.041120622847032565,0.0030398357364814347,0.04024862948845985,0.038286715650045634,0.028102716092096983,0.6416733770625586,0.06332121761793966,0.03217312619689521
69.778,0.007671235522602985,8.483440747424112e-05,0.007336724232292635,0.0016254472270777142,0.05673295644476955,0.0010217190731142331,0.006244187384872353,0.008135572953993657,-0.011413012735251946,0.022654808987183552,0.002917258479782673,0.0,0.0016637551517979688,0.011434804233508991,0.017382146921327318,0.008246187134859119,0.0028026063735121006,0.0029099963951372465,-0.0014320213814006685,0.021671169233533478,0.0006832659150561531,-0.009053949824609383,0.02786907745725205,-0.0016207127751211561,0.1499526667548038,0.06896692430842395,0.03127058272517606
70.277,0.014232998465743125,0.0025946407213365786,0.009399389343477473,0.0029459904832070415,0.04348743125121453,0.0010033139570136186,-0.0005678996305324464,0.00474157299353743,0.013979267741882705,0.04990851070606559,0.0016030335679154417,0.0,0.004913435467205407,0.011711180037002736,0.005858089547975222,0.013499414729105916,0.009703191739427824,0.00758117724543913,6.785259631106845e-05,0.028185724976213508,0.0019751457798517147,0.021239119684747308,0.03977069475051144,0.0019137705318296623,0.4594926648154432,0.06173377777221419,0.06829580879984698
70.777,0.003807440339000858,0.0035500144407629576,0.01161562327831051,0.0010290158999304525,0.06042097068254611,0.0016253244051600204,0.0031170026173400044,0.007792878702279381,0.0062751850062028845,-0.001205582528027978,0.0019100220883801332,0.0,-0.005701905125065775,-0.0009785725783622583,0.007063047351924593,0.012041199768949481,0.008576716179797746,0.007022679572662038,0.0009937710095314126,0.028574708283457154,0.00046134598933908184,0.014665841138651443,0.03275504299073727,0.03559399071129521,1.4181115331952434,0.1422304263474764,-0.018456190067089807
71.277,0.0021164082777070845,0.0015800588195472847,0.013948804934591918,-0.00021432743901349054,-0.005432526427102725,-0.00032831103549762233,-0.0017311749959236192,0.0038804449219336985,0.011720528212498417,0.016794899038207713,0.0024225418238651196,0.0,0.0032477374661856835,0.0025548675258994444,0.00010820094215106922,0.0056851649718558765,0.004576720321413585,0.0017361460822588003,-0.001699720613504505,0.04984659036061354,0.003217035299575894,0.03795602074417656,0.034181476083440875,0.04705613764588994,0.5145760219120423,0.06798713133194799,0.04875650018460052
71.788,0.003539887108505733,0.0027363184190969166,0.0037006338503363222,8.010203394483814e-05,-0.002801781519764454,-0.00034332531081477947,0.006000217623383757,0.013980005128252438,0.021660031097514007,0.06407739728293788,0.00042496278571305736,0.0,0.010410693894003021,-0.0019070016323464178,0.0037191304660604426,0.013358537336107108,0.005289544924303546,-0.0009144582434538363,-0.0006851147152206469,0.029885358729795378,0.00229174352086605,0.038672765171185355,0.02364570335135588,0.005855919801680869,1.6213386130210639,0.12646483714765522,0.04482292390125995
72.277,-0.0005305510884577998,0.002264253484104913,0.006901243474014352,0.007991981192579923,0.043016510230894256,-0.0011386171336530816,0.005727591857867421,0.004466397125964371,0.02519240805847224,0.017409954286926595,-0.0005426746789648184,0.0,0.01571820368909821,0.003930921388700239,0.004809930466938756,0.0053624636751878445,0.008141653306489126,0.014308710046685312,0.01616973914111421,0.06081529282894171,0.0028015231356891754,0.020771593048329113,0.005798629031280771,0.03688070179709847,1.5702732366324537,0.014752005233249646,0.049005454652997105
72.778,0.0020783303001225993,0.006691103366756969,0.006158289466833547,0.004127455659560358,0.022850440342672175,0.0003982678984363638,0.0010851042179160577,0.008410287190636438,0.015872218482452023,0.07047330608850877,-0.0017872311259415972,0.0,0.005933451031428583,0.0038672167232928554,0.00399577297493411,0.0023911880945525978,0.008404698593055778,0.014816799506167084,0.007246422491073167,0.03340803190115048,0.0021731933579529623,0.05045367879983568,-0.0018889522178901295,0.054694678495230395,1.3262318021688533,0.031115016904297108,0.09242009921138446
73.277,0.006099256737922728,0.0053623171461312045,0.017487055413040496,0.008153903544078328,-0.0023311819503554687,0.004865676834745764,0.006173036833486722,0.00762735163912926,0.010137827091039442,0.09284908142324341,0.0042955012850722845,0.0,0.02063331170091848,0.012654277261775934,0.017540418274749,0.009159495835742043,0.007277283439761661,0.01497036324748494,0.010611766800852662,0.036428660279175566,0.0036042007591376374,0.04373898746798783,0.033702977268309314,0.009087881223023732,1.469190629986374,0.18476996444211827,0.1030122530157576
73.789,0.00680670659657798,0.004543702481953093,0.010904793334222132,0.0036873423067128254,0.02759676649311907,0.0027303587627332997,0.0033441975184526273,0.009687556211967055,0.006731217740485888,0.03676628221982633,0.002388836499644592,0.0,0.0034598024721143256,0.0015162722118193623,0.003542760524837036,0.01083715122890318,0.005543157802907574,0.009903911534937833,0.00688470977863779,0.027587712578915537,0.0033135777736245024,0.017952044287969007,0.019755327447615257,0.014196144894418894,0.6366654265154484,0.12961647010499563,0.019232764430099598
74.277,0.01902370707071369,0.004071621412642047,0.015205650300015227,0.0030187140987513864,0.048227310581338945,0.003945673979357517,0.005595791960301709,0.003210460650061208,-0.005251018252984725,0.021339497380559326,0.005785682636340759,0.0,0.008208911243749025,0.0074029717010066125,0.004627558828604967,0.013207087148226104,0.008678842440947505,0.0076309428058070694,0.0011071351329809962,0.020696666199292668,0.0034644707677019483,0.07531120110343684,0.04143864421502527,0.0028374425422656255,0.3124232475095613,0.02794843046121945,0.02145317893409177
74.778,0.01589778413906449,0.004857977827800833,0.012136662532823634,0.01198026503002577,0.07405651936752437,0.005426853638021663,0.005248689207799678,0.008009589071615779,0.01350729073278078,0.07240987484233646,0.005644965552144404,0.0,0.023035071229935516,0.013047077459387478,0.015901081203803284,0.014128513591886287,0.013095552923207729,0.01716289618147929,0.013676428548534049,0.046948285842811195,0.003659212492537148,0.03191920317108245,-0.00012281013295231677,0.0470635354199917,0.6144923837777462,0.08622862293245495,0.11328762273922037
75.278,0.0034672260630807575,0.006444406435103572,0.0004900378220361721,0.003999906109515532,-0.004092458313899693,0.0039963759660589905,0.0018279050560278491,4.604486752908586e-05,0.013389723978286663,0.02457143434017642,0.001101598227615249,0.0,0.005171049384557641,0.0107278494237006,0.0052193004330051244,0.0018998471334188399,0.0023372209657141446,0.01461253557592341,0.006980932330287048,0.031283674016439944,0.004843584951060712,0.01050037728023455,0.0012870533580588625,0.030984128805076012,1.1319945263934243,0.019442356602524025,0.0557021411237695
75.778,0.011414331725641368,0.004314523765407408,0.002962323611922475,0.004783906845373436,0.022941816441818245,0.002448198264440129,0.004548193513413487,0.0030208552521585707,0.019249326286539175,0.05030394311313227,0.006745240720845933,0.0,0.006907275628809333,0.004467492242243844,0.0015686860384776459,0.0038155424762822596,0.011274336897713873,0.01670828151768305,0.005568127595441102,0.045067271432941404,0.005452850166487439,0.04291508527941582,0.0061779906863659445,0.002887759637439822,-0.1485452840741222,0.03353547396780193,0.085728366518002
76.288,0.0007905208060576163,0.0028664330189791727,0.00018138236976049035,0.005130306046625134,0.005612231372167298,0.00116529279726038,0.007404486101959633,-0.006226139353639439,0.028809196127694833,0.05789430175497698,0.0030216612290106704,0.0,0.013124371036794712,0.0012973600583070636,-0.0008217231041712733,0.002729928440498807,0.006542748361912836,0.017101536582043747,0.013958481501376593,0.05317712509065837,0.002042503490175571,0.008269057572618478,-0.007706191166255369,0.047192657025921014,-0.06639696615554339,0.1537778688129409,0.06596565952616044
76.778,0.009361802276365433,0.00047128078354389245,0.004430291838227983,0.006658811742651018,-0.009537588051633593,0.00270329022412014,0.0013762707599382648,0.0050896352164188806,0.02054826409080426,0.023295271698581824,0.002870632962464205,0.0,0.006423103599863246,0.010199616050803129,0.0037810716958772,0.0061722846082553125,0.010600251032462007,0.02114785268949992,0.010947484557338443,0.026014672180126385,0.0027561736946966685,0.009359460642473087,0.02554898833323218,0.0035975418968039723,0.8239781477918221,0.08943875945818174,0.010997344069753834
77.279,0.013550536222452223,0.0018200289230007125,0.007760293746665556,0.0026786065614308814,0.030754100248087647,0.003765416847977329,0.005077481574496385,0.0061000021713518955,0.012883829970875877,0.05053851398630626,0.002627206725878278,0.0,0.013794835777466897,0.002602124240877473,-0.0036309790428274654,0.003302206268276765,0.008171240530285699,0.004657151126227532,0.006523325290290059,0.002178440427589851,0.008060397992859819,0.018258425509219453,0.03293188204063534,0.06832604617889936,1.0120274834108978,0.13082650436931917,0.022482481230513347
77.782,0.011889683108480596,0.005909555608942628,0.0015626086951264632,0.0015831842550352005,0.07548072838981215,0.0031028951664519373,8.739477564392433e-05,-0.0019822141363894687,-0.007407521386857537,-0.004377181172656562,0.0009751471317643587,0.0,0.0038423590584843446,0.005246711514997545,0.004255864112232679,0.004617695761224152,0.00888932370771251,0.003988962918160055,0.0036458055629908425,-0.007978549291160009,0.005535861877339627,0.020985718478175354,0.017541293471845906,0.008440660315094712,0.49760648606429725,0.008046268112496523,0.0016569638744946824
78.283,0.007170959098826294,0.0032055015819483948,-0.0008551768344400107,0.0028586328193191094,0.0034157098703857377,0.00383383266061332,0.0038418234770340237,0.005256275184749399,0.00022915810139034697,0.010536053016610165,0.003440499689694652,0.0,0.005786645469714515,0.006632139317444137,0.011797463904801842,0.0051081761451981685,0.009662027542915544,0.0031020371444175675,0.002651014694919244,0.0219217605584019,0.0016390906258604014,0.0034705574563711292,0.013160902098742704,0.009683002208187066,0.42926177657868053,0.013474529263931535,0.05175068098724459
78.784,0.009312840154718175,0.004317966568008161,0.00851790784300318,0.0037289799887660047,0.07460020217942004,0.0031235574599564574,0.004351430692769008,0.0070791620467614315,-0.0004292405121057196,-0.0016342333769097516,0.001487023376352553,0.0,0.007760089580860685,0.007300214755207623,0.004793249042554693,0.009798294872392135,0.0072980240769770464,0.006685071990951592,0.0039462093054761435,0.012286652237785847,0.008347964851386495,0.019362348151418407,0.022985289726744764,0.01385643467881854,0.4602357629962364,-0.019916494373468326,0.021377698411385253
79.278,0.02330108656025266,0.0027257573423847305,0.009766329983343668,0.007130155484156582,0.06588196892642514,0.0030853927197393165,0.0028988143660165786,0.009227598857960463,0.021876051499162514,-0.00601383064419084,0.0026298438720326676,0.0,0.017346520321218695,0.0100949859211107,0.011410618408345603,0.00535940238165143,0.013506613818220464,0.01299043686967996,0.009400182039389509,0.057933715463441164,0.004239434602577519,0.05050239968135962,0.006929378419260522,0.02828887671914667,0.7153392097590268,-0.004648871931027968,-0.02719001278307656
79.777,0.00087170826333141,0.0014150792547675537,0.0012930006264692457,0.001434045954870317,0.017879394065000182,0.0007856969225127061,0.005586017314080225,0.000693721840790463,0.016899794471861993,-0.000441179595596215,0.0014766575218361376,0.0,0.005961483714320399,0.0069798393126486455,0.004983050358325035,-0.001221848665261512,-0.006574424066776736,0.007879629485481527,0.009639058235146908,0.029527400114607638,0.0034688483759281637,0.010426191842826539,0.0037592006587157333,0.01317876773818877,1.9282159852066618,0.008081313390799089,0.024501391160460666
80.277,0.0015166962973691346,0.0022453556889070574,0.004656800005805968,0.007319503230023241,0.0816440480995477,0.001617545379485108,0.004717282259178202,0.014449937548186426,0.016942848935192465,0.018383902682239425,0.00021788188331831737,0.0,0.014652248914559763,0.012138866986405029,0.002079455543331555,0.009292507513529747,5.89422803030603e-05,0.023122435535822453,0.013614153975670057,0.03761067818839346,0.006956259381088079,0.0168141467373224,-0.008865262441416197,0.03874774230142219,1.7519309160218561,0.06325422509921683,-0.01779562021100468
80.793,0.017374701075712082,0.00752363597208382,0.001755202744380455,0.010002559396413252,0.10603646053884234,0.003977101760765031,0.004536152180970123,0.008740042113547312,0.029677219420399865,0.0001544196711395838,0.003927592467698403,0.0,0.021760167097117502,0.013815147916458798,0.0067559713635489,0.010860497473083276,0.012240797956001543,0.018355167275053978,0.012302287844597068,0.03504380310367908,0.006869329700834593,0.038512516571673955,0.00632040721479906,0.04367625989445026,0.810490816993339,-0.010891214727557897,0.013128559222724193
81.278,0.00263439503680051,0.0028090397627361994,-0.012477640289239917,0.0035683032390453275,0.07317647659315742,0.002005045696297357,-0.0015930802271033875,0.0061875390356097145,0.02049099484300415,0.0323208708683322,0.0033171892937711857,0.0,0.0004182389248749449,0.007449777002105621,0.002863654926155616,0.004596732940770119,-0.00013472748101983807,0.010386653774512434,0.012618859842808356,-0.010487143929760702,0.005007518309604099,-0.0159030794733397,0.0018362516433802652,0.009427200083446031,1.453860429290431,-0.017819850013592025,0.1009805065584446
81.777,0.002291337524171563,0.0015213184239505613,0.0009773632910280508,0.005475383047774852,0.04339545186369073,0.003270205160921228,0.00367376083729448,0.0019583533317691997,0.011680891507330994,0.016908336318698043,0.00506666540997291,0.0,0.011925974555502842,0.008734403848655321,0.005845228070435592,0.002454918639212841,0.005427276721601878,0.015508946817363098,0.010324847448655913,0.0004971555093535131,0.006816923342845411,0.018896948681390968,0.02972445843749481,0.020688705182026725,1.2577736974649183,0.09938261544956901,0.011385953387615548
82.289,-0.006127970608276872,2.606016576848395e-05,-0.0004900124070536468,0.0015682884737094741,0.10823746755014618,0.0007490356442920674,0.004421217433432501,0.0044053402075363395,0.016245882921870035,0.008636485906288969,0.0006130039526035472,0.0,0.019180964951764086,0.006532054723145214,0.0022879441089447214,0.0019354886910300112,-0.003961433531852452,0.005598536475138383,0.0033024319792384275,0.00847317226853889,0.0014725237514823753,0.022133143733944684,-0.0006772333163637933,0.023525317630205867,0.9719286115468803,0.12065452964390633,0.020682332467423757
82.778,0.010118054911871854,0.002493392678823721,0.01551309410863579,0.0021782293318419192,0.08994197632698551,0.0027927670611303263,0.00481979435305057,0.017761173501209464,0.012094025655463534,0.038122563859235126,0.0014348967625587984,0.0,0.017335256766372206,0.0062533610702281755,0.013629057562606697,0.006193943928356411,0.005991104502408169,-0.0005808419153580523,0.00580091085220847,0.004772305277007339,0.003772966929290531,0.04129279423346548,0.04262034636875082,0.0259644793897695,1.9686026002695687,0.11029795786471364,0.030210016023339697
83.278,0.00933998627435451,-0.0002884997378832702,0.011300322175777436,0.0012134622529299164,0.04074739237241159,0.002796696782114816,0.0025190420167090044,0.013786435919292857,0.016866920815088917,0.02027069819605148,0.0036134988255421803,0.0,0.0062648142555077335,0.006693591273955567,0.006617605439731331,0.008426009442225607,0.004482584291137956,-0.0035476253673612924,0.0017151192347741383,-3.8706777834084846e-05,0.003234632416040643,0.007266856584631403,0.039414064071533285,-0.01133210027136718,-0.004810344194712181,0.07786337371349109,0.04454505584472335
83.777,5.573566781055531e-05,0.0006401888565630463,0.0026451484165433085,0.0015967003128380798,0.054754078271497024,0.0010793732840341766,0.0005659411745858177,0.021147848475082182,0.02291942833666006,0.027737129221612672,0.00044139305347795643,0.0,0.012028862246465875,0.0038383042277366827,0.004779887468049667,0.0056073157295373766,0.004149883188369663,0.004580861995131197,0.0023764010970497235,0.012422465378289924,0.009845130555832003,0.04727457842396121,0.005816608619876685,0.03174464125756288,0.6429255908305735,0.10273733740308955,0.007982618864532255
84.276,-0.0056929732189860876,0.00117962569520013,0.013019709546613344,0.0038454484285377743,0.07912766636251073,0.0013015033963653588,0.00753499360866952,0.01864522635266051,0.025558822352085953,0.027678844063167937,0.002240611079563567,0.0,0.012249157082927545,0.004822316893033566,0.0026224179899855863,0.00542364479578475,-0.0009966853134949476,0.012852227890510914,0.010201582517635772,0.06271639083731291,6.066660278599068e-05,0.056345100936637874,0.0017634988451959092,0.030482738917915853,0.34774093638301645,0.023660814738898885,0.050716244035583787
84.788,0.000516431066103892,0.0007568165935428854,0.012111556974841252,0.005670449736748871,0.023250295155325444,0.0023250154216843053,0.006635127562123841,0.0067487286377077675,0.017372648815587918,0.09370334286666146,0.0025103670703593766,0.0,0.023200621755573157,0.009767984964165677,0.00627403265075221,0.004183132887450809,0.004802510145297734,0.0126375479815323,0.009767830390437594,0.03497698976053125,0.0005538555019042425,0.07593488696386992,0.0029013343779938036,0.02627341925855216,0.12448368251084167,0.2154725120586623,0.1119737213013196
85.277,0.008996721468120243,0.0012447257129854377,0.010906725216148586,0.007933245262411938,0.07269806211769805,0.0015503300811061168,0.008276018659696469,0.0039891505868619144,0.03074241928278326,0.05215636414563726,0.00011238154400485831,0.0,0.009675255182347365,0.012950233532653576,0.02121839737392438,0.004549082925948032,0.003539530112460872,0.01105854493424099,0.016930986835717327,0.06153634740331076,0.00352946155969458,0.035855029859550115,0.0010184238663411694,0.003917455253176904,0.3893053687214601,0.08922002295330791,0.06098149061324529
85.776,-0.0008234652735685227,-0.0027543546588964874,0.0011387855519924169,0.004295959973045689,0.10129061070527777,0.0031914364349236047,0.00033439825909821014,-0.000870049855820491,0.020763166953081846,0.04258652286288429,0.0010833231973980746,0.0,0.006177836790946505,0.01086021323915152,0.005153328502004524,0.0042665571922416365,0.009118697250303745,0.005888800918919866,0.006455386233386313,0.009785248187500642,0.0035926895683611945,-0.003297653844151923,0.03684922702567959,0.026998225531025922,0.8684287529723483,0.059114798971614604,0.044357745912348104
86.287,0.00535193917793724,0.0012105013703571014,0.01443401230037473,0.005273324913381538,0.08283370339484813,0.0007003797408991798,0.0009821875955070014,0.018052659788072318,0.01410055219487984,0.00760238424180173,0.0024217912056888192,0.0,0.011039383838535961,0.011335645564246844,0.008504651711685525,0.0018370654426900523,-0.0007520881478516637,0.013024929331026738,0.008123550787978521,0.020611123266796778,0.003078675457316061,0.05219286890621593,0.029069201719918825,0.025523242655218395,2.254140113641475,0.06312844279974603,0.048375146396498016
86.778,0.005049718530940059,0.00046189435061220536,0.010921989760538627,0.002007407508718203,0.06570558395809747,0.0025290913918868496,0.002041997265868217,0.014298397506998484,0.006776908022990208,0.006472173102595235,-0.00021180083609941022,0.0,0.005097492715346417,0.004203184266956555,0.01431878315776215,0.00040327218360850425,0.0041522259388551185,0.006985622856843659,0.0034144930702965674,0.039576534674028135,-0.0005619030491378008,0.017311408370175273,0.0242833389435542,-0.0027555412141617346,0.3979374088438041,0.001830662854101734,0.0570760860372327
87.288,0.013157210331816839,-0.002410304937127944,0.004246550598321793,0.0002756509945292431,0.06864831442329104,0.0013312624781319457,0.0014396500348587379,0.013166206723386772,0.013348981826091942,0.03983136286868543,0.0037597027237659796,0.0,-0.0014861110269822147,0.005182161730173924,0.006535803666102357,0.0003664944868273016,0.006387990805201288,-0.004143807842777732,0.0030036612416942925,-0.010000219969610194,0.004421441988170138,0.02650756266944023,0.020120596712126734,0.0067154474914958425,0.5322942620454232,0.05402246849851589,0.04881719138606199
87.776,0.00272411742034616,0.0034261983123764473,0.014412021688938091,0.0022093835286237074,0.06267352028553802,0.0017660942657416532,0.0038637110921799305,0.008929039014448713,0.017649703860516983,0.06139711641329604,0.0008956201366618684,0.0,0.009696885969876565,0.0006509262880767275,0.006756427048978822,0.011944839558904411,0.0023129983711940778,0.007245144451908045,0.008792069147801368,0.016851466265275096,0.005295155533293994,0.08505538249241255,0.034942196147649644,0.037962231383488115,2.031927757099127,0.06464964444698665,0.08446238168679651
88.287,0.009927538036947658,0.004685994834204105,0.015525658294621431,0.003694203101087247,0.08573759044029844,0.0014848249231959978,0.00804023004731737,0.013743696387485497,0.017582097198012597,0.028822847164382676,0.0020801432022950444,0.0,-0.0011668769544620726,0.007457710634381692,0.007939515508720334,0.004744594741345539,0.009231165448238383,0.003911723257349701,0.008683247275325344,0.055764831352465294,-0.00240913492483293,0.08560301405320576,0.019313291475169306,0.04324472935417976,0.6080524534780419,0.0797515205917715,0.054459622407511926
88.777,0.002458376410675759,0.002897896972190708,0.010907729771051923,0.005160300430471667,0.05480039860242917,0.0007747247688452362,0.00037676824114558634,0.0037370300850423713,0.021132443385292767,0.006718222210814465,0.002012983900254888,0.0,0.01106717768209343,0.0009253438069995447,0.0068328359319866855,0.005475832788597853,0.008827540672278715,0.012549690991503493,0.006403247418208622,0.042175552820379304,0.005504672473552382,0.0673406124174846,0.004786045182560137,0.016333221261222323,1.8037487915439476,0.04258417424516223,-0.0028273706590149304
89.288,0.0008739146769148368,0.000621556382606081,0.011027850895578664,0.004887443537855157,0.038307740197453866,0.001689636727694408,0.0034941215930261544,0.01472735317524686,0.037617907924085904,0.04834925147971998,0.0007476563913881753,0.0,0.01651517443183591,0.009388007147991324,0.0015559562536174598,0.0042267179629589995,0.004872154159836139,0.011804374849447224,0.009285389056466944,0.030041009528093836,0.010418615350385407,0.04836023221021583,0.025661358120472558,0.038319779152796836,1.0565149393492113,0.12056747724684651,0.04155775176737131
89.777,0.0021334377437025034,0.00036860218436733037,0.008307409485534436,0.0022824101992500317,0.03661987852779062,0.00041682950198225174,0.006816199481811941,0.01679578340222838,0.022154436322847575,0.00040918795028011803,-9.23133056038974e-05,0.0,0.008576294610568509,0.004594261963193662,0.004409403490584679,-0.0020490211046582927,0.0026852418981441594,0.006908465450608982,0.006258170831207656,0.03119165839804995,0.0010290526488314605,0.0254693195144088,0.024302523222192767,0.01661111387388439,-0.5332815189044929,0.001807894639844249,0.03141686075375725
90.276,0.00022795086112654023,0.00025656795927859403,-0.0004904795082885224,-0.0007088168430753876,0.03897404579852104,5.8379736950699885e-05,0.0023075764863134712,0.011041396684143103,-9.229034430474655e-05,0.03764278654513751,-0.0005519295298281829,0.0,0.005458989413415407,-0.006310588502407332,0.0032332984981443026,0.006497104465520486,0.008390198717489783,6.264434024320231e-05,-0.001459618694440385,0.016554296449028776,0.004031257761039188,-0.041936720159801266,0.029399397192807552,0.01762657348558963,0.48935352437416996,0.0034029540210430164,0.10421793118962532
90.777,0.002532499140679256,0.0006847842943351731,0.002605619852379143,-0.0010670381418075125,0.04464572664906594,0.0007292073988729198,0.0031681537212581183,0.0082564991259582,-0.0025635457660177973,0.058272762640357446,0.001258636731561146,0.0,-0.00739359431439937,-0.0012121830342510086,0.0018179763336141589,-0.0007079275175931887,0.009975063985514081,0.0017375757317738797,-5.817111189471348e-05,0.016364803052931372,0.007028336478320834,-0.003144048462999656,0.021699514240079664,-0.0031863871501495444,0.11603572031369544,0.10184974447903469,0.08348491796493691
91.277,0.0053745110509202535,0.0012826939823830158,0.00479855597158999,-0.002624937867341863,-0.0025105215317174114,0.0015913665147460293,0.0006808997536143934,0.016628113810592423,0.003236437751279262,0.03793541674919769,0.0019195961256201907,0.0,-0.0023366692244651873,-0.0034093562098002207,0.0032701998891219294,0.003141635323139541,0.003967284561184149,-0.0043591881596554815,-0.0018881459788901512,0.01997012732820246,0.00413280593301645,-0.0008185780434154621,0.008193271752894356,0.0004869600122849238,0.401930346088863,0.07874037898854562,0.0860834107700786
91.777,0.010286814442677353,0.004082120132318071,0.0030891311438584297,0.0008952517801726454,0.015884694322020325,0.0019617922299033012,0.0028212294486823337,0.014329834623913214,0.007500939665043444,0.05250940512698177,0.00021118195837581863,0.0,0.010629459003828902,0.008152605580453696,0.010530885243864082,-0.0007186715432043238,0.002487372342348002,0.004464184102034871,0.0005953448784367081,0.010962637876729643,0.008042624399987404,0.019418654891043566,0.018702475958158528,0.0026268826500115893,0.11955730295563848,0.06845310187896489,0.059321696153398794
92.277,0.011383850523870982,0.0034587149184261102,0.011449826593284959,0.002897966861744924,0.05391574294094449,0.0007760677047517609,-0.0027216950062704036,0.01657356466147089,0.030903101054186217,0.03156849307591007,0.0021689115983753713,0.0,0.010532800761818851,0.0016432008158273473,0.0014914762325339084,0.0008099228645243917,0.005362808955765517,0.008757090031622655,0.0049603291320611505,0.05719009375179137,0.003746075840652676,0.04786151589804346,0.006550943212840717,0.05007578648697731,1.369167573096803,0.10986130601058983,0.0324741762879579
92.777,0.008352297641247784,0.005630635028635754,0.0044110475168886625,0.006313651764425038,0.011905098105475792,-0.00016679646627792885,0.0019485291196323707,0.007277064787751962,0.027834884483200383,0.09540676544642414,0.000494459675387529,0.0,0.017159697557746868,0.01317820532287324,0.0017359937578640447,0.005115455536789179,0.0016858485878995778,0.011123278383555866,0.010096274040726936,0.047362039105817544,0.002160610037985996,0.06901535910511314,-0.0014969645220066494,0.02527429133623873,1.428759986229547,0.19610846696684314,0.0828610376307284
93.289,0.004751922988558164,0.004222705333135488,0.00020431203705691651,-0.0009336433708962804,0.011001039466520429,-0.0009574199619409644,0.007070235761636739,0.0005030350491683854,0.01661713718469385,0.04252414488916225,2.4229331752352875e-05,0.0,0.0003617429363308978,0.0024215123272568126,-0.009117835505485495,0.0012675437413959237,0.0012447837497682986,0.006574326610015295,-0.0003081459176601362,0.017976938266787503,-0.0027270639925827214,0.00044881827835316314,0.01390706074758953,0.03884123305200538,1.0521992608798338,0.12131539608345472,0.044042908398542045
93.777,0.011600964952586801,0.006153575063142319,0.014004750394502725,0.005229073337797062,0.05675923453223088,-0.001134316756723914,0.004110569829849185,0.010760466930344778,0.018360202159934648,0.04443174101571974,-0.0020050577611678776,0.0,0.005024583659629651,0.0006794076633016179,-0.0012388769384994167,0.0025431748191380595,0.0016432527954414495,0.01910393645713505,0.012103371413663107,0.04784723381775844,-0.0016828404160480002,0.05132795832687695,0.01686363716115581,0.041203297893289845,1.075352351269533,0.08521614798271014,0.05080658240115141
94.277,0.00013347386492857554,0.003279308439711731,0.005981675392430319,0.0016835792159446937,-0.008077590889046575,-0.0018849408271906355,0.0019483793209413914,-0.0005487686121871378,0.013576644256660025,0.022209276306654268,0.0025131330280578155,0.0,0.004951027616185599,-0.005576831959117672,-0.005031984645276809,-0.000497188652246386,0.0018876396033286457,0.0129920290650083,0.008252560606875053,0.02636645488333169,-0.00017333014643125657,0.011287081461605725,0.024566231251862466,-0.024406257256952918,-0.08394524287769926,0.05158960448159984,0.04092233137435042
94.777,0.011915738019350619,0.0024440008548915347,0.006665594960595042,0.0010246257549085312,0.0005079239089079577,0.0008268919350067948,0.0028002066549300277,0.003067575028516497,0.009799601893360784,0.020336264239449616,0.001253816567711711,0.0,0.01309866108216322,-0.00039796581676952307,-0.0022393830595116154,0.004437190845708274,0.004781073227626572,0.003278997066904271,2.036000759960982e-05,0.003309468085363368,0.002205804256869708,0.02742020234391358,0.02536575536337033,0.03760219239943686,1.1106967547372213,0.08543110635668313,0.02616405666416217
95.281,0.0026556619690319807,-0.00116512955950272,0.0096659266161992,-0.0012257453971009917,-0.010516289280050767,-0.0006195087808828903,-0.00012291675522781834,0.010042590912457098,-0.0029936524171143377,-0.0008258721552612557,0.0005493699090133101,0.0,0.006553566927945252,0.0035638136041131513,0.0033698633548463284,0.006699297095878114,0.00019867957008619505,0.002152453464606255,-0.004064700151857788,-0.002898962595791107,0.002617532166387763,0.03607652645449647,0.018372526858100778,0.01160104505545304,0.20914248495315935,0.1014649504829724,-0.013149156758236545
95.779,0.01903671306962537,0.0035930202724997282,0.016158080111285368,0.007550825109968364,0.046299658647144054,0.0025615050380092892,0.0039210970709120645,0.0202426691313207,0.0047502181359822685,-0.0038920961586895115,0.0012087729730233074,0.0,0.006859460725287559,0.011159848466511421,0.009953510057599898,0.01099607421615999,0.013463996460881384,0.007769075989308347,0.005194502100366527,0.03799557283630866,0.007111364109006053,0.05514520026578801,0.03899482045096642,0.06276721310287177,1.3998578824455603,0.06357851550058732,-0.003928530099223973
96.285,0.015607802123329611,0.00031832122479770903,0.01647871368328595,0.008634532277054078,0.06272659654875211,0.0033140879659156563,0.00633641410009792,0.016478344526018162,0.004536307691328541,0.0506421358368781,0.0036712300359790268,0.0,0.009560189158302961,0.013516205667523387,0.01300458783565811,0.014342641549970198,0.011041290289518915,0.00987268958885875,0.008679647585365194,0.0004024666231181228,0.004996724287358586,0.06196609218229298,0.042479438780036835,0.02470487880637507,1.7628425887029515,0.0009625286631930603,0.09698814460364129
96.777,0.007351232180539245,0.00016979531711880933,0.014063118606475836,0.010041944409513247,0.04973222966886814,0.0032302364241564192,0.0002504008283838189,0.010575308823908034,0.0048518736007218816,0.025036055550399977,0.002301954131982236,0.0,0.010351704400626686,0.006757041617398898,0.016502665701433723,0.014541912348559647,0.016257952348276372,0.010934776891997669,0.007974594954442226,0.012167827182791654,0.004928936976545594,0.05071100089980178,0.034986528877166176,0.03396341344245962,-0.12345502048112188,0.005152438698465779,0.01380866505109959
97.288,0.007668284929173429,0.0022363134932272353,0.012623055763967163,0.01127283220910053,0.1330188251474895,0.004210512628013169,0.0044882402534919905,-0.0047329595708521495,0.016912131206533045,0.020300470830958782,0.0014884082698406172,0.0,0.011235875043402057,0.009691239287945711,0.011138423125462552,0.017490736718831064,0.023781029583629563,0.012774730409597701,0.00993605352393307,0.029101085787305775,0.008421047120486592,0.058702580160052885,0.02858895999544005,0.05726740085413092,0.22250639332251806,-0.040327561691529096,0.04665527331081206
97.781,0.01570130689647437,0.004581807713364585,0.027011414523126085,0.022303911384467696,0.10648772323902672,0.00793978610086485,0.006858584458358567,0.030336684516969754,0.022893500278892646,0.022575271040813243,0.0038009548085798698,0.0,0.03160654959681768,0.028148047758056936,0.03753780170645401,0.02651156916936138,0.02282653720182994,0.02851225260406839,0.01721154066854006,0.06588845032735442,0.014604891080991248,0.08085451750142927,0.038920486753000035,0.07959448685428859,0.2701231588704067,0.012261409156233407,0.04067646706619231
98.284,0.007479866644385106,0.004116389003774172,0.019730194603815247,0.02323494564941418,0.01541584666067142,0.007018560747920124,0.006507510274904077,0.005983974346781003,0.02379832478151403,-0.0017326629553427258,0.0033215404509273553,0.0,0.030628643682882404,0.02180251718618681,0.024657612992267847,0.019661655623726917,0.029509512437064234,0.03361662966432777,0.01750144731729513,0.04273054236586157,0.012011599977648543,0.059241417838230837,0.03812749417898511,0.04387955852353662,0.8350250496922782,0.021103370392996895,-0.022076211840182287
98.785,0.006552579288304751,0.00582321635692781,0.03278967514852537,0.022398616611086043,0.045102077342975895,0.006950605420223458,0.007472907832642376,0.0191397669407202,0.024242889768917673,0.04834538978140967,0.004211720249759677,0.0,0.03309017472351228,0.024168872392851534,0.030680310232215506,0.022128271153101786,0.03149243738606129,0.028692145164703715,0.019466866935500985,0.05619886250863632,0.01092414864129056,0.10034092566752459,0.06620309062033386,0.03053950134119004,1.040653529168885,0.02996804441134272,0.10076573239202434
99.285,0.007945607535229859,0.0016405036346725593,0.030728969461342185,0.0175421958066797,0.06082946699638261,0.00330702308581282,0.0012666206544076394,0.006991128777195578,0.02141335556733251,0.0653043054761992,0.0035273662167608346,0.0,0.01202529572701591,0.01857149829340456,0.018993653878764418,0.02849530633290524,0.03275164461321191,0.015829026920487092,0.013461099017054607,0.029146543610606857,0.005559995052619152,0.08480781080736342,0.05728668876885833,0.04076848776544253,0.1301370194127452,0.1296638286448279,0.07308638871519385
99.778,0.018901570782511458,0.0027671746565815464,0.021309030336276392,0.01869813575551957,0.08280827599725937,0.008281755557897594,0.009957322126085622,0.012607679596198133,-0.001280032792789149,0.03172025646701925,0.005926585350740341,0.0,0.02379848880664395,0.021132756203320318,0.03188441014720327,0.0291001304958381,0.03209976560857998,0.021539700326298258,0.009475483900658967,0.006757531970839348,0.007909963346379213,0.08137256720172527,0.059409531970369335,0.02493305188098331,-0.2674770835650362,0.15012659629474076,0.0011792275937173797
100.293,0.004424509137900396,0.004176085224886618,0.02481600573146828,0.014676112545415699,0.04304134640996303,0.005584927588372686,0.00407575120807028,0.021680744790492045,2.868405937348908e-05,0.05386147589280882,0.006275305792721162,0.0,0.01260407580589982,0.009060817534457387,0.032508127410722995,0.021691970047894034,0.02613195673201975,0.015395511604398504,0.008860983340318849,0.03563427864155465,0.00943123263621578,0.04514845098674678,0.04466596117202586,0.06841476996265265,1.425400931060188,0.15706542479763677,0.007503040234480618
100.779,0.008482477915375085,0.0071176777180074246,0.030372143321407485,0.021381196009800138,0.04991605346693322,0.007141342170304303,0.0067703445399993996,0.010011384874240392,0.01886531563603997,0.06730595222405289,0.004389103554846703,0.0,0.02134411850063323,0.02269314509952288,0.03218250239077016,0.024659705234803604,0.027694508304041836,0.027593373451520447,0.016495212353676347,0.04771902117999252,0.00824695841357747,0.11699254081277272,0.031070665310075817,0.08480797314601186,0.9792430064348556,0.1301997551669408,0.06286486872785375
101.278,0.011556227838939424,0.003295936644442603,0.033413471172662634,0.024385997920695762,0.05658265569000018,0.007494737310061932,0.00618837819840284,0.01548265117401896,0.023290256288647282,0.06200208635393859,0.004342616166625709,0.0,0.04732290354694049,0.02200580424642214,0.022210015624846098,0.02374052973095677,0.027870078970458886,0.02810333584243308,0.022759974600025497,0.05779992406342641,0.011246170990245219,0.15658870390823787,0.026780450395600515,0.059861113432340234,1.8363474706669214,0.11263067904483486,0.06456735367960632
101.786,0.009352461522422691,0.004727826718326801,0.038344954147138385,0.028677714525491838,0.014454137657195552,0.008834855297916631,0.004951087866921843,0.021633052783638997,0.029962405875690077,0.024668474827258268,0.005244700266133339,0.0,0.034141944064855656,0.024831453695169526,0.030550401198128078,0.035925988207985315,0.03545144455530992,0.0390411686615358,0.02470241769686257,0.06077121952620378,0.013499382087110554,0.17376341599369566,0.04389676116619423,0.05706651847663237,0.7718241196098868,0.07042189015186323,0.00490668911782415
102.278,0.007385377038816887,0.002996838065395315,0.03727747419289961,0.03228417372622698,0.01142197003512116,0.00753829400055781,0.004465585785777886,0.021328229779147733,0.017673440835388566,0.016599868835040908,0.0047343655108317536,0.0,0.045498216779849096,0.02228248776962154,0.04631348279914335,0.03686861893981227,0.04876065945944432,0.03737350834162896,0.025064535629189668,0.03916336097873316,0.012706537663602554,0.1680023272527514,0.039440295650938054,0.0830924631187384,0.9398778092559086,0.09032771180894188,-0.003032299526701916
102.777,0.013952229064571496,0.003387295212391289,0.05124814287357662,0.02759839424633529,0.08271104149094918,0.009312769276772928,0.008412905801085682,0.007211720933213035,0.016297774808748833,0.03961686362991187,0.005707830076713383,0.0,0.03939095854527898,0.021778943969714998,0.03799204301330354,0.04187188352186604,0.04472327946869211,0.03340927727775597,0.012392261544906252,0.06709470278807493,0.01333897409310832,0.17259397988851718,0.08207360516400483,0.06097577842802131,0.72172457170233,0.043594961392153166,0.03932809773810631
103.289,0.015338130710026978,0.003921358503685344,0.04685558307845608,0.030594557478261057,0.09067109653741029,0.009459867750469975,0.009687207944455557,0.010409889836802067,0.015625947715791493,0.09479396048618477,0.006395627502002728,0.0,0.04168311268278375,0.02282193125860293,0.039110343396589496,0.03999483295591495,0.04724573765507367,0.04090932804312403,0.017610240852679516,0.05023527887026412,0.008948585700275888,0.13691624885762546,0.062020237951408166,0.0584866550340864,0.9444252564839172,0.10332378806836698,0.08761723689992681
103.779,0.009735629760077047,0.006481259647060653,0.05539813446326224,0.029274952356473972,0.05340334614008878,0.00966253730519165,0.007481246801428023,0.010447915086984278,0.020600538967862115,0.07924025497406205,0.006522741728440753,0.0,0.04145122417283861,0.02505777963577828,0.04359112355793496,0.042936597499707456,0.04429522434687327,0.0331074226600995,0.01777965654807236,0.0932597329568579,0.013017197575840252,0.206338896310098,0.07060615508515997,0.07491735228028511,1.7191049742915656,0.06920911274366234,0.09235030742631475
104.277,-0.005628192669700082,0.005193220796869416,0.03636097297949219,0.029457254679613677,0.029381478490414316,0.008358325007280622,1.0853285598169394e-05,-0.0005917806891814712,0.02858833151238882,0.05163841019768234,0.002261401745934517,0.0,0.03810882533183921,0.024107437696435377,0.029373415449486507,0.04122732672880265,0.04455451858065959,0.03965911121959548,0.020425882441665374,0.08556537874286005,0.010431478302084836,0.14463377660815424,0.0382213010475056,0.07442791786559495,0.6956380722219642,0.11589364628465622,0.059247428808078005
104.789,0.009426107891950723,0.007293522133502514,0.04743493575084073,0.036738421240764096,0.042050509114888814,0.009716258312777552,0.006083816690613816,0.01857789129473231,0.034193141793272326,0.12583043381893197,0.005285021224881517,0.0,0.0516921542926392,0.04096670795123858,0.0472311007928354,0.03808957815648291,0.0531926503713928,0.044178124823193096,0.022070505061449086,0.10019936444820003,0.01122522260285724,0.20100379901192772,0.04255479209466007,0.1308817221664467,1.3545492917480435,0.1897369722526648,0.14380090100280182
105.277,0.009569673139187435,0.005263162244368878,0.05428783802933063,0.0372968398372107,0.0811711884997274,0.009505609588241848,0.0029953997819845424,0.00363512958886554,0.03575638514510164,0.1204820424193623,0.006286884353436881,0.0,0.0472717552076635,0.026189356914854082,0.04401354518896165,0.05027950032530441,0.05113655480136884,0.05148945698801024,0.029462573404700126,0.10189887407341605,0.012846392858785737,0.2010107852361586,0.06840254451929896,0.10903827546232094,1.1904105360036317,0.22666364148722026,0.1081043142186668
105.777,0.003322280732394454,0.00017103557054073246,0.049517475756404625,0.03426399992108986,0.07882340708005874,0.010578701517690622,0.012691645340313319,0.006402884000379471,0.02834655863525071,0.08381780817027773,0.005560272111874388,0.0,0.045037798708317416,0.027532539808145885,0.04900158245787654,0.04599022176975264,0.05207931332294925,0.03867862747098711,0.022128140116282464,0.06460575986207634,0.012323965193244864,0.17767051816963514,0.058776997882801545,0.0980910505130764,0.5185801226383737,0.08746678814392576,0.11301227232106692
106.288,0.0051915969412800024,0.00238065797608935,0.028904959871377284,0.029680980356226322,0.007213528430131405,0.008505682024710925,0.004483485841892168,0.01745869853642341,0.01760617322082401,0.053131710358233476,0.003726213852201059,0.0,0.02520123199131697,0.03424256274137467,0.04001262727336097,0.035083398075365674,0.046986434931023946,0.035385661029157904,0.021768960385458485,0.049757812654217984,0.018380192356673094,0.10656356979813843,0.039976883748122014,0.05616999398321419,1.1032782865040074,0.10754965796466132,0.09497976211036498
106.78,0.004991749512846039,0.003215446826169741,0.025310391192012067,0.023633764835881227,0.049811328065182375,0.008609978704225946,0.007869970860539331,0.01635873786712316,0.02072139795266265,0.08192619198471998,0.005976674739291762,0.0,0.031393572593021495,0.03211101897880865,0.03239259608267246,0.028598904151530307,0.03937910104319355,0.02520828195283982,0.012934477867362942,0.03370762901821939,0.012437705475626478,0.0712049761976308,0.036958626712628874,0.03375391410422696,0.3922701389484227,0.13841318761779706,0.08429554078804463
107.279,0.014020106140104616,0.0016186157725679496,0.03333550664633911,0.022628224101156804,0.05379384080915328,0.008863116412683683,0.0002476386253177524,0.013296928661117069,0.029201682412221916,0.0726530970745823,0.006174740369266748,0.0,0.032432777174354166,0.022204229259553638,0.04171653639683053,0.02421281055694296,0.041517881765756,0.02816253439643647,0.013102979061087022,0.04367673784937714,0.01868181121336634,0.11822411847017666,0.05360118576981163,0.051208980058934754,0.9237684121343113,0.14480970581559918,0.0687410019799247
107.776,0.011861191576678583,0.005610114220513369,0.036876210645696704,0.023755195499235018,0.08734937965652848,0.008132858907706703,0.005724372914574302,0.012198525264573651,0.01429639854610452,0.03920288534566201,0.0054947217971936845,0.0,0.03473713835176589,0.02824468742718138,0.03612752025724731,0.027774996724558465,0.04216952840342403,0.027694846082244443,0.013012437415703163,0.07345531738193029,0.012130606713197644,0.11892961153040232,0.04621551556159925,0.09203689396736825,0.9507938028710926,0.08584843813461374,0.04052197499447914
108.277,0.006385496158386709,0.00317816870622746,0.03254756186040047,0.020985230616674122,-0.020794405504588373,0.004369671288281848,0.004269138026918356,0.00042915435583301464,0.029716821209319344,0.05286809248662402,0.0016508970305657766,0.0,0.035640191097577247,0.024262235174131043,0.023957572939620395,0.021708596827030035,0.029394447623595856,0.030756552248795324,0.010763417416996178,0.07493864589987302,0.009569880764601501,0.09426480303845444,0.04192898829804437,0.049799452364888835,0.8084437305920341,0.09585498614128629,0.08277062098161184
108.777,-0.0037671054953265135,0.004173746451391936,0.01967750088334454,0.017129546989332046,-0.004480936801271061,0.004955740556212824,0.0026135808810168882,0.010657563099856176,0.030445870979296605,0.03286417672417562,0.0014102728314426612,0.0,0.022762872722800743,0.01907023353228362,0.022161591190030774,0.014624486183115728,0.023295312171230702,0.024580684666526686,0.013892208283964043,0.0708494656396567,0.009331722671604547,0.09143290325148953,0.018472439668770713,0.02445893563703163,0.30372553719767814,-0.010436554161898285,0.0957685150912021
109.277,0.004241517954409847,0.00291356359736529,0.022459815436184555,0.016662808698343926,0.07105168053213284,0.005665821844691761,-0.0005695710998944141,0.0052391545530419215,0.03153348656964204,0.0736830081864684,0.002471666797423344,0.0,0.030253323892955042,0.020872902323005843,0.016721413485589566,0.016683277055577095,0.013296982800055004,0.0205137446136748,0.016309256190855756,0.08145700199605425,0.015157897902288588,0.09202073675985249,0.004669153295022694,0.068241658238265,1.039773539498136,0.19164408342093872,0.0717078108475603
109.788,0.00628227412941324,0.00682874394838333,0.02116622944298882,0.017073449139804246,0.03165674891017194,0.0036208149688165977,0.004507939025820924,0.009584086152532985,0.03460210279562021,0.05859130045180354,0.0024047379485208414,0.0,0.038041329285967915,0.009360523839716518,0.010952311961141483,0.014388101706333535,0.022201085849915272,0.03534916118911769,0.014603673082575507,0.08350767173129311,0.005900392470021029,0.12230851026536887,0.009438104507942755,0.08467556083486587,0.8812489984466265,0.11675261992224009,0.07826568873639565
110.277,0.0017968444482708624,0.003223089731268187,0.01959107008985587,0.012737502802713668,0.05325926641359978,0.0037611493533262815,0.010281624053952916,0.008322328902858804,0.015440900636180862,0.03955756835694965,0.0032266263398438525,0.0,0.02972625187476137,0.00770378623260753,0.010746976711318,0.01132635237598375,0.016032423803031343,0.02741959889538387,0.00887425639771718,0.039154351172678785,0.008656981849343758,0.08514198031396358,0.03209025360517635,0.02457801759961959,0.8427834247823739,0.12382056633150046,0.043596758043211836
110.787,0.005019520435308435,0.003852230228374752,0.01476486816643211,0.013372629534982274,0.08280461254895824,0.0038198432757292483,-0.0021750022017297255,0.0006712644693207797,0.02110622387690528,0.03886156653744384,0.003933998568578812,0.0,0.02242401790094263,0.016607915556083746,0.01787886577331173,0.010335628321684845,0.01998015404271801,0.018112850310022306,0.01241955248300717,0.029477989771235207,0.0077590751118297606,0.08164199386023054,0.026355958460116083,0.043231675914790164,1.8618315775049803,0.06504805632889636,0.028649036454615178
111.278,0.017490011480020953,0.0028318146018836737,0.009250944509683246,0.00838856963882318,0.09905110957981472,0.003757658549172278,0.006496315457098366,0.021929584955356837,0.0008859408887111033,0.05228254008738072,0.0040119191033168525,0.0,0.019208179581214138,0.01060819813748903,0.024546352637792705,0.013622588200376826,0.003410480623881501,0.011417726620140525,0.005968930877180367,0.022005830045185387,0.0014293090790480393,0.07006698561289362,0.024321337351916952,0.01335462439280949,0.6582100691320146,0.10267555467930531,0.07199583349426618
111.777,0.01834772971893535,0.004450824603682989,0.02027964316096075,0.004713462085012262,0.026047825799073367,0.0036124407004219585,0.006101634817180566,0.02046915555931693,0.0037963981000907975,0.05668151869304219,0.0007968207734787362,0.0,0.01201962879112559,0.011773421009355453,0.01198351907449354,0.0071534248982298146,0.005797004120270385,0.003663425681416525,0.0006623287149656643,0.02594973862324407,0.008582039281605084,0.07594792512288984,0.030780435517479384,0.03719314796258624,0.7651006244932828,0.13929328383596348,0.04158402191445655
112.288,0.01534937700736462,0.003912108562717615,0.01910916791441607,0.0063917803506023385,0.034153489465038205,0.004395069719074654,0.0027191262210486556,0.009044184101983103,0.01166481633709283,0.05480650923150765,0.0022853989340901925,0.0,0.005909878293396372,0.005711832624114199,0.02071251036389517,0.013644738029079144,0.01894117007607315,0.008233537001825976,0.003193571995580247,0.0558916423815939,0.0008827479109998216,0.045794613184063686,0.04183838266298058,0.05079632619303514,0.9549909321907167,0.0642310902274162,0.04917521746251159
112.777,0.015050161278609059,0.005507208326650539,0.014451327816712638,0.012620766140559677,0.036138411661430135,0.002119766500882939,0.002890010310066824,-0.00038552758582924377,0.02754018275930885,0.05103280680399109,0.0018041413408533707,0.0,0.03865821720480572,0.012982396430250183,0.003818395959490733,0.008240666405857215,0.017437650283033398,0.017332071063754572,0.016270058256597296,0.07037839748493657,0.006117260090645156,0.08707935285473864,0.011638435612738406,0.06239145581780653,1.1879265683123275,0.1425482423115956,0.0640696624141438
113.277,0.01236366957645508,0.004929926775997317,-0.0035672498571672063,0.007003184663317947,0.0005004150275986305,0.0009742180303177521,0.0036363381831469224,-0.0012924299756334303,0.020019521813919076,0.039971600605775225,0.0013679482741581176,0.0,0.016424013312672157,0.01179519901054529,0.005659624365888399,0.006716789670419774,0.004955155766830613,0.015739812026620496,0.009140768966361231,0.06197101622844039,-1.0291350624576284e-05,0.02109116594484829,-0.004054858211611988,0.058494784745234875,0.2762516683310011,0.007853133747428978,0.09445971537658543
113.778,0.010000049505229135,-0.0005009244154184676,0.015372464006106847,0.004850056309332089,0.00026365775509059236,0.0016110580196493527,0.00408004270868331,0.007906440790635683,0.027041673340353543,0.04088380685690929,-0.00040660842997921595,0.0,0.007060087772439385,0.007242068421461654,0.0010577203940444278,0.0031258317595931253,0.01146557222765417,0.01274803147574914,0.01123249151974608,0.02524550528773984,0.006438503489774737,0.0678392576228164,0.02660237894455845,0.060501183766268646,0.33904581757470575,0.022949928657099137,0.05875878400617896
114.283,0.011669117377209987,0.0040694822591736,0.01012275268594413,0.007016602395203156,-0.016641333010080465,0.0018876902959270427,0.0013396164740572274,0.011336717526283166,0.019823177085145815,0.07221287763876068,9.443535924831557e-05,0.0,0.005403982641737003,0.0023116035050779814,0.009114009522538134,0.01219456948926525,0.0042690775500625585,0.014838267774412014,0.01287141349889721,0.03341938131423393,-0.00022765697681592425,0.036063849687603275,0.02873954240319841,0.013351803517707284,0.962411366723008,0.10340200527806054,0.11520702080986661
114.786,0.009715312358271706,-0.002310843645308883,0.010260721758667393,0.0063744603079211705,0.05488057004491236,0.0008981861692832898,0.00313692424397491,0.009089145644660119,0.0007936283609732174,0.0644972007802221,0.0019296868368067002,0.0,0.0199323579275141,6.483071663722546e-05,0.005087769863349534,0.01093178251432857,0.01518992643632226,0.011344740895928863,0.011505333029833203,0.015581125423804645,3.6019764254691024e-06,0.05048962103251993,0.033875946215641814,0.019222467289852642,0.9351495858344102,0.0995228303795435,0.08616555753728067
115.277,0.014605799688291255,0.0005285497303028786,0.01360832438104878,0.0010508532101357688,0.07014829374310438,0.0010618829300089883,0.0010657879918951041,0.009945197013673782,0.018583915759486588,0.02266461262709668,0.0023223026566659708,0.0,0.005121141370665754,0.002157266116765954,0.01738637644316767,0.002650399306610136,0.004256007197315404,0.005675429372475839,5.6884531302637823e-05,0.0019286286528168173,0.0005138153751320844,0.04841340901998629,0.04094333353045912,-0.005776680455672653,0.01758445739287032,0.111391051960204,0.04669115094229416
115.785,0.005992300363916628,0.00034824689708179565,0.005064611356480597,0.0026109681381055166,0.05180664837050578,0.0009257232154682093,0.0038811601695811627,0.007751882901574496,0.005497257450927155,0.09089570170290696,0.002468551756141213,0.0,0.010941150518633981,0.00693286338769742,0.0035176931923067544,0.0047910148104183935,0.005622855522946193,0.008718503726371021,-0.00018203878432113005,-0.000342019902583159,0.002936598873127346,-0.009941936792337328,0.04364788509801901,0.03809912885363784,0.32671366985923905,0.126696423070985,0.12375343443710851
116.278,0.005984287346000328,0.00017109163122161166,0.0036429894754976253,0.0014990416604821711,0.055916305470365135,0.001465792014261891,0.004025991613117332,0.005617409261125701,-0.0015860485019595423,0.049053534008704325,0.002006335083595895,0.0,0.010719575500080144,0.004619317725972824,0.0027078599453628028,0.008117510319163782,0.0018086410867435157,0.005650384446855041,0.0018465231550453232,0.006953580792774612,0.00720776947219321,0.003412245498373468,0.02162738400325299,0.03346822691135801,0.18589275099231006,0.08826139295101341,0.08872024733241608
116.78,0.007341074984564784,0.002012727406268891,9.57652463399279e-05,0.0029861174253632333,0.04817311241735049,0.0017950830767248308,0.0013261441131516675,0.015822983066545764,0.006842141212952334,0.05816403966772721,0.0025369255488280427,0.0,0.008604089205372882,0.0064239052911426245,0.010122725975172392,0.012129152534380397,-4.3982569995834135e-05,0.005229934591026744,0.0035392630516521994,0.024701979793797374,0.0028661926640760585,-0.007903622616810805,0.008612734354242289,0.03563905686011461,1.1184141279259492,0.058072517088780896,0.12174216965617156
117.284,0.007897791729556168,0.0007129316214889335,0.002768101233085297,-0.0007636869276300245,-0.0015782085687691706,-0.0005159333391169022,-0.00023699560994956033,0.010073036019566967,0.008511435147682852,0.04894783705899296,8.077275792825678e-05,0.0,0.005160380708250981,0.0023129545924967265,0.0009664144201903381,0.0037143728602807395,-0.005916861762484107,0.0007898760770237921,0.0006207693678679333,0.03826198960651054,0.0043964971954237545,0.019735681592576746,-0.00971134219952421,0.02631071408721297,0.5728840571251019,0.07604097662742984,0.08394720021539911
117.786,9.890226517381557e-05,0.001724240157736947,-0.005711859855589966,0.0031802857773875143,0.09521857026794771,-0.00012163952575969643,0.0004837830746902815,9.34970465684748e-05,0.017718340427846334,0.000830287219454173,-4.922836684010493e-05,0.0,0.010066336593372074,0.014786974961829574,-0.003447436511975775,0.002234387634365636,0.004954585003049804,0.012535721338933948,0.007577650286464697,0.03789410084469886,0.006765764665846693,-0.015174393039200543,-0.012802284751440657,0.06584274900956627,0.6519331051659305,0.05584006788157175,0.04389684006525755
118.278,0.013887838008974177,0.0014179433365281088,0.0015424370426974344,-0.00018827625537893734,0.1077789635632833,0.00015121523496007379,0.0028080880976579467,0.02231704835160769,0.006406145934249605,0.05089835355360606,0.0021927674977990363,0.0,0.0001760480700676288,-0.002322852225361858,0.008601187635023317,0.0021484827832968715,0.007559790900165169,0.004543957678819709,0.004279586685944875,0.010758623295026219,0.0039281317682226214,0.016390268017795025,0.013975067286292348,-0.0008009851519710739,0.5672348190541427,0.15451189428877338,0.04848930566884962
118.776,0.009910316197398246,-0.0006106095791443797,0.006607274834288187,-0.006058067353580011,0.13358592585358692,-0.0014396959458030287,0.002350829385124973,0.0032331217722463513,-0.019289286006349212,0.04948960725184586,0.0003585966959328897,0.0,-0.005433188826358132,-0.005855898167809364,0.003076052098674832,-0.002907485453375859,0.003852729495488881,-0.0031816350300389483,-0.0058662960795908105,0.007485653064794029,-0.002248402098496434,0.04400967377506874,0.035736254193702396,0.0034837822990742735,0.301987141299328,0.17551559477534157,0.017063488960094304
119.292,0.015390936748911635,-0.002179761373629459,0.0075091742552069055,-0.003597828667752407,0.12409280685664185,0.0015936984925491824,0.0052023970081804495,0.008526743190122964,-0.015843879133354454,0.023645707657610066,0.0016239733142436599,0.0,0.003332888178887567,-0.005459731392697496,0.010117258057514766,-0.005792383767925792,0.0068417319135990725,-0.001789726739405946,-0.003669624066705421,-0.0043850337912223515,-0.0017795150265543015,0.03044719577585704,0.052950722337168195,-0.031705714589503685,0.06916542071343856,0.09995731269430921,0.03156304220496997
119.778,0.00959512691875369,0.002743782183990637,0.00911197670468288,0.004679986980115378,0.06859509020816981,3.378830048964608e-05,-0.002150055948261508,-0.007125596560123244,0.023462746798610185,-0.0003485652058146112,-0.0006280884391126813,0.0,0.012734639923566294,0.002774776459908276,0.0042489834609964585,0.005950769597210128,0.004392137709512642,0.018868985962861594,0.007164128872664268,0.07137314543442133,-0.0011310523718218945,0.04576608364226201,0.013923230190750008,0.04279564082201552,0.7897143126853183,-0.017299212107100122,0.03625216732100466
120.277,0.012410532070933686,0.0031691179152220457,0.007924670202686989,0.0021368377656471277,0.09302471428644773,0.00022366099908306726,0.00739365899059031,0.012861185720886587,0.02250729547683748,0.10838282921576987,0.003036310485279722,0.0,-0.008609513570688624,0.009541030330871227,0.0122914573109516,0.001839041188105439,-0.0018130698115230667,0.007857634301719964,0.005938494200024595,0.03377132863333954,0.0043471946129789284,0.03721040197023369,0.0220455132931819,0.040073942493238555,0.03185301361646023,0.1784635686151286,0.10564034702893167
120.778,0.008938279899377344,0.0024335251515176766,0.009252616014780887,0.006241040984677925,0.0684121588891149,0.002728733329662656,0.0014402228526143373,0.002006321717364304,0.025429841927404905,0.04062812226703979,0.0013001559640754307,0.0,0.007916083547307131,0.011275155215358042,0.0009317579702137765,0.006817880073971215,0.006309780795777464,0.022088051805730112,0.0070532559202292604,0.03582168793283597,0.006840856182865204,0.058455462992988955,0.021347435267046137,0.04726838992123854,0.4339736433492534,0.12795126569626705,0.06880037927078016
121.278,0.001783002439844707,0.0022834454639405967,0.0029434911008821346,0.0016165223660460717,0.06703238220610212,-0.00022192340038177676,0.002995897453442688,-0.0003730983280177776,0.008761110040593007,0.022511490538673188,0.0009487273845202243,0.0,0.014203929923263947,0.006126922744371944,0.007268722741238913,0.00385339179044284,0.0006076334453278207,0.006220151738342967,0.0014513631243576635,0.01517442978677169,0.004926737991527297,0.010060806618172258,0.01938364070207282,0.018336889185851295,0.5859695483001093,0.08053733115485992,0.0025436403847471215
121.777,0.015704142987219807,0.0007788890368998154,0.009785223158497256,0.003935738734214436,0.07845602041423531,0.00033798110600934773,-4.606614218097649e-05,0.020572194022773965,0.015371446793304867,0.0503902611181497,0.0004734131745115245,0.0,-0.0007608755736858412,0.010605977875933849,0.0033666783211428555,0.003148584977626289,0.012937171261506331,0.009081234805497771,0.006636024353048502,0.04485092330597179,0.0045595737568566875,0.030170127434493498,0.015465973741789558,0.0363331779055546,0.7784199014716106,0.08743669479155577,0.0756002441943658
122.277,0.003554838859534347,8.991897310794121e-05,0.006510094333784691,0.0042721029085883355,0.0443381596877625,0.0008725056887955703,0.0017353909550441807,0.017701405661984398,0.009095068323554695,0.019836677351645647,-0.0011420811696428604,0.0,0.010414113464688284,0.010406756827960164,0.006779781713737512,-0.0031153863270199545,0.001478316416977196,0.013512726846685473,0.00845936746663099,0.023403345597318676,0.008846262683234112,0.05946617174556742,0.002191905320499924,0.02698816226354645,1.0169845149705201,0.03482440990309254,0.0006413529186133797
122.788,0.01736617469637137,0.003790961088980046,0.0030846589730896315,0.00619516828307271,0.049957546742551845,0.004109509436871607,0.007147384888256343,0.02047933852755274,0.012646514539811042,0.09633208317443959,0.005893294241232094,0.0,0.006417909203407823,0.016447004973421445,0.016381965775020286,0.010454850363901739,0.0030786303630965916,0.008365535413112343,0.011399085876650528,0.013314492605884822,0.010805458590857525,0.018965875693443882,0.005128908316549318,0.061929473586301645,1.2302179096925203,0.1360258304092919,0.102735877756142
123.278,0.009234483490256877,0.0012022618601921099,0.006542046049969064,0.007315395657957262,0.09637409514556314,0.0034321651883386355,0.006854216466497117,0.004091491893339071,0.001836256316385181,0.03198671151450194,0.00393678127136501,0.0,0.00915065504984552,0.015239799801775252,0.016199441182815685,0.012006565482428403,0.0028977964443366137,0.010574735492744935,0.011558815236776048,0.001361648367756375,0.007194453835656999,0.031052052953349396,0.012683671976503913,0.026701812261376235,0.15714264288166518,0.09376297750675902,0.030071729699284726
123.778,0.01784676283762165,0.003278987559086285,0.006040733026802163,0.008408059834965842,0.09499115384408549,0.005248672813191918,0.008926046775288453,0.014721592706161617,0.008992251914226463,0.06844759515451537,0.003222215461301072,0.0,0.012349515428897001,0.01583518477956396,0.023875921494666566,0.014575459708630155,0.004721681306816514,0.010785926666346896,0.009310071169936644,-0.02322368500146231,0.006347957945290265,0.051908042462257574,0.025511656707652076,0.06782186313570178,0.35528333274382295,0.074088029645608,0.041843301926560314
124.276,0.02095101286314092,0.003418505497405265,0.014776736352424663,0.005981966093422386,0.10463612156132594,0.004122792468785473,0.007320634600257222,0.020623021888424513,0.012861468030863068,0.054931428029539896,0.004620115482341063,0.0,0.0017653359117676517,0.02115567668742105,0.019162060184560833,0.002875669729982541,0.007906274970861176,0.0056381263318745585,0.007376125963885182,0.02181174966579856,0.010888735892662923,0.06569037531525325,0.024125623610434598,0.04724257565511691,0.6021734743698476,0.11124974521796284,0.07794363916513931
124.777,0.01613037061083186,0.002692943095441453,0.01131078075761018,0.003171957196437082,0.04419108975317158,0.002868051267356331,0.00879544385302386,0.0048240907399123975,0.012888931064178715,0.021455011853294816,0.0035844742540827894,0.0,-0.000877709347824834,0.01405643861385024,0.011779610183351986,0.002160135537268044,0.007663228714348411,-0.001667641544096394,0.007675915568357127,0.020923466363321153,0.007915686119882985,0.05236431768868166,0.02037632533861885,0.07414737353892241,0.26792926988770777,0.012966966887241239,0.008193681636731972
125.277,0.015956458363123618,0.003754478465326291,0.005457588412254901,0.004652028746634615,0.08301129333550658,0.003116720353692913,0.0030435591060730544,0.007191859362620283,0.016841705561847012,0.062429704072767815,0.002590456536359554,0.0,0.011396680851473728,0.011116657375036901,0.011608966768125365,0.001717818853728645,0.007168606593088236,0.006152212811524032,0.009452307779087683,0.002372617456080329,0.005961782050881258,0.05649929068890516,0.007285325464198185,0.05395671221119697,-0.13562646038428477,0.06873963834832834,0.07730579271382843
125.777,0.006703153595325682,0.004909600592460874,0.008925447860294587,0.005238415428601706,0.06580279278919332,0.0025229748057160467,0.006091310566785015,0.010857987979518887,0.019284157824151868,0.029047288383304205,0.005459301661845588,0.0,0.012558358587630455,0.0016734249518108855,0.009762436235107436,-0.002606088477331447,0.009855330808239885,0.012452450530665989,0.007272648624771821,0.036882615968335905,0.005069515116809858,-0.005917408238959077,0.022295716240970532,0.06182598209059081,0.6777498766248639,0.13152413886656314,0.023244301740591805
126.288,0.0044628237794981365,0.008660459087058673,-0.0027576704228752967,0.0034457941649813006,0.025795588365318735,0.0010106942527074543,0.007978470444039178,0.009056808339733692,0.013326681463106654,0.04104017709527651,0.004426422436651757,0.0,0.007643197709171875,0.005309951644313164,-0.000650251020909336,0.0020751423085171414,0.0086595150770938,0.012343279945042666,0.008132105169404078,0.04275344292251308,0.0031706845949725335,0.04092694578003032,-0.011688507539612534,0.030931758959765344,0.619824635430921,0.057244742904208286,0.053571610603966695
126.778,-0.0006718768573695086,0.004736250343274806,0.008665271846719134,0.00477951147277776,0.06897441542932058,0.0019038422095428555,0.0074795916151956295,0.0065882349918052275,0.02105910593381221,0.08773759433410921,0.0011416718703928079,0.0,0.008374524757976896,-0.0008303560977934824,0.002777717652779287,0.010995664006330105,0.002985057463937862,0.01334688129374414,0.009470381454213363,0.027183706037792705,0.0038890457386403614,0.016581438097990394,0.0346387198875167,0.05103282201422714,-0.07855018215459528,0.19704275239575703,0.0839111116649291
127.286,0.0064370647294516555,0.003240840404155106,0.007488637866354203,0.0012668708178184599,0.05676289895659473,0.0022844300988868393,3.971637886349536e-05,0.016552067357465144,-0.005472385251686912,0.08109124326241837,0.0025089422586902052,0.0,0.006636498249196222,0.000587621395769259,0.007037915259464807,0.0043421158138089826,-0.004705338387152915,0.0074884923091390766,0.011117488097475182,0.01009451499596004,0.009560553624021686,0.016779509573837646,0.021039988451713586,0.019402303715558074,0.41817839859861783,-0.028839622725345983,0.1597719375091396
127.778,0.0014406988617053427,0.0032782064340672406,0.015029565216493455,0.002168039529910898,0.0007892426832252629,0.003184108856605019,0.0044773436147907625,0.009851753016007964,0.005810801170799938,0.06008962937984544,0.004156638429613405,0.0,0.01272616403573602,0.004837165366479208,0.010595888903974554,0.007463400774712883,0.004255209191663477,-0.0005091616609033553,0.004831878656186609,0.013275240527099583,0.0031678528045237437,0.07264520595587502,0.039558598122015905,0.005431066510503641,0.28627691486007023,0.09028581258557901,0.07544454532443179
128.277,0.011058817339513461,0.0013672054297632966,0.017576178039897652,-0.0008074040506839129,0.06668919046014973,0.0029821362974639127,0.006312742650411383,0.006691909019146269,0.0006907102975250617,0.08372043859483146,0.004890773030747615,0.0,0.001005704474273602,0.00023063319297838956,0.009851980933705949,0.0027363977094173437,0.00422262176477679,8.840323365358633e-06,0.003928818259920439,0.015103322661447182,0.004349497987305737,0.05038343095977211,0.049106684671990475,-0.012425261725355432,0.362231756837658,0.12432209903086797,0.07099679488718197
128.789,0.014558327518601834,0.0014689364638797294,0.01196539559949561,0.001121729376927183,0.06567657443962857,0.0027683868732131466,0.005127594853444035,0.00584977820856687,0.004413618602975562,0.11213304593287586,0.005318323236879353,0.0,0.006620235229111238,0.003876429817210252,0.014566069674127035,0.007803337448836758,0.005966596953895208,0.005282249554006725,-4.19977855141399e-05,0.015474354589900425,0.003479212807068642,0.06498852802180959,0.0334654505169986,0.01740662632076584,0.22153815355282247,0.14475681405592006,0.1042947956836298
129.277,0.005345891193780401,0.004013397781204979,0.008315312312335016,0.003661753765153367,0.07818874849848559,0.0015964768614517722,0.004333398721585688,0.0029295710458813605,0.03807464675615482,0.031767826784803464,0.001768841709864749,0.0,0.005925249907177965,0.005475381853682643,-0.0019231080722732397,0.0069655798141252355,0.004769641503190295,0.011544603548625338,0.006716595075560825,0.038542727176615256,0.003333409916247615,0.033400704720606786,0.01010809515786724,0.013684680587736264,0.3874830539617583,-0.006364312470376806,0.06420385792009464
129.786,0.008455551398598153,0.0050839537140361934,0.005745480921806853,0.005878307193692032,0.05262270938051952,0.0028208122728659857,0.004833719300715916,0.017682352707477252,0.02376228032399518,0.12641669458424407,0.0028664440331794406,0.0,0.00986781357991387,0.006656394049683856,0.009632650645658054,0.010766487946149662,0.0018879381970808595,0.008988874616311072,0.009415852550315297,0.03149288384387176,0.00942003025459321,0.020916759889479636,0.019529439456672428,0.035325729145053164,0.8072895019526788,0.22507962811453092,0.13634920102204123
130.277,0.0063953853264124404,0.0007309237102407294,0.0015121819862395451,0.004174844460405101,0.03591946889800831,0.0016861634239943813,0.004759092905348213,0.004567640052437356,0.006955469960930315,0.0178929018210937,0.00011638051345953664,0.0,0.006108104765153081,0.013610655206747195,0.0010255727874945587,0.006013014297078538,0.006395919918840945,0.012462345411095775,0.005915280422262645,0.0052263030412425665,0.007403869978150319,0.03229439012382937,0.0008433519781360741,0.0012172877853713264,1.5858170209106286,0.006551290148776689,0.059847876772491
130.787,0.013160200201539917,0.006821303017355718,0.01156221928008805,0.009056819391419134,0.04734213404170607,0.0026134724127526363,0.0018084730601232231,0.015758643160410746,0.020240387933921886,0.09158146475372686,0.0038848814308491356,0.0,0.009198179050968801,0.005965570536201284,0.017010460208987818,0.007594460303695343,0.012827349262783816,0.016114722409731743,0.010780382816103407,0.021487500767303568,0.0075230303930107,0.05660554730989482,0.02691301714988136,0.01185194639868594,0.4062095773551933,0.06309578555205249,0.13199556299270723
131.28,0.00012711541848573363,0.0009012542151431845,0.009108065369303,0.0026672936478601044,-0.012525993540144241,-0.00021678828951875013,1.791461084813814e-05,0.0016373775609334195,0.013957873896581983,0.03985399316048926,0.0013149080830061727,0.0,0.0037579438747687237,0.006681509320774919,-0.0009534544528006896,0.003807124041098689,0.005224504171694624,0.008441221509269202,0.008895377084008635,0.02851702695835501,0.003809064901426233,0.04829246084404385,0.0282087400432145,0.03478273916842103,0.8041398573337293,0.05759143976521733,0.09355555848835218
131.778,0.007049113414683217,0.004919866876658415,0.011619260398101955,0.008102418091718912,0.11012304872341105,0.0022939364505674175,0.0046408014573487534,0.024780878099480153,0.02588584149227816,0.07519712903838971,0.0028552628247451453,0.0,0.0235489772001542,0.0066029816727160035,0.009066853653087044,0.01137015572478402,0.007928003232600903,0.015258603102086581,0.01050379604930505,0.036170207356797636,0.005637240741424766,0.0005867028092621617,0.0314920441964254,0.057389466739206085,0.8310863318805156,0.0997605496291151,0.08490158001629104
132.277,0.016238002393052658,0.006670261041270829,0.019220085269718953,0.00901023458572099,0.04446786016220004,0.002771011184766822,0.004715923198324109,0.02250575806674005,0.03121149615927746,0.07721290748173154,0.0029711766550604523,0.0,0.010962151015874295,0.019658989739649975,0.013018032358739917,0.011212173499269246,0.003659803753791374,0.010198983613285879,0.014414068093325256,0.022235984139038243,0.006964375654236786,0.043706402186876825,0.050643515774528546,0.030951168135894325,0.6675364118306786,0.15077301805124277,0.07177696891167952
132.778,0.002764878732228287,0.0018247344579247697,0.007274075304010138,0.002870799018388291,0.00746401825510295,0.0016213664708136504,0.003993117532854626,0.014609496513854608,-0.01101890298390046,0.026655653167511204,0.0020303956815083276,0.0,0.017894817214696736,0.005981621213489908,0.008307295731967972,0.004154185390094111,0.015466387843691245,0.0005780325277843693,-0.0005590595309388522,0.00032888404572768134,0.004127359806194007,0.02239670715123087,0.03510939106749745,0.01664453687413903,0.4830396551565103,0.013037809713493656,0.024102139396244764
133.284,-0.0034504724383899866,0.00010916628791990431,0.007442503643610933,0.0025178895557300598,0.025415370023040142,0.0017316215213145224,0.003948745096646368,0.008600901487890137,0.012502798443458543,0.022465862310138404,0.002363135474998611,0.0,0.014610849025405633,-0.0018678742349734396,0.009383239303364944,0.007355642624380253,0.011284273442788246,0.0048946708416279135,0.00117068504605633,-0.0010527059208742724,0.002148208144711555,0.014480685818574639,0.032402338716477304,-0.001639422002142148,0.01466451963481857,0.05117355542797296,0.05665836857656097
133.779,0.004003504129545955,-0.0001035427824558557,0.002150869349284141,0.005262854548027676,-0.02051476901792977,0.0006513346388232691,0.0062741387812708755,0.024293801670360746,0.02306174887863144,-0.012862095704321116,0.0011832520726028594,0.0,0.00905924731191338,0.005137978073363587,0.009417222578763979,0.004468475661513955,0.009431436058303306,0.0073692605314650385,0.004738712449553314,0.04243558452149697,0.005803688916097479,0.019681587474932975,0.011551295240104988,0.05466109573155255,-0.9010270135095121,0.03159481542603458,-0.010356526045623768
134.277,0.0069455187856793605,0.005001342126180511,0.02479718662852957,0.008574197414235174,0.04186117247622465,0.0008835539498086777,0.00859721275160799,0.017671871873525223,0.02729163100581023,0.07095985289667422,0.0029283167469601632,0.0,0.021685823554285437,0.011183470107380302,0.006895308591589415,0.008704169798540372,0.0020887470691592727,0.020455383895948382,0.009077039916910461,0.08334081578181833,0.008012421533620542,0.08209494244821754,0.01769754891823593,0.05718565615407548,0.357267303322227,0.11578355599978259,0.07310749639383768
134.777,0.0060473038346777,0.0016457603511186036,0.01782773521577122,0.006753311586603892,0.03895766879837222,0.0007617320036387813,0.0011051902466478977,0.00588455342681508,0.01076781187385145,0.015475772835280543,-0.000430323394602732,0.0,0.01305923464130981,0.00584886639267401,0.0032581953260851036,0.008264550620594144,0.007578232016203133,0.015226107185183952,0.010419883280313454,0.03225590987887868,0.004604680245828632,0.03974897136885417,0.024923693955156145,0.015300460621590111,-0.03237680351256445,0.09804088347288845,0.03483031216058526
135.294,0.004584929947905931,0.0056173733426072014,0.008443816979422057,0.00676390542973547,0.05486339465548673,-0.0004769574454170752,0.006196930511180704,0.017414226836816146,0.00839503001240106,0.03500623409449894,0.0018385350437049256,0.0,0.010514167276131983,0.010561247400451057,0.016318871772376,0.005701176583096686,0.0002383141428713395,0.013615111981450831,0.009574417915813217,0.03216423131304748,0.006212458535038447,0.037684839465403325,0.014460692654031312,0.040795791881151656,0.40804808775310447,-0.004496690843396232,0.0848506006161522
135.781,0.008311752236308935,0.0036979143237196575,0.010617295445578906,-0.0012289107385792333,0.01607002922131281,0.0011703835401277707,0.001454181559236011,0.014548549113857908,0.00024868263227604653,0.0017699223738267074,-0.0005842092430956598,0.0,-0.0016675827047083409,0.0015215735931172502,0.00844146786981297,0.006702570243385139,0.00505893616700174,0.002054010894112112,-0.00013294973380831036,-0.00723654646552848,-0.0013735170120605744,0.05268269693772949,0.05033327689883827,-0.0089015559003501,1.1478331317171195,0.04352813253628083,0.014738232555316665
136.284,0.007985673729525753,0.003947013107246655,0.011975514024960845,-0.0009204775953426719,0.02534203565962763,0.0007380933947514707,0.00292040627033568,0.005671997556840118,0.005639287387353864,-0.04032344612614603,0.006293039598984683,0.0,0.005768582847071272,0.0009322996910490565,0.0035393763629196023,-0.001080692329613589,0.008685853588923043,-0.0006062184334134166,-0.0002893444835796435,0.046167616414910004,-0.0031975385321954615,0.03576373741857234,0.026128842229198014,0.05474215209319592,1.1875219369741277,0.029716062912595157,-0.03278433447238943
136.784,0.007282536077417308,0.003953793147593279,0.001459325461577363,0.007112814902360971,0.042792445849906685,0.001108482428600105,0.008247423052585492,0.01230244867286525,0.018288327283613584,0.009096090506699024,0.0015696401581542054,0.0,0.018737800044080336,0.017442649248813783,0.010426967036802699,0.01548320231207626,0.0014870745472834348,0.01376075716031711,0.00687612378447844,0.02939051789143379,0.00033223044845243847,0.02182351865841832,0.005293817892881929,0.03127019745269091,0.2502643092021028,-0.005869830373871262,0.0665451540632494
137.285,0.0016622305279925995,0.0004849686720059616,0.008663013289245977,0.007316317156804392,-0.03476998454902082,0.0007297143913836723,0.005991370171189258,0.0010048874408800166,0.01759141871245074,0.07816220864726471,0.003477175751952967,0.0,0.007180287513841533,0.0064011181695016635,0.004997381244127163,0.0033645459660272604,0.005034425596373414,0.018943051561728513,0.012585988078661126,0.04405020389962518,0.005100225898734001,0.03790397504629833,0.016603320081075776,0.07859985110153367,0.41441170967387436,0.15100147827519644,0.07699096657313019
137.779,0.00433817735450797,0.0028907914676570994,0.017985837807071,0.0044044239355639486,0.10152581155233203,0.0016254925086222351,0.00558665670934496,-0.011823812528902921,0.015019769542054211,-0.00858131677420639,0.0020622629184539405,0.0,0.011616004011561674,0.001529150013257878,-0.0029485223499999035,0.00511770469078703,0.014379435437448088,0.007516037589640754,0.007443240034843532,0.03537582786129633,0.002183860303429003,0.027850387699283587,0.04809983051318922,-0.00013398964924684538,1.075874844335976,0.0455283174993929,0.03312257540804322
138.292,0.010748989144191725,0.003901757919580324,0.016495179070020214,0.007337521310393833,0.040507957052538936,0.0017977054071819831,0.006447000918155497,0.005047330500024776,0.015237791947914647,-0.0027264120238415083,0.0016226615867599885,0.0,0.012688143083618575,0.0054284273686687375,0.016327928808658635,0.010755803663500454,0.006856038077028952,0.01093392588038831,0.008448661082100763,0.04509224453654763,0.005959338132077417,0.03674363051554792,0.034047776046796034,0.04781951263079603,-0.0989299622924503,0.03363369518015496,0.00801442375270063
138.778,0.01749922808203356,0.004952525639940854,0.011571181360582682,0.005347478484681777,0.11233820985184677,0.004227590000441756,0.0039236916106185245,0.016502464791528837,0.009137564351463272,0.024305020818194557,0.0036587675584550403,0.0,0.0054238527435944185,0.008925954939119275,0.020687978019806746,0.006702652570403237,0.006180215088277656,0.002457521081147721,0.006303899274726877,0.04601709470203227,0.004196258086834511,0.04875968917614843,0.017041926558082413,0.04750279878051786,0.2932272198912452,0.06251437420869735,0.041153386186717454
139.278,0.003282953331563491,0.0008363766554670474,0.010890180870604978,0.0031451166798129662,0.05042987572010763,0.0012786952060251907,0.004797265664804142,0.011624646231563847,-0.00455075316602608,0.02741182777270429,0.0018335464174403411,0.0,0.008106466848573543,0.003542007978136108,0.00909872654817009,0.007206957283565507,0.007730410151841879,0.00161436266527998,0.0032956674971657616,0.03390111641217311,0.005358730501465031,0.0015174257534155133,0.02716524132842386,0.00043739086687877255,0.13508613616196954,0.04223240302748876,0.05906578329402499
139.776,0.010448469584231873,0.0003717694043694509,0.0067077519671123135,0.005236819691092661,0.011698013488419519,0.0005191808123434478,0.0018640013372298071,0.005191669863306922,0.021341965507096446,0.013152756559143641,0.0006024044712237686,0.0,0.013103716389169967,0.009500267362896983,0.010974802448665083,0.009206004262306573,0.004749539227347212,0.006493057709523757,0.002579762145782447,0.01562710639730315,-0.0014840719099350299,0.06448044047057003,0.008829019921235264,0.03955357914696532,0.3464009674176528,0.0001979505658567784,0.05508921550962072
140.287,0.013727152117757588,0.0038453855027299707,0.015870957448952935,0.003132794437619455,0.06431109173881745,0.0029595379057828428,0.0052135485087546245,0.007824404070014265,0.005204969921194636,0.010093005506891779,0.0030781763942888674,0.0,-0.0045847729319775455,0.008765384303972584,0.014007912538532504,0.008509271216803341,0.0055256597753058755,0.005381684137047889,0.002658826522557239,0.028273423669703767,0.007174982212000158,0.09191386983229861,0.015463041994553806,0.09038659156246762,1.6244182878092857,0.06512466852482945,0.004435636720290914
140.776,0.0071501591210765165,0.004070070451407257,0.017446995725671297,0.004734451642177504,0.07002417568076663,0.0025140096553934663,0.0040322037981671876,0.005675159308201997,0.016161635156012148,0.017311668941596744,0.0041696668794944415,0.0,0.009821172111982983,0.004740042337948378,0.0054479625827244145,0.003394480341582414,0.009002237658141949,0.007228008476561938,0.006107695156832216,0.06665521658392336,0.008584720699039494,0.06674414032912998,0.031348569964149954,0.044382763269910024,0.4685693641173277,0.05106125493559737,0.012794227073223254
141.287,0.004222714027606366,0.004823675956097564,-0.0013789808554819218,0.0036095606944473433,0.038223921263952985,0.001227710064570331,0.003653209774903562,0.01117687092964064,0.01784050715577141,0.055185265215625924,0.000624477756879738,0.0,0.004190488654272625,0.010995057364576464,0.005373707171768027,0.004164639248911081,0.0076194965854702364,0.0072254325703872595,0.004480841417894521,0.02714295415066742,1.3875773452492186e-05,0.009563120938586675,-0.011104117805900303,0.04156782421121393,0.26102812590611857,0.06141582597647595,0.09250462645529323
141.777,0.004312499425057224,0.003158283819722275,0.004172581880241365,0.00518771136192581,0.0282191268035602,0.0017473018797856425,0.00476053449257122,0.020321541270888237,0.017703152927876647,0.016760814514619384,0.0018996297010951807,0.0,0.002404303024295248,0.006315231111147041,0.00013314325215582723,-0.0016290125328539914,-0.0005646425444871865,0.017806466845242248,0.013081502922628625,0.031246991822828172,0.012967919813936194,-0.002207278675641735,0.0005763633600891564,0.054677382059151014,0.9106053379185289,0.038963167894340796,0.08922689779765176
142.278,0.0035363054215201218,0.0011847635710851036,0.001976487439638623,0.005130589327584874,0.060155484887923355,-1.613431611180636e-05,0.003351432918152164,0.00405546824127443,0.011657305444015973,0.02364286217649152,-1.1610453500420584e-05,0.0,0.00851630206215858,0.007074289031506767,0.004661615399770747,0.002707904577610002,0.0034499865313485545,0.009349857179353792,0.007596054111650067,0.022342706256511986,0.0060204264867436,0.03431851999769903,0.009568096280102066,0.03559333018281585,0.8748877385112777,0.019941112251985863,0.07835027161140308
142.787,0.00674220174545799,0.005428202945002652,0.006590152098377482,0.005498243794872887,0.01786767229881742,0.00111232991637942,-0.00241835920955541,0.014187104245367567,0.023966516945115868,0.031743295910047285,-0.0006073778504960778,0.0,0.007976864629005325,0.006854588125909275,0.0007959746017867862,0.0035532036773328448,0.00699992781403835,0.010686332670755605,0.005258487225100311,0.05489457396956308,0.00501228690829311,0.04461679705730108,0.004738470025013712,0.04465505537803811,1.23934331452303,0.04747758436767243,0.0807464061174298
143.277,0.012208655765852379,0.0022410945291247457,-0.0035418682002574487,0.005057484716674761,0.033794796998252954,0.0013416631878125846,0.003220515556658692,0.024587090189875482,0.0018608756443645733,0.035525604877935345,0.0018845313730740433,0.0,-0.0012511714374293552,0.0053515389278882995,0.017859406761154578,0.014423389701886497,0.004080404491800927,0.004898650290500636,0.003569994506110465,-0.019518799563619,0.0035032242265123554,-0.0048940811133548956,0.008242168121289533,0.02592620729539659,1.3015680934829668,0.09575720895805706,0.0468918482768722
143.777,0.0065562443842428235,0.002987976245412806,0.006385581594708556,0.0030144367230978356,0.06642182321423397,0.001238963026624051,0.007279232251751232,0.0058259535732015175,0.01453197925123652,0.029642521034835726,0.0021735650239945014,0.0,0.010230703834986307,0.005906050463767518,0.007691146434339404,0.0037809413078901477,0.008552560976541041,0.005915423808640347,5.1702674258716325e-05,0.037930773433392004,0.0008988375138861819,0.0029166988474313422,0.011558093100234769,0.06377188942190808,0.5782864212116358,0.009971933924195884,0.0861629437788687
144.276,0.0094097869339767,0.003142899838641862,0.007956579630605793,0.0009321604588146661,0.053006710886860015,0.0003297630352721557,-0.0008519312202661386,0.003389525693714468,0.014990414079379484,0.04917741384758659,-0.0013884371096246587,0.0,0.009694164410075817,0.00022573008628516794,0.004327152196778803,0.0029882896446087903,0.0009048947364382248,0.00480598240208897,0.0028152319408749436,0.06163687432714353,0.0028817440758263247,0.0723495140196943,-0.0023785879814629853,0.020858483861733817,0.56182851565238,0.11437938589970228,0.02007730001840197
144.788,0.00624300088122018,0.00443460861237716,8.582082057625736e-05,0.004918683929419848,0.05178024450638423,0.0009738903703420593,0.006090136733403508,-0.001402477468275756,0.006731095593791224,0.08265261040089321,0.001517669147633548,0.0,0.012719800024769544,-0.0021244541010382047,0.012038053860542547,0.0028452153516284064,0.013620876978283836,0.008598814097600625,0.004184226052981119,0.03266242645857523,0.0015674203411661471,0.0034548755165574826,0.021527540607769062,0.046660242591531786,0.06764426343944613,0.07761833438992825,0.08893850731722758
145.276,0.0010594200806358102,0.0038014053784477123,0.0021671140007014085,0.007897524121322797,-0.016757385322152464,0.00014637238178773565,0.002838040511627771,0.013670036490968953,0.02039253456140651,0.024087315551403924,0.0009935899706329555,0.0,0.006075830928442334,0.004223284546467711,0.004997113745945358,0.0021187916164514286,0.005294417931664109,0.02122624380383709,0.013569234141530452,0.05274702624903154,0.0031456121074272744,0.018359497941408832,0.0009250064372355471,0.029197754899832607,0.8242769616082785,0.04667686545908823,0.034700701511958955
145.776,0.012052889372807856,0.003577805041417502,0.008020394707155145,0.007916954283698194,-0.011254011849045169,0.00023911925122125353,0.00317106414945783,-0.00872787991162653,0.018556230846128167,0.010363640197525226,0.0037255370544329817,0.0,0.004033319577871616,0.0019332040248761938,0.010702672944723844,0.004367092015064242,0.013055917684774671,0.01948083902219147,0.00808596560422507,0.0394263333262573,0.00019124679064345658,0.09633097786659967,0.008544888705925553,0.04632423578678605,1.0024643639050335,0.07252583406307543,0.010070518012835698
146.276,0.011807742110123367,-0.00048201541591156514,0.0020772497881631387,0.0035302363238078134,0.07436228687901618,0.0005593254018325934,0.002495420230957459,0.023171779822566033,0.008590469469900898,0.03674931619751253,0.0012830948839704494,0.0,0.005008341592503251,0.01172201895699342,0.011730283221383463,0.010007536943037253,0.004485617212711015,0.0012013600489385859,0.0040818780709851975,0.008238159501126439,0.004028359460977361,0.0007727180968923721,0.02763304865378924,0.007666506485715118,0.7895483724426191,0.16152503035992552,0.0007661580949432493
146.786,-0.0011043027970684615,-1.3596825060989708e-05,-0.003650662995232553,3.5486350780531804e-05,0.01739047216973846,-0.0016002108928916364,-0.0031605292459483876,-0.005288403989217398,0.009000947858134907,0.025448443401707016,4.862637889987926e-05,0.0,0.008946854613665638,0.000342980743158665,0.001900077865133382,0.00033526783760835544,0.0017490086215169794,0.003936266480461705,0.0032869314727712127,-0.012048162810798057,0.0005227112854502147,0.011306638284013374,0.024573723037379203,0.006625604294236171,0.9916887639106768,0.06164918054606981,0.025648697076048572
147.277,0.007235155918552199,0.00132853058627718,0.011331890112843662,3.6563779052222705e-05,0.015839341070767374,2.9678161686052103e-05,0.0015957871924206547,-0.004269689643280294,0.006249942181989103,0.012263372674190878,0.0022935577808297506,0.0,-0.0005371279384713828,0.01070708395700792,0.004993827559146219,0.007146731023808552,0.00151251723674873,0.0017399403531196545,-0.001359126283987584,0.03422421927253611,0.0027526088794039743,0.05928400274512488,0.027124028721399927,0.04514998561989692,1.2970059993854062,0.10059767257419207,0.012389636574374727
147.777,0.017230384538866095,0.008024876803763846,0.011491740505644535,0.009196403058868312,0.11731816322665727,0.004778834573350239,0.008428939158652825,0.0009186545815003582,0.013926820862475809,0.012517376226665834,0.004996681569124627,0.0,0.014226319288255953,0.015474812655396127,0.017310583744654058,0.015549533423938004,0.008158304635066803,0.01387671856741278,0.003762914944427091,0.05459602247457518,0.007848468697127993,0.035778439755014046,0.020344452037644126,0.06660390039772086,1.0856605036488087,0.061878381307136125,0.0004309270777370412
148.287,0.010173815504132324,0.00458616996660741,0.007095277980809,0.004488476363380949,0.050514719960753074,0.002585440160629368,0.006153899867062859,0.014721739818080195,0.019568547537013405,0.03989293758783242,0.0032451850623316557,0.0,0.005991124633735375,-0.00023081464185139997,0.009311299553604371,0.009131828778990856,0.0016361692874202062,0.014236239725021227,0.0025709384032494725,0.02826773254940232,0.002349551988121209,0.018439696979941016,0.02160340668173242,0.04274374439124811,1.1017119669698783,0.03420351136736327,0.09918348786781095
148.777,3.996698037005734e-05,0.004691065851691109,0.006880506215670046,0.010078287029293548,0.01330910164055838,0.002125280929660388,0.010664501201556676,0.010567948143013692,0.024533329227585648,0.026155354578672064,0.005493819143484159,0.0,0.013936215389359007,0.01671991643667001,0.008282330948568353,0.005964415844854293,0.011385190492813597,0.01928001834608914,0.014501829331693066,0.06773993967927251,0.0035015534588573563,0.040600782580645964,-0.0052590862091655265,0.03318919933279099,0.5335605777124965,0.08691492023834599,0.014173250403334598
149.278,0.01076136831927037,0.005681484816972588,0.007265174950133849,0.01097074042703267,0.04492961318099663,0.0022428480347077635,0.002932574213196927,0.008711758621746757,0.02206154389773117,0.04057451169968687,0.0052492454028583305,0.0,0.006472414817640571,0.018298626231798523,0.010790403299157704,0.012289789513352271,0.011253968168075733,0.020984372290297298,0.015252381594823844,0.040953167450620456,0.007025673712509533,0.0413033186487649,0.005933253386089626,0.06910306654508692,0.5750256493115553,0.06790892284644964,0.05752185055735892
149.777,-0.00010277223523749303,3.905887900384735e-05,0.008602244905651603,0.0041162284353668,0.032239405779243294,0.0014461611511441777,-0.0019379825076475126,0.013467284592467207,0.0019109347723446476,0.01778996063492671,0.004209124095126585,0.0,0.0010247982603359992,0.006080061960604728,0.002836097454233446,0.004642128304004932,0.005578480393549105,0.01252835006129783,0.00624846675262466,0.019930486362374104,0.005865903903514748,0.03203163786124045,0.03383405661334373,0.03313212244968446,1.332944377931613,0.12763794543549406,0.04150105900372077
150.287,0.015526106151592422,0.00043926663743129395,0.01042460444370441,0.003588562115336356,0.007326784640346806,0.0032008021190262546,0.0072417203839851224,0.017640661323183073,0.002218756012709016,0.037452980428131694,0.002033381839777852,0.0,0.006578026017186726,0.004195115633822769,0.00913420712486174,0.006439019302237546,0.01030682471996847,0.006601292146038819,0.004129799453220084,0.029325992569311177,0.004444691455792222,0.036320888893911205,0.030925204160833452,0.01470853607352222,0.7498727874311382,0.03122796772864305,0.06167096231121856
150.778,0.016035665466201873,0.002089949831885576,0.013229204279692233,0.004773532049941099,0.0960115108687166,0.0037382433081927027,0.0072401005434183765,0.014435712247783863,0.0046461131819424606,0.026972219444236778,0.0058374450070953696,0.0,0.007711444739671164,0.0011614240541450193,0.005295346542357406,0.006962645087583733,0.009861162021750287,0.01257969511277838,0.004167900831359599,0.019066790994113663,0.004944530959693121,0.0520115914237071,0.029416978819246823,0.02424999085736097,0.6955791777778725,0.11041607608746645,0.05834900424846816
151.277,0.008309344181431463,0.005006923241355476,0.014077961249844501,0.002263542166772089,0.07884553516993463,0.004107903347880222,0.00572861159788529,0.01763740616767637,0.012947201049093823,0.032179863364123214,0.002542874350395874,0.0,0.005881553684216103,0.0031097204322840795,0.00460270802399171,0.01030745358384966,0.005692732521580106,0.0044759605236803475,0.0019460222146274783,0.04712708193390809,0.0037646768402329286,0.08019541336358965,0.013463958557355873,0.02363227163431933,0.8536538750737701,0.046522892883669724,0.0789274175931408
151.777,0.007957090836937011,0.00426463825979866,0.008197430808302073,0.006532087019088571,0.05716063331460881,0.0023680271356203396,0.0051627069260721525,0.014708634962722525,0.012065178638541734,0.004316479183363922,0.0014510060924011136,0.0,0.006442143519490714,0.016061045772464987,0.006441006237757745,0.015289352867730307,0.0031811797822570106,0.01110867657306231,0.009509993494510266,0.0420187749785892,0.008913420440144352,0.035501289520714324,0.005534778485187135,0.016746065253095584,0.5690111374982573,0.05180260525094262,-0.005233971121039862
152.277,0.0027605214050057288,0.007257058329561265,0.016968207106058456,0.009606174188790551,0.020712701802973243,0.001530131186398999,0.00783891398542314,0.01658539603988647,0.02346743225389846,0.036324504752289474,0.002580192983894103,0.0,0.023897731888198857,0.01859906779744485,0.004429043285558662,0.009773172165732823,0.010756914665704043,0.021058692767128222,0.013444229938454278,0.06871597247173476,0.00670952465093789,0.04551401934027892,0.01355190630797207,0.06517222425715748,0.5630825858819155,-0.011511181605297129,0.06935724794095177
152.784,0.011233065765912442,0.00709060852576357,0.017555819481883374,0.010580288730855224,0.11476834986536147,0.0011784511420312293,0.009394052688554512,0.013431117350585473,0.02817539023462601,0.0373302046695431,0.002965786601991054,0.0,0.018979464941904188,0.01565286399818788,0.011510399838343814,0.009320708294101357,0.008951232467851747,0.023626352775860292,0.013003012869681791,0.09269110183326924,0.007376442572788878,0.08534564839483584,0.011344223907266039,0.06898403708183919,1.0986621235732932,0.07251537668556203,0.07590537828133108
153.277,-0.00074245411198836,-0.00047366842813880165,0.011744121639700983,0.007620132923363077,0.03357476678462688,0.00018027956400804135,5.869428249594101e-05,0.011145845153950285,0.015655931491981686,-0.06821836527479772,0.0023370809101835484,0.0,0.013377058376950334,0.013101991817407307,0.006051442652384052,0.0038426093608170337,0.010118311900961928,0.01975890161298521,0.012228294883961453,0.022897338778864573,0.0015569893091144,0.05031688665915992,0.032242274536235405,-0.008798563187950054,-0.0011689696058670427,-0.004002544262575147,-0.05908559494826216
153.787,-0.0038174444168554253,0.002827685513501796,0.0060462569885848284,0.0027782215612319663,0.05284439041627591,6.58341353969499e-05,0.003283562668295651,0.006215650672739865,0.012496163473600113,-0.029947665248459973,0.0012471979540085152,0.0,0.0032655268200049692,0.0016639073694894385,0.0031878485714509908,0.006616409052677879,0.006200384454337116,0.011352427012540408,0.007851235175242154,0.04859497391106286,-0.0009016410203136076,0.01978398802254365,0.0074870381062485366,0.02902407973072013,0.1448457534015748,-0.030843602861376034,0.0074237408014349434
154.278,0.006422391214187951,0.005112197396660022,0.0016061686759928874,0.0035893845899001428,0.08802143224700447,0.0016627949531497284,0.005439877567038192,0.024429015169021472,0.007930611498540258,-0.011991037020913016,0.0035026838476056965,0.0,0.016818553136011084,0.0018846580093004521,0.013331625213028617,0.0035198080819444626,0.012769237412018004,0.007395452196871465,0.008354906716358457,0.011025071614009592,0.006867449163303388,0.04313590784297087,0.010799954381576085,0.015075625393745493,0.1341004409553913,0.10820165451132342,-0.010826507706257992
154.78,0.007244312186692904,0.004104798546648767,0.005214242161791947,0.0016209203570702257,0.08593062371596309,0.0023273670907937704,0.0062207159782420775,0.021377192151312716,0.006878154791303696,0.011085760146867352,0.0025098363271722325,0.0,0.009504328057809883,0.0048613897755550904,-0.0032716295470799107,0.0008763662362407217,0.005778683788663117,0.006021607601180206,0.009356460808543883,0.03870730454247334,0.004083094178156262,-0.017238260119523015,0.01562033143254128,0.01777885526560986,0.2973456201368984,0.05703641163940296,0.03463440338945791
155.281,0.005489306825981323,0.003861065516873904,-0.002846405634079753,0.0013526259060598657,0.07430155189152562,0.0017646125536955918,0.01041428603508676,0.020314255874443656,0.009704218842872347,0.028334070724179056,0.003320476397253291,0.0,0.01574985847936494,-0.0006187093915050729,-3.005301912918646e-05,-0.002780814160408923,0.009860331562826561,0.006151144635584406,0.004545594913841658,0.008522480276185875,0.0029421436299475034,-0.020838524009021954,0.025194535102307982,0.009530589438453498,-0.9835345900377926,0.07206492825144657,0.06462390023924601
155.784,0.007475296555522285,0.0017904823614917204,0.0002915078168710529,-0.004923148034189619,0.12293197617185952,0.000614867931124769,0.0057151216554436465,0.027813047924726046,0.011343066215453002,0.008299738074600597,0.0024601265516128704,0.0,-0.0013065828167915863,0.005346318837784146,0.009817744854848327,-0.005319462518559053,-0.002345759166384658,-0.0099364078720595,0.005239899607565737,0.014559998877583727,0.0013507100832394407,-0.02947118180458431,0.020838144828437127,0.005433928034449843,0.15909010516235553,0.03511557161768121,0.029928659005090102
156.285,0.0026275510020244424,0.005612037321237164,0.004115225882711246,-0.00314552856790442,0.029396889004866106,0.0013548004666364677,0.0023092648206882002,0.018399843198271128,0.013925734107327574,0.0008874255260044345,0.0029706720392079886,0.0,-0.0028871395622927865,0.0015335782948573897,0.0028090206336999148,-0.0009633199646732869,-0.003228736868279828,-0.0004998266396964968,0.0019455721854663216,0.06342395771460071,0.0028915705544775273,0.0694714945774562,-0.003092284199992079,-0.005005168837096815,-0.18385795555175077,0.026095591772287548,0.02853924856606493
156.777,0.005846131794089716,0.007647675104326538,0.005957962637911738,0.005835260791783654,0.05384608030077707,0.0019620802399832192,0.005234588656949865,-0.0003806861909172669,0.026637252059377503,0.06674315230262676,0.003355758544994561,0.0,0.01337802565717704,0.007556674884241578,-0.0014262113684192408,0.0041436327064838544,0.008256159348032371,0.015243112279806195,0.012131256642084896,0.05931714391734134,0.004099653865061596,0.019525092685309962,0.015682294719688315,0.046296591138498676,0.5735066250360173,0.11295201712524867,0.0900169864129854
157.293,0.0026570516312416055,0.0065667863019261054,0.0007259898273539822,0.0025104571610220254,0.014661555843219033,0.0006860689102241396,0.008870433965029803,0.02065868962114472,0.03435496981056381,0.03172028694915751,0.002955618639506211,0.0,0.0007811140938492909,0.007015557432703054,0.001954597603154782,0.002211530180114453,-6.161418301921178e-05,0.015047115852515808,0.009414434406019275,0.040167577465231426,0.0024349934710084743,0.027439270170463256,-0.019949218718378167,0.023727144769011322,0.00045459929117059553,0.030746132023381195,0.08979811991314011
157.778,0.0028015568092271278,-0.0020792384516259235,-0.000454491255431808,0.00031107193696512127,0.05208814918774311,0.0003540563461482461,0.006932419994942233,0.010916833643453845,0.013708807091145019,-0.0028108991388320413,0.002426504095963636,0.0,0.010346178319906864,0.00018972477613506575,0.012861882568144283,0.003412013488522016,-0.0016039382945980858,0.007305227106126566,0.006767858448365099,0.025430949765542856,0.002612352823882018,0.02181409402165164,0.014466574979056939,0.012253908397898656,0.8344796672597509,0.036529782301987,0.04921752874803173
158.277,0.010201905128334807,0.005360954861750149,0.005160962924476711,0.0013421969008727212,0.05214940452448927,0.0025807897373579594,0.004027620405749531,0.02294779320582781,7.171891525140683e-05,0.009498466687685558,0.0028836547104115376,0.0,0.011726225243013564,-0.0003045598066716732,0.005581707499921951,0.00011568256890213303,0.00885114068915749,0.0063297787308404406,0.006163224376002842,0.02665964797585949,0.002016129110992101,0.01803244395128328,0.03151240126725953,-0.0013367112144080614,0.17575277258670083,0.057504008203673504,0.030380540386511546
158.779,0.009218203695354074,0.0030354176490021926,0.008299054288206412,0.0011965646170955817,0.09089007136040032,0.002717766744176326,0.0050560796626997135,0.030422963525906486,0.01229063257152378,0.041183644505487615,0.0036018482667944597,0.0,0.011840959342734358,0.007354466558375335,0.010282129677107565,0.00043908900066230613,0.008555538318338279,-9.832934458913944e-05,0.004951832743288241,0.0012569186981784247,0.0026909964630017005,0.0328522564538194,0.04834388850492415,-0.0025914251538278203,0.2682494624889618,0.04995954078619968,0.0507447550345406
159.278,0.008426127462029908,0.0027185323679209837,0.0003575783971394157,-0.00012635272943306214,0.05687321029535004,0.0036075050941360427,0.002638900376768184,0.015299163874996477,0.018242444485978025,0.025082924596750458,0.0009745485960872457,0.0,0.02052994990855954,0.005035648064797977,2.89318590809069e-05,-0.0026680272389756105,0.001646728058918667,0.007107339910581877,0.006216694917597093,0.038490441274835106,0.006917114371173917,0.03695910467239666,0.003173167240955008,0.0392418715678918,0.913900295422786,0.08250700270209159,0.03577972643345254
159.776,0.0071772417015229266,0.004343039969386307,0.004528732774602401,0.0035137300928976592,0.0767999145262547,0.002115623095332057,0.0034666283076146254,0.01558616782563155,0.022521570961196884,0.06070194146233721,0.0018026012515120924,0.0,0.014605904934881146,0.008870179571565162,0.0049963921601380405,0.009007426628683536,0.002701355067453571,0.007876982172927899,0.0071953054121367335,0.022784924242867113,0.0014324557069691714,0.059094056579071186,0.0005488449193979931,0.0504480781337043,1.0590237663304933,0.20333227621418276,0.04904028641342285
160.287,0.010857717944761357,0.005062434641995238,0.006272148812686021,0.0018957789617620533,0.04067519701046857,0.002595042522294056,0.0051280294445015554,0.013614405148629105,0.015026364035336175,0.031935216875951675,0.0029936834133879836,0.0,0.013669906086084855,0.0037003070415466467,0.010781906020079123,0.001203323002728515,0.006199186313016289,0.01445151917064201,0.006608170324598673,0.05019332753908557,0.004943093483750892,0.04488904243980264,0.005177863991009483,0.028488146094235393,1.3881438039180896,0.09235626776457827,0.10676141836314203
160.779,0.008160591753946907,0.00658512050160982,0.004759795003582264,0.008885379929941175,0.03549039931232436,0.002388807776493165,0.00617640633812551,0.019640723490952226,0.032492253090711555,0.035779207573419104,0.002893252097067218,0.0,0.022431343444510754,0.009491051911871728,0.0024396445112367464,0.0049759825192485585,0.00520144488960287,0.024715280086257303,0.016267660722727,0.07231453810520336,0.008310162687519721,0.04070682249691057,-0.004366118239139796,0.06356634429556696,0.7573068633982168,-0.01979461384543943,0.0844160040938224
161.278,0.00998571808849321,0.004144367490180789,0.004527844637494952,0.009827536203436644,0.06163238930198581,0.0013777307946987857,0.0039264305110120485,0.005483059496369369,0.02090468127315521,0.03496454601098541,0.00294828894727634,0.0,0.01709939771402794,0.008690239951917209,0.0084224447176951,0.00675309489172064,0.006522454332662937,0.019228759354253798,0.013550308112996864,0.0484146715009242,0.009104036709269084,0.0050001458297274206,0.016935014749428674,0.049996466572010595,1.7139861899216975,0.006573869211073178,0.04953881178870138
161.778,0.014649048002921085,0.004577047538780428,0.012547062570533769,0.008409930474669302,0.08273450272375454,0.002684580798544191,0.0060296575265255,0.022443693284309715,0.018008873249232674,0.018098692930485584,0.001592398611392422,0.0,0.011556549789139732,0.007920202255716845,0.018407775928320023,0.005323628176031116,0.00602313488290818,0.015280874753471523,0.013527977267660507,0.033887371592306904,0.003219170622154473,0.041718285559232744,0.027605600774513992,0.0004999593701269633,0.5368153129250078,0.03287786097200841,0.036477488488276
162.287,0.00526138478601005,0.0016426641361321377,4.738262616051361e-05,0.007090577056059655,0.027154129543800472,0.0011704171641505512,0.003095520071266254,0.029105132006643587,0.011717429469834369,0.03280400933490596,-0.00031303727717625163,0.0,0.023323654765663872,0.007712116251916598,0.011309570518145302,0.010022873257951244,-0.00197472298045518,0.014598857065809228,0.007896468657809828,0.00042488735124139636,0.002209954585966646,-0.00586790825589999,0.0321833634501415,0.02072715047420716,-0.08337150579780137,0.0812365161392809,0.05328951657160459
162.777,0.008949101188139854,0.0007896089286980229,0.002293110189709463,0.000955603041773301,0.01082724355087112,0.0016235852552592919,-0.0005172884799859171,0.021733190018298924,-0.0017529736266119424,0.019478289125724885,0.0018183422084569862,0.0,0.006991625084062286,0.003866914780154874,0.011648125833100076,0.011174861358769779,0.0007072720804475043,-0.007324653718810247,-0.00019269982464054138,-0.011384666226643822,-0.0006646014311211792,0.005694875306460197,0.03815328077873112,0.02615828582519668,0.3791550745744939,0.11460866711578552,0.02648243294601943
163.276,0.013386902438059333,0.001653247252287647,0.009641254368893066,0.004705796438621283,0.060998467351050266,0.002775826221446512,0.0012293386343597073,0.02975700086963162,0.005807675463668531,0.018447710481520715,0.0009103000949321059,0.0,0.01923574180726714,0.008893556252274061,0.012558217093742713,0.01034355847809529,0.001104261482754449,0.006284183403806386,0.006416827905974981,0.04899778327739801,0.004421840962496847,0.045984494077171485,0.020096093367942866,0.018197914376365414,0.80779070964885,0.007757159367437084,0.046663058101163286
163.789,0.007703864907989004,0.0001944598688588961,0.0049251438568801,0.0038838432099579704,0.047289555332081845,0.0008164153050178371,0.007446375575234994,0.028794481759395606,0.004013124143083354,0.06870786148365896,0.000164000929223511,0.0,0.013303726442009622,0.013954457507321738,0.007473022437447261,0.009190589443037318,0.0028566077970443265,0.0055297002035076806,6.744623831205758e-05,-0.004317850128667547,0.0070671461716861105,0.0026416926179097097,0.03371689344248902,0.015905113840805,0.6469326114956003,0.08457294853969133,0.10300343767431877
164.277,0.015201360742592528,0.0075246865528297065,0.009763733052016341,0.008748550033991118,0.0030165779370652083,0.0016640033217080095,0.005124162525008221,0.010788181608363324,0.029450402843416972,0.07613610398881147,0.001131799550271889,0.0,0.02995047617763154,0.007815104196979549,6.171876472822261e-05,0.0051588097074282335,0.011688423704217342,0.015768291594389014,0.008554650235169648,0.046926923402641194,0.005556276131050502,0.053655703329832626,0.004850940758668989,0.04315627109646313,0.2806911438778163,0.04968701910095787,0.14790404858974393
164.787,0.011650130799157629,0.00698901361104308,0.01765831576642817,0.009709297444012383,0.013618303646963065,0.0019661858606649404,0.00496208135647078,0.019708617344448134,0.023558634504903177,0.05922203114755659,0.001992169356686689,0.0,0.02958875599775934,0.00788813442409075,0.009922570348455522,0.008703332070436673,0.002943892236005745,0.015628563281244373,0.011097732223028777,0.0584148845602802,0.00768624325397067,0.07302829895751427,0.03169070098621954,0.037613643429852885,0.8371597422032903,0.15912661920955237,0.08234164609174538
165.277,0.010043169960096531,0.0014290892477357492,0.003664172703979411,0.007956552139496514,0.002434974957079262,-0.0014836014024351791,-0.0024978610507810158,0.03188483386842632,0.011598960604767453,0.009571721859049472,-0.00016082966103169388,0.0,0.026132472777628805,0.010754487332050987,0.005830681652977253,0.0063832499444387205,0.003384737153740666,0.012653873862839614,0.012526445362034523,0.025965999396511376,0.00970592876582653,0.011941309934883435,0.02430530512524971,0.02098544858733443,1.0854229165688534,-0.03882784302051602,0.08875869585104403
165.778,0.011256628331021689,0.0037468345657532967,0.012922986224171006,0.009276917627798746,0.02590134582196068,0.0021353545499166937,0.0025554344079517645,0.03960122251818469,0.0012993242240862853,0.03814044574910599,0.003509035098329248,0.0,0.03190082340021712,0.011044223611959872,0.0064977267241227744,0.011795439590761382,0.009684055133579606,0.01756628713298617,0.007375266540676136,0.020333572281776187,0.004818756300224097,0.038105256268446165,0.034644867229515916,0.04619243022880718,0.31765577243866844,0.12428147918688487,0.03629458017366852
166.277,0.010652793789649595,0.00029048254345340923,0.017473320116266445,0.008792036385263699,-0.012899532461880426,0.0010828918527493927,0.0036001558662936617,0.030004595351521498,0.010340966644369117,0.06622542422044403,0.002550339217044712,0.0,0.023112015004954627,0.011920722414409916,0.012973778073083381,0.006007803589952466,0.00617253667470367,0.02068414333541468,0.003941160577650642,0.0458474818915034,-0.0001580294644837681,0.06522344105175125,0.04655727154892867,0.03336843428212018,1.0885948052621899,0.15396783757025345,0.05236019848957527
166.776,0.016983320827055517,0.003994963413914029,0.014931556728729478,0.006342220145993299,0.05633508243039992,0.00289647967983902,0.0015492412446585044,0.020769488043921487,-0.014940104305529037,0.07720016213462451,0.004098465297625443,0.0,0.03505180282141558,0.006985059761984569,0.02208433282160851,0.014415197407968235,0.00792686577769957,0.0031473191962662723,0.0025798711459384485,0.024371098849199725,0.004660824515829366,0.0442950462590484,0.06506675497631888,0.031032323840686667,1.0545105982336724,0.0799512056572767,0.07830218417160753
167.287,0.012593332425771077,0.0034778590389421406,0.018109702762602785,0.0075730566187952085,0.040537826004035826,0.0010752498803345875,0.00681993297888787,0.03541550500994047,0.004032320567697117,0.06576148326072678,4.132274265099671e-05,0.0,0.020736417286212706,0.010956782023132173,0.016350475656119096,0.013342549059944973,0.017571233112344518,0.010001103204375661,0.002407231706207508,0.017091353657280265,0.003988680418535591,0.07083874566357574,0.04841660931360528,0.052944350914947994,1.6580419959668131,0.056029660354165615,0.07814938339177445
167.777,0.015533898832231816,0.006779871348189551,0.02257141972108137,0.010269589583703128,0.02716183798134144,0.001824355077136102,0.0018274559120630622,0.03328365238245793,0.0157105971136413,0.08484050499396804,0.003082608249884411,0.0,0.039223177763656164,0.014565865583265347,0.01699183921940807,0.016690460805674313,0.015433203464909756,0.017858070537973402,0.002096630401836622,0.04959739120237236,0.006917767916798544,0.08134185849485893,0.06271217668610772,0.062019243432181216,0.927474948118652,0.12790440404851583,0.06625394240975703
168.287,0.011828860861196127,0.006958413736933863,0.017816018631525554,0.012363349687305921,0.0002494395843894365,0.0030185938432113666,0.006095422151654703,0.03714840566607269,0.021726307985161154,0.05446135687657404,0.0037276981276342606,0.0,0.032701666782855854,0.022771025392681638,0.01648816642881666,0.019678012735941445,0.012642132218500768,0.016800593506639847,0.009733408841034413,0.06084041223042838,0.008557092220655258,0.087535209697224,0.02503247307868577,0.07203908649446744,1.0689257496449607,0.05936232299220257,0.05600025964812956
168.776,0.00019620277794986943,0.0014021069541031678,0.011855778222198795,0.010430950901521949,0.030157503809431427,-0.00025546262666671584,0.0010092858026216093,0.025757548709569936,0.022276522885341984,0.05211849362327149,0.00045332246825678803,0.0,0.02905897138098359,0.014034584702856073,0.011859146016100325,0.009250892734642906,0.008164835117937523,0.02107152123178721,0.013202860617662395,0.05546054519109821,0.006949106942697167,0.049794203334206776,0.02116857036236694,0.05661948036488033,0.7872590576628118,0.12893303609014928,0.0432895868825863
169.287,-0.0036585122087676243,0.003223026947144003,0.01926585809271188,0.010921872608242289,-0.0054019519999849545,0.0009871100867734522,0.001987833619087573,0.015017584901778675,0.027265260314909646,0.020095046473099766,0.000924827142705484,0.0,0.030887618152150742,0.01569254461725707,0.007352095098268989,0.011126401268467569,0.00930750472413736,0.020333113572665328,0.010835273910089304,0.07328275373148481,0.00889934014937311,0.05915195580596379,0.036975294190156785,0.02920179322355668,0.3596965048361744,0.03015609490472157,0.05969739946886787
169.777,0.004604867383273353,0.0021193698847585592,0.015077565867339618,0.009934773872480974,0.014393343544345927,0.0009359222840722997,-0.0006304406999033907,0.03080499253574307,0.010696620453608278,0.07712829798390433,0.0011353197835183729,0.0,0.022532138935216193,0.014402123328094806,0.011869719063326805,0.013619689868514445,0.012382257403649807,0.01394304291931894,0.006234998013291376,0.02338278754548474,0.008898533734378352,0.052473091519365016,0.03724426920600885,0.0286633647554001,0.4077991119920443,0.1014051522197242,0.13654341023053979
170.277,0.0066761201175017226,0.005029303064053355,0.007694736572121077,0.00849440435743165,0.03361666887450607,0.0013268663314621296,0.0042566564581149775,0.03443893407202032,0.010505603904938888,0.052883601442622656,-0.0011239346720435706,0.0,0.035683994625399576,0.01185488768832387,0.008817952337170068,0.0146308929844753,0.010367531903752471,0.00844100061982435,0.0069734876856012845,0.024818740769081592,0.010597900612083128,0.01800998515362261,0.037770212022369055,0.05277794247709416,1.0445694079555299,0.08153554564137686,0.08604981717928092
170.78,0.0022369935990279063,-0.0014251595522107629,0.013103220765501189,0.006687043417384688,0.014745969912826694,0.0004982726392948749,-0.0005239197805838776,0.03673082779957841,0.01207451657012016,0.0403966363703796,-0.0020517699007994487,0.0,0.03316692468281764,0.0077507636223533285,0.0030792988434282286,0.010754887743545296,0.007759090975425338,0.012810779484737056,0.008383118294251606,0.02026771928405132,0.0035470723938881136,0.06907712298628403,0.04198930608385996,0.033937104191235086,1.1643968621901097,0.039440761966743385,0.04685358760373737
171.278,0.006596976874740111,-0.0005000396627798726,0.011546792452079211,0.010367540110238918,0.035080194005910434,0.0011419201919353084,0.003573047915939026,0.01763226134620801,0.010984792352581544,0.001093127442879259,0.0009758840386762773,0.0,0.03871000128732893,0.00586409264680686,0.020012295622549203,0.012789701676750065,0.007834376934672219,0.01737061175339506,0.009122385964581778,0.0068270024818291655,0.0025955171678829834,0.008314627966572811,0.05972873958503582,0.02753852024644843,0.7161124597007406,0.05282757538916215,-0.02113254953238442
171.778,0.0023679241573761156,-0.0032868274563514063,0.016515404195244783,0.0007510964939882893,0.050988779234072336,0.00034846418354496047,0.0016105564449024625,0.026415304073529763,0.0037015443096142728,0.04023381616775775,0.0008415796259880064,0.0,0.03250546237368531,0.0039825273242537875,0.006254084341063357,0.012705075165062594,0.0062630300411482785,-0.0008493081637256737,-0.004980846684365024,0.01260121656887257,-0.0009104307300410372,0.026303468582852298,0.049626591704444445,0.01935659229292621,-0.318581563870685,0.08306886582695433,0.05774434871209175
172.288,0.010144928940795573,0.0027649171048986705,0.00767335283622344,0.005583382941246988,0.01858329931067236,0.004083933808950581,0.006459415701181047,0.016748717979792875,0.0030981581980956342,-0.015264916427852796,0.005771276853665351,0.0,0.028193670300000456,0.007130832249757716,0.010324621233702572,0.01643536340287735,0.007891172011366198,0.004030941623649289,0.008660366259510062,0.013955469365754276,0.005550703172949127,-0.020461965036509825,0.047393839080678915,-0.007143025742059605,1.2414331996500982,0.002489980620771822,-0.012620154567800178
172.785,0.01625434427631357,0.005232044541297634,0.012161605521269062,0.006745955343267794,0.05667897820431384,0.00314747289831597,0.007956566894353928,0.026071564713867703,0.0038158079412557947,0.06603027970153737,0.006051990985566243,0.0,0.03187371348196508,0.0031723899695715015,0.014772407479491212,0.019655903921647743,0.011596447528797507,0.011075997762324652,-0.0002165513328801864,0.021028809370057355,0.006558273061278768,0.04340106428328998,0.04830390346791327,0.021369502448128956,0.2914513291101637,0.09786009614678784,0.08317397253699305
173.276,0.008365195265743372,0.005867430778164492,0.014617789481905459,0.007692448200350998,0.08219106225434393,0.0027065621158415955,0.00598832283678658,0.027613371858496202,0.019564423740937798,0.0648272422607248,0.003316604338272017,0.0,0.039727853758168154,0.0062372677147320066,0.0060521370495756985,0.010128951132921124,0.01351620075759722,0.015972787872486755,0.005145687985932777,0.06256365327475927,0.0012529823523507984,0.027238355697775437,0.052937673311503966,0.03397305560192181,0.7337457363854907,0.14969286556112915,0.05127830724355566
173.786,0.0026117085082223573,0.0038666584903445053,0.005499448223527289,0.008386993746152219,0.009921931065797099,0.0022281868918859345,0.0037527201479197548,0.01424810740705203,0.013208732528046234,0.0634390911922744,0.003486291142357839,0.0,0.03211379541057419,0.007107593478634414,0.0066976157481922795,0.001671451885164517,0.006512692994875493,0.014169713236555206,0.015739560698110756,0.04022433684608002,-0.0005232467968216078,0.06376265689464904,0.008645873429318463,0.006063580610609213,0.6521028391600849,0.06385658375192603,0.09139480034967729
174.277,0.007814511342607845,0.004672424141694362,0.0087650884313089,0.010510934878966916,0.03234018479647251,0.001538522708539092,0.009000841280734423,0.015275877231006539,0.01733937203968997,0.01452649494005626,0.003074548926525271,0.0,0.023086574678973192,0.010427361163637154,0.019173206373672882,0.01291692908133152,0.007670092953371946,0.0160417690733982,0.014730036453261347,0.0551139436818163,0.0002677576016179367,0.04022919800399836,0.030910545275233393,0.03334030834790307,1.2885597069229815,0.059946413959431503,0.005045633582853574
174.795,-0.0019429964513429966,0.007084836594920119,0.012098592118428906,0.012001462742626286,0.005875549917478687,0.00474356294681029,0.005610777591839215,0.014309873554068289,0.027891511471887797,0.0692566317526328,0.0030676328661143155,0.0,0.0222618221682327,0.014402399166946238,0.0030880677295110574,0.009775008406821366,0.010000794395182233,0.023681178106495403,0.0171342027871015,0.06553260130905766,0.006064838427591175,0.03518422911606349,0.018446420585119347,0.027702746689449522,0.11239766280749014,0.11747337057617117,0.061948430439028083
175.282,0.003192240630857597,0.0032183383700229605,0.010874291784765809,0.0014992098508568275,0.025655565855777208,0.0018077292149365424,0.0033905029689101094,0.015880843991432605,-0.012879714180200433,0.03470613019733332,0.0022892831589262403,0.0,0.02112403028755675,-0.00225886465419456,0.005670967728659996,0.012144489733991562,0.009614235607450327,1.7020296972551666e-05,0.0008437790906163588,-0.01737700938095975,0.0015993747697885248,0.01598183134934294,0.07023908528501824,0.0009556339995337728,0.6205177601445804,0.06380723781284164,0.030357086531836667
175.785,0.007975106944984576,0.004422268111302912,0.011340234787920567,0.003144001838265463,0.039900506225997674,0.0032443804232781576,0.004074070275057788,0.022531961816946892,0.0036012630967903942,0.08917581924565296,0.004129771581566298,0.0,0.016930698453391912,0.0033765054736424813,0.01686102727944123,0.012139093270169399,0.017558143163785848,0.0007726529047223248,-0.004165356265856851,0.01857034106155583,0.0007052814148643204,0.021845504154251648,0.04221933920159838,0.04691684613649964,0.8475437181218722,0.1809773621031103,0.03582665350431096
176.287,-0.005711047668941801,0.0009040462436844019,0.005169859327530248,0.002658482848391776,-0.01069727380004323,0.0013580537363562092,0.0009188008323256409,0.019789576683590708,0.006834621451520603,0.17827184223190448,0.001329671841954979,0.0,0.018579039494632035,0.007702447565884193,0.012518541753909018,0.006993197964343703,0.003910275732564715,0.0038915794200519447,0.006345622012190476,-0.00934256565734856,0.0018397277743671192,0.026925523675894045,0.02874852098463459,0.01600484934303622,0.8067255827107416,0.3184988327326397,0.16855613255442561
176.787,0.0016211649762691862,-0.0015047667790823067,0.015460729648774508,0.0053318047846843625,-0.0060479077859176686,0.0009169792446563977,-0.0021912629364918604,0.016780799203200147,0.019801385373941455,0.19289587036858777,0.0020280462219803798,0.0,0.02480951933995211,0.008981330671707723,0.010453478916091302,0.009173488126376717,0.009683217439319177,0.007380445596139083,0.002194756082393772,0.02748107511302401,0.004646265044382166,0.04865046421758855,0.03550225903154709,0.044218995824000476,1.1249397652338093,0.28710635046520805,0.18779494975396174
177.278,0.001867326932437558,0.005686421550959524,0.003451527793470662,0.009683463034238038,0.050826186985514915,0.0022741211880477107,0.006322210712108231,0.01729798108064222,0.024003702325256056,0.1441336134260601,0.005182259419866178,0.0,0.021154805809893533,0.007891759214124675,0.012550504279896737,0.009630576596780066,0.009342090366899553,0.020732061380240235,0.010450215670150797,0.025839716260804675,0.00825846034333539,0.03667883906476418,0.004681610482909123,0.05539209002253622,0.8504805408522501,0.18209829436255118,0.16938682641236702
177.777,0.009946854644219133,0.006105334047394066,0.006021881248682168,0.011853026566976807,0.04439260044703106,0.003978111438490645,0.006978198102856919,0.02395417829897545,0.02782222382380848,0.10662385073596457,0.005044974261350529,0.0,0.018146555119448106,0.015099031020351372,0.01985421233401275,0.014255947972037884,0.01067684334156297,0.018602500869065158,0.013314258862701208,0.01749299428066923,0.00747760548312364,0.052560258256176114,0.009340331243050084,0.056924282389135994,1.3561454645605138,0.09610494299084626,0.1327050820737035
178.296,0.020971195761287476,0.008933456466092844,0.017972550061723797,0.014109876440303972,0.0716558876200527,0.0054483575374810285,0.005818069153379384,0.0009753617115936404,0.03591570286252834,0.15140287266685284,0.006091831109575722,0.0,0.028812469554295544,0.01574396335145699,0.01641555463566067,0.011321885871284498,0.014139882387256856,0.019953559867158042,0.01920383108145837,0.06169735366891543,0.006795469986432159,0.05872516421332121,0.01912521705921407,0.06703810828405038,0.3204289160262865,0.2710161090125461,0.1533291542777076
178.779,0.01729324433017286,0.004315603847966717,0.005709070250185887,0.0059137401713843345,0.10153410481819576,0.003793371723924802,0.00254918211661783,0.024060002416462722,0.015978038108733827,0.09787305004561175,0.004451466501353945,0.0,0.01200942141886274,0.0009676160320485003,0.02560463534169572,0.008296809830572389,0.004525176399701835,0.01010265097397707,0.006384811553319087,-0.017325526155652603,0.0061591230550482766,0.025449828768313906,0.03951102731873616,0.02444400580019374,1.592884548996809,0.12613190618019904,0.12200343771832385
179.278,0.012062110417765467,0.004629789732238717,0.004468375490741833,0.0038431432481645616,0.06890947888242956,0.0031090764238243416,0.010899430602197288,0.02770423171195818,0.015836136177897652,0.10116864716697734,0.0028777206305480776,0.0,0.01974372309508453,0.004815477664920641,0.015816522980002176,0.0001135986958580087,0.0051268756737192145,0.006570339117940009,0.0036080683634646072,0.013747795905212428,0.005372912545060954,-0.003062706360518895,0.03407683242934363,0.00045124461730994465,0.26714692388014744,0.12295556383210506,0.11559015051493735
179.778,0.026171318477687402,0.005683801774467357,0.020899264782894347,0.005890936078504718,0.12271133161012306,0.004613548101138053,0.00634362634381365,0.014981116171927315,0.009511065274447011,0.09823449108277457,0.005843138376676909,0.0,0.010265166638916882,0.009082379584662598,0.014733253852505457,0.011814508006244456,0.011408968764225641,0.004988992441731167,0.0057392078559842866,0.014364940612828099,0.005873819139246024,0.06829427157508075,0.035720409891987645,0.04570667876740077,0.31471745760963554,0.05227898506292015,0.12135146274313179
180.276,0.011311789227938268,0.003676217301382045,0.005789247125057245,0.0013746340325301255,0.10114153942665105,0.002555159856519383,0.007688038012559547,0.008667630949987726,0.014827659777550782,0.08186655621547412,0.002334638765673592,0.0,0.005848572549017799,-0.001352366785958338,0.0017249955062136491,0.010589038281958629,0.0011229879104403295,-0.0003809669042267154,0.004408034870637465,0.0014999205815148281,0.004231046676702354,0.022228423402422655,0.026708528233536217,-0.0032713003993218117,0.7289878195078733,0.12385004507991997,0.1089719881952669
180.785,0.009379922463047969,0.0029747504756194323,0.008465058830345965,0.0014669879342114093,0.07124651002404433,0.0032721328765709964,0.0016886830665909102,0.015068304025422398,0.008128720824990773,0.08393365054892526,0.0007604208090289186,0.0,0.00013612506492018933,0.0003650952794870288,0.012272076945711106,0.008403038775692052,0.013373079959357949,-0.0025628164995207424,0.0006837999021325138,0.016346633847004754,0.002980177892313302,0.050024613868149284,0.026268238170731168,0.017353923727642624,0.8987081376080789,0.1468601253374257,0.10298731141205071
181.278,0.010229296643798553,0.006253310085391303,0.011870925553235994,0.00282496454983183,0.05054810616377511,0.0036095376053381224,0.003871410759222877,0.004591407701129834,0.019698781759384516,0.07515379056991009,0.0032430619210184132,0.0,0.00017712186199156206,-0.0019092002587435249,0.003623701310922052,0.0034660301206830783,0.010939291365475655,0.006660377740120415,0.007306507140016579,0.055107402195179345,0.0011836393943537333,0.04316577898496795,0.025558795799536748,0.04680613305270306,0.679190373489538,0.14430885043092107,0.06288687253922162
181.777,0.001550148236992022,0.006186142219284296,0.006776462069473762,0.00982095385794595,0.0025730380501181624,0.0032797339986360527,0.006655746573551065,0.005771321959002211,0.03545765844471712,-0.00699425393489836,0.0028027179881583127,0.0,0.01438934882601467,0.01008532409814155,0.003541349593994578,0.011493283108013513,0.010813046656638488,0.020648894057710594,0.014127628561714812,0.06713927195103056,0.007085684598829358,0.06158564502976254,-0.00037431597936057355,0.05564087843397469,1.5484866010872742,-0.06608457520665409,0.04059169708453178
182.277,0.00902058643517606,0.004189711862182802,-0.0026299308360195122,0.006110119898923777,0.059258794531493714,0.0023210523519427927,0.0029157304063318094,4.412701809499649e-06,0.02498863935734919,0.10079911679773158,0.0029468011112240315,0.0,0.01571403124476247,0.0020537416850550773,0.0052763060999486905,0.003823330375918141,0.004947995855585332,0.01450873148338647,0.013663111680633848,0.04036093214253091,0.0021897419427682175,0.02018758955250136,-0.006684287878964485,-0.0011603433016543515,-0.38218881297339463,0.09183299371006179,0.16122395414511476
182.787,0.010445936762937272,0.006275697705005403,0.01056825195520736,0.007712681141027905,0.039204179161023346,0.0010877696684384304,0.007653535206854177,-0.0102030122194484,0.02957907768474332,0.04162423445274546,0.003287920544507904,0.0,0.011822879467603454,0.007396678232415524,-0.003006606654124625,0.010827020356731769,0.00015253937847550247,0.015889179812432045,0.012789090735281405,0.07617323218777274,0.0029656361594901136,0.06068472349445153,0.014060189404351444,0.04822459398720582,0.8628747273056349,0.04679211769196314,0.0586415459651509
183.278,0.0165552584960093,0.004423667686681538,0.011862186344852891,0.0051154859319416275,0.05014395261045762,0.0028568631134135813,0.009532268193670092,0.014987287038793602,0.007806897157762174,0.028076443049249427,0.0034295689333564716,0.0,0.013549617702136516,0.001041760382440738,0.010149134995216658,0.012727845363075857,0.010831203875025112,0.005208125971512588,0.0058159103524972,0.0055582041569567035,0.0039086945253958925,0.08583495210161927,0.021560327565797843,0.02314602929316758,0.817614853786178,0.06957294371972748,0.00025836508517225037
183.777,0.006943907584994567,0.002560674341892649,0.002588328854651003,0.0018896153940090935,0.0739717641343264,0.0009873991740241422,0.005088575066672075,0.004027437981629706,-0.005424049140424113,0.004135702909813914,0.0015536993295828412,0.0,-0.0017440661943513985,0.0004331718109194061,0.01016820858537281,0.011479920851113951,0.012893287081097878,0.0007252664777676533,0.00032718840248683576,-0.0029486960262896447,-0.0039516926120561225,0.0373034301465985,0.028898058706683133,0.026319236293108703,0.647961466425948,0.00787183177729087,0.013563435751340051
184.287,0.01674781976277596,0.0048974457797601794,-0.001485572494960636,0.002577551002723451,0.09122748232937121,0.0026023609466419534,0.004807548307861897,0.01187498705484785,0.01304869483187945,0.024655000935691663,0.0038196068397533364,0.0,0.010038626059332475,0.001160627648468818,0.00558603810983735,0.011855679007624294,0.008695631848458547,0.0004510599595412665,0.0034949598477389252,0.022067844790860623,-0.0008715950878569727,0.022451953240016066,0.007200737199825577,0.03141754090895702,-0.23568720861294384,0.04151838096854914,0.033910562611205196
184.778,0.010430656260167263,0.009300427166038542,0.0026260968387337037,0.004304300997148366,0.0717101918669517,0.0024748595160400274,0.00931854489567367,0.00582661458451593,0.024440981040852808,0.06694607920728968,0.0023303794086545326,0.0,0.012344137221417938,0.005156364796589891,0.008576148584855586,0.005270477130498771,0.003989642544670208,0.008163015882529932,0.00810866560422128,0.0628333481321874,0.004881364850305862,0.014421343737598966,-0.012332080378628393,0.060706869703350215,0.2574780405488621,0.16666698601041813,0.058528825795800904
185.276,0.0020163901765246394,0.01061355031924485,0.011938792020357617,0.00909765193138311,0.016178446502157027,0.0017796025591681685,0.005115978084500834,-0.003220123399576142,0.030880704441104297,-0.005498269276762706,0.0044134936841327705,0.0,0.012662900340280581,0.01147576293761598,0.0071808978576888794,3.908063543941731e-06,0.010342725765605168,0.020223930018624815,0.016002887979940535,0.07130306811051006,0.004629004352104358,0.06930245068470946,0.0004471879264042255,0.022699497114887644,0.5248387139336175,-0.005295284048136302,0.04001381658948979
185.778,-0.0004895659989780592,0.001778727943322383,0.00015758703033801513,0.0036794244813114314,0.054205780857741644,-0.00047455679047284837,0.0021818308954183394,-0.006334208510663498,0.010591349315826658,0.01664511795011915,0.002602801159001672,0.0,0.006527729212987344,0.003313811761949914,0.0051330688420713755,0.0074996099088690035,-9.178926153703304e-05,0.012192734417075933,0.00339919185110668,0.028045265470700232,0.007068856196047891,0.002166827909014834,0.0020475201997800247,0.027491334954514057,0.9003308393313377,0.011206043260365188,0.03663885984493768
186.286,0.011820197353012296,0.0035552644098763753,0.006786175770705137,0.0071382446472317085,0.051003294352881104,0.003229609074642177,-0.002665679724162235,0.017412710824657906,0.02723450024423146,0.05150016138691466,0.0021023772082287254,0.0,-0.00016369994451595165,0.0017582807394635443,0.00972245651558709,0.007907458303960077,0.008633220400191977,0.013791050470312526,0.010680493656388205,0.04505825267276769,0.005647225129167479,0.0696987923493759,-0.005773215030458927,0.06222682362580839,-0.3494004638785731,0.02364564307909465,0.09967893814766224
186.778,0.00039782106408637485,0.0036147074102664987,0.011276524799227987,0.0054776084120705965,0.08190429805850383,-0.0008373050827855084,0.0026342278872500437,0.004433055299549147,0.02265124310677955,5.386664575210548e-05,-0.0015846372219183924,0.0,0.00411904095569584,0.007897601110238404,0.0040899630833456735,0.0025892529647784128,0.004741853873150021,0.015028882177498353,0.008312721098703691,0.025781241013333213,0.005301017414732386,0.02596305396676644,0.029603991271341612,0.037865793387766813,0.9572581348187534,0.027942467060447035,0.0032017106536021355
187.277,0.008475518733816785,0.0004134106105581906,0.00789291627817208,0.006210821472251117,0.03715941909248201,0.0008242347545479075,0.0018242118954866836,0.00328429411092386,-0.006343355309499805,-0.00989177834572264,0.0015814488759563613,0.0,0.003862979318222734,0.00417482237046854,0.01853077095394549,0.012647645481761486,0.00836187254454528,0.008721924188709847,0.007225568299934204,0.037885184601015295,0.0024631198082780874,0.048123878843228954,0.024396845792503768,0.04086364154498462,0.3129115349997401,0.10492281525302556,-0.005772580349820319
187.777,0.0027499396915135173,-9.699082435574158e-05,0.00013749835643891726,-0.0005492962037477962,0.06330880026820358,-0.00029684285895102393,0.004687438500480589,0.007912075736721322,0.00516399120971777,0.0037006402432176112,0.00017893905753280613,0.0,0.009943631453513317,0.003564520275554007,-0.0006661299277548623,0.0037478451783887956,7.911404786998992e-05,0.0015059855120286478,0.002597570073402016,0.010964391548198773,0.0023520505751777306,-0.00850612076769393,0.011354301489249014,-0.0030237516384677456,0.005789484412703627,0.04821758527674313,0.016734675660358033
188.277,0.008704291066429117,0.0060910445436765034,0.006245667854821217,0.0008793142198755716,0.03514074109273057,0.0006961876464944637,0.0034996080110843574,0.00232418363283807,0.01282728081405352,0.02668629257880741,0.0015315300512909866,0.0,0.0033596886272076708,0.006451957552246215,0.017796771018300586,-0.0036185461804737135,0.00064431212991103,0.005244811143603993,0.0011230004786816374,0.01933465648384248,0.0014025137136412867,0.03083507834422578,0.027582451830643725,-0.012377941432889464,1.2306557128173374,0.09911356253693311,0.013260621064315152
188.787,0.01008260416594846,-0.0005041230982600337,0.002290167817250965,0.004772453931698461,0.024332641309107596,0.0020225056308545175,0.0028148136553610855,-0.00028069888766615257,0.008545523839116055,0.008979591730988924,9.923352651544643e-05,0.0,0.011086483248269488,0.014202696009391037,0.008997763592814652,0.00950642776186475,0.004594770773388723,0.004397077380572162,0.0015486525513102322,0.015042818520663437,0.005300981641766444,0.039248817455994865,0.002721172603118633,0.0007073761041848646,0.6195418420988437,0.02659196190090918,0.04359640097089538
189.277,0.016865210951548776,0.006876698558052245,0.004924331701794686,0.006692830780034241,0.056182797300681875,0.0035525231323963753,0.00735524225377391,0.00606129078296154,0.016549406533679065,0.055009231043279046,0.004159415505682424,0.0,0.012775680133197244,0.015999464371113763,0.0042071267761068735,0.006100266221489719,0.0052300040540461095,0.013153859660732892,0.010221795816943232,0.028595431984847902,0.011922699939428582,0.03302123340440138,0.009965512296448669,0.03116113443710958,0.554833217290009,0.14198923192924418,0.06276424513748079
189.789,0.01221326714727954,0.00570431963854844,0.006776112966100348,0.006813141518487518,0.006208711817987456,0.003849827953238666,0.0023423660062945333,0.0017289108342795378,0.02212440110524975,0.015442377282358023,0.004534976445082242,0.0,0.008878358482033142,0.010579009436476978,0.021376641275738753,0.0030646523269997994,0.00018848196477406904,0.008820825244814272,0.009703677790190952,0.039701973764479516,0.007803501108522045,0.02811007741651475,0.00790374464934074,0.05502994637510872,0.985744817151537,0.034993989626707626,0.06638208189980757
190.278,-0.004606445304910436,0.004631990494840058,0.008593997011263626,0.006061454822613465,-0.02922837908852492,0.0005006993036280315,0.005857125067033236,0.009314427511285316,0.013001231806768146,0.008274705502328512,0.001115707118885407,0.0,0.007685745955038972,0.010010089620723075,-0.0038073020472277224,0.005191266137713709,0.003039231974512041,0.01272180568015147,0.011208709940500662,0.027850002514631583,2.3206199988802775e-05,0.06540516586027961,0.006539805716744622,0.024144171741052385,1.1951806717762676,0.0848388214499308,-0.022301905221980178
190.788,-0.00532195674285555,0.006215263625631155,-0.0008565218407124494,0.004669663875048313,0.012418954072930513,0.001310833644871458,0.004868417726910202,6.706972732249239e-05,0.023418850642549758,0.02264121533414509,0.004677761739548919,0.0,0.008854774619481025,0.0017498554155198367,-0.001073547847782785,0.002779046794210257,0.0031545218274926417,0.014213073272113122,0.009684416257366012,0.06823945889215191,0.005777113492616574,0.02201554472618451,0.0019061597369949292,0.0066220263917127695,0.3246249949839216,0.040071794681263206,0.029310197241316734
191.278,0.001601374189737606,0.005729121434247126,0.007777929746096535,0.0011184389810904073,0.03671138090912517,0.001189561977976614,0.00018508158537687254,0.00940277715000713,0.002226196041926477,0.05654161909104269,0.00015930997795005864,0.0,-0.000907095280917277,0.0029706600187231536,0.005385677371519362,-0.00035596885304547634,0.00440127041961834,0.002321569491458045,0.004117224407341191,0.007766858743275078,0.0026046104737155094,0.02628747908522806,0.03394367639414141,0.02488237610259575,1.0220541517104142,0.14900250666612114,0.06678051391822666
191.778,0.009596550919850524,-0.0003091529810375442,0.0025747751227454775,6.862783786396535e-05,-0.004204174331568452,7.72147111316611e-05,-0.0009185798773994256,0.004921902885010701,-0.004883125137306755,0.02498530652740488,-0.0010866937010449724,0.0,0.004444474960519503,0.004351126506135201,0.014954319812754677,-0.0025655313939123995,-0.0005364447896079588,0.004018297690921053,0.002365259967521306,0.02187587883196608,0.006286146007908779,-0.013035234724419715,0.0239588086782557,0.0076559332228944964,0.12173565858114276,0.0668735674765252,0.03822672755646395
192.278,0.007419776807515971,0.0017359765276960964,0.0021412640905794913,-0.0002471565365742431,0.03602250662114524,0.0002702308169209434,0.005834629268178316,0.009083599982344558,0.002575297666213229,0.009267301152595888,0.003079558162139134,0.0,-0.007137975166507543,0.008305905451481348,0.014097153830731807,0.006973052905850994,0.004506755354105866,-0.0046631058553094846,-0.004724664030978158,0.0002037229724378887,0.003281902191632075,0.018417215048150255,0.029587123688492433,0.03368784249154586,0.07411183327730526,0.01246704832106768,0.019715980445259608
192.776,0.004993226335012439,0.0034800686103429817,0.0003710846246151487,0.001290110484515793,0.011236918009722171,0.0008727713433178513,0.0064564193705122,0.00871823338443563,0.022493910112587483,0.014748537587529281,0.0014915727225143845,0.0,0.0022468030326731033,0.006956053344116445,0.00024333538899923247,-0.00100183063563743,0.006516337308788939,0.006819408921168626,-0.0012288325076026214,0.023386997764851605,-0.00015085780410960855,0.028449962747431945,0.007567894884912565,0.007795714965741308,0.898387929417143,0.059219459180101054,0.02030767040598985
193.284,0.00954636078611945,0.006250870815561729,-0.00034018194527884115,0.005486682539707287,0.027280353573347307,0.0004766560575905278,0.000985642914817785,0.012411910528411499,0.021284731502956723,0.09844326694311444,0.0017316941648572554,0.0,0.008756991644544626,0.006316790596602679,0.008585596125153706,0.01521326309916799,0.006062441192385072,0.008580592287869318,0.005983831432017734,-0.00022411353251180753,0.007298029620766544,0.023147848424137127,0.019835706816874615,0.02500708035201281,-0.08401357668021764,0.15231741440260604,0.15701857974037403
193.777,0.0032962031938096655,0.0012988105744244052,0.0016039213053469401,0.0026804663300140125,0.021968872137580378,0.0009527413226734721,0.00303359356878794,0.006177728873401051,-0.0005619010518715446,0.057943461930491054,-0.0025168219502959056,0.0,0.005405369150940677,0.0065957991197271035,0.013520351561521773,0.0031715369009422227,0.003983591712121124,0.007309604882623066,0.006712762259101961,0.028693569689480995,0.0060478932771307545,0.0266917267893927,-0.003577487430449472,0.04776699175498643,0.31031952815214375,0.08818578501469737,0.08856754633686335
194.278,0.006531948391145212,0.004774079188328177,0.00889291080972061,0.00889858571596432,0.03583325642773955,0.0004477374204959259,0.0022632772288039304,0.008176033373682176,0.012811346748542915,0.042255446802432164,0.004084270110894225,0.0,0.006467642739657791,0.013622310496488202,0.014149954476382445,0.0011102580080144101,0.005541176434473407,0.019798535130494246,0.014561766359489284,0.037869241265667,0.0033993144678052638,0.01862362620959239,0.0216993887675048,0.045467395733145045,1.1314634335492564,0.08721176430067432,0.050901606487720345
194.788,0.003089569996260898,0.0017312496802997996,0.011251024035035057,0.0029216117678970187,0.0007065755634698715,-6.953786339669494e-05,0.0033302075775520313,0.016145072996619526,0.016252860679271376,0.03612297208426954,0.0007791344892099668,0.0,0.005422388994435351,-0.0015024411974858876,0.0045212147089204145,0.0063734785549337996,-0.0012348368584405502,0.007854846597635922,0.009513700354419147,0.04750838998405402,0.0023717538841687568,0.031090016777497866,0.03522828714769066,0.02114197730002259,0.27399341577646846,0.06414146864733687,0.09606563627599675
195.278,0.012846179344049883,0.00029099716911562773,0.018735367547880636,-0.0005588410894226163,0.07009510064812344,0.000561851607157534,0.004564458147196237,0.014574105622927632,0.0014991515826361925,0.024618282496142393,0.004834812414633941,0.0,-0.0002701932329937556,-0.011549070738561524,0.013959789416000692,0.004373803899151435,0.01196289314842281,-9.400827961564432e-05,0.00011217061337271817,0.04104513934802659,-0.003652719865517597,0.05883889023959092,0.0465907567219312,0.018718593152885824,0.6220833535520894,0.12112245543459946,-5.1723798804523524e-05
195.782,0.007464190800358742,-0.0018178658146178756,0.0045636493158687005,-0.0013761876707222337,0.015294726451585475,0.0010562709746579403,-0.0008074187944331004,0.0054680629956975505,0.01245556099450027,0.03306934895648744,-2.656435889403683e-05,0.0,0.0014882786191309277,0.001723562529236916,0.001022119310439074,0.003019107126836911,0.004003024437676729,-0.005725314310161167,-0.0015396428849222589,-0.002346386754095319,0.0026727451739684974,0.016867325207088578,0.03823518203762576,0.014260256197519295,1.0827163646173876,0.14829704667453,-0.009526864473750915
196.283,0.014359745064793188,0.008229014919372066,0.004777715618421788,0.0074137872663715566,0.05620139245993722,0.0028393143063163173,0.003952175658980411,0.017619807643009477,0.016502714501610186,0.06071969054253598,0.0051872748480344365,0.0,0.01618212724339148,0.007655115456944156,0.020418763833477713,0.013308246108543842,0.0018942746598087296,0.005100891188708421,0.007244855324110542,0.014472749912875104,0.006424027954369158,0.046188282878424476,0.02123846233468025,0.017726042616921532,0.7546803149041967,0.14066896328417045,0.0455984813380954
196.783,0.011274553172602668,0.006039841360199595,0.010609199645261795,0.007031478458776773,0.07257499103250807,0.004824534422051975,0.004730699346878542,0.01705412824098082,0.03242768000619025,0.01619644027534515,0.004318119295269895,0.0,0.027371860940677277,0.009892577942293134,0.011541665152989653,0.01506716054504704,0.006907767105709416,0.0014349846202950424,0.005495071919857465,0.024190490752258417,0.007597711065714375,0.0003000695218101882,0.03396143920754865,0.04885791628308651,0.2475973906462825,0.01875725313586958,0.05626328770014715
197.286,0.005093886948830563,0.006068656002043396,0.016973049658869078,0.009542932789945169,0.035564474141088015,0.004755938700883749,0.002756871530387466,0.0186381915318617,0.023654540407878268,0.031786162159591166,0.005537623795427003,0.0,0.02037609438160789,0.014992988298181693,0.0011985266847275504,0.012639823500394094,0.0066247427148717905,0.011889119442103888,0.010190049433804593,0.04365093661892997,0.004626639879958522,0.045694107197875554,0.03413170063514512,0.04357149101945449,0.30058160055324645,-0.001967668829281215,0.04452171378514905
197.778,0.013875450035452555,0.007412724519571404,0.01594099380825706,0.010244978594750397,0.029957230318352828,0.005057766657761392,0.006976512197504879,0.023667483383534096,0.03478872691364461,0.11061820041229031,0.007009912509956083,0.0,0.019260696923225934,0.01197452608072027,0.014455028177627581,0.006890339808361392,0.007360968047891452,0.011365960493030212,0.014062151119631135,0.04756670065655454,0.011221257846049972,0.03809449320000717,0.02341508683424662,0.009667211298694509,1.3689447021013545,0.10349568969655372,0.15139219130044623
198.277,0.005119298842539297,0.00575838028976953,0.0016536364070918012,0.0066498255455463146,0.01297697194702749,0.003396911386894522,0.0029346971276467504,0.02138169626258642,0.02579376322336334,0.01873732809858949,0.0037631167934706992,0.0,0.017699216205307823,0.007873165956086102,0.01109596757724555,0.0066614279727174415,-0.0016403914527150828,0.0090745520857161,0.01334405619596004,0.022024717157237878,0.007431031174584679,-0.001573133875655726,0.012190826450111537,0.05049321972716911,0.20619596724682046,0.008385038325671272,0.08191259958319545
198.777,0.0052364627834801955,0.004769853744872018,0.008288274434066954,0.004539115557718963,0.0036887378161325653,0.0026972874398796913,0.004531363313648463,0.028736231348843604,0.03334226688051866,-5.800975314984854e-05,0.004954718671461255,0.0,0.014274039816971533,0.006754866638773918,0.008909611091543592,0.0008025240260302004,0.00024824300464762483,0.008539293558656161,0.014909362658404432,0.03878125711618496,0.003595787353361353,0.0057866814949535375,0.03143911968100655,0.011446737773005882,0.8138988608731734,-0.017076841006144462,0.03161667165444047
199.296,0.004502626274266301,0.007316558893874841,0.007162246206564962,0.009905331193450238,-0.0264049563087201,0.0032299342281202825,0.0083951355880178,0.01599147021582368,0.014812511699010593,0.010854459718901813,0.006122486556494286,0.0,0.01929931050627571,0.01733790811403659,0.005331790621137981,0.01294506408320773,0.005739621329236161,0.00964943550359014,0.013988112461943624,0.017892190731218595,0.003840462073007727,0.041483251305049366,0.014520715423753695,0.02897742554913857,0.3283627500826251,-0.0014962080628374863,0.05060197141306705
199.777,0.0033897955542102594,0.008360935613238153,0.006139104925153246,0.008048460290221977,0.04975462939227769,0.0032089560512625196,0.001373694584323748,0.01716035270124811,0.015994643859621953,0.0446367004102488,0.002623740581741943,0.0,0.018122187451895266,0.0029462666239623314,0.006938139959374486,0.016816733424033413,0.012172184161843428,0.009324832687408508,0.009230091841287447,0.0022531491351765703,0.008099961566753454,0.03645536932506543,0.0317160709864062,0.04613090166857951,0.4483500753003351,0.13902203093767063,0.030656395615015167
