Time (s),ROI.01 [],ROI.02 [],ROI.03 [],ROI.04 [],ROI.05 [],ROI.06 [],ROI.07 [],ROI.08 [],ROI.09 [],ROI.10 [],ROI.11 [],ROI.12 [],ROI.13 [],ROI.14 [],ROI.15 [],ROI.16 [],ROI.17 [],ROI.18 [],ROI.19 []
0.257,0.0,0.5862042118138575,4.162326020111266,0.06753848164767094,0.03264579420955914,0.13306646217165669,0.10252310736406783,0.04583338306799904,0.055201153103828934,0.03363994183114493,0.010268159746568545,0.01560625037193097,0.047627786529600084,0.02282412667236115,0.012820726199767027,0.012773746050446184,0.012721355681145094,0.017349366012892303,-0.00022593428413481074
0.785,0.0,0.6119525157942447,3.7566566117536246,0.06502129457673804,0.048914921352167844,0.1556381092451552,0.1563019155917313,0.0567100503131542,0.0887517154329719,0.056904170764844254,0.02399954683939348,0.01875538095665997,0.06711505606966318,0.02451640302413901,0.018651959667396512,0.015214912332372493,0.01305796666816063,0.02056154322262835,0.02810009169302701
1.277,0.0,0.523552788197428,4.3345407809444945,0.030067739986632324,0.02889696585091875,0.11474827822892379,0.05630936160200269,0.03936374894987103,0.0523612147687339,0.032418991657986285,0.013609828146612782,0.0049988938812194,0.017726327958112593,0.010988682040120044,0.005883924146172348,0.015973288973635973,0.002927490349751829,0.006499250835681678,0.014164813220723426
1.777,0.0,0.5034733948503164,3.4424131262954063,0.04616073505621717,0.036828013675448586,0.12889472759844037,0.0633758488128172,0.045116609578460136,0.0410380230647628,0.038379419788330545,0.01947399193919384,0.016817734956103454,0.05832022916648518,0.01051317056251456,0.011970629225547974,0.005455259923600983,0.012721677808941154,0.009006651341195883,0.013957108217272522
2.277,0.0,0.49544097630665823,2.665202274399522,0.03786898446108015,0.020385089231520603,0.10440589926260699,0.05671872277585342,0.014699431060084492,0.029784104794318148,0.01735247986155943,0.013136788440121384,0.0040836340826880735,0.022003447614832264,0.0008056619154014159,0.013444630845065609,0.004504850828133203,0.012403839743646481,0.0026623451548970544,0.01110525414173842
2.777,0.0,0.4111438503529777,2.5671626220933357,0.0068698453664919725,0.013426463396131186,0.09738783152088984,0.07309793109347819,0.016667906815766124,0.014729648787898137,0.02144018582087258,9.516145223261378e-05,-0.0025130082854129504,0.011087379304264114,0.013343363584910398,-0.00031238318843222274,-0.001846762779290842,0.009189923250866774,0.009120973308961626,0.0019588039349754897
3.277,0.0,0.39725431396052385,1.7401291227616635,0.04485546277166302,0.041663514734290155,0.10486080130571156,0.11675367159265525,0.044039182001289985,0.046281521590223786,0.021432910031568646,0.01847502636722314,0.01721541241382457,0.06315226512239139,0.027975710199978545,0.013251475209507124,0.00977182867356477,0.013762164397771028,0.010451985383856433,0.03196222958969412
3.778,0.0,0.3225890314546371,1.015665875221545,0.028900404134897723,0.02734048371348946,0.10864836071962193,0.0990813772505229,0.038751050592631155,0.02379224599559713,0.045572284566803976,0.007930519610746256,0.017509943910850236,0.0652498533880734,0.022429177281578127,0.0041426634398293045,0.020779200870242952,0.006658573324872602,0.014588792179186629,0.017176000120151656
4.278,0.0,0.25825457102992394,0.6649937361520855,0.0405085893029454,0.010358384635747982,0.07542755100711088,0.058595228855334434,0.013976361070829916,0.023609886015270753,0.028542551700444257,0.006424772478032845,0.0006845967903585802,0.028561095591302463,0.015452640047676292,0.006013001486292828,0.010959247046160997,0.0017019864279186304,0.005189758385125091,0.012115749020658654
4.776,0.0,0.24289084793980859,1.3096019735075575,0.025902614267314248,0.01340439308621009,0.07324049546720734,0.053718556556110436,0.016039393511880495,0.022134188750525797,0.03525145477063816,0.002546709958286606,-2.1289442755010503e-05,0.04924359320932652,0.01639749754498068,0.011758018265237482,0.0020497335421508713,0.010203304970539697,0.020735310127848516,0.0034876417018051297
5.287,0.0,0.2559023451014622,1.2199254787436002,0.012987964653910073,0.0201856796540644,0.07380759575997842,0.02483013607257583,0.024002620300351715,0.007394987384765669,0.020096812045003035,-0.001605346232176163,0.009992487314376092,0.025410897818002116,0.009706698380500242,0.008992448443472299,0.011859748549586201,0.0011753649917913488,0.00561034527503698,0.006583960267597213
5.78,0.0,0.14201695390708494,0.45123261080800814,0.04635692157975681,0.021265793073971917,0.05177763030310213,0.06959601825183531,0.018605724206204165,0.03122386169360222,0.031044497663508502,0.003333858871559437,0.0008237999206689703,0.04134533779372084,0.01407270042081129,0.011096050026814649,0.007554911830162949,0.0025976788798837734,0.007147967637598796,0.00825256258048287
6.281,0.0,0.13593310350514184,1.4655074274132815,0.03863028606838475,0.021765905318012774,0.05543261629834349,0.0899636574799844,0.030719541861122312,0.023825860900303603,0.02490659821989615,0.006631554870857958,0.010973058363645654,0.04571913984361371,0.01956230038654974,0.011619556443166935,0.017384259277296487,0.007397401801973458,0.01672835396993687,0.02773122709633479
6.783,0.0,0.13174077469301684,0.4227707623006087,0.031598969115525705,0.009920652887633332,0.027920522785097178,0.011212995006260376,0.019775199948278345,0.01864405610614005,0.028000490393496304,0.0007821623687352423,0.007855370762106625,0.03454787155576814,0.016215407973029373,-0.0009752341823495884,0.011525518066236685,0.009820814721536762,-0.0018619888828557388,0.012463393280741414
7.284,0.0,0.14258965486638636,0.8685996386353173,0.03328360209700546,0.01357395969841289,0.028753607900615374,0.06792739058437808,0.015171933419515102,0.021785377641453954,0.018348986437471536,0.011868537615318277,0.005382387837820647,0.0256291974887815,0.018669227208988982,0.004446504712969565,0.004862212644530951,0.004459413349992052,0.001297803771771436,0.0011539394859055342
7.778,0.0,0.17655925542244935,0.9918708773280321,0.04298565302666801,0.03010070346748508,0.04057361894014617,0.062314592836072734,0.021744140252318116,0.022341414779781403,0.03265695307506548,0.01606745082032896,0.0041901678949776335,0.035280639623576825,0.009283918928771366,0.004833792099548254,0.024959241629785463,0.014442047874689775,0.012903229243923382,0.02623514601547279
8.278,0.0,0.14027961443635015,0.9035594136672733,0.030078604597459993,0.022386284462767754,0.020240189750738744,0.04482296841371862,0.014301243633363677,0.026710623568238917,0.02922361169633659,0.012388409873785696,0.005696661686935394,0.03247269892190211,0.008651241390670139,0.008313414646756187,0.009179497668199747,0.0006270606337086895,0.015871541471580253,0.025718217940157818
8.778,0.0,0.14863064434983592,1.1960787973236655,0.04340251417585214,0.01653941899840399,0.0222700784174942,0.08978119956121024,0.02342004077534378,0.03125809970451807,0.02519388317262247,0.014253963509974243,0.004096414552968348,0.035861408491218306,0.013024198925931405,0.01774151043827496,0.018915281196631377,0.009213899015621497,0.01968742821751336,0.030773319850659477
9.277,0.0,0.1263413687863564,0.5359208516925921,0.05519341523921116,0.006681672537109937,0.032064592260168244,0.05471858744191122,0.009877005712651269,0.014812649760869136,0.03583980340354068,0.014436850040213552,0.018917845560492592,0.045377889230557904,0.019936042481715967,0.013603946066907395,0.009377089944627704,0.019849696575407395,0.006896360095597223,0.021846720890859365
9.778,0.0,0.16399018336700846,0.45611286878398816,0.02672888092376324,0.033855273017947884,0.007248558968697093,0.02117161405330726,0.006602710635132117,0.014885216407804049,0.02242693675651055,0.009834582269871966,0.011718594039482335,0.03818021965973901,0.016970638442222703,0.011306584055093265,0.016443103505452753,0.011648320979586561,0.007339230587082519,0.018909884038574683
10.277,0.0,0.05368133449949873,0.3529330344319938,0.029683232021537734,0.012225202875672395,0.018434364606218674,0.034985255947638176,0.012448821294277237,0.004502511265481299,0.03075910779327059,0.012403980766798236,0.010838267846577382,0.01942494240887228,0.021457250698085795,0.009247856312042788,0.01030183999814167,0.013828485446912689,0.012161527554387696,0.01518863060169363
10.776,0.0,0.14914069428630383,0.881791798701197,0.03409314051692135,0.012971203166353876,0.01658877136912253,0.014690735461177452,0.022786435208436675,0.01218618285547271,0.024494357393035984,0.007222915504456581,0.010318096178717782,0.03351877086244017,0.01968982025527707,0.017966515364290354,0.016190174332964807,0.006976914236175847,0.009620712772305692,0.014945135456091064
11.277,0.0,0.13406090533806836,0.8007424813191488,0.01129110652386058,0.00947474151095139,-0.002144195811845319,0.02402165450730962,0.020005359771247476,0.0008893702901921497,0.014738193909874086,0.007231336716500816,0.015022078674006333,0.0220271472311334,0.008149993546377673,0.004255589509198179,-2.600139152818018e-05,0.0062528475715079345,0.005575902470136609,-0.0051958057782592075
11.778,0.0,0.10321023532052934,0.1830049084590281,0.01730172925873521,0.009262249083117515,-0.0041751069801086674,0.03835151065760576,0.012797076869557321,-0.0010826285820053337,0.009744465480607374,0.0013013517463861266,0.00613827526200908,0.025511689965185564,0.00681634948896925,0.0030892742929216096,0.024743068922983873,0.01863599852988045,0.017952377811696608,0.014835345209946579
12.276,0.0,0.05727199263034995,0.7155982739218028,0.036692327365859354,0.01421282796759902,0.02434281316174092,0.06001035642715656,0.013342043796880854,0.018002740090176023,0.02990020216903947,0.005692930642193946,0.014282610423703239,0.026250701256330392,0.01464430125536784,0.015273344650390243,0.02635418640941517,0.0061992287578144295,0.010776032059145377,0.02375313391144458
12.777,0.0,0.003074654807260194,0.5153288792848107,0.017603919773650507,0.00855317190097938,0.01059112104414405,-0.0034008678485829866,0.01815054137998466,-0.00014733871558954092,0.012667228905612296,0.0064187103252962285,0.0030762545864699074,-0.00617755702126984,-0.003786058021621814,0.004783716235477537,0.008359029166670464,0.007238140299239244,0.015792708786027797,-0.010458284039309606
13.287,0.0,0.0655811276213272,-0.19592384577321756,0.020685364562415563,0.0065889038709576065,-0.004589572701772781,0.03845818327622346,0.01666522197445337,0.012816017445149552,0.024006354492136686,0.01187003480524758,-0.00047739402342557687,0.017560335093229216,0.020138293896042346,0.0014027275730808418,0.012624319442259193,0.014351664313009913,0.0010212890899225057,0.01585738681609043
13.778,0.0,0.0850805220270616,-0.029893843643920337,0.024208056401896775,0.013257454697569374,0.013683013588380696,0.06463921502670267,0.018094672157683567,0.021629905482408625,0.03235947267030276,0.005229855730833942,0.02389622828195597,-0.007760596485829923,0.004159918160572189,0.00396476143812394,0.014376347589394881,0.01167089979656604,0.01461675232666066,0.026490314666814296
14.277,0.0,0.04505776628531524,0.6758346925579621,0.016204753498537797,0.007259582827499361,0.021311679027735977,0.06223393783417879,0.009965068623917704,0.0008395862843379689,0.005774423044823252,0.008791851836941414,0.008310255987539315,0.03966711436935776,0.009507102803734778,0.01096118926153461,0.012500533555948766,0.013952372644361409,0.004286858832311999,0.026292500505255466
14.778,0.0,0.12919400330947675,0.7769945397310802,0.02632416094442816,0.01473028701103769,0.027535859085366418,0.10216930365415314,0.004895781701247144,0.035902674157741704,0.000951476572983573,0.016867353288321476,0.0276021560004141,0.03708927752340699,0.018202665163058872,0.015746716735661647,0.016450427863675923,0.013525539821708689,0.008485452981640008,0.035790842247697574
15.277,0.0,0.09847695354993223,0.2938440100268255,0.028853479715740555,0.008938650464028034,0.03026400928149687,0.03640773574127708,0.00766131128671861,0.013607734328869858,-0.0011218806403057449,0.009462283820374947,0.012070849128686806,0.006576508220738768,0.0032548433775394917,0.006262331654505339,0.02034102354409467,0.009031919576788634,0.011742530571769522,0.017060242475277675
15.776,0.0,0.030130041449766293,0.46983351021486697,0.034362842899665354,0.0048528673709085065,0.03951601742957955,0.06598821271622304,0.010372168533937123,0.020025450212117126,-0.0035025067177166277,0.009273143091575545,0.013438698234409832,0.03826830380107253,-0.0047820474562606475,0.007117070650483156,0.0003979782424342439,0.014184815449551675,0.009626679294033734,0.01612447087767662
16.276,0.0,0.06963427573462545,0.32807727246216045,0.011032547672931594,-0.003527985442459623,0.05651371914795656,0.06290814811051991,0.008927172677574226,0.012646474345973824,0.028029576429932895,0.0077974152500869896,0.001917570410001131,0.03505841895510994,0.004369913169312861,0.009867119518699514,0.0007170828907789636,0.0123381971077387,0.003957695818653552,0.011641793943158178
16.787,0.0,0.05666887546348913,0.2010215342240261,0.023755186984011745,0.001498730626104504,0.046864270549278976,0.0729883499282458,0.003197775928686288,0.006314565454065575,0.015263940579370012,0.0041676178910466525,0.0025576220537247,0.02199413634813961,0.007409790624068337,6.893771824530013e-05,0.003322023828428448,0.015250981552874833,0.007243015195405912,0.015419154121148646
17.277,0.0,0.013183891223546467,0.31348224237143985,0.02195640376218767,-0.002850062991396529,0.04099278752605306,-0.009440486038547954,0.006625072524489303,0.02123023283156408,-0.0017095277837376789,0.009453277515674085,0.007778426285721315,0.013712140635698693,0.005142643688779225,0.0056565132077361175,0.012215533438000014,0.0002631052291728719,0.008808209959244955,0.003362048859825812
17.786,0.0,0.0914830422047796,0.11772140404215106,0.03648354608809492,0.0020006566261857174,0.0438910309784366,0.04064174081769576,0.028991291836430223,0.008416291741463385,0.018982618454532276,0.006538775004125971,0.010698648738491285,0.007911301431157,0.014053928916392198,0.008453626030245224,0.017958565113723606,0.021774208852860404,0.018010358466188578,0.024089526445182426
18.276,0.0,0.018954995875992583,0.15505845164449317,-0.0031265319663847236,-6.933691747103182e-06,0.04415022728494943,0.0028928628627479798,0.0008924740872054334,0.017366189470850404,0.016334144951916978,-0.002861229836011517,0.008193440578296112,-0.004712006957340722,-0.0065166288238033936,0.0043779800077202264,0.0055543612809907375,0.011298826265417831,0.002659311516001474,0.012811905504595647
18.786,0.0,0.0112208627228203,0.2554050453692533,0.0048042749170022535,0.002568085343834218,0.028643405296562927,0.013447740216751412,0.0179584090940563,0.008835580230353447,0.007608659018306223,0.005320266625370508,-0.0012517117621040795,0.028933470859959502,0.00021581666649543758,-0.0003688623754350432,0.007729538375681222,0.007510433428825806,0.011502273589984128,0.00958473952861764
19.277,0.0,0.016208102119217187,-0.670374067767513,0.001345874300789131,0.016663017643775445,0.049715332006126586,0.02411833502653673,-0.011040531180587043,0.015387025464683358,1.82263560579065e-05,0.007211974659477485,0.022437245780099344,0.007930932718641887,0.012155187183413027,0.007090786618528459,0.010456885083295562,0.006730979405816513,-0.0016498964979237358,0.0149270389499143
19.777,0.0,0.011121343055628365,0.057694222503243096,0.011521848654872394,0.000490072579838159,0.04080459159038699,0.05279159007409248,0.013412210821047467,0.014926831596592178,0.020608565268502018,2.033115001986138e-05,0.005685914977820255,0.0014090900767280148,0.014360724852318402,0.005869745699110698,-0.003892675334101931,0.00978111543582966,-0.0007432342226243684,0.026371529608478095
20.277,0.0,-0.01136188478503926,0.09769265400431305,0.009713220186775931,0.008534056394875578,0.03609577112904609,0.04461202081582425,0.0014698922426555077,0.0192039427381878,-0.005702548640238091,0.013182631242967053,0.00706312199284325,0.014477271069020999,0.001072381406404593,0.0027833699609052976,0.016728844059825478,0.012723514448168056,0.0027736216430742484,0.0136335914136098
20.777,0.0,0.016005336039500113,0.442575409500182,0.005879210837983545,0.00822540164723568,0.02341750910989475,-0.009557920244855368,0.008472936348634085,0.01898450107733548,0.011556127210542427,-0.0022761579496147462,0.003887968578742024,0.02504097168431795,0.01557887924130456,0.00517840912466105,0.011546602993042577,-0.004085184388640416,0.008830697556084956,0.0030657318703502384
21.277,0.0,0.023027632177530753,0.35416999008911426,0.01052404449207105,0.00967612368247923,0.013876171601308765,0.025511889398985504,0.014312238178896926,0.01858757897974454,0.027158617566300395,0.0015763887464043784,0.005015793737478545,0.005451065967576516,0.007930909577717327,0.004623880334599605,-0.005436793914680793,-0.003110768620708086,-0.00711572736881879,0.01797758592647405
21.777,0.0,0.02492157676105116,0.5479639978906634,-0.010464751365336991,-0.0020903220381403953,0.05281412004531926,0.016490301726687535,0.00019248649125308976,-0.0002774950058022962,0.016222668966926534,-0.003170123412526445,0.0009350761258864158,-0.0028172979697643897,-0.0005549571424167437,-0.00010933172762672177,0.003286784602179417,0.00016236609107981862,0.005905872782773626,0.0003901661301440355
22.286,0.0,0.04336986931038861,0.08401446325623474,-0.004196115631011938,0.012435547036520136,0.028547031501348935,0.031702232149433386,0.0034667916386850062,0.015758347103957755,0.022578849167127976,0.0016378594259820762,0.005332953461897829,0.004953715314982183,0.00882593861778818,-0.002450541224096482,0.009593461324248797,0.005747237768496139,3.5369988381661536e-06,-0.00100328433465603
22.776,0.0,-0.003802697502451613,0.050551686493595094,0.009018066189542604,0.010639688928274795,0.035914204461129313,0.043414104381700326,0.009358661759300774,0.016432192503426143,0.03154729982174617,0.0045136639783703155,0.007575745360598167,0.004733775169809701,0.00865936299770963,0.008083128340214622,0.009006074032919338,0.015589212288721881,0.0017765524440196447,0.01408477869947967
23.276,0.0,0.04051461063389185,0.005332427408486711,0.00854328810429049,0.0069319075972837756,0.010902542714728567,0.0004631992904781904,0.005792867512141601,0.013115182308340913,0.00782489412832605,0.002148542255853483,0.01327844411906407,0.009615526600020068,0.002048403710403601,0.003141164513558167,0.012510670839626353,0.0032033904773733518,0.008047645446914149,-0.003071804069625054
23.789,0.0,0.05139561993794171,0.3538380638107906,0.0012158735424829547,-0.007242283316256403,0.009298950995073904,0.013122839487902488,0.010742283712029595,0.0005682307007784441,0.01642001233401134,0.005857539881453396,0.012189564261037926,-0.016625697262007983,-0.0054323559546497,-0.006467658311798923,0.004021710039963019,0.0033357869816325247,0.0032515986529651993,0.014511463463423468
24.279,0.0,0.038028676165780755,0.25446602396754703,0.010420935352795061,0.011765792812610225,0.044288352205686415,0.0532781692360177,-0.007533162969977222,0.009639967635216195,0.03120284711410148,0.009911363014514183,0.009266434435920168,0.04440868808282435,0.0056165079399517655,0.0016899580033540714,0.017412137645652782,0.005611881055105199,0.009767690430233561,0.01291089875900189
24.785,0.0,-0.00044287343253794165,0.039924552505661765,-0.00380420049060814,0.005523052836628846,0.006371594099987406,0.016600199339395782,0.002470500096259781,-0.0022670173314233116,0.016071654475221346,0.006311907753053282,0.022309722037519197,0.009959523932695795,0.000842049117642139,0.005833521801895551,-0.003785438350095325,0.005316949129671855,-0.0033109883772987556,0.0007324668959362314
25.282,0.0,0.06606500277966847,0.23665302280489053,0.011411044926467362,0.014914241309653445,0.030634904178545704,0.05494967405877516,0.012460592929407998,0.01921429129056646,0.014630635327692881,0.011731677379332249,0.020095930616557966,0.04301702017898001,0.01154074689772859,0.008468049556087605,0.005829710632549474,0.011669481260994204,0.005577250716588109,0.012368675710396928
25.777,0.0,0.04326221616757772,0.24366588799328567,0.02919013929039317,0.01618104627102485,0.013232120306344686,0.07090841425842194,0.03629425669826941,0.011169824193596497,0.03464199818823376,0.010049184378691116,0.016895031038835946,0.0349566588863512,0.0180028131403451,0.003552342003483218,0.01967352108823674,0.01552437165896315,0.002223072714925639,0.02665209596326494
26.278,0.0,0.03324202709789793,0.2421537817557003,0.001602164102207675,0.010109921920545101,0.010792045529475752,0.041427582555488465,0.018849808399103683,-0.0001919410462237248,0.011195333596366716,0.004914351714036381,0.01002887535904546,0.005483262627474589,0.007789817843093697,0.007481901034800371,-0.000249255685411185,0.012267166505598948,0.004617728029836805,0.012310604187757285
26.776,0.0,-0.0016815908125552296,0.20816551064788755,-0.007946247503474614,0.001839355405770103,-0.008190886670176896,0.01309408683244047,-0.00814216104466295,0.0021355492042139826,0.014048584036126882,-0.0009616333219337957,-0.005700688377678265,0.021525322775736773,0.012694270305570724,0.0006326421222380645,0.0016093534161612689,8.433250979576259e-05,0.003015357854959377,0.003596655774692174
27.277,0.0,-0.013580927544292817,0.02088583463206269,0.0067318553897115435,0.0007590753473899831,-0.009815163157208321,0.0020093975063118397,-0.0004399449275914028,0.007365064804823023,0.015151220494849595,0.004888503255504592,-0.0006403674692214024,0.031145866149572043,0.015029790968391387,0.005759865602021445,0.013841844839478628,0.009458604811525275,0.00311912087106915,0.01598836143485048
27.788,0.0,0.01803961413268728,0.3525990005186428,0.007459006071658705,0.0015771329063252436,0.006503776191646124,-0.05284485482087878,-0.0005995003892290017,0.007360309509657841,0.0169630483360708,0.005407792988488781,0.007711333381954967,0.002715297088910352,0.005629453158537561,0.01403594581408126,-0.0004337915017953332,0.00313690431566832,0.006011151596672278,0.000807754213505478
28.278,0.0,0.0031481534714982154,0.12782044911896073,0.0062306972136229955,0.008947200420567375,-0.0010975812323339566,0.007181220314995554,0.007757861490894741,0.012347829385294117,0.025652588381012482,0.011424285589189195,0.010477678223617929,0.008566009576827818,0.0015323841504043358,0.0019851638384200433,0.0013837188037687195,-0.0002409442224362501,0.004106329669058006,0.0064756683984402725
28.776,0.0,0.03210500235480056,0.13239709256813106,0.023110655067845966,0.006307119151055171,0.0008201809431371879,0.008605326428877472,0.0010019102592894126,0.013243676063790299,0.01518996053310239,0.002032289652787111,0.0069553878290850475,0.008389703386381715,0.0033565902285200722,0.011906977495097218,0.008383479307341409,0.006372886394031813,0.017281174648813916,0.02277766015834602
29.277,0.0,0.018414612005321317,0.024911814116834415,0.018509427886350332,0.011396812336852889,-0.0020673252571096084,0.05224296799039254,0.017619367416183668,0.023413409469003776,0.008475955570310828,0.010917415391943974,0.01681733730026039,0.021483021068069617,0.0067242973535561025,0.004024076636423371,0.012655602129133584,0.011551085308057478,0.012753366332700772,0.017827889336291005
29.789,0.0,0.06274423314045383,0.40209662581199707,0.010686105445228045,0.003665182351805403,0.01837498042052154,0.02950427395268935,0.013792027361336306,0.022211330789782224,0.027768700902136706,0.01264298344225759,0.011374521703140017,0.028847849444291706,0.002207066039223441,-1.9021102839231827e-05,0.013350155143624483,0.008731976470996416,0.0019143110219314587,0.01058497807250046
30.276,0.0,0.041853880658418,0.42248473603565445,0.014811467128954621,0.001736709981808645,-0.024704846046912882,0.008765136125243262,0.006245746335171644,0.007509629508963279,0.0012223789752978543,0.0024361175410988678,-0.0059319380308161945,0.004872263158006164,0.014491102061980746,0.005120254274307619,0.012479645554218264,-0.0003950784944486501,0.006513168075202043,-0.013671262737742463
30.788,0.0,0.020807195872588037,0.3271694074780031,0.02668491457755502,0.014137234548377738,0.012367628918899993,-0.008087427317533525,0.009289236618662456,-0.0023395779039447544,0.014737734944927968,0.00045846230829433085,0.0003034264825594585,0.015085441391062769,0.007086234615686209,0.005242406462510655,0.004464166934176616,0.00463831504694363,0.0003251347659874946,0.009915651106574871
31.278,0.0,1.7782480402615044,6.515917795803117,1.3736737644242996,1.0399817917843333,539.0085694048712,466.48548785734386,3.665348802581476,1.1620287146024681,0.3043949660510467,0.17222878563470528,0.2911315345110823,0.22439467700001003,0.13727126392625344,0.2778349709886238,0.17207770583246182,0.301651042276711,0.6560700034441928,3.35034493194352
31.778,0.0,1.7527136216011714,6.061853591202258,1.4432691163763882,1.0465088713254387,591.9533011064898,484.9822115632673,3.667412961382995,1.187634952300342,0.29945610464400896,0.17602770465174697,0.3221716685369563,0.20019416627419884,0.13445914900594347,0.27394319476902795,0.1695641927830788,0.29380607187326596,0.6557830669147646,3.353945065415854
32.277,0.0,1.7950995047172227,5.978470184736872,1.4171540599464378,1.0478956091224754,549.5722521218528,478.1039707038297,3.7443838722131777,1.1999976841534143,0.3201825760876866,0.17252130244433764,0.3204057797682158,0.17276837788191662,0.13292206228253703,0.2701024836425586,0.16806316718664,0.29291667884303624,0.6677079804113907,3.39750442011372
32.777,0.0,1.8359817700543473,5.794737899374474,1.4743107159543856,1.0622390970977273,588.9898620464944,488.7950366409624,3.723581944029176,1.2096681700312133,0.31671239799521306,0.18703019987802796,0.30877154564595866,0.20725767528946565,0.14507585583853436,0.28931305812938474,0.1793648768848633,0.28768338318138026,0.673119791626913,3.4380679772839655
33.276,0.0,1.8763298573437124,6.099259709766482,1.459453774962793,1.081747413417805,575.5080747484751,487.13596662112764,3.794073239334922,1.2229016103946568,0.32712015862958954,0.1938396049653274,0.3290589008250902,0.21673681553273139,0.1494171713273398,0.2935781301777075,0.17944924696791711,0.3009530889826552,0.6788399208690059,3.4835503903315046
33.778,0.0,1.748872962762908,6.058674047008621,1.4348112250154872,1.059715860201224,573.1144454703714,486.49697661167414,3.708354191301002,1.19154818345837,0.305795037375452,0.1701079101069831,0.31349767914857135,0.19200289162528966,0.13478433078967889,0.2849271809542604,0.17026177032610706,0.2998644680599062,0.6732848441065867,3.4032936361607486
34.277,0.0,1.8677005225605436,6.022698435218365,1.4690383482917124,1.0760294894779017,566.8059388389682,482.4425233117299,3.794442676916877,1.2225496636247093,0.3202405136833529,0.19175882396126484,0.3211718818912195,0.21424251537173813,0.15134996585455004,0.3018657698842445,0.18401666910867284,0.3020822144030962,0.6899002880341195,3.469911465151738
34.778,0.0,1.8179003164894074,6.047745013304993,1.452267162941967,1.0695101225933716,590.2483270485723,486.02419249895996,3.7213493500510104,1.205281202868243,0.32387976207161245,0.18143600711005398,0.3328343986585083,0.21508823992869164,0.15916777777578286,0.2932389725495085,0.1830573383010407,0.3031254544732211,0.683593803171816,3.3972249731435005
35.277,0.0,1.7629189894099693,5.987799648553287,1.4479636041412784,1.0449042469573637,558.4928155651673,481.04943437469615,3.737528724357511,1.1850217256977054,0.30258275148322983,0.177171407643954,0.3252270507470737,0.1910978547498153,0.13588260940877747,0.28548675517412087,0.17154541264584947,0.2927033840973556,0.6655399627462644,3.4121768084794137
35.777,0.0,1.795751218856821,5.768441168494432,1.4551225662111877,1.0644824507019175,589.3353528576791,483.9238001138708,3.74197691304474,1.1944659541528977,0.2983890799541862,0.17033890102945395,0.3168982767575857,0.16170019914050468,0.14445360601284352,0.2896944146934372,0.17167026404550917,0.3065100982005772,0.6821615638677317,3.4172281759137406
36.276,0.0,1.7558429295614317,5.733481033518609,1.4755131252263887,1.0874830134797704,573.582900452615,484.87720896591276,3.7833975201199594,1.2096474989442212,0.3031008643166862,0.18503221855785745,0.33210949583689725,0.21499117134449378,0.15970161500618635,0.2937707740204017,0.1787091346532505,0.30428331050162294,0.6872352336135004,3.451647716399488
36.786,0.0,1.6001685466478706,4.861896409100871,1.3380505493497996,0.9544179035108844,545.6313815815929,427.6245084615747,3.2843781805651244,1.0498813980749704,0.28121874107535266,0.1612439694486827,0.2850636111919709,0.16225522898054762,0.12023169099778934,0.25213059474226124,0.15927241641540119,0.2765262278014076,0.5967935874359418,3.0452973446630067
37.278,0.0,1.7548001336582866,5.612859110527196,1.4538791673829836,1.0344212312817858,571.9173101065385,479.7295084429972,3.6988313944891655,1.179029515942836,0.2890757246478483,0.17863365626451894,0.30785097447207604,0.17936504419190605,0.13935996676648524,0.28577722231430286,0.17339874675141428,0.293781579731592,0.6629853241426884,3.353673579378201
37.776,0.0,1.784221162970212,5.756798274749482,1.4366670549144613,1.0635121862532824,561.9009734464321,473.2660188735612,3.7338007618409987,1.2008977939711623,0.3041954019339804,0.17754721970622006,0.29814243550488423,0.1883596139495565,0.14903796018040014,0.2934347171124814,0.17788726524146384,0.3118331963136001,0.6737808351334023,3.4104845560793433
38.276,0.0,1.7869723633420402,5.396674261827751,1.467713785829745,1.0500846295403041,609.88951682955,479.7247502433544,3.712173832565278,1.1903537746612756,0.2955675655496691,0.17722513620947006,0.31237457706057187,0.1805458039352519,0.14302456885628897,0.29130857847614516,0.17954910515769612,0.290784883958515,0.6724662843695405,3.3642083726047707
38.776,0.0,1.816325752423709,5.885303163766533,1.4355393479442362,1.06831302848608,560.6959443984299,471.44173389701706,3.680255890479048,1.1829229961558496,0.310504135952244,0.18341362512472079,0.321273737222874,0.18302665076921076,0.1490427138582587,0.2971700149067759,0.19037461870137776,0.30267348597164623,0.6759688564098735,3.387137560363125
39.277,0.0,1.8059001940895214,5.75948064817787,1.4231672628289005,1.0258439540983422,568.1899425655122,469.4194654729768,3.643319912877352,1.1693110877874273,0.3077302379198983,0.17381098408330037,0.31771370795736165,0.1953663555477864,0.13929284211080986,0.2819114139997619,0.1631853627900757,0.28684528073673277,0.667845845667591,3.338788886006762
39.775,0.0,1.8251423263165942,5.823193959690947,1.4373100510609926,1.071219805706836,563.8348172082874,472.8645997092022,3.7481552269885845,1.1921477853223215,0.2923206967219355,0.1765014772513673,0.3225034564250893,0.18954715025808547,0.14493861594009222,0.28841425271067306,0.16784855716252586,0.30790851937044555,0.6685850355550229,3.4161785163239333
40.277,0.0,1.7705683071158906,5.41262932849785,1.4448406991124376,1.0336359008255016,588.3298514984778,464.4608381983349,3.632766700473955,1.1651593737366586,0.29428110603753943,0.17073050967671088,0.30998036867658424,0.17552336810179248,0.13095666467857284,0.2777634989259023,0.17410529564076294,0.28438720952875174,0.6516442183862984,3.3094920157206613
40.778,0.0,1.6969713018079096,5.341282837814034,1.3884518330391848,1.034393607373733,552.883398595605,455.733446534473,3.58764025331323,1.1488980632793186,0.31335246302147196,0.17169522441176613,0.30560030513383496,0.19172785714416785,0.12418554002821416,0.26980255382240426,0.16656618220708974,0.28023316169799256,0.648567267849713,3.293608199386371
41.277,0.0,0.04000555234055937,0.27671434661567407,0.006674163492583506,0.004037172788681522,0.17326001997205048,0.1482626772466606,0.011258325623130016,0.0008984842170128054,0.011658442814966457,0.006198972022130045,0.002028359180051472,0.03198128898102531,0.0074877162458645155,0.01868509055840305,0.006967179451890116,-0.0043697144522708556,0.002984843364973614,0.002188291709473576
41.777,0.0,0.017728224383634326,0.28476555694725403,-0.012522164309125589,0.012214118213641512,0.13573463938681493,0.09147351928890107,0.02069441542748587,0.008842115141425019,-0.0010999182110475706,0.0027761290687533745,0.01712713168918327,0.013135644063795828,0.011011524714194098,0.00813962290180356,0.019770962012409157,0.007475350174851042,0.007822559277830723,0.007894315506750594
42.278,0.0,0.1154604894802684,0.42327958703158836,0.009814166585680448,0.022939185636797227,0.15679332598689502,0.13763311289039837,0.0027215516469421283,0.02705488091678007,0.016510657302345112,0.008624532887292454,0.019230518030693738,0.02192090163690873,0.019487345250660624,0.011054807954544638,0.01218066603142683,0.011981985678904683,0.014446748376958583,0.013103633783781524
42.777,0.0,0.09582522209062497,0.35703393239048775,0.004638415931162438,0.008965265719807523,0.1311750340268649,0.167255404926019,-0.00025944196665085134,0.00879929763982815,-0.004186151209721306,0.005722338907968591,0.009528084354233671,0.010844151057050003,0.012159387578863078,0.015499086916360703,0.008477942729462888,0.003323897353762743,0.0047423769939454845,0.018324589303626276
43.276,0.0,0.10071348034077854,0.5058661051001508,0.005780736452915456,0.009817100096452378,0.15496618608004267,0.1680333936285365,0.013651758455945054,0.00561095976644467,0.023437731254629095,0.009815230689015008,0.012093728084461066,0.014669891901244705,0.0037094042182468597,0.011629790129046465,0.019144466801329425,0.008035322520051498,0.00010119342904465833,0.01259933321570428
43.786,0.0,0.0370494653113731,0.14303636650994395,0.027577458818847978,0.019123758460800968,0.15173870388471009,0.14415645173347866,0.011635536208583241,0.022163065395307747,0.019034630009088824,0.009977674377787056,0.014866060094676692,0.04179771059004024,0.007810610139891456,0.023610594696051777,0.014725057960819285,0.014160627825559114,0.012099083348849364,0.02433414305755229
44.278,0.0,0.10659600666281711,0.17511057988406764,0.0224281056725455,0.01263224787252311,0.11905554152040117,0.08119651973682318,0.002425836162446671,0.001972274224639136,0.006517006230906577,0.008130252261020474,0.006214324386190122,0.024421692459083145,-0.0016177482969296486,0.014825854964873101,-0.00022864217625898875,0.016248731295625356,0.004149643558535134,-0.005719945172404329
44.781,0.0,0.02627292565663683,0.12330404523475966,0.02000390628414666,0.014044298381044554,0.11386863824502699,0.1081965539177214,0.014600782348782714,0.013607702224567645,0.021158296188737814,0.008776457637377381,0.01186262920531763,-0.007913251610451833,0.012669047062314474,0.013656028631931329,0.0018995087599329619,0.00312715577298316,0.005927468240674373,0.02735977871030372
45.283,0.0,0.02997224924303893,0.07999575009710114,-0.0015224811332957267,0.0050458672085272405,0.07722008578216481,0.08750728400852646,-0.0049472923411835006,0.0004043998894184991,0.013639844620644173,0.0005002255128091695,0.007207373489865513,-0.009022797805107324,0.0004840373061711885,0.0014042837895741663,0.007492791839733032,0.00970792705254505,0.004148253380416493,0.00014055000060644727
45.784,0.0,0.08526231019549599,0.2418718653685933,0.012304720413842693,0.008524747987750927,0.11053134233711213,0.09704818592865967,0.007599800605933737,0.010377989208167829,-0.0005327496910475131,0.0017566812540920388,0.014652609834354915,0.021859916013037797,0.0085792563745697,0.009476264329204965,0.02034387613756612,0.0020945782191948837,0.007358133106494302,0.025276908449604882
46.276,0.0,0.013385233161209943,0.08560055836950811,0.001981471802101647,0.0015546582545757086,0.0857742057534356,0.06385957963075128,-0.0025890609765116747,-0.012602684676291314,0.004756810762900934,-0.002660468863760055,-0.0053715374168797955,-0.00279089901780188,0.010988315697946921,0.004833350267937031,0.0069049311274182726,-0.0002795497194921659,-0.00040477371617844243,-0.01005327824492168
46.777,0.0,0.0018404607422976978,-0.04905014901613461,0.010020855547178171,0.02706781406155588,0.08728322934133882,0.0831277373635754,0.016794422365864026,0.012066245386468511,0.013081262475348764,0.0005733879303872926,0.022840586253165165,0.004685186924267626,0.008152789496131668,0.01445082214592038,0.011275844369989008,0.009849078186452647,0.013297595744904642,0.001411910919472993
47.276,0.0,0.03342494713885511,0.07999238913724967,0.007609077940113154,0.00946116581849926,0.07881351782679988,0.08147517132909132,0.009757960160447705,-0.0032800139434810615,0.011922246593341427,0.01042942149906126,0.019219671117359192,0.018507486580303177,0.002185055231513061,0.007967603990801202,0.017570362543093455,0.005152207045485092,0.009928164640039329,0.011086998569072441
47.795,0.0,0.050998175559527514,0.15787802377572413,0.0255490633943543,0.013829727705062599,0.08148928429774742,0.08099223158843818,0.009226448726163685,0.003908622810433876,0.016379177736797205,-0.004118410749780098,0.018405979284782246,0.028770247452108485,0.010931982004862308,0.005230972522735047,0.002119131767268937,0.019383649234293986,0.001582550584810807,0.00837667109854882
48.279,0.0,0.0827170191711162,0.18600580583925067,0.01430035836191455,0.010980439419020155,0.07674706965854884,0.11365005156137595,0.023961239237284174,0.020295270143603796,0.006247822619706614,0.0026788093705751434,0.01785925200233374,0.03375287707548558,0.0031105719509533377,0.0110311491476644,0.011131002469487884,0.005028647994171554,-0.0005448685632252805,0.024020573684825592
48.777,0.0,-0.007821202465010061,-0.04666837077830844,0.004813425626953198,0.00011850011351083523,0.025677547467681465,0.014179303349382411,0.0019524115946468442,0.003711577306429479,0.013346268742925849,-0.0036981512377638557,-0.00022383782452419716,0.012948134962404441,0.00024273461968448099,0.004291083505126291,0.004272754788931748,0.0023304891901047516,0.0017980397556598474,-0.005755373353226389
49.279,0.0,0.006983607686692915,0.4291806662909072,0.014886870573455857,-0.003104329988886283,0.045488315736214924,0.020526734478410073,0.009311065129340856,0.0031400534106945724,0.00877281754946854,0.00917613987198592,0.02381677664918188,0.006936561124724354,0.007862414140115332,0.006795530959323663,0.0065958757147195025,0.00729341553822268,0.004413721975626126,-0.011893234204792972
49.777,0.0,0.0030069550299277894,0.14164400823035508,0.019848948057079194,0.006917484286091527,0.055596723092402316,0.12110853317040174,0.006182503791189844,0.024589513763347826,0.00582653936198683,0.0038652387249334358,0.006050220044355478,0.024380008096898116,-0.0003462764820158266,0.012706795457164634,-0.0005685577470917114,0.017351424477034433,0.01735338636497431,0.01686306192049657
50.287,0.0,0.0402230344543973,0.2327255887027447,0.04339573335639391,0.005139082729516178,0.06621574540174426,0.10101902502862896,0.004438774162086792,0.009933986262321809,0.011816148086253782,0.006879261332864326,0.023885480866879513,0.026135053516389374,-0.0027674561941355004,0.01450040925072362,0.019584725219557696,0.0015913627550581287,0.006974306528566253,0.02012617258465198
50.777,0.0,-0.02695813582180883,0.01098647544985195,0.008018461711527008,-0.0016850534039495886,0.054966652225096106,-0.016344995085373275,-0.0005452405629374887,-0.01723408396603803,0.0063759826747021,-0.00032851358979373675,-0.001898013856613435,0.011641740152890922,0.005136573386508292,-0.0006991320779304411,-0.002738091532693314,-0.0003118553421700217,-0.00022179639779412358,0.002546739579232018
51.277,0.0,0.0269311584334198,0.3771415017376391,0.008263517882616462,0.006698264062096784,0.07705350999064417,0.05994198107347955,-0.002155152620409111,0.012228793909022855,0.024483529581430012,0.006784467331208742,0.0015735041429479468,0.021185467641243773,0.006407836209577666,0.0052805117104860085,0.00471418323632183,0.012147321320020846,0.003567577176761299,0.032945567736747824
51.777,0.0,0.0212941825754747,0.3085893913613373,0.008428938136163334,-0.004639328012594785,0.05664954769746799,0.063950203697005,0.00015146488801604075,-0.005792949099231645,0.018353892175677802,0.005857619911855744,0.019519768347607724,0.029804214916368504,0.009392363856795542,-0.0006438926367819441,0.007693101703629257,0.004208479273347708,0.0033325431376934277,0.022042059453149236
52.277,0.0,0.06019967803156144,0.006797585189382631,0.024736394844417312,0.01433277339968219,0.05558845543766019,0.07950933784561433,0.01400253355199149,0.01612821464121204,0.015242225853774785,0.002562300896470413,0.0158213720124996,0.02015722356077514,0.003696786403424017,0.0022010585808504676,0.0113314257142516,0.008108685827542761,0.008201978865909555,0.039322380899590705
52.775,0.0,0.10512153604110626,0.19104067859213256,0.012400142842602477,-9.820326693570353e-06,0.04385478302708956,0.010973543430298136,0.0018619714903159196,0.00581993355446381,0.016269156151118427,0.009674003911528568,0.007441265826344197,0.006301895052330698,0.012919733276182652,-0.0045773138314610514,0.009387141399887809,0.0034409863780885284,-0.001600740497417806,0.01533364538609466
53.287,0.0,-0.004732613337336636,0.29038193224780784,0.008180480183308927,0.009881959523808038,0.060280288253923064,0.07735696257911492,0.015209731799441259,0.015389051607038195,-0.0027977564647878182,0.004459145411726004,0.00523115849657189,0.013851508560205356,-0.0077253188653566614,-0.0016180320898363989,-0.0007172076196701949,0.005881085968821825,0.002978101627665925,0.027316094257741546
53.777,0.0,0.05970031870358764,0.24001873495297663,0.007887246661940387,0.01269822707907834,0.04396637933492217,0.049323194522626346,0.00859528563723189,0.0048500931496424215,0.015414311971130227,0.0051336931373843365,0.009435688196843824,0.004531285879508,0.007763492650557396,0.007108892607741774,0.015441284898290117,0.00263556964724431,0.010104480394544112,0.037514210903346674
54.287,0.0,0.05790940462002084,0.14921672815398176,0.0037867464071879783,0.004355238819047671,0.04539753311670115,0.00875658742081113,0.012557130111128963,0.0024048867480220564,0.001531474697510965,0.007367392485091082,0.0084978669403982,0.014725591110830712,0.009147872261492562,0.0028711613219425396,0.013275772411520826,0.0005525052809024401,-0.0021342176337680627,0.034910717477682825
54.776,0.0,0.033760330361932836,0.21050167863431096,0.0014789581279573867,0.008210182489827859,0.04188251128254389,0.037123170121096234,0.025562243756883124,-0.0009242358155674714,0.020890967945338783,0.006503930481463217,0.002710945980352303,0.016325665380967573,0.012398565802323123,0.004992318511575214,0.004976213679815475,0.009061370489839878,0.0060211028544619434,0.02941538547113489
55.287,0.0,0.09508583874922101,0.026133727838951383,0.02613747185286468,0.010476252238363296,0.05411104356892635,0.07295925451925081,0.019328337676969575,0.018966821839033383,0.003323386521114643,0.0038433198383043686,0.010024008129188453,0.01631160522915529,0.004566355554097195,0.003806316509403312,0.01359356777623483,0.005144661037583369,0.0028042704645901383,0.041165562135546424
55.777,0.0,0.062272526479253625,0.2350975226468337,-0.0037471587306445705,0.012132311693030775,0.03064365866468108,0.003636678169703433,0.025956886590994963,0.011498398856255525,0.011888372502774932,-0.000484836490293346,0.004827772451678444,-0.002928968842297394,0.017245780419294903,0.0010588473904155284,0.0007967265243183332,-0.0009509963209617842,0.005345695725011702,0.02833715639358081
56.277,0.0,0.10764214335796628,0.44498408500126596,0.027614223650984267,0.02811518917263551,0.06017016193418226,0.08540515234721686,0.02161133054887922,0.031871923338740636,0.007573015363102234,0.013112426486635948,0.016641435529468576,0.03870347443060818,0.013630998896207407,0.006971105170507136,0.026297529546823073,0.007801073454527308,0.01605904252185155,0.0560155624886048
56.777,0.0,0.03239635769014942,0.06300745274498043,0.028894691825963766,0.00783552243400319,0.04118671066783998,0.039518523535446735,0.02750954756845193,0.030451083990415243,0.01713548314438969,0.011610559081926297,0.007431045404537496,0.015675250486617245,0.006428388875984418,0.003773350682530191,0.01951311989598963,6.988742987300009e-05,0.0066593067528623,0.03487186583578669
57.276,0.0,0.0865261320132253,0.1820449559141987,0.03144128080833493,0.012704379113973688,0.05438723495539396,0.05876619822715878,0.03015113952012435,0.01313748953731039,0.009464827544118105,0.006266880061200993,0.015682563027983574,0.01612502160857201,0.004594030713981216,0.005307051489637014,0.006991732353127195,0.009809119904613807,0.00513955996942024,0.02725911276223279
57.776,0.0,0.05828444153672923,0.23919305229216173,0.01143549904682486,0.023001712777120834,0.03973700818167749,0.10353882625856262,0.030607031132610256,0.03564130441914528,0.002016085711475964,0.015209174187119524,0.01727237709588808,0.009487313706468182,0.01705250417057603,0.008525112650016079,-0.00843828497707927,0.008349207312041227,0.002969062017018739,0.020118401217747467
58.276,0.0,0.008080059724061974,0.3694567119062019,0.005239367086503556,0.012306183772091472,0.0653078695931891,0.03827030611633361,0.023639515474950263,0.02231376675859822,-0.009766110406479598,0.006729245250560459,-0.0006636318036055547,0.016664581203336346,0.013018280765389993,0.014885655506720155,0.013609613723281682,0.004584363478916591,0.008732830920431948,0.012372318222364499
58.777,0.0,0.05828219074827533,0.5066989096693469,0.00594851519447199,-0.001112914912505472,0.04481676620084301,0.022494521879177477,0.015186143917915573,0.009955138535948213,0.01713629806232718,0.006957477253793035,0.010359738177353122,0.017318458520596835,0.008286656849734427,0.003788271328751368,0.005999364674094977,-0.001161861636196868,0.009230687455348326,0.011372206484321128
59.287,0.0,-0.01071533894145988,0.21481723130367106,0.015553772418411792,0.0002593299201299704,0.07074592635350975,0.09684974787412648,0.02762270852372122,0.019612342211543714,0.014586721145260715,0.00880988528768088,0.005600924250143149,0.026182091646988197,0.005200308546525568,0.00022537693472852332,0.00847537209043921,0.004839034203394875,0.0038131279121748495,0.031807347306632865
59.776,0.0,0.07868023692521713,0.01698722271636766,0.010972484970286139,0.016728629942717076,0.06186930478352046,0.05659734636235677,0.018598450213344997,0.017849226734235186,0.02310109302741115,0.006751414420908194,0.000608670057609612,0.025339478384103584,0.012898573649154267,0.008169062855938504,0.013809099568753506,0.011131765130173946,0.01009775072663065,0.0210329561228022
60.277,0.0,0.06391545839534554,-0.027190340757530268,0.01922029636928914,0.020209341937687968,0.03954326982617752,0.040678149828324434,0.03726827105153389,0.010056669801859514,0.018468756840979518,0.011001581457536085,0.007630897820987804,0.014557481764623154,0.008663908628692013,-0.00465168387262237,0.00460794591288865,0.010647350947644144,0.004960026854630519,0.02494068266697873
60.777,0.0,-0.0011939465861937246,0.0867115731896555,0.02178228766983972,0.008153713672420956,0.03577471297871244,0.05226742302918984,0.022416365382440014,0.022197623235075053,-0.005845525521875269,0.007827633999216797,0.012664665039263296,0.027475285236867205,0.011089655586478685,0.0012048226341989012,0.004189855568718471,0.01465546548037007,0.0038386205496903263,0.025125671090541465
61.276,0.0,0.03130930302941493,0.13495934939412946,0.02554798229260152,0.01790354275389539,0.045459858107771124,0.04029810835929209,0.03097882652442972,0.044857782160207145,0.010431653833436123,0.015491503890961359,0.019679597004988,-0.0012544780794767217,0.007605085141405073,0.008413415978788414,0.007971181746993294,0.00873535350340289,0.012419464491915418,0.004725778731147045
61.778,0.0,0.03191757740789947,-0.039879801449172206,-0.0019470838208791464,0.007645029372025224,0.0001942952259614282,0.006212316113978831,0.017106274859993158,0.016193133704730446,0.012360465790971751,0.0044454436688183795,-0.00010984042076491646,0.0005933664228141739,0.0006375235647847631,0.0072173937183233495,0.009483609012558597,0.010078552201981783,0.0003990603202396216,0.00634174600245526
62.277,0.0,0.03538033671414534,-0.23954721430236553,0.021208690811452578,0.012522493577056362,0.004724099905309304,0.0720404936509028,0.02526276319347665,0.02716531591405743,0.009204325088184499,0.015378973260394268,0.014605104506117132,0.010274139308343132,0.014095266882760296,0.009145210517610957,0.011430369301729137,0.01969908663186933,0.008778472500231381,0.02721588973680637
62.777,0.0,0.05945710424800551,0.12523665506065768,0.0023175430254037577,0.0023485730234318303,-0.018271368173210612,0.004092591372545003,0.010567079791512064,0.007028228273672461,0.013671986543642644,0.015946045549117355,0.01053174237357482,0.007463586891037678,0.016225455253323237,0.003913110687552831,0.00960622961113341,0.008618858059725275,0.0025829491450162887,0.007455700471864859
63.276,0.0,0.07661989883776107,0.171423231772969,0.02177756234514232,0.019074274624536824,0.004417806547945428,0.0480837763685818,0.026857500859262518,0.0074033503494921275,0.011707437585720746,0.021894606985149733,0.00564918937355018,0.046573032706430796,0.00628045109573074,0.013252461340315887,0.024501481238884838,0.006205197909183493,0.009677008939269233,0.02338135337728302
63.787,0.0,0.09759469802879582,0.17046688032222537,0.0013216633395357696,0.011891873059322855,0.01201115892268668,-0.024566564467514648,0.01647803363910313,0.006369125130363545,0.014713874832448258,0.01216512468314692,0.023764877486192694,0.01927392191251736,0.012777856758960102,0.010755149255648565,0.020902882456308516,-0.0004895963958918267,0.0006192973229921791,0.006863840116980564
64.277,0.0,0.08202039954774028,0.35396367545846646,0.030611249771572428,0.012135682258369522,0.030003000456072956,0.07202121703094642,0.03203130479946555,0.03354169098200291,0.016779935194101623,0.020284069975525815,0.029633938221630025,0.051825579292188215,0.02646887519978957,0.0192125788359266,0.017916083493198464,0.016146330866795646,0.003924374122386059,0.014733854309115361
64.78,0.0,0.08603732748972923,0.08756715458918861,0.022685517260750777,0.01264396385343936,-0.0034293176796652,0.005296843225246467,0.01994283841528317,0.015721914206666684,0.012040001976713741,0.006370079107352227,0.007431885620139011,0.018756859392408395,0.009940943756016448,0.008667045914997003,0.011147933160850639,0.0025650073163667963,0.004344646455945909,0.00019842863546243048
65.281,0.0,0.07644685240412251,0.4330526985003887,0.010000466406911959,0.004100708411491433,-0.005173245601225183,0.017045175716372995,0.02427523427099376,0.01272908207138425,0.021063547620175146,0.011102708683238047,0.014360930317560658,0.027383377905940108,0.0022718667687995644,0.008707784448485113,-0.0008376582273086002,0.010768197783938675,0.007097353574631654,0.020659839883481065
65.785,0.0,0.05851051608530309,0.3071759951967627,0.011707387668447868,0.004715604503738644,0.020300539688581847,0.02535060830505007,0.028299926826888006,0.005426566282381969,0.0247051287530811,0.013914292689886879,0.004014974604767951,0.016687710515337136,0.008312892136426383,0.013036237960575682,0.005105410971166102,0.008648553746327196,0.006791021307793538,0.00810882998835764
66.284,0.0,0.08062419874662334,0.5432787127947725,0.018603095860446395,0.02130540763537883,0.008993784980083915,0.04096967142597506,0.02010205376661605,0.009780430120179373,0.02371220789602766,0.019456318803757474,0.0035426308615491976,0.05966828122482331,0.014339114329926995,0.00968088246024303,0.015793717725455052,0.011994816024924672,0.008173347368605486,0.009774010265269625
66.777,0.0,0.1097095245873481,0.6409047633375466,0.04142416909228327,0.015110024185519547,0.014791428218215727,0.03758239607294304,0.027092746169503207,0.024935866884047097,0.010850001359679201,0.018690034874814028,0.02164916528838171,0.03927108550831435,0.006383286287043964,0.013544146030021641,0.02159875054180278,0.008528872416968628,0.01360342233264373,0.021008784734904754
67.277,0.0,0.08633580753658941,0.16809730015956542,0.031157878182556775,0.001576512140486699,0.017550137456734,0.01876471028242772,0.014256375857066,0.00890138286177459,0.029216303097262062,0.01967717083277359,0.0007109748295295798,0.0182263422024992,0.007266565450610991,0.005416900850141986,0.01448018825484337,0.004635117495039176,0.003561919871251826,0.01596651202123483
67.777,0.0,0.04425373110698378,0.02456644672339285,0.01810734873259394,-0.0019256404458063861,-0.01079547923505472,-0.014127991449524424,0.0013234508021646642,0.002592746905467635,0.01443289019637949,0.007163201712190904,-0.0020306702629193218,0.012063846778550739,0.013074377976132983,0.0017074100296019395,0.006141162030015533,0.0031141844901449696,0.009099627372787758,0.010999343581248397
68.277,0.0,0.06715953847458703,0.11981089713900027,0.0064488995646844564,0.006371567882215302,0.009294119175983584,-0.023486410452753338,0.009801920903727427,0.008244151794383843,-0.004596130644924789,0.01421414313806654,0.003904817048408908,0.013993278750152877,0.008983549094388574,0.009222008817768763,0.011290366855542735,0.003503559144075912,0.0033899837304314185,-0.0017285321962392133
68.778,0.0,0.09035406292577759,0.105708748585603,0.02573868501794503,0.02103702796085021,0.006887451671017587,0.049883032931092385,0.016531686377040312,0.026717688169920727,0.016857250352724753,0.0097504651801335,0.006992806887909623,0.03467119716783412,0.015014712660149272,0.01547196403230623,0.012219587998590884,0.017652056173292466,0.01463118437830056,0.005799155062104091
69.277,0.0,0.06289728571597776,0.2579069392446384,0.016280828200962178,0.00622284455931615,-0.0004996162953294262,-0.04182894056460829,0.01983876815595529,0.009005195841836658,0.008781165970450545,0.01089686217901757,0.003988774427703285,0.02304767229192291,-0.006113356487101882,0.0017418796047976189,0.006601578381750114,0.011489339315301132,0.0008510189023142888,0.004789336524718388
69.777,0.0,0.062079080237052685,0.1169006611266487,0.025372667221758807,0.006207863694107086,0.01790993415793819,0.03165052648672945,-0.002879627952865925,0.005378528051535376,0.04525279217123356,0.012856898922371114,0.0035938738373476643,-0.004377242107459371,-0.0022350324274827533,0.004988770911152519,0.016844492628431518,0.011959410776214692,0.00014500553161328578,0.0005329110188999618
70.276,0.0,0.04507572607746171,0.19077295301448116,0.001519228512072878,0.011535114502013975,0.007379770371916702,0.05927223481880985,0.015742990660600874,0.004174422680281566,0.0140001905932004,0.013565175517320222,0.00461475440731688,0.027774620584753006,0.010339602773040194,0.007130248243570716,-7.056248765387912e-05,0.004526224194713228,0.010090370923743763,0.007530253354412092
70.787,0.0,0.07175308490392127,0.17438354186406216,0.01778976318988862,0.018284080500677966,0.03941665915196628,0.08006940697821621,0.013981439276126576,0.018087770064289587,0.02705837043111269,0.011657051207651007,0.012582271549497186,0.03420173688650222,0.009808686158498765,0.015284873312297876,0.007463253488402937,0.024110396972096913,0.002923034014112308,0.0183934203533165
71.278,0.0,0.09330362368627687,0.387360028656036,0.027330372450457063,0.01044282510400414,0.038059523056221026,0.037751787668441665,0.0175022724472421,0.0006565470413152914,0.028635426919419865,0.011924334730104479,0.007894694100737036,0.029409237020161655,0.005193513616039113,0.0025396435450376026,0.019003952240263768,0.013746255365635831,0.003818015524254563,0.0023968015299616285
71.777,0.0,0.047115593056405204,0.23720008728959502,0.00013376952881356886,0.00817556756992048,0.044374221179699545,0.07550114391165554,0.00013112680919857627,-0.011992482053518997,0.009569689565635373,0.0040949678048939845,0.010907205747481774,-0.010511298092141122,0.0020435618138985976,0.004359926324813712,0.012832381642786142,0.007721284958400757,0.006112830222373066,0.0007741709637019894
72.277,0.0,0.05614297594275424,0.443554881919023,-0.0012899401917570244,0.01230058515097209,0.04656629222772554,0.10484184143407661,-0.0003371832236535972,0.012611724166783094,0.01820011127697053,0.017509123476884398,0.012086996424193065,0.0512871450881655,0.0096234450211556,0.0057064531681346765,0.008785845717867636,0.010047117763928122,0.007611195323586294,-0.001795717536552587
72.777,0.0,0.03918966899365549,0.5438080393227824,0.003386403047125841,0.003928244626570555,0.06844366066477477,0.06816878710215468,0.010294201649360086,0.004541502680009125,0.012277974206211385,0.0041390658458846505,0.01060807556319124,0.021616752004887812,0.004076270014551388,0.0059860671796303925,0.0049572791925647074,0.003263001608402061,0.0017543277166552032,0.011374136606274078
73.277,0.0,-0.00490963693454716,0.37059062510279384,0.01354819849309005,0.0011066002457770317,0.08103783983930118,0.07746504745056969,0.014489191237980273,0.007494450507062851,0.030204467181995643,0.002708700016867804,0.008055632978854003,0.03087804265432237,0.013718783023561651,0.01079014595706752,-0.0065324213750209735,0.01403427509947282,0.007914946333759026,0.010211522774151641
73.777,0.0,0.030515529267068048,0.34803413510288933,-0.00034397878837766235,0.00895138925647799,0.0702131179785459,0.04237241958016524,-0.0015490625618237264,0.0015510160767797916,0.022134712886450098,0.00528717236684443,0.016646216589143815,0.02563793531201343,0.0062619108430964346,0.0011668133536870298,0.002161369430467314,0.0033357795478855274,-0.005210140190272931,0.004146254443048334
74.277,0.0,-0.02132968091279149,0.3270984734230028,0.02853177335066081,0.011667955534907374,0.10235090647775143,0.06199844625006358,0.027732402864491357,0.015118447179546543,-0.006184554062337423,0.012238409647378287,0.011325647231617976,0.057656156715770665,0.013237657586795445,0.007060165387382634,0.001498879018489516,0.013398268640041979,0.006290065268408919,0.01838069921114108
74.777,0.0,0.04566254776511098,0.3095219048725349,0.018036989860975502,-0.0025942061885900814,0.1128343083813503,0.032492239424550755,0.0047307918161688224,-0.006782899927828324,-0.01641497799878649,0.0024346724979168828,0.00258116118874604,0.00043912241476117323,-0.01274342066429526,-0.0015892626967683266,-0.0006124602358969691,-0.00627849238247633,-0.0014197397099472472,0.002628549928424393
75.277,0.0,0.044712395291334875,0.23247316369895837,0.012953969892978054,0.003397829580179226,0.10280309874885227,0.035999432913417395,0.003092866036225153,0.005091353442425077,-0.01969168246488315,0.0002788377499131245,0.004968225832348755,0.012488123685504633,0.00022422617044005652,0.006326697358550038,0.014703657438703147,-0.002395294741491661,0.0023176071712961966,0.007599260187566536
75.787,0.0,0.05268348199052043,0.28291080491465626,0.02441912819673728,0.011825264660777761,0.13125824060810237,0.0853431405894252,0.014984294792759551,0.020867793365089864,0.0032243157349888967,0.011115118179359387,0.021925819977529636,0.03768995441426665,0.005670383805796241,0.010460460352110049,0.005692094903559965,-0.00036220431350641406,0.0006818688635066465,0.008127356999129127
76.276,0.0,-0.017638876870321153,0.037179646589690925,-0.0033042696499838496,-0.0016139885178446806,0.09730262569942232,0.04166836184734225,-0.006016516915995615,0.002905078869412374,0.007843042434381685,0.0062501804060629464,-0.003797669043922933,-0.00827436363270186,0.007923680178485564,-0.006042656081716844,0.008266435180879196,0.00020442532795277097,-0.007456465138645064,0.009183077267255053
76.777,0.0,0.050864913652299934,0.3788649225434435,0.030435628038118057,0.0130954785772467,0.12846256356633218,0.07930746183832206,0.013946254376491645,0.0046070416908641975,0.017444491242952324,0.004717664573007437,4.271571918643345e-05,0.028820517288770574,-0.00803754560451893,0.014391210602414684,0.008420529868227966,0.011105559134791474,-0.0002219348117306856,0.00134151304741967
77.287,0.0,0.04346754840996923,0.15336373055919464,0.03246789944327117,0.013212023639537508,0.1307664217083345,0.08371032475425914,0.008957543505625479,0.015496671423899913,0.004554933842541953,0.013475599101409833,0.016829580947864783,0.025891683514563193,0.002421983730406524,-0.0028890287555355353,0.008140886866226634,0.0029472459572354045,0.00501077812724574,0.007977075118349112
77.777,0.0,0.04437853534174787,0.25584631766021476,0.024933912507832286,3.6153738215716506e-05,0.14193767231776516,0.02640404812730907,0.012438505364404545,0.014370200443919253,0.005822696102558712,8.069744479645415e-05,0.017610833483012,0.014723707031290138,0.011159498394539334,0.006842141316080724,0.0026780824702548633,0.01122954776133648,0.002950807145083529,0.010522173643008472
78.276,0.0,0.02033648269905055,0.14336083400880573,0.02577919856066184,0.004964767861000317,0.0981320927674409,0.0921841311192617,0.010151057503922045,0.006617827775045077,0.017830515968473702,0.00304572877333886,0.00934489114423988,0.022764733153727026,0.008518904432013426,0.006965947471096393,0.01167618884480164,0.012114620419905138,0.006990994715915431,-0.0009647435459226058
78.778,0.0,0.04667481320878366,-0.01791985917413431,-0.0025083464426614317,0.0032703125689577885,0.09865511315579836,0.002695099795901528,-0.006703384278269279,-0.008462684972261564,0.00020050362301630723,0.002730592608306141,-0.002576272431293619,-0.014556830927709959,0.0004328323777000978,-0.0014780220291116173,-0.005963412176902579,0.0023423494349429984,0.002246847377310942,-0.0025118025309907796
79.277,0.0,0.012461754231319773,0.44889195795780606,0.012807510113735574,0.011743253102058412,0.10201553418183103,0.04543914787722542,0.00240844754049433,0.0051945223138514275,0.025574484348612817,-0.006288545629657118,0.009774079155756172,0.0005765905911315646,0.003194369132871652,0.008900077768671922,0.00017011626669922138,-0.0005868417281605159,0.007319643588357643,0.006719887655299303
79.777,0.0,0.07584373040178315,0.4345795857726168,0.017951892607242642,0.0043641078448201625,0.1064769494693888,0.05300606358398226,0.004496397571861156,0.006698212363660039,0.0162044035803853,0.004431031170486326,0.003488320245204331,0.026563044955324175,0.003683458898599743,0.0011596677384159866,0.0033874408184244973,0.008142598691342835,0.00275995078564024,0.00032494718576634975
80.277,0.0,0.09802783406434906,0.2983084738431179,0.004869766103803097,0.009868341875867681,0.11788040643710687,-0.00676074508828026,0.014596570639462077,0.006367548057925339,0.019411479457263296,0.0027790428847394365,0.013476790887968826,0.009159698175239407,0.0020876392256799566,0.011085327954476401,0.014591400937215098,0.008117958770296826,0.007085601483855596,0.011849538593371598
80.778,0.0,0.051143041061880924,0.2463254213786483,0.020704449484501754,0.0034532730664951065,0.06542616828012161,0.0034830714925914567,0.0019073751865336171,-0.0007946545162043956,0.015462842978256114,3.637463648726517e-05,0.0003115612947705726,0.027558333596723397,0.004335537421088126,0.00025427529936763484,0.0069366937054981806,-0.011761626443770625,0.0075057883498592624,0.011799822501668064
81.276,0.0,1.7304995709777895,5.926953853014937,1.4239736859456025,1.001189440778032,547.2827294959432,454.08632127226423,3.5444501325675417,1.1389613877670313,0.29158109453638237,0.1691223691075282,0.3094680614951377,0.1958137269388955,0.1419444671865305,0.2835256133151438,0.17340770538155878,0.28977167940711357,0.6383247812654383,3.23925820946802
81.783,0.0,1.5650452690003331,5.54634568098913,1.2917743834779412,0.926059179026027,494.0625904767955,412.17133764720757,3.239194445015331,1.0280297859317238,0.265170471333617,0.16367744367326523,0.28098468267109894,0.1898505073194826,0.1344879613926559,0.24662890549689384,0.15358123678377225,0.2777465828794674,0.5897580796874807,2.99201978746668
82.277,0.0,1.6632514928680031,5.718238937017926,1.418441498826308,1.02228614484542,550.5960573885098,455.6984794133117,3.5477070580094683,1.1334002399753267,0.3124022685012625,0.17479598930993048,0.3279134406013995,0.19202686564456772,0.13800378586183074,0.2810469049644539,0.1617333041982372,0.29425897654633415,0.6434322248771241,3.2527376037745594
82.777,0.0,1.6309570615152196,5.825788190350193,1.3924680101264686,1.0240697942249493,524.4448350180033,447.25689328731664,3.5613036626944594,1.1302195975044724,0.2944108624148967,0.169926605151203,0.3226800419281558,0.19875484768266455,0.14066579681782632,0.28466300329499905,0.16150161476277636,0.2867877530544286,0.6449305021027196,3.2644224128974857
83.277,0.0,1.6609819561225976,5.957330846610023,1.401413689766245,1.012754414855491,545.5556199537253,456.6466621979474,3.5795193126534093,1.1455731304560224,0.2938937842239935,0.17436986790277306,0.33029184778762,0.2035498445348195,0.1465720854041559,0.2821240921385238,0.16238913188884996,0.28380726398026207,0.6539768848490797,3.2783737061824128
83.779,0.0,1.6496435029403609,6.0223516480064845,1.3416590637193546,1.0029124978603978,527.1266971713644,446.5561264273829,3.471588597075384,1.1075877631167033,0.30149254850314505,0.1699433965883422,0.31937153060590573,0.17799480560618067,0.13643483882050617,0.2712935502597049,0.15681460723820698,0.2920814044236954,0.6332723717847195,3.1901707195198914
84.281,0.0,1.6291960596003432,5.922903953235255,1.3368310303656463,0.9657921843099713,520.3825544083131,437.09331070884514,3.3845758004505764,1.0823492476509662,0.3005506677537391,0.1688629750385889,0.3053383754723292,0.18566055570877812,0.13838760985778795,0.2753177687242655,0.16264815547494132,0.28525517279032875,0.6139104454195217,3.136091143455738
84.785,0.0,1.5399851936658724,5.836312679529324,1.2827293053222142,0.9304260699714262,502.2483864253331,420.3759855395098,3.2258673354051024,1.027255401563706,0.27410753592228115,0.15669069663542298,0.28315039438565026,0.17212519177582622,0.12306414449249611,0.2560108738713394,0.15589154384980802,0.2642117782125199,0.5885993590059482,2.9770843051881353
85.286,0.0,1.4817381419953004,5.367335228679118,1.2711026659180684,0.9085832268596016,503.8194162973998,407.7530252068716,3.1068454332433513,1.0102447669209826,0.2605955359617718,0.1575237041799098,0.2860182802802801,0.17388872683965959,0.1315387601393669,0.2467627638830626,0.1505194574628419,0.2682460667547333,0.5860160954115073,2.915960533772801
85.776,0.0,1.6354735208133735,5.962842855648112,1.3901433584799812,1.0280991815041964,543.8780279681735,458.64265710851066,3.6121639988301473,1.1324139413842236,0.2958363457649803,0.17428080468256268,0.32801201704037714,0.19929412423649975,0.15082082065828184,0.2769885440123695,0.1561217925322953,0.2932820765539135,0.6457154756812815,3.2930350757896547
86.278,0.0,1.6596267561062503,5.7997417023202935,1.3816894780873643,1.0018813526085326,549.0999952592655,460.8448564123223,3.550449313322233,1.1298292093712763,0.30657008730314844,0.17031199383366327,0.31459042165108336,0.2091489931546774,0.1434906962093857,0.2755228093633778,0.1705580515805994,0.2944924681576781,0.6491648961161199,3.2526264179429227
86.778,0.0,1.607826854202512,5.7474532248590045,1.387555792438869,1.0359808244847697,538.2587525003513,452.7954007489847,3.5629858981851554,1.1452986103881555,0.30357147262631756,0.17278207201677306,0.316859303534819,0.19689107958688468,0.14446290322277447,0.2812940126798476,0.15643032232853535,0.2928287556604417,0.6630380698011491,3.300225857514935
87.277,0.0,1.6825538579872796,5.883567593949003,1.3857945843504167,1.001430218934896,533.2507874340722,457.87617969092844,3.5395810875272398,1.1221638635256181,0.3048318268535603,0.17828983410527222,0.31573233836984,0.1983677417691704,0.14242304572051728,0.28735594664367203,0.166866323548891,0.2872920461181879,0.6402921775475756,3.2492868197303655
87.776,0.0,1.6626152416284428,5.907645756121426,1.4108509440750199,1.0145673934644037,552.8306623012132,461.80273836996963,3.5702743735458795,1.1360129502308016,0.31147207806031685,0.18179509198367488,0.31848266978138157,0.18899823103647412,0.14347796010507316,0.28318720988131996,0.16521160605665913,0.29146375321624024,0.6503768004804936,3.2482479612782242
88.275,0.0,1.6800638699220154,5.739830921141127,1.3982888651462888,1.0154327268378813,538.858832217302,459.8734716567832,3.6056230227133397,1.1589740016546315,0.2966649562377271,0.1785845640495155,0.3176469973978295,0.18433263053641177,0.14770118947120692,0.293827618191922,0.16817733159542717,0.30108454068090634,0.6490452913813333,3.283373368695103
88.778,0.0,1.6084085635317709,5.824665844509411,1.3907680202729336,1.0284889069117589,534.4708139706356,452.2930011171205,3.5681784992190266,1.1455053503292882,0.3275672640079253,0.18250660837520744,0.32920600366034897,0.19275387006315686,0.14227734135534958,0.2930089735657896,0.16780045607331007,0.30143380152505184,0.6553302254823342,3.2725985379909295
89.277,0.0,1.63693904385783,5.844529521041778,1.3964059490111718,1.0125880429509575,552.5461867922305,457.98755649198625,3.5717560401541237,1.1329522098190903,0.31172618465178076,0.18645591264099673,0.31927294798561495,0.20636175493159184,0.15005887275688193,0.2921307387335891,0.16041694618095886,0.29525672241320766,0.6472682492619672,3.267578647781591
89.777,0.0,1.621263042531042,5.429841911853694,1.3738563152059493,1.019257511319408,520.9908004988797,452.43203317325924,3.5423198811444077,1.1138475651542077,0.3116689611040041,0.16366377537708315,0.3103885251915717,0.19975031224504183,0.1306617541768101,0.2723716803207568,0.15993152866290208,0.2944912611183088,0.6405623534013342,3.2356903701698623
90.278,0.0,1.6214345515629822,5.390557910282129,1.4202269120451412,1.0133658347979413,569.7784125660522,455.04165443117444,3.5493547836054606,1.1132227224278193,0.29277755642091746,0.15868714756227448,0.3160721733946529,0.19951637464619443,0.13861823753001942,0.27706551529044454,0.16373916680336884,0.29351151231402534,0.6435670302699483,3.2509976666651577
90.777,0.0,1.627064908972378,5.30357688242056,1.4072025161915935,1.0255725899257238,524.2517655077042,447.4187181607226,3.5400875591087924,1.129144001165128,0.31829084034939936,0.18112744225592006,0.3154118476461859,0.20223631789889854,0.14223718006898878,0.2814316279410218,0.17091164446947868,0.3007841046497994,0.636184224209456,3.242785173628676
91.276,0.0,0.01380893435229187,0.08138263583099305,0.0063610682307231265,0.0059645192561692505,0.08599410023851613,0.08360879313271673,0.012038263727955918,0.015936607755212485,0.02316070885662745,0.004747372110395624,0.016593898069254525,0.017159284885310197,0.0038897969592551237,0.004988759026966696,0.006357945740737977,0.009729095596945318,0.008474390306289001,0.0033213564720693733
91.778,0.0,0.0808221867173592,0.6434303943478726,0.011230270420726676,0.015664592186932464,0.07563783957472525,0.1293235154682545,0.01950280789788452,0.01996156797927031,0.014670929617860208,0.007001308379397171,0.015442907040790441,0.017796840095194465,0.005835655220592246,0.003169934856692834,0.019877578286937078,0.010876467135156031,0.002503912726534944,-0.001884828632021743
92.278,0.0,0.00030988222368173935,0.3744886609872583,0.026025943577213738,-0.0031253561227985818,0.0849815888211317,0.13646494197128298,0.024550229987540428,0.025039198840576107,0.025878857506073376,0.01690600274306019,0.013471186574059858,0.03141793035123108,0.01149264132625169,0.01330373715879183,0.003214699560948757,0.008361205055368151,0.005891593211965867,0.029981210669116572
92.778,0.0,0.05669038347310738,0.16512673570521041,0.00039225984849822936,0.007039435692783653,0.06685597883816954,0.09691154589362064,0.029003630716164807,0.014210490862959153,0.0027300381060750972,0.004934279246667111,0.014082822854599202,0.004921309902970181,-0.0018968183687947048,0.0018233925806852257,0.008313205043114294,0.004068599841204067,0.00923617772588726,0.01612250011421059
93.288,0.0,0.02543175905681261,0.3399726493205949,0.019172231896661403,0.00868900856786313,0.06936299163628118,0.07500164078330096,0.028541857869320633,0.010256358215672402,0.0036368941778331214,0.014889359092976813,0.017074230396116385,0.012794342719840307,0.010371449426409494,0.014977915602361606,0.007823926802266394,0.0015675321604312624,0.008378828182494908,0.027255117065911535
93.778,0.0,0.01078172491339569,0.22859752559326632,7.04616522850776e-05,-0.0050226884027369705,0.04158919660025304,0.09690343071879796,0.0380412801732353,0.002415440056511482,0.01745084196845003,0.006460409532063307,0.013267538410669879,0.009157565012805402,0.01153152532903801,0.0038726056323584277,0.010297139358490604,0.004267305491300844,0.002659019380819728,0.004712384582082575
94.277,0.0,0.055370948638616746,0.33355092735624364,0.016141841724214453,0.006507789028694727,0.04897623207169807,0.11623641855657915,0.029341640099894536,0.0041908561888215415,0.012569607806331805,0.012308577617060973,0.013527368310134218,0.033240753254038406,0.02344576725281333,0.009811166667441189,0.014181243819758204,0.0171577037492876,0.004334160867253444,0.018208759355926675
94.787,0.0,-0.005612302455649546,0.2367310056935899,0.022871967352284958,0.019914229889921566,0.04269420694011626,0.06952806568579543,0.029058110330498516,0.005768573177454828,0.024007377518937077,0.005736176862026733,0.00014991363231612952,0.03238530921004122,0.007100079071551897,0.008046855826558195,-0.001662333548052301,0.004156369050317568,0.003734585783632992,0.009323191647044638
95.277,0.0,0.02261277366899524,0.22142235406762642,0.01821645746615315,-0.008673202849718122,0.02735203002496565,0.11005343024429502,0.017923726549131824,0.0020889644948574194,0.013010792574547358,0.0026980776377851477,0.016153442112215633,0.00014501436803554234,0.005987550860583468,0.012226759648109972,0.006319036513135089,0.005121737799522769,-0.006508416943417688,0.008248498483913274
95.778,0.0,0.07361327629148293,0.3517642252175762,0.014505329461731576,0.010393557551643806,0.01133488678676044,0.0715229517111481,0.01945547002185385,-0.0040216963518662765,0.004789127214734898,0.004598741893716871,0.00023975707339361852,0.022336221782095902,-0.007725585795932693,-0.003912901436205155,0.007673254856277907,0.011699074027196091,0.008698587767134825,0.004798873780227512
96.278,0.0,0.09461548549235684,0.32208579453216357,4.582326500880903e-05,0.006664625746795453,0.039656371929895184,0.06054986113166287,0.027457878812552915,0.002654605365258749,0.017282837475952193,0.0017751324952475153,0.011082817389214199,0.0076538971575106154,0.0021237710804718015,0.017438920814214973,0.0012422650075209318,0.012062833337516963,0.015369018603471469,0.026435065144447926
96.777,0.0,-0.001115437743522888,0.3808100967556423,0.009414753501966211,0.015705637217483137,0.03063550299818761,0.07744739505806449,0.026759124588051773,0.0053936787216403576,0.010868266903418421,0.0016739886819636736,-0.0012590481022080864,0.013854197267635182,0.00034149337819607185,0.00628069641970757,0.014701944860010833,-0.006009098771780852,0.00406597172112949,0.02686438967880159
97.277,0.0,0.05676147633541587,0.43832230081037465,0.02795339698960353,0.0046819897246873805,0.040703421418937305,0.10632015922197695,0.028669067650828543,0.01795727075858208,0.00592248881997888,0.013705696717752595,0.01162476815143708,0.03428012801325358,0.01868953617564041,0.0149332536171935,0.017388969304178235,0.010576805880542783,0.0056116764216067976,0.001609701235598555
97.785,0.0,0.036802576354387315,0.1844316578186828,0.02439106995637132,0.005823035037662837,0.02088304336484593,0.04424840388072068,0.01884918871172325,0.005525857223152345,0.007197041527746437,-0.000425115942158239,0.00813926214250498,0.020397756510428813,0.007281388223714706,0.008733225968049697,-0.006487119986925971,0.0048102836017823785,0.0009653290835936916,0.010245520877655049
98.277,0.0,0.021335213693849473,0.061642279758650796,0.01981246387304596,0.00872543482483503,0.045858720811252564,0.05265990460664254,0.01760254445748605,0.008698151526968274,0.023284039630055584,0.008137602983510059,-0.0008632082483305336,0.03620606279852754,0.007441330391556191,0.005562018267028626,0.0014482155742729216,0.00594095666322368,0.0024976756658036193,0.015457236099909503
98.776,0.0,0.014021772296966021,0.21738310023938082,0.011412479635725904,0.002542346733168282,0.010249660459707068,0.08703657932044187,0.010775469734714426,0.0009425064931966542,0.018123975687019865,0.005846597583469656,0.0093874303805596,0.01769094083047527,0.0018103573048217092,0.01831431671621468,0.010356999861666638,0.0018216648776321026,0.012707356203867457,0.02847333859052657
99.276,0.0,0.017355112852917538,0.4076626626018161,0.02365876778180563,0.006862183143047556,0.031480803691620936,0.06850287418660178,0.015882339096083588,0.017568084350880104,0.008285287051479845,0.008677317488129782,0.01423051966555859,0.031811306713004334,0.012505697048566852,0.0006300526725570068,0.0026402739787366324,0.018587723848719127,0.003593789312433073,0.016885868400994552
99.777,0.0,-0.0031350217678377756,0.14886722937076227,0.012973772239466322,0.005627757131337946,0.04709314902459588,0.016325313371000648,0.020473846969481575,0.00035382160306691676,0.000964288396556044,0.00436094026894693,0.0125202309080623,0.012787187972719943,0.009820745439823517,0.006087280116562467,-0.0009338472255694938,0.013703237918537637,0.007510333233241964,0.03630957171961034
100.277,0.0,0.03516376903689894,-0.19008720261241757,0.022315183809500205,0.010741513940485774,0.028279512715065045,0.03640989427217575,0.018151986021320933,0.0036660353730326454,0.018186308133398294,0.003512845505391323,0.015100171426681061,-0.01163203752186187,0.005035486602411796,0.010404385214325566,0.018889339701813085,0.012621944517295158,0.00241432860495657,0.012110601101126531
100.777,0.0,0.050389289638030764,0.17127277129123372,0.024941422185347117,0.017189569314971443,0.046503741565894985,0.08760161676844921,0.022350498195480614,0.0005886992793620586,0.009817794210815982,0.019031964461896374,0.019448589229155565,0.03910823305229327,0.011516807686621836,0.008301539478114349,0.0106399262847043,0.011482543353628251,0.009627696026418817,0.029494858775763428
101.276,0.0,-0.016783019437162178,0.15770440785507672,0.003839754032492925,-0.0007324639742130553,0.017553966785823136,0.025300723376639293,0.0022031987651409293,-0.00915803009819723,0.020757829346161705,0.007991200729105384,0.019804545472252005,0.011727627661128818,0.007931709267567607,0.0031184634444623577,0.014772911487541103,-0.0007107754629190599,0.00033491797711456456,-0.0011418093602722703
101.787,0.0,0.012480005841496089,0.2760413896306132,0.02634592524651263,0.0002848471010827705,0.029222546602409298,0.052275313057910576,0.014134629163357651,-0.0012735775233444783,0.015930539074564095,0.0031092168077458625,0.017520179736912733,0.027555947368018942,0.011193255207775473,0.009785489183124288,0.0057671125672711845,0.010805253213868878,0.013225703584646384,0.010580455539596653
102.279,0.0,0.009883341383818687,0.175236256531078,0.018165080921226383,0.004253108781880154,0.024211841522436595,0.01516789353362565,0.007779722613628793,0.0032071825805038883,0.027565732130316434,0.0040935220292399,0.02071484259590888,0.01679616526843372,0.0126931520561433,0.008919609347356914,0.009117090662896685,0.008986820131071764,0.0035187441490016455,0.010063309110639755
102.779,0.0,0.025291443109428977,0.010959635183579236,0.0034783617853049844,0.003134440373209894,0.01806340168789224,0.014390010328776738,0.01421337465078722,0.004776778425260786,-0.0019248258913833218,0.0026868202449496182,0.012135398730879798,0.013829682755586508,-0.001144708269118609,0.005665038388035249,0.009457417323771485,0.009636719244044434,0.004416423873254409,0.009794597842791835
103.281,0.0,-0.006944556834195199,0.10032857630425866,0.02093003344931182,0.0031409630410494057,0.03191682701284572,0.05716876778550666,0.008081652204255298,0.00467654950697219,0.012138431333039908,0.00018597834189950404,0.028888643307426833,0.02998526219466363,0.004402076987734639,0.009088683845730718,0.010134051961710992,-0.0007635529194199543,0.009611209341625042,0.014845486883232869
103.783,0.0,0.05003273942145143,0.13447621710967525,0.027537576542947622,0.0051804018014982075,0.02873082464292343,0.07045270511668962,0.013122841368923154,0.02114273993823818,0.02018308656738982,0.0031296113854327747,0.02057101409507041,0.017157880476347174,0.007648215667040622,0.007159070670300942,0.01260247595909193,0.004246236158067394,0.007613601264037088,0.013783513846361355
104.285,0.0,0.027330266747023973,0.13114822641192656,-0.0007448414458432342,0.006517368469654111,0.009631093083775443,0.03174891394485067,0.004232150497658928,0.00366634066429174,0.017577702833185493,0.007961322135740724,0.0026618415489990345,0.004786341795542861,0.0005672953462406839,-0.0011862238234005293,0.011498447965741005,0.014193723143639918,-0.005816551477079275,0.0022361150568755692
104.777,0.0,0.030835333427537328,0.1863856893759216,0.00871898215693688,0.020354453341312466,0.03185522375628973,0.01584843662523647,0.02215924889530363,0.015910657996495825,0.003214447842665739,0.01124780796829972,0.01158529384053549,0.06038307775820896,0.003721760823223232,0.0023295594231384303,0.006540877814431091,0.006344571645232674,0.01478093843679888,0.01681005243658525
105.294,0.0,0.025096370744807157,0.2824806160112844,0.009821642468225675,0.009915553553263238,0.026457969522636716,0.0196593237808329,0.001056470984471385,0.003941152500032446,-0.0005565773977290867,0.00786408152748082,0.021061241686182355,0.01842904996169642,0.007478479009498672,0.01153338309361435,0.009092148834541436,0.00027641268002404193,0.007771861001066743,0.025550425773035245
105.778,0.0,0.014407365213398565,0.08876817436416332,-0.0040673089593682155,0.0007014569277368802,0.0026182471048879267,-0.04764219802293943,-0.004210443068176195,-0.0013035673468408493,0.020968800507429317,-0.0042686435918146545,-0.0009213275696697075,-0.0009920907293733518,0.002507069493245753,-0.0087633166647112,-0.0019956557591565734,-0.002238840051116858,0.011379939667504344,-0.002899778129153489
106.285,0.0,0.06217819258307065,0.02652732846718866,-0.005963960987812476,0.009828816511285839,0.026510308889024125,0.08650795988592626,0.008858888970164576,0.013863971262794185,0.014586721269219645,0.0016056718353652522,0.008254420836263538,0.029426839478179718,0.0072286235282601604,0.012607227724474923,0.006508824985448895,0.00718070472418693,0.0004088205918269058,0.025931196554965345
106.777,0.0,0.04347748377065009,0.11901389148113184,0.007749460743174669,0.007530963105257697,0.007604456235714561,0.11281105857614893,-8.50527868010886e-06,0.007063616590377412,-0.012356259281264338,-0.0013102011230461863,-0.0052311515500964465,0.008827128264843533,0.012870856289085018,0.005482592150551723,0.004753225237825697,-0.0024207839974774914,0.010070233399212623,0.007787843816580183
107.278,0.0,0.05841073761202408,0.27743284221330383,0.02614314457151441,0.012378584739146865,0.0324790870303204,0.08279617154297057,0.014199886525949742,0.03335663741470071,0.04041070964494498,0.00663856245387957,0.019853291962385097,0.04541540495046044,0.007242922618806363,0.013895798879372465,0.011756158677024838,0.010037183713771873,0.013073660694193377,0.028875273635295424
107.777,0.0,0.01681859803255838,0.014135596071098985,0.02177814635714068,0.003940446706678289,0.018577117855554756,0.036211426929983345,0.01483285734216541,0.01985635396459975,0.01466404413889783,0.0052740314413347355,0.017331142183765722,0.012193700965012683,0.010358069400172603,0.009341651096912514,0.016702249906573114,0.01669033656706116,0.00949641838812977,0.0033357652393965582
108.288,0.0,0.012587710555543025,0.1594951364950436,0.0015554760856433026,0.010437839615715795,-0.001522309040432696,0.008166698679827297,-0.002202163165198408,0.009814867296321821,0.006662115810178868,-0.005459432695964916,0.00772801704916872,0.029358459000243607,0.01110903754995535,0.004168630737435472,0.012002302269708545,0.009753212660203691,0.004413780640719428,0.014136294530346491
108.778,0.0,0.0190863536669851,0.26121390995681104,0.03418103088129086,0.017890311173697358,0.03108365826993819,0.07774813237201621,0.010793085460105628,0.024350604547074776,0.017749819702142153,0.010795233663288177,0.029470743759724187,0.03405698144084001,0.02081640148626974,0.0114744257471831,0.003657055594427006,0.008370706919060134,0.006991015715597215,0.031623434524069016
109.278,0.0,0.029630444685260996,0.17425046055471022,0.0008187868263341339,0.0008715574946746088,0.015246002563638084,0.030992375012621018,-0.0040450992220077,0.013776112013364317,0.004070457708428043,0.005857912139249981,0.013687618845281116,-0.002437370481576099,0.0022594036688129804,0.005198008824106048,-0.0017389919765299793,0.006020145892002798,0.004373140899659628,-0.0023485256692873887
109.777,0.0,0.017849617078821038,0.0734766808299989,0.00973996168826534,0.005378564827095906,0.017061677073237445,0.07003586182493882,0.016685786086069174,0.012814485113491448,0.02349108608985585,0.0040456315348265885,0.009176258236382481,0.024681430377286824,-0.0041990213602945406,0.011356823515261823,0.00883021811102253,0.014563606876912877,0.006927572665929014,0.008693692349448844
110.289,0.0,0.05217610735344756,0.13564303719636756,-0.015763982164128353,0.003376811720667618,0.004127649539928398,-0.012931242103864796,0.007606698562245236,0.014491331514853203,0.027414418933069867,0.004177295335324409,-0.0007790408559683456,-0.003632587476565205,0.006552638503805607,-0.003441773635751079,0.006702506777607264,0.011237153851609291,-0.004352167623599247,-0.028824021621414644
110.778,0.0,0.0487278102142511,0.31981312700759423,0.019025554648370045,0.014663336953339323,0.024691866006003597,0.05311438263613384,0.0001331257775937651,0.021916583596769724,-0.007445585124786617,0.009203157028800498,0.01924630966640256,0.011565305044056421,0.0004682865495076472,0.008356245899440737,0.016405067605425382,0.01169720236910553,0.009901198870205158,0.0019483338971833302
111.277,0.0,0.03693748487595527,0.18400316152265608,0.009123089851521753,0.006752164611606909,0.007553308767476833,0.06379693599779479,0.0005683391398525597,-0.004861241556054097,0.021015113852433202,-0.0035258722006415648,0.020584035450795398,0.029516150758424214,-0.00043823309008217756,0.008016354157651921,0.012285604550631896,0.01298957004720426,0.011962308256648445,0.009263406341413684
111.787,0.0,0.024230175061342896,0.15003272001951234,0.004456140421677853,0.014750926564403702,0.0034410881854809072,0.0480116967179235,0.015313092883620337,0.015244255715836938,0.02601021924455871,0.0028117284988211978,0.006528983885890933,0.029578403555416567,0.006888020066661198,0.0033232045474451714,0.005032514337022786,0.012139202283881854,0.011507975216449737,0.006128920978341543
112.277,0.0,0.0875416940030607,0.22476605572276961,0.025038008099253356,0.014772562649304218,0.03491048953129386,0.08048840801782035,0.02162108564038083,0.036040541356150424,0.015934156454739678,0.01189178306725362,0.007206601257537207,0.03494748664441557,0.007814222667413748,0.010837865107132265,0.02210967668035154,0.00893399108346636,0.012736829043244817,0.0030800588813392916
112.787,0.0,0.05476639413406853,0.313529772345979,0.0011224965062417395,-0.0006235844494921027,0.010469429375804739,0.08357592305614936,0.02663276907145796,0.014677882723294946,0.01636841015319474,0.007551177841388387,0.007442477256173969,0.0007377386151372727,0.010986900959837414,0.01129210313638741,0.004117247855991955,0.010439752488720718,0.003888606604984686,0.008870847649075602
113.278,0.0,0.11496750039398375,0.3858616316022444,0.021959790196938656,0.004993347904560052,0.015926074880789492,0.07737163432179685,0.0023827260920713266,0.026304892448779784,0.021685754273740226,0.007412725575085714,0.013362875660265519,0.02003646967847183,0.01312390311610529,0.009316290691835922,0.00019426109620504227,0.014206311720906703,0.01495531991832586,0.0031837073894047984
113.776,0.0,-0.001284617065281189,0.09211238981818752,0.0038920737708292717,-0.0026481253380493336,-0.010631051733474655,0.028611993203285186,-0.0037510058523837248,0.00972079040222701,-0.005651891599229534,0.007097081867808521,-0.005873685310596538,0.002022631062355708,0.017212341654848973,0.007033690496604315,0.0045402009114900235,0.007796420122090209,0.0006553628436564221,0.001616171154715895
114.277,0.0,0.045959860313956796,0.2244797369380355,0.020757601645261005,0.004230078309835298,0.03318881601116549,0.0679311789207201,0.013340764837126108,0.009564951896580794,0.028086518425054535,0.012714901298749746,0.025517913487983913,0.011490196526951685,0.021131495836544896,0.007252401651070326,0.007862930702536667,0.012580748590519523,0.011503885315496102,0.025429552297966306
114.776,0.0,0.04046816467725512,0.17185377263890517,0.0314719278828262,0.014180012078518755,0.03688053016677082,0.03898314871862967,0.00928172103577802,0.010560065593583556,0.030417476771607336,0.004817192475954323,0.01785204145429084,0.018838156486035425,0.026389887303199737,0.008385004497755644,0.0108742617953018,0.011350121691679616,0.0030316969634706548,0.013961016562131112
115.287,0.0,0.04786705879061894,0.06915837071487789,0.01633505481481461,0.00691469880832397,0.01080395825441047,0.05611238121007273,0.007869046880008067,0.013193151222828855,0.007985611795040903,0.008489980114765256,0.011603722813859876,0.019626805068588462,0.016021913249773218,0.009227584783799316,0.008610133556051034,0.010683915471503712,0.007534972057038046,0.010804730163049498
115.776,0.0,0.023366921947760962,-0.2450537107419883,0.02721832547026105,0.015168715059608878,0.004868966631027662,0.048002255579817306,0.01318762777154924,0.018878505103192268,0.0055561620812466855,0.013148792208138775,0.00665331327787834,0.016649545928151287,0.017334568557525548,0.015004298416898305,0.01692211597480109,0.010419525147765202,0.018336264400889483,0.01637896556367537
116.285,0.0,0.028376355500367243,-0.09297613022106284,0.010667114245379705,0.009160881509116791,0.023233441888882652,0.039200460161464244,0.005847216359419311,0.018411991534067283,0.02044574827493601,0.011583674159498283,0.021726810819196626,0.02389152335827548,0.0007693836186771758,0.012346698711790585,0.011515780043382943,0.015117425671012931,0.004442967756436321,-0.004214509794271476
116.777,0.0,-0.006364300201972871,0.11370589341177083,0.022162626092367865,0.0005214297197033574,0.015954075607407237,0.025970257098233637,0.015487898418948686,0.005056278897584354,0.026262255984396025,0.015750700150689283,0.013640449879608451,0.02282389770344312,0.0134275905268503,0.012748844605789544,0.017920201745887782,0.005210968525585853,0.009840867497609661,0.0006132903990879236
117.277,0.0,0.07173852758922654,0.17836741592553437,0.027457999150528004,0.0008910020462939937,-0.0066846993042635645,0.06372452220720326,0.011221947326932425,0.00753602077005691,0.006388822011345752,0.009153753450444448,0.011241516715048368,0.006133194992537306,0.012581900270909203,0.006041370130776525,0.0007695904486253196,0.010456388147932483,0.006999648462559553,0.012874986572966419
117.787,0.0,0.04195866150367463,0.24780889852518662,0.012436025899381508,0.0019864875278404657,0.006667401929809046,0.009272779157994787,0.00973030268644054,0.008113896504998804,0.01655258287777697,0.0019421381036238243,0.013362831916739393,0.02816268262931111,0.006227070387047062,0.009020375546972593,0.026633889165588367,0.012176474191571064,-0.003976716364704568,0.0036822574737157437
118.277,0.0,-0.009949503746592689,-0.1555465511254412,0.032251684062011315,0.01346908005205732,0.015173985111167285,0.04468774458974876,0.026371932463330416,0.005669079721025671,0.040146728086567024,0.010321933531794135,0.015349682294424951,0.03256186646399605,0.005276901726953442,-0.0009833441217425136,0.011936190143062622,0.01840342231568771,0.016676506225651828,0.013311035911002146
118.777,0.0,0.029836457918331928,0.1270881937669031,0.024342077166593964,0.0020906196212439393,0.024448488746842308,0.06083236714536768,0.0112579888366841,0.007420734350533765,0.01747884961459172,0.010902339894902744,0.017367810424039492,0.012249135588697243,0.012861150964531198,0.008778442269891048,0.013006951153381333,0.006399232485286399,0.012381099155938869,0.00576658640889661
119.277,0.0,0.06910656495306924,0.27193921098894736,0.01211971055910209,0.010925759755373549,0.023910551587426512,0.049451105510000974,0.016277018746866715,0.02208301820397436,0.036823856049449134,0.017498140734670854,0.011125878098609102,0.023552900270507295,0.021723438768817126,0.012102506046160469,0.017223203489959565,0.015560115514493643,0.009873031788518978,0.012114508398056001
119.785,0.0,0.09605809080151918,0.2852745259716287,0.03556817950102085,0.004589764074700069,0.022097635312505904,0.0531675042672285,0.014890063011792168,0.006299215356850825,0.017009292810275394,0.007865037331042836,0.010143051256908188,0.007367013455637799,0.016733362840147006,0.009826966542947558,0.016715596630878266,0.021636196125761592,0.00654790893684126,0.01826905186517367
120.277,0.0,0.03421556503073859,0.003710363442451467,0.016644200161544706,0.006313166809756532,0.006831972828319714,0.011973333729988597,0.006674663488657916,-0.005382446118491976,-0.004189088040199995,-0.00014705496739953435,0.023539412406835464,0.007940847623422538,0.0012970826023392804,0.0015004476477144789,4.610012885940719e-05,0.009453613180630394,0.005176954219263096,0.00393210863931362
120.777,0.0,0.0784552645814228,0.1696429748473778,0.030124415959067005,0.008785632936188992,0.01032082297969202,0.052811501521757995,0.016412326681233547,0.005169759404682577,0.022470868675076503,0.014809208779680606,0.013580233156756648,0.029220819160812733,0.01716376155269594,0.01123251300666876,0.02081939931666119,0.00980779350288321,0.0005498236366734223,0.03166424905171439
121.279,0.0,0.022878081556011155,0.18953577460213933,0.00646526385279461,0.01134443510386962,0.0062132608144659495,-0.020489820005254452,0.017836833599141424,-0.0051646932420184016,0.004021010631583478,-0.0009748607299573061,0.012287528876001314,0.00020031905790246648,-0.0003200290616480637,0.011527961697110286,0.016204801900361436,-0.0021477464327973074,0.0005317822332118285,0.0037696674447949296
121.779,0.0,0.08935577041051822,0.44685722843349923,0.0192866997571933,0.018205471319639396,0.047721863377899874,0.07316859946527421,0.019698671651941467,0.01462506396078291,0.024650233212999806,0.004055849450896752,0.00870853332684636,0.016956900396956222,0.007723665200304704,0.008308073627029247,0.013655272649106612,0.012126498741062905,0.00473783365008079,0.008183973361587518
122.284,0.0,0.02873174120546996,0.30427578186208654,0.024565025116389062,0.0003088440063661998,0.030883532783048385,0.021182141401713477,0.030857894129175115,0.00865502401720709,0.021155493674279383,0.0053819380410127775,0.02325163465434519,0.00013502545206354658,0.007469967343484384,0.013387640707999866,0.004474594536461182,0.00985133089922521,0.009363301748578261,0.0028681336113287157
122.784,0.0,0.028537984231314522,-0.013337513583699737,0.012643676867622735,0.012045140751895002,0.0026905253035994317,-0.006369519478357563,0.013835940558206241,-0.010965517126807357,0.01735432843932375,0.01020728958934026,0.01308918338747306,0.039445276994315256,0.005026114034479898,0.011042080697556727,0.0007274700475516208,0.005024422836507703,0.012555001063872117,0.001980950913844382
123.286,0.0,0.08263064848577018,0.1258842162985309,0.00011392069071701237,0.002624731723892684,0.008944709135790208,-1.3611689297535917e-05,0.012528117533725949,0.003471311871071902,0.01357362082031157,0.01432550608984577,0.004795643189208096,0.017198389819765708,0.004585536976870171,-0.0009550132655092309,0.007262109316842411,-0.00039564162806446054,0.0007910718092724365,0.014462936770981889
123.778,0.0,0.04841067078741812,0.3594076484771533,-0.004867525629222965,0.007761217152481922,0.016634929086412547,0.03572693604165963,0.017982414003261796,0.0026545075359985498,0.009845003876863684,0.0033432977262479223,0.007716328592823691,-0.005047437323963827,0.010369967678682873,0.010401058516408733,0.0043866467616082705,0.00672989240188503,0.009696669461302262,0.01508362575528185
124.275,0.0,0.02932556564067167,0.1589979378606795,0.02538014129182195,0.007423779071132763,0.037443312134128326,0.02300798553118596,0.01895572685142925,0.017494432669393208,0.03101831294032307,0.017316999608883166,0.00905843249885262,0.028455705442441605,0.017268319522041685,0.013664828091301442,0.012243416375603871,0.015709631151655825,0.01727242519213666,0.01577122810665924
124.794,0.0,0.012837587361830884,0.12717247257724693,0.011291340272262166,0.0018796894679113038,0.01711634494932236,0.05400472895283702,0.013701686770667819,0.02350555924592931,-0.010678224547690893,0.0127060264419874,7.491708417076462e-05,0.015513432239050351,-0.003927264965561135,0.00033428656773888075,0.01280843834477431,0.0047832220584350235,-0.0013674400282586586,8.66810182660668e-05
125.277,0.0,0.022035546062916314,0.24796263268636232,0.008187456729108361,0.00223998713258181,9.31460734173588e-05,0.028988703784209948,0.012559494388409137,0.0010521708447891324,0.015449146649008115,0.008203619833924826,-0.00019264393072462437,-0.005190274082132437,0.011988237980621241,-0.0010172148752939562,0.00267350643162165,0.003904917050067326,0.00579128986454249,0.008116617046695604
125.778,0.0,-0.02262881294897688,-0.1718984483871801,-0.011394868593110138,0.008164255584536336,-0.00023951847450181952,-0.0013885675807138707,-0.0023157498113290623,0.009565321196596081,0.02269655105475341,0.0032346933890566327,0.00612614418345795,0.003699638577790916,0.006663390506093944,-0.004040800942367887,-0.0009450612670952887,-0.0046677804766291535,-0.00508487616064233,-0.00031397903873220807
126.288,0.0,0.006816522565360774,0.03568153485141064,0.011958260580096846,-0.00038778781497788976,-0.0017403627844014002,0.06628677803259031,0.0034710991433661333,0.011634083158896733,0.005870607691473737,0.006660500447392161,0.009280457842037692,0.018811581170739694,0.0021004954390565754,0.0042915162601114346,0.012072707526047206,0.004980402087816107,0.0010190185140664348,0.01438492006941121
126.776,0.0,0.05119094678030084,0.12512311176115326,0.007835285971131437,0.020981029749705168,0.029618412297064706,0.07905910280938708,0.01611739127763526,0.01236445487658202,0.01620964477648921,0.017073396724444405,0.009517163793160362,0.030665058710029627,0.018181924908100854,0.013337655758629491,0.0158697286309162,0.0011894611603004855,0.003236941285155102,0.030023469670948058
127.285,0.0,0.042480918137243764,0.32018815568403525,0.01658708606316794,0.009525563514045028,0.012059881607586507,0.035467613932896,0.015708582718319406,0.014797990288943368,0.008397542234091109,0.01007915810847921,0.006778579102462152,0.04411179686737818,0.017931537595894196,0.003946057006408553,-0.0020948088982514707,-0.0030365513521210595,0.006984677579244014,0.01469420911772678
127.777,0.0,0.045560202001870526,0.06906108926374889,0.001329182773155122,0.006760610089685649,-0.009580345675110227,0.012420266930299791,0.0007183036637425809,-0.0030071064107382844,0.01898101541980486,0.00015014897417899074,0.008550907713816575,0.012956077957528131,0.0074827618959299085,0.0037672284416296244,0.013121269338773087,0.0022270085877093087,0.01112155157359173,0.009141731330009097
128.277,0.0,0.024344026102985403,0.10328653964992088,0.023047490579664907,0.022292186352577577,0.03680031476899897,-0.006671324315077381,0.011915581480169158,0.015485448489766896,-0.0024003175093026525,0.016295001658665313,0.012312632165416242,0.027003324172877746,0.006651025557030565,0.022222538066126132,0.017880339080952688,0.011801865574672422,0.010069566171216264,0.007417736792196482
128.777,0.0,0.03492161245735004,0.06914930864661775,0.01561031790425337,0.007229769490683487,0.0045332891655195835,0.000539998503610902,0.008501136734801774,0.013122706465516165,0.00994453556530878,0.008504050924854196,-0.009704025453999864,0.004171006477996354,0.007955600867989352,0.004974122555108685,0.00273634115367446,0.006664775286846891,0.0013243827712206024,0.009985392787180917
129.287,0.0,0.06072428467268245,0.36974374354359524,0.035663195560891696,0.013804287516799544,0.03053946820349575,0.022262155729289388,0.010347387860166857,0.014044525627296332,0.017024101049158726,0.004848598018596152,0.00558010511023554,0.0035538156018296223,0.0035408386707156173,0.011355294136642269,0.009831044106509803,0.011420455049071328,0.015683666506516137,0.01347866395702115
129.777,0.0,0.07131099188036984,0.37679583520694176,-0.010281833950647992,0.00774097602030196,0.008463301691299737,0.029761037503406095,0.007944502177663392,0.03437285610090804,0.010248800234582184,-0.0019004942618577163,0.013874315724453672,0.032558264039389426,0.002052521562447811,0.011405739759779578,0.010389051368302099,0.01710059790198301,0.00826718683882789,0.01330040012018013
130.278,0.0,0.014028134988466856,0.248634426351677,0.031084742566823465,0.021665894920143935,0.030738831569885446,0.01767881061273297,0.013717464786391843,0.008575031525567297,0.016268990447905352,0.002610485670992751,0.008941176984630022,0.022679773569788685,0.011320623732353633,0.005669608869684438,0.015877656079256598,0.00425631620941995,0.0017486469311187509,0.02889770999626422
130.779,0.0,0.009771167331693567,0.12202363282050639,0.00719424823603715,0.0179661800829195,0.01644196925592718,0.0347548673909464,-0.005881144452861385,0.019183703311739932,-0.00076107866732033,0.0061762693701236035,-0.01206189159892739,0.009911049086755065,-0.005945097777219628,0.006864150366575359,-0.004270159966412395,-0.0031722161952892867,-0.0016814488488037212,-0.01102668692937122
131.277,0.0,1.6736389029073855,4.748252989235724,1.4069121529538684,1.016176521524616,558.3594505166831,431.68664862951255,3.4737738986268556,1.1477647772609068,0.2955481811477171,0.17740933099936798,0.31545710227227,0.19215085245213315,0.1372900568281998,0.2766281411944084,0.17261682622297592,0.2802735553184262,0.6405186690279168,3.1852123724564096
131.787,0.0,1.601606304756025,4.272534166562298,1.2575625270256234,0.9410301937279394,515.9067503573918,372.0124866336307,3.0610249212008096,0.988817066345856,0.2719510075861073,0.15876170073972176,0.27525387375361304,0.16422804691502624,0.11531214185924593,0.24297951667714576,0.1451771438692077,0.26195790454235823,0.5612839557666496,2.8412481886551375
132.277,0.0,1.589093933385727,4.590271952974585,1.4112669141589935,1.0301611682732705,571.2294110530582,428.7523087251863,3.4819839048272465,1.1026346334232848,0.3067551521299869,0.1827726711314143,0.30916269276307595,0.2043775308763674,0.1484189018762188,0.2783039697249155,0.1662739341391272,0.2957922104544072,0.6443292281787167,3.1705496000237137
132.777,0.0,1.687589130110371,4.8136452136525,1.4108265526251218,1.0236667396964283,554.6058873525885,430.11713169819416,3.5117108870096407,1.1316242780059416,0.3227081543249997,0.18337711138913676,0.31054584453244477,0.2036306352138229,0.13689960438310245,0.3023820151349216,0.17457285205190223,0.2937851999164342,0.6428478766592182,3.228043529884138
133.278,0.0,1.5593065973273366,4.504282293467559,1.3796712819493728,1.0009895442579584,588.264687044938,429.26398160455784,3.4181250169521533,1.0986589674213796,0.2895469532546669,0.1770032102893237,0.2889477212698261,0.18037890635202622,0.1303594946435664,0.2724333288149693,0.16154697784260935,0.28560322482795797,0.6210281050413498,3.155447553262664
133.777,0.0,1.6338283105206952,4.627017443268977,1.4188359917162676,1.038451318270109,559.2422103580443,423.93472331814417,3.4880890427364264,1.1235072154252768,0.31019497298647897,0.17963339615116242,0.31637202471090986,0.19456467438958872,0.13234079128534373,0.2827519305384535,0.17177636339774519,0.29324943122213587,0.6463673659176656,3.2110595281420493
134.287,0.0,1.4204446461310354,4.171789985701653,1.243762536737084,0.8910186780880721,491.337939717483,376.3327159744805,3.0215248956742853,0.9745894042209475,0.26468870328986965,0.1666181560830714,0.2888961213042758,0.2064565645967157,0.11962809830421485,0.24150577284025532,0.1516974381322072,0.2658718891616067,0.5684889688280417,2.828925869983538
134.776,0.0,1.6232382598348312,4.9917452449060455,1.4019439857124474,1.037802835338781,536.5546947500895,425.3292797490523,3.5569029279421898,1.1425054089962763,0.3132959747311408,0.18564025292975508,0.3174978006060639,0.21441532733179058,0.13672747167380503,0.2920283963415079,0.17452365042640436,0.3048940959461846,0.6440370274337291,3.2607081933379174
135.277,0.0,1.6229554672839415,4.728165305371766,1.4237991602764917,1.0066446962511375,579.895791032766,434.3804880315621,3.492857518882948,1.1153827717596738,0.3103265336585938,0.18039961121750048,0.3223648959897205,0.19938202736909058,0.14310985607649185,0.2815247083286741,0.1676032283428718,0.2963908104218575,0.6401749882998581,3.17638835029501
135.777,0.0,1.6617213790624124,4.928369355938527,1.3974097297878738,1.0063968006284356,524.2161490787511,426.34927759432617,3.517074903811201,1.1454897479977038,0.3259068681674854,0.1864184845243146,0.3114615696116726,0.1838192188615469,0.13835129490168876,0.28903021014091174,0.17215959285592725,0.2954236880375724,0.6468549151607412,3.228249894827026
136.288,0.0,1.5838528153355083,4.874279498166884,1.3915625735278065,0.9966724116564616,545.7631939253962,432.4431260563354,3.4851164896996463,1.1190936317002884,0.2940919367781786,0.1842492243031213,0.30365265799160185,0.19563218330104995,0.13176178169238592,0.27928314438029567,0.1615709347906364,0.2869746756814672,0.6417266730784749,3.188048399714031
136.777,0.0,1.5942281571605943,4.946467135096893,1.3652281705807923,0.98552181140919,515.3514416108375,424.81478473757824,3.4580178105192565,1.1109585362955068,0.3056396890084507,0.16826219771057896,0.3025991975639765,0.2229535687178477,0.13512961531711462,0.27789228133971033,0.15272584183666857,0.2872418198534127,0.6301376559277596,3.176731385256093
137.277,0.0,1.587851710629255,4.970286372647007,1.4021831556278468,0.9957845207434121,569.2913457156473,432.1046810946228,3.472123362936544,1.1170342061003817,0.3176818301931563,0.17330795316229763,0.3176902426627112,0.19779827010111276,0.1395977775922312,0.2901777905296006,0.15858587822607345,0.28820348946412205,0.6365989739822857,3.199250824266738
137.777,0.0,1.664218825527368,4.96671267393425,1.3839868257791925,1.0229089041667057,527.4535297991254,430.3623251547133,3.526670166593797,1.1297826245801526,0.2985072529097537,0.18321158479703853,0.3177210079759917,0.21162687833955107,0.13956758770987965,0.29046296575419506,0.18063964852085232,0.29088941397345575,0.6461423762497926,3.2456223979263408
138.277,0.0,1.6219943464177953,4.962890274785846,1.399351993096499,0.9977358904840029,537.2378157543902,437.4470628320202,3.503371328237097,1.1347617199775675,0.32087935412672103,0.17868648094510173,0.305065470590721,0.2024920233120192,0.14477366127072624,0.28297714267149,0.16604672532725184,0.2917064312446525,0.6564461157347578,3.1974125917087677
138.777,0.0,1.6150923162885837,4.862215984170247,1.3863372384064676,1.0239599387714236,534.6459377521817,429.7957653832412,3.4855192577779444,1.1301220622160557,0.2966354271649508,0.17471201203345105,0.3031641233905092,0.17364655350372932,0.13549828823096596,0.287209278757634,0.16521341378909188,0.2874568537733321,0.6402239668854341,3.2009276816137473
139.277,0.0,1.6578677931053043,4.862308893473083,1.4049335909264598,1.003469024548399,555.7602569423218,439.0662040749432,3.489593662126467,1.1438840732488917,0.3321846472186634,0.19076291944646576,0.3354619712461452,0.22511930638733293,0.14213804214177075,0.2849437005227138,0.1691190497738316,0.2919767349118308,0.6482543352912505,3.1912409440209113
139.775,0.0,1.631639058029553,4.850542497165768,1.4048285546418169,1.0458371679208083,537.5849392246248,434.21370050152024,3.5784141969033696,1.1489529182844092,0.32186656427125143,0.18839706120914182,0.33095274813586995,0.21107417150554236,0.1433049553017578,0.295263615275329,0.1824284429015714,0.3014133843081897,0.6558838996285657,3.2666202300853273
140.286,0.0,1.4464003516198978,4.376257361587098,1.2634008307578783,0.8840279367454876,504.46301521958844,386.27880584504493,3.048278105911209,0.9759997660601477,0.2678297332710924,0.15956973474382335,0.2830639431044857,0.18540525186948462,0.11664643569654912,0.24966437306730302,0.15034634116849638,0.25881319925037377,0.5663167133192257,2.8312741455579835
140.779,0.0,1.5901984773884044,4.773233417216549,1.3358115908759067,0.9753406502844405,525.0519272734257,424.3807407928071,3.4015314830179033,1.0875552859691058,0.29688648468589457,0.16832064602201705,0.3097465926923651,0.16058160497466759,0.14237368956125088,0.26929828612051876,0.16386782859391194,0.2796017885190733,0.6171045901167317,3.122439231051609
141.282,0.0,0.013508557902452254,-0.01652614112925362,0.011962790773327651,5.5877409441947666e-05,0.09450357486485052,0.15311882099222135,0.018263549789213303,0.011320979714100862,0.011938018582383194,0.011090546465314958,0.020638451819287865,-0.001116780547444899,0.011422232523377011,0.011457163898327129,0.01096864759063344,0.0004674256870000453,0.007705802298709766,0.006898512427366062
141.783,0.0,0.037247827705994926,0.05845983238129716,0.019250532739748083,0.005194246843663917,0.08271445412464931,0.14056383730618038,0.013920147819442157,0.02120811554072326,0.018240369083801746,0.005787706437188436,0.012353393437459045,0.018855380336865922,-0.0002528492953199371,0.0058885605994387,0.005632856312530548,0.00439146649385063,-0.001103003380626427,0.005371749804256961
142.288,0.0,-0.0011130343034566304,0.12467490385201238,0.004593985715513909,0.0008980333525694425,0.06689699331291815,0.08323778422866411,0.00258463702338033,-0.01087880439080029,0.00544895395484573,0.011131275270721318,0.008669143079342278,-0.005343947738117372,0.016910923791034725,0.005642617872490664,0.008124042513492023,0.007836792142700047,0.0032778870308951343,0.0026903721532413223
142.777,0.0,0.030176721581990733,0.35713116515345084,0.02994431582537677,0.008078950512976366,0.0865243245734736,0.13895772633838718,0.021732768926739955,0.017176141730831297,0.01911192320531666,0.005751353407078055,0.010900259572081267,0.03619469159744694,0.018780448693714532,0.005154114594566244,0.010308782402006035,0.009604047950395274,0.00861147982162128,0.016195767940877865
143.278,0.0,0.0025247402210908003,0.38270662408940953,0.009674005898069974,0.008912645091331687,0.06753420507343187,0.12787776238144208,0.010869943090354004,0.01755794490857493,0.030058088768748003,0.011371363689729583,0.014516540355216144,0.028426461778482286,0.019733455634662587,0.00624406362212757,0.0045596812865063095,0.010289695961213506,0.010386581587592468,0.015979394083785497
143.777,0.0,0.038416980855598165,0.2662565310761814,0.0009113008330562615,0.0010413481938377764,0.07332088668966169,0.12392899965643014,0.0013767036927088664,0.002735631870262739,-0.0004763439074097871,0.0060147395198447565,-0.00929966496205332,0.018555679800186898,0.004948608164638856,0.013226447917013103,0.0005097826589030806,0.012624671215416399,0.0021856622860078304,0.004771542240058829
144.278,0.0,0.07016905739861203,-0.059425559627026794,0.03199487509028615,0.013495307674312472,0.05286650092651885,0.12023673078578838,0.014512661999181999,0.018886014327764513,0.02902258999733092,0.013907411867706502,0.008531795998742325,0.01821276931285095,0.00977212871472453,0.0067310915307323615,0.015170260785294251,0.003600031741269087,0.0073841848652402,0.015787645744193335
144.777,0.0,0.008913130584199767,0.033106164505372175,0.021875286455338264,0.015544802270390864,0.04198800510519061,0.10405127960599772,0.02547111779172434,0.01472063211511965,0.005607426997264093,0.010532017457335415,0.007431468466272867,0.038470864406611356,0.010854533735127852,0.01254921862847918,0.003917057804155645,0.013353280094161544,0.012249200591363018,0.015734675094933526
145.277,0.0,0.051522356507711774,0.4051005278138118,0.0004715628875002156,-0.00019393401204553505,0.06462270533567319,0.09275593251525838,0.00651348741567815,0.004185331829096327,0.027475352258744017,0.008954369425111007,0.007222703548792587,0.014606382954770441,0.01786827006332107,0.009359947712745937,0.004912622010214395,-0.0007588023684365494,0.002190518581237228,0.021131819296111614
145.777,0.0,0.04544291938440034,0.03190154569485543,-0.0019279397024699403,0.0036562302708032955,0.033603867777650925,0.056597779049297345,0.0006586175930574635,0.0025777333703218687,0.0008358745527517115,0.0026736670903867903,0.0007922930562163247,-0.002341309117563519,-0.0016200052070827115,0.013737668614480857,-0.006239655034649272,-0.001467739642708816,0.006909395009773017,8.689168940179695e-05
146.276,0.0,0.031394980021912364,0.2545956966275918,0.0075252911952001554,0.0073990682820892625,0.039025433016671884,0.05291939360812918,0.018244617751772968,0.004968676224156524,0.02453868130858744,0.0008842475074189111,0.014729968060583255,0.006200902935856667,0.021035849719579974,0.00727924748856364,0.0025183136401903013,6.621686038854868e-06,0.009315840021870622,0.004920079177766373
146.786,0.0,0.012191741304457595,0.24215455756513599,0.013487101904786903,0.005615929847867053,0.04436192888299989,0.08950712910232832,0.010779408491872203,0.014158903079362947,0.0026364689739278306,0.007304754144964586,0.017377657795337793,0.04035426889143028,0.017340985094895473,0.014002968901203918,-0.0008113999688198164,0.002692129541132786,0.005736156868545456,0.01632072744019731
147.277,0.0,0.02461617967274868,0.1879235844482387,0.003840486794668427,0.009928448909354756,0.035577808871417045,0.05128726846196928,0.003332086345270119,-0.005484600893110499,0.0022569840845325694,0.001936795398672263,0.009738057095268012,0.026362610570575748,0.018234897202385608,0.002649496469465584,0.0024868872015050367,-1.8919067175026334e-05,0.0020188189386585904,0.018602681153618256
147.777,0.0,0.04496202631231518,0.035119006157909395,0.009729707496289238,0.00880870426448644,0.026291595721512115,0.07906584152583392,-0.009602168958359195,0.01374817940245148,0.01869501088085822,0.0005452264220026621,0.009491442561095747,0.018437375277605583,0.004259313096438842,6.136685199469163e-06,0.005169725756265751,0.00455447521715041,0.005647876051914598,-0.0012487473657353386
148.277,0.0,0.011547624634058423,0.1847830557130789,0.016082868268751164,0.014421300578541059,0.0208904791022732,0.040217144761437805,-0.004661681746785221,0.009285083152283755,0.004723130454572724,0.005216190653611997,0.024166285871932047,0.026760333266182573,0.010884819695182742,0.005892759984158707,0.01087498582592911,0.0058438306395385674,0.006152553251716248,0.012979731751593743
148.787,0.0,0.011273781016142553,0.07258517114297065,0.017224538652282684,0.008833863234972329,0.024987449255122054,0.07232608005398654,0.00939800365519982,0.012721504188280872,0.004930606547011361,0.007127410129818258,0.013620635894125467,0.012288971502492035,0.014773462009902183,0.007426588493122599,0.007697840310198756,0.004723741559327376,0.011178997210426325,0.002408995139470667
149.278,0.0,0.05660317857879749,0.23231103546302317,0.019144581749269342,0.011049915214626031,0.011333521625832529,0.055807732980177674,0.003947354198206464,0.003529798684680608,0.005227660534688752,0.00635800060538583,0.004572500355988961,0.034497161847270426,0.010136130754846064,0.005839465422756981,0.012180076385085593,0.0077158704851091366,0.003736387841157485,0.020081197468362177
149.777,0.0,0.006517484063623074,0.3169926713603921,-0.0012125902821432234,-0.007305855191986964,0.016639215987438363,0.010296628211977483,0.00182852623001769,0.005085647572911529,0.0024970903850799566,0.007025901154246575,0.014599895406649,-0.012581627389875175,0.0008874510204796741,0.0035181634394347715,0.0038382221471795408,0.00037657535932234367,0.008706389595529688,-0.00022343577274738774
150.277,0.0,0.04725676451265941,0.24521560607899445,0.016274716838287868,0.004476435518334367,0.02850114543818723,0.03212813045240596,0.009686677689551875,0.012832120598638166,0.020379562127334803,0.004115045484851,0.014800665484051182,0.025825328056601867,0.015512734063144113,0.0037863283011343157,0.014198785410566945,0.0021769928998342978,0.002689912685922323,0.00305409899953193
150.776,0.0,-0.006492039444513641,0.11462008056583721,0.017267448860047826,8.626045426194206e-06,0.004731821223038693,-0.008944814729172138,0.0033336698581864807,-0.0023398967237553575,0.02630974072052332,0.005347145048579812,-0.008260378697527078,0.009669495884965358,0.009151582911820949,0.0043786196353706956,0.01608275907851817,0.0072169757948736795,0.0009214418161216325,0.01712620549856191
151.285,0.0,0.06282281260911038,0.3774671226782702,0.003919028540697796,0.0002180328121529296,0.023725260595161755,0.05052553233336835,0.004080430187478069,0.0019366626825763767,0.006387244205028645,0.007277695541123629,0.01332371422610432,0.010249920136342204,0.003882179174175531,0.0062593579555662434,0.006590718421147728,0.0037511041990108433,0.0018243115772576279,0.0015061172737701382
151.778,0.0,0.11208500717342683,0.15065851585543538,0.010710936912132261,0.011121061613699659,0.0001245021755751959,0.038919098494553085,0.006736425360300821,0.011915413945306265,-0.0036223086138456573,0.006283976516208751,0.005421303610477201,0.00987949975857453,-0.0036260388536410093,0.004014674125724359,0.006059110850036475,0.01614077605878955,0.00462066866402817,0.03073347361224484
152.278,0.0,0.06162053319484302,0.2310364509385201,0.01457408598683814,0.010357013916704535,0.022721710192646283,0.019233992688565456,0.01052556165347799,-0.005183113276040068,0.02348047889141588,0.002297575812475623,0.010699202349957694,0.011381396661725739,-0.0027203827726831904,0.001253612833760647,0.009876888036132134,0.007594991189696473,0.009096160047519938,0.016052751709605018
152.786,0.0,0.028480066672322925,0.13873859749009676,-0.004585423357960283,0.0143820738739343,0.02863809899142423,0.047798793504594206,0.005650651917579551,0.011037218858634379,0.01374240759991249,0.007681976269463637,0.02390653772805868,0.027489205593618306,0.008179879426816363,0.006046115245554422,0.011104982981263513,0.0137100545025703,0.013518847327620981,0.01684926326640701
153.276,0.0,0.03877821805555445,0.27814341254500424,0.0054235574405884154,0.008652387456229347,0.023623646416176303,0.042847358591135934,0.0058187171396642465,0.010783363224751319,0.017656129295908023,0.005832340907149526,0.0006909005908331577,0.009573865036055755,0.015844383644276965,0.007258203620645037,0.005571504062293405,0.009696837320789397,0.0019644904180053956,0.020290999634807114
153.787,0.0,0.07271284161160622,0.2173756744870439,0.01577165443983149,0.011740496813288608,0.03346100666903982,0.02236226964089243,-0.006617868682399086,-0.00631493455936883,0.016805905935215318,0.0010245046790856999,0.015634010951214184,0.0003445014436676012,0.007107082295694635,0.0045261592618911035,0.012465858641609906,0.004460918053479809,0.006400032215343134,0.021929949203883865
154.276,0.0,0.06316742312615209,0.09375293812740082,0.004673635267396568,0.008334024098197291,0.011097407335660215,0.009506591185452171,0.016082505587343247,0.015026310772110966,0.009159343123527713,0.004919337771497358,0.010036846733643754,0.008793063154234155,0.006009114933738697,0.01288689023488548,-0.00033467879976794044,0.014431587239451751,-0.005306021664767324,0.020574057011518307
154.776,0.0,0.03925598469778706,0.07151473000583672,0.01562811548651706,0.012448619120921467,0.002989495042821584,0.040505478023011326,0.009014681729847481,0.005649290285570316,0.012744167157968882,0.0024126838715538934,0.005941040563780216,0.03172872561629684,0.007895917203387897,-1.963748904560626e-05,0.004918559738765899,0.00448886267249053,0.013361146207797108,0.020695539133087092
155.277,0.0,0.055112337637645295,0.0002814291257941222,0.011172193965587298,0.02072875367557901,0.014419508090883838,0.049918592339101786,0.018871745843040355,0.012165767685924823,0.011440471332868154,-0.0013734150085575017,0.014027768590971578,0.030108980467910062,0.004359304225120733,-0.0007731230733801873,0.01565754243055497,0.005131165833748295,0.0024207263176762124,0.010703189282905099
155.777,0.0,0.0435199247050325,0.2735644321276979,0.03588261706989977,0.01195137217136846,0.009810843138123228,0.06626548204895938,0.014458682173508052,0.022157123818080406,-0.0013803715755900663,-0.003696012076768081,0.008916784235714471,0.01924481362087597,0.00019486683138646987,0.00469427168788633,0.008874194671919253,0.0038158068906858026,0.011453189402749968,0.019832846337992302
156.277,0.0,0.05620168363268322,0.16161033651410076,0.03524875193999001,0.0174718753132958,0.0013104381087331916,0.039024295319577004,0.02114565682354614,0.027440971393407943,-0.00039100326789402533,0.002294466680755308,0.01459178761640708,0.048875503222110143,0.010108493838844492,0.001499440530442707,0.010060794010045646,0.003193689510278875,0.0003588494222970096,0.024325447536764785
156.778,0.0,0.06743901886733918,0.3112135270816166,0.008698709064670861,0.002265370752903431,0.02002190024387097,0.006862093501858867,0.004322738214578331,0.021805836485936484,0.014003268131952741,0.009255080059735576,0.013440355278297683,0.027648135542798973,0.004760899496450857,0.00655907568334157,0.016083878342697693,0.004620939334813253,0.013650014965143434,0.02080902370539461
157.278,0.0,0.010058889263932117,0.1773227195990772,0.016186260674886526,0.008658776892092827,0.00024363725491014383,0.02983409525288086,0.01061325426279046,0.023979427218433207,0.030552920321315666,0.0007399618002350883,0.0001355797060123795,0.016031528666225904,0.01758841427544172,0.006339874870598632,0.01650713724699601,0.0014156263953998408,0.016779427562835677,0.03225318709090772
157.784,0.0,0.0013564463516018608,0.21092876306975522,-0.0009933760990092854,-0.0051106819736735885,-0.0010909184569330996,0.005425431113257526,0.005027191995343569,0.003901813025361998,0.011577071617822786,0.0008636503304003991,0.0036248467190112504,0.03289539333432095,0.00029596048043818273,0.0015449157397859471,0.004926995863343426,0.010773763118786231,0.005789241561446468,-0.0019556663973126615
158.278,0.0,-0.003877063584220749,-0.02333640623327316,0.013863602976379064,0.0021478921502383276,-0.0093373412101609,0.06295244312749651,0.007447219066991333,0.009923662876170138,0.012692731030713637,0.004494051469157197,0.0021114952656826834,0.03387402431847049,0.014789682083654287,0.006234985338250744,0.015719949087775912,0.00024414420568773904,0.001407444331409945,0.018436480747825768
158.776,0.0,0.0049277654083833946,0.20612562347596444,0.011554173537849056,0.006814567756005916,-0.0006961549023918297,0.0022657373243100626,0.012162109519268242,0.014733828153148507,0.027754329232139992,0.012322425797793909,0.003399836294523696,-0.0007766395559493781,0.007743771483783946,-0.004629470543214892,0.017093019933522743,0.01765224052385108,0.009774774581069765,0.008536179332622108
159.276,0.0,-0.03767798523781719,0.15534623543011553,-0.009005380459546493,-0.0003042034260813359,-0.017195309826858133,-0.037735912388766994,0.00495697387690865,0.01066431264852607,0.010368393989297406,-0.01145599336337221,0.00833396715490879,0.02071433321277052,0.000710450756933565,-0.0036334218072511678,0.001260658471354234,-0.003388058922955215,-0.0003927216220146231,-0.00033152091648882133
159.778,0.0,0.096623145933951,0.3613087137506062,0.007811124651608585,0.006584595413919551,0.013436541249181623,0.03852870853704013,0.007308407967568753,0.017574684630345373,0.024367643854117226,0.00398691190459426,0.009622327243624816,0.01638009531091261,0.009259646747067415,0.006121393083679345,1.6570893979447258e-05,0.004103358848181933,0.015832596335501426,0.03768367514501551
160.282,0.0,0.03132882287595414,0.2724970328467419,0.010491450461199318,-0.0032234986752565898,0.002156543029713232,-0.02265592581666221,-0.00022370968809184576,0.014628354155334793,-0.007311787084925561,0.003286237555147261,-0.003556434250074099,-0.006878388967833729,0.014581992979038129,-0.0027104270773865504,-0.01022379343614999,-0.00037722740825844837,0.006426822390616766,0.019131141219651558
160.785,0.0,0.05239122691582791,0.3759614447206789,0.016049736223716093,0.008491720921415457,0.022805913837639,0.0314684221041653,0.005154583567973348,0.02433931525291361,0.021261199387306008,0.008019794894307928,0.02398700075749563,0.022535710301030458,-0.0007610412354126876,0.012531791295958761,0.01505528250616309,0.0011072516161571705,0.0032045919936355125,0.007810062561695224
161.285,0.0,0.05848736895609099,-0.03484724421415965,0.014510580238124574,0.017363147026728677,0.002457976133460003,0.03566242814675885,0.014514796961930455,0.016138513730313876,0.015548404975083622,0.008431423504135028,0.0038399603607442855,0.019017788461351874,0.0135568162338866,0.003803951466825958,0.00026331210470837064,0.004108998639675188,0.013827704260046635,-0.012443300159439914
161.778,0.0,0.10011033467155173,0.21319124912591605,0.017389306949601537,0.015261718967943387,0.011746614691568305,0.00643876297046903,0.010566414031878746,0.020767423094747575,0.02596401858203538,0.012646390832065988,0.006651643945881152,0.02909530630122902,0.021203351016215708,0.005161631455697594,0.004918958166945439,0.006967771131926412,0.019263331386069088,0.01408981638662988
162.277,0.0,0.06129220811274849,0.2119639052042082,0.03889371601642055,0.011268343637429859,0.03272401903063135,0.06333062054291003,0.018034427489509515,0.022582932726429004,0.02886503198249428,0.022120696765422155,0.025209101179331707,0.033512092991786514,0.013098811191500859,0.010755351498978034,0.021293772016142323,0.01296694974125281,0.011472289992354041,0.02093929383960322
162.777,0.0,-0.012615109978964324,0.14745880857223803,0.015399071978001945,0.008865274499862586,0.008120566460490843,0.04057939416577948,0.006197574791366276,0.029541304062805942,0.020269404509488026,0.0017363461607304185,0.007858816346694003,0.03668728244088303,0.012000932372897413,0.005083289074792618,0.011435226754588447,0.010218904613826392,0.0062045529438564725,0.004490935434399825
163.276,0.0,-0.0464285893736917,0.10367281092473582,0.026272314992128627,0.02135071658873059,0.01838342737427064,0.03786874542756697,0.012214212562102516,0.030907642189369047,0.009196181324707588,0.014755664220859688,0.014315147093798811,0.013896006567979619,0.021165095246018267,0.012870215434704645,0.011303388933377432,0.015072852006438566,0.006738998907205085,0.03035492819669494
163.788,0.0,0.044903190026329094,0.2615536241156256,0.01827278360371328,0.018747985663195656,0.02262534006989749,0.020854160907730495,0.012780142193199938,0.020151153702137038,0.027029667206861716,0.008579622443190544,-0.0030124055703710678,0.021097178167391102,0.0056970639482790434,0.004904626809056523,0.0028795857882099227,0.007061048069819616,-0.002661740841171522,0.011323748605615313
164.276,0.0,0.02336295233015722,0.1555204016603615,0.017494396222412896,0.021447665312479804,0.009285367751915739,0.07684888892116212,0.011448234771592836,0.021318577958371512,0.023776195955564964,0.008203322686751113,0.0159838578832705,0.02303159034856973,0.025015938749766105,0.011261719873570029,0.002083482714303549,0.012067641566541847,0.0065201753124980175,0.0101750597036333
164.777,0.0,0.07791621610793092,0.3708290677745008,0.029890531735534843,0.018900955038388793,0.01817720759500071,0.07049783371402388,0.019465758216711492,0.028455483838856124,0.017610732922400375,0.015304083040776566,0.0073462877484588435,0.042577015456312386,0.0266121063839691,0.00874105162577467,0.02120027739475663,0.007152948002873513,0.004395708092128767,0.024877980960867258
165.287,0.0,0.07116777862326361,0.163798020549391,0.019681499641924383,0.012424686508840781,0.008593357701748561,0.0005993304917664439,0.013160527528771915,0.02716233233189163,-0.003240167996220667,0.015144019587226885,0.017120992504605102,0.023966072628335274,0.00855091447764778,0.013375907935674888,0.009649922925558323,0.009583302170410283,0.007736827410260123,0.02216989217362298
165.776,0.0,0.028868613136161004,0.18386973344428773,0.00322898019592433,0.02162038800251841,0.013215334930056298,0.00871671885024119,0.012403813847741823,0.0055227730038594075,0.021583605142661794,0.013418037221585053,0.00462906680926051,-0.00484195722703704,0.0019325160210678645,0.004067182394598506,0.004040372722201105,0.006339526304201482,0.009721965789671794,-0.003099106244149223
166.285,0.0,0.0065858662664441325,0.06053452504538737,-0.0037267574099697815,0.011188875050672446,0.019609829111060382,0.017299924038523866,0.016660020351078518,0.019185870678594303,0.013715983141006633,0.0069688220348117875,0.005242210882299014,0.0019871555490020504,0.011611088874027172,0.007230352774590267,0.005323066295631468,-0.0033356933263825597,0.0132208734188603,0.01981985623820524
166.778,0.0,0.04232364918774808,0.017106419025684313,0.009915157269301927,0.008445612144770083,0.03884841466782078,0.0155979984495256,0.01589399091241753,0.026306132669310308,0.022061632235083777,0.012338063407749143,0.019671686437885687,0.03289832638577097,0.014241515436008365,0.009991390389811762,0.014332298389908732,0.007467942209297618,0.01761786267440703,0.01441749092005208
167.287,0.0,0.08560650984756557,0.1490287887279418,-0.01364546984304811,0.017558113144380237,0.013781959253200825,0.012414531125804712,0.00982395052607827,0.007770198110269297,0.011816604256771649,0.0028779642206035717,0.011370126028573142,0.0022944150503145374,0.011476307373237835,0.003608306607193319,0.003870597992514818,0.0036026796427238105,0.011596460993858559,0.016629531258177812
167.778,0.0,0.06568399555965823,0.16521435356353437,0.004919510780698321,0.006304467670035274,0.027164853358379797,0.038468928803503,0.007715244342039796,0.013170852390939933,0.012154416113162382,0.011311623618004515,0.01974113184252405,0.0281367968803355,0.01550552774598874,0.003326896478647321,0.01064474467151079,0.0009172278295819772,0.009709481067484068,0.020665609703469145
168.277,0.0,0.11977116570236808,0.4904989854302847,0.011541899115307279,0.020803435955960858,0.03542344848303479,0.088760526657271,0.025465487832488618,0.02117403784062908,0.0039704520885020895,0.019928903417169155,0.01738088262148777,0.022011577786837048,0.009991524952201543,0.01301007280197923,0.01453242162248261,0.017489644990748166,0.016488190540195263,0.031374012695549285
168.777,0.0,0.08101766603532584,0.2874377549330558,0.004885228492748282,0.01784691980225232,0.02138525263440941,0.05036761172953058,0.00128136959725384,0.024709453179845995,-0.004820027555941648,0.012054877606101057,0.02084526349663172,0.03617710996561316,0.013932191023544887,0.012180457284646572,0.01146839163237279,0.0039757756663396605,0.013749500369842115,0.020476023824338555
169.276,0.0,0.1251016383602194,0.2674773137269651,0.0028661812005853163,0.0005274487966057137,0.0063694477559607665,0.03751201394448792,-0.005024157518808738,-0.011603466368718132,0.020305469213237417,0.003250161472941062,0.009002638413909915,-0.012253405000619172,0.003708505861266311,0.0073528896773922825,-0.0031112262496461396,0.0029605923058911104,0.004807457630692745,0.0018021806229027834
169.778,0.0,0.06276974097630202,0.23814565439986027,0.014781646410209811,0.00890639944556991,0.010440743967048112,0.032516028599536985,0.00431318616143367,0.01962748609595187,0.008057029418514574,0.00886550748193735,0.012018134426904506,0.017143068254422834,0.009396217172089273,0.006227568708693322,0.0010051307698202235,0.007068766861442688,-0.0031771689056540727,0.020048508553298885
170.277,0.0,0.04694524432646156,-0.01797358238787515,-0.0003819560557854714,0.014093860597917328,0.019045865411851676,0.0016413957563417379,-0.0010828789664878377,0.0043293541432182486,0.022487895960791506,0.00990860313696633,0.012811742790005739,0.026772919396588005,0.007605144852786085,0.009238543398354802,0.01426605901078475,0.005938751205641116,0.00037863029540535575,0.026622096316336295
170.776,0.0,0.06255275899366645,0.00039465695038236245,0.01715884239879435,0.014568561209116067,-0.0021737396125585252,0.018544034305070716,-0.006446723705173844,0.00651719971127847,0.022759281561771195,0.013174071147937852,-0.0013660725387026477,0.0014493361713989194,0.003402746139319923,0.00480245039410462,0.004058572455376089,0.005322000434893683,0.010227039966658007,0.017962951973395282
171.286,0.0,0.07675218924359511,0.33628066140256685,0.006170858264372785,0.008258351569366103,0.011817406714670855,-0.008154735221377241,0.008826492914512445,3.548512432900572e-06,0.015672708624985585,0.0063727843989242194,0.006564241330640184,0.014967074254260191,0.010152569173243819,0.003671917903320191,0.0044917818207553944,0.0026527689868593943,0.00535262571407839,0.011490146901250798
171.776,0.0,0.06823869553833299,0.4072476049945709,0.012989227809246289,0.010599155231069662,0.015059566134370081,0.015380435804038991,0.0015572866376342574,0.023897167295398394,-0.0006051579074524346,0.004188924467212734,0.006342399660642208,0.017717181683751686,0.0004970276547733994,0.007928508134719707,0.007988827679898235,0.004477259762433971,0.010204703450225757,0.0011079747723768353
172.286,0.0,0.10787118188508464,0.18627019911387147,0.024175644044122237,0.019838562465614624,0.013315723050861752,0.08344787849706753,-0.000796922809370618,0.011901421024114428,0.0300356903461642,0.007634873428955703,0.010429812412355303,0.006887296946628919,0.01571288686231415,0.011101657914845308,0.012018363688288222,0.0015597776094786813,0.008909437745483624,0.024046984453087387
172.778,0.0,0.012028374963072437,0.24958456272609425,0.023199798962510437,0.0017045742674133978,0.02274237318475551,0.011283919052547317,0.010359955924897829,0.004759537647532028,0.03598768814181202,0.002806983366007935,0.01966840779608759,0.014845687188183167,-0.004973972728033033,0.009978083153615239,0.00800929842750521,0.014128751591238543,0.004816735101848848,0.01984581756459467
173.277,0.0,0.0911451069014439,0.242484784518292,0.013247540954942748,0.00987648713159582,0.01367915949247031,0.043977025072622196,0.02019003868460817,0.020014535638322437,0.012852265939678155,0.006125557737824556,0.017532971301614464,0.01724950339882993,0.007176941203841661,0.010437193731057124,0.005195562554109891,0.005733405637423988,0.0006290796293059966,-0.00027204070010218166
173.776,0.0,0.07887239587030043,0.15960390777990077,0.028509546519160413,0.01165441608316093,0.023087425917683615,0.020402880167986092,0.01678641877425177,0.016857172096476403,0.015522225308720576,0.01095859141592719,0.019143573184490975,0.009926504668958924,0.009149135653607962,0.0029414061573212586,0.00891081701304003,0.00131990315552853,0.004452680221550749,0.01969980848399223
174.287,0.0,0.02438559899107623,0.1432795996501705,0.014791590398589507,0.00017341415299236332,0.022268755061618014,0.034684677909976806,0.017364589886238638,0.012411272252497819,0.020472256804686163,0.008401314999000936,0.014526304766762468,0.025905104393444074,0.004587852625153159,0.004151276116676955,0.008063323945658209,0.0010598148070049326,0.0009133116154535378,0.014367731215250416
174.777,0.0,0.025606785433465104,0.038622830724424316,-0.0024941144351043154,0.003203147603986225,-0.008004871912575538,0.00014016752469585424,0.015624446670351575,0.0010402341971946644,0.0001680881165309301,-0.0006333402035081887,-0.003939157660872849,3.828104475913217e-05,-0.006721116463662302,-0.0005072873162837134,0.006327055859888584,-0.006290051407803609,-0.0007327482452966112,-0.0017629818964018064
175.276,0.0,0.04872636761594421,-0.0014205407708612254,0.014625074480563266,0.015937744560692486,0.015515596861342299,0.02074258442469157,0.01587626797151455,0.009835281552826057,0.025214879220974384,-0.003370925799442719,0.006006046817036313,0.019599077899919777,0.002912356839588102,0.004008016580893127,0.004203445560653462,0.004406549549754057,0.006705708347572377,0.015985198474421397
175.777,0.0,-0.007500187560563518,0.2872664939002757,0.0010004293091563064,0.009830110473065543,0.015734493923783364,-0.014085372476296357,0.018730031583323873,-0.009908567173460565,0.008961659537327409,-0.0004005206783400111,-0.002040983718781068,0.024076026762459665,0.0013757620684700105,0.007399033539279132,0.00890551688983531,0.002332182560822532,0.001422368941146383,0.0019771278003556073
176.276,0.0,0.022976098436726308,0.11151561475550865,0.02040353720976912,0.013488207869241906,0.03487231044860025,0.05825877785117766,0.017702026600995086,0.029002981823729894,0.021787358206205067,0.00874203579020425,0.007407031090461783,0.03098020354531248,0.016747318791346447,0.0028825974010011253,0.005857945152877469,0.002557686409282248,-0.0030314461991592817,0.010747844177858502
176.778,0.0,0.03175073001903072,0.28810479477919737,0.01973654905029796,0.010949489924413537,0.033032546823393065,0.051967093573575374,0.010300179991776008,0.0007980411342302149,-0.006135355595153119,0.0037663959001806363,0.006907426181439008,0.018100854464526774,0.00962186985694382,-0.0012231113615411404,0.00884859272631135,0.005404426155717411,0.009393051166627961,0.018105665163120663
177.275,0.0,0.011314588857274556,0.06952469003795722,0.014082225820093266,-7.111772172664847e-05,0.0007410989079396007,0.04659522790472149,0.0032524047503873325,-0.0066293936873063125,0.00732781571125526,0.006463798875849294,0.007204685815481523,0.0288565672590073,-0.00020061682318750498,-0.0026227623155651897,-0.00019430601360358987,0.013855171896493984,0.007141093353664716,0.0020641186923687294
177.787,0.0,0.010072850137078442,-0.21587390151148014,0.01556064547916129,0.01089034139993039,0.01261709213572398,0.01958127677251851,0.00026553307900859126,0.0021193792241362163,0.007817097569757472,-0.003167803076506445,0.0006967679270575609,0.018793356042312238,-0.0016228439858029524,-0.0049118742625679735,0.007673631866658911,0.0010033193823375934,-0.004710006598396829,-0.0005453382314584383
178.278,0.0,0.034278178374210204,-0.04156897735376411,0.013574666565540327,0.014307519137337896,0.012223037087470074,0.031770466080347025,0.012062771894403038,0.005356793329359239,0.01897221146017053,-0.0009657437117910682,0.013216375630833454,0.020127595484496687,0.00037765042195973657,0.0018532321761731264,0.006213107270316923,0.007213282565220539,0.006952839195012867,0.012076936347444472
178.787,0.0,0.022116737844593875,0.17652109173514627,0.024982347436506264,0.0024913360884204865,0.03396190505051477,0.026610975766059284,0.015970239233628385,-0.0005306479837512671,0.022475661811970554,0.01887407703977553,0.01684356115421367,0.005440150327402842,0.005616635034735904,0.0076477470869892586,-0.0006892787009985599,-0.004618968844185547,0.01734299711790273,0.012901941639719324
179.278,0.0,0.06220631452991925,0.35191495377338894,0.022198496666936476,0.013606027072303826,0.023567000768323274,0.01711481968749385,0.019898550622651345,0.015829732910306298,0.02111750778118811,0.003034569140288059,0.007905655735651296,0.016746437166395498,0.0014603052079006995,0.002440779158210679,0.014412298539270146,0.003739861313227906,0.00476597156938324,0.010799188542034993
179.782,0.0,0.053582205493016795,0.198594365796945,0.020603311660139435,0.0027698255932442272,0.017006446138592545,0.02446694375053728,0.008549128263189876,0.017051797140580187,0.018692561442969043,0.006569806876205636,0.004709188415608117,0.017713434025256162,0.0014294505750051787,0.0031411660149737474,0.014008838207119916,0.006615684836546919,0.018422566507902517,0.02340403131889453
180.285,0.0,0.01984884697034281,0.23632141514318036,0.0037574473484635663,0.006162557115027808,0.01608338106035562,0.016538539148507853,0.002008692180871086,-1.0138617230371231e-05,0.01570903989256767,0.0005266501854325021,-0.00012869045312000128,-0.0007340319127211809,0.004729221761012145,1.4537870274992033e-05,0.017559631977470833,0.0030115405719348767,0.0020118148394104524,0.0020595815367458856
180.784,0.0,-0.004634143475010893,0.09581132615087835,0.010944198331894093,-9.804007541771378e-05,0.012006097909099641,-0.0034343587319321956,0.011326842262614767,0.027470121011477732,0.014225596802574134,0.007060827202694921,0.00230755048453694,0.005186058724465603,0.004984285747617005,0.0035248995198127234,-0.0006537386651901224,0.000606786725509221,0.002159911719593305,0.0008420156246359738
181.277,0.0,1.5801883547687097,3.9410210940947836,1.3895976994001054,1.0045810444398755,567.0894047747755,419.0212305925793,3.4374828020946597,1.1140603489971144,0.29861807294521253,0.17603692744028226,0.310141198046548,0.18213720681510975,0.13020636276555872,0.2695729946515949,0.16557808677036726,0.280127655247095,0.6291895964173294,3.1521153458216395
181.776,0.0,1.539185166175834,4.056676464173411,1.3892140755958555,1.0112652884792952,565.5779107914578,429.22191768383465,3.46629116430306,1.125409136507242,0.31766405494418937,0.18402822454177392,0.3192031618039836,0.21096850170641943,0.13773871309469082,0.27514031918945747,0.17350903959931632,0.2855246301710459,0.6451028236587161,3.1831649670182705
182.295,0.0,1.2585343295888507,3.2188051216571263,1.1216244912320634,0.8096862685270458,474.0251703028173,335.97506073735883,2.666411465813397,0.835422648744895,0.24148813732654018,0.13921657813885735,0.2576522708019552,0.16865946624389053,0.10430536843840933,0.20714320003594325,0.13593875462635616,0.24234415578188465,0.5128504631258184,2.5446436047438192
182.777,0.0,1.5170191684118617,3.863167454103409,1.412387317509922,1.0204541997009187,586.3092228180421,426.6530861428642,3.4420450570995036,1.0968312399193099,0.31515305696185125,0.17927809347526436,0.3244072330196362,0.20448541321846517,0.13212798094576578,0.269063826797712,0.16467240936397182,0.28497818296438193,0.634077425954896,3.1915122081673775
183.277,0.0,1.5930333488554114,4.230168093721379,1.3981852105300263,1.0015366775059762,549.3183670061937,429.4315284920737,3.492742161001733,1.108112250613507,0.2982955102970807,0.17730668171463215,0.3329136760469525,0.20052593312375716,0.13611272277374487,0.2812423241345642,0.17200062718413653,0.2936280778949455,0.6413780213078919,3.2142533131167963
183.776,0.0,1.5427243610779549,3.9817848243402523,1.3991368014886596,0.9967682940071316,599.3665872928068,436.008835742334,3.5013891331068763,1.1246499479631915,0.31400822480011015,0.17130921365470178,0.31702143270288907,0.16300221410818908,0.13357706373388384,0.2755525621671394,0.16823307440528137,0.2798495255545092,0.6499340414549201,3.2188660247790692
184.276,0.0,1.5662076033009198,3.992436903375135,1.3860454766274868,1.020855036216897,538.2763322238411,424.48393604159236,3.504364056462134,1.1038392502272418,0.3309424058823962,0.1754519967736988,0.31739607937588415,0.20467351314411955,0.142198321621353,0.2803903906286416,0.1618016714158863,0.29139318947100395,0.655029276968469,3.242001475497508
184.776,0.0,1.588759505248327,3.940811022475813,1.4439724255844977,1.0082048968790531,590.550466672534,440.9204967095828,3.5238507380475492,1.12256241792459,0.2992712389305722,0.18029880880463614,0.3244333947487759,0.21708438801091479,0.14037112401917734,0.27861912261365496,0.1596449492192676,0.2875202900844089,0.6417359569776017,3.196234336267319
185.286,0.0,1.4829594917241673,3.6720867981543313,1.286584155136601,0.9521746971314371,516.1190692383393,383.31679580848237,3.1146651919529624,0.9863910043395803,0.30211101221022085,0.16411384724455577,0.30093338264910385,0.18000473499550568,0.12524512238273694,0.24772364980583184,0.14837666782956732,0.27291298029991795,0.5877039071164911,2.9131515641517653
185.776,0.0,1.6041029714478934,3.941254507360978,1.4428370704569893,1.0336646660230497,581.6083880908072,440.0069400928204,3.537924004778379,1.1379882961186372,0.31948160060907543,0.18616891157333074,0.33542447745555654,0.209129174998354,0.15001734331435382,0.28841011139707273,0.18009022371389713,0.2901922296646925,0.6584596893675371,3.249351225658965
186.277,0.0,1.5167230459640249,3.873686082604112,1.385335602709556,0.99587578630733,565.6027832193945,430.9338698975088,3.496553170350737,1.1061608042675415,0.30819584762799185,0.16014280709403136,0.3073487493835806,0.15213494330339344,0.12862543860349077,0.27002978697716107,0.1675239671167448,0.291200789994671,0.6426333309722574,3.1838596836195885
186.777,0.0,1.6190652344586898,4.002144690235421,1.4183875721068129,1.0209500631877082,587.5784573393794,436.9536241004045,3.5142514417835566,1.1095772591790427,0.3235909248597608,0.17114779794057275,0.32573214284574453,0.19305838508134443,0.13019157554409205,0.27669817810571684,0.16826843123871102,0.2990561845579626,0.6460409198988413,3.201878860731693
187.287,0.0,1.4144937363818877,3.3572210525246233,1.2774959495982248,0.9231510008833695,545.638321394036,383.9695833563749,3.088305520979907,0.9613353266893216,0.28771618575720287,0.15505648752805265,0.2870862890929776,0.19949234927900866,0.11868981937122539,0.24968042435612228,0.15354128042075216,0.26508846638989964,0.5775622409821107,2.8805011212243046
187.778,0.0,1.566710192918131,3.7905899435521238,1.3970109522404974,1.0339619129578772,602.4561809626592,432.31289148499764,3.4934539657680435,1.0959406372169367,0.3023548422459026,0.16242847712377168,0.3010951387001867,0.20424200572613668,0.1318177882769275,0.2744254278472482,0.1657749046075089,0.2879712742731545,0.6260640343212022,3.193590945077877
188.277,0.0,1.603505250555399,3.8425391168088043,1.413214755747669,1.0084375887504426,562.2069781830702,436.70737474800546,3.5319874905458195,1.1360033787236332,0.32092378928034954,0.1800934771503059,0.3434469402065305,0.21046770892504454,0.14893218381651036,0.2796155007333951,0.17279050212539393,0.2939697608018409,0.6432179895849447,3.2119543560091777
188.778,0.0,1.5856455118909865,4.053731363164425,1.3842971090308613,1.0185551410920266,561.6590905767018,432.89607329057486,3.46935266725471,1.1048661183571113,0.29643079584450904,0.18034814438539243,0.31388965066122965,0.19360826398663075,0.13841320069175844,0.2733366545820203,0.17425963197597058,0.28648445045786897,0.6426940437692021,3.2079163525786414
189.277,0.0,1.564205726735298,4.0072023736888145,1.3966886271249643,0.9891647382193927,545.6328217836699,432.71809498568126,3.4927751976379526,1.1122827185532937,0.3032448984437675,0.16618447953872034,0.32440264054608214,0.17883295495536372,0.13200391582805285,0.2772249935523822,0.17203333857013212,0.291950223364661,0.6381679786703588,3.210442167189001
189.777,0.0,1.5384633668687961,4.16280812484715,1.4418046968838119,1.01757877035412,572.3809749014206,445.575728498793,3.515500727104188,1.1083393226719755,0.32336588224932505,0.1741185853163324,0.329467543573963,0.20146788864877324,0.13979162057663183,0.27384450568168595,0.16739789599604454,0.2817133976345992,0.6618113105369595,3.232229688386074
190.287,0.0,1.3797513098051515,3.4733025919035616,1.2522254733925924,0.9242825544209641,498.2246357363791,376.6498617795668,3.061463621459625,0.9552672706895544,0.2872863073787394,0.16010544804015175,0.2828594973837584,0.16640657161058756,0.11543831337114653,0.25103604737575,0.15347720911084523,0.26071257410265536,0.572883751849297,2.8454772781572735
190.777,0.0,1.5480161725410986,4.046966267285952,1.4183932198508895,0.9947016810254783,560.576155009113,443.40266067236803,3.526955987218497,1.1262283172055174,0.30749315173920955,0.1728606248062331,0.32042820035403613,0.20449180518428664,0.13921863702769746,0.2856907856556545,0.17943450753801946,0.29623060442891436,0.6511525062906893,3.226157910360727
191.277,0.0,0.04150975850860772,0.23157799048095662,0.016126445162045783,0.013854252580034558,0.11386335856463023,0.1349523630633613,0.0029186981901892306,0.023757280216331937,-0.0045415448750408234,0.002509665751415239,0.012513857882857395,0.0383418555970649,0.00236073191430563,0.012833729617922991,0.014567026076097833,0.009883295153547009,0.0013872332375058456,0.0046819451599407255
191.787,0.0,0.013263473278787326,0.23816751263615327,0.014854244218229808,0.007337953995125261,0.10709280580764562,0.09434249472875145,0.004862387472870576,0.01163191311003119,0.023429224020241602,0.0013935122403151924,-0.004591274131608849,0.005672610093899753,0.00692328446285022,0.00560289628496771,0.01066128348449799,0.0027191596485020664,0.005088104123260773,0.005011573064140291
192.276,0.0,0.04379474926906986,0.20518409864501191,0.022043787313078846,0.0009409799107589975,0.08809004524545297,0.10982292975689646,0.02067303581467629,0.01505159724395584,0.0029402078129861964,0.0006792191862749129,0.0034712733296274043,0.00681111431859948,0.00433850160013346,0.01320996002149927,0.0040558318653533204,0.004892284662678805,0.005048100597758256,0.020596747705469598
192.776,0.0,0.0989421998499784,0.13953566871899556,0.013838271108379444,0.008178898254189493,0.08960608466284894,0.15251468272967358,0.00724910986397626,-0.00022087752773922926,0.005767690299070563,0.002373122682181891,0.014332579662431507,0.039517107040754604,0.00033967524067677815,0.008292959478506565,0.0064409884368913295,0.011189543776458772,0.010444375802476412,0.024031625579476832
193.276,0.0,0.0435541104921127,0.15284844281778243,0.00032253285828322335,-0.0008629329928612862,0.07676532923837721,0.07351094928605312,0.007419536344163209,0.010823403580160661,0.00454164102821767,0.003090503518961687,0.01020008719529257,0.03446483288611696,0.006381680329599757,-0.001110713106973769,-0.0003707978015007182,0.0011754203736610712,0.007843673698377579,0.007062934358663585
193.777,0.0,0.033397820733360194,0.1606921017665759,-0.0011731879868450746,-0.0028340550135627627,0.04828732894710127,0.08446782633640679,0.004806877252509048,0.005828861728926075,-0.00769754182449703,0.00032268831185323926,0.0029440550162742355,0.029414897181065533,0.005292350660759479,-0.00016739949023179587,-0.004672678134895307,0.0007383971806527313,-0.0035198882831473655,0.006964163471162363
194.277,0.0,0.04574097751174319,0.1522887703836114,0.01394652673177677,0.004234606700326707,0.059641792511469456,0.0422959024392635,-0.01023424487743258,0.001494209149765289,0.013203690225675711,0.004674097975831472,0.009687794574528563,-0.008217191178558663,0.008629157830662168,0.012132418835223197,0.012169367209517473,0.0031103494527185095,-0.003786531462675107,-0.0014359143365744015
194.778,0.0,-0.004539363022477938,0.03959416402008995,-0.00011517438616234978,-0.00013054861219788283,0.028612401995596122,0.043562020510307636,0.004655039283036205,0.0017370979591112428,0.011144840826422064,-2.837000437358078e-07,0.01932224086554807,0.009426626445516903,0.001644632522312446,0.004257370092566073,0.00021239643118831057,-0.0012287838559902344,0.004808234476424266,0.01791758839370495
195.278,0.0,0.0003399465546988281,0.16715677469478826,0.0018994595198941438,0.011388896536134997,0.03276187158107875,0.047398951137352444,0.012663237148760756,0.021908664221616837,-0.0014067647768427696,-0.0005517158567080454,0.014346430801545535,0.0024444415019126346,-0.0011148230644249422,0.004239971905469369,0.006239128167797427,0.00769373854195031,-0.00042564332197317644,-0.0003078159167633526
195.784,0.0,-0.02228017650526209,0.07094600078148144,0.013759166293487994,0.014288243712735888,0.027036620293158023,-0.007379731390845401,0.0033411157474149454,0.0031910250344638113,-0.00017001696713374374,0.0003835617418911517,-0.0003104762769566864,0.009157919376643913,0.003623457639309502,-0.0020451900261598227,0.006584514509791213,0.0037992160009584137,0.005836508076250021,0.0030371991689465746
196.276,0.0,0.05504829459833659,0.05122697828483274,-0.002461361436943584,0.0028505099809507505,-0.004486781867848929,0.0005734481718448496,0.0009521917193279228,-0.0019950943385569973,0.005331006102992634,-0.00533058518219997,-0.002649830035913125,0.006672816933404999,0.01136167661116152,0.00544754316864964,0.00021665534791585452,0.003450968411642898,0.0010950382337520815,-0.0004322730827994755
196.777,0.0,0.02169444737796492,0.159401902070267,0.010663043988008927,0.00694348812054783,0.008133558969348384,0.020621534835659105,1.095614612684127e-05,0.018646239989779927,0.010326778664312206,0.0053799177587008935,3.2294902811092045e-05,0.006516684786293901,0.0058657373518221445,0.018233234571991993,0.007154545243651068,0.003921509510255882,0.008661516510367484,0.01256483381437022
197.278,0.0,0.0337713915677671,0.14502802482890956,0.0148934829483583,-0.004573340712361384,0.008771785337284604,0.04471254577245413,0.012429099168350442,0.0008183521202512219,0.010476172929100233,0.003482901996254028,0.010382549052191124,-0.00110829411950708,-0.0016362863031405951,0.008649268953234727,0.005132206630657937,0.000610634268072912,0.010704386146135982,0.020015583159533605
197.779,0.0,0.04225714778619177,0.16367184161477144,0.00676810529322298,0.006158643142443656,0.025810568072642513,0.03716220017642602,0.03553414740823377,0.017026907782554484,0.013138770876014533,0.006548355202935796,0.023736199832901272,0.06144378719392811,0.008292419230248295,0.014197176622488112,0.018058067664220596,0.016963268162745272,0.006724629394462034,0.020969323832125245
198.28,0.0,0.05088464181235643,-0.030010256859457574,0.00847629864969931,0.010643572942592739,-0.008987068812757138,-0.010387504282104422,0.026688984011939042,0.005099651637580866,0.010221935019747577,0.004651950976931034,0.015757900157623017,0.006290571229864968,0.003191105620770557,0.000699445985958164,0.003118265317494615,0.0018746096838188578,0.004515055010574661,0.015286865667649838
198.784,0.0,0.011189857007768152,-0.06781576458172545,0.019965167907459724,0.011558156669375225,0.0022280100091643814,0.03738240999856704,0.025162837291200307,0.018985844412835,0.009609518067101515,0.002526160657526396,0.011407338065623765,-0.0020601952770644147,0.006380844516993398,0.008322116653034761,0.014918160818828618,0.00888947955174493,0.010054489928158517,0.02050109540301521
199.284,0.0,0.0026699057157630237,0.03188049184964348,0.008792839539911656,0.0009976228054036273,0.00762228708800554,0.036451463493270615,0.02842269464750171,0.0063604022978803925,0.018298451175188038,-0.00010687706340452521,0.0059038426314746845,0.02412263657810505,0.001953387656068739,-0.0002129823242580995,0.004493295108202409,-0.0007688525983799621,0.0019297216018772996,-0.0065058670925362515
199.777,0.0,-0.058228311500720886,-0.10507140677219193,-0.006045716527390573,0.006341415576828116,-0.0013701437920756547,-0.004545876184560008,0.016307203700481773,-0.0014297000362516587,0.013305695287624549,0.0001831136499464655,0.0106696518748786,0.0009426768595129569,-0.0002264822147849151,0.005687927352452511,-8.495586582688339e-05,-0.003140449686917522,0.0037237337085230656,0.005190560373983324
