Time (s),ROI.01 [],ROI.02 [],ROI.04 [],ROI.05 [],ROI.06 [],ROI.07 [],ROI.08 [],ROI.09 [],ROI.10 [],ROI.11 [],ROI.12 [],ROI.000 [],ROI.03 [],ROI.13 [],ROI.14 [],ROI.15 [],ROI.16 [],ROI.17 [],ROI.18 [],ROI.19 [],ROI.20 [],ROI.21 [],ROI.22 [],ROI.23 [],ROI.24 [],ROI.25 [],ROI.26 []
0.257,0.11710071021871388,0.014057568229467224,0.03070056154028646,0.02524112931966905,0.12047249276056936,0.009464785139122132,0.014817883048359721,0.019550998252056632,0.033526850606320616,0.19757697933960114,0.006735029986020869,0.0,0.03114508049930576,0.03269543875321754,0.031295517937357874,0.02805153175328426,0.027549808600350185,0.029617390313331732,0.027307650767250696,0.05981643785844348,0.015693269009363582,0.08474567452555014,0.033093628648294425,0.07649262781603976,30.559994795071418,0.20182572387272243,0.21765312052274755
0.777,0.09761276613332194,0.011635592872957552,0.03396207615940826,0.01865694562221822,0.0542018495719054,0.006424807363730672,0.007073345342553255,0.004373133381073594,0.029004911956186534,0.19290326072555297,0.006224984646817558,0.0,0.027094023934534466,0.019153451260533416,0.02405770669795909,0.02266344848835558,0.024286533166232416,0.025846190974818682,0.012258389103202597,0.09053286586483562,0.010007821734645143,0.08977040673749907,0.04310713934199803,0.0780208441181275,9.575382254454954,0.21116065897322453,0.24357636366649757
1.288,0.08424492405156783,0.007933144203973688,0.023231214156795656,0.012512502898840734,0.02587746332742382,0.004809604460749498,0.0003942621826136303,0.00131636788234842,0.02556376036481106,0.1355122014266939,0.004022332238299155,0.0,0.0329036504897264,0.0075778795037861465,0.01578320927170394,0.009862032326596309,0.012605357756479028,0.017780640501661536,0.01466542910936298,0.050493903028121845,0.009773778618625,0.08585007797119854,0.03342023425716097,0.0325576913348932,6.288419889672815,0.1569802365549539,0.17515499531749865
1.777,0.08456131684890779,0.005530012551770693,0.029441854966401188,0.012255248225804632,0.03255034230681647,0.0042385589903003295,0.006490724834756235,0.013450471276896997,0.013079421866410958,0.13522209010511238,0.00509824873959996,0.0,0.023360891730022672,0.008622014961583269,0.01755432806514513,0.0140905170639462,0.025112056889179304,0.01852503794062767,0.009515101436495652,0.045727684430149344,0.003302531506238912,0.06970310414398559,0.05408353902409165,0.015043550830513933,25.71989818540087,0.22758246828533457,0.10429484924819232
2.287,0.07288779259301566,0.0036981149978188373,0.018716637958672334,0.00774286662266673,0.010795731337845825,0.0023903747955030027,-0.0014222770842322846,0.010904914285308445,0.017501927625640217,0.08486845910880086,0.003672694453132969,0.0,0.010960511995326494,0.010495200223974288,0.013305847610970502,0.015757545367814492,0.01192889250891993,0.01645113542986194,0.00753496097438216,0.028540566972118597,0.004329132212367208,0.0073139713234060665,0.04520763703229683,0.04080717491905791,39.856752278685086,0.12632168762393534,0.09134588722803925
2.779,0.06737456787585423,0.0034780788547763325,0.014540181271057582,0.002355107607450146,0.05750973762028155,0.002604361835822036,0.001258143579105536,0.009707669195454236,0.010107598905032029,0.0741726365186436,0.002100047452593183,0.0,-0.000418561373842885,0.0011628387123875958,0.023267486530537312,0.012398126959037616,0.011627732366200233,0.00016457945023524688,-0.001287521179822991,0.01205779206419443,0.0009679099097998904,0.04127347838753944,0.0387523830733495,0.022061681326377106,14.669994568529948,0.09622151448119201,0.08634914240106918
3.278,0.06229767137459112,0.00614861345711042,0.021154601144616755,0.006232182577131815,0.06597438415401324,0.00302131147636881,0.004098382205672082,0.0026626030035800936,0.006653129376552548,0.10522417871955302,0.00435620227584215,0.0,0.016452606164659208,0.0058361772176792346,0.01113895825710508,0.014698602853224836,0.01528714432005059,0.009332411682923083,0.0031912315996183833,0.054411662714224575,0.0018796072242278578,0.06217949424029219,0.02861323305190786,0.041168035297020886,17.47673315537571,0.27390081561214014,0.0664960407170067
3.787,0.05051254612256651,0.006421409366874174,0.012407278075963434,0.006457605999689192,0.05387721139285668,0.0029802806426378167,0.0013651027268872565,-0.002092743300708802,0.007307987285541352,0.037255324158098575,0.00274481192322108,0.0,0.02357147887875752,0.00626526839499837,0.013119550438414337,0.007520246320832135,0.016807053332088682,0.007190492062865091,0.006878955023246139,0.038620155854703866,-0.0010433760081722883,0.012771104529095814,0.02811665457935104,0.020358090658912108,22.713303373633106,0.13548664694834542,-0.004360458422689236
4.279,0.05187387585255243,0.008138444955896494,0.02302889236459823,0.01152675811509217,0.027935888289439707,0.003651029839998975,0.007311369491932264,0.018468207834717087,0.034657614859806715,0.007674070362922004,0.0037652895701416897,0.0,0.027832118802119252,0.007424591498275999,0.017897858650273723,0.008474002807425567,0.015651261778681324,0.018442860143450764,0.009134635694843657,0.06300464124616122,0.0056809459305679,0.06812053367813432,0.009825092521704423,0.047496581320968526,9.18921169421756,0.09298831643451501,0.03630600323839847
4.778,0.053673083611972004,0.007970178843047213,0.02019973822900773,0.012711160226798973,0.07395252419863804,0.002718908805206439,0.01156707336442201,0.01327512699910252,0.010187994402410278,0.08107902765516785,0.002363427218533655,0.0,0.024021139403378612,0.009269488569313328,0.02061864507820963,0.01554777968485366,0.009108954973380056,0.0224154114082654,0.013541960384700968,0.03976219618367343,0.0062582423943082464,0.06308253902708852,0.03414344366553196,0.04072188855756829,15.701693275088692,0.1463366261881725,0.0463908315439029
5.277,0.04075503170545491,0.006713714667856722,0.013010820464607387,0.005130255039848522,0.06466907219564488,0.0019992060219107943,0.008653354748902891,0.013139731805850818,0.0011007961450768733,0.0749181769155461,0.002881735134217941,0.0,0.0015612110229316458,0.005702548521863542,0.006189509599311425,0.01286505932010759,0.009222399118998722,0.0072594426375590685,0.007318197595119556,0.010097346591125494,0.006042378666237047,0.050641338285723085,0.03697355839682166,0.009409119928096092,6.06815503175787,0.17045255000436377,0.06719042689287359
5.778,0.04357342466731441,0.0023238092541543374,0.014620044412855339,0.0025265764579931863,0.1066603643012303,0.0006518283770307368,0.0018890568765770827,0.012527476539530359,0.007295536297213692,0.07320036970222472,0.0033404992144614844,0.0,0.00777057191808895,0.00035113979835141887,0.02005738430625069,-3.217917557287676e-05,0.0056320432570235454,0.009315075727450444,0.0009555072045879108,0.023598593426748977,0.0017741577836065036,0.05787334334252692,0.02248896279574216,0.007384829740284032,2.057103663612873,0.060384341630600136,0.0987406935459171
6.278,0.036541956749221845,0.0010790014208619078,0.013426457545219731,0.0022057962516913976,0.05418743087419092,0.00133573898453288,-0.0009292327645054336,0.017186254258968792,-0.005734180919447151,0.07656642506456669,0.001360544932569997,0.0,-0.006801036362629905,0.008850157526491492,0.0056700328061285435,0.003775056393322542,0.009858742733847436,0.002369552619742669,0.0036736379025390955,0.012768586480702301,0.009305022895012277,0.07380157207385389,0.021904175657459387,-0.0016369234586595105,5.760139702279044,0.10716266291431886,0.06568334913779858
6.785,0.03339175634660264,0.00308441549356404,0.01719637477418077,0.0001379012401053593,0.03785424533008745,0.002168068356839505,0.0036883557960219887,0.019065478416009436,0.004488126254796078,0.10431027963479438,0.00438945621566573,0.0,0.003698599411985896,-0.0020933325597595944,0.020758106454739328,0.003401714411148133,0.010055909963008612,-0.0027204046856398145,-0.0007689434983204167,0.007026906153829701,0.0016585175465421381,0.03240783733021745,0.05246190557319403,-0.00036305207953461435,21.22262515665195,0.1933708666157938,0.1388793004761496
7.277,0.017062794422528393,0.003584100161193971,0.021470169579122643,0.007145921525149837,0.02166797841114416,0.0011411372966652423,0.0035489554696840992,0.011248033628534894,0.0071654031978202245,0.06137437828557562,0.0022511338599883798,0.0,0.01774931665620877,0.003733982174763579,0.010100014707627449,0.00997537776821471,0.013560198871806445,0.0119318613016504,0.007066993007402794,0.0797488479200256,0.0021836212875947125,0.05269243221454976,0.02175839288066556,0.009527864243412345,19.376151346153634,0.058279957347582984,0.0902152043213458
7.779,0.020058017857355313,0.006030378587975437,0.01098082832678462,0.011301010731662153,0.016490263219884792,0.0011093815972197947,0.0009498155039662015,0.010115033298243694,0.03481452356552104,0.009785827569166631,0.00429608716495172,0.0,0.015287762270733436,0.009137336987478359,0.01500223137978398,0.012220379555330296,0.015129877601689075,0.025245020120481135,0.014028251231895671,0.07560216172113561,-6.011091785160944e-05,0.04167708388494909,9.763366271500887e-05,0.05401230456236505,1.8937551810948774,0.028200849406167756,0.02551724899174349
8.278,0.017071047815252708,0.003757643181383521,0.017033283950642453,0.007769825246814588,0.028198189717722557,8.357129477210777e-05,0.0017657962469366953,0.0049560515885674564,0.02018573977985919,0.0067169156775530895,0.0027416155263731124,0.0,0.019178108313915587,0.003881595185250408,0.00654342906309718,0.013179877512461647,0.015051705392160355,0.015316900272355901,0.00636207511089316,0.05045906703018513,0.002601804747468719,0.055331981757895485,0.041690157557518974,0.03724646032683555,7.855113377231934,0.006927519935950703,0.07932081948985546
8.781,0.02744210942737549,0.005123193131595932,0.016461411502906025,0.009038200341727549,-0.020680515845097808,0.0019364420695842052,0.004307504584916725,0.018023537494891738,0.009080948702580844,0.06547324931372056,0.0053735883187810835,0.0,0.011295676786720823,0.004928900626815828,0.01200813354014287,0.009391502307644862,0.01347422525512089,0.0195530236660397,0.008338848676795269,0.032585648451092436,0.0057595950057129615,0.07506391790403144,0.02040437956701194,0.0222955066498943,-0.07149399488032626,0.09531811311652112,0.09086756599365019
9.285,0.009554061604192815,-2.1642687936787228e-05,-2.9240406100342723e-05,0.0009961119569109407,0.01889723184324867,0.0010315943132641872,0.0034706421762701768,0.005328506078064372,0.001984367495796539,0.026050077396153854,0.002864551355229929,0.0,0.00828062661195897,-0.006958710942614269,-0.001365374940414824,-0.0006190894335234954,-0.0013006259426929733,0.006569673929009325,0.007818229502302211,0.0011974004895701092,0.005585443369354086,0.023772030722461743,0.003832396716388131,0.007329463247900095,1.6367067357749705,-0.0016544716500155297,0.05867774186294674
9.784,0.017446305306354333,2.06120412638406e-06,0.005638477769297773,0.004073373450926718,0.014202414005362592,0.0009782664825780602,0.0015962791267937083,0.0030649855099847043,0.005432418025392268,0.06285064725365766,0.0034693805460011547,0.0,0.010543314179543052,0.009824535210510526,0.016845324970030006,0.00519856236730757,-0.0013424603918824644,0.006653546580904892,0.004753894199553014,0.0003056093179018285,0.0035514934573739197,0.04382055906310266,0.017550199917101952,0.006994861130274684,10.914139935798397,0.11407571207674437,0.08235144486057414
10.285,0.01585568330919995,0.002892727900270499,-0.0008325039169851942,0.00222090602169932,0.05337002257505133,0.0,0.0013594119508178024,0.014512140161586036,0.006354825066588159,0.05921054434508552,-0.00039634432019359963,0.0,0.010127100395448996,0.0077524416844067775,0.005136318631295886,0.007410430062671996,0.00044585629883601215,0.006699809735285181,0.0006086921369129177,0.02262404979619742,-0.00021003846088323596,-0.0101142919323603,0.012907271837800197,0.034439833753159246,0.0,0.021244840482030024,0.10213969403799958
10.778,0.012124843854512934,0.005403626870556878,0.002058343776607556,0.003004653174735899,0.04413482575473861,0.0011814491005944711,0.000570942369683193,0.020843577920201275,0.019344790153904785,0.025625382996854174,0.001886337902236988,0.0,0.0052380875112987835,0.0036751758569034286,0.0049895451720165995,0.0053809638385572,0.008807060209820873,0.007208845398097381,0.0034554346727090784,0.03019240549447621,0.00016212107858268028,0.028954482949522006,0.018111346630526347,0.009645308504554077,8.43832100591381,0.005523743358736038,0.06340391004233042
11.278,0.00035763113231217713,0.0030539986367852812,0.008217223699606693,0.005923933335655657,0.07832696292871896,-2.5021687638505544e-05,0.0015290191060611386,0.013917082064332622,0.025959422302477886,0.06571240930225326,0.0005192480557917493,0.0,-0.002229532418391965,0.006365569173250952,-0.001541283864666905,0.005076187526292611,0.008783716072718916,0.016193804487862604,0.011657346071335487,0.03609769267820972,0.00424937637006624,0.10021111260105667,-0.012444733981705355,0.03108781855213968,2.4622267276552576,0.09988330827831447,0.06180802595820333
11.778,0.00791298964312965,0.006002137634074615,0.006852522265464011,0.008284646457835575,0.10020470078567473,0.0010564310155445173,-2.3240296241934884e-05,0.029725440782722674,0.0292403885212185,0.08982137496300174,0.0008802670834428316,0.0,0.011749827397350547,0.008407452259300481,0.007596878511721968,0.00945733994647182,0.011088437972768565,0.013535950583225502,0.011676353284509219,0.03392158962646402,0.0028325074243439204,0.05941685048396848,0.007250841818438718,0.04399700195737819,7.727079758082668,0.036980744249556,0.1269545304972363
12.278,0.006982714511234187,0.007699605728167062,0.013313402354038726,0.005151970560692881,0.08701436330592474,0.0018114993553131164,0.0026098214770017172,0.02673071553923593,0.015885378235322555,0.032217508635502885,0.0058902687741451245,0.0,0.0014684008522947573,0.00906449421926154,-0.004454491302811498,0.002033514272968115,0.004022540782103862,0.019214046305341615,0.009318646616314534,0.045463332778789306,0.007963677956880867,0.052735280258271865,-0.008177945514606322,0.025243984002710617,1.3789347916193353,0.08282032492857551,0.04955661405186368
12.778,0.0052607394491468095,0.0022970953572622062,0.01138001634624704,0.00614482109977533,0.0793946755281822,0.0017435619722597727,0.0018981122053541224,0.009036830960376939,0.013410309449120405,0.07878795743537534,0.004056490260066827,0.0,0.001252661416669982,0.009810010561423188,0.00856499903123881,0.004913728942349852,0.005468495106413764,0.014941434831443758,0.012409151625717946,0.037865213417232625,0.005001474746226627,0.06969715340180735,0.020208271769099232,0.026434283386170973,0.9900570892144496,0.11120540354616515,0.14069169050956437
13.287,0.013402481767092403,0.004327062122823366,0.005684123920049503,0.005834583513117097,0.05055956080910154,0.0018455096245276823,0.004506494561039161,0.008741066782629413,0.006792756480633787,-0.0033570610132831117,0.002561342843872365,0.0,0.006829886340295315,0.00851788838798839,0.01123272939065021,0.0004682411415627908,0.0040805552131872695,0.01432109642169841,0.012611655859420833,0.0318723114351016,6.011119580077504e-05,0.06255305061727458,0.013169201394366838,-0.0016390830271248477,6.725645424838047,-0.004719963381642331,0.02719475779204406
13.777,0.004390378472175076,-0.0013550218039186349,0.001669458074473571,-6.434396129305945e-05,0.1296063454117623,-0.0005181050579265653,0.00228342812397162,0.0033450336523802135,0.0010185444334819761,0.006154989380142398,0.0034885736339702574,0.0,0.009212130025233493,0.006318369340232235,0.006501318014976813,-0.0014477697066367333,0.005458169217445717,-0.002572611173275861,0.0038008220551000735,0.003630814920478545,0.0035718784985484696,0.018449500713226225,0.020173112320866753,0.012598626167074045,4.565248943065074,0.00147220007447821,-0.01791042022182575
14.277,0.006777341884774444,0.003584857222502916,0.003579388839760788,5.898133200328661e-05,0.06272304514509382,-0.0005412440493778961,-0.0005552498185253287,0.018419919808414915,0.00046159662269186974,0.008949858574449307,-0.0002336149850381671,0.0,-0.0007204724707184402,0.0038554806392808076,-0.0010944209620848432,0.003910777659739403,0.0007427145260276001,0.0028345424750775556,0.0009552942500532152,0.016115205508441536,0.001339468609904752,0.026639926104555334,0.014745552355938845,0.012912831626738116,3.23222412684995,0.02832133858430988,0.06779959801362143
14.778,0.0021954497146279475,0.0026715718266831093,0.006515168177003923,0.0010064627799587554,0.014502746833860955,0.0005065377467955922,0.001417291340679911,0.0009403786714924119,0.015376317826050367,-0.015595916948412426,-0.001762385372866189,0.0,0.012265494945826284,0.002581347515288246,0.005859466163321149,0.00574534226554098,0.00038695279120840904,0.0033648910747088186,-0.0014064543605917363,0.018428222114028555,0.0020686953475509825,0.03346028862137335,0.008861120249901948,0.024513915737504843,-4.410365385606909,-0.04806403790270454,0.02599529899370173
15.278,0.011104626476787801,0.0027683683162092326,0.0062661737523611516,0.004317889146116935,0.04119550319030664,0.0010635954713991659,0.004940268533277594,0.005801137411381989,0.0223654643549234,-0.0018528288508842328,0.0015359094753817212,0.0,0.019754403378924888,0.004634368061570353,0.01326942791346179,0.003955218529518874,0.007929314906540391,0.01145505222834221,0.006140229277688192,0.05243103512427219,0.0009780000262414803,0.04835083118998698,-1.5459090616534613e-05,0.042003495174546976,12.71011884270719,0.09201422665062461,-0.05612535026689873
15.779,0.00511771164023355,0.005997859750851565,0.012019878644558479,0.006536734103315394,0.010713336001510957,0.0036881415715409047,0.0022006136641474013,0.012937570209455462,0.029845727423995057,0.01962125561047169,0.004934510277835839,0.0,0.01727619831327239,0.012383311015528914,0.010043347049591488,0.0029034620976786125,0.002222768912441899,0.014964107560126713,0.007632630058660746,0.05613973392010993,0.010784802138398756,0.04045493293236873,0.020917860163044102,0.04983470055178153,2.503499847907484,0.000551620927317434,0.0509309522551149
16.28,0.006184151089384262,0.003843684337457711,0.015016579761747726,0.006539699427715246,0.004951226919151782,0.0029071592141747074,0.005224198185050294,-0.002832213625177242,0.007997567598197633,0.02603860383793752,0.0029876175094550542,0.0,0.013524466164705424,0.002308799926589494,0.006960184924255111,0.00895165500431408,0.008109935478759996,0.0178046838503924,0.011787257036367474,0.03716160808831213,0.003296177257437235,0.028964725258184304,0.03417517677838482,0.05655048433884551,7.782744501843372,0.06023883128804215,0.08409579815383904
16.78,0.002659189092195444,-0.0010993177272675934,0.0054735302287690695,-0.0001921760761406519,-0.03921654165109439,0.001949714980083881,0.00289907194970856,0.005515964014154775,-0.01098626509515836,0.05374757020307307,0.003531499384209914,0.0,0.0017100614679826027,0.001524668772193686,0.0025444552104862163,0.004388046299712075,0.011669338483541642,0.0027742126320139146,0.0013912018322031967,-0.009440268674923473,0.0013165656046779607,0.009725309140332082,0.04213668064620357,-0.004776888453108748,2.932949103317817,0.1357923296748944,0.04213803904834401
17.278,0.00802141292482309,0.0035666400165920375,0.00910808581016837,0.0003392828630194257,0.01848183604939336,0.00311218253323242,0.008647946269005804,0.01657303985183813,0.01241585657213386,0.06037138461586338,0.0050087156834340675,0.0,0.001950234590208477,0.0033306095484320498,0.0007194637706132052,0.006309446322499449,0.009470686506648267,0.00043498597956862645,0.0037051694424708372,-0.004389310688857549,-0.0026023477418002606,0.023329444329268523,0.03547482946960425,0.024987713357958796,7.9692189218363,0.13571686029741914,0.053188888604012025
17.778,0.012418043313080976,0.004412182249301161,0.00025256943841587344,0.001816297952685551,0.030526718455532793,0.003668458199443146,0.002925710127449284,0.01282198288562293,0.010711762020655503,-0.02210080740665926,0.005829964566417012,0.0,0.013077521029247684,0.002524067491610171,0.006922265758768805,0.01216188804241896,0.005950927869468677,0.002348774512681578,0.0006187739037192608,0.024908660812835968,0.0023652143374747283,0.015325889273939299,0.013794927258119448,0.026169584751436454,0.2731566748281877,0.02470058376924726,-0.001132740689210958
18.277,0.009780998101306592,0.010495994860931447,0.012084162379063717,0.005844429517894841,0.03553026942021501,0.0048546088128631785,0.004398635197085476,0.013197353210116787,0.02280504646987842,0.03871832348852768,0.003998888476627692,0.0,0.01762258657122668,0.009746065259391161,0.006028894679846832,0.0086464489417517,0.009521552831104407,0.009805776718746943,0.01213010790145245,0.04226996816836288,0.008769076371160664,0.0655877801818507,0.009946824341669292,0.021749019542227306,8.481172155288018,0.05793607742476792,0.0925858058953831
18.777,-0.001605587814329091,0.006204175334872372,0.004213327073127418,0.0040659961851103625,0.007820063381812107,0.00229700776905405,0.00022071553861335638,0.01499917319462757,0.019960442617384822,0.03439930285670366,-0.00020626401883113677,0.0,0.01034486680258831,0.011132220552089553,0.0034517720367496555,0.0018956104476025052,0.005214573335441725,0.012801534253529617,0.008267577513899555,0.04974308695586469,0.0035837797129553216,0.06866538574479611,-0.01227397755252602,0.01133818286787363,3.0649278786730627,0.09127246098003813,0.03189283022879797
19.278,0.0036237485831382373,0.007908797421675346,0.009112027957403368,0.009356471968443072,0.03205717328112988,0.002721361582857842,0.00518268087479973,-0.0034330947304412373,0.02140822884745783,0.06266581212938742,0.0012913816257539114,0.0,0.020684542875634978,0.002195335359865986,0.007982598744647698,0.01517939985000024,0.0034728637832914695,0.01821834329075257,0.018081010028045543,0.05253244346528675,0.004314628251118599,0.0396576520323394,0.0036327768257887628,0.031364230689163365,5.681708475117632,0.09715161890170737,0.06665019787629162
19.778,0.01154593081998879,0.008546834164040352,0.005125982020590433,0.006849515724183736,0.04861242640846154,0.003839572978223734,0.006443567798282304,0.020486259025488996,0.004098814657831885,0.07594536333328866,0.004658258054953858,0.0,0.014792530099029757,0.007059812580498731,0.014897756094152623,0.009749339020464761,0.008960760709267287,0.012908525585575484,0.010111769985926531,0.029741102429988342,0.007913060362582089,0.031533197983920416,0.01887090440677294,0.012832679260376149,0.8729905614229149,0.01722890753152,0.12273520361478757
20.278,0.008369759525930732,0.006055435590652317,0.006521547291287746,0.003546536338758239,0.05904855886223004,0.003979982393265686,0.0010811556480419709,0.03378157392879358,0.004600739681129687,0.02417773770690307,0.004265505052731399,0.0,0.011885948287214437,0.0072836319305504505,0.006453302091819243,0.005009507735526094,0.0043805925586907005,0.005289726433517063,0.006954488245045963,0.021254385324275607,0.008210345596065744,0.05929691178534123,0.01117863178690744,0.022290672186657246,-0.14132342852242913,0.039127107418392176,0.02944513150114261
20.778,0.003655373923897129,0.002337602343113358,-0.004074573864588969,-0.001486566928528996,0.05055958545597813,0.001759304325993643,0.0024465087700300805,0.01737753655641243,0.0008706544355274879,0.0005787409389241454,0.004147148942457079,0.0,0.002765523427373233,0.000943339982464565,0.011070767206382623,0.00013708410046366266,-0.0030417823145059506,-0.00033214599149129114,0.001187574508988846,-0.008499160772446232,0.0011899220912036323,-0.008997507976952453,0.01233279677054649,0.009308551124484404,1.8175233054356315,-0.03695284546507379,0.020145941391320116
21.288,0.005672084073112999,0.005676620881954451,0.0032190341513861267,0.0013342457674299505,-0.0047373781455259945,0.0029372685339057697,0.0016233807027060995,0.011610136055800264,-0.0009428908044432521,0.018351434847582487,0.004091661042778891,0.0,-0.00029115625152196926,0.009551953435158899,0.011826933290439164,0.003381228168421891,0.00945704846159736,0.00011625495838382208,0.003770953161393293,0.04415364913439254,0.006388690881442475,-0.022553694095880775,0.023253346840825737,-0.0018362312319183073,3.271786397065337,0.029803914078677884,-0.011742727341993428
21.778,0.007068872866585301,0.008488418071512073,0.009630977233623607,0.006395771087501242,0.023002241492869904,0.0028435282989819235,0.0016306147909085824,0.009056184836765383,0.017087226871432035,0.060545046408471546,0.0005114145575768786,0.0,0.0051996315773485575,0.01145079609190036,0.015519761366549796,0.004150816690297678,0.011501847070944446,0.011359062872835744,0.0071222329719488955,0.03503783597990445,0.006040742006163468,0.06265343903197172,0.00853692948189631,0.022941173539879643,1.6665172070977072,0.08835942756904958,0.05563742892660727
22.278,0.017437945199121896,0.00740565932950799,0.013792256971077794,0.007072097581929121,0.03932198338503862,0.004804963518629048,0.0057153218460679915,0.013973070697713466,0.024414697427818557,0.09191878098764714,0.004573372603730594,0.0,0.015961781800789977,0.01245498064932587,0.004833981348349658,0.008268449595007811,0.01693054436809847,0.013296676963048015,0.0038074291133315258,0.05399900809222128,0.008796285018501344,0.08069850107333294,0.019729666098417746,0.057432977170189234,2.1704386391979162,0.10706338142251731,0.10285703931868125
22.787,0.008178973363840021,0.0073580955550796336,0.009131821933842127,0.00877344165023471,0.017434054264348946,0.0031384377942546204,0.00218486318821466,-0.001707369437729685,0.00916795607525173,0.036865827401569774,0.0006128651305271012,0.0,0.016631710185414962,0.007849624363017444,0.009411532971482445,0.01031230755825352,0.01983828664829763,0.015115891262128707,0.00789377933172738,0.0518034328255123,0.0012071375801279152,0.050184009474374756,0.0013047732440908551,0.02437775984925588,3.2927946499580556,0.08493487629015029,0.04870845354414321
23.278,0.0059120193923755315,0.00909873985976648,0.01769244022958322,0.00681778633340386,0.07352408644562555,0.0028962807686123146,0.008176023013000583,0.011039072783919303,0.02059519766476935,0.06943084585891193,0.005244663663722295,0.0,0.01439060688504287,0.0006834330595006828,0.004402904188780318,0.007847750817326712,0.017217595668603317,0.01760053977125473,0.0064766036834897275,0.049836944557791474,0.007048851789503304,0.05689887307868052,0.02385668026969688,0.010106327358522954,0.023646580674907717,0.11590796520485867,0.05218877732367455
23.778,-0.0008908705611046132,0.002242286617267996,-0.000835272784752001,-0.0009686645472841251,0.016837666967652338,0.0002957830520545953,0.0007185416059474,0.00741505640692083,-0.01628171575170208,0.07040316755134873,0.0008105976991376127,0.0,0.004025878204243151,-0.0011247402399979308,0.004390496635592426,0.0068783892908432145,0.008031935742295783,0.0012629957620428952,-0.0006033545503143666,0.017611190025586573,0.0039220918069407746,-0.0019280077882911349,0.012632432904115498,0.016312511737264238,2.6866977553078657,0.21272476128898102,0.011294679237571485
24.278,-0.001063674659231386,-0.0003576007939563609,0.0009803518387531676,-0.005113122588907195,0.03723117471421035,0.0024912749387081177,0.0029181460688520178,0.0047938156891550385,-0.0012118572555315972,0.05639822498006538,0.0018372605994316964,0.0,0.0053678106712661405,-0.004163413483535704,0.008345501072050692,0.0035570011413390517,0.009769503755415644,-0.006192341263888033,-0.009387749709664286,-0.004285451145193583,0.001288533983096506,0.0025340060233219382,0.035723328836116564,0.02574374921351052,1.4969083877523315,0.1410099755116485,0.04043288605959219
24.778,0.007814439745232311,0.006369466582636887,0.011036775783077575,0.000565564628648977,0.052275381422895076,0.0033661779966379065,0.0009109265643057805,-0.003976076811131894,0.013486591821056512,0.13537935099587953,0.0037321356733655037,0.0,0.01110528790620592,-0.005131323247364557,-0.0012073615889936905,0.010808573226075986,0.010275218850068088,0.003994154075680271,0.001914151323225355,0.04113882569941694,0.002669653045089442,0.0780914620423842,0.010863943713827566,0.04735893332833283,2.6618776655145053,0.30605425877770676,0.08140619105645577
25.278,0.008007096647139375,0.006073288137864699,0.016094270436626652,0.00685039290132793,0.10574942558325613,0.0015192926312280139,0.003477440616552343,0.008229126447062396,0.018639275449261646,0.18632408444867457,0.003506805916026807,0.0,0.02069383914446235,0.0024922596557405982,0.006045185454958809,0.010000429900278543,0.010270309448830188,0.012487519662605431,0.01122895381002638,0.052644334179298743,-0.0021544367185125845,0.08269308955947273,0.004973112727071085,0.06025415011426885,2.5396303458057257,0.2809573383162287,0.18734799345150163
25.778,0.00021439887941464118,0.0053765491940000925,0.01223196791258496,0.004728416049901294,0.049512488079913694,0.00013941258426516278,-0.0012049113878553849,0.012912914295552289,0.026443604211430365,0.09306944644657222,0.0001472668485938243,0.0,0.006632823335007976,0.00786013584766414,0.0005538987505767449,0.0028549178167925553,0.0015375525299439214,0.018623398889385082,0.009159739415060738,0.05617945327838376,0.005417274995400271,0.03465706435168134,0.034306601581963546,0.005007664547051183,3.099326140737071,0.10104512487024174,0.1056027269838017
26.278,0.01436940171906262,0.006116453357631102,0.012746802107912915,0.005944304252628341,0.15191870456494266,0.001536035776557393,0.0067631381041873585,0.01806677975120043,0.027675019461623217,0.052101735918909015,0.002821733589172547,0.0,0.015403107769387416,0.008909897548949084,0.006140813309977173,-0.004050169522251402,0.008448119435985075,0.014127945333768812,0.010982055580487622,0.03109807824749987,0.0033543653511304114,0.06756172450538019,0.04513854066644456,0.054114531638726385,3.3582194538169716,0.05641960578221134,0.06710140314470522
26.785,0.008336457476691489,0.002040436232021838,0.01769518348072098,0.005705550896303367,0.08367937429913307,0.0023125516681754246,0.0006503693831400371,-0.0018288127820593341,0.011809053380199129,-0.04757208909662722,0.00032953610115078443,0.0,0.01483761907301077,0.011255220520263237,0.001439131624596852,0.003219932853662145,0.007002913425760558,0.018770516401420745,0.01250032138756308,0.031075715782840387,0.005448095140547439,0.07996173807218529,0.03294476177032091,0.03651128242085413,1.7973219725415235,-0.011111335827687053,-0.039793226791334915
27.278,0.0105218424206704,8.940019848909023e-05,0.007791935851859109,0.0033586841445219064,0.05847473444731161,0.002120135561744235,0.0008434197752346114,0.021353190102321524,0.001428114146868698,0.030516748571967404,0.0036521014696002012,0.0,0.007044155517837308,0.00330182280065867,0.02089468116039561,0.009787886618549678,0.0034093504970356767,0.010422152262996311,0.0029894500813572047,0.009011642094012109,0.003323598410873414,0.004732558513119387,0.022246766524213608,-0.003593952818798976,1.9154699417731471,0.08002210979487552,0.020565673302650835
27.778,0.014519688213452562,0.0037579769131062413,0.0010099375844644454,0.001417663265289036,0.03459537877891089,0.003413769458998053,0.005621726006451537,0.029688214591722467,0.0031703309787102234,0.02513609587634351,0.004834805289164216,0.0,0.0032585920041198566,0.0035608160663233622,0.010296677971532367,0.008365774765887816,-0.002786202251382054,0.006844805174111536,0.002275628188191895,0.0014987761518415164,0.003784786126404176,0.034668640862046164,0.011327964024339375,-0.008111631539319238,3.4437307246228315,0.05514255589722398,0.04462224630517699
28.277,0.008276854676283925,0.003934726005569379,0.00808122098234551,0.002267110458609333,0.0961114325467867,0.002768458498316569,0.004684187581523174,0.02933142657140716,0.01415719413897993,0.059254042571676914,0.004212668634776452,0.0,0.0005132380138916386,0.009747135137945128,0.0061775273969789995,-0.0008017732674505786,0.004240372817849023,0.010623156011655711,0.0038991940210531912,0.009157938603404591,0.0024348778089486843,0.03485634040991836,0.03275692187243798,0.01728201240018823,1.4686579639118011,0.08695896192820057,0.0796530055460884
28.78,0.005954189490830741,0.0021095623461360145,0.006568225745939044,0.0023974084917694556,0.11915706920476933,0.002185205807344301,0.0002616503710682079,0.034464537097675385,0.008369364924431414,0.1238749337354884,0.006184345879100141,0.0,-0.0006299314435231044,0.012546852012689194,0.012884387386305905,0.00031360484773996925,-0.0019497564081218937,0.003866370637929385,0.005321959096395963,0.024879387981943498,-0.002764710386216106,0.020916637200859546,0.010722560140090018,0.019307245902815493,0.7627424289911762,0.16253378343469177,0.1435300424504549
29.282,0.00037264961258857775,0.0037954535859696867,0.0002478478014343432,0.002631559604137056,0.02144599125111081,0.0012663228766183728,0.0036482261137649723,0.022982702013737994,0.018282384953791316,0.029580131935009444,0.0016839982716557848,0.0,-0.0019781479115166226,0.0060380083898455466,0.008291628167974727,0.0013986500324911198,0.0017279866436910303,0.010091259880103497,0.003673337247441246,0.009877483552173352,0.0013468566249143301,0.010427128848343833,0.0038347060418015906,0.0044853750133216535,1.6563648421468802,0.11058557742078466,0.02621568513194785
29.783,-0.0007719021638766232,0.004255181473342301,-0.0036359484859469432,0.00360497955373725,0.03755949607697212,0.0003817050610704504,-0.00010984148800370007,0.017046973869898705,0.01634340533936862,0.07533800078950222,0.002266563805441304,0.0,0.002995368249819838,0.005687286457720688,0.005265605895082272,0.006363116516839747,0.0030870652903838276,0.007700627389952248,0.0043625207534161705,0.008664836075591136,0.0014748118627537186,-0.01661790238744423,0.018213461881231238,0.03732957132405682,1.895559109200217,0.2180324495299027,0.05609467946076956
30.285,0.002497437270610228,0.005166586273500346,0.015121530285005841,0.00625157241699664,0.026088579984342837,0.0029437268975015915,0.0016524864136088894,0.030386913321009602,0.04414630494017911,0.12352937292383105,0.00016520904582908237,0.0,0.02755771387748124,0.009486568568283262,0.008281223577377697,0.004268200276115245,0.0030380228495114764,0.014918229297373284,0.004383135182234383,0.05307421907215181,0.004944729405981691,0.052765240824399394,0.0035564613693375726,0.10197964474770634,2.023824744099379,0.20397530920776122,0.1263961110620429
30.779,0.0025209457195077174,0.005651873802318637,0.012873313293228883,0.007045297886607614,0.02111861595262306,0.0006694715572974297,0.0037207773490435573,0.040264931722842,0.047113270055001995,0.11922206690618924,-0.001094418839228362,0.0,0.029290603294020813,0.021892110394573092,-0.0014247507626114811,0.007080380485544412,0.002345168700822033,0.010631803725166271,0.007062502907050752,0.04222380470604416,0.008313764004292507,0.04963041001832637,0.012253000584833192,0.08408700010594361,1.4277620163099891,0.18254581760584812,0.13415680530875512
31.278,0.0017560900177552075,0.0030824426261438173,0.01868147933602934,0.005006031353992656,-0.033382921357340944,0.0011857137426656357,0.0011684526953689434,0.02165314221258754,0.03644067496415773,0.06981091703114696,0.0036402071204843073,0.0,0.01677594070542397,0.010235882109486408,0.009002137993153064,0.004810631763254742,0.0007562518719540944,0.008262303178674773,0.007648568735215527,0.048566657271954805,0.008789971630882406,0.07394216528645393,0.022704797643790364,0.050380623756766794,0.09692984318501827,0.09952130020701801,0.0975691396485965
31.778,0.006437551107025543,0.0005521088802928811,0.009013054424051033,0.003625519573211837,0.05841499630353217,0.0005173927189683207,0.0026351721821424425,0.022470724778063982,0.025408949429653886,0.1335811373758706,0.0009568071296215138,0.0,0.010861926711125482,0.01428149035464412,0.011282264212143745,0.00893344367665579,-0.0021602528640767755,0.004281536411892786,0.0058383683106661526,0.012699108588257478,0.005004517047605826,0.035382742544712575,0.03191308528946494,0.059412054606455995,0.891394297929542,0.307579389436034,0.1139035662523685
32.279,0.00482899910989546,0.002475690996315631,0.004172997755066733,0.004383597518523301,0.027146020311740363,0.0004940168021371406,0.0015596812296574379,0.028415760626979057,0.025702387245915854,0.03219651623984748,0.0019245751100447326,0.0,0.015019548480962073,0.016162241934777458,0.014044494689944596,0.007595393302720858,0.007240781212699613,0.0027270844855130975,0.006917771927705012,-0.002818718348609755,0.0025350362365343234,0.03127284633499819,0.021460158946585435,0.1194533197525485,23.64060892711776,0.147910746907555,0.015787052014507797
32.778,-0.0019785489467726465,0.002290506790703135,0.007990375402213496,0.0025232799117720084,0.0018423137232602444,0.0010475416028875302,0.002054813797712744,0.017459684284557905,0.021236207798286853,0.12404329108198842,0.0017032338032094431,0.0,0.020943896400484923,-0.00039168647802786683,0.014703851391934546,0.01018615321064391,0.004426285437918282,0.0020501202552565085,-0.0019032883594075013,0.025550691840501783,0.0020933623843707606,0.010500484831440301,0.012323076165124626,0.07582851462718607,1.005662098508012,0.185158617352759,0.14532669369683715
33.277,0.006616303160131647,0.006595842430224809,0.022274508417402774,0.007546218166936023,0.023174278190821088,0.002325089091283103,0.0035316061524471075,0.005476010050703083,0.025055645221916577,0.07566056236639584,0.003404893816976008,0.0,0.029892737712626554,0.0068971416809733704,0.015375090568237151,0.009389226487711039,0.01384209788607567,0.009890602352254248,0.003424018174016308,0.05718076362315906,0.005358584905741203,0.08468760610966226,0.045045590749536756,0.0894998864831148,2.1180353042968263,0.06712225763454614,0.0962341095563677
33.778,0.005010033583124899,0.0069349668510568065,0.017119072409883987,0.007033944705949662,0.05547021810942143,0.0012823259918971087,0.0007761841570015663,0.013839015088853133,0.04675107389342123,0.15498345958992338,0.002656789193118603,0.0,0.03623138057463646,0.007598195250542557,-0.0005851257032692095,0.010897977963650815,0.0019320823405923674,0.016286174793750198,0.005153262970835603,0.07547590642873321,0.0029839486856499367,0.07487854848903876,0.0009431515416496719,0.08027697968592055,3.586599704564713,0.20448667172442403,0.1521743382260839
34.278,0.012681590713225766,0.004316730732372667,0.028294938006506103,0.007705307222305528,0.04938368043996048,0.0017990770004475015,0.002387637076258201,0.018886140921740655,0.039242440285036054,0.10690628298156972,0.0017225581786867704,0.0,0.03402236799373656,0.005924305518632931,0.006488314891053985,0.00935475856819111,0.0059443619741774935,0.01386443938761939,0.010336369597854899,0.044580521890996164,0.0062922654938709615,0.08627896395479202,0.03981081506324772,0.0747455881185621,-0.8130679769958412,0.13908132889529498,0.11074441891056055
34.777,0.003158955418043802,-0.0011798223671449415,0.008994554024077098,0.003029826580056567,-0.011245510927370505,3.967392132574611e-05,0.0021599439815758155,0.028959524294379313,0.022166638502684768,0.029052476202104615,0.0009920857612096981,0.0,0.018714689283534907,0.0023240715873947084,0.005142195213375086,0.011405752957845993,0.00705578042679881,0.006760178100198811,0.004347178029570994,0.026639750224629187,0.005431615387719531,0.041282099404112337,0.014769377358764608,0.061424319595638835,-0.6823716121459322,0.02003523112103677,0.04214221361605687
35.288,0.017176802818460186,0.000758837274425341,0.01162410302135616,0.002232756805110321,0.018365982781125754,0.0012541019711248284,-0.0016172226949886875,0.0028148838680200528,0.013401922922797503,0.05515864941090316,0.0020638038038861715,0.0,0.008077525349183904,0.0024612334059663427,0.007672866757079534,0.002628764624167682,0.0053636742051785865,0.007987979365031232,0.0031765212868344168,0.02560901418412076,0.0008623170714564137,0.04740279065724751,0.032252042890433166,0.026059493891020042,2.044381840365646,0.058331996422430525,0.06441363501714278
35.778,0.01274930449664518,0.0016723286525187175,0.0007559919523209796,-7.594773884634497e-05,0.04621262260404265,0.0005616068352844848,0.0024177501904079747,0.023793261930861842,0.001265980128487641,0.029391875354391053,0.0025980324112358675,0.0,0.0162566643943283,0.008595510711010976,0.003163229352944063,0.004320562760690469,-0.0022904453669997933,7.647359222766606e-05,0.003444786439414794,0.013376068256599464,0.003274752012058214,0.013491313695049344,7.532174897931496e-05,0.030386497208551057,2.0932016857099236,0.038091799451334965,0.0322375407081333
36.278,0.017906940242248755,0.0005678499405611856,0.014642369440091093,0.0007645898945397655,0.04248222807940656,0.00031930104972853105,0.0019336229045816688,0.010923593737094535,0.02439738373970438,0.06199075500661557,0.001271702164240652,0.0,0.020980793295121463,0.0025877061667520045,0.001196889397603854,0.004511303347493242,0.003639476452248679,0.0019045537735233329,0.004791006834602064,0.034460326943595514,0.0013675236036619772,0.02846582105183903,0.026064614336912862,-0.01499059529790339,-0.043046817193413814,0.11491206492205756,0.02709716621985312
36.778,0.006243038525566023,0.002252642481620679,0.003810213878654814,0.0001261326292445343,0.031144573356579035,-0.001298064476632696,0.0017959067751359054,0.017231523319567812,0.007847570692173404,0.0656933366317631,-0.0002850738906874343,0.0,0.014360134849087157,0.003870555199792885,0.00032805920158739935,0.007378128452217037,0.0007178175114574399,-0.0010076102102720098,0.004662670234729077,0.006857093138434351,6.749305114210436e-05,0.015445415561011078,0.005052982251638163,0.022185139056165325,1.1719777473553121,0.17771124582216136,0.029334056873143634
37.277,0.00923302443232012,0.004320234027900665,0.013575707347260992,0.007043658006621413,0.04772087072732579,-0.00010201865483760328,0.0056203470892813604,0.013001084253315547,0.02868225089995202,0.09415135069908157,0.0003356019238799343,0.0,0.03102251543490524,0.007335705688169002,0.0009750055889304591,0.005092623915940895,0.009876130361965692,0.01452590660492548,0.013023535310432965,0.05037500480869593,0.006572637865505605,0.07300791616190383,0.012115084758728488,0.014885352068552446,1.6518611851577107,0.12623520194381077,0.0974844014905774
37.777,0.0037563033667145215,0.0006262563825560171,0.004767468388113846,0.0031730614631454435,-0.005134670834666464,-0.0006480491063359764,-0.0006115981804309145,0.0024460624155929105,0.01442136657327785,0.10455464232156414,-0.0013221030176787968,0.0,0.007624892771635557,0.009148692806973531,0.0015951230259247625,-0.0011016300659885884,0.003222728493839173,0.016657737106193858,0.007878798686366225,0.01838523338024779,0.005799028438308454,0.078511215179026,0.005452195559029794,0.02934984025382586,2.6880149373962654,0.12226017124265347,0.1490696649892542
38.287,0.007779998416599397,0.005172417373454164,0.004721495303806336,0.004631704816184633,0.052858024304253105,0.0008391286065435408,0.0005985994283963137,0.013511927625575466,0.021533945228120598,0.1525970776091026,0.002011667729219294,0.0,9.815920472380234e-05,0.01376225189780118,0.001340830012057309,-0.0014846135546622578,0.0042852031529529745,0.014422828694365194,0.015820809587157314,0.042094643143341576,0.0033740099965914464,0.048950426736000835,0.012664599325483474,0.03527405137972256,1.4815414059622958,0.14330361549470225,0.18877627371870864
38.778,0.017326356407731475,0.000702188774120281,-0.0032799378510430014,0.0022816135174447464,0.053503345072629376,-0.0004989574947283651,0.004977391926428326,0.017886462160120374,-2.6486262065158243e-05,0.002340885627545859,0.0011302639429915406,0.0,0.0181851979740168,0.010754219024548482,0.00287542727202819,-0.0017236931618699522,0.00184883447120209,0.003435825256072164,0.006280957848656144,0.010524615181362797,0.003486315264841133,0.029582006144958473,-0.01704675987796265,0.03615619010396585,2.759175873363971,-0.05220351634413307,0.04601345954475554
39.278,0.0035090899880447007,-0.0019261900980884472,0.00219717828219862,-0.005044934137441726,0.01414620248873586,-0.0012581855985784947,0.004884734726943481,0.015387839888937252,-0.005897335435500864,0.0712954305724143,0.0013648001077783032,0.0,-0.0034865213408657087,-0.004385602505345157,0.0023851657698913784,0.0005786560812871207,0.007516647012771414,-0.007693662880819661,-0.0026843075773130584,0.003881401832935629,-0.003848816972576474,-0.008331212999637091,0.022569452656187254,0.007974010037738639,0.062328379890944155,0.11139646030163836,0.033172344149941
39.779,0.022960127822138885,0.004191938107626395,0.013597789298507093,-6.338590187020911e-06,0.05918661984171794,0.001608899183174873,0.0032054798198504486,0.01377256267170659,0.015560248834352598,0.07043209826330596,0.0022175747799338353,0.0,0.00993665310447607,2.371278877106039e-05,0.010492835472403518,0.00462142400935015,0.010613639377503958,0.0017977388699022326,-0.0019673487969074253,0.03263792389008221,0.006680485561002255,0.09213721855430618,0.009426842932735026,0.055278698924287384,4.48479302884106,0.14027634989487905,0.0922943093353846
40.278,0.012629117517248914,0.00293458087584798,0.0052695581842077815,0.0029337663954955174,0.041730361930590765,0.0011230894078245346,-0.0021891221025530615,0.00791575905761062,0.027924790316967783,-0.009363542510183197,0.0033727030534424977,0.0,0.026388988527607633,0.0014513399087207756,0.0024684854330195385,0.00022269495752912463,0.011334182573393404,0.008269460304377871,0.008160698635133995,0.05356905477986797,0.0027088882359476625,0.044372856366469864,-0.0003012869959169288,0.08086039195264882,2.7023834905992694,-0.007762631065675942,0.004317149094640557
40.777,0.009891838623046644,0.006271815563336867,0.00679904387248311,0.009766983557421451,0.05305838239188573,0.0038269060358117786,0.003947051904500922,-0.0018913839052298244,0.02558545911672892,0.04861685324873006,0.0046651291963489515,0.0,0.019336378898743754,0.007254597282824842,0.004043919268426535,0.012593546330512743,0.012603864799570132,0.019116307594440492,0.011549775784023652,0.06936224478040394,0.006723738521136238,0.05156879480478162,-0.01407541599772535,0.009741631584209208,3.313302022002275,0.057675584654890755,0.03440409196082807
41.279,0.012275396541690135,0.0034357874307624184,0.006189225199375722,0.007054690000713345,0.06903948736839745,0.004406183924796302,0.004890858504275069,0.020950261554526523,0.02774026563926028,0.031204170512963703,0.0012265779729815633,0.0,0.02234204228953121,0.00841805777414793,0.0006947141832221693,0.010664388065167053,0.01202061536973273,0.02030663237506935,0.010655039571595434,0.030381338709396258,0.01058517545315493,0.01935729347663029,0.024272438175442983,0.044641206926453306,1.6593226776106111,0.06366666995803963,0.015945178419562958
41.778,0.014440486225244945,0.0019810527095500954,0.011711151261649216,0.0008543397369335065,-0.0006215417429921796,0.0018151964120219329,0.0060946499991461735,0.0054401997586265415,0.00895173452750964,0.05823578675647741,-0.0010048626941751946,0.0,0.01189079506207213,-0.001139506515399896,0.004955743027595788,0.00619895251121225,0.02066555228157969,0.003831482844759981,0.0028554636912706583,0.003764576607683238,-0.0005256705860641442,0.014640881506954624,0.06048929511401502,0.037978692161496234,1.5480991386117549,0.1660634908311505,0.03860100988132439
42.278,0.01605112369388064,0.0031415824979847146,0.005365078472908583,0.0008061567784684959,0.0611956748857006,0.0033666982399778575,0.0005313200180596789,0.01954425018073759,0.004208529065023981,0.04375387533942503,0.003052008557266032,0.0,0.012919612809345313,0.0019539654815274596,0.012636338644776385,0.007804426290809587,0.012731538949600985,-0.0011135297181532095,0.00443163521487108,0.021577290535659346,0.0014384272706029603,0.0328763018225684,0.03917700016375636,0.01766842596057302,2.793488067208334,0.05328957156476991,0.08193971584837728
42.777,0.020288880287124268,0.004664883885874416,0.012228173747673491,0.002835099698349307,0.07706521905236897,0.0033598303862058293,0.004274507500318796,0.031018022597587982,0.0038296778841626538,0.09869635130787197,0.005451007808628293,0.0,0.012361005221722914,0.006935102090384534,0.011799464359133127,0.007987279886523271,0.009411347915170131,0.005668118295666208,0.0044249058967578666,0.005435749524773282,0.004372903763560175,0.05481643812712641,0.023904720648705646,0.020589879043176208,1.9003289558768743,0.0537372131669444,0.09168074836577038
43.278,0.016230354207058144,0.004238274368649838,0.010296260515883384,0.004804314846757782,0.09763263354937098,0.0023801949800281953,0.00263309414647848,0.025387947371592286,0.01792241613524683,0.032697821024554354,0.002057189560006264,0.0,0.020312213675874567,0.005463085161111497,0.0068045713517959575,0.009084983167898473,0.0042612167356441905,0.011038529740536682,0.005271131795689104,0.035313522766463094,0.00018399437716565818,0.0024478534508762047,0.008791346823737006,0.03752821653585653,1.5274436768185928,0.15330035460753758,-0.0007623510395846429
43.777,0.014739370277099107,0.006241309619944621,0.00887890068547188,0.005622368675309427,0.1117436296617812,0.003247698934722331,0.0015534474787099652,0.029129682491356685,0.026565654113421735,0.08824956572777692,0.004664145913611749,0.0,0.0153882075167983,0.0159810485013289,0.009726512408355138,0.008791675493108901,0.001236751456179189,0.012477241420694443,0.010351991289920348,0.04686247988565862,0.0033833356943951515,0.03712185707385405,-0.007660080428836951,0.045112119161295955,1.2888106238030645,0.09135512341107542,0.09007369840291399
44.278,0.01744819615759339,0.009053740709673994,0.013099251949220994,0.010106127127967969,0.08732981920114005,0.0040909601797416515,0.004619282995100102,0.02527426783473984,0.02349825838470659,0.07201473523545447,0.004679685229933028,0.0,0.022495640282691645,0.013940129891442318,0.011199522360084004,0.017520472107734754,0.013481018910057494,0.013450392178186355,0.010903101164739089,0.04547282636197201,0.008943527390413947,0.0348262292428148,0.00785734824894878,0.09379925575066075,1.753696038042164,0.13770526742324044,0.04724768800512483
44.778,0.013965497939826462,0.0030728057086807908,0.012876956440179093,0.004376669822551572,0.08386411663551784,0.003280318977214141,0.0011603812258045385,0.03287346261945877,0.015200327699256834,0.07864635733403913,0.0028387031537196543,0.0,0.01239284862040806,0.007123657976751576,0.0039163154682751115,0.007986463028181828,0.00731093364551327,0.0115386291067554,0.010014041289341734,0.04151274580112166,0.005197205574379106,0.04087932125687512,0.013335912397938667,0.005824596072556697,4.0750039210136935,0.1404516955528072,0.06406285816929842
45.279,0.01165818920864565,0.002739361831468912,0.0002731800167758898,0.0007782208886629178,0.07159143696393451,0.0017100635995171863,0.00042036295154820733,0.01949128735989312,0.008347537585734133,0.020472188922753657,0.004215365842716321,0.0,-0.0037914176714967706,0.002652443278386717,0.006550833728858879,0.004707170301262305,0.0017103262665043065,0.008869004045497612,0.006553964547639646,0.00010959012456195145,0.009900570843848246,0.004555664406856714,0.018557857668345668,0.048828064325190705,0.8257416491699745,0.024388260980821835,0.020553861819072778
45.778,0.0213945161500579,0.0041686501621816365,0.017179689571780073,0.0028960287307300274,0.06435906869352735,0.003999058813142219,0.0041963839396617275,0.03383663101878735,0.0018975884964034843,0.046887291408617006,0.006518351974233754,0.0,0.01405556848846417,0.0027778583135833457,0.0183565467127148,0.012032215241840945,0.010827401100089042,0.0001465211699474361,0.0034397234208096033,0.018850535000917802,0.0036416199443268433,0.02522195123781038,0.0648349665943456,0.0025671989512479924,0.8279537546528977,0.12649976891929124,0.0029227839722767556
46.286,0.008445888977372829,0.0038234046831269208,0.013189729387334448,4.65830814846364e-06,0.09990533943374023,0.003515034014198431,0.002277864803119829,0.013569981689692019,0.004199228880191881,0.02497747715053902,0.00367746718066528,0.0,0.002622539781471078,0.0032780890953655376,0.017468186047967193,0.005469717512337186,0.006623126970570489,0.0027163355703400164,-0.0008255694951131455,0.03971246012953122,0.0012123727813777975,0.001719377367389255,0.039638502287056426,0.012683066043540223,1.21067178003659,0.013045427662504279,-0.009991887689488369
46.778,0.013938743039373567,0.0078036632357310984,0.01973823919392365,0.006229149910753898,0.059041489005285545,0.004162448263303159,0.0019269844025798645,0.024565637082677595,0.014395347451211587,0.0397149498008943,0.002753644144738722,0.0,0.01536340698361584,0.00951046477245976,0.0029191655132568936,0.014984196042949505,0.008857346466629386,0.013126103816618814,0.008172723059710077,0.07986975780142676,0.007833541568895633,0.043460126980428865,0.007661966197323563,0.06420944990179274,1.5467506878095032,-0.01906043454824747,0.04247851907947046
47.278,0.010801777529563019,0.005950040957096767,0.01870559880071873,0.007448266087639341,0.06637268477818041,0.0032565877030195185,0.0016651439682534505,0.01939850024033657,0.021263702969520567,0.046441803262681845,0.004261284520634644,0.0,0.017653496120746702,0.01782828175176623,0.011528442441001971,0.011630934175574271,0.00026876851061184866,0.013907117932582128,0.011452711414958272,0.05910783689734723,0.005330779338400406,0.062057658066355555,0.015342592497694037,0.04336862405365561,1.1848461288935004,0.09110923939515168,0.019404554878146643
47.788,0.005164610689623232,0.004528612979039759,0.005289784916876942,0.006637285645153698,0.0517957100873427,0.0020517082449886385,0.0031551372161842195,0.007791640847679451,0.024603309713818373,-0.008413478061072913,0.0019743942519742886,0.0,0.010720618991035139,0.007987825840246723,0.009415286975545388,0.008394574613722667,0.004854414185800388,0.01888773766739663,0.011079285603866455,0.04426536919871086,0.0073418074314903995,0.016502598984811035,-0.010319856013816553,0.052115634976080696,2.3600083930837155,0.06742087682007486,-0.009260900971491291
48.28,0.011754485380930645,0.0016779707102254312,0.00852189742953857,0.006382934225277202,0.030124242881120145,0.0016342084280109536,0.003820547619314269,0.02071518094459229,0.012812206354074847,0.09456910425924649,0.002275314273892266,0.0,0.012112867381360028,0.015126861352964063,0.009449243985937977,0.01535456051422162,0.004197205975966265,0.00959242909210275,0.00676555088147925,0.007296252157472242,0.004702619672571759,0.039804819249567906,0.03326398088323161,0.0002290527204920204,2.1971674644890196,0.13372378239398414,0.1044185820823119
48.782,-0.0006324026290205426,0.00011739013862549489,-0.006378054154058782,0.0023929112863914827,0.02418003816375151,0.0013733733355788202,-0.0006095535256964076,0.018324844426160374,0.014894817811644694,0.015515531677100902,0.00015055973531359596,0.0,0.0005431847992869131,0.006132642373701074,0.00982407162673889,0.010558737933545925,0.00768901159338949,0.0036281705302626606,0.007821813480674263,-0.011984995420045396,0.005624336167269642,-0.036399034618696625,0.0013887489357428079,0.03459672189467211,-0.205092736676615,0.0478139301102343,0.0003578422347351721
49.284,0.006942038850276718,0.00022878292499756421,0.013794790938788347,0.0024029403665578393,0.041538563314365604,0.0019109196856378562,0.0018215724531749128,0.03246593436121841,-0.004081410477468671,-0.01470950078022981,0.0035193465573530574,0.0,0.004458359533048707,0.011437425193514365,0.01296778729739749,0.00960706684440297,0.0024755799711052,0.005358447326293359,0.0011618690129718493,0.001474257797556751,0.00548632699057972,0.026231900780968185,0.056687400049826794,-0.01916738065345156,0.6396779443913159,-0.08138921660210936,0.00029646984872739294
49.785,0.015703622036048963,0.0031140370457158678,0.007353616136929258,0.005168799523649732,0.046224697573035815,0.0032122130948546495,0.0031137312682147315,0.019701335460978728,5.287477145152747e-05,0.035002855072440865,0.00229864932633806,0.0,0.013414107106658801,0.00419275798021679,0.016024359187761513,0.01131633787532908,0.010585972304470337,0.008678934401651723,0.006535226223591882,0.003124999405147678,0.0035675961577878233,0.04676215473306565,0.02433583210638826,0.0015672095726827454,1.1786680948641453,0.08092924744819238,0.019722947624797683
50.279,0.00984117576167209,0.004889906638114643,0.013720990717828762,0.0031155995149596033,0.03505460607525831,0.0025729747485803848,0.006823904268366606,0.006326724197580547,0.02670400437999668,-0.010699780202766357,0.00413122354888072,0.0,0.025734073098371314,0.0054402712550693354,0.0038944718032574194,0.009919647105955049,-0.0026400027495817676,0.0058233397641497065,0.008554173642862033,0.06225755242174596,0.0032417218420273675,0.05715382832935362,0.011970607349834135,0.054570236107835624,0.35554163495793945,0.007298869784779669,-0.026773986014114078
50.778,0.005718236233445561,0.00355052021349626,0.0001752466892002436,0.00436882970747982,-0.02072381676975047,0.0014355387729642994,0.0021125760505491006,0.0021578075566552903,0.01708150767732582,0.0500298562012376,0.0037549435683571866,0.0,0.01609172621240714,0.014120088115315598,-0.00043616919350535836,1.61924456416999e-05,0.006250472175975342,0.014413019226417195,0.008818190209933864,0.023671684299961786,0.006242155210644737,0.021436463782743775,0.00012567694264983224,0.0321242017820913,0.07049352049747903,0.03501336731597435,0.08662641924378302
51.279,0.00839750174412522,0.0019371759336061405,0.017910924759799118,0.007643337034541305,0.021339445004038324,0.0010021350603645032,0.005814613374431868,0.020553366584726885,0.007053762178750028,0.036752810499238786,0.0017644918059669707,0.0,0.02007694180199937,0.009120483006223548,0.0056426022706380745,0.004456803465088955,0.006187027654191139,0.019883865497877365,0.014065401527826867,0.05039593663495531,0.0056691883386609755,0.035318672466509035,0.03188153323589307,0.025717370027215095,-1.1452904779716255,0.0672928027419132,0.043837565614295346
51.78,0.01721596511254157,0.0056139322961684885,0.015193976827829522,0.006973606338639454,0.0020618398493389227,0.0017603066312602048,0.009047242096457265,0.008390908242314294,0.025766261779538755,0.04869842716733703,0.0033790192367613332,0.0,0.015049495933036061,0.010062515577093097,0.009444742590216245,0.0003648970608262772,0.005277144182470788,0.021219803121033998,0.00866417177496,0.03183952951163708,-0.002100466613662592,0.06156011572840667,0.03155802976278864,0.05338472134721299,1.4012258137086255,0.013816577334381856,0.08471878856227828
52.279,0.012982408045774394,-0.001870409774651098,-0.003806250777814571,0.0021769357875793737,0.05336551638962633,0.0015381097242351098,0.006598581800147646,0.009084155958707747,-0.0003724719379678448,0.047653421347324997,0.0017505788792455549,0.0,0.007833347699971117,0.003999436774509953,0.01916005167814083,0.009533516704198667,0.0012004187986775197,0.006746567812272291,0.0031560966578269675,0.005100949356181987,0.004491565510649991,0.029044593879182994,0.007133704812354458,0.02844389141480807,-0.0990161529471218,0.12103358964157229,0.01586153066410483
52.778,0.01039630931814507,0.002611258138874262,0.00707593215286432,0.001099627928410945,0.018674237071242456,0.002139747514616116,0.004347242494506945,0.024561296589544493,0.006261683232947363,0.025965166883918325,0.0018627380848452674,0.0,0.010028888361623077,-0.00046883088296693714,0.00778560873037749,0.010197156337102446,-0.00010120248880537335,0.0042031105472730935,0.006403113069597111,0.008247188277276914,0.002662791032547892,0.02929508975418583,0.040992220959862845,0.05513741856430248,1.7006650405714585,0.028575678253641896,0.01785483173437465
53.278,0.014541162972867942,0.0026065134708011784,0.009718836620691668,0.004410744384962436,0.06135709283641078,0.0036001764572234415,0.0005673808685196613,0.014023829197997923,0.011962277777476514,0.05269649379096854,0.003604135485697306,0.0,0.008771098679630494,0.014383928760980783,0.010667966538727591,0.006033497142899726,0.005134772605124138,0.004517907571287323,0.005421950943227275,0.00479634763670435,0.0009312384566028969,0.04494917339858346,0.03221707253563684,0.04418638749298332,2.3016789534015767,0.07203502271233912,0.06365984353338634
53.778,0.014248204078169607,0.0013368466673175075,0.013564050859308787,0.004960509267640353,0.061598722226691674,0.0032066879435052693,0.005959221299945416,0.016448143031685316,0.02120321703308281,0.07459513579072047,0.0033261527541642707,0.0,0.01915594775029433,0.009662351653982462,0.00833092911817758,0.01196240237087659,0.005420428161346781,0.011714125199953986,0.006548659732908175,0.05796795305837281,0.005484606834197999,0.06113374641362386,0.0046790271668334825,0.056777849681360314,4.964749620678532,0.11140036966982853,0.036158683746159104
54.277,-0.0038875851988499142,0.003388286117298694,0.014879943569927875,0.004760189231833895,0.0031689751324663774,-0.00014689747904444775,0.003767075831068542,0.0012711877041058897,0.027062520694580778,0.033511659414224446,-0.0010117971549787306,0.0,0.007192004650350338,0.005130710881286352,-3.720781950578394e-05,0.004304830508451949,0.008242662499683582,0.01965445130813399,0.0077101187990961,0.06265423524466089,0.0012358904848737134,0.06214490390998773,0.020992192943826305,0.03784811625221892,-0.9489867385176531,0.033835703509183954,0.041276452215737655
54.778,0.0034638779964680172,0.0012104762708671387,0.013681335584985337,0.0037403909300724705,0.005454278683922992,3.2636497689385e-05,0.003643720983879111,-0.003268768381986733,0.009346640839332676,0.026729284459762102,0.0037363226840669644,0.0,0.005809766852405516,0.005921527288857756,-0.003005343846523847,0.005460692983106792,0.007250476969135309,0.00972446191778914,0.011647192918752413,0.021762155877336247,0.002043902609255696,0.042615692372082424,0.020005389889092524,0.009342826619002341,2.1611118222512187,0.0009531516296153111,0.026146326524016415
55.278,0.009202636142943206,0.0006937682322155878,-0.0008960856255935777,0.000875030848895281,0.020296570006916145,0.0010278421472892482,0.0016458643210603917,0.016028576653345953,0.011482554765432926,0.09945853964625702,0.0037419171564898814,0.0,0.01366216083714227,0.009189397335766477,0.005251864545013309,0.0038486976562806855,0.003378204912859419,-0.0017928415167583174,-0.0007378913657894517,0.0007102282178646129,0.0045023192407613,-0.024206545074888144,0.028638599644021122,-0.0033666510755171373,1.3787202553403182,0.17519212398367215,0.09240545124314793
55.778,0.009909823218790524,-0.00043811985076614134,-0.0016262477065400111,0.00010949558863998388,0.07704422378887245,-0.001521286249750029,0.0036998399901332713,0.006897931723600925,-0.0011464932215685642,-0.009501108756474766,0.0011771531455453798,0.0,0.00795402210882533,0.0010380865766311395,0.0036353524982008258,0.007592706828103643,0.010461135367131245,-0.0004917003624577744,-0.0013764182888996292,-0.006208349805647445,-0.002016617075994225,-0.006592449676793832,0.02344259415378935,0.0020573082367598455,2.938414043147627,0.01711937508210676,0.0014148806530805303
56.278,0.008989438987994645,0.002741504152874032,0.010366438467837816,-0.0006401750223538657,0.09017270664004147,-0.0002789826606866417,0.0014579218120565152,0.00929372480512236,0.0031393322682368367,0.02366048463473994,0.0011582448989779788,0.0,0.004331016858720963,-0.00189428727575691,0.005800440074312676,0.0030928557495914642,0.006552984569421114,0.0028528504126440835,-0.0009730843453868873,0.032333370516575574,0.0011011663373318133,0.031467472620282336,0.02159542200480164,0.016083733916157656,0.40859835434208763,0.05929498420088482,0.04780062316745067
56.778,0.003308558424547899,0.006648315378405345,0.015191595884697297,0.006411784054383842,0.05361399998081304,-8.392242262969925e-05,0.007666480422893268,-0.00035698879336708723,0.023294523474659726,0.06592943001061068,0.0022501425009385117,0.0,0.01848224267793344,0.008001850466808165,0.009777731720997322,-0.00017967155638969458,0.013133798848027034,0.016062464065553207,0.010105827496631305,0.0596781955707627,0.0009416092629786242,0.039341651280873594,0.023936202002207096,0.0658281276893694,6.45095611697477,0.16708510561777548,0.09195279857076503
57.286,0.00329100232030148,0.00342393889197061,0.009841277827886229,0.0026529902840263077,-0.03588967698364786,0.00023145093538727015,0.0023655942890398796,0.010488322644806333,0.008990793861457022,-0.05147712579338451,-0.001622791208777741,0.0,0.015733109682130788,0.0029580053405279874,-0.003159367089169847,-0.003201899133328635,-0.002081858315519123,0.014431021308928337,0.01341797131421669,0.0462415254635512,0.004167007102397155,0.07843719031007831,0.005812000292928648,0.05947147520831367,1.869832702372858,-0.06231425877998751,-0.037698945065842274
57.778,0.010827995159071357,0.003838347586616285,0.012414156916718736,0.004393956741305414,0.016334583630170485,0.0006707394568823723,0.0030913776541906337,-0.005435712088101313,0.0030054866398781578,0.027023136745569516,0.00030882250242526686,0.0,0.0035680350091168074,-0.002994221137633044,0.0004930554069239175,0.00996594272844413,0.011472102481689134,0.02000290047829072,0.005904093270008092,0.012031788797786174,0.0044166183842010345,0.035270436058109825,0.03422153621112748,0.004451970038082618,2.9919267626836703,0.04080612531000616,0.0706949081523946
58.278,0.01609473060083295,0.002868833782026875,0.0175485849945846,0.0026112139207744764,0.09076246042419232,0.0019737458317158375,0.007981970015285412,0.009853338362909516,0.004934946926622186,0.028650021707939434,0.003363772771043632,0.0,0.017137432920260126,0.0038164256908749575,0.011860879257068501,0.007022271293599362,0.00740118804223755,0.0037608257386417122,0.002024617167563417,0.03140344399665269,0.006037192793523503,0.015630877028135988,0.03922894000775204,0.0007706294836536575,1.1022777461568132,0.036498750860769986,0.03367501608178238
58.779,0.010876220290924995,0.0003527752002488285,0.00046343712738495325,0.0028545567174116907,0.09464389997806914,0.00016214660098676177,0.003647274169094409,0.0008668504510564802,0.0032182704895456398,0.05376627056830343,0.0013207312991915861,0.0,0.01032901592414113,0.0033457806848652735,0.01626741540378371,0.0001756736507528502,0.010482647963443243,0.0045457306352325606,0.003410127465401823,-0.0027692341105037305,0.0014865480205059928,0.019418926460713644,0.020448706386839283,0.006726768548524373,3.862632309276151,0.06722746487566451,0.08385504208096882
59.278,0.006739078263654402,0.0013906286883544248,0.00484163374188162,-0.0005503641322638546,0.08485264288446093,0.0005332988982832725,0.005897410944340622,0.01337241179894826,0.0010098462005107788,0.02432121398839946,0.0007427164060096412,0.0,-0.0016731781479068166,-0.006135631875241004,0.014696798820003557,0.004786351630306945,0.005738485138721106,0.002346844934272957,0.0005389315057261352,-0.0015463677315972273,0.003122513648237661,-0.008331293795691723,0.03597544579674523,-0.0006543935183726954,1.9785678416329828,0.045787682406893106,0.03059302083293375
59.778,0.00482409278154758,0.0021697550298588448,0.0014754566052142457,0.0033486078736306747,0.07289976421600382,0.0021326490132638166,0.006592435122222913,0.008447947867614748,0.01824992617204927,0.05415794127227125,7.193578378124613e-05,0.0,0.01520634785763392,0.0011154992699907032,0.016857157725082294,0.008410172621002087,0.0073563785916052294,0.005021090884400362,0.0011813273459423518,0.024813089702748786,0.005413161800035785,0.02159665668943056,0.011393039704290842,0.039664496379087325,2.387401749099195,0.0979888322580096,0.045416846060422046
60.288,0.004346971849483947,0.005796260536976759,0.007740117027741219,0.004514905952022611,0.03351548644864235,0.001841408963476303,0.006077306325388496,0.016907871020432647,0.0075888985569647046,0.08574811466267437,0.0014973799792936825,0.0,0.014538113017114069,0.008663906071872717,0.01592998314544164,0.008080047793297225,0.0040154009895414285,0.005676898339006333,0.0072185999018837595,0.029393397661862174,0.0030900429283702,0.02911238071543214,0.016194126720485747,0.05201700593702972,2.996576099002005,0.07919151954180735,0.0871775269589447
60.778,0.0016742378557927351,0.00610087354981091,0.00731971297056828,0.008110637573160016,0.0585155017995864,0.0019702489308059488,0.00316448559796641,0.006863576995590159,0.01589339508396748,0.09682322935178829,0.0020427882250189217,0.0,0.02574354650675053,0.0072916963149287925,-0.0012884698539896086,0.005456513279228715,0.009967068631201555,0.01907210163606387,0.015609374078642544,0.028203300211828337,0.002900993796730352,0.03169626432208078,0.02668481577987647,0.013379828297067697,2.7217519454304413,0.12154278906294813,0.119814450854364
61.277,0.00776311322035357,0.0001518517379120577,0.009807522964354713,0.004640893370958587,0.10343806752231158,0.002039762987991618,0.002245583477510531,0.011509083263669046,0.0032818670721992084,0.0658764033924044,0.0021950106478509654,0.0,0.0039035884704281946,0.003569273487922747,0.012361807505666218,0.009518291461466634,0.012370729290910924,0.01299894062018882,0.005831540643831087,0.02953174338908829,-0.0007364291832876667,0.054679038858208934,0.02342569298251413,-0.0028027132883008204,4.233224073496629,0.15566508668004642,0.04285795485964185
61.778,0.003723097576147415,-0.00021624994514184492,0.004705646150752814,-0.0017896135532871075,0.05989885247225194,-0.0008002708617873708,0.00018308153542801,0.020280832770302768,0.006652630722128647,0.037819289385580525,-0.0015155965694790988,0.0,0.00012435509306857423,0.008135744854974765,0.003214413646345373,0.004548473132205932,-0.0023690257498845475,0.0001694975310435888,0.001405515656680283,0.0003213721290388855,0.0007545695358027401,0.020787986638611224,0.024439731589225935,0.02604547548962974,2.618894366381319,0.04536082057954352,0.05992780062426842
62.279,0.014975423573612326,0.0010297240543713291,0.013851450078487966,-0.003222233794696505,0.040781563041103114,0.0008647077657270057,0.0029043754833438765,0.02076337800614628,0.0033409221110940255,0.07024385955128223,0.003193117690374507,0.0,-0.006985669283079721,9.46893181703376e-05,0.0028937270736421427,0.009954801259019375,0.002843544407979311,-0.0028229590641946057,-0.0034869426390455554,0.0260235961211457,0.003804222235596427,0.018553948310755856,0.044156270807052665,0.01931150117224212,2.1546594188604242,0.10501987877998362,0.08282172689514981
62.778,0.005055251029568469,0.004210342536586185,0.007889698115387736,0.0007663540698329016,0.060487627606696875,0.0008738300815432389,-0.00017600899426051822,0.011734155273080646,0.008431531292328443,0.055781244634901486,-0.00018497772972350397,0.0,0.007920881585392447,0.004890237931872738,0.006320648111771233,0.014274046029684576,0.003020259320229936,0.003774487221043566,0.00028695775336253757,0.035179768167977764,0.002076504070359404,0.016224214335274795,0.03002449795301094,0.019576088359099676,0.9865263784506552,0.032576551071580744,0.06609969053099603
63.278,0.0008700082435806204,0.0018445994987381406,0.011068827735393033,0.003779895603738409,-0.004046329959939718,0.0014231081621221542,-0.0021289844098750558,-0.006770776557087412,0.025352592066300562,0.08423757183728134,0.0009547129852172535,0.0,0.013237902342178639,0.002035618175205029,0.004670381531067955,0.003812190111359119,0.0018737374231736902,0.01280225871872791,0.009861737270218657,0.039276320758181646,0.0046754924006271485,0.07031883200552003,-0.0007116485556606769,0.05727413408568894,5.186389668151133,0.06840150783350055,0.13184879701610366
63.778,0.0009517964406366397,0.0015506099295963262,0.006313999727287458,0.0025802200469981487,0.03412224048119722,0.0013673304613457328,6.844794221236637e-05,0.012921871569353609,0.013808972500078147,0.11264541714885763,0.001099531459796537,0.0,0.01714834452936642,0.003916003502446582,0.008478329360094338,0.0018161220138582085,0.004674341918413341,0.00742186406312464,0.008040147832419527,0.026872120186246205,0.004301598072336942,0.012338581663327774,0.02205762581148678,0.017639369008057182,3.784160186990465,0.00628511728769194,0.20215870446772616
64.278,-0.0013735312949810434,-0.0007407660142262553,0.0047780330941280015,0.0021431009977203796,0.02211135584234626,9.588504806579133e-05,0.0013527375841302864,0.012860091689831666,0.00039589673048993874,0.05435830699478062,0.0022985795154312583,0.0,0.01673013930419551,0.0073944025393178625,0.008568674347559186,0.005106263828847144,0.0009564354341117654,0.0058912863687648805,0.006695145727199889,0.007469339172551085,0.0028750410355955353,0.006796045015717663,0.019337849634723438,0.027865465682639954,1.4568815064119636,-0.002722548941198087,0.0893796347246771
64.778,0.009676856688123446,0.00045105218988403587,0.010780791413406288,0.0005641895895069874,0.05347852820338912,0.002513621563622055,0.005006239939122842,0.02340796129898708,0.00655712661171203,0.06020735491533522,0.001117354535735583,0.0,-0.0003197702393190724,0.0014506332246397473,0.019151534002640292,0.010447366347283762,0.0006110309793342251,0.004310214221602781,0.001819569944026963,0.018325933837962192,0.002613280198240725,0.0447317047544185,0.03570685960855773,0.011273403269228287,2.7327014892049535,0.09554484818082404,0.0732953474424149
65.278,0.015856737737924353,0.007853577475399914,0.023437666227357518,0.00974364167186585,0.04548391669655218,0.005243501630575687,0.009550029798851072,0.021419444556641944,0.03396956695148658,0.17257740027507454,0.004914401185074048,0.0,0.024788729278056188,0.014759813348543545,0.02695983339744841,0.015641611693001524,0.01363931486005242,0.005768335396279637,0.010067371192185514,0.04622270195816077,0.004737246927533304,0.04061272121395131,0.043099959780247145,0.05625786763984928,4.9157021245142385,0.27021734814568615,0.1529633687973915
65.777,0.0019880354224229087,0.004051893862949668,0.015839753484133846,0.008158251172890834,-0.011752353110713735,0.004367323776397355,0.008630567432878728,0.032501591430086345,0.030393225784481472,0.07626626785131721,0.0022483068475261164,0.0,0.018842620800790577,0.020159599842705482,0.022203734968484126,0.010252094232472296,0.0030487122783683534,0.009655953361466978,0.009704126640647303,0.047565693640743575,0.007203687756936423,0.02344899952380106,0.023370734128617825,0.09247034960815913,3.018905330660544,0.12627957883369034,0.06346807782730893
66.284,-0.0026804119650234715,0.006313868143439286,0.018813439081750222,0.010530481524744052,0.004220247400740813,0.003831644475491505,0.0021945186422179085,0.03513888482003212,0.033731007955087405,0.07556868059193955,0.0017048309997838972,0.0,0.020649202291898615,0.013810686528563786,0.011118708725582042,0.011973478429691795,0.012510286179783819,0.019484490423703392,0.010059635128877633,0.05613308857220605,0.0005441408677798003,0.08165847215023211,0.004810309232294569,0.07838652397183905,6.9288924038384545,0.14490361986265704,0.047324398672561184
66.777,0.0028782793706460395,0.007046209176331224,0.01835952083746973,0.010732771470129012,0.05859681135404302,0.0043970022739825915,0.00649862478679469,0.018144851292212213,0.03889550733488872,0.1065110265202799,0.003783464581801068,0.0,0.028396527349848436,0.0115977619365725,8.19394113663496e-05,0.01253145958688012,0.01269240045526572,0.023347126992601643,0.012064110699457519,0.05086294469690081,0.010581437951755755,0.07139521117457154,0.022537113372341905,0.05601009040019139,9.685322360545982,0.17704151847283606,0.10525927518184015
67.279,0.008064138220718222,0.006672351280073038,0.01255556947429221,0.010488340884583112,0.033646489329922986,0.0022899270123441693,0.0030797220988679824,0.04723207427051016,0.034033563309619645,0.10573012617043487,0.004542693479906086,0.0,0.013563949488521257,0.01908931638255246,0.019775920477306228,0.0058671064281122015,0.0109041382776075,0.016955540084379366,0.01243535786525204,0.03716538268051297,0.0038474777531002785,0.02858274145306309,0.03002702571360888,0.06994826873443537,3.8053935130161958,0.13850367385029466,0.09583817089182867
67.779,0.017696101145532328,0.0026813291888812558,0.0010624091938055077,0.008910951449137219,0.019961764161008016,0.005606266093973882,0.006013421629406171,0.03181819355199451,0.0293898174856498,0.09879234285946584,0.004398885582974351,0.0,0.023609743298364103,0.019172804674935855,0.015746291449773943,0.004405953321049065,0.007152654289037511,0.011153293429159819,0.0106936389802532,0.006422374865962279,0.007392137276897923,-0.002475282360701136,0.0014058744204171825,0.040644034378652584,37.69466877333102,0.2101694996550855,0.06823495644723385
68.278,0.017249690694713035,0.0038212286400151198,0.010773533150378406,0.0026195757236358776,0.04285285159701062,0.003758775067146459,0.009317500835845476,0.03915688166856392,0.0342580737401975,0.13410181407214758,0.002463710581769551,0.0,0.01834871077903838,0.014568871538447069,0.010105835446520217,0.00513948305028805,0.005904765299459512,0.0033434239048023956,0.006268663645388922,0.012685401224521805,0.005779227411963018,0.03008134036425628,0.028393152051642303,0.046420255781733755,6.208446891291971,0.21734087806016733,0.11128972161850012
68.781,0.012380962239990209,0.003031836182200007,0.004248034900986143,0.0036979229996772687,-0.007559516767401001,0.0034588209310526604,0.007652659817443958,0.02799940575070417,0.019654262594928657,0.049770691341657396,0.0026205603816074298,0.0,0.014811345400746063,0.013464901890918214,0.011121705280477127,0.0058484871854252276,0.00936642006021584,0.002218223394289549,0.0014365531636086363,0.006677150602777366,0.009850273162909774,0.026137853927653835,0.0024418285191642975,0.025149902050301338,1.876580199882875,0.13100338804260522,0.04742013006207015
69.284,0.018804331684343513,0.005361450919379118,0.016416317588086878,0.0074234929308468695,0.04792166441689529,0.004464692710097531,0.005263985104725038,0.027312433431054984,0.03322238015069859,0.13194524910342775,0.005217486431718732,0.0,0.029289696786482876,0.014742417790251898,0.010298093871337993,0.014729883536939974,0.007292596496337231,0.0029112283699590305,0.011203805696702577,0.05054240746582199,0.007301938737227179,0.03191949217814386,0.013527901486504172,0.07093667857704436,10.870544155027675,0.15570310009843719,0.14267490221414467
69.788,0.012540970082699228,0.006368146545608501,0.025022350340402115,0.00638190873318948,0.026652406476574655,0.0020512813717412674,0.00025612495665855016,0.021858404777405575,0.028895853356181486,0.11802168616873833,0.0029749682385245297,0.0,0.0187584432367492,0.00498209044678884,0.005286556299521714,0.003453239892850505,0.016010695373240045,0.011538613729697236,0.011318468306112129,0.0771383915819971,0.004987187759756063,0.09641175434650129,0.028282999487740743,0.06878976409021212,8.742842829140388,0.19449648188713684,0.07955663274792031
70.285,-0.00313014973069995,0.0012905705998008765,0.005268639382183091,0.006619088090816404,0.06452475060583848,0.002104717707935275,0.004227425189808748,0.0008511291761398853,0.026124407492473897,0.09549649376824842,0.0013590697038854786,0.0,0.015069439589420749,0.011020057098322872,0.007490795742326736,0.0041974672839651915,0.0021477880293376585,0.019188845336476298,0.011892336633452086,0.022677784833848934,0.008038503835195065,0.016987774581396553,0.02691631885251106,0.004339905319984891,0.29078164020276837,0.09598379129561616,0.08044463743293441
70.779,0.014242250744478527,0.002040429851117351,0.011267334753928035,0.006910508717996148,0.07115302244594693,0.003459897377468636,0.010867839035879708,0.01867817385954488,0.019668274940120068,0.06903872520583508,0.002719843742252275,0.0,0.022382578781645894,0.012267018776093963,0.005751415366623073,0.012382333934376157,0.007420339710966162,0.010301318275181775,0.008026168834716326,0.022223287958852898,0.008399003530508905,0.01865289860220348,0.033203404762646875,0.047702153899523314,9.975812269843116,0.212858106665666,0.03404800764043798
71.278,0.010130932389015452,0.002248742631897363,0.003405427694114386,0.0010705788302937612,0.0874836775922546,0.001366201461086708,-0.00189214629474564,0.020708065795396653,0.005194401253519842,0.1171666549174961,0.0004778886412632479,0.0,0.006877255094784802,0.01126521442205952,0.006296746018078318,0.0009117197385170021,0.0056004689472669775,-0.004349466347444959,0.0036121329916134017,0.014315420190891688,0.0023115755917732803,0.00632938203944465,0.012909027827508131,-0.010715792284365066,1.1133597812122966,0.23327180141558584,0.11099573705160859
71.779,0.006946733510903093,0.0010259434176814863,0.002509311479224168,0.000649999891032309,0.08398943383263546,0.0006766286873161191,0.0010336094956334332,0.02869700571951654,0.00027433713154494056,0.14110643641961645,0.003234122857863406,0.0,-0.0035864162432225444,0.007106472848203656,0.008786490251086906,0.0022308915102795795,0.008120970912677628,-0.0004358507941121667,0.00018411572016917903,0.015606288244445337,0.0022537251647480614,-0.0022929209428106828,0.014071300284845618,0.019797504506865474,-19.63712539962757,0.2763231230757583,0.11404770696035837
72.278,0.001160593184116311,0.0010114086382889062,0.006837432431793266,0.0008953311415678044,0.10730690568632924,0.0017397743366041841,0.0002580124563693066,0.014022500367768226,0.010698443478053078,0.04018934571949977,0.002363959317551497,0.0,0.014195567395948398,0.009609529441038513,0.006354627148924609,-0.0006983532114337356,-0.0009124258469946492,0.0076423074547944695,0.003920847707268549,0.036019176309220594,0.004121764345934308,0.03165630964903805,0.01887403380775161,0.027297215086402503,17.551327912093647,-0.032941515440753216,0.09243658558220079
72.778,-0.0006834240283520558,0.008653070938697771,0.009485899386682617,0.007013892407659447,0.09576171708895535,0.0006434306457958044,0.007369359500605533,-0.005956838206538444,0.021871168182633367,0.07352256052080604,0.00012444544472354222,0.0,0.01619241182934062,0.0026681724490155265,0.007475832676282789,0.0052654232337138165,0.006419536695027111,0.02204406955230906,0.01178765562369284,0.05024904262197814,0.005142236135045726,0.056998389161169095,-0.006714653199412296,0.04806069127811741,60.895266754457246,0.11378362016515019,0.12077316581660669
73.278,0.005967668482166341,0.003772665478017724,0.014503978728005925,0.007474214450622374,0.08035874081920066,0.0011726140520703107,0.003164742926515037,0.005806414716253153,0.007294085246409324,0.09309778380784402,0.001488406332049443,0.0,0.019369741135502706,0.0025519558563010993,0.005963127686039766,-0.00023190659497533475,0.013495517818155053,0.0162900064847681,0.01087327964201747,0.0251392295653116,0.004041636013551483,0.015492797173359711,0.03549907384827724,0.006059207580681391,21.040646686745976,0.2330524585783704,0.040237852482871886
73.787,0.0031873549863601627,0.0018096882107966478,0.013883535155912737,0.005569379402619448,0.02353261549974888,0.0014922557501179242,0.005943820583856589,0.020102214403846574,0.017595942046158695,0.007469938608166774,0.0018340691634750241,0.0,0.0037234640834584195,0.003778365936890692,0.000739199887647652,0.006985910176586897,0.004840765837902581,0.011733115085318492,0.011132321976481499,0.04331647759791231,0.005864776112612143,0.028915199273001017,0.031102918612615136,0.0466890992379784,0.7310063374400068,0.11107809393220988,-0.008443681174803581
74.277,0.014724342720240195,0.0022027804939816057,-0.0027451607792487584,0.0016470303718142923,0.09331663980760313,0.0016138032291496264,0.008279383227840166,0.024978258540897892,-0.014978408462371027,0.051893650035370074,0.0015938705440735627,0.0,-0.000836514794145447,0.010738375709373759,0.00876722339610243,0.004473877708992141,-0.005832923827352666,0.004635505334235645,0.00177329356681782,-0.019282309968425896,0.005014944649897465,-0.020306433034241785,0.027622880729357452,0.005934279110029691,-15.153626379206312,0.1324454044419133,0.021370639000830298
74.778,0.012025530677507836,0.0020556903878136807,0.008150962502416943,8.729082554205265e-05,0.10566363700467316,0.0010911959968795259,0.0003864403131589689,0.023602999639418882,0.005479957395854425,0.06273345328821092,0.0023012999024514974,0.0,0.009730455697753649,-0.00021643858279545155,0.011938610199391925,0.004850290106259633,0.0064471797739107045,-0.0026195685432406383,-0.00329169668545256,0.008879934937342779,0.0011260398691536574,0.012914302331740356,0.030481450876131425,0.025977718048993594,31.767897707670187,0.17065947227544565,0.05041635867689503
75.278,0.008795579895218772,0.004422377144693592,0.013184086697573604,0.0033008204689719163,0.026817204519298612,0.0005906357008483357,0.0047633993536568,0.01835479330260065,0.0028145127396076238,0.062126882997538414,0.001188817438584149,0.0,0.007610518514329139,0.0071301539563228405,0.011813731411940736,0.005070590720363416,0.012069657121200904,0.002455909128551174,0.0035990445457384636,0.03697715294922173,0.0054775637301319405,0.00965603032803271,0.02979257478002665,0.03260100833118883,2.2877925028507957,0.16482648861083146,0.025789514554335927
75.779,0.001816051301693251,0.005655320040974712,0.0041043579576389684,0.007459835632811355,-0.00045941965125577633,0.0031214706530362183,0.00859864305267888,-0.01143163006436515,0.025304456541648233,0.12749100974205685,0.0024847960895700563,0.0,0.029630048575972415,0.0024386918233283094,0.0035688014227920305,0.006227413586361232,0.011820274823725312,0.015660898868220623,0.010378476375227283,0.04732590372433753,0.007767160157154468,0.026538896400836197,-0.0026330650766407263,0.050777306882739084,3.1624104633717014,0.16742701673465382,0.13535621722687566
76.278,0.017599417894829293,0.0012110498628523532,0.005037148811843725,0.009274324615892575,0.035394690146115,0.0017451115290390196,0.0019436798667315264,0.001100699256657532,0.013020602831284383,0.10809524822412896,0.00017218653452469776,0.0,0.01603589358054618,0.010000653533661058,0.005380007911349503,0.004633741411213727,0.011876597559443433,0.013558164286604233,0.013417322960947308,0.013716800259960011,0.00546775966907946,0.009487287448213668,0.014415389495625194,0.031815338693209946,4.478612734183657,0.14271773768443824,0.11336222613424206
76.779,0.01261613939377813,0.0027686300797769054,0.01584425799157107,0.005806271956399258,0.06491385357613647,0.003429007030029632,0.005816683907573537,0.03136937148954297,0.01091786589293246,0.023989781708418048,0.0012139308483063642,0.0,0.015313100288768908,0.003659697057752798,0.00016143277716828647,0.004964769054283613,0.00510439133633917,0.015665418800224568,0.0062848275225291855,0.02088486100895503,0.008747420172151854,0.041308231129241674,0.04074475069619832,0.0325291004659759,3.12374488641532,0.003817546756708738,0.02330887200443908
77.278,0.01179250620106104,-0.00025657259247761666,0.006865120349255655,0.003956434097340863,0.10902476963591831,0.0024766039047775692,-0.0002680635063057868,0.00922896585737281,-0.005083401482707423,-0.014384394375392125,0.0043746598782133635,0.0,0.01121764068486558,0.001626568525665802,0.006329816866136325,0.008450809881115998,0.004502361555265987,0.006555713887452936,0.0031477542116564723,-0.011053488395544904,0.0019403569786525525,0.022388327890091025,0.03792748548462392,0.027307565915962086,5.345346428511623,0.03643420835713046,-0.01291147075885059
77.778,0.01578275437892241,0.00030134012164363016,0.013364573719906077,0.001616309188494822,0.0959679449305373,0.0033584222066027837,0.002695872584650661,0.028208546726251633,0.000838315537185864,-0.00059724453288497,0.004069254475756391,0.0,0.00042617426323948395,0.00562480386036788,0.006930246481073572,0.0038286161371259672,0.009636926913505083,0.0025684455756673336,0.00012944036246237338,0.0023274593743754135,0.0016152027633395004,0.02509259228878332,0.03485519269170949,-0.014753447261861402,3.2594855595642906,0.04048463765653279,0.07858651218612633
78.279,0.005888975820298242,0.0049488089355164,0.013128517613768518,0.0015929462626226257,0.02372929151389532,0.000779053085032997,0.004573769359574856,-0.0005042328540369849,0.00750505805067564,-0.010079879109362245,0.0005866768604257705,0.0,0.010061500401506393,-0.009971043737698686,-0.0001461368923844482,0.00764322831244819,0.015888761099487936,0.011597128319185275,0.0037182858026623446,0.031924943396539625,-7.755376040776211e-05,0.04889081497207632,0.027737806990375265,0.02729756142651682,5.503831635046638,0.03862320286257117,-0.0348373534923373
78.78,0.00953577936235355,0.006157175699182661,0.014097991879646643,0.006882614803834734,0.07104605155602277,0.002542889212944979,-0.0007628227172602438,0.00611583284104673,0.019572701834907117,0.05948009678898891,-0.0006163873830949832,0.0,0.014590472333362843,0.00544120848334123,0.003291979905859144,0.007817904674083559,0.004506287794949906,0.021660026265805977,0.007733590576645606,0.03783077791168323,0.002430428883869437,0.05745775935497688,0.006815914445153122,0.05199236623250828,1.6857275827894767,0.05582968655859552,0.03426232922988327
79.277,0.005839965602076271,0.0012124569583371863,0.0043617737131530394,0.006832148724294029,0.018990880085141174,0.00402310284927483,0.0021042406057146,0.019610903079858747,0.012801848333494254,-0.012910640408669185,0.0019327432229672918,0.0,0.009131412228609323,0.007510339523965058,0.00481093851545658,0.00014867377060771383,0.008775257965452633,0.016599175517390506,0.012053480029537725,0.02775401563370984,0.005455955140786873,0.03971196504086675,-0.00131801155633687,0.04679941692108746,5.56300269470556,-0.0047382947481406186,-0.0067317234135151165
79.787,0.009476154005482856,0.007397115320925101,0.006298256083082577,0.007359323883231757,0.050375300285039205,0.003018045748536498,0.0009960058773296175,0.013403816513699218,0.024953470414955853,0.04484280267906986,0.0048876694831318365,0.0,0.008081569762693905,0.013317969358527372,0.00528046347706116,0.004657626416308662,0.010520956178327675,0.015977915603151205,0.009861863319679372,0.008334375191525628,0.0056803987267646724,0.05190451352901141,0.005092384672837923,0.028860990312305154,3.0826103340073967,0.019792293718758625,0.03270477866868035
80.278,0.005617112624233559,0.0037428424515580897,-0.0024451552593713457,0.004703412441958217,0.028788476727701993,0.002535354294754221,0.0019066180452272262,0.017300575996759014,0.01455805195688368,0.05714451928160655,0.0021932055137028252,0.0,0.010122450995703608,0.0108358882633174,0.008866120091758287,0.010088661436282568,-0.00039596004107198186,0.011796715246885338,0.007225133540612041,0.020188125676653755,0.004375704754880396,0.0059930108739542215,0.004041807548830747,0.015086865503211169,4.4613152594347065,0.13010400234905534,0.0008950534952383551
80.779,0.007519830697527385,0.0006070013575487355,0.008239400031210426,0.0012408064026789788,0.06472644566219025,0.0017030440900474948,0.004679603978532066,0.013134793373677196,0.0035447706207692243,0.0335969546059638,0.0033445015795886325,0.0,0.009031757250708101,0.0010042449872278347,0.004858593306245132,0.0048761613623551645,0.007384391721794847,0.004570213631092345,-0.0003258029069949688,0.0062633769361980975,0.0013710554778086077,0.004157613657899392,0.033433991046095436,0.010278130282413117,1.470291956834428,0.10024783275121121,0.022317496896369016
81.279,0.01907527347962358,0.004655475912272009,0.012071057959725203,0.0029684969284197687,0.02454707048944379,0.002522856513271026,0.0018454220615753477,0.01168808229848345,0.006346507075074829,0.09402112386928621,0.0030635493570030413,0.0,0.006373166982088936,0.004376511167497714,0.00944404131794534,0.003876804226240612,0.01618813086373617,0.00944641072772522,0.00379119335295026,0.042603655453904314,0.0004869574469733647,0.06355642771958593,0.025830632058214568,0.01520318898953834,1.895624194324876,0.14687442992778355,0.05699375334642824
81.777,0.007504549314310596,0.004037925393996636,0.013168833574958313,0.0036674424666107413,-0.015494351303383542,0.0011166792385890877,0.0005937588567682879,-0.005857114244292753,0.020001730317695962,0.03632835215141194,0.00046504837853309644,0.0,0.019519003059580205,0.002069796236660067,-0.0010280900017256916,0.0010240776715599287,0.010142490343166105,0.015527102588882357,0.0042322628273557435,0.0762609195023355,-0.003313370083248936,0.0462767985480079,0.0098719972768164,0.03393649855285137,0.9919410148263187,0.12642585137893741,0.05716268001753013
82.278,0.009399133929727804,0.0032328370644358296,0.0005973216011206451,0.009728041311883576,0.03944100301987956,0.0018537532805025815,0.0038774340906213033,-0.0010408354232971484,0.027693256484573988,0.037632277335756,0.00133194700598245,0.0,0.008883981068458818,0.001050510071052175,0.011163880914885335,0.00831279403701155,0.013127493161519269,0.0251613880475473,0.012485494524229038,0.040075323523631044,0.00731562150609525,0.039534221543291566,-0.011758479538624021,0.030162015578080997,2.9073613840353607,0.1114245116653826,0.010180832485415044
82.778,0.01154154911238581,0.004208154817969604,0.015812944799296316,0.0074859285903259125,0.08289430703678156,0.0017009986889140393,0.002293894374729396,0.006781395579894692,0.01941167452398431,0.05122248235259922,0.0004654172661939725,0.0,0.013884987912917788,-0.0025138033336676953,0.011840183747244437,0.009245026071740414,0.013993199826874754,0.012351300897791037,0.010351310919426841,0.027890779688129762,0.00705056475124295,0.055681399393596766,0.03148224378666009,0.011167660133853922,1.0434972146941552,0.08892748650123146,0.06971357823278618
83.278,0.003367890914443163,0.0010688549852992811,0.00894093365361743,0.0006808429072715647,0.08277901689460376,0.0015808088226266113,0.003941382939964595,0.010845124182942372,0.007464724417396376,0.04306058412719733,0.003926899467574382,0.0,0.0030642091313616755,-0.002581862291529345,0.010500297187998527,0.003356677423154923,0.006026698322715183,0.00425921244807878,0.0025819027009965838,0.010561422069160158,0.0043385752719708,0.047484575267390104,0.027571290523355482,0.0019223283741379238,-1.4519031480747169,0.14146226509897047,0.0357896013986262
83.788,0.001219964699346809,-0.00499911204417256,-0.004317191232401939,-0.0013036406174038251,0.05032608883483193,1.3041809637311404e-05,0.004819761208329758,0.015834928138797794,-0.0017966942327885401,0.0035792062936394957,0.0023417479858885886,0.0,-0.003416270954105323,0.0023188471961131316,0.008065569363258095,0.0011416962599212523,0.0021996246774548117,0.006705652252909733,-0.004718046492665903,-0.021546654960358843,-0.002491889822275274,-0.014450431755112344,0.016645242323064403,-0.030127979921769528,-0.4996942114432526,0.127756574258898,0.007210843879240403
84.278,0.009083891945117589,0.002705486922307383,0.0027652462707978085,0.004456760776930183,0.05649272127991526,-3.72621744018613e-05,0.0024672724470999534,0.00906553823335663,0.02293401027000456,0.0662648750209129,0.0011168237637367569,0.0,0.007419634153119133,0.014085805491106548,0.01804333887620906,0.0020893105798128688,0.006531210967534079,0.005608605545541577,0.0011233168608298706,0.04286512882963843,0.00262808726340793,0.03324022835826273,0.010961732061746858,0.03582069805802294,3.119217819646074,0.05954675875746763,0.06817912262493851
84.778,0.009769785352454088,0.0021324400229502816,-0.0008512422220338375,0.004795283088734987,0.06330321966449444,0.0023703969695124194,0.003389527466258645,0.01103157952018033,0.02583262373439691,0.07862705779084972,0.0014900882531488362,0.0,0.01021526936578094,0.012166955414122814,0.006826446764568905,-0.003397602797638579,0.0014718291276453485,0.010279330167514025,0.01052054101174122,0.038598161249826374,0.0045217908317371144,0.033108561546991634,-0.0070352809405271974,0.036042331936149016,4.536746686535886,0.0631517205039205,0.12446481181128699
85.278,0.010795302684161772,0.005902056322242091,0.016300837647959258,0.009135211422755751,0.06802763850782166,0.0012749429330313063,0.0021837148417968174,0.00780057286687473,0.013952321444699841,0.04887461193387076,0.0005499991289829516,0.0,0.018042943519835836,0.007125538742761566,0.008780632954456379,0.0019396441872786662,0.013503036994744476,0.023629150733273322,0.017605134548328263,0.05314016044282756,0.003271665990226026,0.0901101079059498,0.011457863682070996,0.021854593173945187,2.006210644529972,0.07111536725184649,0.08288983637727483
85.777,0.008470854197419057,0.001641512838976869,0.009955336186474218,0.005373765851230872,0.06260702628892113,0.0010043601185446371,0.0022732147404701435,0.01701491551819676,0.014613570228525639,0.04719441625406686,0.0010985765434278032,0.0,0.002267435372797112,0.00569845391405424,0.0003262947837907366,0.001192553222919048,-0.00495498709386491,0.017892531352131744,0.01547651864987271,0.024821171791529404,0.003194626964813475,0.04601249882351357,0.015952825645977893,0.02568888671771802,1.8228587667683893,-0.0022502719347604182,0.09492868495344034
86.285,0.013701532273486786,0.0029448222322230504,0.00717237013116513,0.006521904391207255,0.08406387966259317,0.00032923538215244417,0.004539176581474076,0.012095696505987873,0.028134788381171436,0.05533965810778252,0.0002790482844636963,0.0,0.007481448381562086,0.004215581605255343,0.00406968914174801,0.004436565067468459,0.017818583514989775,0.017580126380799768,0.0073004223509127485,0.0454865937874501,0.0025109937917182756,0.008817487498413329,0.018249510045370412,0.06371778618709527,4.32770200228873,0.14831005046474294,0.011513547159307247
86.777,0.012530468557719388,-0.0005030508904056924,0.009593281807745354,-0.0015899900314363703,0.13750712900841464,-0.000289456290120439,0.000367726863776421,0.021171516785018257,0.004573556934517233,-0.015060981986677381,0.00051325121347292,0.0,-0.006960763474082043,0.0009441063214776429,0.008031904622145765,0.0027278128313547637,0.005732044451813105,-0.004233705523283284,0.0029640810936011606,0.0061515574731941716,0.00015814521954200708,0.016489636647296215,0.04166200334859021,0.0070321143195706,1.3559052847447193,0.030244343005306425,-0.001517996674642647
87.288,0.01392393686673777,-0.0007968615144096133,0.0006798297294546526,-7.402193939717912e-05,0.08878085336368478,0.0005490793091875586,-0.00020300551185441028,0.01714786828404562,7.425550715242013e-05,0.020404536371210643,0.0010505094774022965,0.0,0.007622355425342172,0.0016947839622227167,0.0199221588062685,-0.0027901880719894993,0.0010084531530863464,0.004319172090858615,0.0014624032327407025,-0.010112328505165866,0.0057606655628919525,-0.02162239507306657,0.024514801789757807,-0.002308967351575027,3.667190338663876,0.012100628006444803,0.04748060764718818
87.778,0.007715042489433486,0.001680028245551696,0.005882244522275624,0.0017797614975394328,0.054495034846723724,-0.0002586065274881507,0.0006159565589971723,0.021469765804946146,0.012072350214003989,0.11190688972174526,-0.0020979131139091988,0.0,0.005412956046577692,0.005000359533229375,0.007250871806422253,0.005319374530110602,0.008761268168299514,0.004070288762945138,0.0026183742897497035,0.030552204207829368,-0.00048403178647363833,0.029299960134672634,0.014546293789452401,0.00047160244310545744,1.858963102715515,0.14868809313311215,0.13829975600089306
88.281,-0.0006973706275038362,0.0016477268241351884,0.008289593892684103,5.4825523274485575e-06,0.08422083737383736,0.0005721243078942641,0.004026743035225668,0.031951694065232863,0.02478055003137815,0.13144625311753552,0.0003005223809940273,0.0,0.004438813796956138,0.0039145542868576026,-0.001225818025460096,-0.005251225581635852,-0.0007019181199317289,0.004002061550245401,0.008885128897426165,0.023167802869081426,0.00628418381912301,0.02624648751311594,0.01594201262777655,0.03730365672079106,1.6617093531444618,0.06382265986653861,0.18235712153723524
88.785,0.004653491266536735,0.003167340394156566,0.01709114261974265,0.005038781498135284,0.11516655596522626,0.0025689902834844873,0.0007001360154718955,0.016586447244291723,0.025448964989419853,0.13495527227610002,0.0010522230851259117,0.0,0.00038761122940939334,0.005911729842271048,0.00011670141536076302,0.009084042586480023,-0.0009473167604144692,0.014917857500765743,0.013101597684844613,0.06529197685557163,0.006382217403102983,0.0755784947261748,0.0003295028890841763,0.08721604799990984,3.2803812448218674,0.19741067048298436,0.1684084836897716
89.286,-0.010127196862940504,0.0013999195619997817,0.015166752379334122,0.0036572393539468276,0.10018160661944903,-0.0014748169170863046,-0.001383782069904686,0.0009633560729017599,0.020976182317370622,0.10860386963601007,-0.0022077440051731846,0.0,0.001591647606299763,0.008880904134563657,0.008280809186537463,0.009171095792095714,0.0064334311879169865,0.009325358695981723,0.005905136680307177,0.06178424111035254,0.007305917114800579,0.010336717323120777,0.04114788162461868,0.031958602158193086,2.077830155058832,0.218015238587126,0.09278691914465931
89.786,-0.0018033577018421345,0.0004273119905980068,0.007107660676633048,0.0028242353284102244,0.15977315289234534,-0.00043596311197257795,0.00128579918569781,0.013852876787619121,0.0036638368561550303,0.06329498638686828,9.035268588460063e-05,0.0,0.0051533972337155735,0.005435598012238875,0.009398304713981807,-0.001106581214584528,0.004680764688326179,0.01233055772151112,0.0027926159543375613,0.00906387702295935,0.004486152316258192,0.02475543206684531,0.03228561782420228,0.02442638922832667,0.5814505406255613,0.09584893295799461,0.04829649312991724
90.277,0.01197576776426032,0.003711032587261125,0.0052175201281263,0.0014016498027873937,0.1816508653315596,0.002986097000713885,0.0066702480515792775,0.01374025175346469,0.0066691872332059225,0.08522241030482548,0.0038838351232103625,0.0,0.009636499420110016,0.004909037496368653,0.013600547790910716,0.006827100597303367,0.007762448761064138,-0.002108047374106379,0.002502475306769773,0.01449816283144362,0.006716628837967451,0.02110196907150227,0.017008489973512682,-0.0012126919965566954,-0.017079879850945775,0.24840331085682055,0.014768858545649813
90.778,0.013251294723655448,0.005653957901386,0.01309786875162714,0.005355253801880696,0.1488957138743425,0.0029208473909620256,0.009741547231658225,0.016478262293587852,0.015559890242726295,0.025240950472177812,0.004830352973703165,0.0,0.013924056028067053,0.013208509237318792,0.009882514481661895,0.0072376822338499425,0.009526119124380122,0.010902604249337634,0.003964322458947969,0.022751392909591942,0.004747870579671546,0.01454553114549478,0.04039667844476306,0.02981432191204877,2.8681282062091533,0.06461165150165665,0.02241106146902629
91.278,0.004994057292122372,0.007354381703545134,0.01031746611484806,0.0016716191891505048,0.10426072518677626,0.0020406944722107067,0.006302608315804277,0.005707613643817348,0.026046874089449435,0.0265744904322904,0.0011332813846792445,0.0,0.005550623203169276,0.004380868348975722,0.008040107274035436,0.004178791686464161,0.0038692268784534674,0.0067901710617940024,0.005418505630706893,0.028990671378283824,0.0006797393528938639,0.03721223202194933,0.01579215720933968,0.03542947139835911,1.0695233638312867,0.017297370505151535,0.05511507490935466
91.777,0.007250331078781021,0.008096151367254723,0.012452995472096605,0.008776949825527822,0.10681532864458955,0.003938681502800498,0.005050364027238108,0.0003463311055109294,0.027918922231793306,0.03275687748068789,0.0038898059336751876,0.0,0.014836929322318174,0.013136765842577953,0.004771937443893243,0.0110118153242304,0.004542970198212066,0.021259456465602754,0.01276458710877486,0.07042669775570048,0.008862300958086844,0.04108542283908224,0.0015998684523444873,0.04655379098154495,2.1947754284395837,-0.017192894102024257,0.10796589418837474
92.277,0.01488335708044953,0.0027319144896361114,0.018095849783581926,0.008754271279543289,0.07090044687611534,0.004933300570276977,0.005331443260400776,0.018681533877672813,0.01607078191232222,0.0323719198887958,0.003385597387383801,0.0,0.01442849107549756,0.016205899153919186,0.00819764639942727,0.002012865120241595,0.005145060352911092,0.019002082621591383,0.014609802522750468,0.04116671518982988,0.010921568084640494,0.04730652647907774,0.021009017356373522,0.053967045558578196,3.810405382351955,0.10616364190851399,0.04119586880915419
92.788,0.0069325533688749845,0.00422199364077509,0.010021930448622797,0.0057732285239008065,0.0032412351404955807,0.0023695118505709543,0.004824756595547547,0.01140727767124118,0.029653414405172596,0.06811556801358137,0.00371495123089312,0.0,0.0031222663755850937,0.013764152323013342,0.00597407640575907,6.0468425294114105e-05,0.0052581063544552605,0.008995204157306163,0.013045149258902624,0.033518592776966366,0.008530318513949612,0.02282986355847384,0.01466818416661824,0.0362643171703075,2.0742443412972102,0.13565719068502863,0.08443843783532862
93.278,0.014522059755679623,3.4141714010864936e-05,0.010083152913527254,0.0015236891007053821,0.050773653099520664,0.0029937083206186504,0.0027503283683710466,0.01707327752278879,0.009054287707123139,0.038814520286198965,0.004157883023417605,0.0,0.006540990339516631,0.006266489159211357,0.01120860323824095,0.008591725275570172,0.0036740525473666747,-0.0017179677736573495,0.004541266564852491,0.009996589653998682,0.005075865123961507,0.0022458826581402327,0.048861580504764315,0.037694586882201175,4.0175028172289915,0.08073643798762539,0.037894743540059346
93.778,0.011144388615287852,0.002154718684286843,0.004769064125358658,0.00038062306669773004,0.017163942361037042,0.0038490076288282514,0.0037223985266940716,0.007236743523084027,0.0022053474936671877,-0.023422968136120808,0.002995048160104617,0.0,0.012614621116736356,-0.0059279568008265855,0.017710235459517356,0.004470168731163791,0.00929686537541874,4.498135006783968e-05,0.0010751606439987611,0.004019917909406127,0.002902413756561243,0.017287996229914955,0.0239719482048102,0.013778361563509714,1.6151992037519363,0.01085333699329769,0.006289008131315302
94.277,0.005596829251110503,0.006353952396868458,0.021674540734023407,0.006166322757893674,-0.015733382110991262,0.0005755742610799536,0.0023806606809651837,0.0019689712104081518,0.010960458499562207,0.01409844109735122,0.0008298687464227886,0.0,0.01598304936259336,0.011188997328808736,-0.0004201447078918367,0.008875200161656384,0.00794446703911964,0.018043875155291777,0.0056404874859363125,0.061250526009109504,-0.0024888819331518215,0.08617642303068027,0.039715742750268374,0.024296437634175553,3.767859946642834,-0.01010262725011443,0.014631266004456276
94.777,0.023758410583627584,0.0074978150274790075,0.01787410470002775,0.00934986961189047,0.11859947935204777,0.004082713517791195,0.00559491203272447,0.01190004662020133,0.02626045367397735,0.057830087905764306,0.003279923762229873,0.0,0.01191629910358843,0.00967306679178714,0.008968057772578041,0.006488874621368351,0.008244077530478533,0.02685617471455395,0.012554091052334888,0.08257498724886815,0.007239851160075093,0.03560183423353735,0.023875383329974978,0.055716807405260846,1.792163925350171,0.11570480417047505,0.08004055859711495
95.278,0.0061815631207370325,0.004701597152223404,0.016182689358644458,0.008474042020152974,0.011940273870302512,0.001993941762255913,0.0043279002089706906,0.0007092907203808919,0.02812251086669524,0.05130489855562562,0.0016378690411037533,0.0,0.013038993510411524,0.0016596039979526432,-0.0020036707277902585,0.009152769603340886,0.013235840132250553,0.02336581941458972,0.013548955855358466,0.07671267600663252,0.007915999778945087,0.058257556114453074,0.02663301349350176,0.05432277217021028,2.1803927520637787,0.14317871222894785,0.052643065830989
95.778,0.015093198637024217,0.0028283616193338214,0.016886280028563617,0.005284780199797666,0.08648705563286992,0.0036057191032256167,0.006694002605496848,0.0011567765191713567,0.0023056600398099272,0.02498410509793422,0.005501868646993219,0.0,0.012085462165767023,0.00679881824489504,0.0076871289071242825,0.010227648273168407,0.014091039371578707,0.014272307147033522,0.006310823958287246,0.011095047939402572,0.0025941291349679692,0.06185032919091819,0.043720531644904206,0.043353486731149346,0.345407928002784,-0.04905105903938732,0.060983757509277654
96.278,0.013613465570388943,0.00114153358185349,0.00082500698057414,0.0023387829720232026,0.04019259083109423,0.0017163983422925123,0.004854893358157222,0.013761217951053591,-0.0021085971127551904,0.05635508720840161,0.004031624277345078,0.0,0.007212374012771673,0.0015270902715698081,0.014118795293154886,0.011663067615451465,0.011585576626436835,0.0003066602778363476,0.0012052846562522444,-0.0178154115979756,0.0027173744553202327,0.0052647990644753605,0.0343783185963869,0.0380498524942014,2.3833446393045894,0.09988006475092126,0.05366950192032891
96.777,0.014518614856350854,0.004930558096963214,0.00782378503360003,0.0034608248380806747,0.08830026191746324,0.002614093266605897,0.0017266166475156809,0.01127332088625014,0.01387654017401254,0.03833434108316995,0.0037405076811232647,0.0,0.008561456982777438,0.013411796984168148,0.0152519389544333,0.008360819121072218,0.009471740242391235,0.0018130409733468137,0.0023596447543516325,0.020383694668896495,0.0026566159129847197,0.03763370356293475,0.03880184536449328,0.03944062034226443,0.7953454633165702,0.07055086674763097,-0.00536096470739623
97.279,0.01372360595389712,0.008769371610702268,0.020867866970399555,0.008532868656914118,0.011362335737899703,0.0016254882168144059,0.0064509800691828776,0.010434403304552812,0.02921202042579701,0.03748156820091511,0.0029034031786331713,0.0,0.015014918535527987,0.007336789380562005,0.0035248125556515152,0.009540848622481949,0.020500535387188486,0.020365665165148324,0.008085650756270508,0.06061193224928874,0.004697020948311491,0.06637813408744052,0.03319303443493483,0.04154301530393988,2.169852164537557,0.09017730986504469,0.040733535291017794
97.777,0.015385119332135962,0.006035761755242182,0.013986575268328567,0.00872920959506599,-0.0010042612505524065,0.002548493915347292,0.004627320373062318,0.02343211821557742,0.009055495009587328,0.05159972553123915,0.00372622855365818,0.0,0.015965038337687337,0.008772630328621243,0.0024430993044734822,0.0024731332778999684,0.007796382352796304,0.02410929771852496,0.017953637223649368,0.057595817401992516,0.01135695524384779,0.046768084432028185,0.03125042489114331,0.017185158009682754,2.8344757335072734,0.03673686103094856,0.10207182046277782
98.289,0.015284863962568127,0.010189397068981814,0.02154344333644918,0.011553723620724788,0.07128595167954707,0.003231963805606398,0.004318997585783252,0.011022314095514933,0.028483103606330214,0.019378532111436846,0.005673513666171631,0.0,0.02016782676379682,0.007946886948351781,-0.0025321240554704648,0.013946259186487913,0.017478637903422974,0.029496966976540254,0.015933158830449524,0.08751240721077473,0.010879374860503409,0.07787593601487076,0.026164890487678436,0.06997748791217852,1.6487021372727477,0.10247250883690234,0.03234947125197475
98.778,0.006877653010912647,-8.779297888522013e-05,0.012885381774908224,6.6139418866651555e-06,0.0033121683464804597,0.0013901456016075042,0.0008852657311744176,0.018456099953018636,0.008831013942602122,0.001979948373507628,0.0023268957604728495,0.0,-0.00015970834861344296,-0.0014559708101041166,0.004922955537285748,0.005755090488266706,0.012641953948963273,0.003941577687221674,0.002829608860278615,0.01809949075146124,0.0023615419365170167,0.015466327390129736,0.051531475388408556,0.007328677839367037,5.426890802306646,0.004984944702708773,0.010047822225508875
99.278,0.010450519143637498,0.0020276964818867994,-0.004616443329716095,0.00014188160025338625,0.11007244917755686,0.003029714199224801,0.0015568541322541726,0.03841701937314425,-0.007550489811957254,-0.002369343509533467,0.004012601799167269,0.0,0.00023414090314967587,0.006596778527037603,0.014629437768568837,0.007899374186273258,0.0014339518588951565,0.005942142822579817,-0.0010764888526605314,0.003491417715108479,0.008442562506169194,-0.036988245936547884,0.022933279788734322,0.008481222131216002,-0.08216494701118128,0.06040215738409121,0.021775611042730406
99.788,0.010672663472674407,0.005087285906022831,0.012746130107517241,0.000608526969654975,0.08851785219679419,0.003943577450990674,0.002189761006798733,0.0330975654997777,0.01790392925193007,0.01409868877447753,0.0038475073518949143,0.0,0.005512084484473714,0.010435244040597827,0.013101874561338482,0.00409428483046282,0.005856593241749394,-0.0027935092423874096,-0.0013339455099943514,0.022132780859872244,0.003971110493970062,0.028599988212255126,0.03749902963712662,-0.003323502343825296,2.595048469650775,0.0171110793554646,0.03574684745252897
100.277,0.005411695855626619,0.004356252215729514,0.014081868941675603,0.009036838456252996,0.03493123575605545,0.002562997714688807,0.0013101646163848127,0.026825964598519575,0.04660792925391239,0.0346019733669222,0.0035433603389511746,0.0,0.03646788990931984,0.01729506095377523,0.008940931963826795,0.006994324841538553,0.011497748022112099,0.01417958632428437,0.011350596950914532,0.07839264923264443,0.006179571909255109,0.052116770193832755,0.006335843943822996,0.08737764937246036,-1.0247882910302004,0.027682656705103982,0.058172859202252014
100.778,0.013508918923620408,0.0038562347543706584,0.02731573171287907,0.013479695351943525,0.09072996438876514,0.0040398225606918395,0.005610429732303502,0.03465031451460384,0.05019486911791964,0.07021256307218315,0.0021328755055803985,0.0,0.04403545048866547,0.015834862956168285,0.02035850896819464,0.014140066280995218,0.008226160601475935,0.023561531376537746,0.012674097246555691,0.08147202941033249,0.011568201565936395,0.131840791370186,0.018439531154570015,0.06648705202001222,3.6682053855433616,0.11864733017879482,0.08898473331887484
101.279,0.012372014784245303,0.0018844492545521643,0.01965245341939487,0.010158131307204851,0.11142275122367301,0.0022730628626253364,0.003106300034092098,0.023925736757168397,0.03988122316172771,0.060449876738572945,0.0010890238185103983,0.0,0.032039532745517005,0.007578755131829957,0.006247282696715289,0.013574332073606943,0.016703588743283142,0.017981325906235517,0.01231044883509564,0.0522561463498979,0.008660521726540917,0.07914086820197104,0.02896530216482531,0.05582304937773087,1.4348636176214034,0.07786655516597564,0.07246635257153748
101.779,0.005222420798929209,-9.580142307480423e-05,0.007689591078565517,0.005267811125019321,0.030710663560579787,0.0019278124342596147,0.0023010650873357846,0.01893880366021394,0.032981401206254125,0.07040337341392455,0.0028199114007080683,0.0,0.013947559431804143,0.011003722061268211,0.020228910398011554,0.008570509480504751,0.0020315171900332466,0.011994649030489773,0.006623017690282385,0.03326839013515603,0.0054058571866886064,0.0002608734616694852,0.02299346702994984,0.04816088386777395,2.8166213304147414,0.09420521266143295,0.08740556491994453
102.279,0.006727748618888069,-0.002428137945184919,0.005950433381082245,0.0008971897527966035,0.025546720353466158,0.0005147147431569095,0.0018387779902668449,0.020901259225394736,0.01372250429874272,0.049658742490124,0.0021551976357409674,0.0,0.01191249081006567,0.005849637803931396,0.016442559608500697,0.003120641683965971,0.005921352482715283,0.00307349917675083,-0.0014629293681744182,0.007172817979883978,-0.0009419926118416265,0.01956618694866849,0.027747729397313004,0.009805880802706515,3.363509520155022,0.14759440724201325,0.02627449572844046
102.779,0.01667309083847179,0.004520671550242938,0.015442735271081599,0.005356590947822243,0.06433382953831665,0.0028236168658254453,0.006298793537315902,0.027898558058020703,0.03247002733047686,0.10117016965965547,0.0024106911983285385,0.0,0.014505871739783707,0.014232861016353548,0.012281745133066395,0.0103267420973793,0.011612019994948944,0.00789308550496125,0.002120968345015795,0.044700692750949136,0.0021365364958408927,0.04418175712983002,0.03995446350550616,0.08060127051641812,4.0155576644525235,0.1353500058642896,0.1274677996582627
103.278,-0.0014622996499401486,4.2546132373193504e-05,-0.0003669292660568987,0.006157976349852035,0.07218841587645222,-0.0005551716929909161,0.0019877537568518937,0.028222990684933124,0.027737549741109757,0.05339897678080618,-0.002165262322028072,0.0,0.006318363453098998,0.013332059237709939,0.009518397117516264,0.006284007856356029,0.0031959378588362008,0.012902529422068244,0.009717427998808214,0.043814235855911876,0.0010864042562996883,0.015989435646193255,-0.010645112306413313,0.04040206675682523,1.0388196551264508,0.09962843059544632,0.08827216012214799
103.778,0.009705666596998777,0.004827747581481598,0.017219238695526076,0.007244517441483056,0.030860309353637393,0.002953762979540798,0.003887113851567462,0.04499762711203619,0.03743154979410101,0.053639955623160276,0.0014613231077688698,0.0,0.013210534553363615,0.01620940262702665,0.010983265594593119,0.008887697069027822,0.007248838404750309,0.012622073277970138,0.006770503689110859,0.05322059124813097,0.008567855620226914,0.023680700078782545,0.024910811163263265,0.05540922466606084,2.0066295572987496,0.1715432450464441,0.04851361235070981
104.278,0.00492743642414149,0.006242630265742675,0.017609696405237605,0.009517475634935081,0.04869951399039055,0.001983018403549833,0.004543444674092361,0.030399748325597813,0.034992055097847106,0.0970981643722252,0.00171918510826716,0.0,0.016500605458814564,0.014232251723395189,0.01034421739107699,0.007560725843516107,0.005292684380354289,0.01975142541875511,0.01369574638834757,0.05865760107290008,0.005252391828918793,0.019583484918628886,0.04354636972312267,0.06889814015671275,1.6286520646935194,0.14524938398512596,0.10505164551728907
104.779,0.007119402539835287,0.0038752676799133894,0.0008072832681684318,0.00528054030327317,0.03593845985522121,0.001610373336971607,0.005240572540006679,0.03384959987685068,0.018512825492556353,0.08601466914919759,0.002190079255947188,0.0,0.002093366240663564,-0.00048127185298444677,0.005452504039260378,0.010749521311191024,0.00540910703279333,0.013378424165507264,0.012572889475144153,0.025487476018644865,0.005454728755412725,0.01736549747296412,0.004212955221997052,0.049018101153284144,-0.47184561847771833,0.07598231442165244,0.10550037114488792
105.284,0.00334658060846616,0.0007771613967462296,0.016013498825388335,0.00044286015674558087,0.05965646683021754,0.0013706266337538192,0.004795119120526044,0.00788181794012898,-0.003289122502576124,0.033848848334261286,0.0019084257974038299,0.0,0.012691551475463669,-0.0013317140699635444,0.011937814931035734,0.005373288827154648,0.009080471613878715,0.004051082884233459,0.0013529933549292514,-0.008245836070486873,0.0027325549751261455,0.018271595814874805,0.07317755262031746,0.004493351169022079,4.257609363903692,0.16737218529231498,-0.002488011805431226
105.778,0.00028222816329575044,0.00888615762347202,0.010009560448694109,-0.0015286232290411656,0.10115388172358557,0.0024290769525898465,0.0061094655179383135,0.01536553673902048,-0.002691162345999831,0.0217287384558513,0.0035087111956357306,0.0,0.009471037898728583,-0.011574956813428652,0.0058970101471123165,0.006743633358163817,0.01508227481399152,0.0017952103617973286,-0.004947377974151224,0.017616922688329335,-0.006121306368163172,0.0492103986553875,0.05541888978372113,0.017461110500922663,3.7893884298730782,0.11418319367028679,0.0313177172139735
106.28,0.0005527635201692941,0.012631951550520156,0.006084638187523859,0.007280958734300606,0.059059427427903204,0.0025927047552213004,0.0008012499710035169,-0.009838614675100978,0.03003866556750587,0.022157361826848472,0.0023432337393084163,0.0,0.015472800557556213,0.004505480190652245,0.009553415028891434,0.007280732372186613,0.012467157676160844,0.02022983098051656,0.0072945043376618605,0.0710046401375379,0.006837878571479483,0.026335814199383717,-0.009659008459689452,0.02746786876996181,-0.24499728818354433,0.0081132937718873,0.08768285038755999
106.778,0.008631547997647687,0.008677224353746262,0.007655872537333578,0.007607702614989744,0.047060760397001314,0.0011875457136778706,0.0037179779057792428,0.01227915106019743,0.032925349254473865,0.025204693536495373,0.0033796023315197207,0.0,0.007733916605527702,0.014264524085591692,0.01337931990145009,0.006727993839771429,0.004669090105501707,0.013513307723216274,0.010813716430710834,0.07352665049117783,0.004614447416754481,0.03337049486315701,0.0004314420887015552,0.030633426308350642,2.244518326015648,-0.005757519502015986,0.06326063056142975
107.28,-0.005938628187860692,0.004071218589231155,0.00013071263488393072,0.004998667485202719,0.011507896850205897,-0.00013213473454690272,4.8055544740975154e-05,0.012236919591867472,0.022874859999070844,0.017771986415623983,0.003004444368111406,0.0,0.0102078370579088,0.007621527408939452,0.004324722192456061,0.00044435125785807783,-0.0008139699065359766,0.01916297922005414,0.007974680503051097,0.0350125931499121,0.0068863168094475844,-0.019120406995148966,0.020455720019526894,0.03063744611051309,1.4240594177942831,0.018162262211638178,0.033164949689559485
107.784,0.005182929783963134,0.006973230338547434,0.007914797829723767,0.00593674028942665,0.08900726839349701,0.0006937834587759345,0.00478307601287998,0.022376031241436316,0.016798163493302407,0.07749140006886332,-0.0005692383399620665,0.0,0.023455867313956404,0.012411555136035413,0.002744932887831317,0.01060789182821027,-0.0009689439111594859,0.011637117811909518,0.013991537964451234,0.034795070798440415,0.0023213444351623874,0.046038655130438616,-0.002579762208142543,0.0205141716601624,4.4020288491265545,0.061046286624975785,0.12307066175721146
108.285,0.011750294708856284,0.006858410376263557,0.011839707787371832,0.004859779779008013,0.06534844832850582,0.0012605816397330528,0.005286602639871817,0.03454207494438307,0.01976549318369148,0.060344173055745666,0.001794228903955237,0.0,0.005013451326878664,0.016303425048695617,0.012564169928044912,0.005686739030317976,0.0019528060287342926,0.008443095667144143,0.006229732327265143,0.02709950270924374,0.00311851081296142,0.04647408386505326,0.025166640845522455,0.05279496437269407,1.6866873140003966,0.1488158302281244,0.058174180627948095
108.786,0.0037146036695380634,-6.51030038826916e-05,0.0053151348871695635,-1.70072791373577e-05,0.04294009751596923,0.00042891776445710045,-0.0014462391902646196,0.02092779600298476,-0.0002796318157834909,0.07123489907317286,0.0004950397145701492,0.0,0.00625908984916777,0.0044312863608324295,0.02045942311044648,-0.0008464633907017596,0.004425400005967689,-0.0011041124351810773,0.0010246717486621063,-0.004354196124767405,0.0019809172129241063,0.025446079337678604,0.0365350938517556,-0.004608027980193089,3.871058726011193,0.21035184426210973,0.035137572160188806
109.278,0.0016897763834785578,0.003516148249799006,-0.00029878289536296155,0.00028938498022450823,0.026718623815262594,0.00012251029622995728,-0.00255537056109256,0.0231597098886723,0.020666512664849104,-0.024097431096877432,0.001262650187239649,0.0,0.01049121129393132,0.00774700897865401,0.0029707928970789665,-0.0017510149129689198,-0.002356308422506098,0.004730566605132245,0.0053550951744251625,0.02945935059826337,0.002227625587533178,0.02690811498591044,-0.007627819459264622,-0.0016273083692783844,0.48163372216097217,0.027298718045087402,-0.05874321151049593
109.778,-0.005154416124907609,0.0020912671870576154,0.005581130107137127,0.001917533650700639,-0.027454294719190944,-5.2273970641662524e-05,-0.0030932384444005037,0.0005654125756412666,0.015184875540286144,0.03671690836256465,0.0027669474098931087,0.0,0.00444517493973644,0.0026264828541524426,-0.006421014048189514,-0.0020931811939933443,0.006207127276607891,0.011822420898905561,0.005986475823408074,0.04290726228360554,0.003639708052603294,0.006124680569550877,0.013386760136626074,0.06204814810874182,2.5208202242892668,0.08194565092523795,0.05157491447942239
110.295,0.008305124530603168,0.007457973351111246,0.010770297700410643,0.004687909369668113,0.060709769629091546,0.0014874749370768436,0.005759987348204362,0.011285888163944064,0.024419367511648457,0.08865646710394767,0.0009254872377292659,0.0,0.01818199049924762,0.01187198135784557,0.007516220600405944,0.00287131752308213,-0.0011390139869541858,0.01125106752471519,0.007709270612013137,0.04057033624166258,0.004527755658585303,0.035803911827335534,0.019101153253377624,0.03977518150250771,1.2359965288275143,0.17279355106268696,0.08259516297408265
110.778,0.004241418961821831,0.002702822950694726,0.007521317839624359,0.009253024765603354,0.00025310431790661757,0.0008560976160388884,0.003993473917136369,0.008288097312917159,0.015376811110054626,0.023841035271936775,-0.00012857353543142345,0.0,0.019048809342686414,0.01579074448811456,0.0027576659363355545,0.00489637544866023,0.006459073564327683,0.017882067454878053,0.012680754185405279,0.04519514972689029,0.00684193426079306,0.009192977239040015,0.024113802971503354,0.049968396759275495,2.0959803589787653,0.03164099524502506,0.07114040832633842
111.277,0.004466809421458553,0.002272779336614925,0.017762473781113834,0.006643617655588459,0.020954633281801655,0.0008714477106666991,0.0020310420852806712,0.009013081361877782,0.010616250916181558,0.001519654778797625,0.002092936754061207,0.0,0.012543995898963801,0.005291249924569383,0.01824893617136544,0.01250312620965985,0.007676348827484191,0.00937763718365071,0.00817395860633131,0.029730103359348285,0.0020425286748849674,0.03073304855212111,0.03538426050018069,0.03843350598165889,2.489397257999856,0.08284471978109026,-0.040445511111276436
111.778,0.0017554281901935845,0.00035421201506799705,0.005010851819389256,0.0002218350465453726,0.044708417977337676,0.00010808443947939548,0.006362991565451765,0.006314770128989262,0.004411819830629597,0.005085137656685524,0.0025664727491611305,0.0,0.01512722693737769,0.006469420319407373,0.002495007253814413,0.00010681321481081187,0.005432762109445392,-0.0004228143186063284,0.0027887113022088063,-0.0057626145385279584,0.0029723279144381913,0.0032035973640973025,0.03958569222452071,3.8148045638681444e-07,1.1134182250664066,0.07667365062536977,0.008932944133625558
112.278,0.008286070823542978,0.0005485267196925434,0.007750184189018652,0.001923498309252761,0.04378497879804888,0.0008813112637092983,0.0026516035875512366,0.02578806571178532,0.009009469598832974,0.06214194078205924,0.002502317034734275,0.0,0.009909723980667553,0.00880453019277443,0.019785639746469158,0.009742055577967375,0.0035840262272499135,-0.0012102479795423188,0.002992500524795885,0.017718480638442405,0.003200470455088144,0.02251257522580823,0.026176833406215586,0.007260865815845278,3.272379314781207,0.07857574249127605,0.09234488211362332
112.779,0.010790499629950672,0.004388464191405709,0.004132702115731976,0.0035377553037195288,0.08672043276761526,0.0025021571979127397,0.004993719513100497,0.0007833026523142764,0.008689386538388666,0.04153407163027138,0.002009909505804181,0.0,0.017572058890642887,0.006406540103320549,0.016269131333460092,0.003624138370279852,0.005343790352846395,0.0052742129518334084,0.006603890356132366,0.026016497077255805,0.006880202700364823,0.011358189502868273,0.012556699156402763,0.06528951545739446,1.3527538821001182,0.06909404086009709,0.03291920967275137
113.278,0.015406052244448574,0.00385994967154972,0.012585553573506141,0.00744455000992969,0.03691917537212075,0.0013731873504120677,0.010102675608417601,0.013256694114087999,0.0167358972571087,0.054918391902223786,0.001240638202168749,0.0,0.01972625260577692,0.02033023199623028,0.012307065016581246,-0.0011334026559261224,0.005637693794739947,0.019102521876334166,0.009378775665957342,0.06387400738633968,0.008512066117860387,0.05925126018745136,0.026217957247453932,0.06051288868611846,0.6445225484924605,0.0028170246432221635,0.09497345747208939
113.786,0.009054886047239828,0.00600815339337726,0.016981870994937552,0.011368083175833956,0.06978836475395946,0.0033483955213849813,0.007391784470959298,0.004007021476109271,0.01895788335108384,0.06286362528163145,0.003911781293307357,0.0,0.024931392263736134,0.012215850389024379,0.008750798979071816,0.00493362130135078,0.010384521148056335,0.022332008193532933,0.014135391830181115,0.05362407270494109,0.006515260278184182,0.07951251181109413,0.026955102782420245,0.0488609528731127,3.2858427917338506,0.06393772327470819,0.11956254188343451
114.277,0.004329589287558187,0.0007632240583856308,0.002620719055000241,0.0060077666731441146,0.06990737138465153,3.194317913021677e-05,-0.00365374886346889,0.015243529544907495,0.01095844109141154,0.0798999846414862,-0.0015590745889475907,0.0,0.006009884242179337,0.009997680456492717,0.012341154967684132,0.00228934129600439,0.008269279858882763,0.014097204388770332,0.007296294918289481,0.0051986021529558295,0.006436366351033535,0.05077444029386266,0.018294717127607392,0.004843822305638256,-0.5968812112895526,0.16627474198836895,0.08803707960386091
114.777,0.008367672966934416,0.0015954869656386063,0.007016060540238729,0.0024148256593144687,0.06323596889643242,-0.0007664077007803815,0.0010874360731456137,0.010554754844240222,0.0006483134016969359,0.05283222782825938,0.0007009817020901739,0.0,0.016683936929406208,0.0036516140375227224,0.012109350557454853,0.0010047882652491227,0.008101863708852046,0.00893454318130805,5.9859499948473886e-05,0.01650526567570925,-0.0005907880921154254,0.015871084872140884,0.042007750280627504,0.03512601783439986,5.537179081981675,0.1127166667610437,0.07496493959598195
115.279,0.006960020926795939,0.000660670222283739,0.006226192697933339,0.0026571595971753843,0.03386262071637283,0.0013605899455756856,0.0024706619895509528,0.016098401030858838,0.007094014515386051,0.037006965746717135,0.006372365541224803,0.0,0.006318607811984372,0.0029276535937343205,0.007826354763482105,0.006148283873518965,0.005340119834689554,0.003975319038662663,0.0032232126861408018,0.01878110499539046,0.0018604047850998167,0.006555289122241637,0.036512061492061335,0.002545537800465487,4.5958278022186745,0.08560148636933854,0.0351895960254721
115.777,0.007903095575687672,0.0016360908703706642,-0.0008575658094780274,0.0021872576480836993,0.045446875273163094,0.004408808619117458,0.0038619906868846343,0.02343341674487853,0.011760969734849495,0.01552939429408135,0.001802556969011215,0.0,-1.9956408224539042e-05,0.0104317223037668,0.00888503066467029,0.0009937055006690437,0.00784481884405867,0.004494238514583448,0.003494545361198674,0.016891400525931407,0.006146376899083132,-0.01774350022831074,0.028203317565403303,0.02971866340419079,2.391303403992336,0.024027675876579443,0.013067915512093364
116.278,0.006674098469396121,0.005101795499457802,0.010520193171217829,0.0033455865444695196,0.0860871671731468,0.003527067406024234,0.004425951163399251,0.018428934790155692,0.017234570610580223,0.07351187883107216,0.0007113301639508729,0.0,0.016391457779362212,0.012459062732209354,0.0018476367005434932,0.0023281887289044933,0.009105466502137458,0.0033424726870073455,0.00823074415870596,0.036417601664255256,0.004246652054797345,0.01491822140939104,0.02412523725841969,0.029697849886528307,2.2613168475138896,0.07957052290220387,0.07632913635152058
116.779,0.013940590008884937,0.0037972077549905067,0.008068324850215353,0.00715358207778044,0.024367998157641978,0.004078274704089641,0.004477046332528202,0.01707265326339481,0.01855872772577522,0.05970818727407192,0.004245010532542906,0.0,0.024093557876957772,0.016061528559465157,-0.0007845748150701689,0.004721839291559278,0.0011443841507317914,0.016682381412307424,0.009390238140905977,0.032105548631751246,0.00907267874950658,0.060686340471736176,-0.0012325397478548093,-0.006014184124092119,3.958029224606117,0.14517815820738597,0.06313452430167081
117.279,0.003675873943509821,0.005514165875714934,0.011000469931587457,0.00702661626353877,0.03823567784882173,0.00133885210449745,0.001073932308635709,0.008220031147094601,0.020188467854846456,0.04095301628980241,0.0012871458412589878,0.0,0.016098536240299367,0.013158174810451048,0.0025374980010678797,0.005596243622832297,0.006221996226160625,0.013001275144239956,0.010464369742752852,0.052600135261868186,0.005105655360077596,0.05071539816427247,0.018438191891565484,0.03277134956768735,3.3032365686145617,0.07250983374087425,0.04680297658657896
117.778,0.010229081696337856,0.004059981788398862,-0.0016304064615856092,0.006183635913168165,0.055382182457964335,0.0016142058967841247,0.00170753304318173,-0.001750827007217419,0.015207622831463085,0.06093535630417846,0.0020365580116338323,0.0,0.007961339802896601,0.01001490898702879,0.005440690332360859,0.0053091554372195525,0.011400170863619436,0.012405959988146026,0.008462237304281299,0.025105797187980807,0.0019127164857950692,-0.006613382833661914,0.027163739007634326,0.02627684697326455,3.7342279166392665,0.11690386657689344,0.07625134094755678
118.279,0.01925205070648724,0.0037085800679268824,0.010785965603933445,0.0054405761778716834,0.05705985620204925,0.0032718449001517763,0.003804129518819322,0.029629101224637938,0.014579155159875838,0.08208815455255343,0.0052671415194282195,0.0,-0.0005686208013116503,0.006229385976293814,0.016251080345841745,0.004181319900577731,0.00915169687669481,0.005010338103331337,0.00877216529685278,0.026218553122013894,0.0029385076927276846,0.043793186932742596,0.03742784365578029,0.03475222028648027,2.6731404135587895,0.06566040810941837,0.11203815821012135
118.778,0.013834549182621399,0.0012534379855171113,0.002052007653666428,-3.318292708408974e-05,0.07304475348904509,0.0013136895399806546,-0.0001235714007627289,0.01739066480349431,0.008866180702027998,0.0269399354749787,0.000753448417751444,0.0,-0.0051745726003764115,0.0064947331320786075,0.008193943908123174,0.005385826010328371,0.012826479963840341,-0.0008944401418125352,-0.002430142251452986,0.0008268163219791303,0.0001296864490748282,0.05017998923453653,0.028290955025015416,0.0389108713045154,1.36239118611966,0.10154496623106314,0.06469098624976084
119.279,0.011703138671092402,0.00291869712855734,0.016672146330851238,0.004669983696826749,0.01458520262697793,0.0020496890153042556,0.005089504149037041,0.0056331660875071805,0.018308402431550855,0.02057194617141868,0.0014724728683478269,0.0,0.009651019199840375,0.0011879324274932002,0.004500122294832474,0.008489528115126719,0.011323498405659879,0.0114750356451633,0.0052622060208501785,0.05734548277616256,-0.0006778394812090118,0.06912454459474496,0.03345372557616087,0.017950619692931918,5.332269363898862,0.050835507749120705,0.0035619626592003333
119.778,0.011306835201794933,0.006026015643962275,0.021114802902611415,0.008455716604727081,0.08196053172375972,0.0036322661623308266,0.0030648201015780105,0.0129178500118799,0.023911522705114905,0.06288319418622074,0.004009526853237265,0.0,0.024428572354971638,0.011043313049135396,-0.0014503277815519301,0.008856907623889227,0.011651987298244033,0.018020833387789228,0.009036264205033666,0.07925809780223426,0.008574609155731725,0.08853594069752169,0.019783707433665882,0.0521008290558795,5.2095580268356825,0.03167923240845777,0.12384088523279754
120.28,0.009136531739224409,0.003273290083122033,0.02205371997244386,0.008964611727567075,0.023277795108231792,0.0015487968134765247,0.00045433103384666195,0.016735226634248927,0.028572017317321338,0.08964834944832757,0.0018261258779195219,0.0,0.020694423291369356,0.009451497731668246,0.001810822725248884,0.00644767368351517,0.0125323898528207,0.022572717539329632,0.012207189089869907,0.060916060708617076,0.006744580531279178,0.04860579562584115,0.02316039848351527,0.04278636312128897,3.9456269379334166,0.11539704375482401,0.12702366549002386
120.778,0.014513745416975796,0.0029657566020470354,0.010210633258757615,0.007851699718885694,0.1034106869952749,0.003544558174952367,0.010090191653473246,0.01903529162757126,0.014501184790490899,0.055206371854205516,0.0021917199393162896,0.0,0.01841976428421295,0.0045091004521130105,0.007973452155922682,0.005397720821887223,0.00912277967017018,0.01784391022786538,0.008786766133648614,0.02446976640896772,0.00598850079035107,0.04057659374564169,0.03133896426305161,0.018210455703016777,6.790021574299973,0.05953485520693079,0.11030874821149138
121.278,0.017004404775453674,0.005108408813414993,0.018212295769488875,0.008627297734977505,0.028978757889011195,0.003326408724611943,0.004347752152030648,0.022205796118164978,0.005766225266959644,0.07515274002697293,0.0030081036927332295,0.0,0.019104604256459476,0.014991019211843367,0.01138332717668197,0.009836013908590237,0.013329524094051902,0.011767579432634016,0.005195367740936967,0.022959876556906712,0.002309317842194887,0.057377235903703354,0.04464102475612368,0.02614089887389049,5.470994353335106,0.06897101729922052,0.07784841357766197
121.777,0.009679161214962106,0.0014433248764673346,0.006487028870021718,0.0009648194568562399,0.029871695145629318,0.0028315123157288675,0.004128835887061922,0.023294215742191274,0.006944913911678705,3.803571826733293e-05,0.0039001602720062168,0.0,0.0004960928455600078,0.0019897743928699594,0.003845685336474365,0.004382741334132463,-0.00022923222878988136,0.0035016898778990474,0.006965510122431184,0.025496706411223546,0.003016378269145166,0.009900622296916038,0.037313857692032874,0.03506407869161749,2.0595598896949454,-0.009329538806910172,0.03442181566206363
122.28,0.014044135118272945,0.0011773546007480856,0.00790791327788325,0.007462486650088589,0.033840949098982956,0.001155638754828658,0.002955222489296001,0.025093831446547872,0.006848068231900804,0.036854136236202636,0.0022357817185451557,0.0,0.001592653877169327,0.015070136384831031,0.008264417577729869,0.012690274327790553,0.008254634902900784,0.011445602367919947,0.006754963260780179,0.036771609222696774,0.004564862770307761,0.04001841097670445,0.017540407940850433,0.05422812057785736,1.600072136562641,0.07825700960026638,0.0110417671529251
122.778,0.016794020968370443,0.0029736284142429415,0.008905054796257326,0.007882137155345224,0.0624579483525969,0.002041171463127804,0.005978597173164745,0.01013631799782453,0.01311071459523993,0.050824720909700645,0.00041145240931300464,0.0,0.016860824294745697,0.013310130681511175,0.011016128550308854,0.010089889160863664,0.0025651425240286064,0.014171556080123963,0.005446874089644569,0.045390233088807984,0.003172669790507637,0.004628009306796966,0.0061809245308092784,0.03367082158415267,4.573419695910144,0.031114127969146584,0.11204810830007467
123.288,0.004444378691604922,0.0014148797733599505,0.002631201514179067,0.004017105264876214,0.058465135465370514,0.0016476800393883733,0.003932513779337809,0.012091151350856881,0.017502648860460896,0.045499286466672076,0.0014360862937777587,0.0,0.015829552640994705,0.016035468870843055,0.0007394879087005362,0.006498527644695029,0.004207748308974543,0.00354009491709624,0.006860681524613188,0.005398985430966364,0.003018821077765867,0.03339618537998753,0.015888445780832094,0.03995512363277494,1.6276398114216055,0.07219946099457586,0.09608722888771151
123.779,0.00228261451327461,0.0019185635516557925,0.005382477932263146,0.006104244787526292,-0.011432579724275539,0.0009766825623236284,0.004739339445581655,-0.0033783367067693006,0.01702095346171302,0.04947790683059779,-0.0021261869989369223,0.0,0.003984612323943344,0.009456822177665044,0.002931987794603119,0.002042007331081338,0.002909436256729091,0.013593051042452122,0.014716914864814287,0.040060516381440654,0.004969175463843675,0.014080597411572254,-0.0019928229959526407,0.06334508523287462,-1.0531175786937303,0.006115705109598828,0.13621006603442734
124.279,0.01063945839138647,0.006407336533763272,0.01690731572797936,0.008680816259058243,0.04911619228658435,0.002102611004444742,0.00959523836753639,0.018265022112434845,0.014811808350898206,0.05682143240386056,0.0023924597194564957,0.0,0.020333226222739746,0.007852167717585835,0.012420601682815056,0.003995310058964563,0.004943823383115948,0.018470443584424432,0.014329929034690646,0.04377098458465073,0.002598564492608563,0.04063929661845523,0.03632649404764804,0.035766860249227615,2.080456063151182,-0.010304747832893861,0.10521433216552904
124.781,-0.0016549155339377882,0.0019176944665314285,0.0067361364140526995,0.0033078774691665453,-0.042830424711857454,0.0013513212449968858,0.0078102634683202225,0.0010653425850807756,0.010628946087356839,0.01676254243268357,0.002003341188255732,0.0,0.0020438293264828577,0.00481406961280823,-0.002050417670444153,0.007600502041848336,0.008322952056635448,0.009945329682705305,0.00586326561885711,-0.0005240427648973164,0.0009449421140869742,0.01728761912994198,0.042062648949167905,0.020408929818253124,2.424301784188561,0.09105379688886832,0.08403472542567435
125.285,-0.0015768693235155558,0.0009846327062238418,0.005546707005460719,-0.0007391876318230023,0.020005950942845352,-0.0012457934674363785,0.005390386562280907,0.005444429182450319,0.0013895220668758985,0.018104803491986062,0.0021944492381730726,0.0,0.0012424433657781501,-0.004444077403853362,0.01246828613781254,-0.0043038689654181115,0.0036265355830875866,0.004684536706153612,0.0021842789563090146,0.010163880358849351,0.005138066339396398,0.027203357822590868,0.024004400758410312,-0.015083477009972888,1.8601375834300122,0.0009840000088047558,0.07077799501505981
125.786,0.006327445808229379,0.0018048661379065712,0.013712125988748195,-7.84076695745974e-05,0.05930421402407445,0.0007173679011509323,0.004513128287781264,0.023052659151943218,-0.0023848991527843097,0.045378733502806766,0.0007961943521689029,0.0,-0.004436113348998397,0.0022305632630552643,0.0173473199150478,0.004386741701671224,0.0016582796386451222,-0.001279754745675605,5.702777826076568e-05,-0.004917371464060157,0.0010101691832812825,0.03580436906518923,0.04497994167043176,0.011229091630395687,2.227202486869393,0.034800608072143906,0.0686387334430926
126.278,0.0045684872991700555,0.0031682475696766647,0.009865216540964287,0.005897690670414774,0.06442131844202327,0.002338507951091804,0.0066333598668083865,0.0103913587596131,0.015733921915154905,0.04377238549898392,0.002418541218389149,0.0,0.0153222965622534,0.005981264289061101,0.015114976445126042,0.0056753059478601734,0.009857353318076004,0.009104402412471617,0.003245163203504732,0.02297651758983325,0.003921012526695367,0.04507782768030646,0.0022528111994315637,0.0444239773481449,2.121815228974927,0.1535492058397164,0.02629633788502789
126.791,-0.001261064713922228,0.004183509947702268,0.005020569017977112,0.005823001036815414,0.027400748689530463,0.0012321395944742944,0.0025795036873649257,0.013595908072157492,0.02392554555738,0.04615428921000581,0.00024070345134241637,0.0,0.012198734075375797,0.007124646565917286,0.004105965420636677,0.005278761654592889,0.004848798266225451,0.007612222298102469,0.008434721446296213,0.0340557146696019,0.003956858255592972,0.024701008801436344,0.007074359500965191,0.029238258063012126,2.7447099693924906,0.0221040656602953,0.048385443408354975
127.278,0.011407981575534935,0.00592253150783642,0.011399694473111253,0.00807324849605841,0.013201408215869263,0.0019607979347377167,0.005919396418608274,0.012853995879568375,0.019625999276937603,0.06596533249205788,-0.0004122874596494219,0.0,0.014380956646958647,0.01192733468745895,0.0063625452003224425,0.008781405138160314,0.0066885778384370344,0.017372263639337165,0.00975210583300892,0.04430069670435511,0.006784794073618303,0.03504230784558184,0.008749847064433639,0.04973541079448512,0.2596848190601303,0.13809586379181454,0.0669119824935043
127.777,0.014527884522231924,0.0039713417990535835,0.005252633028862639,0.00758608906110253,0.02770796818335336,0.003581614380872845,0.007692757474376106,0.0117912799830574,0.01766964271665192,0.03763235487334764,0.0024245692409405437,0.0,0.015115800594773228,0.012674522014813321,0.0012073332632893145,0.0034583867633876044,0.005296401088589737,0.01774686942317057,0.011669805756801573,0.017313498977044976,0.007759326934152572,0.039612414993012504,0.019075458242985337,0.042956041710921974,1.8312091934688344,0.03848391972043526,0.04579778467324935
128.288,0.008043536861138153,-0.0007076219938574192,0.00728612872685978,6.363344096273783e-06,0.05937352140285465,1.4425592549724336e-05,0.008369229345467072,0.01660562486306033,0.006620173356042552,0.009807117563240646,-0.00043115685757070496,0.0,0.007184999916603071,-0.0033315572352781656,0.008614734601496466,0.006471243921773425,0.008932156276051218,-0.0005691657876987269,-0.004022941083755879,0.006419732882425245,-0.00045480007595058365,-0.009240160765778037,0.05176101740002214,0.01411169490282333,0.5841391080761358,0.06720060835099463,0.0005177468081634347
128.778,0.006658988331779607,0.0005536805167709522,-0.002820438389144319,0.001547459218175262,0.037532461069353464,-3.709438084235558e-05,0.006941068902175945,0.010375536777442285,0.007391561663047301,0.037235473288862904,0.0006638393626355028,0.0,0.00728364837739143,-0.0015503552035305887,0.010483499192658395,0.008463689576623329,0.010466690615361955,0.0007382010796595211,-0.0006822421837114175,0.003488683273857856,0.0014529942814310818,-0.020666104844147822,0.021887590956539252,0.003878067256795305,0.20518975014641044,0.13465355044714675,0.03331274935468667
129.289,0.01552138073300318,0.002342649626067211,0.010704434623489871,0.0033502028463074417,0.0896579938564869,0.00177474036393352,0.007359189266687312,0.027289773448381613,-0.006335791460972955,0.07109275502891654,0.00275224638581529,0.0,-0.0038808557117146207,0.010740356127751286,0.014517358429675525,0.0050008017236940405,0.008430237548823175,0.0014367062202401584,0.003696450009393451,0.014471005332991383,0.0031491069211974435,0.05505638787650946,0.028939330362217623,0.016054229585543457,2.3758189656534485,0.0673786583018509,0.09580255107281244
129.778,0.0167839568349283,0.007282130576518546,0.015349812333332425,0.00851036270082333,0.09047365198704307,0.002880592961550198,0.006289837147862987,0.005818694707766084,0.009352623936747035,0.0385134789962233,0.003223273883019953,0.0,0.027132776221849054,0.014182841901250102,0.01208233837210634,-0.0002543760806615302,0.01221382502103663,0.011689094713338169,0.00675771096985506,0.05408979635941136,0.007193467085229558,0.08217128628538047,0.010696381532877578,0.045425532975455034,1.1150331161193792,0.10431942122535506,0.011618523748983674
130.287,0.007087115146929796,0.003903292808846961,0.004428816448040142,0.004288965503851962,0.0021570885562104485,0.002244501092639205,0.007029798113372348,0.013890828450521983,0.015516956507962528,0.01188244917562223,0.0035565671026442057,0.0,0.009406456915507134,0.018136655772228193,0.003877889468426462,0.008341801691921627,0.0014016922539360093,0.008644468114006017,0.005808083890128657,0.060222628445772926,0.0034903541953742495,0.03191516796233919,0.0016167142745974808,0.028936332632600658,-0.07919963611610473,0.006802111877340284,0.023963580882670373
130.778,0.0088056565758952,0.008818319450038303,0.009045914596005521,0.008177319391193223,0.06268495424733922,0.0016163141826374145,0.006148129104106193,0.012275468046989988,0.02665228755093977,0.05133622041428343,0.0007169874168885594,0.0,0.013155184067831362,0.01290351131362401,0.008676083866758751,0.0032496906793623823,1.835844741375699e-05,0.017998957612236233,0.013077987434865502,0.05045063552919509,0.0022548033131112354,0.04675901738695892,0.013884241677035343,0.05994011544758932,1.1460050058791362,0.09902345493113385,0.047597678266828605
131.288,0.010062606292699205,0.005886269535664672,0.005777895247221345,0.008791180937931851,0.04408502088512493,0.0020895972153940935,0.005799312868575477,0.0009808813783265622,0.023986201014394245,0.0005843749262561737,0.0024021202331098277,0.0,0.004091510605091936,0.016763767215191232,0.011794077188497282,0.010378405521355811,0.004301752291511648,0.016606787157669077,0.014252779406175396,0.033567443670612145,0.007548596382213174,0.03294414581431102,0.01212183040582165,0.058348930327556434,2.30729432717882,0.012254456425393054,0.011044214975837482
131.778,0.008757390090662145,0.0056280656488817875,0.011144668198296443,0.007399037970772746,0.07993022417378666,0.002811038006670845,0.0067767399389162255,0.022162035997626145,0.018752569312122744,0.038079986762145766,0.0016305263991957405,0.0,0.002620539222408232,0.019389813845966913,0.015285310837723765,0.009650956984084894,0.005363725151411413,0.01346329781568494,0.006705793519210896,0.028424297777093196,0.00375039360788983,0.06244236483619203,0.0018690467013144046,0.066696102174245,2.5063624688467883,-0.005961754739302379,0.05537769558491829
132.278,0.008333149145721143,0.005071540018175879,-0.00442174898863341,0.007798845668969089,0.023764894356450662,0.0027994755626623777,0.008042524112995067,0.02708241388746513,0.01866776010187015,0.05663793751968276,0.0025286673421327393,0.0,0.023298467875576673,0.019658213797947754,0.0046108229098272184,0.0030111264940817233,0.004975619721567083,0.009083346732962396,0.013788144565368622,0.023175998600120026,0.011114766974256543,0.030968584950000523,-0.003456689840922089,0.057494545118397015,2.9939704004657792,0.0310782487971334,0.11254979918854638
132.781,0.0032161343304950587,-0.0003294039593815973,-0.0006041804356989791,0.0020122650027972933,0.034644235117386214,0.002441906458708489,0.00399226395436275,0.01519944628410081,0.0029271105438974545,-0.0060242723433943145,0.0005797140282030593,0.0,0.0013307353201828219,0.0035424808154021358,0.010911261898407675,0.0027283898813996654,-4.7207436206997895e-05,0.00564160278950489,0.007587980396746444,-0.0014258962081489246,0.0020423758787596626,-0.006738795871133587,0.027972326139825383,0.012000701642063105,0.9996654972397014,0.08240971857653971,-0.029849291221454955
133.278,-0.000989773949584823,0.0017659818465230145,-3.167856005472858e-05,-0.0005784103750411449,0.0718380414205411,3.6996934556957757e-06,0.0025964198395726805,0.011408310856683462,-0.0030189299991396396,-0.005061869910105145,-0.00017355005723660748,0.0,0.0011887700810827065,0.0018194254917054677,0.004189619162068653,-0.002879089076649095,-0.0019578029288742837,0.0020239097966760333,0.0035840259006288825,0.015076364346552712,0.0018166310639469172,0.030502347675187273,-0.00875867734385938,-0.013877658710905063,1.4179245969876713,0.07538430934193498,-0.04496791502822257
133.788,0.0029762237036784055,0.0033983831411816623,0.004208338124909669,0.00015036814887883662,0.05783508926767485,0.0024205806384192436,0.00735768761949216,5.824310763359119e-05,0.006406934908279855,-0.009151074778457509,0.0022030653564098853,0.0,-0.001555878215552195,0.0008843531465874254,0.011234977274326343,0.007405388619223735,0.00648356324877395,-0.002518830284515934,-0.00014664285838475636,-0.008644749872865632,0.0018741279214351152,0.025412698954932932,0.033647577066732756,0.02861413076717017,-0.40607835478643056,0.056982176369909494,-0.013990615827907922
134.279,-4.003918127808866e-05,0.006737210104188804,0.012718838340016185,0.009103645614368132,0.046723836657971196,0.001826618119805523,0.0028988390191266996,0.011490193746096179,0.02299252768409696,0.044758709820714414,0.00014979648916721815,0.0,0.015769076999297544,0.01180794860834099,0.012536280935799626,0.010417345487312536,0.0026999768943411187,0.01845661907213082,0.012713776415203165,0.05670204101502133,0.003584819555755619,0.06055525137619932,0.009465610385862942,0.0009319316825274725,1.1697469788273283,0.10119517299554646,0.007824117448078855
134.778,0.001980164575674877,0.003984194873768913,0.010636735540301983,0.005747749703260532,0.03079131525524799,0.00027687681615320926,0.010218582571818508,0.003919553270859159,0.007860898328604465,0.07727089367171239,0.0028674416498420154,0.0,0.008474084918076491,0.00017351434136070337,0.0060439222027114875,0.009203680110658087,0.009896883198225511,0.018050572625022767,0.007147829205257981,0.033195013488718124,-0.0017393995307742431,0.034796852181805775,0.037508912128730074,-0.010642514894789403,3.754125988454772,0.08870723315154268,0.0880118090141589
135.278,0.00411481299887192,0.0001668949736708853,0.00870119553126274,0.0006461374092890256,0.08565005511549208,0.0011480637114490424,0.0039036896090220495,0.0012743173761706967,0.012853504864312535,0.03057746611359454,0.00212865479603194,0.0,0.009700309807114211,0.0014568087499464376,0.0014910562459954705,0.003787088850144267,0.0019085678172650136,0.005445276461895169,0.005227398163450637,0.006989483884529385,0.0056120734248774305,0.028929118562494124,0.0504736726634673,0.03052962814178506,-0.011155275163716206,0.09272710298794755,0.009833063721282934
135.777,0.011893626644235851,0.00016015167514392534,0.009598014635222012,8.370543552412145e-05,0.04318575506147132,0.001450333098108279,0.00045189243278773253,0.0052204062930456645,0.0065224090192998975,0.06450236502807649,0.002114353138310658,0.0,0.013060916034497567,0.000914016799633546,0.00565635254269769,0.003187830457157239,0.00776530592480668,0.00682345820436733,-0.0008994346972572206,0.012503272873871301,0.005638755883045648,0.02652375236956944,0.03553555329241037,0.010158430309381914,1.7575508810014422,0.06598981198492737,0.08945021530644914
136.288,0.009435537787023997,0.002740753785702908,0.008484447499445028,-0.0010232231167798041,0.03389680175895804,0.003166390543359923,0.006790316016043532,0.022330170840876074,-0.004708436504683716,0.03570275611202488,0.0021859373825755144,0.0,0.0014439325379625157,0.006432675152410262,-0.0022805228024997495,0.0002734441514821145,-0.0015507499523755364,-0.0018928811783063468,0.004254010664702684,0.0036498890617819514,-0.0001962200937495459,-0.002456718500647454,0.04487180748484514,0.008481319880790619,0.7127784001514613,0.08715114294046815,0.0008099596227180577
136.777,0.011507084094116094,0.0020875876724652472,0.011420334384695795,0.005981783993417226,-0.004843297348743416,0.0008598233703495752,0.005740200980438676,0.009736733535603828,0.019839859741012003,0.0609935234051341,0.0009241751859387154,0.0,0.011722331096134317,0.00739233577564846,0.009514710802156792,0.005267339730476815,0.007692970954073146,0.005406672822587278,0.00993818679985707,0.051124976092178254,0.0013776379546276511,0.0883857026214183,0.0012612592503514865,0.031424453233995356,3.0998762112451606,0.1735434166213973,0.052255768284099086
137.288,0.007619820024057498,0.0038230461625513917,0.012510888837810066,0.002007078740972141,0.04438056365181678,8.089367450518593e-05,0.0025182157099020836,0.0118889079710609,0.015339188289718643,0.026097924480668076,0.000768860515828379,0.0,0.01069453293523855,0.01453379450715518,-0.0007033368060217698,-0.0012365250376488225,0.002998600459936736,0.007048354525283642,0.003475289115859384,0.05206113128409815,0.005041092430355546,0.045381433560656076,0.009083569927105167,0.02077456549959674,1.6682403419053597,0.05989497960177199,0.06158095632163408
137.779,0.0017677286316445443,0.0061240759626746185,0.01198376498408739,0.007260191729158079,0.06051100846912156,0.0005725423295590669,0.003298840878910418,0.007194028280319593,0.015121191652824764,0.010390881672613723,0.0016469064617149417,0.0,0.011947874310318012,0.004078611682286574,0.006167905621757887,0.007955619887337947,0.006614668563214465,0.012128009528661747,0.012349775241166693,0.03274171032818368,0.003993934153874808,0.03384040587697658,0.018209873623394927,0.09394863573374625,-1.6003233082968042,-0.0037497766792003923,0.006243261118503797
138.278,0.013483071557085719,0.005727711068105245,0.01358061217491996,0.005849807289206378,0.08984918760020086,0.001397462508073432,0.005379538482727656,0.003433991261737409,0.005103694601078546,-0.012083218074539596,0.0006579132524666651,0.0,0.0061944327621719685,0.005036366404066929,0.013689587648895149,0.009720399974284966,0.007259895078860829,0.006480471262100773,0.00872361591226579,0.03533642297162848,0.005979147260148031,0.051018721429786654,0.04686471948633979,0.059408325002045875,5.441590443684105,-0.006140386332260352,0.015362018909147006
138.779,0.005008487260559746,0.0010419910347092354,0.004322745256231367,0.0021939388258365583,0.054697773372819176,0.00028194109223889856,0.0002506252140672271,0.008248321528637765,0.005218647390257416,-0.0015026783818014346,0.0011878156202301724,0.0,0.01426764017736525,0.008044807709220081,0.006322695368721277,0.007225436600123734,0.00219286324391149,0.004627757455401587,0.003262985763428002,0.0058792639110388555,-0.0006974910647354424,0.05127116019048313,0.015743714835554645,-0.006750966683497758,2.235303606974888,0.027368923252454824,-0.023883758652940325
139.279,0.006963484828321051,-0.0007505120703397151,0.002996480151193487,0.0016617395619981318,0.030436256131405718,-0.0008176467498696229,3.0481321806374166e-05,0.008789900804733528,0.00602716591916802,0.06184744477474708,0.0006987091866090951,0.0,2.2227098417940958e-05,0.003042110246197288,0.01030337252074242,0.0033750045003049273,0.00451044558381108,0.0015824421781333864,0.0065194622312801835,0.017715652256861558,0.0011453812028996663,0.026163655370462776,0.004468610400022863,0.0358150367154796,0.8387102199546775,0.10166692399593312,0.06018932368236995
139.78,0.008936430988101613,0.0026909923938313895,0.006251198185047477,0.0015670033612003695,0.11236911382265055,-0.00019032173509495585,-0.00023675444484881684,0.01565562600668018,0.009636348618781584,0.0762569751790128,0.0002700654069051971,0.0,0.01654929990231721,0.00015570486253806273,0.011359512190110303,0.008390367033468604,1.019782121428746e-05,0.0011845899585481087,0.0027617111418142834,0.023362327098902395,-0.0021116120797287016,-0.007836242545158656,0.02236216474301051,0.024359560995978403,1.3528909126494528,0.1320985437457181,0.05376589339458306
140.278,0.005395626619470059,0.006661201470363046,0.009929370732164442,0.002265651440821443,-0.03862886902779906,0.00021626330547284693,0.0009559179706127834,0.00306348908510012,0.019272456513094453,0.02801215787483499,0.0036214857073422623,0.0,0.0038826157137218575,0.003061224455940948,-0.00048411179470496385,0.010510771403736846,-0.0016145801333548313,0.006565456846802036,0.0070170463288663715,0.06061535587380378,0.0046575226647305136,0.08464775552448027,-0.010871079604957978,0.05289812625418915,3.3363440579432777,0.026149179854878392,0.0350698645278982
140.786,0.007780763668154164,0.010262630135226282,0.017013857872919386,0.008996884641934624,0.01615569765050134,0.003072374342159385,0.005837320796206188,-0.0020886884571946268,0.01939492527726191,0.05755863810135327,0.0011701367721836066,0.0,0.021145553637066685,0.005815767406784748,0.0001344682654543159,0.006453959096547565,0.011205597850335976,0.01581868118394882,0.01600144750413609,0.05332705940843022,0.00569598456970542,0.08670327389849636,0.023254532403864932,0.008411092708811617,3.831523852974717,0.0651834724258191,0.07243903347285142
141.279,0.004544671910431288,0.005555359187463995,0.009062382904652002,0.006215986928678139,0.01671763227414378,0.0042209815837244745,0.0028051700418540945,0.009163959309395134,0.013303503228943999,0.05133443605711905,0.0042584995154733305,0.0,0.012241501354685113,0.002799333557018016,0.014225835393862497,0.009193012173304822,0.005225299841060366,0.01867456495308546,0.013293104081335739,0.024812389207641627,0.011713341478509406,0.06175341803193331,0.003582793114508907,0.007963422046254234,3.9367021922603938,0.08316112359046263,0.053676167669608046
141.778,0.013423694683288726,0.004497581577133662,0.006198280775871459,0.004185488249542608,0.05596753394930959,0.002472107897326716,0.0071748911979962445,0.028844932654996932,0.0029758201383671056,0.07578854170159015,0.005040875624535941,0.0,0.00535231034380113,0.0037196587013466056,0.012270320578344348,0.007099320272220094,0.010897043116446832,0.005390423623300748,0.005668838609346555,0.01665148350758416,0.004752419484493508,0.03304154327394456,0.02161177329633764,0.008446054498511726,1.9947481702240586,0.09906683452531735,0.09480913015101043
142.278,0.006531879356389523,0.002448890861320263,0.01464871571914174,-0.0012390729699242272,0.021347570785411104,0.0021362614445165217,0.0075474348236172556,-0.0029556975258222978,0.0028358132518407344,0.056971283250463425,0.0027027041715559914,0.0,0.01428957394209629,-0.005349508311833769,0.004723816268134993,0.004620758658561868,0.009035763230211817,-0.003313468191895429,-0.0012410020396666347,5.4505995285132604e-05,0.0017451156153145755,0.059728171035617235,0.04004020121866712,0.05194955652833514,1.8117033561298908,0.08021337453272709,0.056504779482896374
142.78,0.011009800613144579,0.011034889606265435,0.014995648127934079,0.00647455276109612,0.017276032182704286,0.004085879581946704,0.011127359873198843,0.010991036876175603,0.00915904162518101,0.06862839728272153,0.004568106106993137,0.0,0.016256386234039202,0.012748432112951485,0.0002689008749496599,0.011487050067390162,0.012088033938036605,0.014677833636406552,0.006187944365337522,0.033053921636215004,0.00685779297950245,0.06674321660314572,0.04521156101044241,0.08322631299942494,4.122608150771368,0.10836156291114767,0.04680690848887595
143.282,-0.006075686155496425,0.008046483767295217,0.008112535195673613,0.008860883645054909,0.0013249672736977704,0.0015553107266681064,0.007500579223046296,0.0191389050945421,0.028540764433045276,0.05533539811417585,0.0028359858639397627,0.0,0.021959862070176684,-0.0001000027155354365,0.004689688345392415,0.011255689347519809,0.015626731591730943,0.02026175675031412,0.012213269284225432,0.053662644982799025,0.007015633725463709,0.046416132961669694,0.01374293876027355,0.0019241569033329822,3.4875399436163628,0.12777301712464242,0.00982783130744485
143.786,0.0009410141553844736,0.007274710622695785,0.0029857166728953877,0.008651301276660679,0.04431983215832579,0.0017515649360680533,-1.8667537387413522e-05,0.010981607781392273,0.021855578217751755,0.05534800198009927,0.002047068403155125,0.0,0.02164640276109689,0.004287975466176695,0.005156781347886951,0.008283942215251158,0.017230855755295118,0.01780025166302024,0.008857396461521025,0.043231702123499534,0.002281434844361626,0.03387179900229396,0.01021423707830355,0.06465581134508705,2.8461712781553654,0.030711110391547326,0.07438484831722846
144.278,0.009763535773678297,0.005830425323961724,0.0037976498656848543,0.0060923834507314424,0.05879204505794928,0.0019207524364946442,-0.0009083916387847583,-0.002002124554838644,0.011705873411528173,0.0023011489515070514,0.004369196729966507,0.0,0.013322188937125608,-0.0002370960624141772,0.008802988412119876,0.0038220812212226007,0.014569730904273328,0.014390934223709113,0.004904426721988977,0.03701543556817803,0.004462778013508001,0.02364841180072734,0.025379946953646194,0.0219948632358696,-0.061213907273836056,-0.05036617417254111,0.009484703733005672
144.778,0.004138766635739607,-0.0012974593128452603,6.658661121497266e-06,0.0011760068014589186,-0.016500228389069317,0.0014984336940563029,0.003927516507323529,0.02163185733308704,-0.007077916925155964,0.03510173796332695,0.0007302963244796689,0.0,0.007326293238353472,0.00027893447434873753,0.004857241114267708,0.0015827669007594193,0.00783482930240345,0.00483993195732177,0.0010027232327590057,-0.015088546592990082,0.0014027396479065102,-0.00021817734539064705,0.021160138129215942,-0.009580118268301845,2.2378837972303667,0.05660016153942013,0.05523209300534814
145.279,0.013262266038200972,0.004015259455319464,4.075847207707689e-06,0.004509694064970598,0.034112273952522414,0.0018501558960383828,-0.0008738860406901031,-0.0034673348080356387,-0.003554683071509819,0.07848058486713468,0.0049348758689729,0.0,0.0034606952951974418,0.001297638954832747,0.009301712993617683,0.006304408917408064,0.009794954796563003,0.010169110326328033,0.0027001973174998538,0.0054447002124403876,0.005239792964569807,0.026191816558474683,0.03493958108307327,0.05710133709724937,2.5183953342367023,0.07857339094917055,0.06331841697806505
145.777,0.014555625898045672,0.007754468374389959,0.009251132596571402,0.00691413736099599,0.013554531800682428,0.003974237888358068,0.0031565525802479443,0.03385295700337966,0.006959174032314351,0.08853344363046241,0.0009560556203517095,0.0,0.006700671739296752,0.016054714921753362,0.016060453474206315,0.008197832512662264,0.0035231193589672044,0.011351449114877446,0.0034581619531934425,0.0198778591583417,0.003114780774912766,0.009382440221016962,0.04263531297222963,0.044165664701077724,3.066438840541831,0.1553635039145779,0.08467888099950499
146.278,0.007872753882014388,0.005957191548266182,0.016011056843878522,0.006015918118867345,0.044561315394842045,0.0031610186755818832,0.0011245578333669724,0.023091729373179087,0.013695879762937327,0.06231747070968834,0.005029617724504514,0.0,0.018301530975303095,0.01111730684366674,0.026636737629299162,0.006455075631261823,0.0072771075424066,0.00773687809926681,0.0030313131764672535,0.024648115509034372,0.00181734619915434,0.09189366487818208,0.01934350363511325,0.0346251912088092,1.0028661018591891,0.08757126920501024,0.0826210844584781
146.778,0.014386882087825814,0.00748225276923751,0.007082782622725848,0.004927184753761184,0.07539044314409016,0.0023742037371584754,0.003315844710787391,0.01703652317939322,0.002116340945236005,0.0795407420634328,0.001316916205543855,0.0,0.01032060305146725,0.016061971906147957,0.014947935982593571,0.00985777366661548,0.0017008551010403987,0.0017484038677338374,0.006607943316105307,0.03859661861559283,0.005322461459087841,0.0494915082535784,0.01705010262359371,0.023410555152436636,1.997034923744811,0.07143248603681208,0.13390234491378528
147.277,0.017228883567026985,0.005209950498949316,0.004632485971847619,0.006254327071851145,0.02227330096544369,0.00341363718024731,0.003718638198022245,0.024042758309152885,0.010807284537308484,0.07145936477647452,4.383901783973939e-05,0.0,0.012780193964770363,0.01281765594039346,0.008925034431571421,0.007385979791035597,0.005980272433928178,0.00993143332519956,0.004287539621539842,0.031314083983278534,0.007626880502295305,0.0033832390518731712,0.017564767986574015,0.04906704409930218,1.102444398121446,0.1084823300414073,0.0529405860471184
147.778,0.012825320120775844,0.005867142440162093,0.013629079782229379,0.008637286882516096,0.00524983891808525,0.0023155190246542286,0.00691954699237694,0.022066076099404825,0.014640526769237957,0.09740761030255946,0.0032961831760147274,0.0,0.01010740210903144,0.01637731221896188,0.0033786762547190017,0.008723676631006951,0.0021188943592370174,0.013471388473062583,0.01049106116012981,0.040225391156253246,0.006432741778825313,0.021485728080375938,0.028976097399500574,0.06792481403076957,4.166420545549165,0.06899366563677439,0.10887178918386396
148.279,0.013923304141220418,0.00626185787692941,0.016081594639237248,0.01033435583307897,0.062091333933880416,0.0028496880692201604,0.003582047116674097,0.020765373366198256,0.01998187743324479,0.0875618361847158,0.0019720551039236296,0.0,0.017253233477909965,0.020383264380843546,0.009102012786858064,0.007047653452727061,0.005050807053948906,0.018023209772887024,0.011366486474663264,0.05414336056051697,0.0060639130186854046,0.04851033908461023,0.044596009736653015,0.047361724410791416,4.094390998332518,0.10606480656705373,0.09444374480951061
148.777,0.018920805844620543,0.0039433510936179765,0.005979701897028847,0.0065203386098171305,0.04409873244228465,0.0023571511817862584,9.466540152889828e-05,0.003304301334102623,0.0021997631228217263,0.05020465067532667,0.003658800749103507,0.0,0.015100995240771669,0.00712897833721596,0.013846358642436343,0.0063263039311001155,0.010489461157345939,0.015574461136875146,0.0060408025167479696,0.0004455261081545323,0.001779795711133304,0.023900628869847403,0.036996129794653554,0.0474158076254467,3.4355174122028154,0.12489331370717369,0.060552446262760955
149.278,0.01470077988350514,-0.00016184097950489205,0.006537680985020869,0.0031043557403535697,0.08580816200379772,0.0014253829128553035,0.005465368308801546,0.01341979442004418,0.0006856088278473532,0.04835841872998946,0.004876210775237972,0.0,0.0029343093859434885,0.0055548162441656865,0.008767771774487518,0.010786753430850499,0.002981079027174526,-0.00037218644651972814,0.003602742767599897,-0.0075146378931146415,0.005145944849817912,-0.004246487603002957,0.04076292306080087,0.02997656139509774,1.7273273359853398,0.10774760220355213,0.025650532243231525
149.778,0.020225523893792157,-0.000832049917401972,0.00788500022567489,-0.00036117099897578893,0.05544220445016477,0.0015740310985329418,0.002333623372078543,0.02788682618195907,0.003253665911389061,0.043639830224473486,0.0013663635276133458,0.0,-0.0051238883252066585,0.002092991922263622,0.013273821121513374,0.0016364227867207471,0.002782302397136424,0.003176114648583948,-0.004382239748502215,6.187187945892389e-05,0.0038674782259583962,8.484674542981727e-05,0.04812606957098655,0.007930503122833726,1.040508398731537,0.11087544785979066,0.013468871619522708
150.277,0.030653667068386656,0.002433037723526225,0.011289558375060137,0.0035263554417542075,0.058379389724913314,0.0014059710698789178,0.0035420023394078935,0.008454889930394548,0.007969747357743357,0.024816607288440214,0.0030174064999923924,0.0,0.006566690961712372,0.00756963072720545,0.002077851919875525,0.012001368821848395,0.01137184039359422,0.009059485843441534,0.001843432493466272,0.0429272354996312,0.00017457952618534628,0.014968701905317044,0.032727804108779554,0.026599759162704205,2.597608438568299,0.01563282452018735,0.07174192725425753
150.788,0.024463695316051734,0.005106309463509495,0.013371755320179849,0.0020583112530720734,0.10568405641478534,0.0019282701188277267,0.0020910249503991595,0.03158189386017383,0.01036989324332288,0.11625213202024934,0.0007670429468914516,0.0,0.007294899948952666,0.015023022429894988,-0.0024838220203434397,0.010064740191106593,0.0025873246187540447,0.004784772136251713,0.003348729976095339,0.031235745559618257,0.0041100635142446214,0.047569776511099525,0.034346097523342466,0.0414319970643384,7.3843995570253,0.1810911318528991,0.09352604474963666
151.279,0.018803644189647833,0.004538768369611125,0.01726285945236098,0.004606891067940955,0.06516759286767683,0.0018220071416594676,0.0027340912534696777,0.007089713191291569,0.020578520103902227,0.10669022769260855,0.0006606906947648892,0.0,0.01690499388398927,0.00967761864217634,0.0031379946421851847,0.006397338979547612,0.006777300268554259,0.012619894043809234,0.005914524490098756,0.056929720048723265,0.004446872478084533,0.04779221496479834,0.026384514721128297,0.02375787063530603,4.571597820100943,0.23006210655962966,0.11370923825895507
151.778,0.018185277019497268,-0.0006587812726889866,0.010733755060446498,0.006146950758490692,0.005246078821017981,0.0016071786647579057,0.0072072906609770395,0.010198679210959063,0.019225561656567126,0.09185575509944754,0.0010954341581928837,0.0,0.013369061496399496,0.007510605347393025,0.0028641787749471366,0.00547919224594305,0.008550718601144215,0.015930941904892113,0.008235251523832136,0.038603214837370156,0.008618150417714422,0.04593830670612726,0.03195133364546025,0.03334757871808201,1.9590534194665477,0.1582553959934523,0.08497491759666863
152.278,0.025631200852011277,0.0023567875293064515,0.013198659317420647,0.005339804214933636,0.0681772031891881,0.0017776761501719525,0.004397533358954094,0.02499206895859377,0.0025717505870905574,0.11968619845572935,0.002578670358065703,0.0,0.011525517537604283,0.010209377498149763,0.011829310008699556,0.009062469458890337,0.0044947039848487495,0.011762708666310134,0.008211730341003962,0.02374494448548582,0.004294187555166436,0.024803875147112645,0.05112547543200655,0.04260007302501839,2.947335564778022,0.16947066273823314,0.1556685951944701
152.778,0.013779740451586283,0.0029306112484365453,0.0047481306725496225,-9.212485508690746e-05,0.11781689409893217,0.0019942329879942093,0.001867028912268791,0.017508747086797682,0.010119969877559372,0.06676965084636483,0.002019927691210237,0.0,-0.0008622478569112449,0.008645909502618267,-7.189329528673323e-06,-0.001594155083752109,0.0027643682717051724,0.005335875908301435,-0.0003075670682031135,0.0012735886157766556,0.003049026317481058,0.014291459838138565,0.03603920716785596,0.012892182276498352,3.833175287410242,0.20753895563354544,0.03757502108096049
153.277,0.018040793097808667,0.00020973266289912412,0.012827812261636557,0.004044502967532766,0.12351712806100704,0.00219370404241403,0.004142407989366437,0.008083828940744458,-0.0024585339788390005,0.03625706702337292,0.0014095851624022473,0.0,-0.0019054147039601016,0.011461255675284667,0.010337863723647226,0.008655181359433196,0.006308118767551515,0.007065179450294597,0.004518609650688379,0.03017297170959257,0.006419439643078711,0.026521019697805594,0.043137559270930666,0.050892244709012394,0.9911273531629647,0.14320700224898664,0.04378637969474932
153.789,0.010083804820104483,0.0029344054863615714,0.005477153581509236,0.0037226774880058573,0.08234069472404514,0.0018542131319196835,0.002371666744187863,0.012836297549372206,0.011246309116638877,0.02785579447231153,0.00438268279554294,0.0,0.00043491508122220617,0.012013264526524825,0.013944101736706955,0.005635130069951161,0.004542509205377834,0.012353640470047427,0.0026375569675664724,0.0334651542535027,0.00563171960081533,0.03606924302112318,0.015547258076590305,0.015268667092307233,5.9221951560185,0.09837930156929003,0.0612855969413279
154.277,0.01685003982457773,0.004044635256609742,0.006233186539962216,0.0070150811034173505,0.05934174264828885,0.0022415252471991104,0.00534081541394216,0.02342996110092068,0.018588891620290218,0.040061542466804705,0.004706000338159977,0.0,0.011552876292028913,0.016513598580038497,0.01100837696712627,0.0006087726206251411,0.008996047479843283,0.015350813519288836,0.005809870714184246,0.023391986624396094,0.009898788987589854,0.04121225430883337,0.02252045275764192,0.002964647900888979,-1.8337140451811877,0.11711324461024708,0.056616108812312556
154.779,0.012126904890857002,0.00546492061897758,0.0036762075133185967,0.006677441895230621,0.03368106680109333,0.0006216521503019754,0.006151725598740652,0.0100136874419815,0.019869597524975052,0.01502177362963866,0.0045353053368841125,0.0,0.009400990101430967,0.018070006464115378,0.004926583575760062,0.006103950643932968,0.002595596497339557,0.01582562560636948,0.008369763631011419,0.03451687969832877,0.0023414257865773387,0.031043927535944423,0.0001658810911891203,0.04016587609862924,1.8940685811857567,0.023684819437909375,0.03656855441365469
155.279,0.012823359093468094,0.007414608702712352,0.01573428245084887,0.009056182107568988,0.03791487446056085,0.002471374770079164,0.0022992457070767232,-0.001094689472812335,0.025440957151814676,0.08010949241777138,0.003171650612617459,0.0,0.03249937100850374,0.012964471302040736,0.012518235014704506,0.009192700115353338,0.003217293798935797,0.023201361355818562,0.007847209621113864,0.08094303169022748,0.0075338876301977225,0.05189623270469754,0.01679712810200649,0.0672165568805598,2.4810249819682535,0.15816686073357286,0.1297535400477434
155.777,0.011039208519866936,0.003356327708500175,0.01464809378928012,0.008159491668603875,0.01818362689926033,0.0021611529493320496,0.006461642837834652,0.008574234362794723,0.013119126636683623,0.04752564025477711,0.00151084662899598,0.0,0.016671293712780123,0.0075189463277104875,0.006591201252436898,0.0067764344411337905,0.009020559770127516,0.01695716859098147,0.01254454294205047,0.04545814106298685,0.007249640161852892,0.060458952188440315,0.02972075968265817,0.014666363663977906,3.0355615100420934,0.0479977711066454,0.09791093129420132
156.288,0.01668995094733481,0.007009229740706354,0.006245442390966887,0.007291145244600451,0.07793259226418897,0.0013574304983610577,0.0034867042395997916,0.02170951018339794,0.024461965757997525,0.06341168480098885,0.001846097703139572,0.0,0.017561323708033937,0.003435670254916485,0.000970914052657403,0.010006160296858333,0.010874862909612286,0.01915792096730988,0.00988286071132222,0.03189692534302782,0.006309042458863236,0.034567035573988554,0.021373439591024668,0.03545646930528601,0.22234537423232817,0.15597508645104624,0.05016718727968918
156.779,0.025219711745833782,0.003897086682041249,0.005617881445693362,0.005352543539154385,-0.01598515504530611,0.002353691043094821,0.006250854797231426,0.013674379413319275,0.016464217688769066,0.10051825525479792,0.004570635455487365,0.0,0.013633459861598883,0.007751541143662858,0.01407213299453203,0.010209884974036382,0.0018455081200377988,0.01298552640595227,0.005926594655042184,0.01766819873181476,0.0031983367300378192,0.014836454009442617,0.02447194903291473,0.016357508199996963,9.75813963496894,0.2191278868820653,0.08811344695654483
157.278,0.014735565894702192,0.004083700407481188,-0.002991920592565733,0.0005650234979567909,0.021794658667253976,0.0011241114445725313,0.0006135384233398555,0.01577021569529673,0.011464720897930552,0.07087849610581128,0.002516163836507337,0.0,0.013936188655864658,0.00896028617869083,0.009973192123089804,0.002115685339823135,-0.001978877385165518,-0.0023107836804801734,-0.0006326547073647482,0.023675402587221426,0.002252474781186271,0.03773508244046492,0.004315445925224846,0.02360489595410068,0.3949231060806415,0.20373743717079018,0.0772419036805463
157.779,0.00392087209387876,0.004202566317502539,0.005280751685247917,0.0017074998463132538,0.04799012938989199,0.0008506051793116652,0.0011634618906873808,0.0012872660506953986,0.019192884097572957,0.025741448100343043,0.0005874843618674563,0.0,0.010538010623334041,0.00516688566803544,0.001285378526928719,-0.0029691464276387462,0.0010280477110281043,0.007549227684802015,0.004667752727260119,0.058091766932668785,0.003051767045997131,0.008607086855082486,0.000534034265424694,0.02721745941139103,-0.5545251904071568,0.06417324536562746,0.07901105321815215
158.286,0.009495479284775699,0.007048489734102219,0.013084115939387944,0.004815173527581798,0.010935042003194739,0.000430913625353031,0.006373149069883666,0.012119422099408523,0.023358357689356807,0.05413362526258886,0.002809466227534244,0.0,0.021226792474591683,0.009327042792711049,0.007163487260730105,0.0015342507483396854,0.0041538229497535325,0.01232179110185429,0.008618639504236088,0.06943940412230051,0.002526288276902135,0.043536145335515745,0.0036391733613882187,0.04383507761170432,6.197059243638865,0.10792250321842542,0.07716345840766711
158.779,5.1172469556616006e-05,0.0006755794043622181,0.008209498249930561,0.0017060980475849875,0.01679577607854744,-0.00043530967184219325,0.0025255208649252884,0.009013475077184571,0.016452864200030302,-0.027954642646546426,-0.0009272457646444047,0.0,0.01756589364291356,-0.003495637096565915,-0.007938802979862557,0.013448495759214427,0.005538013591726995,0.01428916973611514,0.006732207491973547,0.02556230637792259,0.006327985634796238,0.03204205325594812,0.03641906887178764,0.010635420640248878,2.495246912576337,0.058242127406055486,-0.02610891703480272
159.278,0.002745897672812831,7.767157898035511e-06,0.010491668667930009,0.0018659590939164913,0.04866060190145526,1.9109910879846596e-05,0.0022754248188591323,0.012084593029259013,0.007845722826664712,0.11957505510433442,0.0008701592086797789,0.0,0.002663208595847419,-0.0016141708667385506,0.008202451556701055,0.002417607689384992,0.011478312693524171,0.00767893108549511,0.0031147164684187613,0.03511962395242259,0.0060011496398408685,0.003884762851065229,0.03484432320293581,0.03662578286875842,-0.037410344456302536,0.2044353461027274,0.12057752186816828
159.78,0.004797311647352481,0.0002789500325821722,-0.0018065855783624982,-0.0017329533023176934,0.05490018223810744,-0.0010096177996039223,0.0011538154698601125,0.005869417914147567,0.0027635130417942755,0.054723614400166945,-0.0005519391954890121,0.0,-0.004760780023959837,0.004116076244792076,0.00637192604088848,0.00467570978011191,0.0019457949217067446,-0.0007864058964605392,0.0010240999480176103,0.02479884252770845,0.00010561863331921039,-0.028642485789975625,0.008007404309995378,-0.046370477794566295,1.5409439109315473,0.12073966318833285,0.07025619262094744
160.28,0.005455155811514643,0.001703184711895047,-0.0021760956852210716,0.0007651622937948387,0.03423563796000932,-1.3898261873277042e-05,0.0031670918681613864,0.014082999382482612,0.0013251966587542112,0.03556291646237139,0.0001176709971192081,0.0,-5.501480062440054e-05,-0.0019841478758358404,0.00528069179912779,0.003114763158276008,-0.0006425705418714842,0.004940688605955894,0.007231433931066673,0.013913055182820506,-4.0569020368130967e-05,0.02731522478620479,0.016058125138803978,0.00291822126452605,6.933351706258461,0.10239032861794191,0.039144027506440075
160.785,0.009513646073707778,0.002832748608332698,0.0023600319500819535,0.0009220169081473209,0.05055488380707325,0.001211959602980342,0.0034162405962880962,0.019912728734543472,-0.002692812483589377,0.03253691415613758,-0.00013681553216888284,0.0,0.007472970037633568,0.0022604139349290593,0.007962744423359132,0.00621837696371663,0.006097027168708375,0.004346634854871707,0.0003594549924947088,0.01689212530506754,0.007626178641566166,0.01363319862125511,0.02110743058187814,0.010774901994242218,5.7963422149545805,-0.015315294445001943,0.095901078187736
161.284,0.011701777851932828,0.0042410223095237795,0.009524086011788288,0.0033733063468675425,0.05288237032406321,0.0012791848069104866,-0.00040113284899907423,0.020363877728909796,0.016229186665295037,0.013579784888530375,0.0013749205426669816,0.0,0.011602022608087835,0.008672618429922901,0.013132282204680924,-0.0046602145294659305,-0.00035710531947426234,0.007334405535135585,0.006140926471580731,0.03754580523007627,0.0071529848660576295,0.04874420041514577,-0.002945917712291715,0.023306954682922043,5.388635902358685,0.04684065988114135,0.016967050700510005
161.778,0.008678230434936427,0.0030207680731365394,0.007192763386641405,0.003955035402152744,0.03200676676327306,-0.0010620001997157992,-0.0006951961506448428,0.0053156283692792185,0.02506897417944667,-0.009266654525512116,-0.003092282623539332,0.0,0.02138673653146294,0.0022979547872364705,-0.00037052024384503135,0.004789831146367902,0.00029452403693724065,0.013960983264488112,0.00663158981061426,0.04976974675737635,-0.0027470647886370598,0.02458657159714773,0.0033795889303639267,0.0005363875970723576,7.453820406310001,-0.027861134960040276,0.023114558587168453
162.278,0.00949468760952542,0.007380210408492886,0.01643610031316297,0.006554903688266865,0.005715503290735166,0.0008932285131776368,0.003786091076342613,0.025087732180760502,0.019311129671226997,0.04950295463917649,0.0,0.0,0.009082419097882634,0.00916553816716403,0.006351622279438998,0.002168604868177948,0.004045335456836973,0.01945656465071545,0.00836387871330544,0.058152704234734086,0.003702277355923756,0.03728331108141245,0.03361625588741423,0.029950156028676456,3.9100055260694524,0.12786750892534385,0.07374101655739353
162.779,0.012247133756005599,0.001880887200152533,0.012444464230342785,0.00678594479190019,0.050245241285333246,0.002497672586621275,0.003099472050300965,0.02371224150475409,0.008346632439271204,0.07250366883086778,0.001297943115278001,0.0,0.023003164797266298,0.008224561849953481,0.005440951684491651,0.0012423133209613635,0.002082090320510662,0.014321408366752504,0.012166017836383845,0.03439659798703277,0.00909048350264314,0.019182812666598423,0.019324209757475178,0.003173368081518202,2.3366119761429984,0.04123732757335915,0.08573906067153808
163.278,0.008764397436106422,0.0017338888445578608,0.005532792216735035,0.001463994709914118,0.04393556925632751,0.0007449349470178395,-0.0007196882817503619,0.023205693860058114,0.002619927169898123,0.04277192524203313,0.004478504892840638,0.0,0.013669000627862938,0.007689999071975413,0.002143833488492601,-0.0025878083541520276,7.241639901478954e-05,0.010262539360656076,0.0029338670426749184,0.027890156382551688,0.005281961900412579,0.010312820165034051,-0.004099933110594334,0.033632965908476496,2.562088134989723,0.07737346569685376,0.05109610911492702
163.787,0.004446273697050801,0.0014187947804766338,-0.0004038103109575501,0.002224353975688816,-0.01952656503834121,0.0004439201670875646,0.0005868686851885925,0.0025642896484208933,0.006649240283853352,0.05859078647285379,0.000215996970457336,0.0,0.010698861498029092,0.0025301927122150115,0.008811411599466763,0.0031051481192477986,0.0046118666590276875,0.006319136341421689,0.004550556525456666,0.0018243826849254274,0.0048451218078340895,0.016910563101,0.016840092287545766,0.015550984362631887,1.5908441705436058,0.040674964081492675,0.08957309695329976
164.279,0.008905868906085383,0.0034223337795487355,0.004811985488860816,0.00228704367956241,-0.012463956286965719,0.0002623342701113686,0.0016815455991219068,0.007213537718075219,0.014113004442365632,0.0056188528637911616,0.0015537471034957858,0.0,0.005413653048458712,0.011004949617401696,0.01151371232842733,0.00020581131297692291,0.0006535624858334843,0.003108627980780272,0.002437476044938426,0.02172413380387657,-0.00028302078194494183,0.02200013372801854,0.014650909944242497,0.04008629873698577,3.1759099788392593,0.14650457728977512,-0.03500007847373459
164.779,0.011933362920728174,0.008410946703201546,0.007549758399916561,0.007824753217434794,0.10788819779410214,0.0016684175892824598,0.007092856546546359,0.008180686506950951,0.030301882149575833,0.03527037053395682,0.0015898511607513835,0.0,0.011104417600838162,0.009950275486752418,0.007917694039098254,0.009668563781313531,0.003445126963938943,0.020226479275398432,0.00936891387122784,0.04664812665119347,-0.0014388332698440352,0.034524649335887336,0.012190132486444807,0.03957435871516272,8.012946005865748,0.06709372546138105,0.03901702303102397
165.277,0.0038750303474104787,0.004147388928359433,0.007521825220819892,0.00862786498682126,0.042987184331132314,-0.000930566242447721,0.0033687860334745607,-0.005759746435537244,0.02716861113122303,0.08334646314862591,0.00014101865109188987,0.0,0.023925818853395096,0.004694700571991769,-0.0015364955850243865,0.01121775641943691,0.014663603194150072,0.018801626442003855,0.013228144268278265,0.03356009715384994,0.0018315933484052702,0.034332634688415624,0.011607246877975916,0.060025121719221766,6.914351283387014,-0.03489712784503302,0.1303601740519662
165.787,0.0034431712933469076,0.006501525104007108,0.008229321549288657,0.006128511227580236,0.08280642608671517,0.0015931022370411318,0.0009939540644864633,0.004016754721111099,0.02325509353444817,0.008266308941624844,0.0018915457952750601,0.0,0.007369567257661778,0.005776587543907657,0.00018617950221598768,0.003848829424131345,0.008115895366573289,0.015680152868641817,0.01094478517381082,0.03926008867164827,0.007693063594193093,0.023286001633517083,0.008215184439057721,0.043455682909206914,0.6497705102706014,0.06196282316771993,0.0013079736280216532
166.279,-6.254590758503925e-05,-0.00020119550495318502,0.0023140497054643175,0.001622670643466398,0.05581535503384504,0.000760337281886257,-0.00018892989741609666,0.0034434140731698466,0.005906476487457204,-0.0007245818292812011,0.001316561734963922,0.0,0.0003698936178560631,0.003227015021258552,0.002310402193335441,0.010294831072211384,0.0036113888767934847,0.006063638125674102,0.002801870250403039,-0.013595028033048915,0.003966797560835293,-0.012013109480202141,0.019938202183190482,0.02903698109483797,5.873496880695526,-0.02588025989259221,0.01718181978505699
166.778,0.009198338724011225,0.0023766495718002987,0.010732700381956726,0.0009860057696370974,0.14126260792690562,0.002302337793434493,0.0026787072999088723,0.013180646963901773,-0.0006122846727511288,0.005533820688712861,0.003775827943867588,0.0,0.004183664041601758,0.0032595758573306126,0.005708669594862475,0.007819452010111742,0.008156711355405131,-0.00018383016138302511,0.002020335818471499,0.009079414501256163,0.003221429945265309,0.02411945124260606,0.016311626640817783,0.015215105281191143,0.042190972657184266,0.06508036101508062,-0.009179174190554352
167.277,0.0027957933685814765,0.003393322823149864,0.006433692381768221,-0.0006913990021442603,0.10738455060330948,0.000891878846195095,0.0070477811327434295,0.012060344015036573,0.001378572359087153,0.09564972970017531,0.0003360156475500223,0.0,0.002262915107299999,0.003402322139637262,0.007830185301670683,0.0030194092495403587,0.004270649478151356,-0.0037614767735422794,-0.0001820160476303705,0.015194761286197596,9.12807587247164e-05,0.017403669100934965,0.031010693289561127,-0.002887541621919253,3.432701900622693,0.13037394161210253,0.10355100677903153
167.778,0.01194355182919802,0.006411778869905297,0.021266347760510427,0.005514776205940763,0.1312787568647745,0.004004471484019479,0.005477448660058946,0.027432731759527148,0.018606899293385812,0.05532140243159574,0.004632304478398573,0.0,0.021921729505769323,0.0027069317642917016,0.006557554133130649,0.008957224554754874,0.004080644674653706,0.01242587472988611,0.003053566885068372,0.05672686878085486,0.006219152588305399,0.04132489572384211,0.030595648498721432,0.029514982065943954,1.0526939631228416,0.1584526937748388,0.05904335290224069
168.279,-0.0013319232239228753,0.003813630008819755,0.014267509416780039,0.0036487690172262123,0.08403714363462184,0.00278126805176058,0.001946011374413588,0.002032611760030413,0.011165472775471192,0.034366420254299875,0.0027207062455782876,0.0,0.0029959180700848847,0.006945027446467816,0.0034033731911237205,0.0050601365369389376,0.0032347862323108146,0.009086657454135004,0.008185953587756907,0.042342740256725034,0.007611499307887661,0.06678008267778862,-0.007932153129856902,0.04476407341323591,4.5686459936106685,0.10151148696093344,0.07352027769937503
168.78,-0.0009793354350826815,0.004281764756671872,0.009080787348668858,0.006604352678416679,0.055434615234146785,0.004052691350063531,0.002436273507397118,0.00884504193625538,0.033309482820585774,0.06705367127293414,0.003014937372339814,0.0,0.013012004753353335,0.016547430677296162,0.008704430010182465,0.006415031270489098,0.000874210619583422,0.007924351183048515,0.011597916977964511,0.02785868614553289,0.006596239164624206,0.015362290501958309,0.002424137753993259,0.028732023278367366,3.5024241626874937,0.1463879554861805,0.10428378317110762
169.278,0.00042202243066832206,0.004980173192290485,0.01214151894416873,0.007480826251605163,0.03855506577998618,0.0034418120923990847,0.000465842846459523,0.019011749467582866,0.01821893163888158,0.09359767758792265,0.003602276216711473,0.0,0.019926148431625323,0.01033967118958191,0.0059672689528107795,0.014257225600769117,0.003914394146080074,0.014136854328812691,0.009751686238156374,0.0031211912616305334,0.009029174733804912,0.023234358527046972,0.015978610232611924,0.04961143637205466,0.8953700932096932,0.2505772623006898,0.10536703720367468
169.778,0.008507090235261682,0.006399394435667191,0.010695663733071853,0.006076040662962682,0.05383984637971892,0.003445807287260407,0.005456301382350927,0.027882200006617935,0.024715698515434172,0.05682314734133055,0.004269394343064802,0.0,0.0075857026361318795,0.010533607170608117,0.012668771721424185,0.0003943971232854239,0.004676111565541496,0.01301580647967435,0.006576110256421775,0.014875782846280052,0.007502884170012216,0.008839967642459555,0.01826764068671214,0.038662813917305264,1.9128001541014514,0.05317621410509794,0.1355620826089938
170.278,0.001291722400841759,0.002637038743450583,0.011171946515710535,0.0021928273311494005,0.039326757977831445,0.002586941403298702,0.005769598134636902,0.01849022480033193,0.004052425082868465,0.04810252357087402,0.0035703872665087625,0.0,0.0055065459121073235,0.0065347907237995285,0.01166475081141983,0.004744907999401286,0.004789611235178608,0.008276373858791016,0.001377554461594043,0.011803504308515357,0.005830944612824176,0.026686361360695816,0.017774432153189707,0.007417077588239432,1.9760336207546962,0.16179808711543225,0.07488855385175673
170.778,0.005143372348515411,0.0019149384792636543,0.00488713352527053,0.0009169553341395642,0.06058914163501412,0.0030383809899171246,0.005183464619191189,0.016512606629275655,0.0073921812487178565,-0.006922226562779285,0.0010884859978535807,0.0,0.009649788814691862,0.00642736251330585,0.007547583378416592,0.012424743222083406,0.002020416847622669,0.001815942491360613,-0.0002051965842292459,0.023817059313108745,0.002918946866830756,0.0012320877674927451,0.01623883888970017,0.0016715410129420315,3.966736021963599,0.05813783037601962,0.0029628474959308535
171.277,0.000761535410473209,0.0005537336330094265,0.0066533518248762845,0.002825554501711219,0.0035350838811899596,0.0017398375474989725,0.00542509613296411,0.013203594931447248,0.006076043036994592,0.04855064612230669,0.0025347419616273776,0.0,0.011046207641814465,0.00654456086343393,0.004551185344648556,0.011419578501986946,0.003039638220393668,0.0030044337065656857,0.004210159415938122,0.005938014554410318,0.002106128812960955,0.020063998972636356,0.020058145185019277,0.004727767114904783,4.347757980271487,0.11841018253891382,0.027958090546715674
171.787,0.0008805844309568911,0.00510822548081177,0.0007764922537429044,0.004127539546849334,0.010927147465570533,0.004110665704779675,0.007549476717275839,0.002343698655907376,0.0016512709210562586,0.005267109954195262,0.003561388175085104,0.0,0.013745127102370469,0.005635033008058114,0.012824844640484036,0.009009135125904195,0.006503112438093964,0.008354617430232034,0.00343914225936666,0.009909980988270187,0.0058640937809469424,0.024177638915928747,-0.011145431439158329,0.03189724202303298,1.0747140538681588,0.03878115330653891,0.07686759587604027
172.279,0.0038150662539561337,0.007558013223835408,0.018924914407734778,0.006197287416973845,0.0023897284941511257,0.0028349430023680263,0.006603100631225075,-0.004315564334365896,0.02891427406042603,0.03946708461876503,0.0032628515895314235,0.0,0.016867849103181648,0.004973082338161745,0.012509857496744256,0.011510796874228714,0.00987857416634833,0.012922686879936052,0.012040747614170599,0.04610237802765026,0.008710950258576586,0.08219451198957871,0.0158404103603676,0.04559702585702167,1.5960823838425324,0.07784416494538027,0.08508343482088283
172.779,-0.004010450171388838,0.004396943396591653,0.009809657123217722,0.005578686568762363,0.061151564561581995,0.0032867885683201333,0.005780889303798949,-0.0021712101355450602,0.011748747514328273,0.04113869350767596,0.0015597839470938126,0.0,0.01788831456628983,0.01313738436115921,0.0011231850810845179,0.002588396589679706,0.01137752013834087,0.016281641152099693,0.010080708358457596,0.02170826098210557,0.004467138089350557,0.05213528774809842,0.018338398399840913,0.0167927574813647,-0.06092505243058024,0.024108487311574386,0.10038145005913715
