Time (s),ROI.E [],ROI.C [],ROI.A [],ROI.F [],ROI.B [],ROI.D [],ROI.000 [],ROI.01 [],ROI.02 [],ROI.03 [],ROI.04 [],ROI.05 [],ROI.06 [],ROI.09 [],ROI.10 [],ROI.11 [],ROI.12 [],ROI.13 [],ROI.14 [],ROI.16 [],ROI.17 [],ROI.18 [],ROI.19 [],ROI.20 [],ROI.21 [],ROI.22 [],ROI.23 [],ROI.24 [],ROI.26 [],ROI.27 [],ROI.29 [],ROI.30 [],ROI.31 []
0.259,0.10752117680778518,0.023949871371344064,0.01081874990774128,0.1568060400672017,0.006161147995075211,0.0834708821653046,0.0,0.009769540394880072,0.017976429732019406,0.03131580518856002,0.023764998416702984,0.006055026428345491,0.01869906523201812,0.12091739068654829,0.1310718410620456,0.11774501024842045,0.12241540053531108,0.1300039824976034,0.10499542622060494,0.09883177480198513,0.13292822234139035,0.0879905407570838,0.11918528030588157,0.12576399361348367,0.15515681690301944,0.1091849148073252,0.07591205194436818,0.046236017347526456,0.0001261432085716465,0.008039690083767393,0.009990659973261424,0.011335192653579584,0.19625599130573287
0.786,0.09895212065288102,0.016371146846067577,0.007064072040930791,0.14745582347032357,0.00628248743381688,0.09689052823462917,0.0,0.004046984519691712,0.02337173403902288,0.026097537323435827,0.012223937933607218,0.004139956442802222,0.002736758309424063,0.11104168717343887,0.14199632422478656,0.09813368896617519,0.09493317634035033,0.12950180690745525,0.09996989346741175,0.09563312671916689,0.11534301167931665,0.09427225760954387,0.1018954040542821,0.1212119380407612,0.13083904518778233,0.09772428053730621,0.02605913199516846,0.04994724608931303,0.01154873466960231,0.011617349895753883,0.007064949775011956,0.012537980395836921,0.17173428623731893
1.278,0.09685964252008566,0.018344024905529603,0.014551053474097214,0.12387004604127201,0.0066907661890493126,0.09827080792318202,0.0,0.021178595299662508,0.018783032074296605,0.019821931333749526,0.013098429684181796,0.01709553546502457,0.029607953327655097,0.10328707337088114,0.1468155256203308,0.11818747441921319,0.10169139583539388,0.11776593543085204,0.09987948600618243,0.08875937890465876,0.10504051308107962,0.09776826758283069,0.08546628019431618,0.11818181342385431,0.13231536126109783,0.09015179492539824,0.09717258474606932,0.022087504791015296,0.007150995480262969,0.008974923079622572,0.011793347011478213,0.010093646009780136,0.18192208341081872
1.777,0.06292640415977006,0.0003274802804844658,0.014579417709115798,0.0132180317880731,0.002331796407842519,0.07454543083617023,0.0,0.019826436570398422,0.01920893549463387,0.005567187964180884,0.006368939492580465,0.024786163728683554,0.021507567498622253,0.06055581149840061,0.10485734397389046,0.09248758176775429,0.0570167254832198,0.10636215680081103,0.06555069238954038,0.07857211613561846,0.0566274894751227,0.0662903133322979,0.053873646453253446,0.07781472785161057,0.0938575870861601,0.08806877683205429,0.032307116287902816,0.004256231752482007,0.006562756111069435,0.004204815126310868,0.0002682034514975175,0.007493216529862547,0.0535973014387102
2.289,0.06520384971450063,0.017565730611111413,0.014586027708629573,0.04674066434955491,0.002799274006133438,0.08978461123001849,0.0,0.025691851025734673,0.018565613393592997,0.0011574945754566032,0.012602249502601297,0.022469120601274723,0.029025948452532896,0.05262003172683087,0.09562730300693972,0.07277198513389388,0.06237708368815993,0.11554026548575735,0.05674307611762677,0.08662134985888126,0.04646835227947549,0.07779974730590086,0.05657325038505085,0.07328217661668486,0.09315683186883238,0.10265797487349217,0.09966857487117123,0.01010846302060431,0.0027663231066388325,0.005889640621468079,0.003762698077983626,0.0013885767430770399,0.05462676030544683
2.776,0.05836268341842923,0.00757436576878128,0.002016383288680805,0.08456140087171791,0.0032705156625951943,0.04671646399313819,0.0,0.016267222016090332,0.01517284479809909,0.019211288182047613,-0.0023129246149553636,0.007782081888355374,0.0031584501004038746,0.05962063451902023,0.08814491082925097,0.06753572439633226,0.08732499371321309,0.06815796057909297,0.04081868714129111,0.05422805259884569,0.05892734131671456,0.04924140369564037,0.06131391855450053,0.07210755685072086,0.06348872971410618,0.04201917438347373,0.010283733578084188,0.03956486302923558,0.0012934164383541866,0.006002393136876707,0.006436703555172775,0.011756610656442606,0.09688315907149116
3.277,0.050032381518667395,0.01729743848570641,0.00794118216713623,0.05116201890100991,0.0024124183553237734,0.055257915960584846,0.0,0.01244182381004288,0.0019184049141324632,0.015169865619292856,0.018588494801653362,0.012121225762547237,0.019005344147122273,0.06612079315691302,0.06588928914920161,0.05514923864922198,0.06859572522533094,0.06379063689293807,0.07179674789627458,0.046627741077603375,0.06309319819752851,0.059728546882384576,0.038841362434623244,0.09504929257408085,0.06819787659673424,0.04530871518797957,0.09337346150692871,0.006634698765066947,0.0011001460178329413,0.01038359170703693,0.004204393256816455,0.006419702504155556,0.037521742769756845
3.787,0.04692808466262744,0.008129769087310371,0.013418679783072872,0.04860913164112349,0.0017841312202111132,0.039409473745329986,0.0,0.017194070243457853,0.010040566443509917,0.011803250052949193,0.02563250462770359,0.01777370226262398,0.03004168624510763,0.048417172846717024,0.0767343825352631,0.0578758066325005,0.053896436197026686,0.06716133364058845,0.06420838222445274,0.0460529362178105,0.0320666090288231,0.06942219300681157,0.04256613353880056,0.06085958955826242,0.0875546836710113,0.0422736539060884,0.081503284094301,0.009955879360198604,0.0013580537186766745,0.004367998309612586,0.005605096331491069,0.00372734892272178,0.058912290984157116
4.278,0.0448274903929227,0.0026826163851534886,0.011642210273941325,0.0827418364595423,0.002120608957248108,0.033453436426398094,0.0,0.023176362487208092,0.021998203058037912,0.014883688660242783,0.005983455480350669,0.017780859089724266,0.025128833610113734,0.022013080959198045,0.052385199241136646,0.05817448183185954,0.04420729172958965,0.05891188730684024,0.048342153551726615,0.04525517984846026,0.06124783701796773,0.04761957106257509,0.029919610642419697,0.0803419920291578,0.08394791676613965,0.02639786071392273,0.011936592038615643,0.025167665708430355,0.005690506923868284,0.004895390093333755,0.002584000552391081,0.00419869248327389,0.11712191087627986
4.778,0.04482906673947529,0.01800943817391512,0.0038232725755176144,0.10057765436191285,0.002327834689757103,0.03177309148742724,0.0,0.017475520950089984,0.004478520590531952,0.01074199883411625,0.007632141058926886,-6.8299986224519e-05,0.012216566786018599,0.04288090926401698,0.05514240821803374,0.0429544488441132,0.05641062537300898,0.06395131846077473,0.041432069665676204,0.050512521945894354,0.05671631767425172,0.043368724249930664,0.03552103653573565,0.06914127269242556,0.06286710249527507,0.03720116692477551,0.03485764732458072,0.05119726851686622,0.0036517321970970257,0.005539032071119922,-0.0008367050760057363,0.0071974248328072095,0.14069348899124204
5.278,0.05153483535430456,0.01868187464513152,0.003569464596113693,0.07753506178436328,0.0018772750957089656,0.08567498647088098,0.0,0.011086637017727104,0.002590557023085498,0.02102166270967427,0.0166814884170283,0.0038903057005677073,0.004733435842485701,0.06088725488804541,0.05985552675506374,0.05323053140097316,0.06344389001840979,0.07312797539277123,0.04113968132495605,0.060065696844966945,0.08126129396885198,0.05793375205717442,0.04828654434804453,0.08605447994974005,0.05366688804305986,0.07200941932756157,0.06994850795568254,0.03941850379248089,0.0024233647262635284,0.0032721507166284538,0.002312017566652204,0.0026243430397750104,0.1214924628522155
5.779,0.032775313929675504,0.007634103519431031,0.010802230558966078,0.10995504811885719,0.0019013558173826552,0.039506171267568495,0.0,0.009720350328555104,0.012290894961060329,0.00650873633680341,0.010834153747254341,0.018793752774852165,0.0267579835355901,0.03451884306182368,0.052226377579416575,0.03491564660354001,0.036999940995520904,0.045348960804043624,0.034490948622738285,0.035922751154728066,0.04876561298915358,0.06181622012188298,0.019740823917709857,0.04604097668266946,0.03907631244108539,0.045897455550367026,0.08674290141695096,0.0006171760840595862,0.0046885699961392155,0.0023969210759614366,0.0021896656925970673,0.0036074883829100334,0.13427385783203719
6.278,0.029901301531593476,0.00416342550884205,0.014048610606111215,0.11662852310575512,5.246113325657761e-05,-0.0005987192596455572,0.0,0.018831457923396445,0.01613812977392252,0.0013163196688869274,0.016241768742637584,0.021766088347805742,0.026561328953218374,0.034699046096666276,0.0447850176021591,0.0539221156466876,-0.00826791312819133,0.05861448873621524,0.0162572856063033,0.03579884576923535,0.026704033485838503,0.0484210687405042,0.032529321236320706,0.05917829707949003,0.0515365711132839,0.010151853424062851,0.05216500875690513,0.019748673232352663,0.0018905860584069684,0.007475378736819084,0.006278640704107265,-0.0011436953575880379,0.15992531485810008
6.779,0.025448313030847033,-0.004113848116385872,0.00026672038420564746,0.07122271474474995,0.0003004109385584014,0.0013757843656921711,0.0,0.005896002084853655,0.009091994279100539,-0.0035982319506360837,-0.006245877667512458,0.005358032041717068,0.006862296848517154,0.012791407433904367,0.008482251928132652,0.02416885118120653,0.03887795699575991,0.030277950092356898,0.037972168300042554,0.03058406242071274,0.04404892961298541,0.05358052602146414,0.03378658076638651,0.05751803223370222,0.027242030159819155,-0.01156890182625057,-0.02442427343043211,0.036571711951542844,0.004588270234763691,0.0016075574724195838,-0.0011649890385002201,0.001208310861303549,0.11777507293263903
7.287,0.026614468439593343,0.010081711073352172,0.004799760183512218,0.21631386698041524,0.001352188063649073,6.238090075160614e-05,0.0,0.020253957815874604,0.018477892686454896,0.02769789438643539,-0.004547669657948719,0.00501983224031178,0.001916725230716171,0.029316146367197354,0.017056965925466343,0.0380857919719823,0.06569196536709188,0.03618944258868396,0.03592874917089764,0.03300803576359615,0.029738649562645905,0.02572333189669453,0.03783458180032896,0.027128155442360836,0.035810208688282115,0.017540503706593148,3.2706705891656686e-05,0.041780577261063344,0.0038139658972967602,0.0019086748794509062,0.0005678302781430631,0.004202936756113559,0.2466773657324251
7.777,0.02968369016843643,0.0011780263354202328,0.0037799260296615456,0.12884767778999642,0.0014571618242053988,0.04225219364654512,0.0,0.01839686162738712,0.013508230357050458,0.012444826135427777,0.00630859766049744,0.0030726977941088656,0.006014575048488291,0.01730096923968033,0.02987926196256916,0.03592498171320201,0.02533788409683192,0.04828008734095178,0.019661513412008533,0.04210630322744069,0.05941457103020089,0.04532339365962913,0.027592660680661782,0.06481879685590403,0.032655093727783684,0.05608021172264899,0.05243109454399916,0.013051645453104728,0.0014115426018629614,0.0011564683161203804,0.0037476251548422585,0.004296965950876259,0.18084957613939626
8.288,0.022027583454544256,0.011191405030383258,0.005457590869368991,0.1627188000060944,0.0010348738757631679,0.028955816994416773,0.0,0.014435556858882526,-0.0007665179116032418,0.006161751051248686,0.013782288897976207,0.011751275663143494,0.02034693404398993,0.028446060494260395,0.03198947115559204,0.026573137446082022,0.037734279398745234,0.019760014383253525,0.01188489226939097,0.025497963036558633,0.03819965079554787,0.03470624362644198,0.014140417752458202,0.04863686286301462,0.04449099319276004,0.03820577812857218,0.12464885915063911,-0.006276120118765665,-0.0023039547827519886,0.0012165107186242442,0.002102799229125416,0.00509089764439733,0.20255134677524378
8.778,0.01922301787338922,0.017148523336245093,0.010213528971626886,0.12722034508865368,0.0009019360204701331,0.04942413394765848,0.0,0.020489060824462935,0.013071379947129112,0.01035205554668071,0.008980890049546606,0.020233553260737117,0.02562433749193277,0.006876948766467126,0.02826623415271639,0.038846313688751674,0.033295446451791076,0.047748133444929536,0.012873091519279331,0.04421865681075515,0.007286542972181048,0.029458307304337503,0.02241883270073709,0.02634046218435289,0.03183204804772006,0.04313771857037418,0.07527647053400058,0.03623014496738959,0.0041330303788759985,0.0005371186958601386,0.003027224268942099,-0.0004369629064002675,0.15041054327634346
9.296,0.018009011509589355,0.024214236977758354,0.009324312674088755,0.11483082620960972,-0.0009386344617019245,0.05914476142401818,0.0,0.008504448099011078,0.007277252279124105,-0.0027853945400612566,0.005931282535114919,0.01817551527830319,0.03542457289531791,0.008164189932837115,0.03563982961462912,0.02291091373472451,0.04965353414938771,0.024335506538652966,0.02065760832386732,0.044187919662206365,0.027559264587882364,0.037780292812587504,0.016449007597002033,0.0008925319020180888,0.010534528908626552,0.04521266345214657,0.12399720826156753,0.03238142781226187,0.002392828845821788,0.001678562897768283,0.0023708584626339893,0.00414885991538698,0.1442212840932341
9.78,0.018138659543474,0.0009865591641727595,0.0011437596181356814,0.14947849745235328,-0.0011066412867083413,-0.02043769148784689,0.0,0.008988819449493203,0.004398411030244176,0.018484770763798897,0.017915576398509072,0.002508979780398793,0.0005913204474802469,0.032452185402220765,0.02680209840560768,0.00047256321142109104,0.05877788366359886,0.02565716218970625,0.00873971089986911,0.025104725647723456,0.04057631698786936,0.01860911902929755,0.032299664375205976,0.02496888944242349,0.010307510524853939,-0.010093237889149535,0.001000750858538229,0.05001431558452335,-0.0014798738831877142,-0.0011463738685810658,0.001983073987042368,0.0026469467235857125,0.20085958355788433
10.285,0.014741851358463214,0.009284058192109779,-0.00189675473055887,0.13697090830220188,-0.0004274118725675331,-0.009304660873484532,0.0,0.0051979309417524945,0.001128096929448364,0.007750062464042306,0.011379657927604267,-0.006513662659093285,0.0,0.04149744104156091,0.003562418070806549,-0.0010292112980492736,0.06828954365039454,-0.008797056787018967,0.03437156253794831,0.004868764441493106,0.0341529348877537,0.013892808950892772,0.03755523162924821,0.0384474116843632,-0.002698271590973812,-0.01016763395705255,0.06119318469926354,0.03167033424570271,0.003531190215201346,-0.0005630055309027482,0.0,-0.001559274042779545,0.16965325922093152
10.784,0.006886033628228101,-0.0019460239224542623,0.004759475789286038,0.09136212628855621,0.0033478157699230026,0.005173669516721442,0.0,0.004113683720728758,-0.0008788327440676338,0.0033344013405452043,0.0059509439702276875,0.01224689930420341,0.02123066483823729,0.022987457469281197,0.035687231641776354,0.006258319078378048,0.038587951053859496,-0.00526230604736449,0.003809801249265329,0.014922361783279792,0.013415100596764807,0.02403011574210404,0.013155149479380348,-0.008489387875216683,0.016685713784758437,0.011336386391884203,0.08914507486602904,-0.01402511454706828,0.0024725321118792627,0.004103612249463012,0.005118460159506615,0.005752741792772607,0.10600970800490461
11.287,0.004622021885731644,0.010203372879778447,0.012881089771543083,0.06900366502890616,0.0023053290807079603,0.027831359630885774,0.0,0.021316500656767715,0.005042472031139633,0.004953857073182911,0.00563895369078288,0.0238139741882018,0.03424028460499057,0.01395516546595989,0.008965465245996269,0.013976105507593132,0.009904482237560925,0.03366308518422879,0.027538721214709194,0.011323905083152671,-0.007433616294581355,0.02241561803630723,0.0007660089773777597,-0.015146931338941943,0.0426705393649837,0.03194055507937207,0.11657482961588657,0.004214039373311794,0.008421691517897517,0.0025072825361221744,0.0025774197945374992,0.008647611646287901,0.11334696871399894
11.777,0.017340034609010173,0.010053537643794224,0.0009975972576686388,0.1361208274437386,0.002250118760674501,0.05695229642512639,0.0,0.007463055292993109,0.014384835173318254,0.022434103672319922,0.005589233476804193,0.0017495736706653383,0.004685041402357885,0.035825602166431686,0.011741417546318484,0.010449316193816192,0.06235576247834526,0.0048218546475891745,0.02500866792891112,0.028073432254989032,0.03963587063492588,0.0025766497283834116,0.03341675238320968,0.015646926922732157,0.019973716720340654,0.057669529562124025,0.00889490302150653,0.056979083466056644,0.007144864189199674,0.005317668547576496,0.006354419027957041,0.00512260740812973,0.15079006113388171
12.277,0.016733621506501338,0.012695631083600226,0.005764584891722201,0.1020906219690917,0.004129021167728278,0.11455128141355116,0.0,0.02796488906758445,0.007834659258659003,0.01375028471742488,0.013177833476338071,0.011204980140753886,0.011843561766467163,0.035574315204225965,0.0036305531661685432,-0.0008075817340379993,0.05160790135295512,0.03324080283984835,0.0487108105033581,0.01568540008459561,0.04008134513113223,0.014311044016965034,0.03558566810663591,0.051237607871158705,0.013805762920474312,0.099774095080028,0.0333035898881967,0.03112564169169547,0.004402986409784968,0.005816360138576308,0.007297973193487292,0.005509986198774551,0.1261775390311218
12.794,0.009319672421493952,0.00646700786608836,0.0060891304935707545,0.08059590689564364,0.0031396607024839255,0.04935066009023639,0.0,0.025558801923047627,0.008509880795764835,0.01799681496734075,0.0030611133342102713,0.007617438696847234,0.010426837636601866,0.023695822531938866,-0.0001938571377482642,0.020669469286328436,0.0257969210442838,0.040453534132551976,0.008995122548850787,-0.007773440418430976,0.027085056204936585,0.00858202404169948,0.040925631412089346,0.03281003621027904,0.009674131391710104,0.05200033706268692,0.059295874145245855,0.015103243512758761,0.0050128234658680755,-0.00084103912032124,0.007034363859603688,0.0040316943256825544,0.09750903296692742
13.276,0.008162944783912728,0.00660442518345082,0.010949187568973201,0.10024778783542722,0.0030270095947580525,0.05617201647841756,0.0,0.016943673004144816,0.012250469340540445,0.0216759509772908,0.00832646300195077,0.019782067569208184,0.02071045941730728,0.01141368904227634,0.026920708067669507,0.011499987962683464,0.026944142592551523,0.022208423575367613,0.013612917409322179,0.004060088603615662,0.008939976620104652,0.0347384702174357,0.01708153667383707,0.012423833302752218,0.05031782963521997,0.06295195909972034,0.053655008644363615,0.019231263089433927,0.002946259838883161,0.0018585562273754756,0.005801281179680513,-0.00029162342132717277,0.12022567284551061
13.777,0.005484402765407267,0.012581087582968397,0.001087208820471613,0.06419181615481198,0.0018584456351314607,0.035298684895036576,0.0,0.009772121909390304,0.0047857690319382945,0.031986270401148896,-0.00013832303762226805,-0.00048494020003135796,0.002463027523618662,0.014771447558747786,0.006027029343863781,0.0034960201654036854,0.029097811356016235,0.019208794913074333,0.023241570578068117,-0.002927143632127335,0.03348874858573984,0.025001012457373364,0.02192877435678251,0.032899967811658014,0.030721510688950352,0.027523149524673732,0.008851098742361436,0.042582695939808256,0.007831083721903867,0.002517384810012858,0.001554895634938468,0.0008309116850736058,0.06116724655502858
14.288,0.017932314690886037,0.017785941257429185,1.1620311006851166e-05,0.19076281018567104,0.003444338010685788,0.058720354325048386,0.0,0.011521431074456884,-0.002258393354146449,0.02732202792941267,0.010200708940430436,0.001562131130082901,-0.00010187566179443086,0.042005756197201344,0.016103328976939765,0.015160108945890668,0.03852830346055613,0.019976145521195292,0.013352325691838881,0.0031109479109521416,0.05433777133789627,0.021351859795455407,0.05129597778104257,0.06227156423229985,0.053470028610801294,0.05887990316632912,0.04239024254386955,0.05261494411623304,0.002476467427945642,0.005334113178865466,0.0031173056159550243,0.0029709290415938817,0.20723362541957188
14.777,0.010097503787870735,0.028588975524150295,0.011118703147143225,0.09349248678606742,0.0020125929579889847,0.016306515202874246,0.0,0.019761012905287947,-0.0018983353509738718,0.001889021285578458,0.0163424444559796,0.018384121097961816,0.03721003282968698,0.011677128697414049,0.019226445809978284,0.008520329724157503,0.0401642288009539,0.029332084407016665,0.027267856919653697,0.021038616201024565,0.014896208556396747,0.01686490753275921,0.01785790363788785,0.014717860169187762,0.050930290694969356,0.03099550854276499,0.1720832233535293,0.01030675590797766,0.0021477186245252473,0.010274054946002751,0.005681377649030102,0.0015357289544339029,0.07269069020516125
15.289,0.00832635601068746,0.012341018168501961,0.012222546007497483,0.04184325254226085,0.0029489152984064604,0.07037491957179805,0.0,0.011764571302516886,0.011705496745867607,0.0038819758920128587,0.018907022144596303,0.020881767323300535,0.03090475997644362,0.011248717659606921,0.02753102251317089,-0.006134032375591178,0.03867414540642178,0.01324089287093906,0.00661305720258936,0.009900191219463029,0.01090901573541693,0.01719571416940262,0.025321789534912927,-0.012830617552321228,0.04595263337214142,0.03357180126823901,0.09983339535507192,-0.0005552357348127078,0.008310929436264986,0.005943876936809852,0.004910999730576471,0.007864511488749509,0.05107881657986544
15.777,0.008147777817355937,0.0026469435552081456,0.0074544006294162786,0.03430832507921456,0.002866893705560691,0.05932806635338398,0.0,0.017927985713366252,0.010117566877758766,0.01896277494938538,0.006235394221179029,0.010896488732518767,0.021889513976634415,0.017355017551200055,0.018068837670734885,0.022397589353676986,0.017576135526446345,0.02474087084339435,0.030584840122602645,0.002295074627154337,0.012171722749783474,0.017249632803803424,0.028879981341038394,0.028712565311123893,0.018847170124505343,0.059952762999526135,0.017468945495742308,0.023616304808464474,0.007756705656894097,0.00908337576106798,0.00466137708966756,0.003344736619284591,0.05529781137042116
16.289,0.0005805216080653848,0.000866064829806327,0.0020731734375685376,0.09528982485677909,0.0027149179704257266,0.05526069327667189,0.0,0.0002875926565227995,0.0041497140991583765,0.018040310514763572,0.0022822530170846815,0.007249004597642502,0.0033286718729838923,0.03858425469358408,0.0009767374808210636,0.0028154042678393432,0.0005772959180313873,0.023483694640034712,0.004301947706054255,0.005824588708542163,0.02935827878775114,-0.00282655181556245,0.031058987618229762,0.01860365688820282,0.019492879227262987,0.0540128307768967,0.005008304955387985,0.037099693362158716,0.006371125429995824,0.00045944644713741815,0.0034144809831351875,0.008057079757592848,0.17226655293531518
16.778,0.009200699465354817,0.012097412768954123,0.005840576695198709,0.07021083138890717,0.0021411973804642426,0.008031955590598553,0.0,0.011691201549421248,0.01235668423635063,0.025593900484631966,0.006781753653792296,0.004008300464374166,0.011671993975605323,0.03251118687994841,-0.0023666732020058423,0.011646339539810906,0.03168270285972738,0.02669525469247375,0.012177050921356675,0.014870161769963006,0.02237744313848634,0.019998761623047107,0.02262880592124724,0.021245819500053893,0.015961084741168904,0.0017327623793698308,0.06278983578343163,0.02531512828278405,0.005497490629638223,0.003975794037253142,0.002557804520767435,0.007622590867879603,0.1009129126610565
17.277,0.0027107496929828496,0.010708338439915727,0.012133344983298152,0.04706083282660024,0.002110093839731307,0.06332961384295288,0.0,0.006037329971936447,0.0038654813987263874,0.007829436130216322,0.00937311733088391,0.01965006492992867,0.03857376263627869,0.016640323546582934,0.00952963553153345,0.02313319355471393,0.009424725467175484,0.0062147413545373936,0.017969281189226635,0.017899755643690354,-0.006192022200903207,-0.0005198816345766148,0.012338773076900683,0.0013783047553502352,0.02854069646950155,0.06531122188682097,0.0805967437331369,0.016645413225398302,0.006713714697131126,0.0044437464791203625,0.005159016039734027,0.00796996214208829,0.05661371545373505
17.788,-0.0014927698493107286,0.0063592441948112895,0.01147996973863537,0.025268081364202496,0.0034618709779425877,0.047212155115667356,0.0,0.021812146497024315,0.01213114606580958,0.0012772211073350593,0.003708417798839643,0.022404927350250077,0.032052117503249676,0.02879069747674097,0.009134477400715511,-0.005560912266243465,-5.083696889542169e-05,0.011896658566202601,0.007004100576467949,0.020736187045803257,-0.007775034576317862,0.017854019786195545,0.004901567459254379,0.023574873546097698,0.002307777485884449,0.03371191599353061,0.052918410101866396,0.01410813524655645,0.005733433584198597,0.003810002433170893,0.004840767892630752,0.0049371206172265075,0.0761914192381319
18.277,0.00576268676067381,0.010488103280513191,-2.343284130875948e-05,0.07202693431551627,0.0018910300824944643,0.02113725498897173,0.0,0.011692413298131973,0.0063505853336108834,0.018983712512102485,0.013869230931895288,-0.004265782986653917,0.004246099773362765,0.022378938073238003,-0.008980655487154758,0.008448723324504923,0.02439720615239087,-0.009353997750781237,0.01561125691284403,0.0009294015458221849,0.03422701166885222,0.00824166349813799,0.03248797722366897,0.04801264903249688,0.004078438427602893,0.044957504957885565,0.0202287894071009,0.039918383563991355,-0.002263115964114387,0.0024965192549336267,0.007244260990288485,0.004905241943518576,0.11757890832300424
18.787,0.01083477796513086,0.01699004502099625,0.00012111293316997276,0.04558852329573566,0.004370567653048625,0.05536546217783514,0.0,0.0017748214889682177,0.004841054380005674,0.0245344923384274,0.007691730381654773,0.0031727487468114993,-0.005440070434241437,0.03411664581034409,0.011258332261369795,0.020534201994744632,0.022519627090231843,0.018640200053631546,0.010963687335580086,0.006761515128725075,0.0510519439545612,0.0019646176170672776,0.052442946619381973,0.03441495307709186,0.05514765032511727,0.06548899074076447,0.039131882884356206,0.04188909593206052,0.009712770153146148,0.008043035162881552,0.00922716701595347,0.006978704045313487,0.07557219785051654
19.277,0.0018887167947226585,0.008225401981589827,0.010495143308497558,0.04419189387514547,0.002876612927738917,0.07516439762397029,0.0,0.008032890315348769,0.012205796539993303,0.009960312498182097,0.001287543962445648,0.020734007858743273,0.023849911086513333,0.00652594350081544,0.005688359884837809,0.01853951652375844,0.020060070074661863,0.02319688051912723,-0.008043739446895305,0.01043568981566915,0.008868615659988966,6.040319470985921e-05,0.0354428585128076,0.013990054891949492,0.03120443428647007,0.05084767778856436,0.08741217346138154,-0.0039220537059746294,0.007981693413601111,0.004982053967547029,0.0029825844527186225,0.00675497816653576,0.05891915259065921
19.787,0.0027977239256219014,0.01106673153823012,0.011307940450981463,-0.02458847479136125,0.003502344673757395,0.060341982577269776,0.0,0.015114940775842923,0.0045551053449318065,0.005329208801038154,0.004425068850033709,0.019133675363524567,0.028924827232125902,0.00048166901736714326,0.013829457407327245,0.010730170839341064,-0.008809163143599528,0.031935582568291966,0.015995283333898266,0.014308072169281927,-0.0023617365101383683,-0.00015532250068253455,0.02621661541322411,0.03278652749825595,0.07146943966126434,0.04634262225677158,0.10872651151028499,0.0037173651765148807,0.0071043938777953656,0.007721747656102175,0.006806805365934985,0.0021971680941586967,-0.010466548322382457
20.276,0.018942884052692524,0.007447222163645619,0.004032394301437286,0.07425161741108552,0.002286071233976728,0.09097962598576566,0.0,-0.0014466081479559223,0.014857251629660648,0.023935971495051108,0.01136160672880591,0.0010129461496396655,0.006058554322604677,0.02986244186172645,0.029929448429671962,0.024233174726105276,0.04486145882733189,0.04040442476663597,0.03565182918051095,0.02059451366933429,0.03403302219524539,-0.009733627957144475,0.04249356494702386,0.05571244521474266,0.07890523645383246,0.07369139001796261,0.012949387266711639,0.04634406667266946,0.0032377270253677623,0.0033208375689791876,0.006204962967951135,0.0002575759327026596,0.06614734170397014
20.787,0.0072505849079257546,0.0018544064690827655,0.0026221740413323955,0.024357349112171824,0.0017834871090622259,0.03694681899857367,0.0,0.01910931785009739,0.015784325186589704,0.03158787849046201,0.005265405684327005,0.0002976555747962189,0.002249872529213207,0.03418999814787676,0.008468483703771797,0.001411451145051827,0.019740710727509953,0.035395639351813335,0.011097355311065458,0.0035835988319788646,0.024459958009681263,0.015740543692426827,0.021411903713969734,0.03429586810059151,0.04073100389888598,0.039906337873902034,0.005991535538688269,0.03616832519306123,0.002450568238333211,0.004713701897666303,0.007037281566442013,0.004515897067151062,0.03171949353852898
21.278,0.008117492364073385,0.005868234354598357,0.004548368133819946,0.020091056478651705,0.0009546576671773635,0.043627823234876205,0.0,0.013094349126568271,0.008548291621314588,0.007850318325155781,0.00588809935918929,0.00628452395430646,0.013360865398534216,-0.00864697919286479,0.013301417062206283,0.02966887801655188,0.008871096160261068,0.01403668306271276,-0.00335907453474755,0.012882329501354433,0.02951970192290019,0.011717697554764822,0.024784580048413614,0.05098779949947814,0.05502597151860208,0.025736593603305567,0.07478819472349815,0.013549576960780088,0.001922144993592907,0.003248572498769464,-0.0003027059506217133,0.006814554836296507,0.03521254689024223
21.776,0.008470542414386096,0.005522289202983755,0.01204533750281517,0.013554883930001888,0.0022637291119625377,-0.009328130512194763,0.0,0.012271958705539905,0.021594113324948375,0.008651796969593393,0.008222412331118905,0.018313333306157864,0.035472366234162465,0.022302269560662148,0.02531051528404309,0.04959265241892769,8.330098446717298e-05,0.018242412765511702,0.023701485222893944,0.020704466107232214,0.01999076082560739,0.016260105897599627,0.030529951276369965,0.026259552258326237,0.049796963101788896,-0.004273655767086955,0.10049520735504285,-0.0010754910374217292,0.004906339725263199,0.002522599756669581,-6.098277240092673e-05,0.0076943162828532466,-0.008564449166930473
22.287,0.010235738970535759,0.011897164653972368,0.012729647572190002,0.013864514582395621,0.0020145053385176187,0.007697798231406032,0.0,0.021463131511075626,0.008816689910106245,0.005270862677197087,0.017040358705126223,0.017875829490634414,0.03197238713063787,0.00375048598903835,0.01157963844735625,0.022714665468973508,0.004200216147665551,0.02503472410297442,0.011787105329790751,0.03937590558169044,0.029497513197097324,0.02299551992647302,0.026038866151978812,0.029325295697611494,0.028046568445849265,0.01807073283681504,0.09473170259796873,0.016536101646790063,0.004665681237655193,0.0052723157781768915,0.004251196206948572,0.0022599014548221733,0.009765241597603662
22.777,0.0062652770838573174,-0.008830317905220911,-0.0008450120976855603,-0.012745620451036102,0.0008591656113653509,0.020668199514206356,0.0,-0.004795641167998775,0.009840865428299629,0.023578991654122677,9.762578632109075e-05,-0.000620896088858139,-0.002499479382892162,0.02849211010715164,-0.0023724781734924005,0.003853453259176518,0.04502893219828867,0.03804656779853102,0.026937178737944434,0.001413028029785813,0.02361351395596319,0.02246171881087199,0.025532706593965126,0.01646296110861299,0.0356520088247554,0.015557172139448874,-0.033156903734579815,0.028229714766048155,0.004850825807197142,0.0031099275298132147,0.0013486366655524288,0.0021026781109538275,0.00032003888096309964
23.288,0.003941977642972389,-0.00047318593001425825,0.0015731475385294522,0.0006612342636590657,0.004551489558977685,0.004275235728469816,0.0,0.0107576890044238,0.02714648145399531,0.02106535862121134,0.0015778221066833913,0.005661341171929526,-0.0006331340694589571,0.014316666055747052,0.0002488390082201721,0.022235233884167635,0.04721470225920281,0.01949236404263987,0.018957421669604152,0.00013985326342613592,0.03581525004654661,9.162070572740869e-05,0.024718594626964116,0.02609010512927497,0.0004145055593983204,-0.0063229144639526495,-0.02589978687907184,0.03892036893354505,0.00852710939972046,0.008584843688091261,0.005473947301072427,0.006439930867915798,0.0016106248948812823
23.778,0.007670061328155537,0.016684835513162594,0.005974679291041672,0.015760421228567308,0.0021635712447355426,0.07875861484446882,0.0,0.014753495929556925,0.00775155953429107,0.007715939846851341,0.013702108029628495,0.005019187175739872,0.01379566400633289,0.016036513156035475,0.009113207356735592,0.023917006305562608,0.04490448359351152,0.012790580519832723,0.007384678878850136,0.014129687596132822,0.014730149007984385,0.0017925148114678994,0.028159611649866276,0.045714135064879174,0.018151497962721332,0.08378856261305763,0.10103855236478186,0.019421379395104934,0.0008329361256956532,0.001515783121659172,0.005739961372285307,0.008274377929904167,-0.005654994550789223
24.277,-0.004581224812859879,0.013794320491728922,0.011885374243798565,-0.002644937054636505,0.0017953258342399022,0.011923055829597372,0.0,0.009700450426285393,0.007635158497497011,-0.000980588737244303,0.007893578603304653,0.017923852510464237,0.038518772390887496,-0.00426007051736306,0.021996711368171943,0.016911506709111086,0.011608695023749841,-0.0008488329811385715,0.0019611401253292024,0.003520369257888029,0.006260594803237012,0.014433134812028599,-0.001703320580481845,0.0002814746029677018,0.01304492699874638,0.03655197616964547,0.09026776821547536,0.0031147403565383925,0.0034117318475035885,0.0005552592727982779,0.0008200534095365433,0.000304184166249942,-0.0010402134176040855
24.787,0.005656946907082333,0.0012704946168818414,0.009903340242092318,-0.007580978901266089,0.0011067297641600535,0.04871413716029705,0.0,-0.0007395239739158,0.0059845382065916814,-0.003286996763068659,0.008736047010223106,0.020708577698946493,0.029409996638164057,0.025737516201269902,0.02595903210653176,0.012193552451453683,-0.0036708391477439676,0.029564232138514876,0.014485425343117147,0.03917625418881422,0.016109297342622984,0.0029916318855174,0.011515478922816506,0.006676170278159182,0.02386525309257896,0.04283370708062436,0.06802246059126124,0.003667035696834109,0.0030517597105329812,0.0073727678583126125,0.001771794942416584,0.004116378381169616,-0.0006400322429922377
25.276,0.0038632909480869762,0.01598215620464509,-2.3240561999800465e-05,0.0535100400204376,0.0019032330430104384,0.03452683996686195,0.0,0.006659437755455125,-0.002214668493115222,0.015157476159866646,0.01818808931285363,0.0030071921682815615,0.0104493831173123,0.00503392069250156,0.007116144204037228,0.0036531465319145167,-0.0007809474050953656,0.03461170649700456,-0.015091215111458693,0.014653236992367109,0.026108903494919605,0.011294110825790467,0.02170789510950114,0.05729287858254055,-0.016663392273469104,0.03834467507812105,0.011570735576011312,0.0632217274382844,-0.0008641422726606931,0.0032291928037741645,0.005242690747327164,0.002200188778459955,0.03583185967607611
25.788,0.0034009786844431517,0.011902769588826934,-0.004736677949632533,0.01290400890661119,0.0017649994889614828,0.05281730015891875,0.0,0.0019444253003520428,-0.006364946399201109,0.01967388389440787,0.007044666815289072,-0.009767455709311871,-0.0012138502945636957,0.005925548965826905,0.006892349849551395,-0.0012987721989520357,0.024098904979958338,0.02585691722645172,0.008273358645249529,0.013496439657215557,0.031881631280342514,-0.007273634199219322,0.026589712454446267,0.03805059161212635,0.018336690568907986,0.03767844198012988,0.06224250244758488,0.033325457646294784,-0.002839422588836255,0.0028608261433224337,0.006395363476594211,0.0039254476918863055,0.009350439597896672
26.277,-0.003102501062789117,0.019083614640239378,0.009457151746377786,0.008101540590401161,0.0013713239053087572,0.006570782101835787,0.0,0.018286318825087862,0.004795994645709941,-0.0051230853505630485,0.008463775095792572,0.016246869625093068,0.028143539407028753,-0.006153900250861401,0.010904677858808127,0.013204376213279108,0.015060504706765348,-0.012388407491242577,0.004415381166892796,0.0354913730364882,0.027546566351011822,0.01722756778071908,-0.00019867053000765869,0.019998833888154273,-0.012731232882626214,0.001685766870391422,0.0980348876581427,0.010496023126225362,0.0013922298085543331,3.188491377976223e-05,0.004389912030199431,0.00032275721946758924,0.03177515708545155
26.787,0.0036763893913973537,0.01758436597385977,0.010414944927532508,0.013268990216517767,0.0015979536722702916,-0.00471979427045156,0.0,0.00337153717450102,0.0017519874820639226,0.010545135362660206,0.013617360474778371,0.01883373931358821,0.03007961703991641,0.00711329128629688,0.02897973896844898,0.02725374731383116,0.008871722601924516,0.002297209856926096,0.01747226583102085,0.017413056775475395,0.009819650805208807,0.0049115630576635,0.006284021862515414,0.03353307647971818,-0.0036315941523766583,-0.0077389651641302645,0.07760004117545756,0.029780427555510445,0.0020419201025602177,0.005282177040347939,0.0037396580474598658,0.0031236727857995744,0.03279112190139144
27.279,0.012584341585961062,0.008507653097468336,0.0034681913856823613,0.026181039730481394,0.002567953723763661,0.05183770031395457,0.0,0.02176239193296388,0.011832137902402678,0.023031364572824134,0.0017863769969435246,0.009297526766111949,0.006105643923350934,0.03811148802424136,0.02266495963891703,0.015340833168542534,0.03558662717271003,0.0010215998230070343,0.04660165141565746,0.00809780759468627,0.044275273401159866,0.01207145318622397,0.04079277050307174,0.038049326777723914,0.010754539209735776,0.0550737657322396,0.016539992194172435,0.03747255057899524,0.006715928532273894,0.00461837954502924,-0.0012266956459963513,0.0005776063600706717,0.01858480634039007
27.777,0.00833490431622747,0.009302333037890081,0.004052860575722374,0.022368188645292966,0.002216146421143825,0.06748806690992552,0.0,0.020552711119505428,0.013878734592789965,0.016596398392253808,0.007918850875626134,0.006865528751887806,0.009322604273866207,0.03659286018023836,0.006913871379427412,0.02619960560252623,0.04167353376105593,-0.0026269709734468784,-4.253982051059408e-06,0.013647736717108568,0.03996128529990204,0.002966634025614166,0.0067482533893224875,0.0405281789051083,0.038274118842868576,0.07348451287151932,0.044040829281129255,0.03322833769860135,0.005983594441800776,0.002409875477400053,0.0011261725645823955,0.006069135030100221,0.058870629947202505
28.278,0.007549840910604186,0.013738256019405554,0.008765285870348822,0.020850454334025225,0.0013977815852836207,0.04512502105197311,0.0,0.010237200258274534,0.0014749414035445422,0.0013301871568987403,0.0074657202687010375,0.013877307196843448,0.02850354277927465,0.021799225249347,0.02413054655099644,0.02445732405590889,0.03704398000172922,0.019162503219352228,0.021230076922886403,0.009781687681355424,0.031291128151423576,0.011774508652771756,-0.0035844183295254757,0.0285897406787768,0.015126893573735395,0.0339270260954656,0.13624645489394618,0.0005508473439254331,0.005827713140534548,0.0020659920153628377,0.003119943889502297,0.0009617429901503479,0.0301101157829098
28.777,-0.001706966440247412,0.015396588642627305,0.007194241337782315,0.0229549615077775,-0.00012380988944626125,0.0024070874432663867,0.0,-0.001872781627771325,0.00524584925130535,-0.0009638338741843964,0.005347974879188006,0.016307099443017167,0.03030534283458582,0.004012825104691223,0.012641735808328286,0.001962692871481531,0.03489322472545861,0.01072791136779053,0.023745983184058378,0.040113769785185466,-0.0015409860217996045,0.012663936192489272,0.007802102326174575,-0.007162796398388881,0.005421845035169107,0.005017063346235825,0.11289219168844566,0.03094647565904249,-9.005687821176855e-05,-0.0011294114187161443,0.006602372993431832,0.003268666146871419,0.03342682527542749
29.279,0.00413085353509548,0.0036625855488511337,0.004373790128756975,0.0510409704168439,0.0014331602260192998,0.06652132536828609,0.0,0.022374395143631896,0.006922417378406324,0.013718804262394793,0.0071870690833633075,0.00837229576970607,0.01050484258853588,0.020638126827394934,0.008336732259566437,0.008328781050499582,0.03539706271426317,0.01710441579258441,0.014157172164292568,0.016631312752370415,0.04558385596984481,0.0008562449961408153,0.00335853743876446,0.017958143231689778,0.009262565528448808,0.06324462670112822,0.03863573473839838,0.03185090981754852,0.004407590979168896,-0.0001275396551191607,0.0014050709040457946,0.0011261262634520864,0.057740240635526144
29.785,0.011076853464870024,0.00772882203966119,0.002693920687535082,0.04607444430836249,0.001693529880509995,0.03302913473153143,0.0,0.012208556545434457,0.010024427713431712,0.022067840950250155,0.006758288893973152,0.003683006626901015,0.0017782485514358396,0.05084800686242869,0.010986337514869283,0.01724898292995328,0.03740919838924667,0.01911324077842233,0.030626992969682295,0.018233784669472706,0.04561485227747471,0.016293631918449295,0.025920400230655595,0.027272664751701776,0.04477457962462623,0.009541487930664028,0.03168486969825244,0.03627326530623189,0.005134974660299084,0.001801844976586768,0.002088195187812949,-0.0013609331666608702,0.022980957820800747
30.286,0.024067826324551823,0.013564492881803895,0.0019185370284616164,0.09391942961960827,0.0031545141334647364,0.054466199074865225,0.0,-4.820883933638734e-05,0.012354256933828009,0.022999200917644142,-0.0076094692923347786,0.003481854393617895,0.006779110390848198,0.020869371045037492,0.01872599895265078,0.03183918773006062,0.06112842997394625,0.030606797085306888,0.04672083970698197,0.028767263019325712,0.0601966310766821,0.019375270261345303,0.028625497773751393,0.04354560430235149,0.06441843067945355,0.04465964819378833,0.040426107183513374,0.03786722786385152,0.0039400332937012065,0.003937496068698788,0.004487881546989573,0.0044894535974393315,0.08871979841102187
30.778,-0.0019184133262759786,0.007294359857979148,0.007928175798585497,0.03964138034160712,-0.0004159557201497281,0.033620428419759346,0.0,0.024692230747526262,0.005826965106351094,0.00329098943394836,0.008718732163500477,0.00962409902858604,0.03240901320159892,0.00870573501973844,-0.00017245414326343987,0.002698136960188759,0.01953687974534672,0.013701478734747757,0.0004557257768108273,0.016598119087888705,-0.00535562575271817,0.006655915618128648,0.004788629040883827,0.009628111079566877,0.037279796991163135,0.032150546376324064,0.11060276918829114,0.0033274702075191424,0.001856346271099198,0.0015378288220505595,0.0007036307066688762,-0.004128615558848895,0.05027808334277639
31.277,0.0031360778408643848,0.011953654198030503,0.009473337758739727,0.0657477071610631,3.868939291952572e-05,0.04459882026155778,0.0,0.016910618844490834,0.0035291354420915145,0.012019502632974606,0.014187524135099973,0.013135137699048227,0.02485171952010103,-0.0024725528403929825,0.03323876809339459,0.021451571883822792,1.4121300483769395e-05,0.030369703259796866,0.025173523247107983,0.023851503187242624,0.018536558646340996,0.00883351559310733,-0.004930199741171732,0.00010688535061931223,0.03528564313109369,0.04841920657277262,0.07027296005874197,0.022756753231785425,0.0024586205245301107,0.0022330422970759057,0.0018172939641463274,2.3944336484454933e-05,0.06413158563955407
31.787,0.00422214350117622,0.019764797206813244,0.0029843610734785323,0.03874215942940963,-0.0010772919472898529,0.00793147150390635,0.0,0.008540270413781803,-0.0007279865114562529,0.01501146510680928,0.01151105584213821,0.004268319666030331,0.01430055589475772,0.028030158901359892,-0.006124560264768386,0.02401590966731078,0.044145869324201066,0.01796619022369568,0.013616527098986394,0.030718104469802436,0.025704797456830457,0.012105134447233705,0.007583960645079351,0.01681244966666497,-0.0013268577820165566,0.011010362463863053,0.045947647009571865,0.047233950822524115,0.0012453564204270976,-0.0009339315931816489,0.0009157536146058213,1.4498415317625854e-05,0.06229861652788362
32.281,0.015914131759219345,0.011463849183893553,5.1718784298497616e-05,0.03406325201122421,0.0019652382465008213,0.047175572645591746,0.0,0.01132653598152155,0.004203270105164131,0.02433548136782213,0.005349281254567665,-0.0005406045006145402,0.0045706618968017875,0.04891247583788622,0.018238051790904913,0.021916585953041762,0.045930145931723544,0.03602973901546702,0.03940863622006078,0.0010522709466004958,0.027189944137615683,0.007734065589483261,0.02672034539523035,0.041084167498028616,0.025535567401925318,0.03881723829373832,0.08800940008707386,0.03122590671519097,0.0015734122037195486,0.004711584617588221,0.002997400666463836,0.007829175106675744,0.0015513680276550187
32.782,0.009697542504668942,0.013349199832367398,0.006756690727479117,0.0803181918857089,0.0011813197446292017,0.02783280408064298,0.0,0.013474192191059912,-0.0006941944690821574,0.0017671118488515555,0.005754402639010948,0.012918433652697651,0.019183271877068312,0.04062623674091843,0.019262790223947137,0.011740343856349105,0.04224728329113576,0.031960785277740135,0.014428443450053025,0.009706455736985569,0.02221568085963858,0.01737014821740812,-0.004558166659646156,0.021044637519356618,0.02256328143492159,0.01881722947318757,0.10438189176073923,0.005908039273295808,-0.0009794066899489627,0.00527449064672688,0.003884006154395889,0.0075723228690119,0.05469793147505159
33.283,0.0022114312733113655,0.007029838469454027,0.009528198785324427,-0.00964527801397276,-0.0006437973608299729,0.055413711675422465,0.0,0.02650360070690338,0.008215040084660594,0.0009188561590707235,0.011025827889862777,0.018586474237819096,0.03175627580991694,0.016746696720377218,0.03692692792441825,0.023992198390826926,0.018906637843728133,0.028565134196378305,0.02775574429117328,0.014623496720826874,0.017972476614213452,0.002835583489514987,6.953606697943096e-05,-0.010122950109670056,0.009338629749473111,0.05691115937297314,0.08137746775763341,0.008638356060288352,0.00034267871425952215,-0.002040711954496291,-0.0012849345304776218,-0.00023734609581001431,0.028661516938540105
33.786,0.007260192049654668,-0.003491013638630338,0.005598134675518415,0.06634588962347318,0.0003687342257023812,0.06646051070769217,0.0,0.017313922465002775,0.012254215554811425,0.01820547579320976,0.00885317718254774,0.008459381695614356,0.013051872766243379,0.05294149051454588,0.04154973081308494,0.03141998427940577,0.02723848275725426,0.020066671043913915,0.052612156409130466,0.008391357506632148,0.016495351683730633,0.017598675771624366,0.013622549590169073,0.00831034358802247,-0.009628742015871907,0.05461184564843058,0.02473377566854957,0.019835659201912898,0.0020818670508176698,0.0045206101087292274,0.005602728082116274,0.0023581920672332817,0.08401635608883697
34.288,0.011934632578338438,-0.0027201575522563066,0.0004550289427590776,0.1298213632945819,0.00025548077147819956,0.06759956149016899,0.0,0.016730704049885796,0.016538293163288694,0.030011468130218558,0.004729253299160932,0.00040453458681242847,0.00735662274228871,0.04101129622380319,0.02921711954052244,-0.008571709601045793,0.030846235872234045,-0.003294562967061305,0.033613401386792356,0.00031205336796376055,0.035907385532425444,0.02385837105357057,0.02305898192792973,0.029043424194550426,0.02540244527771091,0.06959277822290616,-0.01257452063036632,0.028067004361144083,0.003379814170422351,0.002540990833696592,0.002073178016719284,0.0013468493173742044,0.15567096656978227
34.777,0.008132848946907799,0.010131830405054143,0.007205452959942076,0.08359424140196761,-0.0021144260103383382,0.08137440410489534,0.0,0.02339595612994194,0.018155989509811517,0.0046339733140245915,0.0039753336003868585,0.012601188526575482,0.016773866155491212,0.023085789470004493,0.036942965618604336,0.02925376559600865,0.02272131518111448,0.01914106209447661,0.025618806172948056,0.012926066139592856,0.016886820459674833,0.03584856558305863,0.020332004293336273,0.0008746380987236951,0.0291462478102919,0.08165404030127159,0.05455664000474015,0.008173510836312224,2.8142140842788667e-05,0.0021038323521221656,-0.004259628874425814,0.0002985272921605804,0.05776457523176194
35.277,0.007713368308610695,0.011871807247197294,0.007227660974381052,0.02393041054131256,0.00206513491987218,0.11067280483274794,0.0,0.01554422913460595,0.012758568165283033,0.017331227302526356,0.0186697144452324,0.012617498972125444,0.014855214902867231,0.011806668962630731,0.029811936478182186,0.01618786069333531,0.029644939208891864,0.030267163475224203,0.02584931973522644,-0.0008024229461927199,0.02163823640836251,0.012576115926086939,0.03469044241653274,0.023235670322131953,0.0441553881296757,0.10338119118794652,0.04676076229487259,0.030302699557692533,0.003239665641266521,0.006706551852129949,0.002673031063898046,0.002866889861813814,0.05721360325191146
35.778,0.018989568287773543,0.010433597919593756,0.00556960879868081,0.09428830824618063,0.004965844661628232,0.027564539358004757,0.0,0.03102112886783361,0.02650753279567214,0.025020406010268177,0.004226520202495902,0.006137041415475709,0.003319871705154033,0.049834984041673566,0.03553622733276544,0.02504609572533458,0.042005622717659494,0.03962855878354216,0.045686024252094226,0.00867479541314628,0.03437925951628207,0.025236331260325214,0.04699704774982949,0.044014941580805204,0.03633947698721812,0.02554923184126581,-0.005499943721073058,0.03739281034533733,0.007831840357120805,0.006568681069785786,0.004971995969161689,0.010279819335634365,0.1006759698033818
36.295,0.02624448565366771,0.01083729992426372,0.00185366485347799,0.03453204734195657,0.005292917632933391,0.06825734973684415,0.0,0.014722282061332324,0.01501772269914404,0.02607762141710598,0.010936114654438563,0.002444380633947485,-0.0010768536157662889,0.04150768258798974,0.029762007436890742,0.044649777466102526,0.055786831013154986,0.051495150578825,0.05474259118182523,0.005722153777496081,0.06274020693253818,0.01669068976803652,0.05341176089894102,0.02694740815387321,0.04800277354113904,0.05518714083379548,0.028458114758248956,0.03381751436675496,0.0050873013308418,0.007145038008741973,0.0030456321318994683,0.004104457663353441,0.051448338819904266
36.777,0.019949216999355777,0.012755657918475397,0.01668313654043049,0.05541281289080301,0.004606643404954524,0.047235848375103556,0.0,0.03198770934978914,0.023445357397409213,0.00872086820911188,0.02410993499749151,0.018906985042744264,0.028832545524840904,0.016079562514990608,0.025701568354350564,0.03704239342260518,0.024033948101530665,0.05479825293064252,0.022047215680831463,0.01851828994596109,0.032273062803108384,0.023252039822952333,0.036584458480498745,0.026281026837825777,0.06623217479409689,0.048879499915494125,0.07554200122394987,0.006280392515542582,0.00908301056877328,0.004372003387194479,0.006694671318955669,0.011453846975311079,0.05317092379340458
37.277,0.019824715647099513,0.015570703399178636,0.00860110154318693,0.08813781519782037,0.004967138985048081,0.06915990031865642,0.0,0.028549104168443785,0.01167708648783557,0.02507574379371927,0.011188063252494558,0.011263038567393269,0.007871292413932448,0.020105551997633052,0.031036294972550737,0.027322482668314444,0.06081085951092826,0.0493813757415873,0.038478778393530325,0.014728601749770745,0.030970227930641563,6.680263434011031e-05,0.04093330776131895,0.018121597831447553,0.06011040553127565,0.07084170703840564,0.045361331257223705,0.03655807137881276,0.008537641141090456,0.00612245440630673,0.004091528462981765,0.005278587782400028,0.12208214258843907
37.778,0.021083810819607644,0.022758199185861163,0.007283268986842439,0.15838858120981106,0.005451878468516716,0.015643845607859395,0.0,0.015229318419483603,0.01678475629605315,0.031030692578547653,0.009708188345917896,0.005278117743664362,0.01394956768878769,0.04040028941365091,0.026633627099593025,0.022583529280356944,0.03933934872886495,0.037746932740365,0.04033786116026479,0.02348907909377014,0.04108957334630899,0.01088715606898447,0.035111964668737755,0.06279173511048532,0.05685328731591991,0.010696342493605035,0.09868850022293331,0.022579932210633247,0.007047195401262562,0.008271987785945841,0.00713314227884225,0.01016111545484841,0.1588672478007676
38.277,0.00866942410490172,0.01221615316205121,0.011223104678455354,0.10368172345744711,0.005341879518541297,0.05394077462056808,0.0,0.02913030588186687,0.025262807163820514,0.012976194812936381,0.018032998006262083,0.010367954942489656,0.018310329821865437,0.029016840568477316,0.03779265226195504,0.018914504404222505,0.029653528441536122,0.023973738564647906,0.011699567279012653,-0.010993212239945658,0.003839798101867184,0.01458848694394786,0.03697370914537694,0.027292790009746958,0.022793148204447274,0.04286144869766285,0.07462466399522329,0.003031573669513421,0.008620055955157826,0.007916909248441262,0.007352074137497092,0.0112358621293866,0.1132293713305417
38.788,0.01774781105538661,0.030206704795414426,0.016029824164602184,0.10405117186372387,0.005594913403270576,0.03079263710088082,0.0,0.019485834039694408,0.026462941974935657,0.013698087203363504,0.02165574274024363,0.019030111902885616,0.028462273220574073,0.036570278817518516,0.03360862934954267,0.03231044391409913,0.043625397844125814,0.05484759789894175,0.01386502174011226,0.01518297169600661,0.033375114934992844,0.029349922267047614,0.013463807540256452,0.020635584039542236,0.03963018378232241,0.007243288641334911,0.1311562454621396,0.018307037265341986,0.006585014839241902,0.006954190254841954,0.00795382199678172,0.009411005651280112,0.1215470859877155
39.277,0.0034604553106245828,0.020060218190800734,0.007013059930200552,0.11489669703854252,0.0025629492898365572,0.016271784019822582,0.0,0.009573104017192056,0.01578378084752603,0.009978730387977931,0.015418747229213414,0.005790951712600665,0.019795590697109487,0.03591327816287133,0.0011736481039344492,0.010887883974331946,0.005538518934624114,0.033003479332781645,0.03545773505603361,0.007850225915405143,0.012786404860508558,0.0025608478977968757,0.003962170139354118,0.014525833805528894,0.023615080853721434,-0.003666973202074636,0.05015951670816857,0.03552473932983286,0.009474236285320608,0.0031117201003461282,0.003070814557370643,0.00621998962227016,0.12573260822864235
39.777,0.01407101175422101,0.017942943965256995,0.004748299603137973,0.08196916952082683,0.0036397132481767627,0.015200387072957532,0.0,0.009256978898648165,0.01918116592822875,0.02481657279153397,0.0014613785078400334,0.006125808728750968,0.006354316869893406,0.03259893612676596,0.018894304342956306,0.011113111070431449,0.03707522103152462,0.027508721158057588,0.04055978306857811,0.0045254034618438495,0.019858924476606206,0.021219319888311106,0.025602671105389524,0.023711201106173183,0.04792019694314333,0.01014359287014012,0.033751481144723934,0.045238616325592784,0.005441954512977771,0.004426918702381297,0.00448747178879926,0.005670660669109603,0.09133364117211441
40.287,0.008060268800828859,0.008550642071153492,0.0057128162852719475,0.08726651459451093,0.003888484803073925,0.06645808261130684,0.0,0.018800853668194173,0.016598482996491744,0.020944028547410322,0.01979102204529339,0.007405396423428444,0.013248301242361957,0.004275143064758643,0.007400439499413233,0.016950800119654802,0.048561952475773905,0.023010415063589123,0.027548709352446927,-0.0007733782818635935,0.01640083620649187,0.01187155653567485,0.01856053192863935,0.019652426856279957,0.010548559271695292,0.06852929024819694,0.03828965993283923,0.03292788449460729,0.0044168584518677135,0.003334904792544516,0.0072650141832197096,0.007760564573921795,0.09199605472476105
40.777,0.006081980934759548,0.004220128955605265,0.00417993945597375,0.13965426771872458,0.002703867285770329,0.04062799878497732,0.0,-0.003734714827902734,0.006628021423360284,0.012202091392766297,0.0169966634044248,0.00875329783065869,0.010928820765604143,0.01989302931541373,0.0035365665807344463,-0.000959445055012711,0.0379076842451099,0.02821810096065054,0.020743513324694943,0.013598674347444597,0.038476148040708924,-0.0009556312441530126,0.01873006492577438,0.01532721914132714,0.001943604915092931,0.047564298187060025,0.09228373906607946,-0.001996066415990385,0.00820249651523547,0.0019311050134996916,0.004069596482071937,0.007346479310921643,0.13981018402846226
41.277,0.005643968768085724,0.015049538945692616,0.013183391339134732,0.0851830467893975,0.003029946694094043,0.016774504077755534,0.0,0.017075794465085274,0.01488881461593994,-0.003713555533626957,0.022569338444590935,0.019645251320524523,0.03623757607089722,-0.00602182983367042,0.04007325936864959,0.0025153847660130766,0.04271820136400564,0.04272656862160093,-0.0032657899389249793,0.027440214792797867,0.0039014932107825865,0.020227067501197633,0.003388648425560214,0.0003317507373237211,0.04104492334914594,0.012429875149626794,0.1165655597038083,-0.00646518393293548,0.0025206135701301034,0.007041705533247954,0.0018891495416679086,0.007464317623611972,0.09812587691498463
41.788,0.0037574657601715774,0.021114182737925397,0.01080914544703895,0.0324011650627058,0.0026824120557098056,-0.01269210080427871,0.0,0.005299780542154536,0.0018708858403506895,0.004969232330214169,0.02481984525929408,0.01926605920981088,0.03326905608889107,-0.007874311970673774,0.016921776126670503,0.027440534017883392,0.014166302173018265,0.046342511794190924,-0.0031267267101098813,0.0388021027268643,-0.01149311520660181,0.029097535381675692,0.0024676335893413235,-0.00023918774456401024,0.02755636808166186,-0.017309834201187833,0.11405409814547579,0.024404724258129337,0.0032934210654550072,0.009783642028788151,0.002643060553995282,0.006087195458672044,0.03336921573539448
42.277,0.00948719166449494,0.006916774986736565,0.0018053656078342005,0.07892993707126132,0.0032270689196131205,-0.0018012301063770383,0.0,0.013594019873762382,0.014600407015188414,0.01908638594619944,0.017813376865653416,0.005812181939861233,0.00020668285078971797,0.03153149139381087,0.012473408848276142,0.02948925422024699,0.025675599288218894,0.009988974918413236,0.011062596870699761,0.0030706533260489916,0.020560765142659983,0.00409187127074814,0.025876300493242622,0.018993029757827358,0.030952866350144687,0.014147865310471264,-0.010528564858343923,0.029753312912640453,0.00770688957390606,0.002094313798279451,0.0029957948448801294,0.00355080284083238,0.1018204888477708
42.778,0.011752489333277723,0.0005874083192563609,0.003301595013703297,0.013563662711630675,0.004945874699255984,-0.0015160166776670289,0.0,0.01958080072159869,0.010074218596074698,0.020132950915421544,0.006103764781992432,0.005302821867895432,0.012982055680979111,0.027614650500896506,0.01667487822440574,0.03536813453006638,0.026518723614820612,-0.004071268562651105,0.03427627253353017,0.01695478068771169,0.020277862129241583,0.021801499725807114,0.02220787270847273,0.01817670859325875,0.010276216866207213,0.01863563783506906,0.014619786975419293,0.00013208160473650492,0.013452889613752834,0.0064458226342278485,0.005610200889091712,0.009389417205896653,0.08116888046308812
43.289,0.004159010603637692,0.004431110493505632,0.004865659057896389,0.06246861305022316,0.002233934513507781,0.04035524342572568,0.0,0.016576695316796664,0.006550715246334823,0.013288859239286297,0.0015063900738862314,0.012140691393882725,0.0059627866326417865,0.013082387132199065,0.0052844468747257085,0.02823475184904914,-0.009446869199564403,0.011155286661238948,0.00971303742686407,-0.00013744532755577621,0.015432579543454068,0.008842116302753342,0.01475682634898953,0.017887995645903588,0.022461397491414993,0.02097294625432769,0.03400464350010293,0.006054322636584467,0.00676094062922938,0.00389924454718066,0.0035468476922184784,0.0027165614430272383,0.04081137180661643
43.78,0.010943076797771662,0.01387287180454693,0.006155806945939031,0.003988309735820363,0.0027290737077429955,0.06710315080801382,0.0,0.0006566375237891294,0.011398270867101313,0.016034116571942085,0.008097165591821219,0.01181176424466447,0.014839035086886299,0.03304053501087526,0.021102944863030042,0.02595178798459892,0.031554017450184324,0.018721376045812872,0.014321700998905597,0.0237475295994886,0.020335686707698548,0.0162819127397078,0.036546459094921324,0.0009787660344054512,0.015667276455901408,0.05647213073673946,0.007535880188809717,0.03773662311701673,0.005382643527428859,0.0009389268331486738,0.000995198832339883,0.0052104991644983355,0.02496197238770772
44.278,0.01074318403483598,0.0054257269436007284,0.0005172545800302711,0.022515688306331386,0.0038726013855055834,0.052550674917912106,0.0,0.0007548609748911249,0.00856113499718902,0.013406026950551162,0.01902418189721152,0.005551325200673662,7.536943370944033e-05,0.038703840531090945,0.023909099607679198,0.02585610130189968,0.03718058352877743,0.0045062627942400145,0.028838175937171747,0.010883273204744217,0.015138913375894443,0.01370321300958657,0.04308062483777542,0.007382299953574976,0.006722461699732975,0.04005521617421161,0.0025429870087270213,0.033138236470167955,0.003029498290149561,0.004563112991259184,0.0033123700425780945,0.00874301741035627,0.023587697180316915
44.777,0.013494421714786979,0.005852808341887289,0.007205085350469501,0.04352074014863502,0.003926725848196913,0.029998988113128164,0.0,0.018796982917564,0.014253893364303298,0.014106996524752377,0.00831750262844044,0.005408351160985258,0.01858163825986941,0.041222047896809846,0.0322843189419726,0.020174450459125654,0.004516014486109006,0.03820412433553571,0.012435085330555637,0.022265079209567423,0.015436444462033794,0.02501465372507215,0.015282631825821793,0.019692742264317456,0.05478420712892127,0.015026652595638956,0.04086868840858567,-0.0002934974480307228,0.010263295615380662,0.006330953777508349,0.0005189813709330741,0.008212170937943906,0.05515400239931293
45.288,0.0053877773675344,-0.0013536353412606683,0.008172094211890057,-0.03186270819010708,0.0024518303257789476,0.028545298639894027,0.0,0.015802652764684254,0.019161125741459256,0.0045887778094749745,0.007450402165003544,0.011622448032255742,0.020961785340617763,0.0025363464023063598,0.006131465466677037,0.021456891924179943,0.017651495616333432,0.026386684682501296,0.0027564489256957253,0.022605683668783495,0.02128628941809131,0.03372914621247475,0.015254953830878241,0.008102080049279268,0.043494345965045984,0.022529695187837828,0.03179792817871135,-0.007220042725230078,0.006960184264500612,0.0036416954677232073,0.0028689171143314296,0.0029247049144663618,-0.014699771809605858
45.776,0.01850371846625378,0.007032892209459357,0.005766909536012971,0.06903702161111537,0.00464365849487176,0.03336427707124471,0.0,0.016486099637431924,0.01882148257988851,0.01855272044645845,0.002710514792491796,0.0107049313346865,0.010249514247945192,0.03246706652899084,0.025585524487011225,0.024445947118710436,0.03736379453924183,0.0249341467318187,0.02406476388967345,0.04003042668235553,0.01464309744669624,0.021254679216559484,0.029888973701947208,0.027805457306050812,0.053822957867286074,0.053570341413499756,0.001004240774496415,0.028935597515811116,0.008438564999207612,0.003776918676329511,0.0028337179447870658,0.00715512008413564,0.06536897417345106
46.277,0.01083677263221171,0.004593294593387383,0.001552207371627814,0.0410462171992132,0.002491880036494181,0.021514078994588133,0.0,0.009535228357259267,0.014200013825850726,0.013779444286540803,0.007041799900617371,0.004778798960822751,0.006508664460274268,0.02996868299813268,0.041838627985166285,0.01339027559869067,0.023756422633239106,0.024460812959860797,0.021707300849648566,0.009424310171896086,0.016539195330428413,0.017330550537812357,0.01663869426984239,0.010146233596239066,0.02817370366305648,0.015837429535090947,0.000732475735005371,0.01387865588463537,0.0061363797385629556,-0.00026135012557175073,0.003247199867017126,0.005337501741077589,0.035129552307791245
46.788,0.013005692788141766,0.006762796210630649,0.0025130566756763565,0.01704750542156868,0.003963006583865907,0.016333721627475126,0.0,0.002830616612372503,0.01160597998388648,0.010059671547878754,0.026430163795936462,0.0034302531204453914,0.004337866999306415,0.024605032360837786,0.01412069038503993,0.017397485329261237,0.038480955848996024,0.023332107663559917,0.018345916036597083,0.02308672326476716,0.012814619143378465,0.006268533249521174,0.033423965576587715,0.00839690159153959,0.044996692127593226,0.012814329027927897,0.04061977544900576,0.017688203062901867,0.004873483984740663,0.006279456582900294,0.004777375468335116,0.008834555893907574,0.052251512287842986
47.277,0.0018617098840426442,0.004037141599416892,0.005856060030700207,-0.012073854188389644,0.0010649111441378945,0.03334550088745889,0.0,0.015803924442663778,0.011420444484665206,0.00012296663941550905,0.002660966745181462,0.015014180790244922,0.017345794603508886,0.0037985607929354654,-0.002810001800477824,0.047586762167155995,-0.0018998444762022418,0.008738404677197916,0.020141917187700552,0.013961475377180345,0.012715678445936561,-0.00939440299628933,0.008266964614279521,0.02264957805040732,0.02225797096011343,0.023811739901393788,0.020767960871333056,0.0156526606812339,0.002655198636050371,0.007969787882522297,0.0029007397447745912,-0.0014353339008271078,0.02401977667205617
47.777,0.015754022257570312,0.016720374084315343,0.005674507563625196,0.080488385708751,0.002365408983720025,0.05712634917680263,0.0,0.012215993243478256,0.006103694350949806,0.015914869079604106,0.010888443014200342,0.010398762829219461,0.01785302799311267,0.018297282962290953,0.007354492324207394,0.029577453610311014,0.05026299415963449,0.036678812062862914,0.018790742461133422,0.03246231794814925,0.01166058793422244,0.002023415927110966,0.03875486129545481,0.027742540540465835,0.057034295787269346,0.056522726415451995,0.00855977675601816,0.03332749804203961,0.007219050840455452,0.0048095711943737665,0.006883256311774119,0.0008824950597222864,0.10542617124843426
48.277,0.015194132998237714,0.012237217210351143,0.0007426411523248281,0.09759326021615042,0.0015941652978734761,0.06547660334606888,0.0,0.0050338770602218075,0.00024371367068618205,0.01522254753677377,0.013647948551977155,0.0006685166364624864,0.0059664324058127825,0.013196940983942617,0.02562556563278959,0.016537038448443314,0.019882439636540204,0.012792639640365899,0.01348407581129681,0.013578816502267537,0.03640628430062482,0.025752068619793973,0.0286814015427979,0.02041430691777689,0.04635816911092779,0.06508280346545528,0.02566206771447858,0.038146156785515736,0.003378203062085659,0.006452730701472983,0.0011324365176998458,0.0018287030842877928,0.10763817690910212
48.787,0.010231264796342779,0.012010396657191839,-0.0014003035917577458,0.0017423973895486237,0.0011508766544827019,0.010878690136621797,0.0,0.01190127180166881,-0.00292277718485503,0.015896651144348965,0.009669876483703918,0.0005048997058774858,0.0055405846865338275,0.030840017833871563,0.011433640316346288,0.015272451053265357,0.05053055741807124,0.04115309114142067,0.014015718568997883,-0.007985629187398976,0.013186694678393092,0.00831059399230475,0.020097056054582917,0.03830452173380362,0.012075662107544015,0.015548016976771644,0.04707308780888319,0.03033248238557436,-0.003128825984640309,0.0024831687630661975,0.002604916872212319,0.008696603840617961,0.0019097735163903873
49.278,0.01398197599514548,0.012953262088040587,0.004288301689828603,0.013271115678193262,0.002226692708966801,0.03345498830773521,0.0,0.011720853397240041,-0.0027706008980469808,0.0036806292164806576,0.0045233858354495815,0.012322648295211193,0.026608768048875225,0.02975718003108057,0.0060885416323226554,0.02151257805529757,0.040926812386923285,0.03901504434632768,0.02157873732935708,0.013682455823332117,0.016061927112440245,0.017697961927768846,0.02477873909865108,0.005527849658797956,0.025345029981799744,0.05530987268413997,0.10670578692598778,0.008352665658247932,0.0021493463466447536,0.005750314968221282,0.002971034858537473,0.004343000919111517,0.011174892571773795
49.777,0.015050844149737038,0.007719155153788923,0.010256696175189662,0.012327391707664365,0.002799614519763845,0.05664921352170672,0.0,0.012038210749511995,0.014381017187108314,0.014237749954630594,0.00692016735000719,0.01668139653018865,0.025696987713427186,0.02928408503095856,0.03624379147026455,0.024844461423897256,0.03137351659858779,0.05045689333485126,0.032126699349707466,0.02790201594674086,0.0032634467902861682,0.024678423107001458,0.0037667633092302822,0.007169162475062922,0.04482147500924049,0.0520160713141831,0.047975530779521214,0.008964667150330183,0.0070860387601211165,0.0018182743283581657,0.00426033441815526,0.00771650782750013,-0.005889216837651703
50.277,0.019778937045032776,0.013799792762274854,0.007548925817662205,0.023098013719785544,0.0005461498533490883,0.04521938739353056,0.0,0.015313862330779653,0.017947063821924705,0.005469986463399494,-0.002272987041385115,0.012659525132391755,0.024560979582975522,0.022283975013140313,0.03718381857876505,0.05939389042558989,0.05439172705864107,0.06968730522605297,0.013229127436481735,0.02719732123989584,0.02642487294320354,0.005774126053439165,0.0031283580569472164,0.027206702219411457,0.011117093412020789,0.04765935501307144,0.06008886950005562,0.02362447315692557,-0.0014465000245164966,0.00015487764429954133,-0.0007046234947381996,-0.0018955887605465217,0.017053287876406312
50.778,0.011084597021384783,0.013886697887517804,-0.0005988724723879938,0.0149425658377351,0.0015421092371095961,0.018292889520945852,0.0,0.00709319289202227,0.00854006045575898,0.013507743996704732,0.0024814523901036246,0.00013757586891240435,-0.0005078965723246995,0.02672732167857718,0.017044778170760663,0.03496949366405757,0.02617947369554247,0.06090405341867983,0.039827057634607865,0.01603110246988916,0.003657127267019052,0.03136489684676085,-0.004049556494785575,0.006729674855594196,0.010856843065872188,0.006680183208417317,0.04622531943013396,0.0453242815891104,0.0006228903470997943,0.004326949339963461,0.005267837235893197,0.0025160415218569827,0.007453104455065223
51.278,0.012039445605974095,1.7461409739173103e-05,-0.0025545979401923914,0.04472346366772606,0.0003577552031958756,-0.05113123204634026,0.0,-0.0029246496182457255,0.016682556771783513,0.010830939091762404,-0.0012578866240931686,-0.003507461042903116,-0.001383318298690921,0.015633433740681813,0.0293935018942895,0.03255524207809634,0.04582351416487113,0.051413987866036015,0.03391011102589796,0.012323304060065595,0.015558977935006362,-0.006613013480835971,0.013255528554680882,0.023839181835370832,0.004943882076263625,-0.023494850920162184,0.004424998413435777,0.01589465537457181,0.0026594117884272666,0.0006034637963083275,0.0045796384259603135,0.003714222674205726,0.06077618500859174
51.778,0.015325278293735591,-0.004681165716413848,0.004585311733153173,-0.027456754903999316,0.00041821970515720444,0.03944020604130892,0.0,0.0011556380523508841,0.016363582756289168,0.004640904885920641,0.0018641125017661354,0.007131906107352365,0.010690332145785915,0.020285822325189534,0.03938997242499511,0.02434989372813772,0.029686840399153695,0.03067657088028722,0.0403510080496566,0.0298112305145694,0.027186784662129447,0.016631826225709172,0.03171849701176735,0.017060454940223232,0.018574380758491316,0.030992565986208736,0.009585908208772906,-0.0025713284830092063,0.0008338477566097434,0.0004977130286810878,0.001484058956378189,0.001891333745845145,-0.005583779486896131
52.285,0.017098388017079226,0.0203932265028606,0.009959121921486415,0.045034981954153785,0.0045854988742147175,0.019876199153514976,0.0,0.009955346673712085,0.01648322626563791,0.009710110123354897,0.013988171236372793,0.017051864716786685,0.018637106132926986,0.02927747786572683,0.02081553704390258,0.04624182798402396,0.015153016234003015,0.05678373458102542,0.03860809568843919,0.027090551770418816,0.016634504262873342,0.0311416160673694,0.02460883096612116,0.012363618847027674,0.018665999666658682,0.02048788852261812,0.07164127591597573,0.022484271944209263,0.007296800788747713,0.006582128796063539,0.005797168325024574,0.00040609575153898017,0.04995067599295668
52.779,0.006778652867650998,0.008521925358593668,0.0007843537542217615,0.03687442201949243,-0.0006417627962680164,0.02747590099016394,0.0,0.004589055533459778,0.0015547525880425291,0.01439673402433329,0.0009914972028293053,0.004952673603055283,0.006213952225352891,0.032144495041306634,0.019435047287169015,-0.011024022901508907,0.016691232051540987,0.019043922996016538,0.024845749169717036,-0.014815128480650691,0.020047866388286487,0.020466660245304795,0.014009513003753407,0.018389170817098028,0.008412897520658009,0.018539451585482352,0.007154130682328286,0.03423686325806539,-0.0016180576613605783,0.0026019932268069213,-0.001023929449272326,0.004831894945642318,0.023540437123609276
53.277,0.024238555080024326,0.018597297384407786,0.0018594803202185558,0.08014822037058286,0.0017850382709776605,0.04821998663624307,0.0,0.005031519497634738,0.0030530674999273474,0.024456158770875463,0.008226832319869886,-0.0008096046122792354,-0.0012052332716152017,0.027029407453330764,0.03696631879388894,0.03967319345795836,0.050610938829771315,0.0413311450645147,0.032577146220130374,0.011052681903723936,0.030486018272981807,0.03328806570933228,0.033710265863107866,0.040719695212058406,0.0416717840951928,0.0628652192190185,0.04914678020700495,0.035656589578733786,0.0040153276740092945,0.0037876129964547253,0.0019116407722628655,-0.0009324251615182587,0.0921326127346912
53.776,0.007695153261246381,0.01307517381989159,0.0011242965629300748,0.023174513148977862,-0.00010920466062141077,0.03307724219844821,0.0,-0.0025459857652979324,0.0043765894076182935,7.178805871156e-06,0.013050853873100527,-0.0003719935106409317,0.014966705966144168,0.010242084411416308,0.02742313583108532,0.03373431361605372,0.02507785625721032,0.008769313251866816,0.042874755017679456,0.0072069736624306045,0.010167219879626623,0.025657184474376753,-0.006898728892769417,0.013729513541279532,0.030986391121956988,0.021159383142426224,0.07462423560364677,0.018532048127419085,0.00490539561544721,-0.001019822836665022,0.0002014340833736971,0.005760623681401207,0.007471120301847518
54.28,0.00992468172976118,0.011532003174232272,0.010085052726768722,0.0519253599758405,0.0025785572821626717,0.006976193538637436,0.0,0.027070741669050394,0.01931812859505269,0.0010995427986733928,0.008853387826079607,0.01646342553959715,0.022119674392535284,0.016476004426362725,0.049943649257709374,0.018348888338195122,-0.008645035060064131,0.02271369200440991,0.025259835110573548,0.008220390011473885,0.01919114611187114,0.0321564171252201,0.021263508855076677,0.01193722391165337,0.012497725799823957,-0.00226711069942385,0.05063185671214788,0.011934647894754334,0.0009835436768707935,0.006401056995992198,0.004260397780357403,0.005569516470567381,0.06715433890313596
54.781,0.006484125645265143,0.00467433171595218,0.007866431346247952,0.006059635656742306,0.0008477540265340787,0.035331558292255705,0.0,0.013177988379319883,0.018897705668683394,0.005236107505690878,9.111715145434642e-05,0.01244249938444738,0.013752055842596147,0.012533263773500575,0.012637413856907568,0.03171012681587987,0.010000289391332665,0.0172317167433583,0.029766892868493402,0.015030850771245781,0.003307927666150023,0.014590236537330782,0.013280047659240929,0.0023132355087171767,0.010593084782906083,0.04296428223459181,0.016244988990893605,0.02006530815584497,0.00576915964619597,-0.0010629911248295325,0.003219330094452796,0.00223540466731414,0.027540175014789902
55.286,0.0124155918888522,0.016416524844172966,0.005015577693630046,0.10413349408035528,0.0014273758014621137,0.01266138324461256,0.0,0.011823492754161955,0.025498190906428866,0.01726422608819034,0.00641856230115959,0.00522952626674124,0.011228750298424347,0.022168840400383735,0.034390345243505524,0.01735158083886176,0.014618615828328135,0.020881121148692408,0.03718890872524005,0.012657705658314155,0.015243319053284004,0.02096022276760758,0.010779579552021041,0.04345537249350553,0.01982011175467949,0.008700546218645218,0.02694258360945653,0.03374107816490799,0.002648658593699326,0.005658758866823525,0.00036139101626655724,0.0012676644930005544,0.08513035194743655
55.784,0.012306274302749665,0.0005340735202215822,0.0020003401866589814,0.04992215734449462,-0.0006283326976322928,0.0008797413570682627,0.0,0.008712787723649078,0.018661503502323082,0.021070720075017035,-0.00020827319682704428,0.00047688069099402,0.004811346143404133,0.03542088216700606,0.0449446656022551,0.024168311344344346,0.033438948668240466,0.004373121575060354,0.036316308620489894,0.006975807169069972,0.029181807032407834,-0.01106111783554961,0.03232480308331513,0.06583159402877878,0.01106866377977713,-0.005384911202918216,0.0036693056005386686,0.02158381421220838,-0.0023534256160063324,0.002638809040241624,0.0026125995693971732,0.001996897709067334,0.0671258531125055
56.285,0.008336097847856345,0.008738583571803384,0.002282850816969868,0.026767891030003984,-0.0006008312627166152,-0.014252074142286748,0.0,0.007976788628314914,0.016077591430998288,0.007851550433940362,0.007972323131199712,0.0035461099516685213,0.016292055447390697,-0.003019079879025012,0.010949361163809866,0.006324792242776359,0.03326983322868768,0.01109314481369588,0.031934102787000006,0.009244604785232204,0.0171484261978678,0.008865478200404482,0.022593867951064297,0.051942147361948465,0.028336735856603307,-0.010015957323755775,0.06101586791797166,0.01182767459109837,0.0006750525181685595,-0.003214739775716796,0.0013307891227742218,0.002055895707077364,0.04682616393200061
56.786,-0.0005488155826862133,0.004830295223214188,0.0036118838736188597,0.027211739252150886,0.00021129507057327475,0.02989412410277753,0.0,-0.0005565720229881448,0.010114294448249482,-0.00040546197077851316,-0.0019768780903198974,0.008814423168193615,0.02274469188146344,0.005666639886094469,0.023985728060723147,0.018775094529452245,0.021264119448751208,0.01536294752363061,-0.009671556959760106,-0.012226799282662407,0.0038892101594719883,0.01758198216378958,0.013792909225490119,0.013920569337754608,-0.01081311921780582,0.02261520806271075,0.05096394665568718,-0.0005996957129532417,-0.0009359314894644547,0.0031181555240122056,0.0012700893212693378,0.000651519050946696,0.04660308553205357
57.279,0.010505342957994481,0.00750510512232031,0.004306907396562001,0.005436869594433828,0.0018650635981906265,-0.003569776612214263,0.0,0.01051062877833863,0.009390764920891803,0.008845987152208377,-0.002599380657045906,0.009641278171873236,0.014465663082884321,0.032976867313439684,0.01917154042675861,0.012550100104886257,0.017892005213535674,0.0297927590735915,0.010830579935969996,0.012329561700213763,-0.0008515195749616695,0.02066386529893342,0.029522588515538083,0.023103844846547247,0.035141579845204336,0.0012571343118390923,0.00040978761700960156,0.016954664672848896,0.004315101716906102,0.0015460927006097388,0.002075822079971096,0.004734707189053723,-0.005717205853290865
57.779,0.010284114745144603,-0.002265356277619274,0.0002751341067393584,0.12304714364757839,0.0013246671993402505,0.04452496377353797,0.0,0.004415553565961337,0.00544697013350912,0.024731638565363055,0.010610313046763666,0.002716325404160715,-0.003242257707701432,0.05410104920278959,0.022306048360830576,0.0034172158222165374,0.006971965811291443,0.017018538049838734,0.03040589577037926,0.001937877018555592,0.008964773861837264,0.020120851313996806,0.018273899123624114,0.03736518642739566,0.025186876513190654,0.0405311619566868,-0.02952786822829709,0.024103809841367146,0.006371169244923816,-8.767342835591629e-05,-0.0004350723159791792,0.005383969261388369,0.12575910866755602
58.277,0.01725814115713432,0.006853830722837555,0.001754709780603742,0.08612550795191859,0.0006432791828846524,0.013566222454796977,0.0,0.027422602268107176,-0.0009590311655730906,0.01787662877712874,0.013079566051425422,0.0009774680665230382,0.010879752420650307,0.040965172704017734,0.011214375618431126,0.022356258596906948,0.02928242139922767,0.048121633754754346,0.032291736078119415,0.01922861269639723,0.01999463471339666,0.009694678056369126,0.019728193540451452,0.056393146724820015,0.03733161233667719,0.005483775528551842,0.030097971311910724,0.011711388888268113,0.000363973357013852,0.0018638097688472945,-0.0019626511764236306,0.001345259125734621,0.11901301222381704
58.796,0.01461310008616356,-0.011273332356156818,0.0004888226848995566,0.06428678123293888,4.2468479130618956e-05,0.003778216426100641,0.0,0.006076684405921749,0.003072790759290822,0.020218631699523773,0.0061390473626167525,-0.00020507906787080988,0.0014881763386526124,0.028561708091043917,0.021414528696741503,0.006914084141966568,0.02832605779835507,0.03525832864797867,0.020695203323742774,-0.0013294126534925592,0.027172990503129307,0.005543430523868211,0.022484325951957145,0.05031965551963721,0.033622231033990195,0.020684324541923604,-0.003593992350565326,0.0011985393229264213,0.0019000548086473537,0.0032847162088362816,0.0012589930538229475,-0.0028238194756582853,0.08509883638198318
59.278,0.0002764674281376371,0.01275806310490348,0.007704133691708783,0.04144499049271819,-0.00037255131759618225,0.004778754038403197,0.0,0.008772639058887864,-0.00040289693742717796,-0.002346935539101503,0.007610253649558307,0.016074848131303766,0.023187078165586704,-0.002580170813305572,-9.6614234359389e-05,0.03960549429312517,0.0005819872205187103,0.03620442483395062,0.00810278241030104,0.013636583862507348,-0.010426507634469385,0.02469389730753792,-0.004329067827444727,-0.011933173885768951,0.018457535240277732,0.004421148656724556,0.0714260929541509,0.0016693370807084236,0.004034694498391772,0.002184828646524348,-8.4985124509814e-05,7.957553540870561e-05,0.04799090831893984
59.777,0.00606910077249545,0.0042016145439440185,0.00504851568461425,0.060990563789875274,0.0005030788655388317,0.04303494135895382,0.0,0.010161096710355923,0.011824420806584541,0.016749428673196527,0.009020004682990985,0.007629532654585967,0.0069090403805676754,0.011998068564571201,0.003781279956672752,0.02393459770565156,0.009152028954463879,0.02784815437570254,-0.0018935873787622188,0.026663842453443425,0.005125258525767495,0.02780203542667408,0.016655185875966236,0.02451412123245393,0.004679637518423702,0.024767533489390578,0.02233080888449856,0.029751155978084105,0.0033742573435197615,0.0018323562764419885,0.0031560466844138837,-0.0002864810462242216,0.07081344555989534
60.288,0.017332579270690533,0.012086988500519723,0.0028241220227577194,0.06155186350443584,0.003587254343702155,0.003843542793340746,0.0,0.0009954262395882431,0.00882103977511675,0.012037441065834497,0.017528847008060813,0.0016105855800301052,0.011677416931943869,0.013662959711252561,0.03543294236797359,0.03421052392671592,0.045200116799584265,0.015333719954104102,0.03813679519360243,0.008601570026224128,0.036418963791577934,0.01983586291456506,0.018405169223214665,0.04050524445768727,0.02226066913116434,0.012764600394690235,0.029278417107852287,0.02997038144138748,0.006244118962991895,0.005358001780255712,0.004119948820682468,0.0047560064132930735,0.0723844073843602
60.777,0.011496025349263998,0.008574661154846624,0.006542183223510942,0.01486284581679794,0.00500150891267089,0.02824167983077894,0.0,0.004886805311125997,0.013012397998784725,0.015133983438058173,0.016126040326934852,0.008996554181725243,0.01622816098034476,0.02165598690266446,0.008016929798811447,0.013349813251139984,0.012167425146659312,0.026639253350201512,0.0076412243065705114,0.013636816735051524,0.03807674038135715,0.02048742496503283,0.03361758420913384,0.047556115699471664,0.01189568165812446,0.04166604497787598,0.021043695950503965,0.009036901157931891,0.006793653833782627,0.0033829171826233054,0.004906958877316799,0.0051354887989156295,0.04867399359561915
61.277,0.008547140316472605,0.0007767656489784181,0.01235520815987648,0.022138346079871356,0.004652460243755766,0.06782326245150347,0.0,0.01821924572265993,0.016609330526403183,0.014370510360250865,0.011914329069539174,0.02101235865167557,0.027805869659697533,0.01908784347507665,0.0013255974034160785,0.024195171029466403,0.018717267694125427,0.008634588179703797,0.019128473345756,0.010696068181759926,0.014250980820381383,0.009848988107608106,0.01837796058976632,0.046590738356511764,0.023868744898869514,0.0624068211029632,0.005744005405880408,0.005591994124653916,0.009991483420359996,0.00620239663466715,0.003592268410173758,0.003541220491087198,0.07793924351362999
61.777,-0.0026421728286466417,0.0027854199569216417,0.006917698799165359,0.06484926354932305,0.0032949468126996237,0.06403873978818676,0.0,0.010128328840761034,0.01700794007963721,0.023728345154557434,0.01023471626104751,0.00650990063217973,0.011417425841806406,0.005707516469314067,-0.024628579130569588,0.0009742681763685367,0.023402809913309904,0.008310329529936062,-0.0034685358525970078,0.008882520832207731,0.016250473712080177,0.01590960883980749,0.005535679190946674,0.02246482119634833,0.023053381977981492,0.06152418906254537,0.02036910779596836,0.019539674461225138,0.0058058490948379865,0.003221335528370503,0.005468636121285617,0.005930404146869621,0.09498541215771927
62.286,0.004218565102241605,0.005223925908233943,0.005078090419069901,-0.01241388178115105,0.004064266214254706,0.01705355641728318,0.0,0.011347678490108823,0.02490686505507609,0.013545581146430728,0.0032124313662702485,0.006217252922453215,0.009133991866324253,0.021512171198419805,-0.0077957584866658125,0.005683140089677545,0.030068838440269873,-0.004311226307656961,0.0004105050530737518,0.01667747929937828,0.030623102352527,0.013152056700908783,0.02072088743790711,0.03256815157285116,-0.008313630710823623,-0.003232631087586158,0.014869353706724186,0.014979956576855078,0.0095701616903586,0.0006146315626627297,0.005137417964147659,0.007031520466946911,-0.0049108461850040286
62.778,0.017320264030309413,0.009724180162266569,0.00597011259759836,0.02454508467997973,0.003996196406100389,0.08237043864513938,0.0,0.017907769134258917,0.015835429771694862,0.01240221068462723,0.0020865680725029234,0.005011128575479548,0.006148703996855702,0.034401098176438716,0.01582496191361159,0.022523128390683052,0.040255357847169465,0.009553630396560481,0.026267909446652908,0.02417590137084126,0.04501962744693739,0.013027930263504309,0.022910193828484665,0.06265165834012783,0.03561549333978214,0.0770554643639039,0.0537746903873278,0.0012929517304901064,0.008120873024852695,0.0058958713918791355,0.006607647431832901,0.004192194679664827,0.04241127662804578
63.277,-0.0036548591350556896,0.013997851811024614,0.011948459030080414,0.05978805429969787,0.0023746298205446575,0.04007046706130111,0.0,0.031172406383140165,0.009462220048227306,0.0069355373848723366,0.017569429146250686,0.01881910069087962,0.027116838469533257,-0.015160721865006714,0.003107001539482444,0.01087816689652618,-0.004974423912377684,0.02082417206955033,-0.0008055625025496541,0.003367812531572459,0.009961773948253635,0.013775707976032368,0.0005121952161884949,0.003358319183671051,0.016241025746876737,0.05141178533075058,0.10242622713150908,0.0053496496334976594,0.00431732226735379,0.002759713600905921,0.0011342692697553735,0.002442652311576649,0.0764561826452783
63.786,-0.0038638804556840644,0.005532692736830568,0.005917467901918907,0.0361672751594166,0.0034494169474535265,0.054799314074549965,0.0,0.0019225977001642595,0.010011121727318986,0.000731710237804631,0.004255063059075143,0.014346344645219819,0.018128589399248357,0.0027707393277987924,0.026587397642939305,-0.006259823179514258,0.0009056267864636109,0.007456701546711187,-0.007476596008946991,0.01553567712111009,0.020965194656261014,-0.0017434498947453477,-0.003978530511494688,0.007063248045518238,0.01542266216779768,0.05059103274063867,0.03674684046065253,0.009051620863899563,0.008844854002149153,0.005875558354889243,0.005250368562372166,0.0016183392919760097,0.03695375981295854
64.277,0.006156877219588493,0.00562731496435077,0.0033668028279090095,0.01980279098134827,0.004255630269113984,0.05282214077556696,0.0,0.015070245705443481,0.008121261806773031,0.015127147917711373,0.016045868023806288,0.007402827439148044,-0.00030138784962725155,0.02508502870157425,0.018629614625867073,-0.010908068210428053,0.010696723865465994,0.012243341366972313,0.019402319106888784,0.015464706600403876,0.04056947476838871,0.016729329698849722,0.04936697355692014,0.03410826768035968,-0.003485547436051051,0.06274505648476537,-0.0040151254385007275,0.023839242868362635,0.005465585925771449,0.002884640316419625,0.005809238302224611,0.00438926677066925,0.027947064822600204
64.777,0.015597703730454222,0.014832114254299691,0.0031861820262545646,0.06461386282930374,0.0044451858728952005,0.061332801498458975,0.0,0.017595277398944006,0.013551547937029326,0.017746470591651523,0.01073753070263455,-0.0008913545908795876,0.01155983798870179,0.03553887415055217,-0.0099896027628826,0.0061249255004832874,0.04088324080092958,0.03128705494425446,0.011095445650193993,0.012668614373913947,0.0459819773339595,0.018455509614007565,0.02955751000979385,0.05319344103195349,0.03693658958020112,0.060137047744691384,0.03937438500132122,0.033013950050650866,0.007042985819681198,0.0034903449230331346,0.007870187166629452,0.006088082095279293,0.0417612645466909
65.278,0.009650041941228319,0.007507615255418743,0.005140612788701619,0.019064565059904903,0.003395921287064473,0.03305030172859901,0.0,0.009117849828451319,0.006047792478542898,0.01305760039814669,0.015642444788723342,0.0063772814063622,0.01579903992061618,0.03356758012122962,0.016685232139848617,0.007382177464211854,0.007722264310571244,0.027570334230222048,0.018761243242903843,0.007760715432632251,0.0312929872995122,0.01233996042776951,0.01967335042345812,0.03592349161548756,0.026915383592802662,0.06205493267219678,0.03653814517628536,-0.0021292429755287792,0.0027696054956219116,0.005385424510230209,0.004105049130875195,0.0020358376835399434,0.022530122368484853
65.777,0.006013048457387527,0.0144540623982843,0.008378429128900194,0.05436356659218828,0.0037729043382645033,0.03576212096197015,0.0,0.024308308763068973,0.0102051359552408,-0.0076802120593013395,0.011548480790804103,0.016636679880464293,0.02442155478232731,0.007550059857889009,0.033723059789888765,0.00028688723391879627,0.007052352677109421,0.031055604305000005,0.008026367140738516,0.024701050646808612,0.009739108271677021,0.012540239123599596,0.01730589073185067,0.0002343224873580937,0.02203810890221371,0.03134633006965025,0.0971560593286566,0.014886027474973473,0.004571895658353499,0.008371030779584933,0.0036127384256710144,0.0032802698813556184,0.06652420784631603
66.287,0.004794895455670983,0.004058192118881366,0.007212317463196301,0.01528855925417245,0.002637823582636613,0.014029897037704827,0.0,0.018896596333727072,0.005518916865045538,0.003012773603724777,0.0054429186088123995,0.013643335221420156,0.019456940949117898,0.006614004768748872,0.022924966761497724,0.038835535289940624,-0.009696477684992204,-0.0035017128544134702,0.00031327430654708773,0.026569098539371058,0.01808192017378809,0.002534205685359093,0.008292564071801494,0.0038995592553555313,0.03957308613923183,0.028618859887653336,0.03183246083437579,0.0035579771603018668,0.0033334021060460956,0.006601564378975989,0.003776064141430083,0.00246795823673163,0.0495892677859347
66.778,0.013975844329872667,0.005061250683715141,0.0030584634323483216,0.04699176731554918,0.0050891304523462315,0.03946922807579945,0.0,0.024288636519162077,0.012311326365179448,0.01788966328491524,0.007218066964669107,0.006807892084056515,0.009537537986903816,0.048924737209050065,0.03697949309655472,0.018365985340791955,0.010239858865885472,0.01050492571770172,0.01365217768145064,0.028313475830549623,0.028724890165950617,0.004750086034588588,0.03636533476505681,0.042047620766550955,0.03647493060790488,0.037731209834808564,0.0010375932951608388,0.02947008756488595,0.0062162261403111594,0.009480722794280954,0.008645456253608836,0.0062190161884357964,0.04700316405724482
67.276,0.006369446417477851,-0.0020275041881303527,0.0002954067797961628,0.05420779236634371,0.0015850164039446124,0.047010130014172535,0.0,0.006247410908316831,0.00770413801977114,0.007417640801338136,0.003370716323625281,0.008037548240967387,0.004718777316518035,0.012546836221806246,0.013095424273003505,0.011217572773580528,0.01925371576782121,0.0035623274188461306,0.0029279318128454025,0.008843325459149697,0.024365746926413967,0.026877992159654546,0.02137618860250298,0.01533461297958289,0.026687540575444462,0.05175312750187337,0.005095609388765741,0.010054587140609118,0.003326383416255555,0.0036650635008271004,0.004802902412142068,0.004830751221163976,0.0687335111919607
67.776,0.004102465236704644,0.01353686226958501,0.0035750764702580325,0.04605510599981841,0.0026873392166568586,0.019660013916760914,0.0,0.013223962340716757,0.010902888438090829,0.013085502840017351,0.0032369914990627072,0.009782197626634166,0.011584690097962258,0.025747788607644446,0.02916410277973567,0.008133469695282636,0.02613068136757568,-0.0017896313360655685,0.016417988673425525,0.017962684836220086,0.0343566534027728,0.002741448661982005,0.0019363852863648018,0.04323510531102292,-0.001954297794356125,0.02822063058347752,0.04081390530371868,0.011488313290130512,0.00460187772949428,0.0026973153363734916,0.006054719550394334,0.0029553201022151,0.0359133878443684
68.277,0.011124573384670246,0.02872530294627429,0.010159202154935215,0.03706283734391678,0.0021591216526041733,0.026305080842179997,0.0,0.00825639564971918,0.01473210760691332,0.00898464522695134,0.009523123243265411,0.020400838900985336,0.017304512360551937,0.0277197906680948,0.009127989945502589,0.046547378956713466,0.03948373879950975,0.031969354091847715,0.0030027795354612033,0.03368888817740949,-5.804516117419733e-05,0.02569357643445161,0.0050159306161083606,0.02794948529106804,0.045750411609499386,0.02862553985714972,0.12309946572170571,0.015633798665228946,0.0025003239704597204,0.0055139300982044144,0.004772120127160907,0.005125521100476543,0.04506278481831799
68.787,0.0032655939570622257,0.013233143131547253,0.006183917539032445,-0.08028620847603471,0.0016600282361718427,0.05508335647087983,0.0,-0.0016797977658898969,0.004526257186305848,0.004214834196343176,0.004410046929568379,0.011535399615836243,0.028050431611858377,0.027157821121802678,0.020988103415422545,0.026682526595282644,0.01673091166758374,0.037831372044423835,0.006751317163857048,0.021698290300212038,-0.01861336412290842,0.013923135834299254,0.012954712617320514,0.00019711413442627377,-0.001755460801545672,0.06299370935555441,0.07488037988202577,0.00712439694298872,0.0035805547750461524,0.007859477659242931,0.0015090655097127934,0.00022038866817916572,-0.0407807255899425
69.279,0.007944665837365195,0.002608007949118639,-0.0017572992103019234,0.08429537977331894,0.002269934875184868,0.05409380948862134,0.0,0.006723544932576403,0.017157185681665885,0.016038167982690702,0.00199394983031335,0.0016042670562255474,-0.002544223737825715,0.01979341796291569,0.017449337907611932,0.02936845428810131,0.027538703510836843,0.0038943707380680627,0.03076482067864492,0.01298069568051103,0.03089062243064647,0.005989935558693452,0.018088304203919176,0.013412358979721133,0.0004875329065508206,0.05810727388879063,-0.019568382618661905,0.027375132420451146,0.0033458611040673505,0.003605511556475614,0.0040514202265821,0.003918876676691471,0.07977392874696178
69.779,0.011607004731611095,0.008323018564082102,0.003894698858441598,0.058632921488430696,0.00403829906727494,0.0369058013901194,0.0,0.014607515151922794,0.008669200714831342,0.021176841321846523,0.007178581003999023,0.011281248240748137,0.005337792993113387,0.0011851782120389346,0.030353370509714463,0.010881705473046378,0.05929652415408337,0.0031967874188461995,0.02488564934471991,0.019627341066086643,0.019201423272978614,0.006086145827720761,0.01785822010678668,0.025083566932475435,0.02911547581913336,0.042722238518576074,0.01737590496762913,0.008141844217508746,0.003844248726918005,0.00552185581204602,0.0066876499855558266,0.007005436885675015,0.08775430241873894
70.277,0.007126179660640848,0.019900738999720717,0.006494294242483706,0.04744088298973662,0.0029216811301852746,0.07053243716123755,0.0,0.010238433455562567,0.013845198830876483,-0.0008607132211296888,0.009389590583316955,0.010311874649332111,0.018419900559442065,0.021125744718507002,0.037993700171817635,0.025025920324835832,0.0101778183191693,0.010968874053155473,0.04781017216426887,-0.00825614648862316,0.020098342214302897,0.0026544762193702032,0.019897807743279417,0.007459199068786406,0.01516359263146705,0.0839718638538397,0.09493190221502187,0.011866505800141175,0.005478730337122381,0.00786791745643591,0.003009388756297038,0.003680783851123993,0.08325229326206829
70.789,0.0013579051649012593,0.02347654728959487,0.007448004110085547,0.007556950783041567,0.0015803135183183072,0.09925389550227401,0.0,0.010637368390340851,0.015145476689369577,0.002983978943011546,0.0035288746800916366,0.015180815645243057,0.022836066035020308,0.02781901966808553,0.01108872187668301,0.013781027215643863,0.011460605304242403,0.0005401183377247019,0.026828525645359577,0.006712116785637642,0.008314214827413135,0.012833511799216853,0.008911976385506047,-0.026490600709620615,0.020399896926118013,0.08899452283145076,0.12827313755347813,0.00046535938177710037,0.004911483959924295,0.0024650311228793667,0.0037274532122869306,0.0022549736565042303,0.015972918697843286
71.278,0.0057995409584931665,0.014315181376447215,-9.576740978116035e-05,0.07175948718806031,0.0021619191069232407,0.05568803701495086,0.0,-0.0013530656662424628,0.01015392524480952,0.021081687391027178,0.006108932172356165,0.003529172116054729,0.0004878163046195448,0.024403362471241672,0.013775748064125341,0.014797859052075252,0.031225544506826894,-0.00871634151543039,0.02875842728302069,0.006109804099893783,0.005610919258039059,0.0097777058068759,0.014785669329461593,-0.008717434189369168,0.018535845489436317,0.06164149681685235,0.05364312231447062,0.029184990514636078,0.0036439022233745594,0.0031916457976357915,0.0033235693189536506,0.005445442049295341,0.082775086475522
71.788,0.011490957668823099,0.015255947765305818,0.0009003546622667114,0.058906912309473716,0.0032654477754294623,0.013741338587715934,0.0,-0.004082121020941541,0.01781090210759681,0.01754571302051798,-0.0010319994126301358,0.0025854664896329095,0.0012737111795752757,0.02243200387862568,0.025775610754138797,0.011780817468451497,0.022812996968088854,0.030183461785797415,0.008407476873567816,0.019500734092567907,0.015361973061368203,0.010870324353246898,0.02456736133511853,0.048074540788828245,0.03706886098572186,0.025622908237488685,0.04446841840166151,0.021247138784087977,0.002820347288122095,0.0026279095594494498,0.006748894194747718,0.007342188336638675,0.07790745818348833
72.278,0.01044507298909426,0.01763322187798067,0.004789425055064728,0.03064498050836047,0.0030013697534553075,0.03662244347711212,0.0,0.01101548066620239,0.01343156451593049,0.008278108103232963,0.0038468326215282244,0.011713530430194793,0.014311995958272362,-0.005627522369652061,0.009436296444236955,0.04171636213327029,0.032367427344561904,0.028628284484763948,0.024563067108325433,0.008975070895283172,0.03462720471646508,-0.001491320616956854,0.030912339176105242,0.02424588165831316,0.007538627921353654,0.045185917905879044,0.0672921543448856,0.007102618559979348,0.0033994188871968554,0.001775356895653889,0.00662105781361481,0.0008781335249433088,0.0224871683930905
72.777,0.008893425576533146,0.013959567795885263,0.010027427014818891,0.04187780919649299,0.0022108980891601565,0.021748305923444754,0.0,0.002664338043077751,0.01492535880178783,0.0054608439965601815,-0.005878380583151242,0.019682174036640014,0.03463100400928614,0.013817902452066785,0.054759815321650994,0.042970435654339306,0.009325550713689592,0.03231114144598927,0.012856322366481232,0.022666377085332045,-0.002968872104223128,0.017107275001441817,0.0037462847428487074,0.029639734539742304,0.01989132599299615,0.0026712478805136636,0.09822141958652036,0.0022501789351456105,0.0068337856519682955,0.00501154432758142,0.007029188418186503,0.006049586792242124,0.022167357959004205
73.278,0.0063036311254984516,0.017680413701965127,0.00701700407792395,0.01562779543707856,0.0008964390056980364,0.018434221937802062,0.0,0.008374510381193384,-0.0012590128440458123,0.004438861963776307,0.01916375989959886,0.013806666997289285,0.025295868746847406,0.019557579565259282,0.014849548943887231,0.027152787267351597,-0.008450502810555705,0.003459043330453748,0.03757678162468612,0.011671359280955728,2.257311823433772e-05,0.02128750911743157,0.009857618272544562,0.00879281363034364,0.004669578597762993,0.026022245728957595,0.07752113969933933,0.02365673295855316,9.46756470361648e-05,0.006140869032860463,0.0020005894358149784,0.0020607973581837765,-0.005982275829341288
73.779,0.01689506257527534,0.011971036216164022,0.00010087033529467865,0.05930717842510736,0.0019723214725714364,0.013353075696850913,0.0,0.006392729991479639,0.0029078102514332156,0.017652424139054435,0.0020701246722463324,0.007668651888776465,0.006802018967336116,0.04048448112915371,0.024771911703457133,0.024064792308937256,0.008707590525320967,0.028088944406254132,0.028236634813368938,0.008522189180411177,0.0150110227799988,0.024590031682594254,0.03819258888500729,0.01634797602148656,0.021319181851343634,0.00469741865934269,0.03815662373745772,0.022501215520215608,0.004155917893446274,0.002498866858702986,0.004207428428776414,0.005372532366539046,0.03148513229493884
74.277,0.010803017682577803,0.011294046676286248,-0.001982665414613204,0.025987783670763473,0.00079723149319177,0.03178618312838155,0.0,0.01045100488319815,9.203614261330022e-05,0.010287259954173752,0.0018364406376828232,-0.0034379739553910475,0.007190552204143367,0.029597171984963463,0.014734957151649108,0.008797488989902952,0.03247363899344913,0.031561942455612224,0.036315331106624986,-0.017772110089889187,0.020850677985459663,0.011021680624574759,0.03338739750263285,0.027162168748892764,0.027800645092516913,0.031223815620051235,0.03213912483585181,0.024836833384911213,0.0006573175888581908,-0.0005380713145895638,0.007451697279776257,0.0002990208244073691,0.031152064059265957
74.785,0.014009337161322997,0.010180656107682755,0.0006257659033310299,0.037280795012546754,0.0010317441611991298,0.01460778270641683,0.0,0.009928611509751484,0.008297326936474924,0.009046308880016691,0.009088530398018168,0.0010116200858781169,0.008783547256756227,0.04187389564131466,0.018155951499557066,0.015253805819818736,0.02599818182780389,0.04638854063128127,0.021297210363642533,0.0027242911564806637,0.028314323613893307,0.019006919668423595,0.036505147349252594,0.03928051616742341,0.027012990660442517,0.013662482042550581,0.050136393625296684,0.007291253607564974,0.0021463022849662803,0.005540316689445135,0.0031599056065757993,0.004664299091238301,0.032584153257585964
75.277,0.0105887553474991,0.015320272481918444,0.007597633683954439,-0.008163640796635792,0.0010530113266793999,0.05693035369112166,0.0,0.022605029419534208,0.0034784989619253553,0.006650703107033611,0.010700154050295273,0.01765706200627377,0.02480983727754007,0.03396770435953328,0.04035280333740977,0.034481469801510276,0.011044418740707085,0.01619560731780753,0.001129630137009328,0.015405019026263336,0.02488541159876068,0.021675037648569234,0.007195954366140717,0.01310417680885631,0.039339421878311784,0.07296858318254018,0.08743172225128347,0.0045709296960976375,0.004682115988482024,-7.580588411527586e-05,-0.0006093219012840885,0.0028658720395715403,-0.008086610168149492
75.777,-0.0016429697964297867,4.621361684791185e-05,0.005586628934425427,0.03306743235333893,0.00019854859243026985,0.0029183188107777982,0.0,0.01192586840277777,0.014098282292985721,0.00977808686511862,0.0041741537840464405,0.01842052103205066,0.011613930253349282,-0.0001428174688820897,0.002595825577575534,0.006729909003294354,-0.003968865682984613,0.019747914109578515,0.01702419309305549,0.004041790360827773,0.00526913868555378,0.00810433693268041,0.0073564191092588506,0.010174275781685648,0.025350002083386905,-0.0032543404847197345,-0.003729066758349613,0.017122363824104488,0.0017968225492629316,0.0025822311398840166,-0.0015580615128269512,0.0011193675896082687,0.05077051892433388
76.289,0.01136912684705816,0.0012402181850909167,0.0032720990179161452,0.0653612307274542,0.0016164863078599284,0.03974709136360202,0.0,0.018348270066793633,0.015109088393376475,0.012325218830791027,-0.0007468027616544892,0.007433461609620123,0.013420088033484734,0.03735995666113378,0.026331768636842022,0.015284062203827876,0.046203140768241974,0.010830277669993013,0.0246921084914817,0.0037409349692449113,0.022621084364994434,0.024286843504795336,0.019676111999681785,0.01599236451745924,0.00995712412040549,0.040576930306034535,0.0014524474414781899,0.017142140631906912,0.009035330041279934,-0.0015010089906849,0.0017958341312114296,0.0036915598712659956,0.0650108613011339
76.78,0.010625384596926229,-0.0011562572247790317,0.0017238487713921726,0.06228730592950141,0.001099886761365269,0.05529657887892464,0.0,0.0336041466063545,0.011924217525574201,0.010551986658298321,0.0020009500556063624,0.004204077443473062,7.607418407199055e-05,0.041338186129261364,0.021626955095857863,0.03914229515180562,0.03423020382906496,0.027807421556384614,0.028361043861660388,0.00040143774860374414,0.016637160506995808,0.0019542019294725033,0.03112642475304231,0.031584203965291824,0.0077653571808744375,0.05013667574304669,0.0168739523843615,0.011488776500717158,0.005284417789453373,0.006970850983495559,0.0019144038184389222,0.0004988091481424726,0.04940215385851817
77.282,0.01079914468596599,0.009053170891184705,0.0005540222949772635,0.05999702582572511,0.001568510402677407,0.019832041453055248,0.0,0.010875411204665062,-0.0016863527776520614,0.013244327322340176,0.006888332789668153,0.001922104996591764,0.003681178657239771,0.017163320776758726,0.004243055940824278,0.02677590356209286,0.04975798947821318,0.010619905323585952,0.027193497043249377,0.0023451871258228308,0.0348438915615667,0.012038303408885693,0.03866613551043983,0.04000671417054885,0.026184096916739046,0.05670491506928197,0.06125635898620611,0.00838627533274783,0.0017762045633089394,0.005907993483089036,0.0045638763520650764,0.0045644873776962795,0.055295276380878715
77.783,0.011626800236417585,0.005652924092357876,0.009907152484444438,0.06520364175851903,0.0028949629866785545,-0.04701074550686916,0.0,0.011241171138206689,0.01424902155800328,0.005494102065962139,0.0007377643184739809,0.017672803710283874,0.022749070064837933,0.005080883725885973,0.014480550660047416,0.03361833020483764,0.022781109825839953,-0.0013888757255775806,0.032747746690283755,0.02103209402988134,0.03193585523576075,0.013595923341879897,0.018672178837889603,0.030580999143692934,0.03162478902124771,-0.04336842229066257,0.06192149116899236,-0.0028821279031052893,0.002811990708581769,0.0062775709624591555,0.004412071761835167,0.000904909745088837,0.0795075199484713
78.285,0.0044476340330032,0.005144757247571974,0.0037420356926483283,-0.01800019287480858,0.0004492673100791179,0.017284992884765264,0.0,0.021525532690592382,0.010994129077180654,0.0038821409268523562,0.001370757687482088,0.013035137327491364,0.006033678552392885,0.021886650986991125,0.02801381793761949,0.020895903498670963,0.004086932402583726,0.009942954048228404,0.015590602640066231,0.005773887990460202,0.017490353433312573,0.010327832479665141,0.013007279817371434,-0.010229087019465592,0.022642664924190137,0.004267557811038685,0.032731720090102584,0.014621505587851689,0.005280550167479742,0.005972762323257839,0.0019681650111090963,-0.0005241708970122318,-0.02015817576313693
78.777,0.015499845452280848,0.005170120927013536,0.0014121815715615953,0.08328861888223094,0.002365094052990815,0.08544237609796937,0.0,0.004401536391947139,0.026581058093138956,0.019030404844460592,0.005070530763815707,0.003060612958477086,-0.00019561933047097796,0.047876538193216904,0.025770172700935876,0.023640168198363114,0.0295071620692201,0.0028963042279661396,0.031159993513982104,0.02021557358517302,0.04397286072114479,0.016582630648018386,0.03721959510178252,0.04287334368649727,0.040203829072363875,0.08409781172483809,-1.3131671725675255e-06,0.034605717558087834,0.00037160616808078764,0.0011502524587107535,0.0036777119329578327,0.0032384870258910124,0.11187886439484816
79.277,0.0029172364589314707,0.0008497614254619529,0.0027133468807664703,0.07222088221536964,0.0009567562444237519,0.08859399724900635,0.0,0.012870148830264777,0.021558573528885565,0.012303438921803292,0.011382943249640993,0.00315745352709461,0.0012304120388343044,0.0007538770857731071,0.0038432643250340686,-0.005526828477059144,0.028202667052691803,0.028330426004738007,0.03349412216778548,0.012827051764677144,0.016190036425426033,-0.00381971067346701,0.021133345427845215,0.027008931813347622,0.009052939250715037,0.07787406126545238,0.04052230318133375,0.02628970404256004,-0.001297122292670601,0.002810701838633136,0.002746508023735836,0.0019342513025400899,0.09311610602688652
79.777,0.00979744400699577,0.009799309077121296,0.008940104401643348,0.02140212325574161,0.0015521848512112472,0.08725503866169444,0.0,0.00851880479953578,0.020558802497178667,0.006322087651668985,0.014458442695129706,0.014332862957887911,0.016928618668057054,-0.00215347068729271,0.009160412450420529,0.03179747826326032,0.02790412373144968,0.02236958578136425,0.025453269233376707,0.022626242052273406,0.01872485252839366,0.004071609531615603,0.02671384385210654,0.021979326837819082,0.044207194024584756,0.09452613248478042,0.08151561633417947,0.010886757760278963,0.0021613541861852516,0.0023159354635818455,0.002296485243085451,0.008116694424980113,0.03269520112671766
80.294,0.008892710312357261,-0.0011557714030677737,0.0034989830371472213,-0.028403218217760533,0.0009614621153190233,0.07490526660842974,0.0,-0.0026830789050390847,0.012575286676902093,-0.0002328519518566355,0.0077073214424262975,0.010322207684771005,0.015247473794973782,-0.0036898667021537136,0.020090945369982672,0.018103039920879027,0.01811121838139527,0.022148110127826293,0.02620243067597603,0.022720769324133444,0.021806155606872303,0.0026744967435662877,0.003404295369612909,0.04977413153213428,0.02708438563858625,0.06611409130381804,0.025583544370235786,-0.002535359356226653,0.006527209182567789,0.0035653920473360467,0.008245856054660848,0.0024439565841592207,-0.004493317584276748
80.777,-0.0006379592686307158,0.006210423421048791,0.0037776868383717177,0.015735053010547773,0.0003103233896508754,0.08373694509626517,0.0,0.015314941711251714,0.013792057001954308,0.005012384681144239,-0.0020249151217565757,0.013393013397795674,0.011571547393367706,0.012234176585888674,0.018766124927483422,0.022855199520480044,0.007932619293904876,0.0032336485441837627,0.009926131563016999,0.0047852639463672195,-0.0008499257143917966,-0.005027032772072825,0.006301750687114246,-0.0007711238269887307,0.0067598233066684206,0.099931023348049,0.0586583786733643,0.01430519301964508,0.002596642337179193,0.0047154834979604545,0.0009512980589466239,0.005010752901792069,0.012717744129082317
81.276,0.011910622080101303,0.014272738375326326,2.7098201892518176e-05,0.03147098801873624,-0.0003255933842852356,0.08009244131843175,0.0,0.010860441376528172,0.009183541724553216,0.008692364131934163,0.006085504835657709,0.0056068043102341526,0.0045632715139548585,0.015311130907101768,0.01271366916471282,0.020711760584812822,0.04097978984873084,0.025627979758085756,0.016336291330566743,0.02209356349624442,0.037238832785112266,0.01604420174327414,0.005009885070308698,0.016680826930726315,0.028733026587316017,0.08455128405573403,0.029296464538238018,0.042799481773226636,0.0045364837868261225,0.0036105521436978244,0.00041739072645055896,0.00029520429522335485,0.01640431414283364
81.777,0.015810012024709438,0.010781016543969155,-0.0010335138280510813,0.058924548432921116,0.00031218533056702344,0.1013392099825484,0.0,0.011341395630678193,0.001289097105894163,0.00907721872587872,0.02291345110736566,-0.0011144480804285847,0.007146546548622695,0.03829069646196284,0.011127688819856011,0.01713138666307667,0.019991207100346683,0.030234382968588765,0.029239404350759498,0.005235779156120349,0.05495548457238338,0.008677580921501907,0.021407913245636036,0.05545991065838625,0.03072046892826238,0.09906495750695515,0.09403002288405972,0.018874289039554484,-0.0019657098572798803,0.003489381763673167,0.004130178419530587,0.0014051621841499995,0.04731284348148908
82.288,0.004488000356822142,0.009288879981144204,0.0024458333825169514,0.05919048243549187,4.022298226155343e-05,0.04295114812122959,0.0,0.008844839252234966,2.3838592471444553e-05,0.0033548584746632584,0.01832854142002024,0.007584524693995139,0.016443435278429033,0.009445354487475273,0.020867098906285783,-0.0010424314007081994,0.020038307930702038,0.02676711825273547,0.004725924031444609,0.010786236061335941,0.014643771548280454,0.012536760379029843,7.224113976645771e-05,0.01220005283071339,0.02519982175394804,0.036684325000649824,0.0668216189684083,0.014912707328874349,0.0016462890925198852,0.002174930745088088,-0.0002410960253570694,0.00423643178808549,0.06697716520601188
82.777,0.0003190022465865532,-0.00042968819691083075,0.00470293957044861,0.04971687182553407,-0.0006556509818039544,0.03939113585903862,0.0,0.016554535963587653,0.016056029072478054,-0.0005529616283516828,0.013523036642803254,0.011283142996311729,0.011594042412520319,0.0024925873738332596,-0.0035265936303665794,-0.0031684315886349513,0.009149263132123957,0.013485696343433776,0.03686615836913956,0.019489741323803184,0.020867506377457434,0.012531845935747807,0.0035099908554514702,0.01474111930397752,0.028954768046186834,0.03033698380429044,-0.01858453296784023,0.01312718598412281,0.006628546823081413,-0.0004977960300421925,-0.0005846522289939849,0.0005012666328707601,0.06552355247006034
83.289,0.003495958753429549,0.0025103375450843553,0.002224793720599318,0.04598614402789671,-0.0004725113494137805,0.018443058312585227,0.0,-0.0007891531926135503,0.017076951570155086,0.010117924045984243,0.008958438485292784,0.011571501529516715,0.008249602155175355,0.009323227348942713,0.018265605856311193,0.025056266630039715,0.013385611545084176,0.012828061238162325,0.015795343996079278,0.0126360709601539,0.009409739707584243,0.0008372235908596713,0.009334576212777997,0.03858763347226934,0.02172624969545726,0.018861097397392487,0.0048342140056935835,0.020777861214460003,0.003398321796531892,0.0023450545077648493,0.0021805953155498515,0.0010978168735406347,0.052596279394837187
83.778,0.012292313499987585,0.0022018923510151037,0.0019190520784920695,0.033469260280014596,0.00043912226937392336,0.040672726329911445,0.0,0.01656145924408737,0.022943729558853865,0.02274597032411505,0.005698060233255625,-0.0001593383394143835,-0.0021331631001894045,0.038561290184749235,0.01970512315062371,-0.005867635485496499,0.043000476604816054,0.027217929833818957,0.023072516234773348,0.014370564208022501,0.028720907902618727,-0.027507356598312917,0.01508878820384451,0.04497466170206887,0.029113136281483414,0.0424518354586031,0.01636365004188131,0.012218308223946775,0.004178801461298161,0.005433516716738347,0.002334683396850419,-0.0016815492260967518,0.017487222802171604
84.277,-0.0006710696540684568,-0.0012834003601490743,0.0044149758007066935,0.04064842151344683,0.00024286699437134292,0.02658152122800888,0.0,0.005685008791989202,0.014683645951018034,0.011368581032376777,0.004769968267278349,0.01167513039644537,0.016518551719110968,0.00881344601948102,-0.011381159198514422,0.0008883010694196327,0.012199425081788012,0.010163551048019763,0.0065147860145783635,0.01310235616428907,0.017473018653166663,0.00029682494437094885,0.0008062424408632666,0.008967398219953333,0.0408310380130499,0.03195357920893204,0.04391733723207024,-0.0016482312392909087,-0.0007277039207761876,0.00024178478129858522,0.0021180577783849745,0.005804685697853999,0.024848277599288943
84.777,0.005329227053862101,0.016510888977059424,0.010381050884443441,0.06053811936779084,0.0009328661971420975,0.05589186996008277,0.0,0.035829054937882784,0.015651081386878925,-0.0022098114177166043,0.011792279347994603,0.02352695111623483,0.020363877561495228,0.010326468733101711,0.007674398171364774,0.009597001174793769,0.03979869383135482,0.03509500076650559,0.024555840503557344,0.010102444141411811,0.008611469926467425,0.019628425022814106,-0.004858937397836433,0.029483134273262532,0.03627155498580801,0.058552837494889584,0.07886023470819313,0.0211706215221436,0.004722358360350659,0.00441561029823671,0.0004690354164639175,0.007152858830525062,0.09289446685559329
85.287,0.007864116840273227,0.012036748310265105,0.007461623911162485,0.043173564627395196,0.0031043173189161727,0.03939297004089315,0.0,0.02140089451746308,0.005153646304124652,0.011687459920750222,0.016093411130998714,0.013530581075149,0.019000582827655103,0.019388320181726988,0.04030951284051635,0.016465920081778735,0.01676255716824794,0.040819266809030606,0.002820147890713605,0.008847750189176806,0.016781746582436384,0.01755962427909232,0.01410314452052237,0.05891640930042326,0.027608054449190286,0.04624135996399484,0.058024405302631296,0.022587629783807857,0.007688563607779245,0.009066288167454523,0.005402023850958727,0.007544737935699331,0.06039483629118651
85.778,0.019469221986152162,0.01411446972672999,0.006715187992825491,0.13084134871444741,0.005850197545000279,0.04636544103844029,0.0,0.028931913018377876,0.022734778137466105,0.024264991206212522,0.008811917262289979,0.008456447997882593,0.0032608162398956504,0.022193501708474353,0.01667993732705366,0.017293712472243122,0.03200692305457869,0.02851684287511789,0.013048983948687518,0.017996387850253058,0.043975176838958976,0.012218779492679806,0.039261886253209304,0.0789805707746529,0.06361389559951437,0.05526264076440891,0.06136795925114741,0.027608919515516632,0.006106156729655972,0.010874988495809196,0.005241430748041986,0.003483277562185033,0.12945124107205888
86.277,0.013729214975773299,0.018470619454484735,0.005540125687769198,0.009836931218083763,0.004673365401144161,0.040115104526164604,0.0,0.014572631470616106,0.01955297273145524,0.011648640170694176,0.0037714653860100073,0.009014777937996968,0.005431716011532097,0.04420575230483461,0.02815101624243956,0.014106772901066092,0.022129707140120077,0.024673735023628646,0.028763138570093615,0.019892782606426008,0.025604056098014465,0.005090153457186012,0.021296997354721795,0.04836774586749826,0.01711597071843693,0.03568206036291239,0.07182492835561435,0.014454125156277616,0.005896198717612995,0.00658856875000156,0.008472702402913956,0.006988680141452952,0.018009023301145594
86.788,0.009777320426558544,0.022726195222045383,0.01163166149664072,0.025298943752362066,0.005335379022158798,0.028580391893076474,0.0,0.014023634387012112,0.023839484654612823,0.0010174406275311107,0.0023496340553930658,0.01476565455056437,0.030093931140861663,0.01050640362498122,0.0026707448110690262,0.02798361031065634,0.016451303439020442,0.020280541078888017,0.02469693908909002,0.026541639941208645,0.013831376382186244,0.018184108152521274,0.016011494698709997,0.03650938563660761,0.03182488060124858,0.038483555831133116,0.09651479834040662,0.029196641968660248,0.005934776282014768,0.004621187835289593,0.004131103964531695,0.012723125894071095,0.06765987735462947
87.277,-0.0014014442801165788,0.010580825382818683,0.011280957117670522,-0.003484223792380558,0.002356916407719421,0.06899958238237511,0.0,0.010780530803942943,0.025836394407301556,0.01612694592288619,0.015025378598399175,0.01722144115019331,0.02448006201623611,0.01731460986486782,-0.0076580821713848396,-0.0034770862976007044,0.017244738164639083,-0.0012477650072414263,0.025830589305459613,0.016005903462070342,0.008094452011981262,0.013106142005861729,0.008820107570003188,0.025988455103286862,0.0038751983423139474,0.060609011221171245,0.0358988886994501,0.03639884166892938,0.0055666918396636,0.006513462008423255,0.00531540920079772,0.00015240794031229677,0.015303190110840002
87.779,0.009290688968666484,0.016908848855887806,0.005451062522176484,0.013488293061251329,0.002490172858943938,-0.0014724899059064909,0.0,0.01598046413647728,0.018762828516169033,0.0122819104475648,0.013161489597802355,0.009989823350312085,0.011526323254149103,0.04049191618902907,-0.011549884413570462,0.028772966222879687,0.030900809326836295,0.0015482649715180112,0.031244941764763046,0.007805663235854787,0.02915866645563701,0.012302175567440394,0.02649271505906515,0.045237544839024306,0.0004145280824495951,0.027733977771852502,0.03263239556816803,0.06070032673883408,0.0047651344035276304,0.002472911537216688,0.006877762905012521,0.004629499292737449,0.024480514443341202
88.277,0.00599218895223534,0.006284637699353609,0.001868886585838423,0.05456681233813326,0.004272110929887839,0.00994856883720648,0.0,0.006457659140126954,0.01434214361061414,0.021792806696345875,0.013614722178685998,-0.0007823814055479655,0.003580091075138764,0.03113744215494532,0.020949562521147873,0.022423253883732525,0.03181847196958055,-0.005612884878007811,0.026496891794829464,-0.0018383904312943497,0.03072584110363694,-0.017927279245168924,0.022113699761469145,0.05941408604995972,-0.011614974008831134,0.004151335371647098,0.04791027651137256,0.02130025640689053,0.005427409252356898,0.006230117638847271,0.0038100677570359967,0.008815941162707414,0.049631309027126924
88.788,0.010169829812027497,0.01349923063930607,0.0056550275258951625,0.017758655016628735,0.0033585788492988006,-0.027330818877153037,0.0,0.008546634688733554,0.0010095159857585335,0.015138752150798757,0.010472056516167602,0.005621839986533977,0.020677593634218838,0.019493871452480386,0.019462312976786057,0.018407594761408685,0.05581885137212379,0.013051631961980384,-0.0013224507697271145,0.018461102011466328,0.024492170166626817,0.011232351281097595,0.021519697758393033,0.061343942539542555,0.015943967413139,-0.013935539940156666,0.08085662529510995,0.01856900583187885,0.005612325539724929,0.006726303528863672,0.006676627006081238,0.006509582406804372,0.02314442368333879
89.277,0.000887481690269375,0.00965834644852672,0.014660930823135352,0.0012199033689674688,0.0012598475157276506,0.02073559164042984,0.0,0.02462005893760268,0.006911536436926132,0.002084602996715006,0.02558284235045033,0.026330874858391272,0.03572753378772441,-0.003919350144990608,0.02799537041186065,0.033421349897730906,3.534277601206384e-05,0.02090977409129487,0.01113911452041077,0.019094089767713304,-0.013492615743929898,0.011235991078885552,-0.0130537074107072,0.018998751445572566,0.03186121645924618,0.04238834677700809,0.08770493184239313,0.002305820397262851,0.002933807977391098,0.006555052984421363,0.004615911700651455,0.0019200513139675129,-0.013418404541404177
89.777,0.016905845411750272,0.014543078748531117,0.009194726642908598,0.0765578054353252,0.0031308247423148983,0.045612434148008515,0.0,0.016501029839574605,0.011823102111553054,0.020625790434205985,0.014984332413657266,0.008196701720607536,0.02176064304892084,0.027310438692483858,0.013152474194064777,0.00794706821040508,0.054758803099974065,0.02437114822340611,0.03973526450728692,0.012939238265265817,0.007827943724247107,0.029484206358946857,0.005858370771768368,0.025700989014564003,0.036783961724717956,0.0378412628954159,0.04885671169046826,0.03412150254388335,0.006302120990519468,0.003662838561710978,0.005815213606775037,0.00699862747773998,0.09708696739648966
90.277,0.0041794762114219655,0.0034668507171549596,-0.00154292742853032,0.008064957624032185,0.001696687909543488,0.0111612988904654,0.0,0.0021651776319402214,0.016068068113172438,0.022188038965465947,-0.003959000560186595,0.0005235582620368002,-0.0026993707538599866,0.017840178297596213,0.004504982775273182,0.0063011154104188755,0.01904330449232214,0.006249567867118557,0.034007359817418155,0.008313679405272823,0.022345228271513286,0.02650997258870097,0.004848904802716362,0.04597031422220681,-0.0005406150702554969,0.01592307819785018,0.021458773713986357,0.02707980931200085,0.0040983961176257865,0.002689599444320317,0.0005413308204192485,0.007720520684697812,0.013324097514285404
90.788,0.01078900059207061,0.008744901408501702,0.00246786083334006,0.033126320931569246,0.004621876788733493,-0.0011051684170610304,0.0,0.022112813491631446,0.01419181306585979,0.02040271288428766,0.008590267774917167,0.006836534145952305,0.0026050517891027113,0.020664289939516776,0.037026654202989194,0.01649324372274071,0.027724381228851788,0.011763251467972097,0.018986895510413375,0.017005364750906204,0.019357099916929615,0.010608839069486157,0.027642278559895053,0.041789290971952164,0.00021023919398829543,0.010815619179527829,0.0124525423039635,0.021127550877024167,0.005110468173895618,0.004359745648997551,0.008542265179909097,0.010638198565894302,0.05271856034845777
91.279,0.008791898974962893,0.012802099735530616,0.013231348539229736,0.009396177561453625,0.004003623382822551,0.028041831699675262,0.0,0.02509681117771859,0.018400754215704983,0.008033563957789642,0.00608867740150801,0.02228066564145624,0.019827489001649143,0.03127657683676517,0.027666345925214844,0.017036290037081063,0.009484633741116823,0.012195332906350513,0.03117148825034376,0.0009791501730625264,0.018271945590846758,0.016640165196541087,0.00011307959052426959,0.03979961758428411,0.030994561806683408,0.030867216092617663,0.06888953141081088,0.004157934101616684,0.00555186608357871,0.00696375508967297,0.004886467064410059,0.007411313398808353,0.026046367874202867
91.777,0.009449926937252322,0.014672989546363946,0.01075293179315671,0.08592831111394664,0.0038169499944838096,0.03475927254921699,0.0,0.021733786709827792,0.007167947401871483,0.013657391167190298,0.016931136638242562,0.021693439889880144,0.02517081825107199,0.04738235978895262,0.011276123192784638,0.030422369304073948,0.01940869496928998,0.005278583898980184,0.01839318210170309,0.0066041177245324155,0.00645599542277604,0.01574260186508884,0.020078736122330666,0.013916847511045372,0.038709372247651676,0.04102496933818728,0.03484456630959833,0.041455199147283725,0.00633411662336559,0.008553974977467247,0.0038878467249583368,0.005055132553816536,0.04070883648778092
92.287,0.013514919772988845,0.021782833139350855,0.0028960896124313844,0.037947290336110724,0.0041896238993221445,0.04673541001972683,0.0,0.015290936116666631,0.0027771447463492854,0.011768578206127837,0.012315356848456194,0.005590304268832996,0.016704103918996908,0.012361063958363897,0.02926312743862064,0.04088836003123814,0.01717385722552416,0.021003125784054045,0.009528571639269226,0.0021175142111987447,0.026037140170195386,0.0013724377657058455,0.01836493078935385,0.06395460432354494,0.03810469226426553,0.03938276392648486,0.06540832842310118,0.04564722311687336,0.0018153396787918272,0.005054194009567123,0.005594383933650004,0.0062027764825135405,0.035974927022510254
92.778,0.007597772109199819,0.011625291608684932,0.0020769607964483254,0.037203666572928146,0.002388289048090296,0.01977949111079856,0.0,0.007755526139424398,0.00956665996506355,0.014460564519885382,0.017653669693957482,0.0023880607622259963,0.016000333408771966,0.010822683762227338,0.006428476415384489,0.016689893167835555,0.0130889972988379,0.00661297551964356,0.013016455714815476,0.010255158423535263,0.034881638082485275,0.015692757719970245,0.01591951642188855,0.026325936006767255,0.056278168121636676,0.034221767458170065,0.09181938348522249,0.0077763671889256245,-0.0013393693374968503,0.003426676511117766,0.006218809971069279,0.003959071283562846,0.0016122539037136594
93.288,0.0034036114611794626,0.0150732933890947,0.0029600971311341115,0.019682098355258328,0.0024500506459791196,-0.005712850906714181,0.0,0.009064093198833223,-0.003974751603312423,0.01458111410959476,0.00820599941462598,0.009956838547096792,0.020220730823605784,0.00857823314471639,0.009725341204754,0.015296436364904966,-0.007619345758619653,0.032130689274252125,-0.00492998944400211,0.010171531036503721,0.002776195306257605,0.011161986461452004,0.021800210740649927,0.0549767530283255,0.036528639999205706,-0.005215698733830973,0.05916384168261733,0.01933579074327214,0.00556718986650049,0.002459438842392261,0.004117352001241734,0.007298124827592575,0.04047141764871447
93.778,-0.005779623753702651,0.00028047619668417295,0.009091273367224189,0.04586221799866755,-0.0006208485211128563,-0.002545452739305694,0.0,0.010171619844902726,0.009237576914258774,0.003592277215759603,0.004641138826987789,0.020877851122178184,0.031226810985293122,0.0021117683936061294,0.01539369214850447,0.015600033792839276,-0.01649575586256317,-0.006689230634160578,-0.015576590779529156,0.011287991579368117,-0.01898043246067184,0.021533364086830327,-0.0028446389565899175,0.011669886199919498,0.003496458059684593,-0.009884296755383503,0.06431622541785048,-0.001616209683602588,0.005885624268617788,-0.005608669910815824,-0.000759925073318492,0.0006626827813058789,0.037760588571200175
94.278,0.01204878325152091,0.013142245693954918,0.0028855382973904053,0.05782909928097362,0.002329673862804139,0.0104667938111736,0.0,0.011665804156556527,-0.00021381664550669484,0.020561959343127597,0.004200293525434795,0.010404135755682784,0.013010196837343103,0.018931911067009376,0.02367708513921709,0.04314032364303086,0.02190827150302507,0.023937087490869795,0.03386216924707009,0.014916635348041461,0.014551893181325447,0.014289322800308951,0.01468542102225706,0.03318701390757422,0.03161888098309497,0.0038111493737597725,0.06636072980021901,0.028037452687147826,0.0015565542961063772,0.007062479583685345,0.006118443601881026,-0.00031452097242416446,0.08511331354605363
94.777,0.007588629260712077,0.0031634721500744026,0.001144658609670222,0.07568356756223119,0.0024060398442252995,0.013901333334278631,0.0,0.016399259231826186,0.009913563331886779,0.02141839675913672,0.0035087579553554353,0.0022827277301776653,0.007025269491583215,0.017269941573184625,0.007931935771796293,0.015204871383400135,0.006215699361156342,0.006627601074693856,0.008469382195402993,0.011608720218250995,0.021970499626619216,0.015113686372384517,0.023248866919891358,0.04798916042619138,0.03279401407679283,0.022986795593202616,0.0382680693880445,0.012492466991579106,0.008761806221947584,0.004395374440791467,0.004925301092977329,0.0016509525662435698,0.08852953318367705
95.278,0.008123134283707242,0.01130525643793832,0.005575536131372199,0.06694678183727516,0.0033383786980123987,0.024154494598617897,0.0,0.016577609954532738,0.01185103523646471,0.006840758503102028,0.0038568261258055173,0.00908150184562279,0.018403121997418836,0.014244300063044677,0.024548265963013495,0.030342607528812515,0.004647220498955635,0.043948935517114304,0.011878478574238776,0.01903227879043338,0.014435734061973148,0.005542543973718114,0.03897101319497377,0.024410933234529704,-0.013956260617374094,2.0682876744827183e-05,0.09302636597939568,0.00039891868906325546,0.008840789881166551,0.00441470653782489,0.0017838135207063552,0.0014574686759179548,0.06493576181999337
95.786,0.0027985586862539426,0.015407993317724758,0.006975495737257574,0.009480117566526588,0.0020663842777266495,0.07317393945899762,0.0,0.02455205578886643,0.015866976254158265,0.003436574725343982,0.00826401894822732,0.016068278360399976,0.01701296658723528,-0.003677649620954471,0.020225679916057643,0.005365828879984691,0.0024664338405565893,0.02581811213534152,0.011921851115296474,0.009213428856066888,0.022301326661970582,0.01315967680108382,0.019631600708640624,0.016329820055981336,0.012069384769026272,0.08375231869687837,0.08157930897692692,0.002987541603035765,0.004260704816924039,0.0030432704835230955,0.004573880593019973,0.003533853201358597,0.0005082783554914235
96.285,0.005689410896610114,0.015413289773285408,0.00987234657881569,0.015732999347531588,0.002259849174454804,0.05544742885302131,0.0,0.010193142146811954,0.023853598973691967,0.00029223737717187103,0.011146192087137633,0.017962157854227223,0.02266214322828887,0.011947592426894074,0.01202841740416753,0.027694627947876266,0.019302057797093094,0.015433181378299245,-0.00042880570422061714,0.021252671771692024,0.002864977753597223,0.029465523407649984,0.02749751805203701,0.008846656675133579,0.03229850098690484,0.04804521386534645,0.06935163363379414,0.03413107599291338,0.006770729721188846,0.005186991703929725,0.0049232066879393455,0.006183376593850272,0.038685384135175555
96.776,0.01863223459270779,0.008463119219316187,0.0025539382081980694,0.060940063319918865,0.003596837526708812,0.048200613829403785,0.0,0.0018081297060044022,0.006121158432933744,0.023950918567113802,0.006822692354189152,0.009146543786127555,0.0023633053671951554,0.030927627159817287,0.024058805530493332,0.033820100373661906,0.03303261196623327,0.02414631310709575,0.03226270843890828,0.02126428713707004,0.03795198188343052,0.009916522315224793,0.049150993874071146,0.028819889136263117,0.034955132109164615,0.05902129975031221,0.021232855248613697,0.04088002014876184,0.0071197165099027016,0.006238564431842669,0.006711750394791314,0.0025705706649030552,0.05655242150394132
97.288,0.009708161369491685,0.015602434540929432,-0.0002447838294231036,0.045985054482055296,0.001375279856549945,0.0077254712456910355,0.0,0.00673574735304526,0.005406278637055067,0.014913796379803253,0.014293633607505364,-0.001580034457139487,0.013860655888965198,0.050482314223157534,0.026287260408425342,-0.00017970586142560685,0.027990998792832723,0.015935926819819063,0.025309776011997662,-8.13545637493809e-05,0.030395467930823514,0.005659331557066882,0.025149637009133998,0.0387981282703991,-0.019914522531215464,0.003546632966648428,0.07710633872691217,0.04781428809167955,0.002733618628893547,-0.0005688997088507207,0.005124606605488279,0.007487019577743596,0.05569680167597221
97.782,0.0001373598953584674,0.013054557890990451,0.009833852283040984,-0.03170475867553722,0.0008836233072858473,0.0009898982875076988,0.0,-0.0004635932358248085,0.0022798784522359227,0.0007386743346417792,0.01143525695708143,0.023200268542896817,0.036630301001987275,0.025628584489244075,0.021983727840176267,0.0061808210833124485,0.005021289001696959,0.017269538279059724,0.001944291283165953,0.014792940934479543,0.014616812724782467,0.014256750375484767,0.003947102339388918,-0.011328298757936056,0.01755778543151019,-0.01957992121259196,0.1069309592418253,0.00029924291207331983,0.0028097405448037627,-0.00021352128944582805,0.005349721529212435,0.003930170867401567,-0.003240121555667226
98.279,0.006802459758668014,0.013282221350810919,0.009795200457974922,0.028247962554826964,0.0008016032215033655,0.04146924246199361,0.0,0.014179199143217957,0.0020705596279418405,-8.604588813974697e-06,0.003135510366534489,0.02258170373226062,0.03579580295214844,0.012502434165475869,0.03932565884609426,0.026911743799304427,-0.006509011583823193,0.014700708081928016,0.02080215843955107,-0.00314426248720798,-0.0016903440115410718,0.03354610483739633,0.013177774812442138,0.007311947918763694,0.012086543750135835,0.05009923304077959,0.07346886670883852,0.00017252906877242047,0.006666198659363708,0.0015941697309694407,0.0006177247463255432,0.0010278443206731013,0.01641520176223744
98.784,0.012399952049351943,0.016185977393352743,0.006748952368934507,0.05548046352363453,0.002553237019693863,0.07572001768082066,0.0,0.014111193322407626,0.007562548336364766,0.01599119553369339,0.00638588024690494,0.011653718659495835,0.021470996201026805,0.022628137660269738,0.02488726295038223,0.023010362598475696,0.03879234007425776,0.029911072186927838,0.031142146388330134,0.018908924609031846,0.013867728017894706,0.018387949647726626,0.022675730298652084,9.557600363531055e-05,0.025347296392316702,0.06716672008542764,0.04050055439962176,0.0341843685252619,0.009334033806650616,0.0048559229922297935,0.004364496402396448,0.004616161251877598,0.06330567105637268
99.285,0.022684651160591637,0.018125971811888724,0.0015898283576233694,0.14473513052454884,0.0025862987672821045,0.03567445168154981,0.0,0.0056640173926572925,0.00036163375873665487,0.023468041709997226,0.015093350175797857,-3.759684173384615e-05,0.009164019023818266,0.049903503515211334,0.04388976185802878,0.04958833493020844,0.06513052848836813,0.03446484413586229,0.014386363301971907,0.00039518592267460723,0.03229471980434419,0.01607532006121045,0.0399195898470284,0.03445081449236209,0.03762782483777393,0.03946644314623919,0.036855955573659095,0.04684071765548985,0.0018963381862905078,-0.0016945649807980552,0.0039367687612770945,0.007889513587685115,0.15155141253416288
99.785,0.01697118171551943,0.010514721978120468,0.006004150468347732,0.07838682670066423,0.003506336379021513,0.07209599663884704,0.0,0.021476186254663535,0.0022901871230074787,0.01316346438220242,0.01796562325487906,0.00962645556325981,0.018620191835399185,0.060130941907499603,0.02694347926742492,0.025382035449395653,0.058378989348585215,0.022184074468208782,0.013556715969159406,0.022737410576885757,0.026269432788178396,0.005444258872630576,0.026132031611959587,0.02140727676253765,0.03943083595111894,0.0511085693887927,0.09254341203347287,0.008892036386924826,0.00044044896863495265,0.0042936245246541814,0.004607239621166522,0.007482735159236842,0.10195858619880602
100.278,0.004790241305927182,0.009697424026730236,0.009423366109710271,0.0452617410055085,-0.0011804519379826962,0.0414367796894504,0.0,0.0016598021712428458,0.007871723939277648,-0.004620849992192578,0.012421850533837568,0.019766174644525607,0.03708111741625408,0.024798770518463614,0.028049603422562703,0.032983033116533306,0.002401551731103936,0.02993472608927448,0.020282917510668335,0.020344860501680058,-0.007690721351961172,0.017677398237797494,0.02843350661560742,-0.0006934106685351996,0.0038104203175821113,0.03355811960628401,0.06712731349705577,0.005359426211875743,0.0012795536001815632,-0.0022644510723926307,-0.0008936283417554562,0.00010839495303402314,0.06574406882137174
100.778,0.00844241531693206,0.02032365438124526,0.004895865389056806,0.09707136192639274,0.00040831535686266265,0.051547937697272984,0.0,0.004893274279025681,0.009779099839917002,0.00909584528000131,0.009654011625221696,0.006628945031466096,0.019458698092631663,0.013072314445810038,0.020827305027919258,0.017844179223750815,0.045180462909427094,0.01707474068497874,0.033079738392168025,0.02098926583011616,0.03172182038997675,0.0083349255968329,0.018517959727389382,-0.004716500486338625,0.043876696500054116,0.07198177636497706,0.023965183283205894,0.04654210366322148,0.0035517814416285796,0.0044213341031769824,0.00360615963230857,5.042522721579476e-05,0.07306262776103803
101.279,0.011404350781932011,0.006410584061322231,-0.001832719053572342,0.08596950675972957,0.000977993055519103,0.06438409854829424,0.0,-0.0016328515646188584,0.013784588486167305,0.015456895413817572,0.005608610009893911,-0.00033934500828084965,0.003708159121636506,0.052283766217993466,0.03299087269235379,-0.006748949406920453,0.0437520063627224,0.031911309480053336,0.02254107500186733,0.005553064282431038,0.05238693967383137,-0.00027398502134404315,0.023591602282890912,0.03864183471921283,0.022316098787382763,0.0872080904019435,0.022257438947956194,0.03569809457315716,-0.005964419222505564,0.0035679659830861114,0.0009316588813884849,0.0020521735923996307,0.07872032375250597
101.777,0.015738758567865524,0.014941433686222359,0.000404577193047972,0.06551177836707792,0.0029625798139020277,0.03615197410286495,0.0,0.008363388108584259,0.00945462802323719,0.005960681312825713,-0.0005394219854157093,0.0015675346157987663,0.009269631276369927,0.04420308417848301,0.032948455510954384,0.010023707188814956,0.044978250995008,0.02791426769849981,0.017817458128226778,0.02534320697894332,0.04235486706075318,0.012447145131997687,0.028675878686653288,0.022837460545350928,0.014017307419369173,0.04227469429937413,0.07533438124970171,0.015907160418023883,0.0029411767869576802,0.003915448631983127,0.00017384014527693843,0.00490708561901699,0.07116815744876838
102.277,-0.002712207385810239,0.009648512489584208,0.007039477481873725,0.002930880034166375,-0.0004166828325156565,0.03728324489085979,0.0,0.020077124221717882,0.016262326739947933,0.0021585098879821924,-0.0024564119284489353,0.021077526404152037,0.02308880861709954,0.01535890848338717,0.012125178201003615,0.014759349215370953,-0.0063008590164697125,0.029462379234441005,-0.028995288919499693,0.00922751687449037,0.0006573560044881491,0.019798510978105404,0.025711696980336304,0.002655969862049033,0.002106687224044157,0.03793682986877339,0.06542930290577995,-0.005722018546209936,0.005310207114151802,0.0002717920586343585,-0.0022365261997370016,-0.001350857474189023,0.04800201687498213
102.777,0.008035629367269254,0.0083666391774163,0.005636054486079249,0.04677080769692483,0.0005502413538011075,0.05328073347484835,0.0,0.006438201362185872,0.004852795686614003,0.006041584264467071,0.0027442048631948317,0.017676732855420815,0.020398912232877483,0.03660243511734412,0.03141433344453885,0.033621372410580476,0.03939430613005575,-0.002201041060932964,0.02253699052980707,0.04083205352502455,0.02068912527596667,0.022982917189158045,0.009843379774521882,0.014148149285613426,0.01554263741732733,0.038177442841275645,0.04132927810013768,0.015996997996074357,0.0057903984335314915,0.002599569298410882,0.004120918935279305,-0.0004110881087834416,0.04042382789366466
103.278,0.007895016561566583,0.0002796028342321709,0.0003565131233416715,0.04696134205960635,0.0009245482094099828,0.06608090957915413,0.0,-0.003502949431511323,0.012484108841012725,0.009359740121681111,0.011964107918787171,0.004365780231351912,0.0004116491725558932,0.018442061645454904,0.025576206323092737,0.027701830959602134,0.016292248852542594,0.035153364696308864,0.02177506876878446,0.013092592014059736,0.033071884098623786,0.009879182986577775,0.020891612240331276,0.019439323898151364,0.027149255117262766,0.06905121900899255,-0.004845956813602084,0.040526415690168585,-0.00021101574630228814,0.0030279285226147376,0.00543504603962176,0.0035054350442510433,0.059229491445352764
103.776,-0.00011367785846086528,-0.005157376878492526,-0.0021644037631446166,0.08089798443657456,0.0002809037876264872,0.0495740387560089,0.0,6.307307838258353e-05,0.010455189434738114,0.010563167723954709,0.004034392074605406,-5.3977629033431885e-05,-0.0031816380385317074,0.019384730566241497,0.007888345058055269,0.022188694152216366,0.006006766267057679,-0.00624088546380795,0.010132781614092515,0.010685297608954685,0.03007787600169405,0.0048551903900168275,0.023361130368576295,0.0068858152309759805,-0.005382104212078954,0.054734708340852686,-0.008981411109357672,0.02092365794767902,0.002495348269494707,0.0013288738456657821,0.005811288835336487,0.0005220763992455495,0.073127842384453
104.288,0.014057647520057079,0.006643767036971263,0.001939095672695501,0.0746992279536987,0.001530343170693117,0.034638556943133364,0.0,0.001694630904278925,0.009315294787784917,0.01620365872883061,0.014599595425329764,0.0024015474726215274,-0.0005408579353091197,0.03757826554150787,0.009115589108415752,0.025617083817400126,0.049189270883885416,0.010579184373728512,0.021482591062920307,0.013136553390000649,0.058754862017057104,0.010080116236445443,0.04781445873351544,0.030569831903228775,0.03939604076764512,0.03472493595594241,0.033686983036733995,0.026597017613638654,0.0031199287681994885,0.003257180407561472,0.002705419151842929,0.0024446751335066657,0.07774468844637579
104.776,0.007843647205233676,0.013805850705353857,0.010215155696448227,0.021246039529094086,8.450352845386108e-06,0.07131786755938586,0.0,0.014286231682663223,0.009107046785571737,-0.005444432363964488,0.014653689848806623,0.018215001666905116,0.026082335897247948,0.016936613569148287,0.024796738053223293,0.027847049719016536,0.02371682410576135,0.01006232455311181,0.01881514016994797,0.009054667425664447,0.010382405924570747,0.019026773606032346,0.013925721742110417,0.0036011799241660114,0.03623491865406314,0.0865683718552575,0.04699273226181219,0.01849182244482859,0.005984735496509643,0.004422467226743639,0.0014423284466721007,0.004560286730530502,0.04000223093448768
105.288,0.013238182286165709,0.004765364679195157,0.010853871942789669,0.050108687860450654,0.0007511765911276731,0.09276232846811348,0.0,0.007738846960330013,0.005160951458957786,-0.0010061389209070728,0.01924965791149852,0.017917597441113087,0.026293470422571324,0.03830054276415008,0.05941428774470305,0.04922829209129685,0.03468416144848329,0.031064636826035354,-0.001164183139398067,0.02533850983564285,0.00103591180234227,0.018062458680711577,0.007698878629801212,0.010925095057270365,0.037422015054283726,0.11430980277162883,0.045969296698906245,0.016930801436219927,0.0018452033882888881,0.003617304416283519,0.004731635307754797,0.00305762241684231,0.04812764871145551
105.779,0.008700926026387085,0.011831328421749844,-0.004311387883091981,0.024325930647228117,0.0002587881680461699,0.057650003398328785,0.0,-0.014419240651051782,-0.0016024795602550975,0.017624991936944508,0.021954425728896818,-0.002542038501681226,-0.00406757397069525,0.03409134178599914,-0.002665724743194173,0.019491193521946705,0.04548103995327789,0.011851700697871375,0.018375015202491275,-0.004728110254388403,0.03575152275308212,-0.0025427489656422797,0.03160424457098014,0.01484288115344371,0.02831656196609507,0.07855907052214181,0.02727906172596936,0.03965380319892076,9.231695396598672e-05,0.004311033313392243,9.093584904237514e-05,0.003967217143340243,0.04254462974667394
106.277,0.00664064683271205,0.014722195497273988,0.004286178938926571,-0.028341187538572232,2.18970938985807e-05,0.043565638362271564,0.0,0.001151072236180094,-0.00394664880123827,0.006322693267391777,0.02504923475146775,0.010091925786879305,0.017605827628988647,0.019083233271756043,0.01260081734644504,0.03360775973348887,0.032504667696790106,0.02720362490568614,0.0004527378875437485,-0.0019981167568330314,0.004800330904221442,0.0054506056147730075,0.00961673956105759,0.0035405132155893913,0.036623027463770046,0.043048171975358936,0.10593524409964862,0.010644676217510477,-0.0028540147238049107,0.006188042980971613,5.5671627879171984e-05,0.004472828359429609,-0.01603853033596248
106.776,0.0034405206010297644,0.0021056741920763007,0.004995123193921631,0.0018645762706667862,-0.0006352418145288747,0.01613377330492003,0.0,-0.0001621879158411971,-5.389550221475374e-05,0.0015246640991552457,0.005655526573614876,0.016591334126837477,0.018211259306892633,-0.000991996441872237,0.005398172107526267,0.020955265183940645,0.01818170480160597,0.03127581246870726,0.016122549205792626,0.0016709964428436538,0.017376053170471185,0.005958494940508231,-0.00128434105191456,0.02734489240626235,0.04073597972606408,0.006425718536155442,0.05617393683463153,0.00591023452794831,-0.0017433842227960235,0.0035882956739009177,0.002905139460195305,0.0008037426250887201,0.006941096050427519
107.278,0.015116652133331757,0.007242799047625905,0.0073628596444738756,0.05966329075332727,0.0025140339401468377,0.06382595247055785,0.0,0.01004212724959539,0.006555385865772534,0.017461431511659322,0.011501644493287234,0.01458759937624488,0.015942162468964623,0.022008822063136927,0.026941982629798796,0.03846958755799143,0.03164130526524763,0.036266860352498646,0.015155074678326785,0.010779374558965662,0.014593059010772926,0.014102125097770854,0.002782293099199036,0.03355813400513353,0.04593047782843846,0.0859207490135822,0.0370434909043756,0.025671367729957904,0.0012693602466020255,0.0014670943894268518,0.007016701603090017,0.004684021142157697,0.07151136570532242
107.786,0.0011129555654655699,0.003780058041247572,0.004258491468842472,0.02496519730033858,-1.931513885211578e-05,0.06960053436581976,0.0,0.004340868488890148,0.003450043638021938,0.021172115395465343,0.012216571343565904,0.012664603769993826,0.013052225168335835,0.0004960528967926294,0.01915552693297899,0.008056371769427126,0.044314764072419015,0.005598361560438113,0.006085280654459654,0.006477316337198264,0.0037052312073909007,0.008609913341983319,-0.014410848227246895,0.01593980895057049,0.01419705535546766,0.08033984974464767,0.027287804630496456,0.0259355143771741,0.0017736158700745836,0.005861236954992965,0.0011219665628114648,-0.0006321266843853056,0.03386943614200385
108.276,0.017443297688012147,0.005631506609790477,0.0008189933965947195,0.0008527363026753562,0.0016360962556161037,0.013133741451757228,0.0,0.005092809434978892,0.015611270406486815,0.020640255926219025,0.007378304012379934,0.005435680267947241,0.0029379971247599566,0.04143279201586462,0.024702727331885093,0.015833666530423646,0.054818580518946426,0.011024412320975056,0.03641674143047227,0.033190094477867284,0.029121574045761135,0.01084311522603183,0.027112641203653014,0.04317582229951724,0.04667930899459752,0.04054778554943217,0.004471238647426917,0.02985971550567178,0.00012007269394642258,0.009717873277489505,0.003905356713262606,0.002349556591811065,0.015002439529811225
108.776,0.013658744367655245,0.008000903974399596,0.008299710086295408,0.036559425596053956,0.0014892789180030186,0.020366073086914068,0.0,0.015638608666424438,0.02059084112430464,0.013153968014978774,4.00008732892831e-05,0.012455679892265039,0.016962785965282095,0.03819243554196409,0.04277762468048002,0.05324774985192574,0.04842891206959466,0.02616686331973022,0.01263786731443652,0.00461318833005802,0.02065377593161689,0.02304362715797093,0.005626316083682911,0.020275067951185385,0.03681764375923912,0.0357797500054391,0.03131756828551721,0.006187353311754689,0.00257570929409616,0.0044745340137216285,0.004242191720665714,0.002938186677998743,0.05111011259658957
109.287,0.01058909665353396,0.0009437108952299574,0.011076092007731202,0.03769850268303794,0.0010851265038228032,0.05062645011371537,0.0,0.016910503019914765,0.013702678549397555,0.005951436990912048,0.019186451122450765,0.01952943183545405,0.025460526031434887,0.011305759309945573,0.03251280208883385,0.04611948336758378,0.031201986783267428,0.03251554365720017,0.008733291636322742,0.006024062183841561,0.008772339125581797,0.03310984129320429,-0.0005406483796055734,0.022131353754046942,0.007698754355860162,0.03928619101698081,0.047333399173677626,-0.005826253564783868,0.006704520257534135,0.003586010431845237,-0.00014315561454626864,0.004653503492337576,0.05169044774918655
109.777,0.01712088001671093,-0.0012898739797366926,0.007267570062666643,0.06012672297337769,0.0042234129868485805,0.05560259683678659,0.0,0.0211618484101195,0.016224172511374473,0.023376253603020362,0.008588001815034843,0.012051609547131107,0.01959113843051532,0.04128424666269161,0.035023822367666435,0.014073170725096031,0.05478867834488323,0.0441168671375449,0.06015963259087888,0.016734930685876833,0.024089514350810175,0.009677824465306973,-0.004477528056169446,0.04330417768443387,0.0077512527849951255,0.04497732734532946,0.006691943677438998,0.021255308225159853,0.004099591340654843,0.006561161045991481,0.006188210182063153,0.006795558022455114,0.062097138026336395
110.288,0.023670877267807016,0.006335441541555781,0.008523745728217702,0.061085559203846916,0.0037806315505322214,0.09364592571261522,0.0,0.009485452246810105,0.017496062016366446,0.019744927814751047,0.016443270469012086,0.011247355660446903,0.016596192258778057,0.019485358000268217,0.03354931136338389,0.0285558256655504,0.05595101324641381,0.03770610664553272,0.04112218589431552,0.01702443296697423,0.04103135378892309,0.012626706936934176,0.027107288488188448,0.03569499976399135,0.06573014766353662,0.08852774208422273,-0.01246170030425345,0.0434826481952868,0.006702996487546648,0.008484241178972,0.007686585919666966,0.004508557243188838,0.08743842486109832
110.777,0.02862909219476535,0.008892518052815664,0.008903608291058027,0.0921091854423464,0.004914077513666779,0.07293814493785987,0.0,0.0012106761798894804,0.017080087870277417,0.02870382101003082,0.016210256119441165,0.00838041874171058,0.014294014646460757,0.05224946827855574,0.04913621375005091,0.038110957287353864,0.05751461084632539,0.036361431115594936,0.05034791122364873,0.005573286931720619,0.0540511709723475,0.01942624071899548,0.04616104524263253,0.058850990094258836,0.042468718871810376,0.062206910916079716,0.04071602658662204,0.03194969960057543,0.005210018291029466,0.00854728489820312,0.009715394992081046,0.010259836306501742,0.09470572246455389
111.288,0.01705520747395158,-0.002816889328283727,0.005900640416675196,0.06150559359024512,0.0035268083757068846,0.057427197311596054,0.0,0.018244016746412354,0.00021624893249317604,0.010584797726879617,0.017598427959205135,0.005730926107780876,0.027043651045965723,0.03635609438368521,0.0235508328301495,0.02456497984780738,0.02996654450499556,0.005708079772451568,0.051680172509378564,0.01171346266896397,0.0381564189201316,0.011962252493077932,0.03405464150312025,0.03105742530951246,0.01726926289655353,0.04807091461141117,0.04831488829405486,-0.0006204561506436956,0.0036341557984418058,0.00628619761183212,0.0012105408051785536,0.006060398549385187,0.07514867379931704
111.779,0.00534576772965261,0.021600242546908316,0.014433941110715567,0.07011348269294768,0.0013093279124955183,0.03533931063644509,0.0,0.010092879200321477,0.0045902706098050975,-0.0012140067489874173,0.026177585164123395,0.02511711854428298,0.04774283560479818,-0.011062307356146897,0.03238532093109422,0.0404779895014977,0.0060665790677045675,0.024144509580068,0.02363637242961121,0.026773107119295713,-0.021329625790842237,0.026254816248117006,0.008102285456683027,-0.029582129172363598,0.024066692332839094,0.0034189209986332705,0.12343989640226637,0.017350399543045958,0.003433568939646241,0.0017462508955164166,0.003521841087823613,0.006702274778927253,0.06391496430573777
112.278,0.011788467374034503,0.004120511424573215,0.0037738056696177734,0.1176620277106808,0.0028213989923121675,0.0593526167519653,0.0,0.004474419224166248,-0.0026716941240067077,0.019707050179739012,0.015800712285811515,0.00958752769549738,0.017005447238049833,0.038054535759284705,0.021437495966941774,0.023610941097210677,0.019376145369008214,0.039603180228164656,0.03619226530556576,0.003052958473441249,0.021077982885773297,-0.001001724148942096,0.023839544483274955,0.026764700641848285,0.01966306951518743,0.058693241821292104,-0.015298986192451368,0.04592594285438818,0.0031758362620569014,0.009641136036043744,0.006017904727282501,0.0023386656786109354,0.12172750421408066
112.777,0.009543579815698878,0.001589274101370885,0.00022770756789587711,0.08771997855629578,0.001333559652655413,0.03569985796263001,0.0,0.011092240060239076,-0.00024522027701538165,0.02545349212512281,0.010584532853484766,5.680685249504831e-05,0.011842394640078096,0.03146255112340646,0.0054310348153963905,0.020565906639853977,0.050370067374823205,0.011503383650163021,0.02818078709864404,-0.007707973824844749,0.043921271438065616,-0.0035158028435745194,0.034828247605606884,0.05018273043261522,0.02519337712050172,0.015439787103304844,0.025888314445619395,0.02324091868089348,0.0018565266851446364,0.0068339134801626705,0.00402821237849927,6.429081948087366e-05,0.10461145747063921
113.287,0.010657658159665753,1.241890635203142e-06,0.005157031501815411,0.10021986635641843,0.0034814748112689435,0.059142112776566926,0.0,0.01942790533968193,0.011549376473279808,0.01942801134331497,0.008156874573528013,0.004984459840739997,0.008669478757180332,0.01895157530416253,-0.0018959570473998794,0.02081813349842407,0.0379372938047344,0.010628145612224587,0.02854017082461325,0.0049107722796747095,0.036305429472964,-0.0056351761052446684,0.04701992950547521,0.030155289526630914,0.013126363669573551,0.056097066253793376,0.012211290837274043,0.01886158997689737,0.002464509656727324,0.010184217650371757,0.0011965009356730313,0.004794064899605199,0.0686324131730552
113.776,0.0017684368588387579,0.010605901173502975,0.011797979144047791,0.03618678625025144,0.002975529598385889,0.006171197990878692,0.0,0.025328022884996994,0.014516100957598513,0.006820806485275087,-0.00047077855616704925,0.02268803163115283,0.0260792532658041,0.010398316707382164,0.024043889697587955,0.013178366293892676,0.026097182973196294,5.923888447704179e-05,0.011967447095391742,0.011582172181557077,0.005746715147364713,0.01632856973260367,-0.005591027890919894,0.00045456345424331246,0.003639316926108401,0.024081831139026965,0.0763821112120778,0.012867120633204155,0.0046674418681997495,0.001639450077287364,0.004442154825740614,0.0077867519343699145,0.04503279543683212
114.279,0.008754456231723187,0.00585795097298037,0.006664462552421006,0.11280355996004175,0.004422643080952965,0.10574744869861336,0.0,0.010454267110549184,0.006174689226927992,0.02598190165725164,0.004434258845713763,0.01349215847004638,0.017132247882132093,0.041046919969708474,0.012746611355825586,0.02665109308476401,0.038978632166263565,0.02372896634955047,0.02981576860088258,0.00794196281086486,0.02778263180344055,0.009769094711217388,0.004821092814983359,0.01831409614155307,0.03305911371440067,0.09836292303659072,0.015117649357570843,0.03037827167054472,0.006556263792150282,0.004232552436517717,0.00593299987755066,0.01011116539900144,0.09844176779055909
114.778,0.012041538792114687,0.006548781751961728,0.0010993135969600205,0.07357184835190125,0.003916880077097089,0.11002433378480156,0.0,0.008705476893924308,0.01196536762972809,0.02315412033948345,2.653030544400946e-05,0.0005503369305259397,0.005605632980774199,0.04013744232936885,-0.0012087727058729032,0.005912169690699201,0.06603548243070427,0.021664267718331572,0.018417095857797616,-0.008107447952068154,0.04438756506180612,0.019163432361753892,0.016853152294385134,0.026457107019155508,0.015258899629988172,0.11623616018711284,0.02398438798585622,0.020146710035392427,0.0010142914986992226,0.00375291891695528,0.004786470718964836,0.008478508698501322,0.07101592389689804
115.279,0.0005826456018586726,-0.0035432177590937496,0.004094537461820434,0.10613782910453587,0.003192068153245708,0.05940013163900946,0.0,0.002732073370173758,0.011666550051982843,0.013739627875069015,0.00519622934824397,0.016397722022011983,0.010999045495275632,0.0026389545408078544,0.027070730480652457,-0.0070851037664104825,0.003922747137653116,0.0011389072220277638,0.01069415636447987,0.008360253478854595,0.024604417467682178,0.016744431109561347,0.00027034042970448244,0.013605591142196918,0.026565500161996426,0.09105927373680456,0.01533956567505552,0.005766264768798667,0.007158057415896825,0.0050792852116246625,-0.0003850605284933872,0.007270170661371158,0.11955166127241425
115.777,0.007580562115533289,0.013570936192380303,0.011865278716301095,0.12257019392384585,0.0042618027245375535,0.0456714620493532,0.0,0.012675937109221016,0.00387330187164604,0.015212130282516504,0.010956676616780079,0.020010322052907904,0.03739530024636076,0.018603348031573798,0.02520532081780873,0.01665731702621031,0.010083326740752059,0.013055569185660268,0.012735437551670751,0.02018108251449471,0.010029889580972416,0.011412806793968425,0.012657019715963403,0.004897518594018521,0.04570613498768822,0.04149648416602049,0.08129129272979743,0.01193924782530458,0.006608352500610591,0.0017234529230821158,0.0033822299648727547,0.009837497669609431,0.09461070335213276
116.285,0.008631168295777474,0.015299107984632,0.013142564982883952,0.10395034140731042,0.003141618627866751,0.04137521758063065,0.0,0.017530128662713917,0.019234091624236296,0.01138517474726535,0.013547019917400765,0.027460247196104078,0.0312052492618938,0.030993552439887818,0.028771653195460486,0.023991877151220736,0.013837398199230525,0.010825250516827317,0.020000795044900294,0.01867699328740455,0.024884163104272775,0.01719336615768292,0.02022269948373911,-0.0002553467156139374,0.004537081170989952,0.037677390798336055,0.09484586736461265,0.005925533066906745,0.00824531866013335,0.0033339876623328032,0.0031993987689016962,0.0015781665537588595,0.10405127174916295
116.776,0.012883880719218725,0.0076305579069579944,0.000845555743764082,0.1352026834706729,0.005032239524418905,0.0443715830410111,0.0,0.011749055752474698,0.017147631694600075,0.026109065961609834,0.009071151919389722,0.006756680682974026,0.002572069366413629,0.03724145660624858,0.025025623675138223,0.005697227985389223,0.0356254488964953,0.003217907235491887,0.0316862168991294,0.013639262933547808,0.025370799860043456,0.009161162020661152,0.01972952092315531,0.01808868127369182,0.03182278008219568,0.057995550606560926,0.029005655251559712,0.04430965870159121,0.010121294166565278,0.004342620882071318,0.00251875272350044,0.00738605120801204,0.09774419152297766
117.286,0.014557095851453664,0.004278232580005645,0.0031289926287497677,0.061031886422827086,0.0050738556012125515,0.04382104540479667,0.0,0.015853607342827782,0.01751795360821607,0.016436125243722614,-0.000347464578647247,0.005625320747942021,0.009959490331346696,0.029925111671772472,0.020425867190157338,0.02545443374657975,0.022399326546297355,-0.007726898027061149,0.029594011563407574,0.010237754168198677,0.0425867804242192,0.0019931240530651996,0.031830190569559776,0.05710330369776092,0.025002013616134612,0.05501176480310811,-0.004809256013651035,0.030411074098830992,0.010105189000232207,0.003750259172795969,0.0055482265712868805,0.006981107475544622,0.06653079780861058
117.778,0.005239704591520618,0.017149149600282774,0.01181599512544536,0.05508476355144573,0.00393296626979223,0.04326752115899068,0.0,0.02572490802753292,0.011515326988331995,0.0034782758641207687,0.018957721326773546,0.023336964717056315,0.026633379151563042,0.024993278396995132,0.021503825893174584,0.025482196820400333,0.0016556223327407597,0.022229648839599794,0.008852867268841491,0.03602810795648986,0.02116986892896841,0.01008439906551125,0.016462659623345696,0.010411936710019238,0.0038260963715827817,0.0426233597889756,0.12051444014456796,-0.005558025792848674,0.005682268509789845,0.007535434721004987,0.00866050074558052,0.003023916804365669,0.07257293837465395
118.28,0.006591923286385494,0.022674928054547027,0.013751567301192407,0.0525921166093772,0.005108144162048156,0.05708427139488275,0.0,0.014139631745719609,0.009428756477808487,0.014106803148643507,0.019882075052287035,0.01922627504858498,0.036512760579598104,0.003955527282566025,0.022038571277821124,0.008528427736778971,0.0006064169477463298,0.022813643367904663,0.016641146835150087,0.022398492264867967,0.02105982981621616,0.01655175052513436,0.01121479331505343,0.022142297480070957,0.023720329296763275,0.054656586873284875,0.06993201866796825,0.028248897159019185,0.011649813527226778,0.00836168694288972,0.005020943986231707,0.0073166111009031545,0.04714921742595723
118.782,0.009883350633326897,0.015340219961958923,0.001729160267533236,0.06668042144177311,0.0020051304143065547,0.01037796490120321,0.0,0.011674665967863228,0.013226428845390699,0.021871089286131646,0.0006128642702220504,0.00987768061274005,0.004718807555372611,0.026706041090220012,0.022552944061440625,0.007436542017538945,0.020418049767543665,0.010226978397995043,0.049682844349228095,0.0134833351766493,0.022664727636519378,0.011456650889610735,0.0240595976859576,0.007926889738440008,-0.00356429325110279,5.835934112528125e-06,0.020405886939001965,0.04983495783060768,0.005239100572960349,0.004569250577096646,0.003207611347296046,0.003343983258559035,0.07981683367473606
119.285,0.018586151009290022,0.014239207673061551,-0.0014622712951832784,0.0491429602101131,0.004597646640397557,0.029784506654987105,0.0,0.012078653648346448,0.012654758320731398,0.029243812533853254,0.007041389222363509,-0.004288555289206336,-0.008925746895122098,0.038704997661751124,0.027006987446126566,0.007397913448505116,0.0520200017169988,0.01065441180882269,0.027315649220568266,0.021583078451148888,0.048153032064213855,0.015125874452297308,0.04487592140504779,0.03749720764136252,0.000366109337350526,0.021339771600069328,0.036562472587554275,0.035697337136055746,0.00588196402173162,0.007259484038209214,0.00567810398498783,0.010297556975474657,0.05321079510448139
119.786,0.022588969021883017,0.014793992203746673,0.004918686159868817,0.05787553897501963,0.0043863510978571565,0.0719345044089714,0.0,0.005542608082929504,0.0164888422606148,0.02015583282005281,0.010370879405366974,0.008303866054386334,0.010769191565112676,0.05489407665159051,0.034060932424654904,0.010969933256816904,0.06319456089308922,0.010567138970123511,0.04035890414508552,0.02666840192410234,0.03216578354924141,0.023610394663116072,0.04763716806761199,0.039518912428903166,0.0019076875296020544,0.05863085518437487,0.0674999405758267,0.009095191032369379,0.0007376697324078339,0.007261940963248085,0.003263284684390622,0.010110733627382667,0.06308092548861206
120.278,0.016037958180771333,0.01623208030344899,0.013777918725503747,0.03351415251995951,0.002677126022809897,0.07840643636026882,0.0,0.01057747565104941,0.014191310883811752,0.0099011422954999,0.013181956614658532,0.022526455533048797,0.026187640959684403,0.021778742485917577,0.03527974389489812,0.021260885966324503,0.03537993359931367,0.043018561404501686,0.01486185719428299,0.0327841280877488,0.03568114467495421,0.024358565341792853,0.009053168179634327,0.0370136906879575,0.013752091669718587,0.05813014650693945,0.08807727327306947,0.01641718638115008,0.003740847327343278,-0.00022621527571531038,0.006982227426355554,0.008814350380639694,0.05399911945719522
120.793,-0.0019459538096617442,0.011917849564889713,0.010218844490731516,0.022796849446022137,0.0008674920430722339,0.04174650185357479,0.0,0.01608724306487486,0.008325231319002657,0.008045278913845327,0.01147712120243471,0.021582263469677017,0.024970394396681184,-0.006442806558191126,0.016682405247082456,0.007064174324590936,-0.0016963850757063374,0.005266387194606172,0.007547928098316409,0.012561714613350771,0.014610462453469315,0.003613313425324173,0.019067252781753148,-0.0031928957006016447,-0.011741466647809624,0.032461829398366865,0.08606148088371252,-0.008779519914913938,0.0013831969345300351,0.004091642356905202,0.002316894574124717,0.004028525916605408,0.011515576345048083
121.279,0.017075499003127336,0.018670216742620562,0.004620643535479858,0.05545457959703467,0.0032197345227289675,0.055009980398623474,0.0,0.014290811710867692,0.010213077902582938,0.02041459782086117,0.011359117796276795,0.0031562440630877194,0.011016028303082325,0.0061570712691140575,0.01473434831627928,-0.0037101600926254946,0.037724528521366714,0.02031894697678385,0.028195009380022586,0.015496776776053201,0.04977614866744789,0.025400472312418636,0.03278381363472867,0.05255597346880908,0.02068690892998868,0.04632836502003188,0.05400581348007853,0.03884644890188682,0.00918752645981864,0.004209997967676225,0.003110338400237262,0.0029388433405699434,0.07530445442153955
121.777,0.016551971656026777,0.011794327711817662,0.004918774604797316,0.034260300424115826,0.002896559509717093,0.06697414528826809,0.0,0.018285215156874535,0.006787555909626834,0.01884915238570456,0.011228693444932302,0.01061567819677275,0.014373578374505312,0.045936659796843485,0.0006859083208232839,0.023049109284122907,0.020745039004370455,0.011697314637423267,0.03507294375021189,0.01935379759724746,0.05243458988917729,0.021731476754716792,0.028985460505734844,0.0690405602970647,0.013891367704819605,0.039823060801478266,0.053784459731241324,0.0208591934057267,0.003925174882669033,-0.0007974550243381805,0.0038399831718884214,0.005938905877816868,0.05215565388674537
122.277,0.007478834063816653,0.010049285244503834,0.00839195408892013,0.01280832359333924,0.0013703043704433957,0.09588039016260723,0.0,0.024615289188392904,0.004380770752991659,-0.0011336219217637409,0.003971389171314901,0.016666391923987806,0.026354774224775654,0.00745536365802077,0.03846671726544044,0.01961622358973367,0.01963367753543741,0.014962491127671784,-0.010171389313409893,0.019213925234067557,0.010741472508711207,0.0185013261546406,0.02837556464940449,0.042659871929658935,0.01824200576720208,0.06401343003677344,0.06394102944034533,0.008068850076467503,0.004120240048353905,0.0021578513202118637,0.0015297637483856472,0.0022673536553271764,0.023054803605203397
122.788,0.013341158457714435,0.018736505275132202,0.011837785430891415,0.04337144663467541,0.0023067083931430253,0.059390126235704256,0.0,0.013796325481882124,0.006740047730653973,0.0150577363461688,0.0011743864216988767,0.020622148003943398,0.028095015737567855,0.019426470323198664,0.04410826138520149,0.016265330630509327,0.011625991509800279,0.02372267393885313,0.006509027192963913,0.03289205454571432,0.018864811746785844,0.016937796393048064,0.01875046968804151,0.042134983790461496,0.016865797491485972,0.0449824535583373,0.09547047181312271,0.017770791164561754,0.006024164038082943,0.006162067243122025,0.0024284073551931896,0.005837004401778449,0.05045753043930081
123.277,0.014987109245273878,0.023215748689304407,0.0017907539692022766,0.08572576888310049,0.002387885172631163,0.034100741604836386,0.0,0.01252035416645363,0.0009578224740253819,0.02402176612785324,0.007196615838530458,0.005577295297013656,-0.0035564583102216272,0.022733197705111046,0.02798345436216659,0.01910729039602716,0.022605339332276105,0.006423547429282478,0.022785671174553584,0.015865826965206116,0.03333173286679214,0.025146461769218413,0.030751664362461992,0.04208332610248328,0.025193647206211364,0.035305737378599045,0.05078474502763801,0.05012264944334322,0.006117379092870081,0.001644724879533148,0.0014170368520337135,0.007758004391599533,0.08950402531549898
123.787,0.008751182183234334,0.016225967252460692,0.001005110869840914,0.058126365071490174,0.0017661182209804539,0.06489193224633154,0.0,0.01816423148917223,-0.0011823875572996951,0.023657137523856446,0.01485999608311493,-0.0051431605554270975,0.010271731575517506,0.004012366258055458,-0.0004974983392195191,0.004499952033489189,0.01356521934988584,0.019432409203905234,0.0027613880005243445,0.005208290222205377,0.036176793519591646,0.0172911486441455,0.017462673846938136,0.05072796547572327,0.04864104881305388,0.058526092120472585,0.055440054422392776,0.03945699977016233,0.003376008693892899,0.00387706118699774,-0.003065074165650787,0.009223756823460562,0.04013571579129009
124.277,-0.006859732869567146,0.017583527365976282,0.008989987165595972,-0.03515198439323569,-0.0002123203839968607,0.019963577507012838,0.0,0.019332224997819957,0.005179095513038771,-0.005616257235458478,0.01011810859325824,0.017206257453722774,0.03944086234456178,0.008841264991092787,0.004617117666028678,0.0043183368562920155,0.010915273535601714,-0.011892923154756683,-0.022455779623226937,0.004881330674363026,0.013710669585117678,0.0019938038073879253,0.015160991454044733,-0.012514421964295417,0.0024823038186428032,0.012835634802419615,0.12537393093097463,0.004062245035898748,0.0035759853006602058,7.917713760815448e-05,0.006791274960401134,-0.0006647590495585507,-0.015462905186256159
124.788,0.0032007128333808622,0.006594010908337608,0.010048212619437231,-0.003606691824747925,0.001988454742308975,0.07322788926911013,0.0,0.027565743395486026,0.004825666190872634,-0.0014789661866713342,0.011524971324544976,0.01971836634670961,0.03358843632999762,-0.010591791882451546,0.00019347157636309543,0.018832600493274065,0.004136125210403382,0.02146488528402937,-0.001986235106760723,0.03269723884215034,0.018382605282234177,0.005748680226012684,0.00011545848552513388,0.03142023180957198,0.03303094815825601,0.07515708900712792,0.06341723967434135,0.011987184114570166,0.0033355499400584136,0.0029361779249530433,0.0026706068455267596,0.004340985001231925,0.014776281348555255
125.278,0.014182353754986377,0.006224167762397599,0.0029926831763474565,0.0543422262285519,0.0031037678931140327,0.046156128268495515,0.0,0.015381935698232384,0.0066876492219381046,0.026132381755524257,0.0016235522567963035,0.004779235549533083,0.002836080874419772,0.04458062614289499,-0.005533246897828318,0.017603556436474724,0.008320486576583136,0.023567237178882313,0.026265943495799825,0.02291406877437889,0.05053253241108732,0.006890238466159003,0.020248481067087827,0.04936134209872576,0.02505371454054953,0.058186594340552816,-0.012090336075250906,0.03422342842659754,0.004093246334384427,0.005753976609459542,0.0041493892590149,0.004430961196243301,0.08077112672906446
125.777,0.00874190718849958,0.003639850140234088,0.004768575783951297,0.0807278836150169,0.0013443487891016868,0.06591443746108251,0.0,0.010491785359678957,0.008037115759173357,0.0076829975754667814,0.005551235065436611,0.011608471640547298,0.018407868613762302,-0.0027740763552329406,0.02894809312842312,0.017165210573224083,-0.005238136456042336,0.035766822492568934,0.01273563784752323,0.017194904365633035,0.006770152103271775,0.008968480665933708,0.03184779650059762,0.04325302010926418,0.02898753564552971,0.03985583922587765,0.062188828740520834,0.003606699147207449,0.0028931339673864504,0.005093390275199406,5.5007323786241956e-05,0.002333297401695105,0.08770563373010389
126.288,0.01918406067226382,0.014511877839932396,0.008338956548830337,0.0062804688156724705,0.002821011385806067,0.07413731160257953,0.0,0.0021532835772813757,0.011184411052166818,0.0023704909909189453,0.012670348687747511,0.012121181499942412,0.029925651242159127,0.03099085599575557,0.026929751542931115,0.042476992274803074,0.005517125296414214,0.02331130671704226,0.011870275094713346,0.03272624817527061,0.029666216824734085,0.02596159917651578,-0.004989373293186442,0.05845338320347056,0.02494869036466467,0.08155106090313423,0.09028592207493713,0.002589683356967206,0.007402003055422184,0.006304636286362172,0.005308422617058081,0.006798025203902417,0.01630559462706769
126.777,-0.0016910002275949076,0.004066508709020285,0.0018106842436125632,0.017036545396724622,-0.0008258170930900567,0.07043262502175975,0.0,-0.006771477111631588,0.002684648787123951,0.00031485531972412414,-0.004551569567643151,0.014284586738196041,0.018216145182307082,0.030536030946361415,0.01288521629124437,-0.012194037462960858,-0.007956894411541234,0.0009066910084197353,0.007897716729681257,0.008477269957156988,0.000963653471107043,0.020786370066014918,0.012398530623475953,0.027114329241721254,0.0024594028277992487,0.04860149615409255,0.05736950909454323,0.018105736004000363,0.0002780291210544959,-0.00039498599717947754,0.0018032223170408735,0.002764541099307159,0.019251890510263395
127.289,0.005692578678862955,0.0018201320781972119,-0.0005855337460181461,0.08459520831353295,0.00031250245578659665,0.07327429485661921,0.0,-0.003059251257951047,0.00011592206302660728,0.010929391546860467,0.001478570091810473,0.005674207123591475,0.009664474390634758,0.017597350381705137,0.026216896103955355,0.01608533464501563,0.022597127898831962,-0.00043426388430573384,0.006299982860008147,-0.002121811322384052,0.02236422822508912,0.005830312961492961,0.007680181317575956,0.025286825009347317,-0.0019205969347176352,0.06225120302911055,0.020065143464847952,0.03470561736954232,0.0023770936047235237,0.0012259612624584057,0.00019957012439711052,-0.002687455264596909,0.08697949923759984
127.778,0.020128215906745774,0.007119283486595918,0.0009768461481552664,0.030360474505351946,0.0016576963073483073,0.07908356309120575,0.0,-0.006411229440512649,0.004056821545701946,0.008814795900830164,0.0031423061124202798,0.004596474746432754,0.012135777020120605,0.06008919234346329,0.03283704104889528,0.026971286668860027,0.05559140562494625,0.02053373695426556,0.024309169061145778,0.007494117588688398,0.03452793799232217,0.010853572423010284,0.031159352940795863,0.03339832393499209,0.0016860664821059805,0.08309615022356422,0.06869738413445335,0.020250963566352163,-0.0009611189863587604,0.0029653678491822454,0.0038750458276924334,0.009825774278523096,-0.0028217594881152163
128.289,0.015574643439969503,0.002252152285010923,0.0033699760821531946,0.025552399153064863,0.0023676696206960213,0.05882284907810329,0.0,0.00012567197924174127,0.007022424057820771,0.017157062935193087,0.00463365385634616,0.005547312268971538,0.012011234853542352,0.029926488362833646,0.014004269413079699,0.02955121113701052,0.03663359601137435,0.0050338437682095685,0.009379369599114703,0.0027861645777341945,0.03159838891158249,0.015935646989673296,0.05277832697967383,0.03906678498017716,0.0070080906127362565,0.0594315778045604,0.045697341762199604,0.0032213343140779648,0.000974978925438414,0.003597301734442774,0.0019656112410618874,0.0016864496103215045,0.052709784025264036
128.777,0.007666132954238369,0.007180785324570229,0.008143466762909325,0.000291458365161438,-0.00017653914060515957,0.053836462453948346,0.0,0.005591746718471142,0.004324246299861136,-0.004654545576557948,0.008074149278756134,0.016092786415252094,0.025402689998192878,0.029370073400431095,0.0192786645746606,0.03583790211541232,0.016006720538026393,-0.00048167207475483014,0.02122602443299617,0.03197150796236516,0.0009040537320339683,0.0025053308511225145,0.022159728296853712,0.019468320661779732,0.017149245890329734,0.034400451428614136,0.08282529286997228,0.007847272757609406,0.004966049074462787,0.005675268377252266,0.002149917689191283,-0.0020612313997120197,0.004402373250607167
129.277,0.0071089187598832445,-0.004636212301260235,0.00024378346156783714,0.03257182871247968,-9.302509588838752e-05,0.03328440247011501,0.0,0.006435559712874058,0.004745926361335606,0.01088635759601579,0.004004293802529096,0.005848978583907274,0.01055572783480628,0.013406517198467036,0.029408699627276706,0.01629349418565323,0.013685969379384473,0.013600107292157573,0.007101083536337862,0.016145852362249673,0.018772752383987363,0.01905237284297967,0.03277957098768702,0.005986752110054569,-0.00037290717186602517,0.03606105455336412,0.015092557609735725,0.017152366678104734,-0.0005254819798879434,-0.0006273374875526191,0.006025734195994208,0.0037028360340041234,0.020813136867317155
129.776,0.007397228725171044,-0.004164728810221,-0.0010215323515955065,0.03755054693517464,9.103161968973867e-05,0.0033676302592840633,0.0,0.007424258728033107,-0.0020713825683334464,0.023235391442304812,0.010146575948653761,-0.0034080046088310182,-0.00013310277709723589,0.02620917792785991,-0.005404340819799007,0.011022170132571785,0.030115764294044577,0.0032493251245869713,0.017863317508981527,0.0035867217510540668,0.017701000747858738,0.014711320390757444,0.027114588296075534,0.028946065249905267,0.004757895079601929,0.011887322342705241,0.005276963947727016,0.016388019622847333,-0.0011339845708902142,0.0035922743122080002,-0.002737473446539535,0.00428757244279328,0.05297747039645988
130.288,0.012836958325050664,0.0013944123521034174,0.003039138124287655,0.0512294883734527,0.0017192030472677423,0.05170450134792554,0.0,0.012388235762348541,0.015748074833330277,0.02021394119282417,0.007783840472196235,0.00021858086642615623,6.655237280490237e-05,0.05075656441733982,0.02678898065964575,0.015109557468051649,0.0235966391454173,0.014199903145525076,0.01536707982311255,0.011639978475410146,0.03056604127847018,0.012102150308824748,0.02854858887359104,0.016644297581140863,0.031405521802356694,0.06790726142090055,0.04706515034001548,0.00820861078884906,-0.004107694027918848,0.007136099301731595,0.0012737949801818879,0.005642148304299849,0.049595275201245036
130.777,-0.0024009687429668836,0.014681270324302824,0.009480563429717578,-0.044550072307893464,0.0004951759850918551,0.046080477310248794,0.0,0.010521563892992199,0.00680344932035155,0.001549809733268459,0.0049608953364908975,0.016736788118283,0.032753537929936,-0.0027790154893064085,0.020635958573154024,-0.002355722394598673,0.009743961701700351,0.023297676510271266,0.005925611615169722,0.022627809762782655,-0.009000270120086922,0.015359632554349653,-0.005327547160631978,-0.01531337117885956,0.009421792526655572,0.03904545973989838,0.1286408642062344,0.00045664628048644945,0.0019674022138367175,0.0028176748449736623,0.004957009709078464,0.002218515869278546,-0.025694831273539307
131.278,0.00789075756758847,0.009835514599343027,0.005570377303133777,0.0019819183694595273,-0.0001816670944117092,0.04075854717366368,0.0,0.01410400485529647,0.0026365005440273617,4.788605110286651e-06,0.006585181605314234,0.007290120733442496,0.02608750317399424,0.015273804783348381,0.01682550416382852,0.018304496826334508,0.009256104530551285,0.022378979177867856,0.008592792565617458,0.00882938599821964,-0.0008850601709379542,0.011584143430942277,0.013076899612576685,-0.00622248703497876,0.034692953515294125,0.016718729463062427,0.04778052851839517,0.02395118065224874,0.0009801913255164051,0.004857222468925886,-0.0034575993987873742,0.0025356582871520652,0.00033438094367662616
131.777,-0.0003310684739193882,0.006769427960012206,-0.0026139421030128983,0.061276460714774716,0.000769701746695403,0.029184257850811298,0.0,0.0035837668127452873,0.010883429803114868,0.009477167539311078,0.007129659463476017,-0.0074512775865215155,0.00265831809057384,0.02667819923530712,0.027494379911819425,-0.00291159953344851,0.013759131814834243,0.004141587830695831,0.01626792725808905,-0.005539504523067379,-0.014033759789286743,-0.00780491535686512,0.008830234060497998,0.02550103901744302,0.014370971932619917,0.03753163989381928,0.0117264660706489,0.04802721330389298,0.0033419207260160966,0.002943956285722027,0.0028405257262432196,7.557001779518809e-06,0.05666833128425972
132.277,0.012241275830966191,0.0011266722687187218,0.0009725511373152145,0.07475259291943072,0.0015769554939965614,0.09121396394921269,0.0,0.006165075860820986,0.007714337869835089,0.009434804769263776,0.0028695964365791776,0.0040122418021032984,0.003146706119785933,0.05375356195842246,0.02316451835011494,0.019651125948477018,0.04528714781607989,0.02300663863241378,-0.003233592018622931,0.01109567386668191,0.01611945238475761,0.0051511072416869945,0.033700227656514654,0.02673166412812683,0.023964696612186916,0.06630881130426096,0.01441342654673295,0.026651287339325914,0.003049312232601089,0.0028921730419334876,0.0024870530961125744,0.006322859967941395,0.07451780738095372
132.788,0.003386291626629508,0.004610831986100564,0.0054282425753158295,0.057964382756873725,0.0013532311109649125,0.009981740256186963,0.0,0.018494841884495905,0.018703409025758816,0.016216802378763974,0.008316127202346228,0.005001603779065945,0.011483179741763562,0.005285942399755334,0.022363080780327126,0.02288582120690666,0.015967173702825372,0.02259997466398087,0.004805066701767095,0.006387501382031528,0.023258235770655947,0.0071341133897097975,0.0015748548385955338,0.006199773398351089,0.026772398646877547,0.01504300614451239,0.047491637492328535,0.009482034217302258,0.00356578108763696,0.00532028881610778,-0.00022823224680943487,0.004120148394770654,0.08047994923701306
133.278,0.00591030037147789,0.013387098403836869,0.011140778684653308,-0.0360285949867646,0.0028127193672877714,0.07823783008180717,0.0,0.0244517621179216,0.008903119748065109,0.01640289452655273,-0.008516375064192904,0.021833829627142476,0.023124638130904252,0.020728664298065167,0.048028401874088515,0.01152095929033243,0.008451125649932167,0.0027276887312348013,0.01525595828883376,0.018796271783185235,0.0010244731450363884,0.010366542651656043,0.004535882844988605,0.001948344120826756,0.027036552447305077,0.04879116333049382,0.09922434881017837,0.00856022763536626,0.005672023614724175,0.004647859261768447,0.004047600008449664,0.0024340254265493837,-0.017465015762190055
133.778,0.0005986277327706531,0.00645505627312741,0.006164314060351148,0.051237481650668125,2.584003732775087e-05,0.03454423695700487,0.0,0.011602231870668799,0.011806872131850644,0.01989767450994099,0.006117338029553213,0.011320128188882445,0.010624003627625549,0.027433852133120242,0.006263996912476011,0.019902467825439273,0.010956016649911965,-0.005141210408894734,0.003118397540446841,-1.661433875450227e-05,0.010594253410590365,0.006205894496676754,0.01867405564549256,0.004966035064809713,0.016267944584982146,0.036646947605519425,0.04861817497800404,0.018683301636729547,0.0031122171820148242,-0.00017439040582937677,0.0002530133778369138,-0.001432352517175243,0.040764499024921685
134.278,0.012059527385866775,0.0008404590214632285,0.0010791446943584477,0.03640221910266418,0.0010164641497813498,0.05709620455095513,0.0,0.006009487585479464,0.0045870284031476975,0.025855797817417953,0.009785327498685879,0.003395755235761772,0.009218252848469673,0.018517880872516684,0.031164333704843457,2.577418299924771e-06,0.025247780794338173,0.009749341881863473,0.020115982763770152,0.02107851993589993,0.02451514921985453,0.016968820572669213,0.02351916221980124,0.04686399439515135,0.014413134127946637,0.06060473850950413,0.031085731148026277,0.017282994061647572,0.0036508317242517144,0.0007185835994416254,0.0021116494229617318,0.0002586603161741143,0.03716745121832007
134.783,0.012351579725267266,0.00017288230092284387,0.00652518474637532,0.08206272514085478,0.005145952523399078,0.07132455298170749,0.0,0.019773905572673656,0.00875865953236383,0.01364930672798969,0.008571261658363194,0.010616047333345834,0.01779667968068653,0.048125209219484315,0.019232492381304228,0.022576013797231093,0.027843902148611013,0.045285241244431125,0.023461438374427403,0.00770244446096714,0.03640619144824769,0.009162672887741804,0.020985666202679013,0.009411313035626576,0.04443913627232724,0.0645012442244988,0.05678856268214495,-0.0017470918811952076,0.008167530681633783,0.000803613675465442,0.002544148496938761,0.009074461018573449,0.08012997871090034
135.278,0.01437039914788859,0.009124455785133778,0.013530317991642055,-0.000647601367542839,0.004340976418421193,0.045169915681716036,0.0,0.015953947062332954,0.013261003518923307,0.005798015975325213,0.013246822098690766,0.023215024944114416,0.027827426380155312,0.03744642198793788,0.04907873702711094,0.02855008815636214,0.013499843923796249,0.021218977399837486,0.03293083330702252,0.018342112205737563,0.004296326064285309,0.021503787442961643,0.018756286118826564,0.030679541060781614,0.010993581562718754,0.05037750277382263,0.08072081022106246,0.004603814172047492,0.00634272683907397,0.00415265035592605,0.006051689301461662,0.002264866995990145,0.004949649444794121
135.788,0.010104097841986012,0.008510322243943906,0.010287874389345312,0.03799731023922051,0.003488432689736528,0.057174705937498814,0.0,0.025994172927513114,0.0034153306576427326,0.014785103339089146,0.0055496538636096255,0.014290761022391204,0.028001920875759017,0.0162142556850936,0.029456690131640793,0.007245142579674458,0.0035809494610470594,0.01763537704218542,0.030301806849195378,0.010836746434521448,0.00928517488296726,0.01687106726220008,0.0068708938309421305,0.017904482919567446,0.018609332944636264,0.05612294558315388,0.07074942133804249,0.0159897993238965,0.004787689314473677,0.0023919651177280463,0.005986375852091352,0.005848930509615345,0.02574152657565583
136.278,0.014595606785230525,0.004313164809960228,0.004203271642433709,0.05909230168247849,0.003092392926588383,0.06721051242337031,0.0,0.014667295828942915,0.016337934953261034,0.025744673568815844,0.01239665533021519,0.0007204308464657758,0.0009008817123006276,0.03245450030416769,0.016066054692965265,0.015422567582703828,0.037609163831744355,0.0032238042105381926,0.03431753274386584,0.01879820919068344,0.04441298375292152,0.015664584197294447,0.01622379321535824,0.03878975460251664,0.024366385146257035,0.07372623146744232,0.018880628584946595,0.029545056178507563,-0.00026481606347457804,0.004655658613683513,0.005185439826706244,0.009291824406561499,0.09044132514957623
136.78,0.016200184459426895,0.02204350024469021,0.008838388616857608,0.031221014983818123,0.005644602138724397,0.06241751665338023,0.0,0.011863329240494085,0.008236158241647416,0.016488156921873044,0.017028597447339054,0.0026051149932234314,0.01993193250676872,0.05432610862244336,0.03115019272997165,0.02149873238505345,0.04816604263173393,0.008620807255211095,0.027144670338959113,0.008672836123285347,0.03031742737495233,0.01741752234604426,0.007046824305493371,0.02919466772140931,0.052673282123894376,0.059418158977452444,0.09667872598227532,0.03188748266738984,0.004674621028282512,0.006185811521114433,0.01013795435474228,0.00856956817621807,0.08111593553353127
137.282,0.005250493229096204,0.016632776830743323,0.010324662733693975,0.01774667531172534,0.002769557329580439,-0.0026031147826066164,0.0,0.01850239454274242,0.007860223727080787,0.003945013342936972,0.018252730541974942,0.009552714945461706,0.03272749383992144,0.03693102161502583,0.014927517662338853,0.0032652416003167996,-0.0035142520024529487,0.006024499790530739,0.008675346360989456,0.01003529547995927,0.012985398258810638,0.01486356192618272,0.0025598112898828403,0.014421913228664292,0.04359372389055218,0.020124808099346747,0.12286998181115973,-0.008052404938831519,0.00616635260023865,0.004333123484463008,0.005761360932883556,0.0019709393238347547,0.03733760011843636
137.783,0.015212741831913564,0.0044923475578521116,0.015831196712189185,0.012190980312490524,0.0033148050487578004,0.03668272187334427,0.0,0.025428720280986625,0.020144639500296227,0.005109521566870415,0.017622236921051238,0.02167158526739919,0.035110391011668414,0.02016297580991707,0.042490774106196616,0.020624212486739044,0.02996964694418636,0.019914087392318505,-0.0013573083410031172,0.039086082468327434,0.007102126728349313,0.018763695947337587,0.023009453540013644,0.019095903578991106,0.05192041634626846,0.05421977118411891,0.07621674059352376,0.0010285072950074266,0.006594222828187013,0.004174412584119446,0.005261246071161237,0.009976755922020625,0.02921341332300445
138.284,0.011947704422467663,0.012236725210060393,0.0059003806252376015,0.02756573084775417,0.002809645549520579,0.006265964399623483,0.0,0.02117707039337188,0.013234985457397005,0.01939069664063865,-0.004919999386028418,0.00947308541040145,0.014926252990859727,0.014552595912576433,0.025462863869161807,0.019227340569762295,0.011736652492933465,0.02010754014286952,0.019543939017333867,0.001384381826021296,0.018842071305211733,0.01254119227369267,0.02263614158552353,0.00849865403095472,0.05265293409612229,-0.0009481374342550995,0.021054652552350804,0.023768788949086867,0.008936387568692196,0.0036586180467292374,0.007144619110758036,0.0033245850189226244,-0.0012039324260600679
138.777,0.01755991352629591,0.0039099848459365,0.002121582874986774,0.05388794566197836,0.001982795866263149,0.04325789951274582,0.0,0.01633295675074894,0.009526540580480579,0.00956503972265259,0.0073002181460034244,0.006062902374693781,-0.0062770680650352855,0.03502675438138802,0.027000782402492512,0.019409870899536264,0.03791296090967256,0.03187505911070792,0.03057412080151955,0.021340938513260257,0.02194173872692919,0.02028787182458022,0.010231070296053604,0.048107449846566494,0.01523999039173756,0.036573630415299416,0.019522970338622155,0.009766828519746223,0.00010298402468455814,0.003834389991277678,0.006073970122925857,0.0046425575278409474,0.04809949893495122
139.293,0.011840056218968081,0.006431521220193708,0.0015995334820489723,0.0816029915665693,0.002378085050698387,0.0062894795162152135,0.0,0.007337096679228579,0.00602366808858841,0.019405726486107566,0.0001470339690073565,0.001303243552940982,-0.00021808837831297835,0.030764533391947197,0.026293133579987502,0.028369503642745746,0.01833982161164121,0.031067203685289445,0.02481229649054972,0.01438134611522996,0.024440555387703324,0.0016298902733904962,0.023334863130373973,0.03647570998644243,0.028366163927613052,-0.001035025682882295,0.016428652408756714,0.014351377757238227,0.0032817205716837773,0.0036524218071052198,0.0026803238814994993,0.00896428739666347,0.06563895450679409
139.778,0.007305154348874361,0.01839667502913532,0.010310434884803656,0.08484047841033235,0.002865184594903501,0.0607837167996979,0.0,0.021657622844236904,0.011214911191723066,0.004193200331319601,0.010179613644591242,0.01269524665214874,0.023304741749645735,0.013546519606403568,0.01877175249179251,0.02553720556594081,0.02962447546158791,0.01571409487442938,0.03159604173272846,0.013551546678478629,-0.001657827944510521,0.009770671257232187,0.01760037104423538,0.009001310034219069,0.032788110424475145,0.058060180311189466,0.09164558370612672,0.00905149086701162,0.008066630834069518,0.001956659851617419,0.006766531041787412,0.008150435550715486,0.07392125723391899
140.277,0.004357371930433806,0.022099740844051034,0.0065063174386569625,0.0465598666094662,0.0023084619180499693,0.042525825503313845,0.0,0.003911112419039501,0.00477077438851215,0.017009844361651535,0.00940060686602202,0.007650913518546462,0.010137655824103994,0.009122635203424635,0.020564827151393784,0.027132772609697528,0.017691849259615002,0.0014434587116273964,0.013457992225734848,0.006815555390418885,0.014204193996820278,0.011815570727694591,0.004386264576773047,0.0017445748482341874,0.019278488892880682,0.026065491635447458,0.13534305633194754,0.025300095208117497,0.007825206455345055,0.0016829237138729575,0.0026923463249277045,0.005252447767922274,0.03870944790868139
140.777,0.010404832801028331,0.009804153512172148,-0.0014218990905401098,0.0677483569539679,0.002818053854550029,0.06468797678261855,0.0,0.003752813553752199,0.0032839971294230225,0.02330205323319783,0.01608680502181088,-0.001634566898442765,-0.0034588863914631197,0.018853652723877675,0.028832533664347265,0.025890665382154485,0.03695694834261458,0.037788596170686355,0.004021822470766144,0.010055156326017976,0.028435765277180506,0.004999874572044506,0.012437567003577257,0.03510493155320028,0.005771780606382172,0.07007411646378546,-0.0012147714938899857,0.039763944317562715,0.0058657577721037924,0.002853271722098884,0.006246626855555743,0.004793038834220584,0.10716830964756008
141.277,0.012127190987128065,0.009316581389459889,0.005423942605442067,0.05064363416135095,0.003725875666274144,0.06589128800008867,0.0,-0.0030776914397820767,0.010164420166309926,0.01940546805532595,0.013936288987820723,0.006419942236849449,0.0069225782707916335,0.019493004607931512,0.005228379278713228,0.01800231438534542,0.018061438014865608,0.012837018423792118,0.031417696909452494,0.013614289787170577,0.022316062793141345,0.01538595826488803,0.033120541898053295,0.0385909385485052,0.007453149528558427,0.06578699770679387,0.054233352847306834,0.0135306805398194,0.005015099912585001,0.006940279456891445,0.003891584965847394,0.004163986806175215,0.056014544111158124
141.777,0.014161059488396587,0.015733403846409998,0.00932424612214308,0.01684282146292954,0.0018178168718904902,0.04562300549626273,0.0,0.020447032988004123,0.009761705889311127,0.00608277768369878,0.011999028070743996,0.013000394873416596,0.012959100196824126,0.041206142872089964,0.016645750167647553,0.01528855281070818,0.011821699491153156,0.03931554757524853,0.008199796258652746,0.024587358870916065,0.027501033284500827,0.01088060827317147,0.03937483430137049,0.027198993844890135,0.03890313198026689,0.06737502384651672,0.07604687761974668,-0.005387379563657891,0.004158413001395087,0.0011424762566614685,0.0010592487105818775,0.002226177109700031,0.020168591762663578
142.277,0.010153298786959468,0.006475787191991598,0.0099231752896308,0.04378868632488023,0.0019279844789020658,0.0602814018150656,0.0,0.009902386059908392,0.010015436769367371,0.0070186554151608115,0.013182207928754896,0.014383373798510386,0.028691872883601935,0.010914916304797087,0.030198340341304825,0.02744035664499304,0.020185333363108925,0.031223539225136005,-0.01909293689585806,0.04305875325103959,0.00941361192273388,0.017912180494073306,0.016590954991107205,0.021023931487471594,0.017921608301221796,0.05366859208725121,0.07103679809169003,0.0006194447474752402,0.008084872270859954,0.0032220501823857616,-0.0001219192603003257,0.005478187025242842,0.029890656640909976
142.777,0.013706075067380908,0.0004139334115128745,0.001321400819238675,0.013061449587751708,0.0029504007618641366,0.0640202224276033,0.0,-5.869530749926301e-06,0.009249345789245817,0.010899326006710966,0.00473028114496789,0.003219914134484856,8.481214712181565e-05,0.020343395269941514,0.013992002808138289,0.020870211089005112,0.03505512824683368,0.02037068149044229,0.02242732486713281,0.026119270221375838,0.03713559485289192,0.018132433042058256,0.03539844987744455,0.021962368980485925,0.026367384254346527,0.05421970035368869,0.009183574261825858,0.02299127887846628,0.003978558250360224,0.0036549420190426607,0.002588737548656634,0.0030972463663269762,0.025463282951505226
143.277,0.016127637605216683,0.006605925415590829,0.002680739678920423,0.03711388219466571,0.003917204500823053,0.023754230720652313,0.0,0.0010562614782063384,0.009561565465520817,0.007708747011619104,0.009855984137250539,0.0026030154157405975,0.006419252578125615,0.03444443830151576,0.02707895775815666,0.033181345961689694,0.04317213008914542,0.014035222231348577,0.020113957225900564,0.012676081706458541,0.03486585823238473,0.01394485940467637,0.026538581097417906,0.03549276813176662,0.017696878610655057,0.015954561664235485,0.04204412078325293,0.015269789685650997,0.0016947596701118934,0.00905551705803498,0.0046543860397342375,0.003790539416868681,0.03545114681486872
143.788,0.01776885619023199,0.012386440320277364,0.00359850419054207,0.09394573193730114,0.0040600159548900925,0.03650955504073045,0.0,0.00436646061796907,0.005971331637076421,0.014773847812451706,0.005000689299291598,0.003419920273935088,0.005935414661148174,0.03757917920881829,0.038068241903289786,0.020142983296744237,0.03869486695815556,0.017840848740479278,0.01146956453761846,0.009849885772043218,0.029016393875710186,0.01371321501333662,0.028979625559087865,0.04367272665075622,0.030175584408874093,0.045616765979921266,0.04056817685668501,0.02480514021430657,0.0034122728658695593,0.0045243008604271525,0.0034440732601506026,0.008296558784630629,0.08627898493516997
144.279,0.010459883051389212,0.013472867218035717,0.010935863132714581,0.027301727096000553,0.0022941641535152548,0.030669392448760602,0.0,0.017342526668898153,0.002768123114149192,0.003333813792200525,0.010829283301958776,0.01704012546728753,0.02870532691119276,-0.013098107082620953,0.020536777811069867,0.045957480092459285,-0.002186616416527702,0.014597892087217918,0.03264405386344991,0.02608952594338279,0.01862477793243869,0.02726609422374289,0.013670097515626055,0.00774331211165634,0.05207907184251796,0.03355155576804463,0.06609440500265162,0.015082287065248869,0.002413743366681581,0.004665949867754329,0.0055404734940442645,0.0026876308846914988,0.02417857903811258
144.777,0.023213301866609814,0.012028717388644352,0.005693974709138288,0.05204915308947822,0.0031402269546128344,0.04327211056478296,0.0,0.007244503471440337,0.0005936281786340001,0.019060177240675668,0.01494487163601582,0.009081053186781337,0.01389667019780302,0.03486752384103254,0.030727464823319835,0.033540803772722574,0.02391217166289449,0.02145858639397123,0.03132301331523749,0.03404887701358337,0.02232156283426228,0.03798392295383747,0.00679105762155642,0.027443694859650224,0.05339862702984507,0.05278267819299446,0.040792142796206965,0.03994313266840232,0.006197681472232755,0.005696311423608502,0.0028452423658137903,0.0028626356706542232,0.07411344897952947
145.289,0.013326301305457871,0.004443390979766827,0.0026397768554604255,0.12646137993668974,0.0009523859731733306,0.04566252646233474,0.0,0.007223602411783151,0.0019739248142094227,0.01380918586165565,0.014335037140076194,0.0057586067532182,0.008901814529687916,0.008717909392998692,0.023618539539649937,0.041032449081223214,0.02821715134370158,-0.015000014596952382,0.015089216555111393,0.0068822646060098325,0.039220206099927844,0.011704479529876657,0.017052589444677385,0.026452447494374726,0.01692326924466177,0.03907404688128994,0.001146311412321361,0.033382865042303714,0.002301584994440125,0.0023796690102233765,0.006174282235227069,0.0017420562560502408,0.15756007490380483
145.778,0.005204282461619957,0.015175131789896521,0.004977471062111771,0.019282965075328867,0.0021228443018652026,0.030092756566898804,0.0,0.022389692054450235,0.006225048812100507,0.005617533310308183,0.004973553437765622,0.003724537417979712,0.009761154274787624,0.0015068813166770707,0.020153650662608994,0.008815112051755265,0.008432811262898635,0.011241934462372654,0.03374156986374034,0.006101516103265596,0.024078934915314886,0.0101198896452423,0.015071523948342378,0.030591906579174776,0.0027977081754191595,0.03565662360575387,0.051189573771036966,0.010198953097328824,0.004339343867833009,0.0035058940249016496,0.0029934587560211906,0.0032049931598103387,0.06569638119820033
146.277,0.011869470983926851,0.004177389820688879,0.010501661648688546,0.015160881659095233,0.003828542757716319,0.06803261543649576,0.0,0.016042918535236067,0.01841081297404844,0.008869430364182458,0.00423422523292159,0.01464991642910577,0.021066368702965493,-0.007763251738273449,0.016035175554226722,0.0510162887616434,0.007138038789713429,0.0388857399173496,0.008176281541396989,0.020320778559182184,0.025744662857534753,0.02017896525986996,0.01386584814843162,0.008658681430014598,0.004907997870256927,0.059107385125691136,0.011339220385920303,0.008958712171770479,0.01050988141059483,0.00807126274431635,0.0039067341872460635,0.0027244798208154305,0.07895237546996281
146.778,0.005961189082971457,0.004586582419122789,0.0038621349613323654,0.05377303158037565,0.001624553566001098,0.059304798059321547,0.0,0.002283426203739955,0.0001641119001296801,0.009611953785028066,0.009701825481107547,0.011038275355859018,0.01516872886981486,0.021161899895634537,0.016937581521615445,0.0022383270819045196,0.019410205785593326,0.016093110455484,0.0004147524358919363,0.007226537766328295,0.018570665258349738,0.01886924224619159,0.006646230266212641,0.020755827490185907,0.01803255159436047,0.044912580251974206,0.013896328132002866,0.013586837323849922,0.00472651063580329,0.003834869092418505,0.0017103622336397076,0.005402488030425081,0.034354637459880405
147.277,0.01964296036009902,-0.0019128785416530245,0.0029691514458917464,0.04509773146562,0.0038475406600826114,0.04111325309393637,0.0,0.014739268479127451,0.009266151353836904,0.015353912495613891,0.010800141724451009,0.002774492273133561,0.0010114825600596824,0.0243642902325366,0.03193729897815966,0.009809042961421507,0.05189904624619432,0.018289949942994908,0.02985440063723759,0.02424640209927496,0.03097669739899566,0.023135961950593777,0.020850565548749016,0.039854435618366185,0.02710487558701068,0.03405127148179124,-0.019186812209376288,0.03534212036799725,0.003842700483984034,0.005473480588134329,0.006840252653703822,0.0036397177098301896,0.07850249292066482
147.788,0.026377044531397303,0.0066164008873127065,0.0008408909576379189,0.05693096246918521,0.002990799713732868,0.06199325092376146,0.0,0.0012339353019126314,0.0004919087464183088,0.010618440358904477,0.013329118608775411,-0.00044082296285528774,0.008855241737901821,0.04584307970889265,0.028246155210547085,0.01512409742669064,0.0422968102533735,0.0306179863722049,0.03354185108809596,0.025448613413650806,0.055275032270012084,0.025048616408401222,0.027047263758357695,0.05590254241818898,0.06529315536920853,0.06677757907353497,0.022728611134583708,0.024472565918548995,0.00016853779268690048,0.00623350085787258,0.004385133874441177,0.0013525868239064435,0.0883057298302905
148.277,0.02006673976628459,0.012213322722268802,0.007184432645283406,0.07245160121001615,0.0020563176128133628,0.026275990979414025,0.0,0.010125389740580696,0.004120945347933461,0.0034934244125256705,0.0036525531735870156,0.010285388628798388,0.02430268453786466,0.040781297270088196,0.027365991962943436,0.024920536941842295,0.011079830193981309,0.050631229218425264,0.06455147588152202,0.01598364101056855,0.03134303063836346,0.017540997681151145,-0.004097700501091976,0.03835622234442768,0.06053285494291656,0.017077626344300982,0.0831557547486447,0.004029223082671958,0.0043860262566740894,0.005442924056640845,0.004984229296595907,-0.0004900137097157869,0.06820632172623513
148.778,0.009964478461682552,0.008122989232802203,0.003900074696854177,0.003462304456927131,0.0011463380497313998,0.025339156000937817,0.0,0.009880267881950868,-0.0009277502059379207,-0.0005675564252220645,0.0036766385562845665,0.01278540938665564,0.01739933052708215,0.022208870054856923,0.015220467691749387,0.022406316625355808,0.0264921927089409,0.02414933663023476,0.012098201998718793,0.004065065352019192,-0.004475312073960197,0.019628585633478544,7.516290088683975e-05,-0.006672998808528969,0.05219670822134543,0.015635143347173114,0.07876373140478322,0.007233764740171502,0.005245703668870153,3.070447397280245e-05,0.001168268352174943,3.753010840784435e-05,0.03808537765288029
149.276,0.016087801113489817,0.007858374362849665,0.002492514072062676,0.0608748052447219,-8.614217621837552e-05,0.010916362816044458,0.0,0.002814963499856087,0.0035183113007650948,0.014719911650981361,0.021202725367030658,0.002346788201654859,0.004189394783381991,0.03522223968782176,0.022846636902627688,0.01539100158073643,0.04782893212073242,0.03653228042369468,0.03798590680451818,-0.013572445894744767,0.019676082878988234,0.01435870431522875,0.019276296873801498,0.014860436119021936,0.04929116725792447,0.0021618521918920462,0.0265484997828642,0.03949580317861831,0.0012472641941003078,-0.0012324569944085321,0.0014403794775223232,0.002274092949462362,0.060347219533230564
149.788,0.017705285682952952,0.01539712234837646,-0.001812620415996082,0.11407516011806236,0.0014729614056603652,0.03757836248899097,0.0,-0.003164571006569636,0.0004665105173272531,0.022791331275907593,0.004220436547133938,0.00019103007404803012,0.003663162413984095,0.022814448838009448,0.018780218567086,0.0390695427896853,0.04308647259555268,0.04706191525855226,0.03218353280088631,0.005979665192132952,0.0006447108673096649,0.01935348032473195,0.03266576730421055,0.04427749716031605,0.04694769734453165,0.024382341063601615,0.052648670045540365,0.03627547093496092,-0.0013299566603113908,0.003024625284611094,0.007167060136674725,0.004872324721086055,0.09923590778144546
150.277,0.009970241352060346,0.006363928866381389,0.0035431690436266514,0.07241758725204304,0.0013997445669700413,0.025987021775530604,0.0,0.013461769707958295,-0.004373202328526524,0.00563561541174043,0.0011597762838732682,0.011056525532725476,0.014286472803670116,0.01904371889067455,0.0251347900913393,0.01804972346046985,0.004155673034167299,0.00601889461672313,0.03127391144282766,0.009944554358791803,0.024435729839323482,0.01076557211383466,0.0188990934047236,0.03033342753173944,0.023808705507525178,0.017696278787861366,0.07255172359027846,0.0007710828883545155,0.0027356354445328525,0.00862241047453432,0.0018011125460760452,0.0021767067761042126,0.0916036349382949
150.777,9.218520772907624e-05,0.0015373403971983388,0.0075880787879888745,0.0060360374968602805,0.0006702189117228182,0.011524068573881293,0.0,0.010634334504037557,0.004548989116915602,-0.003666775654356547,0.0018819916725646502,0.017647566601798483,0.02731599868324037,0.013657684091011231,0.009026036633148653,5.564051076033683e-07,-0.014918857012779146,0.012955403865140306,0.005055870956494041,0.02202713019688808,0.0013896075541126398,0.021005353800273078,0.004629432106741546,-0.01535564543300248,0.021987642779757635,0.011778521110527868,0.042250443399683126,0.0033109566452719456,0.00770581761533864,-0.0004363634601685454,0.00251403176458915,0.002189947558576481,0.0190430137199657
151.286,0.009808923321907019,-0.00495610157999427,0.006990351028989769,0.07402690680119975,0.0004016621926980111,0.058464943713693665,0.0,0.023605237406864127,0.01469794271476237,0.01150172489566718,-8.46521497747738e-05,0.016588166988720253,0.0075321466618633905,0.02008127116520033,7.32051884178875e-05,0.028673099237643624,0.013284709019466,0.03972488483515046,0.02649328241250435,0.021658020155530627,0.012869756167990819,0.009636012984813898,0.026218406176542607,0.04126341257411126,0.00872669614281065,0.06741679222643093,0.011274199410004224,0.0002719480018005646,0.0045280587835181945,0.0053147166873018445,-0.0025748686913927023,0.0032613121456850505,0.08062287567334997
151.776,0.012052509162136751,-0.0030612590865849065,0.001832491604788592,0.07833681893473546,0.001485964661712311,0.05322837909987479,0.0,0.015512865835327998,0.01353001020682289,0.018750438899730014,0.0032679563991660507,0.0021571823631417585,0.00016500754736388387,0.04596835020281465,0.014486588927258917,0.014225875124529433,0.018732658195541048,0.024218102475986738,0.011330908786025343,0.026665757363025774,0.018227804869305232,0.0012672759102065057,0.029534056698337342,0.03921443411727859,0.020674285757714916,0.03998879415292685,-0.015264248725032747,0.01831544252616275,0.002403460548017886,0.002583698989642597,0.0026906069425390255,0.004983363608608945,0.09217181336332873
152.278,0.009394045864449167,0.010534748101769105,0.004877839224299115,0.07240693743172269,0.0005143562353197424,0.017810611897329492,0.0,0.006824257982905148,0.0063960050646769,0.008323791160787708,0.014830357600030021,0.010206925919856585,0.008713073591128512,0.014105211465831142,0.03539574107377247,0.02542907260635521,0.027087086971760495,0.02520941457510761,0.012805669603699147,0.01834605819060472,0.004380087788080372,0.015565541694658694,0.012189696808965375,0.01629677221175802,0.021108005198549596,0.021218194224074272,0.040352502463589984,0.0069770176172277865,0.002285068131841652,0.001162980719940527,0.003443693850450975,0.003335314845785162,0.07120971980153963
152.778,0.00012744233504036374,0.002229130466503085,0.00735236883959163,0.025181859929331172,0.00012163997515930894,-0.025612929292431197,0.0,0.007636631287114633,0.0023717624938072407,0.0077848930011432576,0.005551181774426266,0.013589639998104705,0.026587949289300312,0.012822831489695638,0.027912062335068294,0.0036758545641855274,0.014322282149482694,-0.000527363527650363,0.014061065391707591,0.016582815544575545,0.0007483752473168114,0.014259208455590817,-0.0011587089707089486,-0.005708696959765813,0.009193187050027361,-0.007744625997120518,0.06022348421325844,-0.00679162501419662,0.000894410237805566,0.005088672201127138,0.0022927771459862385,0.003500524920313781,0.03158683533274147
153.278,0.0005430122670824322,-0.0002430768471209151,0.005224690841965809,0.09753176149297738,-0.0005091268384082576,-0.013040581111180782,0.0,0.005634877584885975,-0.0008117137150606913,0.012606123906338786,0.010408462141616077,0.011328113874174815,0.015787962901187117,0.01961827684624717,0.0016488818619590684,0.003005882363953646,0.02123673467871152,0.005908297323969451,0.020267852040179463,0.01505867938971743,-0.01864174217701103,0.00652378731851628,-0.0006607356316550485,0.010794397885126136,0.0021084202689031018,-0.0036212809475963245,0.017489562296079734,0.024857905493341766,-0.0006067769596128178,0.002405409301834684,0.0005924704850111696,0.0016779297787449779,0.11127418489010968
153.779,0.021524217924628417,0.005206634768067626,0.000432472873915701,0.1233173132035473,0.0017303988901306883,0.056794358365468034,0.0,-0.00446141610175057,0.011888813635980497,0.01980621010446216,0.011990812945274818,-0.0014533582401379571,0.0037165280234575915,0.03321214359183174,0.008403127094811166,0.013964995914299186,0.054478689819283284,0.016457003374220076,0.06418129954072489,0.025926187186978932,0.026809605630587912,0.011716962784488747,0.016426612528502926,0.033064006641021514,0.0368031476210739,0.053567115043566774,0.007264671443919762,0.0358330982259358,0.0030115203244959004,0.005977934804683852,0.009818259333708324,0.0039836158882514535,0.1289432529285682
154.278,0.014798417553723906,0.013403532344463568,0.004256000555118704,0.044777668497086746,0.0004179154637070242,0.014620979118197664,0.0,0.01695888947274946,0.01016171376963642,0.01488983863542892,0.011367234793657989,0.003460362178174842,0.0040139408516716895,0.04805189838388669,0.020895324392201337,0.011768539847021448,0.047944565938972616,0.020873169631822414,0.045755549935332256,0.00873486929505043,0.040997105577169644,-0.015205842958898649,0.017710206913241603,0.043142340598248854,-0.003004398899318183,0.016128352345111282,0.06350966964587224,0.014804511973839538,0.005876741248173251,-0.0003779509157086887,0.006126003252830363,0.00482319887087193,0.04340812047485069
154.788,0.005532554047046021,0.004115251668907552,0.0042067766574521185,0.029674367465189744,0.0011428440508995516,0.008591492510696212,0.0,0.007798519544483251,0.004499886409174336,0.0153495554714096,0.005156931721578458,0.008601117055017163,0.015130794857742495,0.035742708153378704,0.026390368657202134,0.018261628349977063,0.03902121574553117,0.018252978466228368,0.02912734345078488,0.014437592520337232,0.0010991251743310585,-0.015886328361137732,0.0057314267977126975,0.009581879025945454,0.013228000998225879,0.029858669062022707,0.01819202119137244,0.006850893688446613,0.004271243148077051,0.0010512320715343995,0.0035006623107591206,0.002012390676831551,0.03382954867611923
155.277,0.0068158495635014015,0.0033042519827605928,0.005613844345833417,-0.03526094809288648,0.0015062212727739344,0.04462624201391215,0.0,0.0232414284282586,0.008903580966505804,-0.006813461747276824,0.006518710625004906,0.012045112277894246,0.015972433048560275,0.016958240188325972,0.01620340469742763,0.024692761415236627,0.020350719564422224,0.03337130851774178,0.0293063484136074,0.01385748930320447,-0.0021130841355530157,0.005022095905813144,0.010699072030562706,0.005503215938372761,0.03238433693715279,0.04111219670290436,0.036629570808674544,-0.004116908961935815,0.005510100710445547,0.0006049309607510156,-0.0002452634623066928,0.006989982919958793,-0.023136356185424995
155.779,0.008188419059340946,-0.0044087628965876,5.265166090451093e-05,-0.029888098988071637,0.0018183211378334859,0.018852891140139067,0.0,0.0052897725773989055,0.008937431305011519,0.017163955195611272,0.0042249833616702205,0.004874707559219033,0.004509090208538681,0.015400385552572187,0.01880984112411965,0.0337020266954037,0.04166295067205877,0.02403361210390833,0.02534514554822738,0.010665624152485632,0.002164755396022407,0.008557063189289095,0.008433793615133344,0.02975217294061677,0.023139396550595343,0.02055788803931698,0.021207420419850895,0.01587945030115755,0.0017402109701847087,0.004849803959276307,0.001960369922192865,0.006018190002028388,-0.024411497771250026
156.283,0.005767193052468598,0.0031507504888185598,-0.001472966942894479,-0.002147068201160944,0.00030364585449287263,0.028963970013285118,0.0,0.009792516310625433,0.00451904241192188,0.00885317149923083,0.0011138990988445224,0.0026362268252120413,-0.0008438589123546264,0.02389171588499639,0.005277995440733901,0.015975513159692634,0.03320609692851689,0.01806364146959497,0.009481674666234154,-0.0029138809799732477,0.032006728631223794,0.004747614346525619,0.01090645288920283,0.02175856085537925,0.0066316475945040285,0.03471159473231438,0.002020347935372111,0.02515720623317797,0.0014409152355350974,0.0064637447093840025,0.0025974221294907313,-0.0007722826252946453,-0.00803272094223869
156.786,0.014803543577474544,0.009823907527406148,0.004023182510309864,0.055175284256581636,0.0020380615469447806,0.06889232717546302,0.0,0.029270697237910745,0.0033578173135215632,0.0120575600148804,0.008190859296061939,0.006120378671780673,0.00623070743115887,0.016371415193101542,0.021960287130885343,0.019508578783443444,0.04551512162398933,0.02935436023992556,0.01692571412420243,0.011695051602590354,0.03536181989932923,0.023231143958348792,0.03254917435995372,0.023097315504162046,0.029373063238486097,0.0695060200974664,0.06446721118031282,0.018608989322168836,0.006077938259725504,0.0017243801267816546,0.0025749415969567786,0.002582610008988099,0.020472660508048916
157.284,-0.0012674610599052018,0.0015758635534349578,0.004021368763452632,0.03702911775938981,-0.0015612541872303445,0.008638202033769036,0.0,0.012737343019355304,0.010385731503356331,0.002694919872437113,4.97863982839281e-05,0.007642986743003103,0.012269398228947835,0.005247948141548062,0.033297076474785185,0.008712850168918155,-0.004471275861586017,0.015455867533643522,0.029075513395239047,0.0017162011602782823,0.015382161304552631,-0.011902777046267585,0.0015591753162040654,0.02080705946310726,0.027546939294940287,0.013645776510068788,0.022357076440724724,0.006554782518166166,0.005579151754638989,0.0018299818104512164,-0.00124639526405553,-0.002685848692233965,0.05381805919969063
157.778,0.009794799112343275,0.00457577115878773,0.00900127227393242,0.03081244017696049,0.00013711196310769048,0.0688753157789198,0.0,0.012796087392889689,0.008979772767228961,0.016211930609316954,0.024898577657554467,0.01341587050276878,0.01123958470787047,0.018140933463272398,0.020365268515100753,0.00881455183709448,0.03285448673952906,0.029393293752920695,0.016291349172638803,0.02122115485526983,0.027203598797016323,0.015083364248939446,0.015161888427927872,0.015366957852100394,0.03508972661801843,0.07332561615926783,0.025313878314629983,0.01924248585286689,0.0010456050920152758,-0.001210172079329794,0.004101339667734542,0.0017801222205138733,0.07355018422067068
158.277,0.00424294457355309,0.00691736094272959,-0.0008176286468622494,0.07663287814368164,-0.0015125766053844295,0.042565675671570914,0.0,0.0021443598873069217,0.004799199297811246,0.015790984495018746,0.00048138446386452536,0.0013305875814544246,0.004417210435213807,0.03329344889350733,-0.011860462046478674,-0.004348100646363519,0.03450961644391304,0.00018458696912125315,0.0026804939619036587,0.022207362791824434,0.030284780247381668,-0.010427963541480394,0.020175017509351544,0.040379207858364484,-0.008483450720860012,0.05794681711042597,-0.005195180405242365,0.03210888735551514,-0.002256293765698242,-0.00011053746390009645,0.00034316877827748194,-0.004248210157570276,0.07157703326226429
158.795,0.012005149414151182,0.003422027306402446,0.002268122296359963,0.03181437981549397,0.0006265524914683654,0.03273632050301556,0.0,-0.004482610846381103,0.010877657957976674,0.012025017553077035,0.010623886938713497,0.008877572562718587,0.0068986940573129195,0.014827401185680142,0.015236526077228488,-6.87340032474483e-05,0.03956490210609037,0.032273120731929096,0.007625363730085961,0.02584377869449299,0.03428414476569578,0.013874172750474898,0.025218692016645176,0.028776019653028725,0.0013828953858042166,0.019811804708278133,-0.006164620538922553,0.027408955569326546,0.003560158516539911,0.004599787209899527,-0.00035446814022672274,0.0008652120010145945,0.01905299111399917
159.277,0.0104851249953421,0.014550169351238576,0.01283939327185338,0.024141359093204355,0.0039686617710791355,0.0466909817138218,0.0,0.021238849921729096,0.011318893500998078,0.007771363368577263,0.014679561277398102,0.021305038172250178,0.0166332350360196,0.006687355514089771,0.024577718871370606,0.009302244585311648,0.02712577476911088,0.000775875173482923,0.03791596243856705,0.026828718888663568,0.021520393902119257,0.005503520656337499,0.041319778920183875,0.017290375695288546,0.0014631069059157635,0.04987878832956852,0.09682535255061875,0.010277909235949387,0.008695932122250024,0.009402436711989516,0.007618294157228899,0.006350340416497143,0.04104944808907604
159.777,0.0008251519607421498,0.011792734672685566,0.007558735224129259,0.008950374229990548,0.00250363329392772,0.0281525658488319,0.0,0.01786513165380636,0.004470031074712542,-0.00015168227201069998,0.012109567827608851,0.015104388675771416,0.025584473519756054,0.017965822833827316,0.010322994385253869,2.6729890151841907e-05,0.00674313134824776,0.013916648550245953,0.004308366533092943,0.017679065737731998,0.013480993348213212,0.00964303939542545,-0.0007138727377232089,0.029083230398429787,0.016633045520910102,0.032114784745205724,0.07621522271368147,0.01287991131762416,0.005459721933714813,0.0052672312883619695,0.0020247992353341565,0.005789031058411744,0.02340754810074623
160.278,0.007405984391011054,0.006757077987950794,0.0025619991658758505,0.08156202612331036,0.004123081386023957,0.04685837179114619,0.0,0.013359219035211234,-0.003169604571815852,0.026801084091214858,0.011246174651892158,0.004199618977460078,0.000117737245399647,0.022332177802697608,-0.006069838451905542,-0.004163738543052487,0.026040889512878272,0.019001172722503856,0.0125897980070201,0.02913745359992192,0.014433755651030394,0.009569826941967277,0.03892158663904701,0.042712723437277625,0.008714752185201555,0.03019977833203319,0.023341507048840013,0.020216258306151015,0.0043486162276185555,0.00722618147470011,0.0056768863079177615,0.009512963600625627,0.08991006548060224
160.777,0.014952914756040245,0.0071682128698340375,0.006377505634961298,0.027253042266766024,0.0036343215920474872,0.025643691296097365,0.0,0.014753104854911464,0.01828546656188928,0.01617849803438207,0.00813275700775878,0.005802225347748103,0.01008885264831645,0.014575009757182964,0.01344493216228895,0.00887541302376409,0.01693485768862301,0.04862403545024856,0.03355664243962624,0.010857214534297664,0.03488966490842836,0.01252961544718811,0.045885340437927497,0.04657300816052486,0.02480409864979009,0.03762637067018163,0.048307454011316954,0.022471050250594444,0.007861237387805762,0.003724368628917494,0.00651472205506764,0.0014390302172352521,0.04946890542437857
161.277,0.003148867761704429,0.0054625642865703365,0.0044204463311655826,0.019585777872949624,0.0017388137423688162,0.010448887436124647,0.0,0.014414021925990006,0.0065861723948622865,0.0033880366176813085,-0.0033818837911697716,0.010300970707183466,0.008043702433126939,0.007679991914450277,0.0056961896953841825,0.016856154345168736,0.03340361532275846,0.021516963250362,0.011636393201388274,0.0029125430241615916,0.019985278468894536,0.012933349796262662,0.00894976383661712,0.013096439074758656,-0.0033622456855803323,0.006029636563222579,0.04718576405101933,0.00032098345292374815,0.006930302148257142,0.004774812468735623,0.004196959863468089,0.00297527248895131,0.03586236097215461
161.777,0.0064276073770579934,0.01255811236570748,0.009325069384890514,0.0018174698279657933,0.0033037878865819948,0.04129211699429642,0.0,0.0221786352995098,0.013260373608992135,0.0006979692586698809,0.01052820030064959,0.015042895476435938,0.0280529415563681,0.00856432271328838,0.019686751265681722,0.004904006704638328,-0.007360651037316969,-0.004159004842111278,0.012007204963944099,0.018059943561039998,0.0046526604077110345,2.686191464042872e-06,0.013211815156788164,0.05571731852757507,0.03849280642860593,0.01985353192130904,0.08119759046468203,0.009665574260022196,0.00747059937746847,0.0034574683916223526,0.004866608577210508,0.002255025905168822,0.0036108085136958134
162.286,3.6935893903888144e-05,0.012388190771069087,0.007031436278392577,0.002163869389786051,0.000379498242669936,0.029377157262446305,0.0,0.004800336417135505,0.0036408765181403582,0.0001729284495855153,0.013225757316832195,0.011461081254726679,0.025501885311695952,-0.006384370636082388,0.009058459426888987,0.00947252216998249,0.01715209304872614,-0.012582625557450659,0.006548984667646632,0.01446743352031613,0.012836816151041203,0.008285521393154855,0.01726052703572567,0.0006350118769569653,0.027356472438825233,0.0004732785447348112,0.0676968690775384,0.01648815258492098,0.0030876849517527463,0.005155873219606481,8.584431725485016e-05,0.004940482448372084,-0.018385700355177916
162.777,0.013215243257740823,0.002497301594518044,0.0010881973468050978,0.058210617201696804,0.001478480611913574,0.0523655015238957,0.0,0.018059365439489862,0.004182839231191508,0.014625344131184558,0.014814721801294808,0.0003135685553701124,-0.00017623153044292103,0.0018311949773653381,-0.0018446371196100127,0.0193331660165705,0.017183761064441763,0.02667017397471995,0.027012085283577375,0.01278882204143985,0.054184064145338634,0.01404033240903044,0.027112138247113258,0.06038226209082105,0.023759545223617742,0.05173204080917944,0.02217872996803646,0.03472467896670771,0.003369981494767561,0.0048506706837427175,0.004478701616271527,0.0019995667767543418,0.029261194072878895
163.288,0.00924633334683472,0.002694498665370001,-0.0008272055598972213,0.002339864502382638,0.0009687736569936911,0.02436741441731568,0.0,0.006785803011948816,0.008594567977110276,0.020056947031495274,-0.0008206090926140204,-0.0030381202020059845,0.00013385157671896454,0.031561961696782694,0.02380606836956998,0.013538233578905899,0.04759236264728017,0.004259566294979808,0.009135778723614338,0.02726461127362128,0.03135657356109275,0.013993679947703843,0.01526114231486507,0.02066615363756216,0.019929973427945693,0.030381945806448256,-0.006511517883548178,0.04150651011733372,0.0011343892651418115,0.0027347062349320737,0.0012153740835333963,0.0025597553921941907,0.010153483238159254
163.778,0.011990605948873384,0.00653825225564798,0.0059355072355529665,0.03624859540527411,0.004359944279745938,0.06661184548932585,0.0,0.013791286006139459,0.0003680788009194449,0.005024575193145581,0.010538836987802619,0.010420859563792226,0.014390481911823964,-0.0015911698749715322,0.013791593482291958,0.017410757954177694,0.008780166025302794,0.016508595691440472,0.014242909047350982,0.018964644655168495,0.021079785637318972,0.022777614520685857,0.011584840488190948,0.04301593228111144,0.029132355231160204,0.043337224334764085,0.10336713090844059,0.006907768708367812,0.009721579485366677,0.006968102935151941,0.004260336315037286,0.006755097443523483,0.04441120142118249
164.277,0.006476181824049303,0.008538676318473059,0.010343378725778778,0.07327303489800052,0.0027618984571934177,0.05364164301864056,0.0,0.020757552769555185,0.0009680185442440029,0.005195449145467096,0.018115841112767515,0.016931221896348114,0.022878387267226224,0.009335110882596462,0.04744794602486175,-0.004746585156013085,0.013629252969177543,0.013878932675478186,0.002358242088062611,0.008513222047255761,-0.0039710521615419015,0.02547463563227427,0.010641793518435205,0.00791602713782947,0.028449501772743704,0.06783531766434281,0.05485286682920433,0.0125750071971948,0.0045479121886485,0.008686441626308728,0.002243124295836472,0.007041241383500767,0.0767192587148414
164.787,0.016807120147968785,0.00813113384226576,0.006732856017189494,0.1313776958036826,0.003072291600587749,0.037079015534817454,0.0,0.010233610203167633,0.014613113980986261,-0.0057843884744398655,2.64532369737914e-05,0.018029253823596242,0.014454598489546479,0.024951103965709247,0.028562773383078905,0.0219205796993838,0.025540182073009385,0.0389106060400353,0.035242955713168884,0.033995639524770555,0.01640283789837658,0.03453908032176431,0.029458548784104283,0.03289410424038137,0.043873942729184795,0.007764727682346872,0.03329316301054346,0.01594045318961275,0.00829176024908332,0.0026433129995162216,0.004310669863848764,0.000554367499224713,0.1423019003568502
165.277,0.009388141665021261,0.010493664897880313,0.0020990297826588207,0.1258172515465856,0.0021354034555888723,0.02277600624198347,0.0,0.018563054326623498,0.013961808028080442,0.015000572289542338,-0.0021167234616819987,0.0003458776666470998,0.0006010857620170098,0.04462858487966091,0.019637393194794364,0.018162019728255045,0.02014867368382965,0.022291208909611785,0.00640280292632597,-0.000569330697065303,0.03822207952655763,0.001544043913022609,0.01742452297553865,0.05617238274367965,0.04403397889670222,0.02166742326340476,0.02558761410904362,0.04009095776112003,0.0017792620087044146,0.005818085382797286,0.006152848234275749,0.0020556695668463797,0.09961939916032571
165.777,0.00700822344595263,0.01784092420454969,0.009659175396124873,0.07536895086317177,0.0042794548651985545,0.07180498460572769,0.0,0.007996232717704891,0.010124492863721137,0.006745946753339758,0.017247343974439857,0.011008040201566881,0.024474500836753565,0.024205227545528913,0.021993029239531243,0.011010757497650547,0.01792822689574618,0.032185187339607624,-0.0031651884802207228,0.015393682525643411,0.007581864159443601,0.011731782337272569,0.01571560609223286,0.0032269545140369174,0.05154391896193363,0.06169300907009571,0.07829701947560402,0.008304105563562503,0.005594138016772752,0.0048947434887250205,0.008884606679757257,0.005899467788415509,0.08162938052303688
166.288,0.0006451936178016453,0.0020076057487704705,0.009424939517782447,0.0933623194904386,0.0033071616533367804,0.028240001212683857,0.0,0.018616388285515248,0.011144599609359995,0.0017393101486549952,0.005738465221515464,0.012891699386928333,0.01781508509992209,0.012093418477341886,0.029071003261212813,0.018634814689607652,0.015494278713833423,-0.01633388283175659,-0.00010013536440946964,-0.016207570738143634,0.014969625779697984,0.02025738351232496,0.008609593991292644,0.01509506617237151,0.03327767532126962,0.024387775070261877,0.07123082877863968,0.005838994562931066,0.002252004946085677,0.009450457636092452,0.003245147745909004,0.004598221783302358,0.11339789512458562
166.778,9.334965460788292e-05,0.0173897410954779,0.009124218678581613,0.09002300353909823,0.0023887177976891043,0.014346534368990287,0.0,0.007442343528506818,0.005787400805876492,0.011516020535995314,0.010594676147034902,0.015396392579251704,0.01973366429469345,0.011425703494978246,0.0005501251110350214,-0.00029426698446964096,-0.001147599313518742,0.01603688300644044,0.008992434662333097,0.006956558577254011,0.010265649970287815,0.021336326364972198,0.00895875641028321,0.005155751339657635,0.02760627206050763,0.0035011575252284423,0.09009319664026169,0.025312801725283895,0.00266235041801581,0.003769923873193562,0.001980627405160416,0.002731300437776006,0.0953754822950026
167.278,0.009218467317081128,0.009553515502128136,0.0032152631300130597,0.10484575005705092,0.0025692841448293844,0.018773836137002228,0.0,0.01311219364577901,0.0158790592050108,0.018753958318943192,0.009385967025815088,0.0032495082116602903,0.0066640850810194595,0.02672349697106635,0.04433360117291017,0.020994256588596476,0.041688710027830415,0.013112711501659092,0.04333920223697781,0.01637976177865811,0.039106303403331315,0.004579561395080473,0.010338970623417447,0.009470217347098825,0.02876515891557779,0.022479819485826023,0.023696969974182337,0.04890885163432025,-0.00039395867803240195,0.00360650001687065,0.004579658106260704,0.006718320390561965,0.07286619662301286
167.778,0.0031013089651636253,0.010292223267264422,0.0015595809044263523,0.12226494063033026,0.0016961414446585476,-0.030239377836961488,0.0,0.00011743200254943662,-0.003773018225102131,0.0008167855974159844,0.02254788213120077,0.0005022137811054654,0.017527114628851568,0.004103112709110901,0.01712330443282274,0.0053641862763150324,0.013944479686322687,0.016661978217939327,0.01639442541473396,0.00011378257723608234,0.026754536412493396,0.0035827051227480923,0.009775253072244404,0.03187894728239722,-0.002561413466013875,-0.02164043316682341,0.09467758903518905,0.02724031723129417,0.004770255060905445,0.005456360266562452,0.0013498207163792132,0.003909736637879687,0.0996818220076678
168.288,0.007739119843994314,0.015388690485288249,0.005520242150189586,0.040181425459814936,0.003616860694919397,-0.005315472464674967,0.0,0.018824908583388904,0.004697814396278026,0.006630635617483514,0.01346782430933431,0.006539517055692746,0.017430385890380727,0.03475042401426804,0.027460565517412543,0.039040628988191405,0.033789795828993975,0.013945983362175802,0.0002837345447248006,0.032533990978755464,0.017129099365779065,0.0031811504363174533,0.010691990352197846,0.0536087236007607,0.015622876366444927,0.009391777305933378,0.08172749309794064,0.009022237309335738,0.004477790889107829,0.0054736005990114675,0.0049925723541038875,0.007502805536461939,0.056137251672681014
168.777,0.0009575503545919203,0.014009593028940372,0.00911350094247153,0.1131219991433494,0.0026782030505709056,0.07110294787931044,0.0,0.003113159996108943,0.0026087706933432433,0.006873079617629534,0.01528883821568419,0.018430365356620574,0.03282795728109726,0.019251944945201088,0.003459546154467052,0.02489751667072792,0.018366128490804868,0.019825213926343,-0.004527364839429429,0.009144528321057785,0.011341807653558198,0.007702860104761852,-0.007448600593373145,0.027465258861434683,0.0213400638553424,0.07621145610289394,0.08135317585333442,0.009649874677143018,0.006077249358281648,0.006383021745243492,0.003596165369444313,0.0070595653176278046,0.10931920065224701
169.287,0.004386462826607062,0.004361834649805604,0.004340210960793652,0.08100747995446984,0.0015818155103882454,0.06320000659765464,0.0,-0.0030557496011679453,0.013021041417512372,0.016142293224032923,0.004275226467289882,0.005748397461713401,0.010844022573060285,0.02162874857181825,0.020957646416897388,0.04157137764751634,-0.014387421697912812,0.017302708766217877,0.0043551162291217554,0.014056381210500905,0.00598464390181996,0.004020110437055,0.0013879452133143788,0.002029619565655093,0.024683816232138597,0.07008614250874927,0.033763952520997405,0.024660972718662244,0.005354581678485249,0.002894065577458795,0.005156222628994842,0.008106640582722122,0.10455146761944634
169.778,0.00911611250143064,0.012001550775758615,0.0032873135410543455,0.09202968513579453,0.002858921794150154,0.03006291405390376,0.0,0.010112433046469513,0.02177219419569425,0.017921783696282594,0.001545038980302026,0.0039942546031136094,-0.0016990818358617293,0.017575470893765356,0.0006642868097344488,0.037194453613804856,0.03428504210535023,0.019759090495906528,0.01649566135173709,0.018521488057699226,0.03142408310622932,0.021537061713748012,0.002610391479787962,0.021331130889959284,0.03642992318521217,0.020244401522766835,0.04304995500814023,0.021970318689625023,0.007477134243591972,0.005706921915856636,0.005496853764896682,0.0033778004662340898,0.10574704916703463
170.277,0.005642321329560918,0.003862290461370978,0.007480903080817976,0.07606233486575875,0.0022086080675758455,-0.0279551791091117,0.0,0.0003682284536772224,0.017952929242549938,0.008403541946628821,0.021472609209538536,0.008920224336622795,0.011484058023413853,0.015644582879051752,0.01765728994241482,0.024508122892933203,0.04914726073739334,0.025029311448702782,0.016442900284126868,-0.0004096359218219884,0.0009834461164721585,0.008550870199482084,0.01566872308449596,0.013136220684928694,0.01703573082291952,-0.009510074098872372,0.05152228376228646,-0.0026244119568363078,0.004141472542103045,0.004918191473217176,0.0017846599878334533,0.0038605731768196205,0.11684678286428012
170.778,0.010055750174125959,0.01322568501539914,0.011478040406967024,0.06829240402824681,0.0016588910059861467,0.025524482249350628,0.0,-0.001638444087270298,0.015096100708963906,0.00863625955733534,0.008453988376605668,0.014696376028383255,0.026986723189291878,-0.00887424096437506,0.0175239855953972,0.02135483015332609,0.03916434755452973,0.034712107025347605,0.026908583294762308,0.02430670479743229,0.006858141276435057,0.026367611517069418,0.02006737377014264,0.03800709662219753,0.030720042991863487,0.019884810839699976,0.09145721249725106,0.01400919889822462,0.002778598590797178,0.006143196495207663,0.0028211946333636813,0.0038805100799919226,0.0912493311737353
171.277,0.009341537127658728,0.006637575102186517,0.008796837825386879,0.02679609055731888,0.004160879963979041,0.062382883212873386,0.0,0.011418942848954752,0.012301001088186839,0.009051726557003426,0.013534549232179014,0.014338460746207796,0.013783752936833416,0.009521296255548388,0.034998406359936465,0.03229236692483622,0.046451032349381624,0.027881791184652633,0.02983419680255144,0.011066735837168443,0.0023811654396513355,0.009872100594299138,0.028360294918497286,0.001818949703505574,0.032503015995652064,0.06518973937469708,0.04245751450820095,0.015690360995078655,0.006931572346555015,0.0073248354752139914,0.0075808450553400165,0.005575717752447253,0.05806280048870959
171.786,0.006921579488355643,0.01426838621790513,0.006206413010768949,0.12062356416494109,0.0008684377873176944,0.04621959457009431,0.0,0.026077640711805027,0.007560531624457581,0.017100931989886655,0.014183722499595597,0.0045849633537979,0.010747702516898041,0.01740903851501599,0.006126802193557103,0.016396116518895006,0.04464765414026278,0.007717353812722278,0.03909688572808651,0.01885414143238398,0.004598623029471277,0.017251790733534885,0.0073742402556539865,0.002753536265479045,0.01501868311504214,0.048427296857848655,0.04221584183516105,0.04059427659917382,0.002503744290343829,0.0068504155124498745,0.002503641673475511,0.004594409028467266,0.09389568019015895
172.278,0.006859081445024903,0.007683095596999859,0.0018849946690644309,0.03299996603108109,0.0017799374655821682,-0.0025203468040813294,0.0,0.005102030884410207,0.003850394651307762,0.009192270442786156,0.013918517481448378,0.0019668646338072884,0.002102117502026677,0.0075779875820020815,0.02542934166552607,0.019876450613417657,0.019285843172517973,0.003704336871967299,0.03642005436908261,0.009820810061891186,0.030727265613230127,-0.002125185679141318,0.01968044088463491,-0.008013823446407978,0.025936762641173852,0.0022892924343773046,0.07879182773821673,0.01877238888607457,0.0019224288377136538,0.0060710012665249466,0.0024918473469379586,0.0073628216384180245,0.0029602408271730283
172.776,-0.002204951065261577,0.007872442730649307,0.006294152218326236,0.04113153197014392,0.0024964273444338736,0.000980134868253723,0.0,0.009411857037440382,0.008919290769596164,-0.000491699376277523,0.011062052509093293,0.011532702297063475,0.016656791604518592,-0.012882993753574434,0.01244221934024025,0.018698244965502,-0.0008688024335354546,0.015158777728952914,0.00489128094695367,0.018833747084976427,0.019766643851732348,0.010755199546690264,0.01549824598245632,0.006135678217588467,0.0008682999545283289,-0.003763035349123852,0.05048877896723012,0.0049798351862002065,0.003715526527227837,0.006910610726662861,0.0029935897027919306,0.0031737846401609557,0.057193557182513705
173.278,0.0068780540920610105,0.011727038109311996,0.00596156489271407,0.049399700951909306,0.0016914766454758584,0.07680294139997641,0.0,0.01550290267073437,0.007854592630133293,0.0068689045586463006,0.013817976599745999,0.01330190142174438,0.01297378810655715,0.030824114279756534,0.017043530706467615,0.02015364560453777,0.024641820342832466,0.03910587352507717,0.015495319611094141,0.01701225399837418,0.003116684822389892,0.009816471263412648,0.005047203118252414,0.023941577158593647,0.0064447993043669095,0.06357792342029568,0.0516411138114056,0.018016195377034822,0.0065666097372397364,0.002020289310732178,-0.002243112934710286,0.00804210752361929,0.05550179703694599
173.777,0.0032613182881661503,-0.011270668889777125,-0.0015490593811917782,0.010927152270915669,-0.0008781300206451098,0.011506113987979726,0.0,0.008182405759107397,0.009229070631647959,0.01738192603492657,0.007699463494869382,0.005723779925090693,-0.0039055219878298803,0.016763740682123156,0.03320061833492847,0.0012379700399423245,0.018323468011106542,0.004782556300034053,-0.0008376660713238057,0.011634759771217446,0.028930137518951748,0.009423448579265392,0.03319183196099787,0.01678711771000637,0.0236326735097769,0.024730576027311033,-0.04305450264358823,0.012928888231727312,3.626170869451456e-05,-0.001689152535578952,0.004144941376653109,-0.0010493975578636098,0.05247897294939376
174.28,0.01722395924422638,0.00041720235517904723,0.0007841448376107228,0.04905164605983755,0.004024576300920654,-0.04057426054023535,0.0,0.006733277659452975,0.004913375039640134,0.017219995220638603,0.00976368282302797,0.0011150196494710363,0.0033855117451565605,0.017706147130570594,0.034608396402874685,0.006920420868793825,0.04579612248738297,0.039477144747601896,0.027901206118067925,0.029794264015821522,0.05384140994279622,0.020183468815250582,0.017572045724339427,0.012950562296081686,-0.0018735109516306607,-0.04160175543774231,0.020222978376155505,0.009051203626235823,0.0017760817154642073,0.0047583896749650405,0.005430191772831663,0.005894768230554489,0.05330999465542105
174.778,0.009154600870729368,0.008114812573851733,0.007678021534640794,0.05555971908366964,0.0003872571004171319,0.01588477841441416,0.0,0.012125140942515275,0.0021079468521094627,0.011072068698000165,0.017766268161772323,0.011799455056207622,0.01779242088274899,0.02802901467224472,0.02962838390944783,0.006875979403372806,0.028262700970507943,0.021324768232055095,0.0239351973263561,0.002889317548468629,0.00905602859865009,0.015278762225250837,0.01050690058089294,0.029837674692838316,0.028544467813121577,0.02555019244710395,0.0893913427015283,-0.007709214838254457,0.0004048084828255735,-0.0006921242088010954,0.0028156976018639535,0.001557447021042092,0.07133618499145435
175.278,0.003755633233641322,0.005695547897317702,0.007400097898417525,0.016112237028685365,0.0011734221974823717,0.0355977306172391,0.0,0.0036110134748466756,0.0033259742290534158,0.0037700918720154045,0.013474814136660521,0.011906661015810118,0.03348794548791109,0.006680567829205163,0.014186896609507896,0.021688454006482727,0.018234307767036127,0.018077082224081834,0.022531211291546876,0.015244698283747709,-0.00947222601844106,0.01921730962277744,0.005077870203122409,-0.0023407639123384197,0.020006802540788748,0.053031787153573866,0.07174221048333046,0.0036951708557686406,0.0017431016059415107,0.004608466685039377,0.003025728809869143,0.0005971236485860602,0.013501794263223269
175.779,0.01800184178530144,0.008653298484820257,0.004451542860461562,0.03971858816486183,0.0016420213987249853,0.04518327035236306,0.0,0.0007452010651411257,0.010054995557043499,0.014965309629011679,0.023257442682408744,0.009477684747646748,0.009938807312412284,0.04028294201307914,0.04290240126666133,0.016245136460388696,0.03689882986049528,0.04557545913714452,0.023487050481085854,0.018076171038688357,0.025956622701545473,0.006396931162243606,0.006553316440922661,0.006680052028625299,0.03815595703098817,0.0526545779653247,0.01447289575649713,0.038355468442384036,2.94246851399693e-05,0.00384749100691959,0.0037373096351444,0.004781265463709499,0.03761987893192922
176.279,0.015529175784279942,-0.00014135715236195576,0.0021652681356340298,0.07384461828476577,0.001458310949825791,0.00510397947182993,0.0,0.0008110833167957166,0.008229284780652426,0.017414420148333987,-0.000865620461446502,0.005636590082609215,0.0009424292638284987,0.03913958050754029,0.006471560536174469,0.02299821748485446,0.04299665333350737,0.029359665529192162,0.03209049855791071,0.024269602911564953,0.039941262247760005,0.004260365491908044,0.012608071197908894,0.048793392528959326,0.036810263987972186,0.006772681445710111,0.003739748472989339,0.0162395669218631,0.003041538416653535,0.00609459178936061,0.007089513151133589,0.004141598684919629,0.09335349116220354
176.778,-0.0008901946327510333,0.007899895375315994,-0.002014728047721655,0.027765591801644413,3.521525842250982e-05,0.030621651279019182,0.0,-0.010478793160616178,-0.002871691033237098,0.012309158544727358,0.02080146405759256,-6.758749475154292e-05,0.00027794590949195677,0.018170734125079566,-0.005599410333319969,-0.010095083741649717,0.01620156208739291,0.01619832183860811,0.009922998505025036,-0.005285600074403299,0.012893556942482074,0.0020885374894131794,0.020896538358409093,0.00029149305313299446,0.029932480170748132,0.02983233657406611,0.05108409253467103,0.021850917870481247,-0.0031515385228798438,0.0018834452267469327,0.002823811309400783,-4.7320866331935864e-05,0.020820561270597494
177.279,0.016683730520448487,0.005941220623238525,0.006769470606008449,0.018143518046355167,0.0024858888015478293,0.04132356430160789,0.0,0.013805641231045657,0.000730811059064507,0.011119324722423014,0.013613947633026278,0.007083681996341772,0.018600767181022416,0.026904987973671426,0.01922771131843626,0.008191789489222452,0.003462299208360584,0.013768929952354706,0.031271760952399474,0.024294354248056923,0.016440751388745234,0.010250919720462376,0.02400279715788043,0.02835321883114864,0.05152707103047089,0.019909311980564982,0.07909646574379421,-0.013606381801273005,0.006421070168959789,0.0016892053658484388,0.009194350484047426,0.0001951091773888155,0.02277028399528405
177.78,0.0032947623042109096,0.006320381492888522,0.0043584888474610265,0.052666127555105705,-7.64365798297426e-05,0.08405136971478981,0.0,0.009261044633123933,0.006713905744187534,0.0033931257820306675,0.0015418646967739025,0.014215244236719724,0.01516627568979881,0.01639009590353594,0.022532014272503998,0.030971665095473958,-0.008086320509503189,0.029365333886670873,0.0009866298140758186,0.009985314248913727,0.0021456301204902184,0.021236762820302412,0.006234953250019148,0.0077245408147478675,0.003886858498728311,0.07598904296612784,0.028402742618815424,0.005982856357768669,0.0003749269090263647,-0.0006165682809180349,0.0027831070046558668,0.0036370351593605936,0.033922225986482646
178.281,0.016664498418886012,0.009423966586642806,0.006887680189990085,0.06301409166720921,0.0003005554288490452,0.11945052211858473,0.0,0.003392967638109761,0.004811248351413922,0.007893333853769299,0.0119065512937242,0.014508058198086666,0.013674979004265038,0.034212852826734204,0.048624209254851176,0.019555987649228116,0.017251101456041217,0.03393434819191438,0.037890553361697256,0.02139701962902893,0.017334042334512887,0.041420366056897875,0.024806281671209914,0.030787370879071824,0.026478095209001407,0.1170936571498597,0.0633007595354067,0.011596840528498272,0.0016703835295430317,0.004853108948905082,0.003402737909929852,-0.0013598291390766425,0.061103496083933784
178.783,0.015143542548994415,0.00812048546101355,0.0030900002935678843,0.07563760658783904,0.0011601100069737768,0.06583854052252999,0.0,0.02024571249167847,0.01555226996799548,0.010002651573643034,0.007936397718951247,0.002716892138793369,0.00936598666093088,0.03955452784977181,0.003419678109440354,0.026540371025506562,0.019753302662864375,0.03934860465675321,0.021114958856499486,0.024422616970361938,0.02913256246337901,0.03150054661970412,0.01952124535099531,0.01667562726875209,0.016657399268493918,0.054420179414475064,0.011227246220638051,0.027904267772889194,0.0039415614684309,0.006073337893379311,0.005741135804119814,-0.00031522959659971054,0.08854871176296379
179.283,0.009581536015734084,-0.000863781249336644,-0.0005428231365192227,0.0038027016166320747,0.001108433839635771,0.10614397143340523,0.0,0.010804020655380093,0.017363029099567034,0.020089421330310546,-0.00879533301935692,-0.001245841836590181,-4.098093439027845e-05,0.04625607491515962,0.013574591017479104,-0.0027180051367380153,0.02513988831339427,0.038877304947797515,0.01752900131459474,0.01883375059308167,0.024040469571479112,0.014929138675237093,0.038923288879288476,0.03530770701648942,-0.011348374628303641,0.0975522135405873,-0.05050559497946465,0.015314854696344209,0.0009726469456562788,0.0001496639560314215,0.00047707981767028824,0.003162675073662596,0.00198976698960036
179.785,0.010028744936608106,-0.007517371560782225,1.5794571952135665e-05,0.046327018203531974,0.0013771646035790376,0.035850255636217056,0.0,0.010281091288220915,0.013285675468772856,0.007781865877536285,0.0021759712626501703,0.005035669425188107,-0.0016688007134801135,0.03690234994615784,0.016359968782539987,0.01660258850848211,0.029187763383297868,0.01910590039771124,0.030354419551410113,0.008818739178645401,0.031011777839976887,0.01066611013967154,0.018048310803102926,0.042527125764851056,0.008153689663472435,0.02377501712734679,-0.01647685458834224,0.001252353250662009,0.002775180969928842,0.004427415768135697,0.0014515743837013291,0.002298420297232327,0.08040998179597077
180.277,0.00045200978654282085,-0.0017871824568696174,0.004311824386319238,0.02852482466231059,-0.0016434863310627451,0.043923647705270824,0.0,0.01019524676861498,0.009183138792386927,0.007061630850462133,0.00766031815446311,0.009867855028742076,0.015516515226736397,0.008937121797940931,0.00021638322717043663,0.018801914389088452,0.04005413151802454,0.01081822754723248,-0.006313298618098272,0.0017726130312683596,-0.0037679497577611486,0.008957482922222324,0.004861422173337105,0.004707179055279929,-6.484973156098515e-05,0.037891466499397584,-0.003169532400296804,0.006373137779776461,0.0038647374273812806,-0.003157521889149873,-0.0007639523558380497,0.0006062994738636724,0.060004173653143006
180.778,0.018417657663490388,0.007304906739895601,0.0011996253375500027,0.08312984254964978,3.34406841640718e-05,0.05389280463298886,0.0,0.018397512074980426,0.010993548990539809,0.014736565685647763,-0.0006492382241266062,0.0054383118652333,1.7929066952007266e-05,0.022555102701930726,0.02942026117147533,0.03378019508615474,0.04958159575484177,0.009256835377886772,0.05117496946794287,0.025850288064099253,0.03283289892424602,0.024494292216953286,0.03279441637096748,0.03806306892658344,0.026758124554056618,0.05382595756342677,0.009977963177033252,0.03561722969939501,0.004213181985531329,-0.0002993179571496034,-3.7383888287671966e-05,0.0016323066859647087,0.0838780778783941
181.295,0.011661913901396674,0.005476324225967484,0.0016716645803462604,0.08634019043426716,0.00109960655689806,0.09247853039575944,0.0,0.015876855032564113,0.014188797049319515,0.007446001455370748,0.002056174674954667,0.002684334489207463,0.003838666745587074,0.026283557026983026,0.04299875569572645,0.03154074351962901,0.01853794767692578,0.024427878586066737,0.023128405051808895,0.01583622673586756,0.02981221389586579,0.018081760358393133,0.010816960602277194,0.006029804535455049,0.018126652749846327,0.09019185602567187,-0.002515751087011032,0.02711336065582533,0.0028662644255811995,0.004956799707939601,0.00478352654165159,0.004800304989320204,0.11608142560699196
181.779,0.014791729242788406,0.0172381250843897,0.002901747776932208,0.051396062549362895,0.0004781769034571517,0.026742202481918262,0.0,0.008824357865624062,0.0003367956312955531,0.005262537454770703,0.010719259712751152,0.005946101074177708,0.013428817232396249,0.029126799663616847,-0.0005564140127240854,0.009338398405502536,0.01973012924834216,0.02753838016616167,0.03899857156566902,0.028503519108174107,0.01721053633955478,0.008001417712565888,0.022321946719198384,0.024169571422222525,0.014946537299480672,0.040412961089903984,0.09033393310530337,0.008264880178782666,0.0021295011778042676,0.001208711556741466,0.0022034193991405182,0.003124061489950425,0.06658598415924027
182.276,-2.8647320873909344e-05,0.004948313288362835,0.007032120688703412,0.05251566537226861,0.0004659712800280275,0.07754405820480592,0.0,0.0137769085489466,0.004052513434395373,-0.001910903506496476,0.012071007264130804,0.01649294018296672,0.028451346919770294,-0.00023429870372186545,0.016171439360257066,0.035052729130385506,-0.016140126274003536,0.013806462848197396,0.019107838049688016,0.005507240376720993,0.014380603113671193,0.005791739561018327,0.003967378745479609,0.00025602124318051755,0.03169228138410627,0.08013072241317239,0.07328864176561278,-0.009153948390596285,0.004224819594519824,0.0056998758459089315,0.0009699473749046736,0.002510747053799572,0.06150461099245449
182.778,0.008011397445199084,0.008267848746391438,0.007997026515924585,0.05523207208902768,0.0011977834209313896,0.0456942310841335,0.0,0.012362495856411068,0.009030192857892997,0.015774742919494843,0.009658361915442495,0.008905059418348535,0.01383890359076758,0.022525889009999665,0.007913313436501616,0.022056633122027842,0.01385983720070692,0.016726144838446047,0.027859971824757707,0.020878378691940473,0.01668381824462567,0.020553863891836437,0.010903418418682073,0.01507706509118807,0.009314424849395085,0.026492706821452962,0.010708358189756541,0.02539515114244977,0.004773441200292602,0.003232529119535278,0.0032289491326094617,0.004175233746221378,0.06713655792802815
183.288,-0.00161016304680316,0.011931022272799328,9.84706455765547e-05,0.05676139504840718,-0.0011163852652204696,0.07527348715241673,0.0,0.00624058974067507,0.005471103792551183,0.004719275916484341,0.0034963048646602184,0.00279805797091128,0.01246706632051091,-0.004530570479446312,0.015097288921482356,0.011086386072695782,0.01470498324954186,0.003648715610954779,0.00043761771754504504,0.002855318343575274,0.024851589847192063,-0.0004366367639019291,0.00042542977265594943,0.010101052963618724,0.00490550042218865,0.05786612412398451,0.04348592410570603,0.03907026027804509,-0.00018648388384057555,0.0033645281215021047,-0.0007685608583052138,-0.0014447183112725383,0.058780219353036366
183.778,0.014401483462543545,0.0029649131697741544,0.003466595196365413,0.06432244528688996,0.001299576800989864,0.04362203731778705,0.0,0.009639399940845018,0.012784232030582291,0.015725494691656072,0.015336479875570953,0.004318678339565317,0.003209664845990178,0.014060272037147398,0.006688121222766406,0.043668093721332304,0.052993839418410384,0.03396291643775877,0.02063391119827927,0.011149777435207056,0.0385549314483324,0.012774261332092217,0.02448939632327448,0.015971397760662132,0.044245874474233296,0.04399008669846302,0.023656168861261876,0.024496273379342237,0.0063586186814902695,0.004092945989242714,0.004465239208809869,0.004118051973233686,0.05409184451971968
184.277,0.015234808465113204,0.014964829049868095,0.011246587768021746,-0.0023257624423556585,0.003392152774235472,0.10824182108857622,0.0,0.033711189697545815,0.017571912424578066,0.007333487547967797,0.026082991380484644,0.020776408434909865,0.013263956745262833,0.010932671058412153,0.033712324743068206,0.028583063262450734,0.029649708305423957,0.030429595946518586,0.03799321556850983,0.012442484355488873,0.03564745754878394,0.0164374830590261,0.022182851083746104,0.04040005349403047,0.021727196536294048,0.09270435503234299,0.05988404785093441,0.010683681109851073,0.006628282651931095,0.003566830105458205,0.006621986430416319,0.005808659722683147,0.002067710985024158
184.788,0.013102349965396961,0.007614564920154103,0.014736397666429446,0.01926370441226621,0.0038214222066158443,0.061292547296327576,0.0,0.019310151820750673,0.0164405069853412,0.013973873190278133,0.01361830739405169,0.016042547971845938,0.023339396945748384,0.02520507251127116,0.01377302789898826,0.04257658294125481,0.023662566235258763,0.012829313538880106,0.015356567454568378,0.03424514185297385,0.015631877709564274,0.022528612898214104,0.004260081548919292,0.011751804306868134,0.04154250172056217,0.04799977662158461,0.055765238658586506,3.0238840650877637e-06,0.001735824173181313,0.007272219038608582,0.0054678054364936226,0.0027565795215061194,0.029323716190175337
185.278,0.010343844250260319,0.015217848474844529,0.005927085938521291,0.06264047363714194,0.0027973545117053666,0.10775765568306482,0.0,0.01622742804952559,0.009639058712127797,0.01367051664593133,0.008228953913550437,0.012629090886947232,0.005715444420392272,0.04208235592494488,-0.017345294509083092,0.037190932736702854,0.03138777061369749,0.013899838765976828,0.020440404376848735,0.02279046397599672,0.018476420680552254,0.006408368370232365,0.027524687733281056,0.02624060627189936,0.05295526710191057,0.11128435141722705,0.051250526690733364,0.03435604854659846,0.008895780596410316,0.004863244716682839,0.0023624461618088825,0.006012492024722832,0.07548825259110574
185.776,0.013863220587878797,0.017841757097041666,0.0035770525037801077,0.09363280563754436,0.003644979554581964,0.0351009129262257,0.0,0.023758220199408844,0.01587195327421075,0.016418719017549786,0.015809381149394973,0.0026843541662732485,0.004019104397949409,0.043805322459776246,0.030375273032189457,0.02707377041496491,0.03889410891831528,0.012744621898941013,0.025496237145053106,0.0018668569166223308,0.03517853688403392,0.004539226005994417,0.026517490626088956,0.028287462532948348,0.03574214441510125,0.044230030261240436,0.07087651564644211,0.024977097344871267,0.003854132540496747,0.007712962365160155,0.0068362937220964965,0.00462090013924026,0.06402488237896337
186.277,0.017100267716015437,0.013685831289845964,0.008097929719558998,0.04273207165314573,0.004141757432794897,0.0663568333270362,0.0,0.011138602134890924,0.011945484034646162,0.011173798378543083,0.0009986330254851785,0.01058338460447626,0.02250772230868769,0.060670654496331876,0.02230401649222598,0.029934061324739875,0.0344904389222323,0.01117049132935159,0.022783289596906408,0.005072347902850555,0.027692345058529428,0.02844248492404786,0.02308263852403126,0.03153209860508926,0.04709224077584704,0.05132590785052522,0.10238314305652292,0.0044597321588235395,0.0015615636463946227,0.008535776903443648,0.005391927857180999,0.008490916871915697,0.05635375217856057
186.778,0.012180376840162722,0.02042424211034041,0.012280396965782862,0.04765311241321355,0.0030449066328295327,0.09133823324779952,0.0,0.011437407462143431,0.01306831246188258,0.004439344620717779,0.007782971642231963,0.017112024044254555,0.02926766556676059,0.0404412847400268,0.011972600566809986,0.02897252624828098,0.02912534910367897,0.012888548479064147,0.026088506523356324,0.020424425177453888,0.012173215563951123,0.01762161908367451,0.010645542639572679,0.007535823146441646,0.041147496942585474,0.06796387436184634,0.11340153434700644,0.017226352011708888,0.0033993605587957477,0.00578415608249291,0.001953990026833363,0.006713501886899404,0.03994609954703305
187.289,0.013053339161230195,0.018917804259660408,0.013082656658433866,0.023975838286274594,0.002057814153234506,0.07859879036817666,0.0,0.020164243821532084,0.009398450101725634,0.008091570987675212,0.015566307860208793,0.01633870069828183,0.02915992460791779,0.017190666798025295,0.030009777970630033,0.03881008615700603,0.04717094701023432,0.0033616972043463925,0.02367810524004672,0.02048403464214729,0.017490191230654845,-0.006284956303175189,0.006960188722523562,0.023610968194789635,0.028107218853193783,0.08591761770543342,0.09879033659663924,0.0014942735753068115,0.004772621266685157,0.006505553651047209,0.004807818729952203,0.00721072683474213,0.03887916579311976
187.778,0.020804229541718122,0.005944970862087902,0.0069896002826596556,0.09911066650535943,0.004734630161735178,0.08024860251287025,0.0,0.018700853484495548,0.02411427929855125,0.03270093961786511,0.011131043066094339,0.0027504587690811047,-0.0059386814874591454,0.046114171406915344,0.01966621471018906,0.009986186496042902,0.038444645177628245,0.00846847740009299,0.049535841451780936,0.009139685343895304,0.06081511660761153,0.015629276853339685,0.04199740014341055,0.059344494569556136,0.030362905556571135,0.07545953630794418,0.014818894021919955,0.025974537484709265,0.004487287790991133,0.007719987258967872,0.007859472701090926,0.008592006065283762,0.10135085842113414
188.287,0.011388455186818403,0.006704992471819408,0.0005523454679046212,-0.029869811037847614,0.0003941851082757959,0.04740219008074957,0.0,-0.00041782958244372356,0.011200028392319317,0.015039268115480243,0.006165448913596965,0.00416670123957935,0.0002359456152783465,0.010577191328670646,0.016486260739439925,0.02551515647837796,0.05389638300288074,0.016722260495371597,0.0314523814184641,0.0021253258734653807,0.02777849039814336,0.006044407324731516,0.025430025916807444,0.03616784212474037,0.04582417437067518,0.04555073951784068,0.04144392524049073,0.018248595693623682,8.604244740158852e-05,0.00465975332558372,-7.33352979955835e-05,0.0013083454063855108,-0.009189192353272762
188.777,0.006842704798797781,0.01865457450806826,0.014616641692547219,2.802250762257778e-06,0.0027262970176772025,0.09327645120151493,0.0,0.03148604796022245,0.006772208989163625,0.0019775601592705717,0.01076603613846483,0.027615169836434816,0.03521934225992483,0.038583739899500445,0.02679307992855631,0.021396039488135565,0.03969997718251165,0.006821335894882765,0.025890880405363605,0.01743039129878674,0.01434163391254211,0.011119776322289244,-0.0057332601034008265,-0.010959697630748623,0.01568769794954224,0.0836194856590117,0.12078112820891407,0.0056354729353086976,0.0030314951631802054,0.00736764844810729,0.0005925804239440451,0.005443186621729794,0.004645812647831848
189.288,0.001431631399090961,0.009348251234286705,0.012476186120744179,0.04055833294260083,0.0007757735040581616,0.06073944110012303,0.0,0.014486918022607344,0.005018084129010798,0.005542178793851794,0.019768753819256166,0.020809127261924566,0.03583203677399905,0.003556164889394602,0.028770944741354644,0.004253784636543851,0.045273175405922295,0.016368828523448477,0.022886778405012024,0.014740448485991089,-0.003410003927445284,0.013451373137137344,0.0,0.0005960248365164129,-0.0005066085895516043,0.06932717817979958,0.08193075886969246,0.02016668545251924,0.0019391488614277582,0.0006076188010883172,0.00397831550781181,0.0009413886008056817,0.04735993540163332
189.778,0.014505694321065505,0.017848756789003568,0.002816019932671057,0.0594632178558322,0.004094620982144249,0.030194529375524394,0.0,0.008487377248955635,0.005808815938129159,0.02822954087512009,0.017791071688236786,0.0,0.010299032080864296,0.026639893930662482,0.013351636697235564,0.015764322128899666,0.03830805892375687,0.01264791195011426,0.032892936802112575,0.001371337745266279,0.042656371119173586,0.018850863913421268,0.014871532145028022,0.04890221672648108,0.014483775121306997,0.02902383261633575,0.07110531062304115,0.054180802708092946,-0.0008169988037321766,0.0050925843551465014,0.008819740142322995,0.004019339583311691,0.07182371969289411
190.277,0.0034615570414464627,0.009961235805443213,0.010179928950665404,0.003507611284210902,0.0037928927158226607,0.07000845434303538,0.0,0.0277610882141751,0.0008551572513659623,0.019891552491363068,0.0253937154407084,0.010820895828874551,0.024267571954624916,-0.0008635458497406257,0.03343362466884214,0.03309355352789289,0.02224908398582624,0.013827353585457995,0.018090734261042223,-0.01532839673137766,0.015373164760443899,0.02275512003206407,0.002840929865988787,0.005751859486203018,0.011558030433700829,0.08421540093789752,0.11340513802301071,0.008158512084737831,0.007131402300668066,0.005772847964558767,0.0022799245805043087,0.0062290462401620094,0.0006048842594916365
190.776,-0.0035668581376909524,0.016024076913504746,0.013269257775596935,0.03606805071592737,-1.0724446136075749e-05,0.06058621555585207,0.0,0.010362727862960304,0.010453359193573923,0.006557666501367662,0.015243415424978314,0.024899918663887795,0.0387791615053836,0.025347873588981183,0.002725288012464873,-0.0048561875186451525,0.027888841035643496,-0.005139074882913921,-0.0005633023350220097,0.007999589574161385,0.00021913035614178205,-0.0038792090676760386,0.006638094880018046,0.009825483593152124,0.014765012798419597,0.061022662298580846,0.14097678281931492,0.004695358590330006,0.005433672249820459,0.00440008559950229,0.0019685537591659333,0.0013927917450616604,0.04047983404062066
191.289,0.013890937118549062,0.013947649618980935,0.013141976628875653,0.10207886099757348,0.003894831864685738,0.07271472534399306,0.0,0.023727302470265728,0.005905879457087745,-0.0005024977358992367,0.011994012265345138,0.026735652134601617,0.03774786937187467,0.04094883549534618,0.04209871239515825,0.020044554174409788,0.01098151890665516,0.014159397407824644,0.02688043430440632,0.015862965075429426,-0.008377306797432982,0.012357800675051281,0.01811786244798706,0.022442833944925796,0.02255458594837142,0.05042490422612845,0.0946032613258349,0.013037887307999423,0.005300228474318383,0.005444184067923662,0.00653036952241934,0.004989272155533822,0.10373648012156465
191.778,0.010755434860773056,0.006535577613213293,0.004761549944252392,0.13441175024835136,0.00392530638803411,0.06519313812481914,0.0,0.028285331128808235,0.00953592861298088,0.0186521323892169,0.014068971482621056,0.00693941202472481,0.002967916481767155,0.02982051362303257,0.012173104305472573,0.000810071986485392,0.04968788769001196,-0.003297576286984502,0.023732220501842646,0.0057032446959368105,0.03553829583540909,0.01849140112075163,0.03165004055247885,0.01813158593278991,0.037153549286872825,0.0787146232604744,0.012310324549563073,0.035753969236845665,0.002494022331406997,0.0059169875660121905,0.005874364690791133,0.004059003367761073,0.12411186100631787
192.277,0.007286079212559791,0.010518867206504053,0.004404764888006851,0.061346852068353365,0.0021911144772926165,0.07636890190048791,0.0,0.02053808545506952,0.01105085629246972,0.015309577953639155,0.006008777583665961,0.008716427272322498,0.011255562208088458,0.009572925813406321,-0.013586170761357588,0.020254684340882022,0.032112805638626285,0.01556143651583479,0.019714118474096272,0.020310034363133507,0.024814659975860964,0.00021834221601068797,0.006372914395863514,0.03159526909588736,0.012888525206670701,0.0552769193444514,0.0838061829792443,0.0140881556369263,0.001477197500991316,0.0007863113163579865,0.009736078502977766,0.00330226849528841,0.06181370882638505
192.788,-0.00023036373839272102,0.004604412017083824,0.006113458281295858,0.06566220835864747,0.003867434853168893,0.02865308650944427,0.0,0.028095022625289397,0.005203981414463913,0.018347533135675203,0.003818689899179677,0.00822380171034383,0.02158521400248988,0.022147910838809196,0.022027928175918334,-7.932027487491327e-06,0.030165592981746456,0.00024386444864513775,0.023040690791965225,0.004593297644346147,0.028527996316559626,0.006508193419185113,-0.007382385974758468,0.013018494323354635,-0.006822134828716944,0.026803769845427226,0.08842531750513047,0.008080285400844265,0.0056617981903995165,0.008218492039281034,0.006952483047691222,0.0042720583746338105,0.04679338691622924
193.279,-0.010700389018388072,0.01682176643135649,0.009341810240201464,-0.008255933796066121,0.0002475848009604332,-0.00025106614976589363,0.0,0.013757497182528916,0.0016386262914473626,0.0023482058704998904,0.01126834050729138,0.022285375639326806,0.030855106483316175,-0.013097696777373284,0.01659801269465753,-0.002412523615944696,0.003274096142904878,-0.001933874815047256,-0.00991465655143756,0.013943487389203008,-0.015326111893750823,0.017971679529081724,-0.008058402589684852,-0.011006073703729633,0.009136368375118208,0.003001957112392768,0.11908541648758576,0.017991198897536153,0.0031343743417528223,0.003908386183649409,-0.001199241191492752,0.002383635902694141,0.0006311698925165983
193.776,0.013822660820203675,0.018564225549395602,0.010536717620518199,0.06407799687116597,0.004310001895136124,0.04691290997764046,0.0,0.023056987840084336,0.008549994880982207,0.017799486168058258,0.022482308837462488,0.011008877766305915,0.023506643686539416,0.0405374480994519,0.026333771957574838,0.0072156161233571,0.050201481286064185,0.003324759847368934,0.016198163370000723,0.008355270754613743,0.018243992986749825,0.017493768787740272,0.009317795414151016,0.019876904788469152,0.052560636394805765,0.039894637674256224,0.04970021330333388,0.0547722999996075,0.0057096018543432575,0.003317425874023402,0.006995720183754942,0.0003802517311959497,0.06627152903779178
194.287,0.012011045873519829,0.008589300583973943,0.004928016369146246,0.10037884339881631,0.004232820576358834,0.04039400896340015,0.0,0.020423632909461916,-0.0005856349484413206,0.021255143174089396,0.004382049339517139,0.006476886235460753,0.015023526885423976,0.03754938383192786,0.011058440107237983,0.02600628265820184,0.04215647463753193,0.0004059769631397988,0.022441584922537474,0.015815014324686457,0.03137381653422424,0.009326729389215258,0.01418922566309349,0.04153276721009579,0.010620125403218226,0.04610594161683782,0.0681692542413282,0.03471340756093335,0.0006089519059198893,0.00665994426758478,0.005399615533610385,0.0042420927084799035,0.11516030206413688
194.777,0.017331325126374496,0.009572343188528301,0.0034827896938385834,0.08496870376549573,0.0024543630716527148,0.06911702862653579,0.0,0.006041215402127389,0.00786779871122365,0.010225888518028024,0.02873733870283031,-0.00021518075918107988,0.013022669364381291,0.03698236003400198,0.039809760508588414,0.010048779144640705,0.04330860159229776,0.012986636487185276,0.04794451749335072,-0.004154087471724852,0.04663158492988019,0.009865625606887146,0.035549079956639536,0.059289170116338066,0.01208980872038228,0.05126944250252207,0.07569078272012444,0.01659552193442487,0.0041236130353699664,0.005708208719574428,0.007366648865195572,0.0060838134513671,0.07593498050942428
195.278,0.00893846463676114,0.016452035796627157,0.011471148274455086,0.0211553534742174,0.0008732322053234197,0.05732090904103461,0.0,-0.0007822918494620391,0.014070525051939994,-0.010231250190069575,0.020475231602512595,0.022328149381841324,0.03686583155842076,0.011630733928861346,0.02343013698543576,0.026269847912883577,0.023360641846813968,0.009528045410984877,0.042359684834157606,0.013940943511420318,0.00647111655970635,0.027450499935261215,0.01009366667638465,0.02365627237595079,-0.0011973782480617018,0.051921559536800777,0.13782827507577045,-0.0023442304865017756,0.005142350189775392,0.00391717775991874,0.002994793306258851,0.003830122105342776,0.029524493244175862
195.778,0.003326774739474967,0.011047660026056541,0.00983089693654034,0.06496639961992319,0.0005591157581402537,0.04128492876566035,0.0,0.006035152398484043,0.011425216826974997,5.934512703556897e-05,0.012662538693841615,0.02243012041807016,0.027650693566332995,0.027201192254076415,0.014667377828205272,0.007045732918415914,0.03414532998757596,0.020702153282436207,-0.0006313297494071941,0.02797212844741175,0.0005414312002870839,0.017973372063132015,-0.014487041564970304,0.015174224672508606,0.00206140230968611,0.04188262456226122,0.07863241714891986,0.02037255174639008,0.002162964950163321,0.0013587265357107442,0.002871062835618334,-1.940354186780162e-05,0.08364417029526464
196.277,0.010833007991444663,0.014849013436499066,0.003140948370485113,0.13254352418558282,0.00025849252881823576,0.06676564724440764,0.0,-0.0015465219166890052,-0.008734438282816942,0.016169282735139952,0.024186215662698334,0.0068248587966213735,0.01864948940017449,0.0009524758552604954,0.03299387734139707,0.0025395620194533257,0.02484536255767119,0.015225039107385653,0.01406633363011996,0.031685933760912985,0.01906364376791852,0.005280862815703572,0.018013304070930564,0.014219945155991467,0.011825395820344888,0.0657476259590023,0.03164863165787002,0.06040353321551251,0.004765461669322762,0.0008871129317632905,0.00347694677831188,0.003477462799890823,0.1248044038325178
196.777,0.00792080249153975,0.009894393761249344,-0.0010603165063097853,0.06619265029408222,0.002431258287199862,0.06830776205584849,0.0,0.010789188096278816,-0.006144869932552444,0.012968717522977223,0.015550319088243158,-0.0002254893991502555,0.005892014267677958,0.035965114645651886,0.021688436743929947,0.006085654054233847,0.04629224077743009,0.0023498676078955957,0.023654316868194764,-0.003303461949568962,0.03921320120815907,-0.001441592589496463,0.03512677373844913,0.03858964019271179,6.0796726763529855e-05,0.054900318944416465,0.043733391026820084,0.035584994135312534,-0.0006087038682815796,0.004388286688893367,0.0032281786685275384,0.007196303584984041,0.06433632683288919
197.277,0.007711520837738073,0.009045672043395903,0.00822888868077005,0.014315106587829807,0.0020110017354185777,0.07698324610317936,0.0,0.01239786988464159,0.009528450068347143,-0.003860839575006691,0.005051076982787278,0.015365004769968799,0.017380391053746006,0.013533928005259516,0.018241915458950642,0.015674806701348104,-0.006062456521024409,0.0004881664505696811,0.008475155303964916,0.006800323260092788,0.018746699878517476,0.013752297008724613,0.02314782887148776,0.029820532520508276,0.02544483515202894,0.07166035711681097,0.08219973925788708,0.0033954597459697707,0.0004187604481686322,0.0022376879129343634,0.00443245700064684,0.007221702384200011,0.033672974930563655
197.788,0.0041884060244697634,0.016987987692793447,0.011963137285358262,-0.0005585815795087436,0.0021476746834216036,0.03184126947650575,0.0,0.013247611189115443,0.006788479377751825,0.0012085910313448746,0.015349814572905957,0.021877588331179924,0.03827165875747837,0.021097769755819288,-0.0020259880128874834,0.01980984760824657,0.011623488555639133,0.029591754421412174,0.00562296530059596,0.018612874318267303,0.032168194874635486,0.013213817654487148,0.013565780340575836,-0.0005181994832923778,0.0024770411405493076,0.037869831875526394,0.10647305580068839,0.012160202984407564,0.00541877200112732,0.0033214401714186472,0.005175652798370987,0.0025176268855043697,-0.003464942539303215
198.279,0.0011612362028418307,0.001528989515018927,0.004062908200850952,0.03632926491759198,6.0978598840879816e-05,0.06028630058278805,0.0,0.0036010779168870032,0.004101802266192937,0.017454175099684034,-0.0005420823582028943,0.015600597364647098,0.014133624336867852,0.00600117166141157,0.001139618257249105,0.004421156341275935,-0.004655163771003201,0.017921076646798102,0.024887182665524605,0.01454824584888908,0.03001030294573484,0.008922937143404728,0.011764592720234966,-0.005593341096360269,0.010272967813087763,0.07590730637641205,0.028992809314568796,0.033956291970934006,0.003685501050858535,0.0030902282030684115,0.004453470446060317,-0.0017511513485385735,0.0019490301783579276
198.777,0.008269006030594293,0.001962168470367339,-0.0012429485788078248,0.08844556727050223,0.0016973370696271013,0.04133762667476698,0.0,0.006107904209562803,0.011001783092001926,0.01046895598394885,0.009161642871623842,7.018014601683839e-05,-0.0029487307486870703,0.01864097487799444,0.02250136168085811,0.010226174150814995,0.010932000675691018,0.02772931751631851,0.009439364888625198,0.010742547669256504,0.039850359581725676,0.004973546094663748,0.019937430718835625,0.05014784391395098,0.025552936274772824,0.04015426596384105,-0.011694595830157917,0.035568057532266883,0.002827052528942622,-0.00047630457048354353,0.007768031826723969,0.004228865347531062,0.035499654451169
199.289,0.009552274537572363,0.011691183261294714,-0.004047569287319811,0.04469944779539043,-0.0008430751978941476,0.024993294536093284,0.0,-0.009209358332311757,-0.0008909487819653438,0.015980463830786946,0.008782369176135209,-0.0026964472582705614,0.002512459891203298,0.014403003736857366,0.027248071594745855,1.0816408918777775e-05,-0.0023391871537631996,0.003888933886106275,0.01361182656791938,0.017184751441752945,0.04550801441782568,0.016156585201853705,0.010312690028334553,0.03190650533467903,0.015715141994262025,0.029413745107264244,0.061151790610260756,0.03284357632940475,-0.004381968950901296,0.001488377454765354,0.006390608493378503,-0.0003610382072800112,0.03719200557070626
199.783,0.006171404584397859,0.00811830446071945,0.011075919392237699,0.0005237799459754951,0.0024216943610076273,0.04265825496556079,0.0,0.012213055030392892,0.011770771255178456,0.0002802669953375366,0.01709725211356032,0.01946576507403468,0.032519439630163446,0.010424723567689937,0.015823183889918335,0.008623532433384937,0.021120991966265792,0.010649716752652553,0.0032998764728235435,0.024152220840030696,0.03272141005644922,0.00938542537161521,0.020918300703581638,0.01715633210651641,0.031980929819128895,0.039657739623645986,0.061864624896710275,0.0036304058846019596,0.005818715994235088,0.0014247719875790854,0.004337070972116883,0.0028016522396493524,-0.010939822970007165
