Time (s),ROI.01 [],ROI.02 [],ROI.04 [],ROI.05 [],ROI.06 [],ROI.07 [],ROI.08 [],ROI.09 [],ROI.10 [],ROI.11 [],ROI.12 [],ROI.000 [],ROI.03 [],ROI.13 [],ROI.14 [],ROI.15 [],ROI.16 [],ROI.17 [],ROI.18 [],ROI.19 [],ROI.20 [],ROI.21 [],ROI.22 [],ROI.23 [],ROI.24 [],ROI.25 [],ROI.26 []
0.257,0.18687916919730388,0.020429360462798658,0.04207444467501363,0.03680959136494794,0.11815419749620967,0.012372931109185326,0.009463135427853073,0.09077456537223996,0.022052091615339605,0.19375061617260933,0.010689281304088711,0.0,0.035006243986596665,0.04280752153147439,0.05602218487363577,0.05578829833938146,0.050156029095885575,0.03675951311279444,0.018765704091334184,0.04292459050854124,0.012577474967148509,0.05294766003436907,0.05789796668429015,0.06048144379681552,0.2743695036997189,0.2383871944561946,0.1589378091408596
0.778,0.16214700249641728,0.013155357800086314,0.029960608943095816,0.029662298912547427,0.10013796615739869,0.009371782487694803,0.003792013664727589,0.08408698233628432,0.013582974269398036,0.17057004753374422,0.006856627737537541,0.0,0.037150096455775154,0.03106568755313135,0.03929010221476686,0.04476320125500304,0.04680821097040912,0.02317751944427057,0.01690651204099603,0.025485094766742968,0.012515347937296188,0.04425940747129996,0.033511834554062134,0.03448222584528768,0.22771303335707607,0.23986842298693056,0.1400214192564708
1.276,0.14265979306739146,0.01589237765463968,0.03900468428252997,0.03154315659817587,0.08306890337052024,0.009521610152874845,0.007716753268919589,0.07426491329256994,0.01501086019993512,0.1980097532396667,0.009703118136068422,0.0,0.025145472640052954,0.032796978128583745,0.03891170179122089,0.051546202589277175,0.04966668651859553,0.024726732353459024,0.01640512645456545,0.04175028040065685,0.01210614723544956,0.05324106355737937,0.04271828516491249,0.0542050208767236,0.24882145898580002,0.23881256787371297,0.21009530611054944
1.777,0.1227736711540895,0.01217933245224401,0.029853553785433667,0.026445301829907553,0.06114683449139384,0.006494384399489926,-0.0013221193318055475,0.07807766726027011,0.013553227839492492,0.16232401697059248,0.007561322881253334,0.0,0.01957468830041452,0.028473547158210134,0.03591641152693434,0.04239393054622499,0.04867113444605259,0.024008041170820896,0.014332812296004941,0.03225739578858361,0.005006034378051523,0.04964782897241981,0.034090474939303554,0.05142588847585413,0.29991847082518197,0.21060839987032817,0.1565200671764283
2.277,0.1057029436735937,0.00736029657614724,0.030054089359156242,0.02112931589916644,0.07449690966293565,0.0064298260877327556,0.002459088124888522,0.05118746893504507,0.010968067106285279,0.13920404571311296,0.007830064378232996,0.0,0.01885040317361867,0.026203664702864858,0.03402744203341615,0.033453832972657756,0.032290747227683145,0.02163041010965325,0.010622930818914338,0.029850492204546535,0.008183731649868308,0.05090165156142346,0.033409539017221525,0.04859364712451655,0.24729504830729598,0.11226151782343265,0.1915552652803657
2.788,0.09090581292705543,0.010624913455923491,0.028853663142337074,0.017590156554657132,0.06853747789565086,0.004567731891392346,0.005019933108939347,0.05906230851285271,0.01271776882754802,0.15178729484989614,0.005610445711766656,0.0,0.020862829627352836,0.025558212411168672,0.02828657840171121,0.02645049983090782,0.02833809644495339,0.017786641476977453,0.006178298713513184,0.036157259931520344,0.007246670451125577,0.06088047881409452,0.013735315246899858,0.041666761094637794,0.11948058482138656,0.1972102032784187,0.17173656503121765
3.278,0.07998987787749036,0.008577494733894844,0.036503033760658936,0.018622731837062603,0.06789685375186723,0.005339089323355089,0.0031934119087264983,0.042100655651359634,0.011946639494626016,0.10418069123327121,0.0040421962656942015,0.0,0.02147774602920266,0.026876696791376505,0.03441929686737903,0.02068310258166532,0.028007436385527797,0.020025510021981382,0.011396085466823505,0.03568662435399247,0.008843812242555834,0.07548534143613775,0.03219337611914778,0.039818681213036625,0.1977292908150584,0.11772226985712088,0.10107117065241591
3.777,0.07140563722394028,0.00856352777089378,0.03493576886141433,0.012541805958997702,0.06622535361593787,0.005433669794603975,0.0034763975767621224,0.03987771718495679,0.010430206751366754,0.12119815146693527,0.004971474919166005,0.0,0.0056162317176379015,0.015606795105749525,0.026941260380214015,0.015756884444547516,0.026284200395998086,0.012804365610071648,0.006424101127387139,0.03468128674116159,0.008434495709894352,0.07001774868394511,0.037007135949958865,0.022261155684362252,0.29185194574022627,0.13675040877632652,0.10274601441842073
4.276,0.06382724176198969,0.009559936889816737,0.0390741213502958,0.016526261243404002,0.06584284720794274,0.00545125076521605,0.00452388657483293,0.048300329166146815,0.008230850742754698,0.11898815948198951,0.006027633360440326,0.0,0.016106782698071143,0.02077718032615279,0.03244075266182854,0.028230318000437123,0.02743542062090093,0.010551950460252656,0.013966946562526285,0.04170345046128472,0.007681686516736165,0.05635364658437019,0.055375366390267154,0.03265600227218934,0.22714298602783672,0.10831425458058173,0.14777184268123011
4.787,0.05282796041835162,0.008164460485963124,0.028171785352434735,0.01151277939311082,0.057598030608432944,0.004178089316592784,0.0021616627132986198,0.02982848156806238,0.005957701963582728,0.10919256582307238,0.005237097629386072,0.0,0.0021114622984139695,0.017992506662780617,0.024210784433550302,0.013236607181147607,0.023267009888104512,0.01126503236667537,0.00945371072637693,0.03416938082932643,0.006619235544101302,0.042293858430936596,0.0423238460997582,0.03822401506472374,0.1817954152658968,0.09669144241312594,0.14512977329865795
5.277,0.046511115099946224,0.007447448015398165,0.023327513803810426,0.010070891630232632,0.040028533550189226,0.0026737949705135234,0.00032117679564586235,0.028319400026418928,0.003114114151915497,0.05720703508415919,0.0026037810980722846,0.0,0.0043968200649996516,0.01959829364563557,0.027697666504145537,0.012720137160227763,0.022883621433980348,0.0063931101865064175,0.006232093919837687,0.03157630735142226,0.000883981541434987,0.02750413974327537,0.03565864229257896,0.034724803832624454,0.13894478613431163,0.03817852115263476,0.10348767782793665
5.788,0.044523819178523494,0.004593136867656733,0.017668287868184154,0.011183599115104541,0.051802142108275766,0.001462385516541302,-0.00017643694480808198,0.03800889250553358,-0.00038665311392504397,0.05963090268349008,0.0021741510907299956,0.0,0.009839430633262484,0.01773555699378455,0.02203201642012414,0.0179399928402192,0.02532840765334129,0.007389928705514662,0.008772460262358004,0.03179552638818263,0.004836611823360919,0.002882420392523985,0.043174602901031985,0.04094677492028523,0.08866893013646429,0.09979497473708901,0.09644050754434963
6.277,0.035790764613309774,0.003612706078332206,0.019516096234024723,0.00771426488163132,0.040582789100828784,0.0012677758733462372,0.0017712290523229722,0.01835080299988378,0.008475225265386669,0.018182008536593092,0.0018130739594516452,0.0,0.008957353978104236,0.005331149086941043,0.016105970040785893,0.016803891477869946,0.015542071177250663,0.008366720999680109,0.0038354520210420575,0.017398591147976743,0.006060200913780301,0.02394836037914685,0.03886283064454457,0.04941909048882997,0.1483650011607187,0.07194271666918925,-0.002681162391331515
6.788,0.03299309221285529,0.0021854533652459485,0.01796769091147557,0.007105289950806124,0.050387135087934576,0.001736961242361574,0.002871855370600192,0.01952987419303435,0.00348295627326864,0.009748643403548987,0.0025054173931726882,0.0,0.012773884336269616,0.004650001348505401,0.007853214642937303,0.017527289783618682,0.017335478831839737,0.008454934398339699,0.006075930479928205,0.028648791283453465,0.007724032757248482,0.020500775832493115,0.014158379702880572,0.020353573148710374,0.1198167430540058,0.08695029851691535,0.010495477162263081
7.278,0.033508698733659234,0.0005960083012665723,0.01721436783197343,0.007517195354219614,0.04576146073457316,0.0015137249995013943,0.004114774502129467,0.02238006784635341,0.004060254217179174,0.01853479428011442,0.0006400401668717416,0.0,0.0077346049833407916,0.00837238444559507,0.013088827249798448,0.014645428696400934,0.016220794217885488,0.009612832714263173,0.0030370216720941342,0.02861093374658478,0.0012059046275179344,0.01801343199389428,0.01590993810461765,0.042609195267765014,0.09236547216665146,0.05215018959844008,-0.003863583251543172
7.777,0.03138028431552407,0.001790931846120822,0.012816100578376429,0.009637036435416807,0.011867426884673522,0.0037445273016750314,0.008655930685264972,0.022106601974745135,0.00907394784009915,0.03576857723787336,0.004089335797397024,0.0,0.006726082912078485,0.009143890635616355,0.025126137513913484,0.019601719542012962,0.016886144591051568,0.012019804181863842,0.004116938155236458,0.031009222815549787,0.007525739441003598,0.007558478784473131,0.01388622919428844,0.04516233113016298,0.07453495430701651,0.08904993078661505,0.012044227068228592
8.277,0.02603056660455866,0.0009984827452150806,0.015734482397017045,0.0057566848041907025,0.04547762631075856,0.0011372352598120572,0.0010971108123710358,0.010663906849413055,-0.003160879168757567,0.013947714982799998,0.0006106564627140687,0.0,0.00936870871190385,0.016341310504393143,0.015286835579324958,0.007929926818349389,0.01363569108248371,0.004213666384773764,0.0008930882691925507,0.025501589226343623,0.003982968482353081,0.016098820428056916,0.01609980806328049,0.01925531134614539,0.11817440117844562,0.08962133119054998,0.02137016581214692
8.776,0.025532610735642777,0.0015657711110643065,0.005956836405117376,0.003862338738513417,0.016346409557139795,0.0016382392826169287,0.0029203760017470176,0.024200159453169386,0.016710458946058014,0.06696129985976365,0.0009661861624480387,0.0,0.015418075557561544,0.011595995803167829,0.01132457571424546,0.0026191427300891264,0.00985404942320188,0.0023940871889599606,-0.0006513999568322334,0.01111498238005873,0.005460931717002145,0.002255675779828782,0.025750672139554624,0.029818661356185387,0.0724991875006982,0.07804207107916948,0.06536695065048012
9.277,0.02294203705177554,0.002559149685272626,0.010051983850828188,0.004353433722951785,0.023673423149213713,2.1176458717720034e-05,0.0017640742216357172,0.016762263255420386,0.016498734628555223,0.06493255782245662,0.002081509988786354,0.0,0.00829786927516062,0.012281305916874366,0.018163231951905737,0.009104896702221024,0.008799209948947378,0.003363433134347769,-0.0012073275316589426,0.013269300945256409,0.0014059500102577016,0.013356161637825506,0.020278391572993174,0.030591541483015728,0.22570096467209655,0.10826106362655319,0.017218587542328034
9.788,0.02184624010781229,0.0025545232329565485,-0.005710185598342092,0.0045604326061144925,0.01510241923947414,0.00035957038414228653,0.0035942370729484642,0.027492861583999533,0.01540538458804196,0.0691698099906448,1.812429060255889e-05,0.0,0.013605867764813854,0.009607716189888704,0.016879167425604743,0.00692788554067662,0.008941438555011848,0.0011958738246782158,-0.0003859830369167384,0.0015226413472970786,-0.0009474839799690182,-0.01839319402895969,-0.0007435286340990099,0.02112882296170909,0.0700928584433706,0.061349739096146674,0.10366058185180711
10.278,0.01711197106619912,-0.00016472478996118492,0.005142598610435501,0.0067608074972624,-0.01187436378172575,5.8913102124151085e-05,-2.094568294133906e-05,0.01360995800707171,0.01915357010758523,0.1125206500789862,0.000254941991562328,0.0,0.017132890369482467,0.008744282776867326,0.01493099163430092,0.015271691204574951,0.012144691535852362,0.002531987296244978,0.003636285462280312,0.014549153119501002,0.0016973115290149136,0.010202627342546334,0.007919384934565406,0.01856730592587196,0.1954470806829707,0.09124385324329998,0.10131625459831178
10.777,0.01708849078948443,-0.002612621641060935,-0.006819554990641383,0.0068945387705552285,0.0,3.291418589797195e-05,-0.0002079877707218789,0.0033926984396821266,0.02004981423442,0.06782274538062856,0.0018240177221447147,0.0,0.02414006010275561,0.0079134636142003,0.018290217703474547,0.017953596853813498,0.0029135577811499383,0.0017100450334895036,0.005454146520693274,0.0,-0.0009610033667863199,0.0012611870347806504,-0.011461632931779979,0.026231793092572044,0.11596461044636937,0.05762042053954713,0.09066517753686404
11.279,0.020001555805122542,0.0029984135691837875,0.008665033839820684,0.010093658677225718,0.0001548792081920769,0.002310729758758145,0.0016930197253112297,0.01675521785243034,0.024843622539425597,0.11117085307325314,0.00275798889926316,0.0,0.03713879922463683,0.012448691375853091,0.031077602540399506,0.026349181213066286,0.010709482922940617,-2.2793894148730528e-05,0.002090959072536448,0.010765531745510485,0.00558163422377536,0.008050401147348231,0.023747432537496293,0.02395588202072263,0.13884518461758216,0.10525708495513418,0.17236466385094157
11.778,0.016214590239065307,0.0023440196891159537,0.014491099659903084,0.00822861124917426,-0.0021961292852773527,0.00027072518974239403,-4.8179342046680477e-05,0.014245038401485886,0.030144739659834364,0.0549072890308272,0.002016835570473983,0.0,0.02425630015753906,0.006926438098492119,0.023420462754214385,0.013903706482345296,0.010053534927550402,0.0024268518056721014,0.0038868269491770264,0.006015695797984323,0.004321396693797507,0.013145500475842776,0.041374503709604236,0.012566722250385083,0.062112938183809606,0.07406970583844068,0.034549831778187434
12.277,0.012759852505813591,0.0003626745152489703,0.003952140558411612,0.008265334120983223,-0.002439718448823625,0.0015546274281141215,0.002708563851635973,0.019661936568602087,0.019715305820012574,0.024332640004517514,0.0011894527305938562,0.0,0.03689386530540993,0.006994256819384662,0.024953048340155343,0.0062955943678148696,0.015893752422872255,0.004689666669423773,0.0015639039680615135,-0.004760844726712096,0.00445409012198905,0.007898770872634384,0.02297028815150831,-0.009923838309497413,0.08127480761916073,0.07226428810954717,-0.006848456527724149
12.775,0.013525401964157689,0.0016438661622456266,0.006926588129888338,0.008876715981543307,0.009053613527334423,0.0009280927181611883,0.005023835778288979,0.005865344444815064,0.018217835831968638,0.018716091527496672,0.0026779325192434686,0.0,0.04403686664479714,0.009591005069346877,0.021525760885482657,0.015545530667736854,0.012149681582972912,0.0039214114665267604,0.002035760702692172,0.00484048985531585,0.0019553885182960655,0.022547243950403785,0.022398672729671595,-1.731190540875112e-05,-0.036243718764856256,-0.0002551034727124437,0.05146598646364037
13.286,0.01300835092330448,0.005378036984614973,0.009882031490695574,0.005964531367546903,0.006459901483513062,0.0005635428719620825,0.0033378663448268785,0.010354733699376596,0.016388046794686157,0.0401182983238168,0.0019017175836665635,0.0,0.03251960867760904,0.010767471111982377,0.020146946855155886,0.01479598111366337,0.00510128533825261,0.0033583559901147427,0.0032136984437564527,-0.0009629650074694634,0.006295694688885434,0.03945376859341881,0.020577870835098835,-0.004019220837099978,0.11840163991550245,0.02022986187742657,0.06738861280110311
13.779,0.011759712740005077,0.004289836093003793,0.003864733099549399,0.004797795078089391,-0.004723929818964215,-0.000836301355556758,0.0017741021025022912,0.01776736721035651,0.023530472240443554,0.024207623345356154,-0.002060461430986709,0.0,0.023713314816027672,0.010479220439735929,0.021346095069010192,0.00477571767043808,0.008871379908823895,0.004483954431926321,0.0003556281420963507,-0.0010982886137035507,0.00032296608190173994,0.008466019458221955,0.016411373956546484,0.005200727168819558,0.1562432592720567,0.04578049568416342,0.01799437108157742
14.295,0.009942017250432015,0.0003252653436240203,0.008393674657471173,0.008796621545346113,0.018250949267537644,0.0004189064970153043,0.0006987771423713189,0.010699735788840368,0.014694834729405427,0.020605713512379078,0.0008722003934628959,0.0,0.026084692019922025,0.013682360542357419,0.022126479363411618,0.010851263111566247,0.007260002324649729,0.011464038593527315,0.005612038304636345,0.00647303248851799,0.002115504926886103,0.011015954234816532,0.016500326504288166,0.015404873677677169,0.027113156289634358,0.056296301794463814,0.021352678133275908
14.782,0.008823494742936722,0.0035231321177121907,0.009455653834728307,0.0076454791081444675,0.031507167416232586,0.0007805964561224152,0.002750050289733665,0.005437049319361007,0.019180510505698835,0.05782770529483123,-1.6792489699833063e-05,0.0,0.02868861165545432,0.013170878692927645,0.02683946518047639,0.008019981051889146,0.009955800246957634,0.010715911975619583,0.004620737945236133,0.010291926387033192,0.0012598292394448891,0.0013073349389174113,0.02235883294545283,0.025481247253316967,0.12793577350753121,0.1011979246441113,0.06226577520610968
15.286,0.004202214823608213,0.0030236583658404762,0.0025531429524774858,0.006935591664214043,0.017974803875731082,-0.0018787448814646891,0.00110503382677007,0.015281583439550188,0.014727994113646161,0.04881777110029524,-0.000993639932506322,0.0,0.034457474018000894,0.01610891242998846,0.022443558912902267,0.01025477111903212,0.01104973633818308,0.006180152424679121,0.0017441311388270379,0.006820714661998312,-0.000978328678491784,0.010037280526014025,0.02128613185496255,0.03567564920801939,0.021203587670587228,0.054689629932883954,0.07188351223432232
15.784,0.007081033848360896,0.0032336620826074517,0.015357243366029978,0.0032184548871538755,0.019480321178162247,-0.0002951347625780785,0.010045378770794467,0.014687596473668844,0.011883733428198399,0.03814036552170995,6.5304126610569785e-06,0.0,0.0251000663486598,0.015889219374701054,0.012252334087919769,-0.005222474647605569,0.00012556696559977632,0.006222823820448078,0.00300034603058135,0.019393151074215034,-0.0004471171578592061,0.039349578637248306,0.0006546044711140747,0.03198124859022705,-0.0014968097745158013,0.0606627587155539,0.017258456848698738
16.277,0.0059699394806794065,0.0032578356720715726,0.010728801537348944,0.0011432189379057915,0.023479908483374955,-9.52955777467011e-05,0.0026308724409946204,-0.009437116062940887,0.01902334281126009,0.02439786593810327,-0.000918601293790856,0.0,0.021487174211074562,0.014242343379022863,0.00590125783125108,0.0013778616864781768,-0.002645647653340506,0.00470788843773314,0.0011239249734080617,0.012190166282189614,0.0030026060692520495,0.03422433200877759,0.015999244886859713,0.011510015233032368,0.17608134237726913,0.04239909413402879,0.06358923423755615
16.776,0.0072725073833439,0.0026307581717288147,0.020092624672608625,0.005365552032508602,0.05033241660242887,0.0003047001096799224,0.0025366477790658656,0.006674685621341234,0.01673515929048984,0.05882532533583419,0.002323505240724534,0.0,0.02476978725236933,0.01080389757835932,0.004740523818476208,0.008491623254569336,0.01401648268909889,0.011242462848323719,0.0019388831776060112,0.007348956419066991,0.004353715112988013,0.038460810070116924,0.04665388532117263,0.027503860556920928,0.2549544828984688,0.08123696618480314,0.05343886281132082
17.277,0.00968379236656744,0.007265748013432296,0.020635513244228854,0.0070663074232373575,0.036169334128549814,0.003897656972420451,0.003913014173453779,0.011045758880489157,0.022447926419282036,0.06272574653263986,0.0052057329369154795,0.0,0.025199912904636003,0.014139906201877644,0.00046462079973002966,0.010430725577135772,0.013169425365155153,0.008296982666015551,0.008519632005438768,0.008405477701246902,0.007945216584257935,0.0318245068139505,0.05148551728273539,0.00926540956427669,0.04927551338845538,0.09540302835087874,0.05361808989259356
17.778,0.011786535322250546,0.006937601435648025,0.016648721916540585,0.008897258722757234,0.047290220515302954,0.0049596919248546915,0.008490128889229292,0.014664981339512283,0.019469529195063215,0.0731499476234643,0.007563630016818486,0.0,0.0364995194559047,0.02453494025285736,0.009593061202668568,0.011965952375826858,0.012888824681327044,0.011226730657016097,0.00562228629765499,0.0008646491551821804,0.00828124305593485,0.017503980571925197,0.056996385925162096,0.030755431815815484,0.07214361741297434,0.06524119614721646,0.11491927058731971
18.287,0.01157006825634529,0.005228889772473933,0.031095160381720423,0.009567467908701041,0.06260564300656457,0.004591397193879801,0.007684227903403719,0.004792704878183077,0.02270309638320331,0.08582442064897641,0.00535939977736055,0.0,0.02662746613127582,0.01378308407602111,0.017662061747456492,0.016857904054875562,0.010466775081404641,0.00879730230758165,0.009870557848214993,0.022758905282465294,0.006685852577957497,0.05066879891988502,0.07470764641222225,0.03348838362130611,0.12446740345573117,0.09173010265767179,0.10102705392349551
18.777,0.009610128825722425,0.004798349315226044,0.03852449943334496,0.007988291567325664,0.04503434915105391,0.0028554473034358646,0.0029723349651914425,0.012852496914918413,0.0164678710956458,0.03941293314328797,0.0022768984300806402,0.0,0.021642097240699057,0.00304501822482621,0.015492688353126413,0.02629021717881788,0.011012142251973283,0.008730538803307817,0.007475324244344967,0.03385234408430371,0.006545708646943132,0.05056987386885493,0.08146322521818312,0.037286016547178426,0.2553866342056135,0.05295740200194488,0.044052667992631564
19.278,0.008840661162337862,0.0023759599480441787,0.03600840994529353,0.004613796227123867,0.03517279062339712,0.0036092635014441546,0.006045865745181898,0.0031265934153468762,0.014743288546987643,0.06657831586133336,0.003685679253407887,0.0,0.014846020227218546,0.006377246599262681,0.012812394362139835,0.012694186705334641,-0.001442976594512333,0.012199569256872723,0.006399581449907194,0.027860505549855766,0.008136940043416694,0.06554950088614381,0.0719527880906382,0.023542575839267714,-0.03139303018909912,0.054219961934557075,0.11602878233995392
19.777,0.008597048931032315,0.0037182171217492034,0.040816520931447615,0.005015134143828015,0.05038225324499217,0.004864937709471713,0.0050576784861100154,0.015640263799238753,0.02387710216371258,0.020130374028461438,0.006817960228561774,0.0,0.005722926923120211,0.008982166958378852,0.012259359582555245,0.01339059468603915,0.004957068450924196,0.010473187914785112,0.0065639212327994354,0.025254135148059405,0.007179741347905103,0.06493140787322237,0.08733053780824172,0.007636158727837333,-0.021424517881851242,-0.007802692831760953,0.056674929128808095
20.287,0.005831413261142377,0.00491298038619848,0.03475673798501421,0.004229960202149343,0.02907524303588245,0.004411999492743686,0.004827535574493096,-0.004401192760589596,0.013575296550522246,-0.004934699051685612,0.0018733916752541237,0.0,0.005758127120268814,0.002351101331928859,0.008709743072879436,0.006065650711034592,0.002724199817084112,0.014667067829400629,0.008882164773591895,0.02087255572154082,0.006703373256412894,0.05930095116063657,0.09035236775798036,0.015310905852994982,0.12345725690447543,0.03969816075554596,0.012735330251132318
20.776,0.00797215438416913,0.004070286406922915,0.032819020715214774,0.004570303441157396,0.04667959804042601,0.002987185466031201,0.008075245666674944,0.0009099882023328131,0.00012686927789169454,-0.04513075031512341,0.0016544860488156253,0.0,0.01604103588741172,0.007195362135865905,0.010535781747908982,0.00015087005708576797,0.006846953663859615,0.007235280531202485,0.011227598054253963,0.028684228349047772,0.0016079755449790313,0.05150619163878202,0.061342220708520495,0.021161805481685263,0.10583006794709139,0.00022314438248980796,-0.06534764032618487
21.286,0.004454118757706103,0.005468281545741824,0.03422673247151784,0.00842398566658372,0.009329788995108744,0.002849648922272232,0.005263306329348205,0.014965011680223246,0.004101706913440973,0.01767573768950381,0.000982419823574743,0.0,0.018701126771062837,0.00831448887234804,0.015654773676744685,0.019647032025249225,0.0037395546567453924,0.010694693083342581,0.011270733683173047,0.012913396011924183,0.002792421855402174,0.06448274125157111,0.07431070623821426,0.018047262310964186,0.12177988927951353,0.03913571353267628,0.05964881451895237
21.776,0.005257150166521082,0.0034123720079140543,0.03717342378268689,0.0057353751481991275,0.023861857715011,0.0026438737419084814,0.0058283951154127385,-0.005981422766674735,0.006125504833767481,-0.008353489539272367,0.0025677672024272493,0.0,0.017524729162342812,0.01268605243903221,0.007670461637440426,0.01575359389570169,0.008102322044241892,0.007604840332264103,0.0055395782384957395,0.026617890712886203,0.002313994914262584,0.05720474968140831,0.05848693122442849,0.027550243674425285,0.1627213166182794,-0.02037269466927055,0.015131855274997962
22.278,0.003771836594879245,0.004072342157605841,0.030153105988926066,0.003538861119280444,0.020342896552121348,0.0023130617240489557,0.005608670595432965,0.02394642590928484,0.005170015850389855,-0.014140397463570818,0.002564244096572509,0.0,0.021274506527536083,-0.0013443030327465577,0.01155478282853435,0.00877050931374176,0.008075361658357925,0.007571459882493232,0.00397007900970935,0.025410560299643198,0.004213982353687144,0.062002407512556756,0.050879417420798254,0.034525481513831835,-0.039303757555877575,-0.04298033083883298,0.012305363347938214
22.777,0.0028626186403360615,0.003689068735044077,0.01815458136233918,0.0010955725577490938,0.018070028356806024,0.0022888793825013827,0.002686317486890841,0.004312000513331869,0.010477189416722465,0.024226773355061477,0.0014333658277073157,0.0,0.016916890827645255,0.0017833173909489236,0.011890412697415247,0.0030933982933584606,0.00043313483765772346,0.00359640878763414,0.004391716558582387,0.015041171696941098,0.0055285617196005055,0.032747589900560536,0.028120739838555415,0.03917491900645565,0.12632313151951985,0.03818161580632657,0.019869675695017033
23.289,0.005343986028945596,0.0027884098000317678,0.017515221967656203,0.0008702351984870502,0.03903918583038688,0.003100495955934796,0.0048306527294168095,0.0040885904492559315,0.00863972061069328,0.0455356415136452,0.0025945542447646497,0.0,0.016667153347869584,0.00745164476677221,0.019495023646396374,0.005398301488915348,-0.0008661863029900221,-0.0024574444854466035,2.4253257855446765e-05,0.023773620038332634,0.014442269201292235,0.03741216008903144,0.023255597205054806,0.05586039206293963,0.24337536310099006,0.038278492803230244,0.05876179877596754
23.776,0.002742722415505935,0.0022476934689672893,0.020631366265541937,0.0029117688067749965,0.03136111126940173,0.003256420923789634,0.0007893739796151687,0.0016630681929895054,0.004571848733588885,0.06550105929081114,0.0030369932283246075,0.0,0.010940220406153662,0.006168334840875436,0.012615092732589837,0.012130196860432419,0.0071419121926907655,0.0030810810630469343,0.00033828046729225095,0.023170274961296294,0.010637386691119724,0.036157890460551186,0.037383456611859656,0.048608030953424766,0.20566454777174187,0.059029673833942004,0.10284844741006573
24.276,0.0014506634101112549,-0.00031032518005517137,0.014023019983891398,2.7278784951607723e-05,0.041235570238128,0.0014228063791172569,0.006398933287929432,0.003818405820153854,0.0007802997268534445,0.0015533261660425077,0.00048320528663260036,0.0,0.0008943704546310769,-3.928889781813546e-05,0.005143273975851271,0.01566972864727876,0.002876970487571533,-0.0021328641893191154,0.0019944822251981905,0.024460826800467496,0.00948294288271065,0.027231988758296573,0.004801265631521194,0.02773402912934431,0.07065933706857819,0.016569938388052596,0.011667672001858436
24.787,0.0042523246541979545,0.00041483260301803065,0.016136320381985467,0.0001287624937826649,0.0331032035256547,0.003978915753798899,0.0024395253749514402,0.009690380054040111,0.0028640877174104028,0.021100358174827374,0.0024432825047125653,0.0,0.006731637483011265,0.0013315541069435384,0.004147026285495555,0.010591561565609673,0.00027299015561091735,0.0015100891046689931,0.001470598186362695,0.009141909707223587,0.012913288780629747,0.04108533714738441,0.026863556092716605,0.03699571828556639,0.14838998651497742,0.0019493628352789739,0.06093395506304982
25.279,0.0038128702580659474,0.005167162414534786,0.01515220249668123,0.0010738587019586544,0.04169893317043385,0.002584092877653656,0.0012222516651931188,0.017937794507899996,0.00025534864373937964,0.0699553487985128,1.289480058446764e-05,0.0,-0.0019753890026914865,0.000526010316397449,0.005694255432616453,0.014320872767136342,0.002959744025479968,0.008250582208898134,0.0010530219980405826,0.02426433117343694,0.009563055674410842,0.04109161667841103,0.011513040330830771,0.04224774777857743,0.09574673633181063,0.1000261458338963,0.051249168459918684
25.778,0.0018669605181500313,0.002258220842086463,0.00550900382245902,7.464990401114511e-05,0.03529216663788854,0.00294718204250909,1.6295362450613507e-05,0.015254104358829193,0.007715458868808397,0.06103048903753933,0.002000862367083004,0.0,-0.0001718003884343896,-0.003643734848942109,0.00035267685786896923,0.004263387707456254,0.01134766824853246,0.00380669462448297,0.001010937788854674,0.02105321592801072,0.00929434147049189,0.022692417838217675,-0.0013686872130696784,0.03489960339454664,0.04631058816172988,0.1055416463108753,0.002267855743106742
26.277,0.0072434120320581915,0.005315898763666577,0.0035410950377889223,0.0028200009696456793,0.05039555268419259,0.004039628486350937,0.0025316428085359645,0.0031218381651041166,-0.0005040389773549636,0.11361529584516993,0.003812574657750262,0.0,0.003515529769943498,0.008513754706768361,-0.002254362222204511,-0.0004310387257202029,0.011401109461980934,0.0098435413894919,0.008772973477852655,0.008681752576833734,0.0066404065344503865,0.033076354187773,-0.018141708174608365,0.02991358703987308,0.022585062506717334,0.1317222977896588,0.1549426984312546
26.788,0.0068184977673663915,0.00482976764402259,0.01669574879596992,0.0008081401008960471,0.061537497464263236,0.003588889096161982,0.005704850334337015,0.0066477173561875266,0.00919293799168261,0.05784003632719207,0.002385976628949852,0.0,-0.0002138237274011732,-0.0019372120228836993,0.00021088874388985624,-0.007716695310275222,0.014417303269326978,0.009238234055328946,0.008424091085777817,0.011701039090707147,0.010298819904187025,0.03952485679663655,0.0286027339904603,0.025188199265892903,0.20372769747225802,0.045622822408907686,0.09201799193574661
27.278,0.004600686110988024,0.001332201745910726,0.011711007901325843,-0.0009870872410050002,0.05489959495695852,0.0031450954876033653,-0.0006151853189509032,0.009520694621158851,0.009044090490423488,0.11804930569258575,0.002055841040261892,0.0,-0.005506951283687981,0.0004460015087385872,-0.003585576821714902,-0.0064723455392350065,0.007943557366876271,0.011239550153862814,0.004238600128678971,0.018544238870917135,0.00788595144444329,0.01576060771311919,0.027451905574696452,0.00011148412911560228,0.1476844703262286,0.10562319042033617,0.15220469648482085
27.777,0.0076622380357944005,0.004681553228142434,0.008785769473907785,-0.001334263277318169,0.04191152641969732,0.002223490362021477,0.001254317723023335,0.01518119487666075,-0.004394656705478997,0.11939181314198913,0.0025266335846711495,0.0,-0.0019433938768625347,0.004775337068340249,-0.008043581215001464,-0.0024346822623010724,0.01001662070968767,0.0013427993499062533,0.0027413896481367785,0.0076902191621442875,0.005963922386603268,0.027518144016555248,0.020049891078696876,0.0026246066518119697,0.15289576225277945,0.1794239533678576,0.1093438995379461
28.276,0.007038928627007941,-0.00029814196159990125,0.000605546560167637,-0.0014389025293347149,0.05043515777260777,3.651281749129871e-05,-0.0018623533073224504,0.004643644565666493,0.015356602077031864,0.049913372880650994,0.0038394752903605747,0.0,6.681126216884366e-05,0.008410838718665187,-0.006076868718864658,0.0007159754052659913,0.003489927691308651,0.0008201409108515819,-0.0028687533800049445,-0.009285426037394275,8.82416699551335e-05,-0.004600431797243834,0.009695740672835728,0.007350182069766795,0.0005820926900895828,0.16928153477721947,-0.037217168476383615
28.787,0.002093796585331537,0.0022834869485190918,-0.008343655259835254,0.0002875621147098088,0.07499872466693903,0.0015303239793289449,0.0009881713165017032,0.02705424464590636,0.011489802322577168,0.08676925182146354,0.0029576269207332684,0.0,0.008944669567519659,0.003913620753309332,0.0018323729096559591,0.012396590505755343,0.007761104690525072,-0.0003825422324408512,-0.0006225684142685802,-0.011891613021906364,0.006781529316063076,-0.007623432263511217,-0.005070344425148954,0.002420708449821482,0.097523783790764,0.13914702923361702,0.05104368231484687
29.277,0.006474362756490338,0.004936769482112488,-0.007492164098401336,0.002405170085611689,0.09736315298528937,0.0010521439562253937,0.005244433229373911,0.01353282970635446,0.011877887674521926,0.058593453564753144,0.0025754943404458818,0.0,0.009868198848270882,0.007628582138180686,0.01399953482014704,0.0009944668259931583,0.004216561551052478,0.0011836083018513376,0.0030433077735489136,0.001479558375730724,0.007131612265358711,-0.007384516615303068,-0.011623573331054977,0.013055179524124876,0.13685607393114585,0.08606336111463729,0.09415404762302047
29.777,0.006088733753332153,0.005000371421163652,-0.001063428015402507,0.002731337781453753,0.04699159432959235,0.0029082737037065412,0.001792550710138221,0.012804213366225602,0.012030658719512474,0.06949742750144997,0.004160846827362909,0.0,0.004025640905421638,0.002364450374347613,0.012432461045446562,0.0024569217829266197,0.00979568220787046,0.00419861318061766,0.0012534943617225254,0.005105035673542436,0.008069340480434223,0.0014931532466397495,0.009236764408975601,-0.0010893531760030996,0.11119837140741426,0.08094996756110338,0.076631634048574
30.288,0.006427991929159961,0.003911834197020685,0.009078311380088064,0.005974412476788751,0.07355103635716717,0.001769252857611911,0.005168014216425602,0.007260346297960299,0.0001823938123245097,0.11361219950645547,0.0031389012622585603,0.0,0.021354614284094596,0.013400280120160316,0.011420135465279993,0.01324015816599552,0.008892675241958093,0.005788073829832484,0.008335863154021699,0.015353634548505638,0.007550818168348044,0.015516481848741225,0.017881974815212604,0.03767076122297947,0.12915770886897612,0.12560288023742716,0.11911861215907475
30.778,0.006577077720696406,0.0017701689358717864,0.010977434370520242,0.0041902672795590895,0.07385528405893353,0.0017225350731966229,0.0020751883044288788,0.015683726076063897,0.011404806062336783,0.12493695559275063,0.0033918465012184296,0.0,0.015709659320197734,0.004286631330960009,0.021977927811285235,0.013133780281372427,0.0028976201118888815,0.0013336562438092984,0.003302362782655979,0.017047120533833136,0.0035182329572952835,0.012720739605019803,0.025800419205746213,0.04952700905662874,0.1568619171708174,0.17434859482143958,0.08677769863051085
31.277,0.008056839982314273,0.006450054990354264,0.021233485909965887,0.0066076274806370966,0.07174822944209841,0.004288077022937612,0.008909119901046316,0.01394638109603217,0.015767339258521924,0.16305968459778367,0.004950611567813463,0.0,0.02155954126558759,0.006414050058419175,0.03080764576804882,0.017363769324382734,0.009474456341223998,-0.0008797701907563474,0.008250926552333998,0.025504900266786583,0.008643951876376716,0.039154056216088945,0.05209431414868764,0.06607226442029664,0.14348035802883488,0.15775752113885144,0.22538420553999475
31.777,0.005073429686118122,0.005393608303454111,0.018168701687509094,0.005711695780936567,0.056828923365693625,0.0024831241324748485,0.006319183043957317,-0.0004006182267424183,0.021551380474908226,0.10241241918047089,0.00289522606719556,0.0,0.0136535369001576,0.011707401080019799,0.0210780887058473,0.01705861322822669,-0.0006092068356028506,0.002516119921032533,0.0026784661061487053,0.027072017949081203,0.00613592632347857,0.04052072691372978,0.026830613384519145,0.030119302446662288,0.09433963095378708,0.13253022717564014,0.06723557633359996
32.278,0.004592196006692943,0.0019537018341232158,0.011176720313825342,0.00672600246362864,0.04277812684575723,0.004007169475765723,-0.00147556994681494,0.013687806618163906,0.009486400409922977,0.11407479416853733,0.0015507956337224003,0.0,0.01938325467666962,0.0037976437584093933,0.03264423720391547,0.017479415059562808,0.0037692114835960384,7.151632017542988e-06,0.003863148125085347,0.020250663471215444,0.009875878805393935,0.040162347436785824,-0.0005126433265092338,0.045155176666893435,0.0610652512336874,0.14431704722232266,0.1073221195309213
32.777,0.004168501665824539,0.00466920208584815,0.006306611974257998,0.006480121434655721,0.06441495339173961,0.004093895321554463,0.005004171890431451,0.005467777070581255,0.016096777834784956,0.20269798688501858,0.001022263817244728,0.0,0.011665801381769033,0.008500317465948131,0.020927862597203327,0.011530232115694343,-0.0008016840940852968,0.009715866132029313,0.006513555286563235,0.013540002442889009,0.00763459109225802,0.007423351597738033,0.013258599383567446,0.01997092783185297,0.08407002821424585,0.25830030506518864,0.1889244645181008
33.277,0.0038179877818253563,0.00019979890731531405,0.0014826054673403185,0.006068665830216723,0.05584161374557565,6.90892401503016e-05,0.0040658987559250214,0.009176581221723617,0.009441316443838249,0.17064747322423862,0.001960519485845957,0.0,0.014623742536330716,0.00045183153491470214,0.01815906949040386,0.011148480354629729,0.014338721654561392,0.004137015150392194,0.0017039095431297933,0.004946674453131704,0.002931323138925766,0.00975234942513067,0.005222187933433316,0.0034582707251681042,0.15202598152402794,0.1961066971640831,0.23040475198663102
33.789,0.004348114299581202,0.003937335516645215,-0.0005664057853692131,0.004965172074964466,0.03836347431055208,0.0015420106298319508,0.006201350734731745,0.00015579597706657846,-0.00244450009083549,0.15857604858042526,0.002226857526502538,0.0,0.02209925016038425,0.011955169415166365,0.017082911523540054,0.005082750446508049,0.00748298359869509,0.006211265199359104,0.0010505279738542328,0.004071540023591371,0.0020064457013944286,-0.00032428068731622757,0.010400147124025094,0.01339885198805777,0.1591181240059031,0.18766052132773633,0.19640313819712218
34.279,0.004199779710794815,0.0017763221587932618,9.2336589364065e-05,0.007478751787210645,0.056544724480418716,0.0011716086214545501,0.0010602753077142344,0.00869314070092744,0.016996812430749495,0.12964413828231863,0.0021053491810947805,0.0,0.014509180818582126,0.004823890122574992,0.008313813631668217,0.014513971481413687,0.01266210436804128,0.011010149737542661,0.0047655599066717454,-0.0013438100483447652,0.003915043723844685,0.01348923103811794,0.010325142467135954,0.018100017810447695,0.1017537989591865,0.14608867488670105,0.15749810466497352
34.777,0.0047201393130999365,0.005258644652637034,0.0068289535971362975,0.008445763022990504,0.04884574303366786,0.0006475391353362475,0.0031010595346826,0.010050656338784719,0.015613445759466384,0.1256089847721676,0.001806744773382831,0.0,0.01901038346512117,0.01485561457664156,0.018570835045308192,0.01496874016898265,0.006988393558922759,0.013563552058457443,0.0038241928726280927,0.013559244398570525,-0.003689460779320571,0.015759806498469798,0.016384027156845886,0.03130408297372519,0.20166676317441454,0.12553824588595686,0.16282741498202352
35.295,0.003380397916979255,0.004763427667865114,0.012726430659333899,0.013483324859125725,0.040080223769182924,0.0013619482512885017,0.005369601721678874,0.004631405034111957,0.007610306328489698,0.09755165073941593,0.0026797725735777083,0.0,0.011078382150272731,0.01942026443039486,0.025365334155008426,0.025824666798793857,0.012528437024724077,0.017886092987536566,0.008238174547511114,0.021394024480300762,-0.0030699436413039443,0.028655739809670414,0.010267166697839062,0.01602832061372539,0.05316269008975571,0.13782061127047238,0.10184878797543885
35.781,0.005728355224630929,0.003829338820944114,0.0261757390724582,0.012672113915106016,0.06354435243951839,0.0024243936754261416,0.003804943048041372,0.007391967421766724,0.014552393904267333,0.14696946738803662,0.0006068979739612309,0.0,0.017673477492409582,0.01774215752046281,0.03103807374857463,0.025358480718790447,0.01630343735294706,0.012442683356771437,0.0012493836361677868,0.017468439291242564,0.0049093769829407895,0.06234838533044791,0.0463028012714331,0.031003362668717935,0.1541952108979378,0.16245543496335704,0.11136188097052262
36.284,0.002067703000611803,0.001456295200619236,0.01335903875605606,0.011413545383732817,0.06996355543154378,0.0022399305091434295,0.0034667395658156213,0.027590439153139686,0.019083199999153155,0.07120877174869715,0.0011117160600051825,0.0,0.028658891805747193,0.012804391502433768,0.02989542088820772,0.023903255295733235,0.014071891031401738,0.00731234631455591,0.0033198073164043803,0.02155567961631033,0.004796449676454302,0.03626846799683991,0.018601934037195712,0.018190426574724108,0.15020416177721352,0.08146661213571746,0.0813492395268342
36.784,0.00459127026760712,0.0040757882176859295,0.01602819192737528,0.009797565403768041,0.04347994932388612,0.0022140334073082017,0.00628223771461461,0.011741860072836438,0.01252243484233768,0.035804909678020164,0.0004643467044412289,0.0,0.02930620679669109,0.018621309794557457,0.028366663641839623,0.011324794118555996,0.016373588358775306,0.005381519633365464,0.0011564395898732655,0.01180043909013454,-0.001123120739008143,0.03172895776417669,0.03491178309984428,0.020578526103257257,0.12451361312478955,0.04678808708224523,0.008459148803322198
37.285,0.004718402089922539,0.005931906463900077,0.014593641629502946,0.010980324769138862,0.0214924475734084,0.0018778964438628547,0.005445416306070674,0.017736509624499724,0.008573228977756885,0.06156520053752286,0.003587423222274653,0.0,0.01324315669138816,0.0146492908626083,0.026803766206685918,0.018653222469639366,0.02180768734660362,0.008266573554852405,0.0012047886435957074,0.010700771270220972,0.008681676007949066,0.03727541052270917,0.041036800992131785,0.0063065095820680215,0.04326201213921359,0.07291534535669669,0.08717119642778258
37.789,0.0009040810761764157,0.0005396755774028996,0.016146348431844863,0.010182314859884039,0.062251858379359815,0.0020271397462405098,0.0032241198121346205,0.009499053414336035,0.007365336359548442,0.03255746899317553,0.00022477840585639577,0.0,0.017234078296850062,0.017149692533542284,0.017590242741237144,0.013200882802015331,0.016665046270449742,0.00782683089155861,0.011309206690050326,0.005445650131059761,0.006283986030557546,0.0446395245502901,0.04522537352765203,0.0011142479508940912,0.0824115570430263,0.01598275340649177,0.02450785653134672
38.276,0.002650925081700605,0.0033006877237588073,0.02059078768033895,0.009713243505128945,0.05579934188499583,0.0021611508072361617,0.005454785459694192,0.005859338334432432,-0.0034855676748602603,0.02017621482611453,0.0009883351844136917,0.0,0.017855831443993542,0.01579795884397566,0.018724483873307482,0.015227921961628574,0.012396103562915243,0.011012983002086993,0.009113086842996648,0.016023844503069054,0.009886401193487269,0.05889508816222809,0.03814648682815778,0.018982119490297437,0.06092927299308716,0.05155487122669118,0.006852327195518743
38.794,0.004134854287779378,0.005032022071321965,0.025796151293420312,0.01127655426913348,0.019548428205043995,0.0013482817924376036,0.0012915979576156543,0.02268089985772018,0.005564032378217896,0.05398162110466865,-0.0006011285505218405,0.0,0.01149790513379223,0.012614523647234704,0.025370027283053456,0.011600209235645552,0.01922246113971149,0.01727184935094657,0.009759143054352559,0.01783940221748557,0.0073398424385051125,0.04234635410760708,0.07603707612658699,0.008777238814905846,0.10108891224593279,0.081093067049767,0.023542104533758157
39.278,0.0014098967771015635,-0.0031089144582306517,0.020797988949590816,0.006465265713646103,0.037499066656064166,-0.0002087472891736928,0.0025859239436731908,-0.003664626614523814,0.005891536904709584,0.026048618788627312,0.001512651658088133,0.0,0.010567224661030517,0.010669998410784181,0.025259523726404234,0.006393765735894514,0.009919530235493601,0.0069318010368124225,0.006007933540716322,0.009431842919936814,0.0018625272400992431,0.04297877332569899,0.05297200050603068,0.000722451528275913,-0.031688689134980005,0.009676682050766706,0.062344309867625625
39.777,0.005378209894042178,0.004200846337701182,0.0194600007805551,0.009842174275911556,0.026693816073789265,0.002122100145107568,0.005731824403574155,0.017686423283501087,0.008551181929033303,-0.04625435042174562,0.004334086909455272,0.0,0.015100981833833887,0.011000143940803958,0.02811595940277483,0.01801179813649115,0.010482013096429288,0.010730586161227924,0.006917233258807645,0.0030922403808309206,0.0032458381643569894,0.05643535881935392,0.04670439279769232,-0.003266949603020916,0.08421568585727755,-0.016645411781763052,-0.040720619490976884
40.286,0.007874087478509388,-0.0019873443454507273,0.00657880810658622,0.005734823034412677,0.03293813448392039,0.0010191753856433833,0.001307270436581728,-0.0008190614433892,0.014980687242097088,0.011688469046872329,0.0011645249308923009,0.0,0.006085424756773468,-0.0009133749170839011,0.012951188694510334,0.01644224608759567,0.003953989719653141,0.009615438883483427,0.004236764178406255,0.00865159221588193,0.0013432182816055299,0.013930846403336495,0.03410758111550202,0.00965996507928618,0.040154016611052855,0.0036917073171182507,0.03843723383431479
40.778,0.005923578428002579,0.0007782555890910892,0.004686341164216644,0.002535517365534879,0.011116690492925187,0.0007865461278000851,0.00013975928494830455,0.004220669773708585,0.012646577198181583,0.05052851656433244,-0.0003647398457915114,0.0,0.0021759062536498603,0.0010778823843409589,0.011100612903991645,0.006468719379991981,0.0016581862259984193,0.0065895238762893465,0.0038098241473664197,0.017381848705205982,-0.0006907252214779457,0.024329221473526477,0.00016018051066663073,-0.0013303497883010004,0.05192180863217086,0.02966389930377121,0.06113234853186153
41.276,0.0076221444195466075,0.0026865939923992016,0.015477388243684009,0.003279955922960482,0.013882998292535137,0.0024234770499590415,0.006004488808076255,0.007722701916484518,0.003389594135674415,0.041131600834404126,-0.0006061749719993354,0.0,0.01116579953367608,-0.0011026851731247697,0.01379214684840796,0.008349542077311693,0.0028279224347873767,0.005504418453101015,0.0043547997259820725,0.024174585029657008,0.004079655882906797,0.03715091002798857,0.024753766581585995,0.01793370964132992,0.05490591083380178,0.04000869613717809,0.04491391943667327
41.785,0.007868721264711755,0.0008221909801735953,0.009214358789136944,0.004433590707977897,0.01981495711944308,0.0012886616525501914,0.003878709059667183,0.00596369242619865,0.0055298761528333774,0.061284347457116896,-0.0009357037759907243,0.0,0.010505549030850797,0.006757871702455033,0.003472390762548215,0.00907348697194857,0.004492657877978383,0.013667557527618389,0.0035450795447226962,0.018063607159784098,0.005450611132588435,0.020299918845590768,0.017663892823150316,0.030620787584136423,0.15554595163593835,0.04159378589623695,0.1029810249657605
42.278,0.007597733038492715,0.0002648115055818405,0.006426063442423922,0.0064245183908201876,0.02950290126758875,0.002195087147759884,0.00495606426951364,0.017506759113827184,0.008414964990447589,0.0001967650548823591,0.0015451579124901825,0.0,0.034683071474190565,0.0050458806313562225,0.015410825119180436,0.000914616735272328,0.009081893535043822,0.00991304268844062,0.006670329106083871,0.01633753729348104,0.0017256586029566292,0.008096351005321047,0.004089299052270721,0.06057355004701493,0.06596283857113323,0.01637146190104774,-0.008320523928610659
42.777,0.010456817953678386,0.0037994139270043858,0.0057318296002064565,0.007794177191315446,0.04090087962243138,0.004094168519789492,0.007519641484496397,0.004718750031582999,0.013170892014010059,0.020362970200032405,0.004541578693904325,0.0,0.020517928524744492,0.013576640314578241,0.008707672712946849,0.0036421919143476383,0.006164565445397963,0.014829546635451864,0.007764357117465904,0.007997159336150772,0.01109570251638345,0.00012610915617856494,0.019589886695412093,0.013214351191334779,0.06415488939980697,0.0035039808806992434,0.08228106932043824
43.277,0.005518197117845429,0.002638051308021703,0.004457482259788401,0.009746603303750032,0.0005165031266468523,0.0033539356341233235,0.005272774472428854,0.027210359008612288,0.0010319712689846631,0.039632768119600696,0.002565027486081644,0.0,0.030547538870138814,0.001366532082884685,0.01195782977793826,0.006637188734118175,0.020759390434313022,0.012007399948301689,0.004958300278885365,0.00806845014406536,0.002864974156677382,0.0023245402103218276,0.027853034801923474,0.012507246693422762,-0.01537965584538388,0.06583767021184,0.049313139500037594
43.787,0.011359508920183715,0.005155367975129623,0.008320609029517884,0.009898494780572344,0.03127108280011989,0.003890177787307739,-0.0010648837263957914,0.014891786632931562,0.005748737681261709,-0.010048383751465566,0.002420204654747365,0.0,0.017747303230951493,0.010517724310807327,0.005442699001592576,0.014338107115910272,0.020267774799246477,0.012722040531110609,0.004543210261318637,0.00951562137532902,0.006243369310869214,0.020564980097917084,0.017653256505354816,0.013380689955105333,0.01101733793145296,0.004471865515205688,0.01139107006965665
44.278,0.008535267962609389,0.007853561325251942,0.006787799951426101,0.009250633774499358,0.029010342009573614,0.002830538460746169,0.00041059183674555265,0.009754075758505527,0.006458838638875651,-0.0070871658327102014,0.004389255423184952,0.0,0.016901823998852743,0.005965663301388052,0.008559617899611505,0.016301441466106518,0.014536060180779232,0.011251910721178753,0.003180242621247585,0.013081651859530745,0.0054528764062123335,0.0064514156243334715,0.01441117706182698,0.028499168226089697,0.12865963832153532,-0.008990131285528065,0.0166781171828819
44.778,0.013565706443048445,0.00770456019493666,0.015969625278834085,0.009343512155895468,0.02574690754592349,0.0032930337892015248,0.004228846237843552,0.013722040140784103,0.012546498316067764,-0.0005059672839831589,0.005064089760111238,0.0,0.005866374585741479,0.005483976972589712,0.021612227533990093,0.014985963753092387,0.01648068712662952,0.013210987991220733,0.008200899445512215,0.022074998629340956,0.007154308816627349,0.02657469200183409,0.03621178203075211,0.0293209754840344,0.1776923790914944,-0.016155661324569547,-0.01600047935001394
45.278,0.012069955690575724,0.007385928121624415,0.008816795446977409,0.007485270268892117,0.02712261855538587,0.0031811547255118067,0.008463544715262339,0.008628249874178187,0.014359781524635499,-0.012057980690907032,0.005451599972352933,0.0,0.015644746349092516,0.007587948868475744,0.022643403021320844,0.007166208748455984,0.009844394124244187,0.007909302876581181,0.00399926381807407,0.006679883560108409,0.0011484197425112033,0.019431288847338943,0.0206095121127058,0.018839074586401373,-0.08965374843956363,-0.011145627128381798,-0.0013234151076454237
45.777,0.014080143663300093,0.007503107935229112,0.011260130555755551,0.006595840035460976,0.031696869154898194,0.002691743011964208,0.005418199769043405,0.011445003792723235,0.018834508211732246,0.04940011465961436,0.003661822709199793,0.0,0.016085590968015213,0.004668939238577372,0.012800531221789313,0.006180489713917827,0.011836733513319172,0.008383142590700233,0.002710630948055387,0.01279235244321675,0.00806520583338966,0.01376595955732096,0.035169822571791805,0.016368055186208433,0.010803252938973416,0.002695326767912194,0.08733220405161497
46.288,0.014024433287728913,0.003577698390530393,0.004788030230631501,0.002259748663324457,0.049862363155305525,0.001067444293422076,0.005191769421394034,0.017772113289152597,0.018397615195015198,0.06804838669881502,0.00444164207866251,0.0,0.019323629578699965,0.0037466827354344498,0.002477730429981181,0.007363425867261278,0.005039757389013307,0.0023300586443178108,-9.135022863395897e-05,0.0023760808866512147,0.0017586167800881813,0.012150635463861947,0.024668069389417038,0.017169799675833125,0.1792008963983028,0.05020180765465527,0.12315768983009572
46.776,0.014341317663689677,0.006637281928182469,0.007733692267146771,0.0027153091336384835,0.042040026339929246,0.0021531267152125706,0.005868599818456969,0.005745965607303871,0.014020310833402725,0.03929783049180471,0.0067241113060606626,0.0,0.023334040517517286,0.0028136487650560283,0.0009295651786465624,0.004077888976103403,0.004674819249913751,0.003990480598836385,0.005298559750160727,0.012957615846592782,0.009552569010856955,0.0047395103748785455,0.01804204552798645,0.015328142830891515,0.0813077227292749,0.050078402024478205,0.03835251257309842
47.286,0.010380942165963452,0.004343375471140256,0.0003407465437237202,-0.002260001480433814,0.028687012429129726,0.0011112711758315787,0.0026705993602712543,0.02106343334737041,0.008144351353697196,0.0345532714008008,0.0035136900840354846,0.0,0.00177709248587975,0.001306656099980848,-0.018511829737733028,0.0016278421746135383,0.004986441168724306,0.0017636158656123308,0.001904553133772882,-0.00042138886779894867,0.002276150871927832,0.014745850767712827,0.005695041579609558,-0.002610704534965561,0.07151832359445245,0.07023726888525912,0.00046325659575361733
47.78,0.010044342305421254,0.0032024036018548905,-0.000778925075947799,-6.526705121413063e-05,0.015128861827106772,0.0013122572923278952,0.005112070391124967,0.014806323140792471,0.009321511849998732,0.022731047144979845,0.007516287226974476,0.0,0.009867859008864995,0.00315282005803453,-0.006393985964245197,0.001467854633299086,0.004977658961774068,0.0044422332052792175,0.003408366754243673,-0.007027541831467114,0.004863377016794997,0.0015636943806924513,0.02605912788143831,-0.0021686466333863752,0.07824782626036354,0.05529702091509475,-0.04738786734680732
48.277,0.012654935664924366,0.004697792075059116,-0.0014084466604068634,0.0015192155789783138,0.04538393981491198,0.0008327657918228762,0.004847970403195528,0.015411757229153934,0.007450109602485498,0.04200360631891853,0.002924785870911942,0.0,0.01892196381068481,0.010408569746877197,0.003987923279988627,0.004203649194548671,0.001345606711986251,0.0052868901490902755,0.0022361947088352365,0.008388259342828804,0.010302220191021658,-0.008422814401965208,0.005464533438090457,0.024889803689364314,0.07525761828093129,0.0718833048332673,0.037256865471146816
48.788,0.011311634592107257,0.0036880736880243186,-0.0035099321633765804,0.0018868241495384656,0.023050993578705506,0.0014793373926269364,0.003186856753237589,0.008369352800760437,0.002121143940382859,0.013934379443843015,0.0032053616624541197,0.0,0.01663711995056404,0.007662708106717479,0.0013045351804030628,0.010447952472978785,0.011963236488606832,-0.0007422541288749058,0.0015332064913294596,0.008832036535986347,0.007585085791137828,-0.0006155959687674852,-0.001953383718819064,0.03488869010578335,0.046672391454448584,0.005186676526361844,0.04193034729288349
49.277,0.014119251251429384,0.0053179756829067025,0.01372930277478712,0.005042235110349498,0.030847640435096718,0.001937513169001145,0.00700296037876752,0.005663766182157725,0.009744030075891887,0.09879896549175324,0.00350113359873592,0.0,0.021881006287307988,0.02015400565683201,0.008180651249884851,0.013466750345269523,0.01045919397391229,-0.0009824180127193827,0.0011000864181880958,0.01971032162260873,0.008457075644079314,0.020267760711544163,0.03512416459742794,0.03687166651001304,0.2099527200161959,0.07154232522740211,0.14106158808895386
49.787,0.010792255244358659,0.0036350013450272174,0.017277177099656534,0.0018800330186898554,0.03740079048125666,-7.629100789046029e-05,0.003790056115204879,0.0013914820421150052,0.002900901177879657,0.028531720029526256,0.002770543674288733,0.0,0.009913370255404074,0.013800291405880915,0.011274099903350203,0.006314679035650274,0.004564943269063064,0.0008372472985813784,0.001299662006643164,0.015246294321463492,0.0009631099327548894,0.02040920802552486,0.038468773176783606,0.04269297155655979,0.1779389137591475,0.05334539857000804,0.06351530782195654
50.277,0.014508616672867961,0.004449916810283013,0.02346866562510706,0.00984276010901612,0.053536683055319494,0.002344684522186456,0.009045329517067562,0.020764483218886267,0.01096983368799733,0.09800641720399653,0.006715478321172379,0.0,0.0051024698179664915,0.021564049349066156,0.0285694576586119,0.014689105927145452,0.016450639957673364,0.006900479504180029,0.007367542169699695,0.026890565429392256,0.004726661378386129,0.05017724128672212,0.04639084423998594,0.05347823383214499,0.23878136629494182,0.10489871329912849,0.14528610142052256
50.777,0.006485688801235427,0.003577781810234343,0.01620933317524907,0.00822004062997057,0.04495777204904154,0.002298819531717239,0.0047670512146023225,0.008113983890354549,0.017599611799791085,0.08622981708291555,0.0037154100505031274,0.0,0.004452486444718841,0.01526829221175531,0.03181152563540453,0.013737918622950936,0.01540968916080674,0.009367625871856938,0.004379992117355031,0.017478549314859752,0.004511463645210825,0.017025959014392023,0.050670730883106294,0.022808013803320322,0.17502697620336244,0.05153478320750057,0.14025856009564575
51.277,0.012453998343896776,0.004634564059226119,0.015320709242734452,0.007100881883883638,0.048830803739978564,0.0032276580546861952,0.004844692155365,0.007015225460242096,0.01126564149939628,0.014597996799620984,0.0037307420034019263,0.0,0.014962628440228035,0.017144191969316106,0.018282760465873304,0.019273760480306112,0.011109021094630283,0.0044086831588868725,0.004389115324966932,0.015495365908207798,0.00600330340886071,0.02616815491472416,0.03288166569583817,0.02315142725086776,0.10707259857395059,0.017233491908732898,0.02855440886164133
51.78,0.012585406778912081,0.0030581734720040543,0.011030424028403827,0.010271454549260754,0.029669988699656855,0.00219131087338992,0.007913454326179433,0.018625834459072177,0.0020489924953685725,0.028439947010762315,0.0005867798467580385,0.0,0.010757190490520811,0.01809875414388666,0.03583832183109776,0.02217980424480743,0.016552674896218898,0.004730913248198395,0.006667962967052059,-0.0006736568568412489,0.0027126814871511066,0.029597962856947206,0.03429970016693074,0.02740852755857913,0.019613663934271282,0.04965331860868117,0.03752130660576199
52.277,0.011934806343100538,0.0044024030851862826,0.005409151592104585,0.00619254854080759,0.04857259031807044,0.003255113040163254,0.00601214546040897,0.00975619005701243,9.329640073694316e-05,0.09430268261131863,0.002863695032136111,0.0,0.006989431930189677,0.016910236228858743,0.026040397684513085,0.018708244478579904,0.010301377829424767,0.003176154281255466,0.004218013497757435,0.010896087740584743,0.00714701223247352,0.011325991727412969,0.022656172132490687,0.02982530966424341,0.1586027952050009,0.08725673302306142,0.08230886650524184
52.776,0.01472312326378598,0.00339794113530398,0.008812275793876126,0.00531494212831205,0.03627159026306956,0.002374495801086657,0.0026212109636937504,-0.0006497396004298271,0.00845179387318191,0.06449130209443063,0.0031555088704236724,0.0,0.0021473618968238795,0.012159006935031325,0.026067869855262465,0.017302203322699397,0.004614072385511677,0.005009406898116409,0.003531880017670456,0.009988997636342853,0.005559998618622329,0.008978821288974436,0.023886946479720977,0.04364032995433023,0.23065664493133453,0.0790708874819525,0.11554678624859423
53.277,0.008012349742784553,-0.0003070190658708193,0.005747903781228773,0.0002902924063338921,0.026741333668106524,0.0016793459218448414,0.003504544564896572,-0.002773675431001259,-0.00812650481899622,0.03216282827937109,0.0021595497009262356,0.0,0.007473353746062541,0.008937526373243933,0.02352999274773116,0.004150988954489197,-0.00548975629534828,0.002710873822966944,0.0010500479806746911,-0.006587596482648309,0.006703615587598664,0.0082072254703359,0.03278996639754859,0.02080376020245535,0.23306443827805776,0.022926353118942117,0.048366256478097995
53.777,0.008071141521191824,0.0029395287064354725,0.0118704350280629,-0.00023917724245059918,0.009592534124099786,0.0011388632610124726,0.0032048917976988675,0.0030359351726547855,0.01662893089800679,0.028836260743823443,0.0033036466797659652,0.0,0.003055806783910993,0.009290768648122949,0.016822232805492218,0.004414314734977074,-0.0020548989064631627,0.0014905036323078172,-0.001451143264825578,0.010251304732175526,0.006498163691120349,0.008203856880005403,0.036954817238397115,0.017631253856796623,0.10567466203218938,0.02062850453935626,0.048462372233635996
54.277,0.005136202886098738,0.001345329763434188,0.017194334735091365,-0.002345268187227827,0.01462221047531426,0.00010106633176049725,0.00420562058560359,0.006964540577014532,0.006943247980607895,0.03676737607155713,0.0016281056095720523,0.0,-0.0018501974152752777,0.0072141409357534625,0.016520126655899157,-0.002075586900262173,-0.00430747769295756,-0.0018341129204289105,0.005207275764582587,0.006701930261854669,0.008392889458039305,0.017623229347117072,0.04936921190387996,0.003391865294823477,0.09403416958477696,0.00951700984895936,0.08189364807040717
54.785,0.006797314669381732,0.0025916564333868337,0.011830127635658603,0.00012513787489161897,0.03520489907583016,0.0006683016009807197,0.004615352934713606,0.012271748259147508,0.00820790258150018,0.045153353903612,0.002620825351585087,0.0,-0.0056437518616500315,-0.0013598539582841548,0.011017475054772635,0.007815210503423268,0.0021521627255020616,0.007705931923830205,0.0024053727937357857,-0.0043111431329909055,0.005886529934095461,0.01642087365505975,0.05319199278031282,-0.001656039337418331,0.10180849483544074,0.1061491734450408,0.02225619874449992
55.278,0.00583960117910546,-0.0003359919489714361,0.013874188417761639,0.0038622095713440317,0.037260820268956406,0.000637352966268152,0.005521814292826235,-0.01039508582073055,-0.00023990503046610926,0.05248111976761024,0.00031675939249895256,0.0,0.0027094908319741876,0.010374127834824174,0.008163946513942259,0.011647531039866698,0.010274295734968075,0.006336253465982873,0.005275951898734986,0.0023592311093138087,0.006726875020363539,0.026683838312334965,0.051054436262566755,-0.004672813458552053,0.2839625070356049,0.02666175074511084,0.08733250339471212
55.778,0.0051705927050752,0.003101727098672332,0.013865480570189806,0.003281801053460931,0.031679488686478276,0.0008459296706780482,0.008642288444471572,0.004811115653672674,0.002678905814911754,0.08560375532355176,0.00043509002433926065,0.0,-0.0070988993450915895,0.0003767812562646922,0.0040181805705669866,0.014876462586221283,0.016731385891346404,0.008166798069594998,0.00629625984026208,0.014465149466581223,0.005917464161023984,0.019152013372733624,0.04286175266687026,0.015346968278208584,0.02297048922313173,0.14957042278348523,0.07532007901080903
56.275,0.004855264772461,0.004486239902474443,0.01688886587743328,0.006538073974387591,0.017727885068280828,0.0019504851999894305,0.005427172310727181,0.0017090923921578198,0.00968318843693844,0.12653620617013017,0.0019620710179098348,0.0,-0.0022194267259139544,-0.0040071231058265745,0.0006803243067470962,0.009600561713156153,0.023369731492131493,0.014769173039462432,0.01265293288167019,0.01158526095745188,0.008566236894904867,0.03493022792371807,0.03953384971755257,0.024748235905551447,0.0932401429657028,0.18505289914771592,0.10227321626889271
56.793,0.007842902309678537,0.005035467889104984,0.013843712463574217,0.009903380386032057,0.020421264451401983,0.001183388184780018,0.011165585626957684,-0.004810788472481483,0.006125953994994263,0.15459005074533558,0.0030380749459884494,0.0,0.007691399713100815,-0.0031160651842112416,0.007874519891810688,0.010723931654692284,0.026837024757221623,0.024512911327167985,0.010790054895872066,0.007704266239963116,0.0022956649332119407,0.041808557708842065,0.04568492736839628,0.00707400052044868,0.286998597769951,0.21364982436949204,0.12976338557123993
57.28,0.006150678084756172,0.00580285435961736,0.014159709642184782,0.009036007059318764,0.007870970361351674,0.0018734970020606665,0.0016039927266687187,0.006651012024719456,0.015038126339620842,0.1911705072503049,0.001537444744414076,0.0,0.0034542014179935053,0.005580320053199971,0.008337377071127923,0.008419243717126922,0.03059506877939852,0.021815250541378985,0.010357014454467675,0.011823313197528032,0.005375320477892401,0.029933134065845694,0.02832358671529695,0.009945391322004511,0.24113721454792633,0.22334782121657282,0.21985317958840842
57.783,0.001052430571374338,-1.5085112390869816e-06,0.006287126290773971,0.006759294803564637,0.0014324484285254554,0.0014789429526976346,-0.001319478104666741,0.004475547418210979,0.0007688770342689577,0.13252893467558838,0.0020752219183598356,0.0,0.0033670073492918146,0.0009423443305379092,0.000321113366188618,-0.002410458922411,0.031169534194721224,0.01781959761699179,0.00958105191706376,0.00945104425741126,0.004741250772824523,0.01000998460488652,0.014043657737533742,0.0051765279057615545,0.17443047263193465,0.1985417198024297,0.10952557438956127
58.286,0.002206239946280391,0.0031767679674562883,0.012191604949537041,0.009127201952037308,0.005207640844744768,0.001881635592170518,0.0034167136441779055,0.004299799454390605,-0.006197222638036703,0.10982106150503121,-6.168658490387064e-05,0.0,0.00603938894726888,0.0023574385207922616,0.009246192584505644,0.0008338576827391525,0.02590048769018265,0.02250582629646365,0.011268620704130266,0.021824364661225157,0.004894373973448459,0.023593247284228774,0.02890102747771264,0.019238421024229835,0.25462491208974464,0.10710244890717428,0.06477498568100698
58.785,0.0024081875511601574,0.004267332691520157,0.013510566804311668,0.009269134359787183,0.004741605656582558,0.002951436752261785,0.00353513675450367,0.003374236190629216,0.009491797231645093,0.09299774533321073,-0.0010268108220463255,0.0,0.014555041950431622,0.008131069073781465,0.014338450995318225,0.006763416020399463,0.01972140832586398,0.017333494653881298,0.011314378451744229,0.026448148159749947,0.005428269702176696,0.0189228318617137,0.024876870425412236,0.031116035114709648,0.21988741526725533,0.07830279922116373,0.1577917958106186
59.277,0.000636350771253302,-0.0003553954359597211,0.004502940065716856,0.006577390024645214,-0.008146240965042724,0.0005074028125068619,0.0030858083994670877,0.010633319970644931,0.010226774416946107,0.16488706802788491,9.259013902604655e-05,0.0,0.00934952336736113,0.0029039053968232895,0.016797173623480082,0.007486991733150917,0.01798478091762823,0.012696521830853754,0.004217088317617709,0.03210491172218844,0.0033401880295734912,0.0007753778344771572,0.014450069240824327,0.021488444376482747,0.15062911549510644,0.14959604534942855,0.20237904006361146
59.777,0.004322249131523878,0.0019868473457825596,0.015324666638216711,0.00787174074027984,0.005419238426309202,0.0014259307811704273,0.0016094319087806377,0.00784103455164262,0.011774249141798799,0.1215647108861616,-0.00121991618767835,0.0,0.01004875880166508,-0.004634019559353322,0.021811266127585476,0.016420830337457545,0.019351644560785128,0.009682248969076056,0.009348311029637376,0.031362391917735585,0.001683107609990407,0.019173078124086633,0.026660083145755475,0.03503497904676843,0.29026960780150657,0.11854200071124604,0.07969366985233661
60.276,0.006030598601594496,0.004435226576312256,0.016866810423431373,0.008934936645526262,0.030894314701374333,0.0016601414589835109,0.006397452922105295,0.03206456600237908,0.010786245936009178,0.06966182897294793,0.00412477906137487,0.0,0.01910248334766766,0.010584020338038643,0.017856846159045037,0.012547967634074215,0.02247224006298946,0.011189044292881955,0.0066140118085100145,0.029755490342497838,0.0013596334966468734,0.027470973271884323,0.023857360953472715,0.04432265008460958,0.04233534944069792,0.08347357925730721,0.04286030170841498
60.793,0.0057005569383970205,0.0016010981179489187,0.00548751706283319,0.006943122010693568,0.038492727832472685,0.0021742430482079383,0.0037340762492892375,0.02059651501609873,0.011508511525733619,0.06863500075959308,0.0023896612272310946,0.0,0.020205689485616917,0.004198932878589348,0.021998119302772373,0.014652900994469774,0.02045131931138679,0.007648329217941667,0.0008418411478309728,0.018841298381218296,0.0022649345197616757,0.018072555169044966,-0.002099638151744088,0.02625639018624162,0.040689161699271593,0.029951520944702565,0.11403541976546736
61.278,0.002677629381259594,0.001070454955223849,0.00894785928715484,0.0035202866118871604,0.012757196644059563,0.0005921426252538441,-0.00014114135859460115,0.022506200783597753,0.004081667728640114,0.06017915270646485,1.662893538531545e-05,0.0,0.0007195212170515358,0.006724461336511122,0.01419059829418145,0.003921230850491492,0.016657305136443194,0.008080880511227037,0.002893986497289826,0.0178462660714917,0.0032095435920098734,0.018399919239813527,0.02676448807897445,0.05526027232209645,0.24358488848365198,0.0855761377674482,0.05054310215577903
61.787,0.007067643102979158,0.0026965785644447004,0.014427941588840405,0.002399793306966752,0.006050695605183584,0.0011672172812438478,0.0016057665874751412,0.008041901724449203,0.011400115882412529,0.051836369640371915,0.0015577183253498942,0.0,0.005555103646038941,0.0029201884914194245,0.011567147998226002,0.016180096345830886,0.006019500886569718,0.009758413181933094,0.003600725060855189,0.007189043983716644,0.0027443865032971866,0.021802595712254923,0.054129991571741504,0.03734014542380288,0.032057501713412,0.0647315696509268,0.08860540565977884
62.277,0.007746384283811963,0.0031226324519244477,0.018726161790470125,0.0021451576675017453,0.024314499556517315,0.0009295182993839854,0.0017181550579860084,0.012936174818919635,0.01161835198331429,0.08577268546065597,0.004568667924459785,0.0,-0.002599418961870369,0.008000581133250306,0.015929943222989084,0.019810024525489904,0.004919252920097759,0.0008888255806359561,0.00012420240393876543,0.013830797283340954,-0.003915146057241835,0.023652133824159833,0.07103980295303339,0.039872608209167354,0.1036344115865896,0.14870427010950232,0.030996699468233333
62.787,0.0037921287865026894,5.866432595922609e-07,0.014277002146433323,0.001276438219994704,-0.001622025368737362,-0.0007301730782736296,0.005451191833403284,0.013726269128846167,-0.006036135810000062,0.051446851036338254,0.0004955025366794735,0.0,0.0020744186919584694,0.012154156542272537,0.006212880133495336,0.018777789775467187,0.0026439969325208557,0.0016096428261828453,-0.0017147940207075671,0.012574492619420468,-0.001805457002164735,0.020390733519719758,0.041596048259773255,0.03684778200690513,0.09575012581485308,0.0762585718770799,0.04929653385211592
63.278,0.010063317141584168,0.002363766846196263,0.005088216348188525,0.002887721203751716,0.008658274434852082,0.0005111005860157749,-0.0006158383041621995,0.012007103817051012,0.011194775825450882,0.08330605722098053,0.002743476062836771,0.0,0.00475112823588542,0.004224429186766052,0.014375601393242255,0.028332088284941277,0.009255134937523404,5.481219801244587e-05,-0.0018928136194290692,-0.0028195482622365244,2.5915305911320247e-06,0.0058204158852659445,0.03825116833216519,0.03682815717672173,0.09112241205180886,0.08311895608221233,0.09913207229046418
63.788,0.008787886913057765,0.0019055226627092553,-0.001389527870126786,0.00457592053022642,0.022356245534914394,0.0015622583648017693,0.0044191343391289245,0.009062878214881604,0.015141399536227652,0.05673595461517139,0.003448673986184707,0.0,0.017737092179524447,0.009061647066762307,0.015809991128094426,0.018263984238760092,0.01071271364630138,0.0007910999771199574,0.00029162501548666507,0.01784715358889638,0.003138936743546565,-0.010319058032796442,0.00011727659433995742,0.014417264702573528,0.06147287657696359,0.07813166497202935,0.048332883725529685
64.278,0.005534122758921617,0.00493745443451121,1.67016077722692e-05,0.004054602354044018,0.014101799760458243,-0.00023101542913324632,0.0027100450711464393,0.02338606918168095,0.016726553044211705,0.0775957066544015,0.0018660574838769077,0.0,0.022239615847060797,0.00800427643776397,0.00911814540228548,0.022138208527554416,0.014192808477007284,0.0006278711448260247,-0.0003974871876954848,0.004537785083673335,-0.005055966334083763,0.015487830112786259,-0.004268021909148512,0.023971272185188443,-0.015347375858205994,0.055841038582249126,0.14116959668921936
64.777,0.004436442536611827,0.0007567459323171023,0.0002828227713968312,0.0032087355283311842,0.022243564928714515,0.0007738173023421729,3.319175120913995e-05,0.018838339080374095,0.019544256807758884,0.025345399407892055,0.0028464751013410673,0.0,0.006510264697997462,0.004213015347546553,0.009982273052269232,0.02507477234596012,0.007574154007583937,0.0063920563896712615,0.0020574181196410302,0.012317378881347369,-5.1830581973631885e-06,0.004923328830978101,0.016768072962367767,0.009827279044998919,0.005564894667636042,0.04944331086751106,-0.018372145374633598
65.277,0.005194997292667798,0.00022824352297678266,0.004629276150668934,0.006680293655033057,0.006740950738551934,-0.0006902615123095095,0.004565101478213838,0.018865272443132044,0.017815921495195258,0.02908881663521972,0.0024787538986065895,0.0,0.0005557281602949111,0.011231435503709057,0.027890463422503946,0.02384963301125671,0.02055611426463366,-0.001348395166024608,0.0007574612359259334,0.014258910974505806,0.0012974866482377613,0.0253873883627674,0.013899873836036143,0.020207108012859645,0.04805394756516238,0.028547700264589183,0.02611800576642968
65.777,0.0062509105008681535,0.002149428933486289,0.010126573109602367,0.013107126485400165,0.015400736375993958,0.0017728907473225925,0.0043942913318140995,0.014922458387495991,0.013178993448697775,0.06625514161500544,0.0024962631698687006,0.0,0.006257889720635923,0.0124106882206702,0.042338804831537576,0.03295274107785347,0.028142566347862736,0.007317471729507134,0.004300966871223759,0.01844476298369971,0.006076341086728179,0.03495079236774259,0.012117865396705946,0.024901475554418986,0.06570342939314304,0.055172841230789194,0.11044923191668134
66.289,0.0031222332806492047,-0.002949553412711949,0.0007136311091891153,0.00888673630164121,0.024864625435076948,-0.0007327748623160381,4.623678786350846e-05,0.023517836319999194,0.009636914475641413,-0.0023363000347016295,2.0220650287502455e-05,0.0,0.007869494335380969,0.020745452339441518,0.04053502543216699,0.025927438167497097,0.016162446865594843,0.005576115092118556,-0.0016183667261988313,0.013489073898601291,0.0013297434072155009,0.01797688859570678,-0.009913667270082761,0.03362076466986546,0.11822528357955875,-0.00039158659863328983,0.0038707472143377952
66.778,0.009125780719109773,0.0014203003742348562,0.012051799872214369,0.008656027030963416,-0.014485580195572896,-0.0006356736194470158,0.005116089241516069,0.03447904303857055,0.00936579918907267,0.029873845668250177,9.479017065140546e-05,0.0,0.025768805905850626,0.01940468679025686,0.03213703669898185,0.020385614922642136,0.011946866302165477,0.003251627348786563,0.004422831820713758,0.02252565195830225,0.004901713445133289,0.027358147062381967,-0.0016502752206593771,0.02962493533664138,-0.03899235356347442,0.017955410385778116,0.060219067453809234
67.278,0.009843704637823674,0.00014049144964849833,0.013389190590559442,0.009016097181275686,0.018243144848760887,0.0009635949438512403,0.0005217759869944015,0.04457109258747654,0.010690370455831176,0.009753296402518636,-0.0006122302987612313,0.0,0.020518418091799603,0.020756028534769953,0.034535746816161686,0.01669891067053974,0.015086144867222094,0.0036645441336515235,0.0016417449942072795,0.02356699977233037,0.0003666309195171392,0.01657959510008179,0.0059028863074537296,0.038513457508832595,-0.03197804934915667,-0.002026958282943132,0.06613253397349311
67.778,0.01195551046887763,0.001301665843972768,0.010684668704474569,0.0084919667456907,0.018133635242573,0.0019379707997205476,0.006535778220433613,0.04285594696094258,0.00822150694631608,-0.010413130127286686,0.0030484409951393432,0.0,0.029922039807635588,0.016226842249544002,0.016449850430340054,0.021610149110825476,0.024579295963001253,0.004030104539035705,0.0025137620733312023,0.017091746665274885,0.009637219103567936,0.012315176816604113,0.01921143858199177,0.03123450067059302,0.16367969618887615,-0.04481753752272389,0.0006249694314815625
68.288,0.010244561216316547,0.0031882381566933006,0.013043668596799757,0.007059500665092046,0.0074496564206467065,0.004072836284085969,0.0031410448482609944,0.05462044856603916,0.02412144074183705,-0.025179282268709066,0.004912254850008584,0.0,0.019337586191203952,0.018233095405790687,0.016682459214915995,0.009615000190822606,0.017416740671741145,0.011159457606509077,0.0031998060668043367,0.02081457912424221,0.006642804623626765,0.010697884114907448,0.028868808258901087,0.031300998628685545,-0.01417224117986104,0.007630457297716292,-0.042429702412488945
68.778,0.011351088756076643,0.006342406814760414,0.019897982116708776,0.004447069790133649,0.0019606580701471733,0.005165262029892631,0.008173576097522386,0.04608295061478681,0.01993760097990297,0.000908561124606209,0.0045207378955978254,0.0,0.018377243192693356,0.012056997268938495,0.00806189869545118,0.012856379125194837,0.011112302115701007,0.006232182695989897,0.00580152317285557,0.025966290681800803,0.009709401217308991,0.007626652615434782,0.055572880910768035,0.006468125182491908,0.019363530632343202,0.00015228367724635456,-0.02020014632525103
69.278,0.010988223334036401,0.0027857106727344613,0.014492914367139162,0.0037523978696030087,-0.0033595102953467033,0.002866336434962941,0.005617264059768883,0.045225312332044326,0.011695781102717502,0.03853792650952719,0.005425774653098071,0.0,0.024472854526229146,0.007646972360116615,0.0010416019247669259,0.012183315332146304,0.012430488177472934,0.004601006094154609,0.006861683788591845,0.022719137282447503,0.006623680275338198,0.02443766772653197,0.029230047680745514,-0.0005201028148280386,0.07144118411588739,0.04912113806179967,0.03230313005864153
69.776,0.01023753554308545,0.0026985184385101262,0.01886293190722716,0.006338911923095145,-0.015562362734870674,0.0037772725720277593,0.0032530991921868565,0.04966320896424391,-0.00017366231372218787,-0.0037900289122355115,0.0015080793625932183,0.0,0.01640296371210542,0.004118625711744064,-0.0036625048433601296,0.016917505138620843,0.016317732519504483,0.010328575626495284,0.01437053199131183,0.03433143321011058,0.004475648213536604,0.023563935654504417,0.027038590039591148,0.020092326301843027,0.005511427125501556,-0.04069525252416262,-0.001607064252381144
70.287,0.012030711970959623,0.00399424754343377,0.03410259162582644,0.005803585046894848,0.01656995205011292,0.005764215121592037,0.0016188711064265605,0.05113347681467523,0.008078562843051121,0.028222687386900744,0.003282273373244944,0.0,0.01973118489155676,0.007978707923524916,0.010683169344475007,0.010206921133878367,0.012743896659621327,0.00807657878389232,0.013493000495666884,0.03387105575336425,0.009791441663248307,0.05295216534565115,0.05400754771585555,0.026788762056748617,0.20677571916170207,0.0476712611244719,0.019318328650961118
70.779,0.011152976359772528,0.0026397964280815717,0.028781443135385387,0.0031451829700693094,0.01226615467794558,0.0052988439362100775,0.0014906884579765482,0.0480786936664776,0.002618049158308444,0.0013101635282351913,0.0034815141719383787,0.0,0.008699189035793354,0.003474129868969318,0.006388913032228171,0.00917446423438075,0.004501800853941875,0.006371107604698108,0.012183743956085142,0.025825053503141022,0.008359453324717736,0.04363527514301105,0.03818348126904113,0.012192651918585911,0.08011911898652994,0.004999688698283045,0.035566824142440376
71.277,0.012572783245095871,0.005344340692050946,0.028058987490429566,-5.9142483265254736e-05,0.032143779725615704,0.005531704460477415,0.004175656229323778,0.036184760835182427,0.004591099942189809,-0.0021785226685876674,0.0038020907384069816,0.0,0.008828306447392797,0.005314654068977362,0.0009844185718383637,0.0025062543917562783,0.0009511923908519757,0.006170295952737621,0.007867289454634755,0.027181507463378635,0.008040221346641662,0.03945248128577313,0.04533679503359899,0.02509904385152452,0.07119031677580272,-0.02596996127744016,0.0013413362131163625
71.776,0.007843725919773687,0.0051738793330226756,0.009143426931183175,-0.002115345189610207,0.0026658859417296875,0.003957821715186827,0.004390516289961724,0.050550326874033706,0.014098457498856312,0.009329099612967429,0.006582378506778241,0.0,0.014097090821097502,0.015458479414118773,-0.00689208422778076,-0.013269044885211108,-0.0029847514516438303,0.0026430094059354467,0.007858137119346692,0.006580154062602307,0.00588966302269021,0.01568481874587204,0.019700606395367144,0.01893625419949233,0.02805891883633538,0.016444262355750267,0.050287413578136334
72.287,0.010531705313924205,0.004973678224004332,0.017179082382274797,-0.0026315358797810405,0.0342311280313075,0.004610333622018843,0.0037752396888685188,0.03411151526473295,0.004658541147105853,0.043853877236084485,0.004655712880537344,0.0,0.019559248303640052,0.0034370402206695947,0.008634637228910582,-0.006203751977551938,-0.003213312956395196,0.002929213225198731,0.0071764425564533494,0.01346623656590479,0.006621488239316696,0.008039275111186593,0.043718846434394755,0.008381425867054607,0.09247992362770736,0.09737004283027381,0.030001584148451804
72.778,0.007691157031740047,0.002840260008129897,0.01869634383943354,-0.007612406603858753,0.025169767061460627,0.0024457735096024102,0.0017844329674138563,0.04508782384633865,0.010732684765695449,0.019302756219679987,0.0024410960813875423,0.0,0.00010514109121314202,-0.0014028198375825515,-0.005958678669672295,-0.011168302188401934,-0.004885543284505005,-0.002459072818355912,0.003174026790745028,0.008928497003451276,0.007582178964314264,0.027250134581082212,0.055697187565485466,0.0014893042021849538,-0.09633489185432137,0.038263898853040844,0.030740486253938087
73.287,0.009587174034082005,0.006354839312742627,0.038423084282656214,-0.0006671590076974232,0.008593268733127043,0.0032386444505766434,0.0032225164885180692,0.03443281182393352,0.006930865144400903,0.03217468858564041,0.006284004276539461,0.0,0.019244503501865514,0.0015646629641650912,-0.0010800946698025953,-0.0034864374725014323,-0.0003473968816223111,0.003498658132786533,0.012878121574078485,0.032635181219030314,0.008899242473139925,0.058555461170047715,0.07475089954551688,0.061496898576622966,0.07279941245308633,0.009383715437407337,0.041369848578709255
73.777,0.0087504343939897,0.004454747298411183,0.024611089433418595,0.000366868833740832,0.009661113886297314,0.003965838538264786,0.0022434869188657056,0.03790810586280328,0.011590566691769038,0.0016685624623804885,0.004894271675840452,0.0,0.025087382257469943,0.016420131102543454,0.007937245746471448,-0.004613214706600328,-0.004233883237130251,0.00404989841550609,0.007805193539237908,0.041591314800777913,0.011586035215691981,0.03604614708205596,0.03253662835419281,0.07797813636235483,0.10871498637975621,0.010835730676088073,-0.017456726892742226
74.278,0.006876162590816332,0.004211902085143119,0.018928689677839155,0.003888517400043989,0.017706311597983464,0.003526312309007189,0.0021904189661771565,0.04559798755140701,0.0018653107163812339,0.0017948626352779712,0.0033050357000273573,0.0,0.011826752237509907,0.017215611302350158,0.020513821756635745,0.010115823741509414,0.0026615977505696016,0.004119209551610455,0.0075390808033927075,0.028905710038315956,0.007979692718981921,0.049040655030525224,0.013040016678419612,0.08873526325734293,0.13412884756962667,0.011770208711273789,0.017275911251502078
74.778,0.011247301914880237,0.005082304651449716,0.013981915622382322,0.0039239107380179715,0.026781586582559993,0.005216511497966251,0.0041074144047537064,0.027766448731286468,0.004525546336694333,0.10083869175391601,0.0037285166538358625,0.0,0.009566384605105357,0.007742183524033536,0.014784500637831313,0.009495667105654148,0.0037472151443834595,0.006864927934010459,0.010018577444203045,0.020445233512738678,0.016720391757595945,0.040273344801683604,0.01720699919142404,0.06224283584444895,0.3260968398789429,0.04846964512378098,0.14950104894443683
75.277,0.005705354634949908,0.004235111611982295,0.022151911337591052,0.002795912097203354,0.025491161472626478,0.004573691832580065,0.0019506873293939704,0.024481399505327503,0.012631571590704884,0.06398981970801632,3.9165251961826784e-05,0.0,0.016630595444612834,0.01256817642117652,0.01120855190108739,0.011429326102238065,0.0014271298625909959,0.004427743883518698,0.006043787259568816,0.02599221703356247,0.009208949311840709,0.048434931115048145,0.019310933402672387,0.041098734241282124,0.06661742059100836,0.0592793998561459,0.07165901883509757
75.777,0.010486242649244751,0.007226678555030329,0.021798259600049785,0.003503216937680985,0.03299557058256332,0.005124847698336343,0.00627555664144301,0.032769143341891585,0.015703154759001352,0.06335097723435207,0.005568247081785004,0.0,0.02195549594559844,0.01568799114186054,0.006448806197691269,0.017143466884469234,0.0024344656108857047,0.005781334817625337,0.002669908076463655,0.02624970725582576,0.012399401504881604,0.04227830967372513,0.034754047697525055,0.04392364696738315,0.1229294762769693,0.06930955710535464,0.04543041668967079
76.285,0.007465708083914068,0.003143740815306284,0.009898951279043467,0.005582223683748999,0.035049310936969245,0.003250262300163717,0.005114418413887727,0.032540099258388425,0.005064815495564664,0.07942381934907577,0.0025906901898994734,0.0,0.01303259242767024,0.012368772321212796,0.013256070787418126,0.019178789525404697,0.020958187475777077,-0.00017537604933311486,0.00759056223112681,0.0038347312231137437,0.008170829619978814,0.029263674917950264,0.024891485885790394,0.04373443853121739,0.14730256960513172,0.10975347136743824,0.11336257688027486
76.778,0.009981467148722943,0.0037434820082210274,0.012570232628892534,0.005184390475272402,0.0550042043485017,0.004548087874350423,0.004808754509442046,0.04191485983565951,0.007553464146379842,0.08644293725395957,0.0012750644673563745,0.0,0.012841054349581604,0.0060363473114790804,0.005166668358164256,0.013850319287396582,0.017267668408251804,0.0047059418577230835,0.0030466779934554956,0.024456579305331273,0.010227670047799935,0.017229719231843185,0.021248364178276108,0.04709411792850423,0.21533691503004962,0.08002820390311685,0.09475911659237142
77.277,0.008876897931484941,0.004183162706813836,0.012297195987915578,0.008818410151700005,0.0674887794041143,0.00416341086820878,0.0039515453592048454,0.058011823892000505,0.006019024442426668,0.08541159851134128,0.004728935979809762,0.0,0.00583303168882688,0.005599533972250371,0.016635583717326416,0.02255140096954455,0.022645146889505224,0.00823084947545459,0.004523530774690551,0.024552274765192592,0.008252600093191202,0.0374367652253643,0.012092272094180588,0.0645014823128678,0.07699404701667693,0.09834554476735219,0.08215605629540575
77.777,0.008683871804239846,0.0018835180337537034,0.021707045094456943,0.007882955604745643,0.05257869035784673,0.006060133786721999,0.0026042878985111277,0.05664665126703718,0.010199041404644393,0.10560933900202159,0.005401344214988503,0.0,0.014740125335196554,0.007122736733051188,0.0007405715488600457,0.0180795503096164,0.022028450458351494,0.007222541265525625,0.0032586689254098275,0.020789153777703896,0.011115423286279215,0.01577776695401326,0.06238005629214382,0.04849546408347668,0.07343754756985985,0.06628201041571924,0.16837011822580722
78.294,0.008342063935004558,0.003852180779301084,0.009019463665493072,0.01163681559277373,0.03605704955267159,0.004613066268220406,0.0017170705606896334,0.042715053189210365,0.004060481183599365,0.05156259760224038,0.0034934795331527193,0.0,0.007967847353986864,-0.00021793801079069726,0.011079557842721497,0.026377187108167728,0.024740426109661172,0.008424986631155129,0.0067219241300331785,0.0006714865133524033,0.012724264742246862,0.007371845613014542,0.02944603050403992,0.02693163043153161,0.13442966614648194,0.06422621904524706,0.010615630211420984
78.782,0.004680853043428475,0.0033109294918280737,0.01275720419925501,0.007697105265654483,0.022356948718326046,0.003916304811531036,-0.0020673627519022597,0.02653369790865054,2.7528367752126858e-05,0.056393965511839464,0.0032375166729026383,0.0,0.000868840926796777,-0.009771616791215524,0.010702887457034424,0.01766156170433246,0.014245638176654151,0.010062865605894724,0.007241197824686358,0.003109735952928927,0.011423314403431414,0.019277513517976824,0.06104180999368115,0.014897219019748888,0.06439985252211408,0.09771772099105258,0.03161137890552196
79.286,0.0071536556500472895,0.0025450046953358362,0.0031313257095727694,0.006559336678573018,0.05100656282788632,0.0036272201121008082,0.004356233042090452,0.04113353241672685,0.0037777659161709054,0.11501225988829622,0.004237795494711757,0.0,0.011103092514732635,8.475367086313998e-05,0.007101807178948553,0.01918350307892147,0.00974465481783626,0.008224027425803882,0.0010929142285216185,-0.010869141331409236,0.008442742660363387,-0.00683752091941244,0.0453803835726661,-0.0001614513214849509,0.12322871049871759,0.1637542215052098,0.09497652610980709
79.785,0.004689199780905365,0.006137388569884587,0.0015804744352717493,0.012184886144054378,0.07490628927861386,0.0017238787545737848,0.0026044183322848627,0.03439002635971012,0.00932349452944511,0.0660606079847831,0.001581477741754936,0.0,0.01317122913718693,0.004776944355898724,0.030005180789411678,0.019069168344811028,0.019861105234535943,0.008981385439798045,0.009222404259857575,0.0074519081651065215,-0.0009215383446916425,-0.010595701077308903,0.042960533524012884,0.00014362479614901726,0.13895708609841714,0.0359084673607143,0.15084877404910824
80.276,0.005496134506656762,0.004535435437584131,-0.0009376799107226417,0.012376119195591293,0.045792118005535266,0.002748597241983356,0.0014803416287695029,0.04090295321043137,0.008697749187695308,0.15288321793340287,0.0034428366010335883,0.0,0.013534981133737625,0.008382622062936275,0.020001670613523242,0.022802213432040447,0.02462335242195538,0.009709846999362245,0.009260202548681915,-0.0017445218205530352,0.0040202485687403635,-0.003927644166715115,0.008693331026237709,0.007711320988417947,0.15974572750449847,0.15623928169594714,0.19016442361928568
80.791,0.0016762635411478146,0.0037572311569776333,-0.008102634806063288,0.011807236576373873,0.04725896955010855,0.0019135929373570709,-0.001934695615227709,0.04205721250582843,0.0007585729288349667,0.12692644303636116,0.0014704168455334226,0.0,0.01682410333456147,0.017008510302296852,0.015563081650460112,0.017522851733739915,0.026735662027616763,0.004928434875497196,0.003330675699012441,-0.0013850403239048566,0.003501868086987235,0.012360921926415058,-0.012519656311940386,0.0007643509747978734,0.14647790493091878,0.12063094702566411,0.1832506633515391
81.279,0.004651865579079727,0.005267364961166482,0.0035437420917651297,0.012140047153482852,0.056427795539505624,0.003076992576842525,-0.0011126359675270728,0.020599307957421546,0.010354653123410815,0.13391980139646345,0.0020252026564875425,0.0,0.015305853085768496,0.011628912498909636,0.025161023994903865,0.01653557576310392,0.022139964969124896,0.010862051285821945,0.0031824755848027493,0.012123928573740634,0.008522176751000164,0.0009787143213650564,0.01751815162256644,0.018612888055865088,0.1616411450128607,0.10504342380258883,0.19345783797102578
81.777,0.003803122928867524,0.002156864204346156,0.005514639263216719,0.010104885394736784,0.059958596838067646,0.0025753001320153123,0.006076740878564153,0.03609138913412458,0.006167159597932477,0.13537841803189285,0.0027683412154104617,0.0,0.01073984094518733,0.013395976258965386,0.014199042221720215,0.01688711068065552,0.011861898560205994,0.0176329152775251,0.0037448288549849344,0.011199841917867704,-0.002495655948299257,0.018780477451681148,0.03386468221673084,0.030182390238433277,0.12422360185152266,0.08490135324418505,0.22044305041148052
82.296,0.004713887341936592,0.0020145101402424676,0.006603294023871988,0.010759666113179701,0.04957140488619449,0.003358850356701676,0.0057934861844379645,0.036100423975152486,0.00026096497311937466,0.1293568710870976,0.003747575397356953,0.0,0.01741127701878631,0.01302604717578028,0.018321745823911325,0.01965269654346934,0.014732833371181742,0.013786118698582445,0.004224098631009603,0.013531966485357932,0.001977957990324825,0.010455038288848754,0.014368241130527253,0.046308179080720116,0.08998563463765842,0.08799714092083019,0.14007489513356097
82.777,0.0025807124447954476,0.0021009540290779206,0.0033826178198000214,0.00951519393762364,0.05457029885530874,0.003694757261748961,0.0027623412847489906,0.039955111468985685,0.0061712671438550306,0.13339114154120493,0.0021511192575862106,0.0,0.01801743947796938,0.003369285837014353,0.013953256869419945,0.02015200606133661,0.013422891840911095,0.014076762100801844,0.005048739646150827,0.004484790471527709,0.0049570555850569475,0.00751492297837037,0.016422028359565126,0.046561980196685386,0.29782465729818175,0.14421598330028026,0.16308394349363856
83.288,0.004756843854223018,0.00555128094697306,0.030214414856738314,0.010198671754114054,0.05035457465453742,0.0017576929154441527,0.0006971311588370038,0.042093829885199344,0.007951248748393688,0.14840179781068533,0.0029073584981777353,0.0,0.02482981051170031,0.003424884545380632,0.006247543490185007,0.02586877428631186,0.014480263177988154,0.018544026313292782,0.0034927878926046176,0.043755957335781095,0.0027792343360495157,0.03646246032212975,0.06027012056665566,0.060074658548090215,0.15736186806976074,0.15138030886991696,0.18783441399207204
83.777,0.0022798146519468604,0.002439812798325116,0.021249617408440964,0.01017485663061569,0.057774540190028145,0.0012641322714377794,0.001967529245054448,0.024688792665510273,0.00302339841981826,0.16663853023408057,-0.0007007857266476193,0.0,0.014568874751520208,0.0063271416273694816,0.004257265757904876,0.02491094314558327,0.016026475919630603,0.015929104401286812,0.0011879718884494413,0.03795592560829936,0.006111662146656576,0.027557246726362297,0.03894852249262493,0.08118806645430451,0.1565661074763719,0.17813355871370803,0.1825509621106675
84.278,0.004399482520206892,0.002159804045940875,0.02371567609519308,0.011951732304536857,0.04515546363763348,0.0008103330645209025,-0.0025870447651050485,0.028630335465909366,0.007917085704615353,0.18031571211600375,0.0008414259585967988,0.0,0.00691333430389212,0.008944415576502865,0.008503421948785674,0.024258132004952776,0.024027812218520017,0.01830593690147794,0.0008958300467538973,0.0414782073898379,0.00485796740572573,0.0389917010779546,0.03347314413182671,0.061718385091591735,0.08846695345919021,0.17549783208257705,0.20159263566397984
84.778,0.005453231499797643,0.0022446053447376497,0.01413616176488981,0.013274831896180096,0.04878294287985416,0.0030736837008960684,0.007444679888517587,0.028491486805282913,0.004026728676772349,0.14040353311291393,0.0024633582362909925,0.0,0.01080346693318047,0.005317980868171228,0.016088601204781203,0.021701786182559645,0.02983511490401372,0.017652685088433737,0.0023490923377958196,0.02366507717698686,0.00421965241392246,0.019793510191812354,0.030109809780372847,0.0440456143192145,0.14429390396862307,0.1602224512182158,0.1659776254580976
85.277,0.006640186659604963,7.171213028187877e-05,-0.0009589115041074834,0.014906354543074865,0.05872768118696713,0.0024638941085950656,0.0033395915042563787,0.024465416779903004,0.014218527726138642,0.16793291540703809,0.0012950944298842232,0.0,0.024554672530550787,0.004257868135143275,0.0032431176660081503,0.022317735176344118,0.032234936723094944,0.020928139542204446,0.009709712088364747,0.01610901860630581,0.007338489107332289,0.008622948950681452,-0.0031030244047401067,0.032119023312912436,0.07910155601931464,0.25499265201895743,0.11482889956326646
85.776,0.0026682158474679624,0.0003919844580583382,0.0012230949091047063,0.011108096901008354,0.03431368715644203,0.002133715769467021,0.0003206983869116199,0.022139461207671955,0.013265171240103067,0.12951829088940184,0.0006093989015759645,0.0,0.008899761035968233,0.0073129256621349455,-0.006396276368896959,0.012520896071454866,0.030246919934012375,0.02024506996157304,0.007777270250408038,0.023573031165149985,0.006131880660438331,0.011560889039811654,-0.016853426622811064,0.03238144037366398,-0.009505242016161493,0.1474626139859131,0.12261360808268841
86.287,0.009440821556456595,0.0035801088815689878,0.007269455017358655,0.013878698243228446,0.03756033948774733,0.002629785196302912,0.0019420367136968645,0.042599924577274864,0.017710472737965017,0.11191765734140689,0.0016808418617116788,0.0,0.014366814571456119,0.0039437189081107625,0.01449723316533401,0.015096418880305862,0.032149986600445594,0.021938267829339213,0.011592349250661596,0.024821243986993553,0.0072176716580341655,0.020390044599723094,0.008937659779787749,0.0359913257580672,0.21009641149775213,0.1722071969410723,0.1025248497219656
86.778,0.00598445884439863,0.0013338838530129343,0.004106736753417843,0.00888737568084092,0.034327996713633936,0.0011290794051955556,0.005140673333345486,0.011419494699462896,0.00932177398691856,0.1209735734860142,-0.00022118749672941159,0.0,0.016066080540536095,0.007654606274716553,0.0043402177104357505,0.016809720934150268,0.015836454443378015,0.014659351712088532,0.009286366622325968,0.018043454490960873,0.006482572393959226,0.018108278251341498,-0.016199100963765083,0.04310151384201969,0.2034768592837311,0.13232646381056334,0.0866274279049531
87.277,0.0074331683817674115,0.0013135885196638197,0.02018220253275654,0.009599481202656425,0.023543642415101727,0.002318184850938312,0.005124605608698724,0.017616022065971938,0.007058204019870587,0.07607545647684638,0.0007636572218526183,0.0,0.011936276214401333,0.006543737943730925,0.011070888247101483,0.019853605043944594,0.012960962294264619,0.016852160462401476,0.00973840707977215,0.03606850078264226,0.004828489860841485,0.041485152809260295,0.01378222070354873,0.03929837531743863,0.1581260129388043,0.16833346290937212,0.0004090057029559129
87.777,0.008095539356540378,0.0022014371890094987,0.025379039341949797,0.013943692825999526,0.0505406768891849,0.0016104698390252954,-0.0008246529949154518,0.02139868235053261,0.022224151496549722,0.015436621469891776,-0.00021202247836719153,0.0,0.00917450687595818,0.007808276493304114,0.019744339235441024,0.022128299769504242,0.02252068744874664,0.016466950829332937,0.012850468091079308,0.04024097614877046,0.002290648331596061,0.05050986677838345,0.025924676350534977,0.016227161792200143,0.13654622881400916,0.059441123918060286,0.013109372199964865
88.277,0.008740923851396529,0.00668529047948929,0.021869264206676668,0.012476079390403506,0.02057145132519306,0.0023843313377875865,0.007354735148272381,0.019885922566860663,0.020085695385149732,0.04535174523800542,0.003001668061469991,0.0,0.006410434621313793,0.008273254243162236,0.023008972932728033,0.022659807654628494,0.03078986345687836,0.013082828491639904,0.004935861746576245,0.025823585246750935,0.004332063399470208,0.048405373316267354,0.02512218068362373,0.020130788161958825,0.13501855506797164,0.042774346847987886,0.027655659176288313
88.789,0.003921488816793289,0.0035482618927114235,0.014140844337599443,0.009440958930014329,0.013763395192130505,0.0005134098677573179,0.007024515823969964,0.007312895338665118,0.00402884272700367,0.046358262602727525,0.0018021048375477917,0.0,-0.0019942599138146086,0.008841227668930161,0.013487632421863053,0.02798641994895837,0.01722549861742534,0.00833006415768859,0.009424807041563425,0.018659034573473954,0.002349375048728933,0.03134987813054861,0.026895629668824642,0.03830974390568896,0.11697922337175648,-0.002454067385960204,0.10601275769007705
89.278,0.006217324483001152,0.004772563859058162,0.010713522178764725,0.007238741219180235,0.03166071470368543,0.0007685469030510387,0.007073061881143946,0.013913079132249572,0.018535004479722082,0.010748705711996782,0.0012917137046787217,0.0,0.002935987322810876,0.017265541856106757,0.01712672668741254,0.0183499772611561,0.0058625355110358685,0.00917801870652199,0.007922796757529034,0.019810681226403934,0.0020753152242317823,0.026719729146370046,0.02199185345279565,0.041757650791369984,0.09441083921346063,-0.0009131480174258549,0.008484509574493105
89.777,0.004904174769086113,0.0019526637228930704,0.004217831350748576,0.006306397758397249,0.04342086943275583,-0.00011352026304556741,0.004010763730970564,0.018354661917522136,0.004497144169643564,0.04560849386394899,0.0007702255164976243,0.0,0.006835984497084404,0.0012074241176825702,0.030138839485670765,0.01897758628344322,0.002840172825562852,0.005078988497666492,0.00952567826582658,0.023183807286181635,0.00010312928449322017,0.02179469706724626,-0.01255691104346693,0.043793694608812286,0.2487591152106292,0.04090065013425196,0.10224906446383568
90.288,0.006258500364818251,0.0034685797034096585,0.013818832955619684,0.008365034197843896,0.06171798448304808,0.0010818594953641903,0.003105338060791014,0.03101657736643263,0.001493059558303859,-0.01885550180912523,0.0013057503252036,0.0,0.011450454676799967,0.009788019947236893,0.033528724776487794,0.012996294318692661,0.008500012621094689,0.013186260354515698,0.01056485919348343,0.03339323197942375,0.005546544540309034,0.03025436624556759,0.017823941453913392,0.02249006599794843,0.15705494066745163,0.008570028339840387,-0.00016281547623831532
90.777,0.004410124967462875,0.0005215221979860305,0.012530052527365346,8.146756699848638e-05,0.036116545737933804,0.0008131999008160791,0.0020919894406762514,0.015701631660281164,-0.008756723896903719,0.0023036036738822885,0.0007797189546714521,0.0,0.009442067068383278,0.007150351936854041,0.011298579348334467,0.007417230787787907,-0.005724683973863962,0.0010731420376492672,0.004140824974204348,-0.004367060775831176,0.001317179082764215,0.051935086770744106,0.03386427286675671,0.007230086874869934,0.006420983690731366,0.006032878689590267,-0.01662815907933125
91.287,0.003909756038577329,0.001061491107739616,0.016826262505614333,-0.0005420851957452776,0.026695608102918964,-0.0017461099944393237,0.0013809033123064033,0.019789249401782474,0.006965915891454022,-0.010797272087561526,-0.0010967635783551662,0.0,0.008064036279516257,0.009424650857526456,0.011537040788728085,0.0007239483264389036,-0.0033767099661932915,0.0005909958157882095,0.0065911174097739765,0.018074978028855184,0.0031368100980459076,0.05257424813876593,0.020086593431998635,0.01401358214399346,0.08885671531672913,-0.037782847397671786,0.03588626740920775
91.778,0.00421200788998022,-0.0008983826495643936,0.011984084628453405,0.0010715628495520438,0.03348201254327805,0.00037970112057356516,0.0006682479099353034,-0.003236009832419903,0.0003365101571483208,-0.019993117392726207,0.0011826434473712298,0.0,0.02112537023164056,0.01665869896373659,0.014877198136194406,-0.0011489670196295832,-0.0007686704470030545,0.0027578260845435906,0.0061372323592158926,0.014040342801617626,0.00727033364977328,0.01513362016705629,0.03315421601670073,-0.0053094169643048755,0.019921929878503577,-0.020471003750031268,0.01596641002386278
92.277,0.007726235381610633,0.0036266830386966365,0.01004582212477258,0.0015526324678241431,0.04822138060456483,0.0016885586291860966,0.006667561500678508,0.02110693234910588,0.013319800027740957,0.03612202980373143,0.0010279384689255299,0.0,0.015740399237945898,0.01611849237936219,0.012064812272139487,-0.00172461153951009,0.0030113796111809303,-0.001611324553888453,0.008401540474499043,0.016192302121692315,0.002168651368599711,0.006440766561290065,0.03527927308634225,-0.001378251929101648,0.16520930371512166,0.05708768719728183,0.013363975548980405
92.789,0.0076053430318360465,-0.0008445111440772316,8.372487689046688e-05,0.0011657229787875427,0.03353948437799416,0.0011319563799380046,0.0011055676630990997,0.01771827167134605,0.010239756661376777,0.0032340805997059185,0.00174992198064551,0.0,0.010281455233493489,0.015928811448694593,0.011156387973793527,0.0028932261029171987,0.004424714938897718,-0.0009553090065837538,0.00409951287528671,-0.0009486945319684251,0.0028507677724093974,0.0038839542592624967,0.031714828969142184,0.0010574793865856934,0.04623574812611649,0.05069705928056422,-0.0017144005629448978
93.275,0.010743081637276237,0.00347708308925625,0.019787880029597926,0.002495813989379838,0.04953904810128994,0.006011833987472767,0.003204051302829296,0.016759587759515072,0.004362063964462608,0.08872523957530824,0.0030944929481245315,0.0,0.018845557523823775,0.01513228230462931,0.02336641470751497,-0.0017392548945621973,0.004609892288071193,0.004243030675681037,0.005825947264994622,0.029111032648389962,0.012413829196141249,0.012906618117810189,0.03812114139399752,0.023473536085691398,0.0263158949206107,0.11921550504442963,0.07132758741984757
93.786,0.010923794494135759,0.005630049149837106,0.012628253114044169,0.003899495217703687,0.020741447728601467,0.005177889821758565,0.007852375995535017,0.020788229078251806,0.006862071999154783,0.053601403139053906,0.002037144949159029,0.0,0.00629804309720162,0.012433481354157111,0.0241505227730678,0.009558313118442343,0.0052058940868764505,0.006573578315250235,0.006073465604049818,0.024694994844323255,0.007990298363590316,0.025952306260457997,0.005676769373268946,0.013275506517317685,0.1538810969500226,0.008428671770890874,0.10779199369826588
94.277,0.007915671481628613,0.005346750242134657,-0.0016323989976441762,0.004814666367907086,0.04312560700793137,0.005587820637337557,0.0016495824384562914,0.00560427118450711,0.005722216109590607,0.0062265829906486886,0.004998707263787123,0.0,0.008308753167179217,0.017747464990302823,0.023369906145217126,0.007708233224969446,0.010223062456174109,0.0031241437855532394,0.006251899394385085,0.011601025732549624,0.007543847031402209,0.008048741368170619,0.00610820353017842,0.02030959109421311,0.09328891421468011,0.009962347524837897,0.017849719239736526
94.777,0.011299624182264134,0.0018594805570717103,0.013506497363731211,0.006038470272263418,0.03243319983750783,0.004958241710623512,0.0026015533182676864,0.021491762243448717,0.0025608823246170004,0.007493227986477853,0.0036573205419669747,0.0,0.006754649366425606,0.015991707144362835,0.02660176900617451,0.011699984785016552,0.014128618865540444,0.01051503902785577,0.0013063267649567592,0.02004967724522487,0.005196098324578316,0.016651081795037728,0.029979321901317215,0.014590615445283662,0.20749923400403333,0.00037509684757647374,0.01816823557212827
95.276,0.009296524595708712,0.0015786515311914447,0.013791032946077354,0.0006649893759319178,0.042486979164590225,0.0037991818625252556,0.004323671282284685,0.01118929036897864,0.00993580970216907,-0.007267571374537895,-0.0003974692381588653,0.0,0.01134785771931656,0.01286194012877714,0.009584647015757116,-0.0017448091240471915,0.007949645906512367,0.005548347933224756,0.0012603277981961707,0.014190227690435724,0.005402269667633163,0.01127696355196292,0.025485339381326546,0.018661663423042787,0.11945918714574884,0.010766011343667607,0.07105414353041896
95.786,0.010800555422204532,0.001956079919755506,0.016910193423988883,0.001566592397569706,0.026395573182921947,0.0028647407951697085,0.005669204610142937,0.01454548948635565,0.0011335496473996894,0.08745610991254495,0.0005741852665307413,0.0,0.0040506965082921665,0.011205115877322034,0.008847705437551676,0.00015023450182070647,0.010641680873885149,0.006947783375421488,0.0033467245665713794,0.013196090781507401,-0.0018145094308152192,0.014450850078552204,0.05316847194343246,-0.00041099619613730264,0.1709174029078261,0.04896895195664483,0.1928998003706652
96.277,0.01499093844227212,0.004686490303400287,0.005571967773462723,0.004323326721055388,0.021399211344761263,0.0038064413589978356,0.006548378314830196,0.007079283211303585,0.017620053559233767,0.09039508493563883,0.003202527086458249,0.0,0.01655738468991015,0.014295425499685656,0.017330282480526458,0.01557535219346025,0.005945747192390127,0.0046756947812627535,0.004620670069786786,0.0031964409926264746,-0.0007241215785255753,0.02011888260601026,0.022816628139576734,0.018455802310812414,0.15971651970390144,0.06712956214902759,0.1455982942761331
96.778,0.010805831483165867,0.0024376672231779554,0.007915306392560087,0.001442680990464582,0.023520566642212297,0.0029914883440954883,0.000806389399732493,0.013524669639565093,-0.0013350098377762965,0.08917190792150609,0.002631042344817481,0.0,0.01320123376320532,0.013516960469471994,0.014260031956031776,0.009432726353040415,0.0014353915243609514,0.0013065835369007797,0.0023414868108078547,0.005957552378067554,0.002726341034052169,0.03256430699618391,0.009152121507189784,0.01315969016929765,0.026082158633973146,0.07189849356830731,0.17653892479393993
97.277,0.00945616551660065,0.00010371309908557422,0.0035032404728345453,0.003007524680729825,0.027008325209446536,0.002885292311391772,0.0019615864685558555,0.005004956248028701,0.0037869603856731937,0.07836613377408828,0.0014233971884016472,0.0,0.016130319212923683,0.005057548327996536,0.020719141896676712,0.020511426621736085,0.005629051675112354,0.0003287555471750644,0.003835791873621385,0.009178392690112955,0.006311191464135471,0.018291978394047892,0.008582902164034463,0.006890588815664845,-0.03493875781174353,0.08263168073636239,0.12355217576194515
97.777,0.007922071764756943,0.0020234527936364563,0.006277660783298766,0.0011726886588421448,0.020338470438298395,0.002990783944224595,0.0014222810519958357,0.007156974702057368,0.009235483892581784,0.13029203997068298,0.004383564591311797,0.0,0.0059539483575781335,0.008839698136457361,0.017072375788574016,0.021975338707723235,0.004390244287756331,-0.0015881116540174306,0.0006978720673363267,0.007910869975666113,0.0069177753430022405,0.010910202006488273,0.02018354503145231,0.0003588499725887874,0.1502188400412967,0.12692728129683126,0.1781750736975189
98.283,0.010038647167420247,-0.0002152838881756067,0.010930449803928407,0.003812900561767559,0.03727809318268298,0.0038768859838230582,0.006331700813798588,0.008703826414324224,0.010892788479600906,0.06911908360265669,0.003172444695859762,0.0,0.010228080680223177,0.01329108613391153,0.017174527793508445,0.013518935241232717,0.009149876344849575,0.005649341299556059,0.0028468373405506715,-0.0014682559408148604,0.009229615975514128,0.03074316633303791,0.03234185456276877,0.0006839356060165468,0.09313501365426562,0.04829841777271935,0.11943923853455567
98.777,0.010075216619321582,0.0015455744127880638,0.0206370198237702,0.0043828180023604765,0.055607547808271256,0.003994542410679037,0.0014059664563846519,0.01261482190921285,0.013135257887063809,0.07920392923788482,0.002540232457074724,0.0,0.00948165472826941,0.013349431125656614,0.010583498254256588,0.004331099170903057,0.013580610084499827,0.010904385847860116,0.0058658098548939695,0.022348159203147148,0.006420707641434846,0.028334374540611208,0.04628055328316003,0.034791574972967025,0.17036124155793128,0.10171545486922906,0.06756188664020264
99.277,0.013906269171585517,0.0012736211943536358,0.025047308444466475,0.004968545016979604,0.033105982115830185,0.0025757745214929064,0.00539123850344172,0.018744709020553963,0.00040275550827192116,0.06843155754081184,0.0023408559697307143,0.0,0.013616079582780695,0.015172755078255527,0.009770588192653909,0.00702671171309844,0.014036486168297743,0.009190902544816967,0.008412895543830736,0.03381370321982002,0.0038587735548599998,0.017833595089846617,0.059075288552620786,0.015223527815551693,0.14865975173604468,0.12334076013530981,0.048979896069426695
99.786,0.010345471562176585,0.0026732068072022252,0.017921869235616887,0.007398480409394727,0.01698855493625545,0.00326211757636305,0.01015726378543511,0.013657418728083768,0.00897238346756305,0.058928432425447576,0.001223140463797542,0.0,0.01680979216190782,0.02447860335364574,0.012373082432496315,0.01130812244852534,0.016246951236251583,0.010044024081611874,0.0004806631341967789,0.0195788969555687,0.009016258116566757,0.020406294700224797,0.025885465655063736,0.028066494708407108,0.04511491526562787,0.09407789226512235,0.037063985148566236
100.278,0.009077037232138953,0.0025248157549992603,0.012485749002877026,0.006342958667151263,0.020610795332541485,0.001198847000744361,0.0053958702771132565,0.006493947717253914,0.017617800112404162,0.021108898531146607,0.0024588448063051277,0.0,-0.00031361486271825565,0.013554996924252575,0.018811682195848486,0.01788346748891127,0.014878364052374742,0.008104758316596185,-3.6215017501879426e-05,0.009460469145129683,0.002690247658446744,-0.004509379094405365,0.05376803823992221,0.011542564597893473,0.016479192130566547,0.07087124433168207,0.02670238887228788
100.795,0.010796841292233789,0.007852942217681565,0.009576621280034734,0.007469905843042694,0.03453715526954847,0.0011096094998249175,0.0018858833374366165,0.0009771968560495247,3.459796643764351e-05,0.0717153588483922,0.002913608788563054,0.0,0.0001219613355015988,0.011201349551992137,0.016572197690335765,0.019090814042329953,0.023189408858025007,0.012975620475552993,-0.0006455733858240503,0.020874366905409197,-2.219670682378384e-05,0.00978541613636843,0.02027608842521397,0.03278296445837126,0.20363847268233545,0.13200043237419115,0.001178825963468556
101.28,0.010009705639565523,0.007639466574744332,0.017939593845180932,0.007693575081352679,0.05255960246196842,0.0015752670960822433,0.0008040503358919353,-0.0025127919155560935,-0.003907680216894845,0.06445799802182127,0.0022724872697805296,0.0,0.00029327796855438415,0.012435801100025342,0.01000008728138997,0.014263978214065073,0.02250728486652798,0.013268084505290672,0.0031119579929124682,0.029829897072875207,0.002944985149524124,0.018234383230768696,0.02918778688881501,0.03495083770709952,-0.03141842589814408,0.08495696636058106,0.06929476982964941
101.788,0.008529599498019659,0.006396150837256461,0.00024826105355037594,0.005846998796419703,0.024717470957822472,0.001153913794107834,0.004542390520679946,-0.004270473426033548,0.007756682189220497,0.05341212214949877,0.003930219694864699,0.0,0.010154901803672473,0.007273109701633567,0.010539145010471124,0.01255354124279198,0.020671491612917953,0.012152829885430583,0.0017619412926784376,0.01893073359625344,-0.00029395641592497063,-0.007808047890627939,-0.006525606274883322,0.03909919726565938,0.10519846648553954,0.0797674028983523,0.04039691371053506
102.285,0.007065019619742221,0.005344276114903838,-0.0031132915337106068,0.00536876772984729,0.02495513932946759,0.0025176211551773938,0.004045295454125924,0.003808243635815426,0.0040587483513788635,0.030689729253117172,0.0036593503744645033,0.0,0.006658968856719386,0.010863547737673732,0.006391053851097922,0.003966752146739201,0.01618102171703451,0.017037396057940177,0.0005761013771429461,0.002196154272663066,3.0260057020910625e-05,-0.019608301129716305,0.020496523074108777,0.008881851229451536,-0.003143342594978291,0.045131546920796906,0.05028660568211971
102.785,0.010246309623927776,0.005801069941011494,0.012524668027629658,0.00874763848290501,0.010293582115652422,0.0014911801843076496,0.0030139699112949093,0.018647456792749564,-6.953974685453908e-05,0.05219292317846352,0.003394125759868907,0.0,0.008063144137462517,0.013123050985841477,0.011974635320292783,0.007477718104944284,0.03485896349819781,0.015700734219925166,-0.00212300320082221,0.02664159437930234,0.003836030916394791,0.029378095206498017,0.0016545474605576375,0.0153356796450977,0.12835613380605362,0.0714697292938855,0.02755212344118012
103.278,0.009907481410135813,0.0069032166374472645,0.012361663509832173,0.01015299389544962,0.025025684206092646,0.005226988092202691,0.007720396423868511,-0.010798534410327527,0.003615148779994073,0.06945542299821451,0.005594203823884256,0.0,0.006282935711075857,0.0012414092995965647,0.021979601449750294,0.01646638394347854,0.02887641790002092,0.01807062276307067,0.004371596836270334,0.018849943076031588,0.009982662791402874,0.02835565110648217,0.019554761638616632,0.0020207610548706747,0.09984713720264539,0.07866460888172501,0.10471445862320229
103.777,0.010808558396775973,0.006985182818472446,0.013547815297010333,0.00697882182432768,0.020683404044406134,0.005003070453149806,0.004069294289421847,0.013545306351695291,0.007248360745003302,0.05621821415369518,0.0037582900465354366,0.0,-0.006838838393947177,-0.0009031472879428657,0.010646486313643339,0.010856004881318437,0.028849979929285206,0.01528450267608532,0.003235967969559804,0.02027743025330848,0.008575541177990578,0.01554926801963082,0.0350281379750807,0.015133659546299458,0.07367847635160837,0.0786181492458955,0.06647648090678454
104.276,0.0027787735426320925,0.006885236806548297,0.01346464145761453,0.002644397151445449,0.016926488460906632,0.0014752927226318376,0.0035288174009133655,0.0015767943969195156,0.002564445411902155,-0.010120602951471866,0.0006988476762927977,0.0,-0.0009677506531203549,0.0005489415605193668,0.008428415798909024,0.011668138016225911,0.011361187623902608,0.009305923539140722,0.0057880442774351625,0.02426729898926762,0.0032890896933643575,0.02211892854105992,0.02816417313119002,0.0008967261618233207,-0.027513728532944197,-0.003762871625806443,0.014465877523304464
104.795,0.0076075813338883904,0.0034432240131043357,0.019675905086336945,0.0014154728658775041,0.02109270336225379,0.0025041723722324287,0.0033592650267337374,0.006845834679497426,0.005159762330936245,0.014125271642231265,0.002190520752821122,0.0,0.0095504776815659,-0.0006207417982394928,0.011913982836107888,0.011137371920197047,0.00718911460595634,0.002403187959026054,0.0024081003788014275,0.02505143308465816,0.003759811510087938,0.03716481834066948,0.036870366891460796,0.008874013581617504,0.0887123132326467,0.019457291611500224,-0.04578543137114453
105.278,0.005770259683620295,0.0051928429809964816,0.020468463846928048,0.00427359779069995,0.02929495932550644,0.003057807295540295,0.005723081656999063,-0.002984890777822171,0.007924081668492585,0.07355409421056705,0.0034469530824941383,0.0,-0.007185037459796694,2.4299233337282353e-05,0.02680655944133773,0.01572193471308513,0.011713754673109644,0.006897434568068469,0.004914939313298096,0.029927892836133445,0.00084414167003656,0.05189578873098258,0.03277152006923678,0.021112893842963845,0.22886259457273575,0.088569438222382,0.0780232227385166
105.776,0.007779756506016084,0.007481024119278382,0.011795514633451645,0.003062828743212942,0.03829616387665745,0.004326722344068189,0.0030294711355038184,0.009405733666088316,0.014736571734153386,0.1025042087811875,0.0024218451572620135,0.0,0.0046159260320345315,-0.0016770054142736476,0.02316494399267639,0.014394813333505193,0.012908160869062095,0.004048415244284961,2.6405973736149836e-05,0.02534709236824257,0.003470175814226213,0.0436065410934364,0.0010335316948013695,-0.005089330567766548,0.18147386733539353,0.017469788525243626,0.21211156341970253
106.286,0.003309843007235404,0.0013085563140043837,0.005090548840850292,-0.003668194223313151,0.027389595047556583,0.001813781225459979,0.0008127217155478366,0.016709269346823027,0.004463244718297456,0.15065935586795584,0.002017796537272946,0.0,0.0060873927870475405,-0.0022728441970302745,0.012072468149353737,0.004658996731506434,-0.003409426039238467,-0.004006300935488687,-0.004835071327144539,-0.004214052125607122,0.002593065649202229,0.029393102544940708,0.010590721983765226,0.0005675647474089535,-0.06759623111730752,0.17041188379475153,0.2331578632043708
106.778,0.010612991134734852,0.008110267103612808,0.0004885295406499309,0.002763324149488321,0.05207308138887022,0.00311557913833409,0.0033015424877490397,0.01948847514332844,0.00315847337917889,0.20907533100770256,0.0019264070474266043,0.0,0.022990571147820812,0.010674050422195555,0.008569386898804059,0.006317394589149356,-0.0015664771255205342,0.0018066172801643225,0.006351374456982547,-0.0032072564465601434,0.007953159172910907,0.01880127575681121,0.01878268861577202,-0.005275228097935343,0.32909032272478683,0.12802558445240517,0.3051036080818074
107.278,0.004680195745088445,0.005378686186314741,0.013492087869656466,0.001878523349541554,0.05698280687782915,0.0009616580869117834,0.002573739528940537,0.006641984051678489,0.004485442167876273,0.18698754284579847,0.0016513861012778977,0.0,0.009504431965557388,0.005058238491841949,0.012751126090675372,0.00963896296414554,0.0006622027183736982,-0.002906804363712659,0.006169483226735259,0.015523832838900194,0.002615187264509954,0.03186413528298837,0.03461982506453888,0.02995765930601291,0.1403117874137032,0.17829862320925283,0.2638139552899856
107.788,0.006088037797497904,0.006702937624675114,0.03464311788435063,0.008367187363068527,0.05279732979555367,0.004113602806036599,0.003188675444472099,0.0054439595775356685,0.013252731033237961,0.249304135703944,0.0015239338853438253,0.0,0.0074977479502234936,0.0061338050196162106,0.02674270923118838,0.017322844360291394,0.00218092949445495,0.008158921189161452,0.008928993548692853,0.02534013895904102,0.0071143126817000924,0.06514397919844776,0.06533354619994487,0.02642177728576968,0.24639249304958882,0.27316706254417716,0.29511949943987004
108.277,0.008245074180949791,0.004969611112661763,0.032686808656713605,0.007525776017732973,0.04655969273793999,0.0031129152774334893,0.004325208743753727,0.015479689199786343,0.010427545990041514,0.30195317716411674,0.002067533367804676,0.0,0.008733358220761177,0.01765743396668398,0.02566330061475837,0.013613903824828737,0.0025757735578847605,0.001954222637882814,0.010832625097427936,0.020412976727079077,0.009314217395311138,0.06964184912285025,0.04932261650671878,0.05994677188582755,0.12752947879275287,0.2719417662682833,0.4608869146175397
108.787,0.008209161765564752,0.006437156067309282,0.02516432487491326,0.007625852539868338,0.046071912425132186,0.0012097384239083508,0.0032642482783186936,0.014471592924212804,0.006816567319313907,0.3277333595321994,5.0144446121472e-05,0.0,0.00018571771580787463,0.007524346534440843,0.030791451756767067,0.023038517464350376,0.00036312768616738667,0.009106318019345836,0.004522276171377535,0.02859624747273661,0.004933476559712516,0.04896785196226192,0.04787862207155266,0.04398875323178377,0.21239815994561045,0.29989904189049005,0.4114081445447634
109.279,0.006416660393114938,0.0034936942344094965,0.01865247877614575,0.012452066401207626,0.03312922220563093,0.002007130371723774,0.0012555262444813504,0.0277520848404902,0.010806239468196494,0.33729283315659153,0.0013093245248395674,0.0,0.007383468112676505,0.006521561031278531,0.04468866826405779,0.026738222888728003,0.012106344307417406,0.008410350052615563,0.010094952190142526,0.022861636176112362,0.008107158780037076,0.03244100216655931,0.038874619517726555,0.02426034212292531,0.4385243775475459,0.34931897584477223,0.3768533388730788
109.777,0.0003999179149300361,-0.00030389239451196134,0.012446406529593708,0.008780795671082363,0.020934098793012494,0.00110621796107776,0.0007397611341390992,0.019882570661056538,0.0025785414004962626,0.34201945322668775,0.0019259759647188195,0.0,0.007015936153387322,0.01125261061036813,0.018658830235962515,0.019911993547022326,0.014587887622317218,0.011137888734028392,0.006871008511755508,0.011569670165854687,0.00764148282161925,0.032181270111894617,0.028076816953830658,0.025197812316123183,0.15273850894825514,0.39344906130268864,0.4071429130956891
110.288,0.004645125251287517,0.003555670733184267,0.024386923273975923,0.012615725543457135,0.04548657085972285,0.0031027661037480335,0.002942440880008489,0.02294454781559066,0.00909333571749103,0.390699009711556,0.003717068219075562,0.0,0.011251168398727593,0.010551043606336923,0.027109880039344746,0.02167365094892602,0.018843872259096908,0.017108221311628164,0.007742792119023182,0.0240844505501143,0.006854819856932573,0.05743008758365339,0.046030634431430933,0.023801921024289092,0.25815292039393317,0.42632348361753025,0.44105869808242565
110.779,0.005945391173003153,0.006055210902382511,0.028244404046933326,0.014860953860530988,0.04051446581131354,0.0029602745376227516,0.004195078978164588,0.02447784506060172,0.020956104663632232,0.4323210211146068,0.0037004258561471656,0.0,0.0032942774648249667,0.016884085710625957,0.021762716330119024,0.022155849198261603,0.029546698991284325,0.021307254359355623,0.006554874379604906,0.02670385136630286,0.004593520118202997,0.06010671530729227,0.04080634182764666,0.024717136781866225,0.25954938645805087,0.451077496851028,0.4897861675513789
111.288,0.00542672794095336,0.004145616159934719,0.028386558409052052,0.012249696221043976,0.006436726732607752,0.004245626107506376,0.0035639221944863196,0.013501996924552171,0.02026152338530831,0.44247421558525857,0.004165701768995671,0.0,0.0021951995166422894,0.01496356034084539,0.011396100060491462,0.0157478848983098,0.022406280424415285,0.024040863747755558,0.007181687940769562,0.036218746431115244,0.005265279493014428,0.06953805905214504,0.034012078691881595,0.03138257300954403,0.1860122274652457,0.48549705155067474,0.48255043490398947
111.778,0.005447266966398624,0.005564249256227719,0.027151170859175625,0.01123322186737088,0.024572394270883192,0.004190014850116923,0.005709474746476069,0.02455935929992433,0.021080689032100117,0.4300367230206043,0.00549516284953502,0.0,-0.0008902285918615942,0.006006141305600488,0.016836800418258465,0.011841326910314823,0.02218045356326876,0.022224294094396697,0.007455666528796006,0.04672008650218273,0.006505085586003959,0.0786265694192788,0.009275006989065304,0.041257025435509104,0.2762136626485614,0.42182121935046163,0.5107041901537205
112.278,0.0054764084481629775,0.004958678411260318,0.028864031179074955,0.0120340842958849,0.014469337813837054,0.0027939339218043964,0.005081191994555829,0.01237799049206043,0.011987244839942667,0.36570257289416896,0.0036778826285267774,0.0,0.00968535756859526,0.011581235943031391,0.014522460632413109,0.016558277437397014,0.0229627440297613,0.018406979134087932,0.01145783211698929,0.03289627541582118,0.006035310241809539,0.07155921082879439,0.023809743015019365,0.04681043601751707,0.14107228683597875,0.4162674573846054,0.3990219498194482
112.788,0.006053405188497353,0.002270217648586906,0.0381040579262004,0.014031235623323323,0.013353161565021606,0.0044206234732355795,0.0076180381764193025,0.024998540753013554,0.01783116940101594,0.25404578982103887,0.0026482091455218193,0.0,0.025621016813093773,0.019930779177182032,0.014909387455580908,0.02118376055298198,0.02275418775807782,0.016860047267930122,0.006063859600818961,0.02462376810589952,0.009351629564873202,0.07958588869570186,0.06891058014566126,0.00955994068396573,0.12876851601815284,0.2774965983932938,0.2979442788980156
113.277,0.0069860243102349,0.0016305613729013413,0.03495675088701508,0.008634808424706299,0.013321352707579885,0.005708878491947425,0.004937554465614691,0.007906421550012501,0.0076724373861348375,0.27594774136659983,0.0035333905886686095,0.0,0.02566943692226654,0.009952476237313483,0.014841854428901069,0.010408935524870036,0.009476754644159952,0.015074924243247563,0.008089807923689685,0.03511500887084301,0.012268159532405254,0.058115008165842065,0.059332212737810135,0.04263956195728798,0.14339985357049728,0.36811605676601217,0.26160867306521035
113.788,0.005054919194314009,-0.0004941997328731735,0.02597419275643823,0.005962335695004334,0.021618631510089376,0.003300885816777849,0.003777139000812364,0.01542967706397266,0.004769824591541238,0.2291576990397183,0.0003761396967834165,0.0,0.007936764318035246,0.013299313952403984,0.015441671964076519,0.011292659913888819,0.010203620398872978,0.010495383879955892,0.00306234974829169,0.0234977849386699,0.006533094086502238,0.04778921634374931,0.054308244880382786,0.032423323094870095,0.1183958081665886,0.27380403835876144,0.2461155505222366
114.276,0.005425267352522159,0.00025787424662334567,0.027438854850667257,0.0050875757957606705,0.048669825206267996,0.0036929648082551663,0.0009762476066435113,0.007154656240599923,0.0044342727551826095,0.1484904722075182,0.0006286550175560536,0.0,0.014643896849035153,0.011736668556684688,0.011787480385924755,0.009655566760699962,0.005097504401786297,0.012646507725194635,0.0032707486882991546,0.02526181585630124,0.006857778673248859,0.05037044011576439,0.05756998398408525,0.029155944714126355,0.1966543612603122,0.2147164464827765,0.17967591805626967
114.786,0.0035954358615138474,-0.0019477101220605826,-0.003942691512080722,-0.0015536252882359318,0.023173773686563495,0.0013333338840087056,0.0014422015449406962,0.023133969468750782,0.006144787225479482,0.0797525378173175,0.002473538621084792,0.0,0.005152448426932571,0.005732129969702846,-0.011362103844384453,-0.0030250877095783974,-0.0040348254487015235,0.004422012660379543,0.002439010551390159,0.005285814255324696,0.008221192172054052,-0.006760795067398722,0.0069529833565690905,0.026165016896230773,0.08375690286413391,0.11978948685280591,0.11082273409895413
115.277,0.0052551356523743015,0.001557961803811161,-0.002123103186414198,0.0033820143533612227,0.03408891207823788,0.0015260190533138752,0.003517295984520451,0.007995947408509754,0.005196854834701649,0.10321874930137093,1.5125746404715042e-05,0.0,0.012335403261743382,0.018782592200991946,0.0017230290863527679,-0.006047446125252661,-0.001311856588702142,0.010806106190834578,0.009225881072486333,0.00359838870785313,0.0077884569932039,0.00987593110732938,-0.0034148815775888216,0.03054410343090308,0.03706818061209685,0.12973632374294544,0.12438355614204952
115.777,0.003730860639486923,0.00010636557044797617,0.00842925389505999,0.004690349437634903,0.002351380070933815,-0.0013583413588963773,0.0016563305456914546,0.020733879751401882,-0.0015391139067248902,0.0881110251088748,0.0010743461880817467,0.0,0.00881340354098784,0.017560578468217597,0.0019786525194881903,0.007087861569483844,0.003138575592800688,0.01162834154132934,0.01000276569361499,0.011989773238913603,0.0008948899993432364,0.011235761971404943,0.02122380464123374,0.013529195949308154,0.09635450271680035,0.16735666400467625,0.03577526351402228
116.288,0.007038069269975051,0.002204315541810437,0.005001050754914508,0.0045438146507521026,0.01935851159260059,0.0006665938648096107,0.002900178243346747,0.011076068829800105,0.006946116137341054,0.06911142561027146,8.548795349352795e-05,0.0,0.020301779764439514,0.017303562446341,-0.004543208843836091,0.004115947484474188,0.003408305391156718,0.014368989564976948,0.005919902043598551,0.002482400157001357,0.0019364430852962242,0.03644918968692587,0.013883353301878764,-0.001490176359245246,0.09894498159509516,0.11564480772779227,0.0680078150734752
116.778,0.008391166766700845,0.0009678723932358448,0.005440571504180977,0.002541966217358408,0.027078575752997786,-0.0006246831424539892,0.005093888718966359,0.009274158362669623,0.0012306704834973443,0.03998979203486259,0.002938812485308085,0.0,0.008661564787270076,0.0073930247197883615,0.003796269098927589,0.005866853842615552,0.0072242006105587096,0.01117001058796679,0.0011303596602733564,0.011234896681091951,2.84440128736726e-05,0.020618640329090353,-0.0002494918392523736,0.019493676396857312,-0.07848111879813978,0.06394761448084078,0.0685274563468658
117.279,0.005878603884754028,-0.00046583322183766014,0.00505564759931568,0.0020678092752100087,0.01828358177561521,-0.00038199504438050924,0.0036091075323031884,0.003917739181454465,-0.003055503916011427,0.029382238647045124,-0.00031825221104109783,0.0,0.010396319133905048,0.006073264719031922,-0.0011194347792739723,0.0011966143392577453,0.013004542916820556,0.011249464561492352,0.00417740220342424,0.011368975562856818,-0.002475659292115782,0.03778584332346141,-0.00912170763369285,0.013701991642283803,0.18889521547594315,0.08976826136079365,-0.004815726519827463
117.778,0.005228940039675043,-0.0009938930178018917,-0.0032395372700810897,0.00636806085318514,0.03977719790600792,-0.00056695871854257,0.002250509943247359,0.02396585059779857,0.0019420570828986266,0.013774056661243234,0.002308097073604155,0.0,0.017273790380701207,0.009250340934209397,0.008915345402294586,0.011328862832483692,0.015217583966259145,0.010011783416316158,0.008921569767314652,-0.009055641302676809,-0.0022367497794706054,7.190872686164599e-06,0.017000681139683605,0.00012695756140630824,0.10976217728804862,0.040972455109110156,0.02657895783885469
118.277,0.00813311872318014,0.004004154984726599,0.005954790328772446,0.007812726177540376,0.016421593360314592,0.0012628686546591623,0.006128573315626733,0.01742372938452971,0.008195011907463556,0.01699182933454588,0.0022798229829891544,0.0,0.009439197760477722,0.00415622850284148,0.010336485357205313,0.019519443587188354,0.020587324703533336,0.010626480604391664,0.010300773745641792,0.01609205256122109,0.005120283693045061,0.01301156931446985,0.004180796083320621,0.01197424038867621,0.27832004731015625,0.09119975631327998,0.00027794333567903904
118.778,0.005924016319637215,0.003535973112095087,0.01334890143775187,0.005685107493937307,0.018235704055297074,0.0003991591169473667,0.0010211667071972903,0.021210775692014856,0.0046098908114018955,0.059764987417732535,0.003041556235659952,0.0,0.02067772534250728,0.005775728491652416,0.012201284700047686,0.02091472896543721,0.016975436081428426,0.004569887738893207,0.0010596989756492736,0.022574214101879035,0.002188838622428625,0.013351993728802521,0.02099324600871428,0.015210681042129212,0.22722420578760819,0.0853649389061741,0.09200684804831159
119.279,0.010081851668097686,0.004728540530768698,0.020760803852880354,0.004404121700085419,0.02804451846178451,0.003507956334921553,0.008415510075885011,0.02177434949433402,0.014714325991277729,-0.006530813376526576,0.004811063622356326,0.0,0.00734307145779854,0.0037995845177614005,0.008213717920267176,0.020970633500894776,0.017356260968695473,0.00775327805656162,0.0009770356782807202,0.029643043943143384,0.00045507214068175904,0.03983327740769093,0.02030892884594333,0.024846356026382535,0.2981791590562214,0.03278322061304202,0.005390163577999378
119.785,0.008214689927374598,0.003163754873371203,0.014055464683761988,0.003660261507704219,0.018261825022037027,0.002072059831750718,0.010979444352755349,0.02077942754966327,0.0025175016795964773,0.04290607218095071,0.002774711084112266,0.0,0.011524520724386873,0.003057866139623444,-0.005944543310855854,0.008979063017941996,0.01745598263411745,0.007958404033031006,0.004984489060856847,0.02666818051055431,0.0028539001642822544,0.02884580440915242,0.0031865540025252173,0.038999361462443274,0.27786234711613816,-0.0032558854440998164,0.12621396355453207
120.277,0.011436822503662836,0.0031681323409990837,0.01685922858471694,0.0003642983862889595,0.007664697274963915,0.0029273438251888146,0.005425800064264999,0.007836707879455503,0.005569384432505454,-0.008516378362895566,0.002981751764421503,0.0,0.007534338702248689,0.00422310975512172,-0.006082097186196447,-0.0008604519689525302,0.00951535093148812,0.008718668482269371,0.005051943924738917,0.02546344727844755,0.009074231874147772,0.032018627538011275,0.02169263503717525,0.030196984929647543,0.11504007857269126,-0.006542300318505546,-0.0031789009401647496
120.777,0.010876800580021944,0.007863833491323127,0.023368564952243067,0.003464926875595626,0.012740090652538946,0.0038728882798233295,0.006499078792043311,0.011049797575366711,0.008313897338158686,0.005667380464455676,0.0031107226886317087,0.0,0.011213524897575477,0.004085491120841525,0.013262704865545339,0.013537680200046334,0.005107184716156212,0.007832514447273092,0.006585807639341715,0.0454392841621482,0.007137460760947176,0.05635801271088012,0.01334757396899825,0.04619944224780707,0.19011931964488368,0.017636086838835878,0.046241189610018815
121.288,0.007820997952257311,0.0027600549941918895,0.010624812346649358,0.0013025090867081217,0.00985729990852306,0.0020044090707760035,0.004451653214045408,0.01911497289549937,0.005965874508122403,-0.0019667902194606753,0.003811365309346036,0.0,0.012888337358922575,-0.00031908260434991516,0.013179018418292967,0.013754829316741842,0.007848957240718985,0.006426636793807072,0.002629189963003128,0.02716457427919906,0.003258636812831056,0.028719650047799087,0.006212670996553507,0.04829352345038351,0.055280538841692595,0.03445608398878788,-0.010213056745911256
121.777,0.009130395951165613,0.0017689174088218137,0.014416899520390382,0.0014364968298596634,0.014943863086615711,0.0006443904406253507,-0.0005448548032260558,0.012670798925905702,0.019032008024794576,0.04758731074444389,-3.603069735604075e-05,0.0,0.023322612316646733,0.012837769651005365,0.008185139565759659,0.0075682771943341495,0.0014932041271036815,0.005112381009335093,-0.0011553063446906615,0.020266910214327305,0.003202993891712747,0.035769693905011696,0.010526598116997665,0.046412403035325726,0.1988990334887527,-0.014493182584670687,0.06602804263675488
122.287,0.005691503069126425,0.001825523714724485,0.004791074188289923,-0.00015468620640292642,-0.00985159721032596,0.002118417064463898,0.0013813595573369984,0.026012718247933806,0.01839265995692916,0.024969603599729048,-0.0009151010689947135,0.0,0.019489841300060054,0.0060028890182812515,0.012745292902548245,0.007105045264641245,-0.00361474759580542,-4.527580297980029e-05,0.004106461068554959,0.00565283494896364,0.007437301514098006,0.027242401516610098,0.002540929332804936,0.01937008607263109,0.2350930650391483,0.009302923021500561,0.030958275384122297
122.783,0.009331708760884442,0.004518328723267576,0.003975825547775511,-0.0014255698610906923,0.009517703893462084,0.002755527901659439,0.0037266706165656007,0.00579149910002627,0.026495597291164914,0.03122435512048308,0.0015164570462554406,0.0,0.02090112671541042,0.008685298757851002,0.011254768243798402,0.0015036148819331649,-0.00019671092069529112,-0.001851592769835558,0.003804559555711587,0.007057343969136971,0.006506721164987758,0.009651271363826838,0.01655929490045519,0.007836413454949434,0.3068027471665551,0.06996314937597137,0.0004976953946663033
123.283,0.008580922219521784,0.0031688132462785313,0.006911881014736781,0.004330905140752912,-0.002142476331091063,0.0034388014104452056,-0.0004445569036453079,0.009555553504109696,0.02237038518618879,0.006967372655797695,0.004936285564596725,0.0,0.01572153925991525,0.0004666984203376555,0.007469889642380391,0.015637564824503517,0.008853851803421095,0.010275539740775809,0.0034481963932878413,0.017064069859762415,0.009816144552351408,0.0018199504646874516,0.023963175269141743,0.0028829167079508534,0.4622102521111165,0.015312344041958352,0.03907899221498441
123.785,0.0106037408615541,0.010023744151189388,0.010315323232299216,0.006812996864522288,0.00027424310345866,0.005104535042786388,0.004386667692232765,-0.006651703552603379,0.02020276955605971,0.08914915392899847,0.004399875108076546,0.0,0.017920504902197827,4.687589350368775e-05,0.012034645883641957,0.02169429988483042,0.014916251272800937,0.004833201543791603,0.008593031935235858,0.00968490179886012,0.006464449877741172,0.011055051534839402,0.015451881053623424,0.027235410458864767,0.228486365031925,0.05257758167650786,0.1503560717118219
124.287,0.01216648642851013,0.0065110544336024955,0.01114866617884605,0.006260175974479536,0.005444874281648994,0.0039361689230744505,0.00405401555374278,-0.0020423473301404305,0.011200102572388982,0.05737600617616267,0.0009336750287695734,0.0,0.004942063377227364,-0.008090343762428447,0.01622385107728984,0.027582910727923696,0.02185218749510709,0.006993818676563034,0.006147206587715925,-0.003823910172721655,0.011919428367910583,0.024804432429291794,0.03033586614244362,0.020377686902257452,0.2889105866952856,0.03831071532974367,0.026098623575200593
124.777,0.004905736171405507,0.005230579240770707,0.010265021465572535,0.011888085495600102,0.020735815820961512,0.0033695923400920784,-0.0016619435180105391,0.0027521502312001208,0.008066936736791262,0.10210775533411694,0.0018755795730899425,0.0,0.01750412573273291,0.006461242260253094,0.024587273241278153,0.024945103382649093,0.027110622126284727,0.01337616037948386,0.0068433532729732256,0.008737713927273943,0.01188957413506523,0.0062394668147550385,0.01690730311730597,0.01667252196910593,0.3050431497244649,0.11192427488070752,0.1300627988501526
125.294,0.008347760849738858,0.0038062902492125962,0.015820801492353327,0.01581093653939501,0.020978342250323297,0.004223876512040342,0.0011868061774716848,0.004301835173047083,0.01601430262036195,0.10063711081039223,0.002873127105065974,0.0,0.020706266501055278,0.023709041704912306,0.04089850080855569,0.02402067052347876,0.024989264745953543,0.015031010971279119,0.006300698328864445,0.02004313692136103,0.005508408900276211,0.02124388850966085,0.013801770808021557,0.02824073573981055,0.2700184453703446,0.10150670421088538,0.10157523893957124
125.778,0.007866970974763302,0.001430591481056473,0.010816669642876427,0.010840047184468167,0.02923713212380097,0.003261336195896161,0.0017255460462576395,0.010689474418650072,0.011055742874589833,0.09508787271143523,0.0009942539773950096,0.0,0.011118443173435086,0.0319673505063213,0.036780153823089516,0.01722348641586313,0.013121321959597565,0.009462404507789814,0.0013288643763677127,0.00908656156928825,0.005465156988462101,0.018906160135398233,0.019702403576474795,0.023866920347614843,0.18767021510086587,0.10867407082194921,0.15620336757910228
126.278,0.012313680312783909,0.005483490310638971,0.008893023498135068,0.009165215971510456,0.04061123730042124,0.003058697667861356,0.002032389111400659,0.009342823482124164,0.024835582542592927,0.11477787218016762,0.0036099135201389547,0.0,0.015213809471192687,0.027243328183103314,0.041264419171157224,0.013115992891149567,0.0068828072156182675,0.004786558919559443,0.0004976171169810259,0.013247206422268,0.006656265742742503,0.001080788668265325,0.00615325714674678,0.03131909820155265,0.21700330819828917,0.1752648566647769,0.12569194926088348
126.778,0.006474361764189307,0.0032460482970850034,-0.003552799949504368,0.01367881367602265,0.040098738577073606,0.0028503963820415887,0.004885478520194019,0.020587124180384022,0.012604378246982642,0.06019581502212405,-5.424626338668449e-05,0.0,0.016702765449724037,0.018861237837068865,0.03986281420659194,0.017604184828203723,0.027963999598613162,0.014809901330226452,0.0015491951294402582,-0.005808969014705554,-0.00014863776657204824,-0.018808651961406818,0.014909578067287104,0.016818553027995387,0.08191611191347949,0.08548758228181906,0.077708717311488
127.286,0.009700648079795236,0.003628504520504252,0.01406931286978377,0.008117880988025553,0.0036222145919251607,0.003959682380515991,0.0019070875526558224,0.009487854408332639,0.016917955129215827,0.0012370127474070384,0.0008771974693009132,0.0,0.010185339432673668,0.014130595227098587,0.033726061652768195,0.019577432088466604,0.007502026638052427,0.011927013937251237,-0.00017050382001393516,0.014436269099882215,0.005195956713423658,0.00802418057967857,0.05565331908602883,0.022236131892425567,0.04621839114610231,0.014614404079309503,-0.005910358973332062
127.778,0.0065164310045205545,0.006816732893512319,-0.0014593385588184112,0.00839280270500041,0.00013011929468316239,0.004240925468895422,0.0011534424520410092,0.02981197889313029,0.008833058635652952,0.031501219576407814,0.0020896402423268103,0.0,0.00550788116509398,0.01579021090389914,0.038168754792067695,0.015204995893227423,0.009799692920067962,0.011591600291830345,4.918317128592914e-05,0.006671919115393741,0.009615944996667871,-0.021267964511827473,0.012044021069024793,0.028386131850184425,0.13978047487051246,0.03040396838710682,0.04968162661608108
128.276,0.0064020426326274315,0.00450835286251954,0.01035406282261319,0.007054551579365517,0.006317708822678857,0.004152047338167914,0.0016873255763489945,0.0029904487931166042,0.008874480784048896,0.016370659062385804,0.003872194706666735,0.0,0.00977948492963308,0.015698427457067208,0.029912710649765847,0.009568448042793139,0.008640864603770821,0.007328997804285001,0.004485249577563499,0.002652719218577897,0.010463647227702178,0.023073047478310856,0.02286699370923667,0.021167667525146646,0.1885738924659691,0.007141497670168003,0.03066937650583437
128.788,0.009406887243109667,0.006472419004215613,0.012912591334290863,0.005087258059233598,0.015387802825840931,0.004753982020599855,0.000685952095857017,-0.007921667708644912,0.00958272735531587,0.032900039844102974,0.004479043465145481,0.0,0.011301808545182753,0.01043337382135393,0.01774532227507947,0.0009922405921996686,0.016608942885551564,0.008274319392376193,0.0032200011944522053,0.015064879079997541,0.00920907630617034,-0.003892522003223872,0.03149113971686736,0.05125234386633491,0.26433816463040677,0.00796227239099745,0.08500043212581798
129.278,0.00571311665414994,0.004043755257773454,0.019183922287521957,0.0032841723883337034,0.002644095968282253,0.003915829820400728,0.003985925904117813,0.02209978233103022,0.0015648587250593324,0.05268722614327825,0.003432781942851555,0.0,-0.0015852084248242845,0.010278620866819195,0.012882670180358121,0.0035740323817212293,0.013534302363979768,0.00902955114661365,0.0013809695567146127,0.02171622837773556,0.010775988941345576,0.018962910245281298,0.04403814011316971,0.02882352099576416,0.09419652588423712,0.04732122139193725,0.0430512498942191
129.778,0.006968651844109482,0.005945980921091412,0.022184749337865618,0.0027904839518832583,0.024331471795936612,0.004571601147325648,0.006069944676128207,0.007843498578708603,0.006429885130724282,0.05564392122028888,0.0022374412652328476,0.0,-0.006285291120691029,0.0057380525388781205,0.016982564370558745,0.010026864490270723,0.012186534210116645,0.0038374033466901103,0.0017818994720535703,0.030822014898938054,0.00751056405484374,0.04874753948009943,0.019977379909066572,0.058678562775088414,0.12550379084131666,0.10234820794187069,0.024366641426147907
130.278,0.0059072448180800706,0.003457620665893551,0.02310663078032362,0.0027109328695782303,0.030196881473838578,0.001680601253365586,0.001847023357585862,0.0007942461839435428,0.0017452961458664091,0.06525243178781176,0.0036464579698842012,0.0,0.0017098569100104616,0.008189840518060425,0.00996032613345847,0.016992869034647484,0.014271502371488163,0.0020099995833611703,-0.0012004584967793496,0.029008920577716455,0.0035675891906154565,0.03960297829490843,0.03374191868248834,0.03332230785558818,0.12226588804858703,0.06634706421460375,0.026821477281963917
130.787,0.00581712671915687,0.003749480789472509,0.024584728927915845,0.004879697727850084,0.013056076714163718,0.001727347859481633,0.004765889281316569,0.007361838093147918,0.008881955683207448,0.08084317986596486,0.0019688491409123165,0.0,-0.010987272876358074,0.006282808238660594,0.018040240515623397,0.021140532764686564,0.012528921587001826,-0.0015607423436244138,0.0057343265909351486,0.033259723688713355,0.008082270028545158,0.04870113400097316,0.014556663328081481,0.03434687547517062,0.16849709939288662,0.0952306278924589,0.06519271891017953
131.278,0.00285170323859761,0.0017911642380117466,0.016365331163889444,0.008095995497107943,0.024700709492167502,0.0030703001611812873,0.0029518255622709814,0.012950912824900095,0.010403085759755439,0.07012277831615886,0.0003492144362482833,0.0,0.014253324549314383,0.0012236411330782803,0.029188082120880535,0.0251541517138668,0.012069201267199858,0.0068333235345519015,0.004682035270197549,0.028112721968509773,0.007029645126017824,0.04085893424867843,0.005660975203503746,0.02661133500740634,0.12445741377524315,0.09688111950840506,0.02275214191922514
131.788,0.004182030906700555,0.0027976936570448395,0.010473464219979765,0.00895269249760882,0.01686576828205463,0.0025684294962790145,0.002546450330169356,0.010003186548018801,0.006510005430411748,0.07747064420714656,0.0032259852963271206,0.0,0.007780471386167659,-0.00327866384447173,0.02760924850322274,0.033925112562626134,0.012803239176242003,0.007707885901091469,0.006887451434107051,0.02026401251474864,0.010378634079683554,0.022890092356427565,-0.0018104433350077072,0.029214136194042006,-0.08355959822626755,0.05831538657936197,0.08320435607737083
132.277,0.00509079954695494,0.0015049821615576453,0.006874047971663189,0.00658024043354933,0.01630231087352257,0.001930341046651431,0.001099719743359539,-0.00976241914454458,0.010378061145449924,0.08184674406895366,0.0027687514193290067,0.0,0.013929291212820593,0.009481623608180344,0.03927496974723336,0.021527269950972764,0.004784548280138683,0.000477364596895345,0.0038232066586782703,0.018754512099980473,0.006825682208285833,0.01388648015803331,0.011465503616552897,0.016187390925472025,0.018380165355070144,0.10602662011980779,0.10484128866618417
132.777,0.005859662824594609,0.004241012337248292,0.010194176234941338,0.004493089485129725,0.03627480827428398,0.004121127551742925,0.003893710121877452,-0.00219116963419793,0.027966355102556403,0.06009797534377354,0.002293838599928311,0.0,0.002569375385533617,0.004626513935525144,0.03235062714652714,0.01751099206419955,0.004148261516025888,0.0005325018268844006,0.002438781886638718,0.0075170667530152875,0.0008924572701267758,0.02945389331973788,0.014198852717654111,0.030498885070738446,0.14673717734461567,0.08876980393804076,0.0464535545269518
133.277,0.00458225174494018,0.005359741977237164,-0.002552728235623472,0.0037317283103047386,0.013713591292777688,0.003976068749947683,0.0031570257696234066,0.018074935935217352,0.03993596631788963,0.11996702618627,0.004547978340350027,0.0,0.014220324742385439,0.0051805312239546234,0.028388434789220495,0.00810472869299785,0.0029421177878568507,0.003931374406679649,0.0035601964008743847,-0.001627292742245335,0.0031364073606443875,0.0017571648447584983,0.0005576037647724235,0.004600271423485319,0.08144630830419987,0.11391828745080956,0.14186395357135817
133.788,0.0037368779090513424,0.0006103687376914904,0.014339106425727619,0.00394099503824063,0.013300083673531847,0.0030752237503383346,0.005625615638394361,0.003908050217531136,0.013012329382758644,0.09215532272682252,0.0028451818911689863,0.0,0.007191248570012162,0.008686579476488484,0.024349976115592153,0.010764200418871514,0.008342869946678577,-0.0002463977363961606,0.008197293728337392,0.0048744120720666945,0.003676614040287437,0.039853810726203615,0.02485273931984327,0.016391210574930894,0.22360757662630923,0.10886550207867696,0.06879010006136223
134.276,0.0004469485948081706,-0.0004464638188635557,0.0019688325255365433,-0.0023944276601605007,0.005437474181396917,0.00019394046997889546,0.002109208516628958,0.006784465274792957,0.009981986523064547,0.030860920601158283,-0.0005017864333057752,0.0,0.01715481069126423,0.0083513679519947,0.007074212442563399,8.062670835769615e-05,-0.004468231892641475,-0.0061089069432415325,0.001115189556658162,-0.0011816231959045152,0.0031395612014888446,0.01172581780398549,0.017379889963491886,-0.007954578758109036,0.10698402422283887,0.025266015106082576,0.0542146467820386
134.785,0.003907937039151335,0.0019941490904236848,0.01625392161360921,0.0035921081423576904,0.02520542777547502,0.001639824651106782,0.003886237787468317,0.003360245103835592,0.009412707589122271,0.09537086497938696,1.3561565846622333e-05,0.0,0.0026474813813195538,0.007281947352317693,0.006087401315253133,0.001836789770228025,0.008351431483114463,0.010713445666915513,0.005934665000845857,0.010315792727365693,0.004313380808262077,0.028087633915842708,0.03396365040889111,-0.006866365568112196,0.11683470767899211,0.07178826176356955,0.13908193305639774
135.278,0.002623571467589109,0.002929023774915879,0.012335118989455626,0.004447995035317678,0.014993329400159879,0.0004949812528860269,0.0026928338975281277,0.00584466799597271,0.005895414723498834,0.12288782997930149,0.0019518435533658716,0.0,0.017610853395555265,0.006421803498134004,0.0009811073821880017,-0.0013092221163390652,0.010054499665742142,0.009788752185252424,0.00882170439904165,0.011722376488469364,0.0025883356634422744,0.040024132105238336,0.010757192898931687,0.00419807548674918,0.10856014126027953,0.1108240727407333,0.13765835061601833
135.777,0.003787919702834991,0.0019508684854564595,0.004113414047537376,0.002569427628773325,-0.0021524550156150077,8.252023382567347e-05,0.004445055860778002,0.011888577562383503,0.006434905818284857,0.13819350602238506,0.0016762697864314859,0.0,0.007481070985603047,0.000815339724922686,-0.0028966853910986252,-0.003308609418555321,0.015100583555881312,0.011680293576627815,0.005713399883482372,0.003934250283772567,-0.0009067397852044432,0.016468337458209904,-0.012251233580045671,0.03447477952982163,0.1038752849904517,0.17196852086980385,0.15327259905503754
136.288,0.006290959501152099,0.004656566926722102,0.015443675216267005,0.007272781330958054,0.01920524845624652,0.0013700637058291993,0.003012991272427878,0.02193066504411286,-0.003822273805219493,0.09062890286527472,0.0023361416377659424,0.0,0.0014773857848695475,0.008139110915431989,0.009334602424840636,0.006080604669774433,0.022456208519718607,0.01376310830288115,0.007444261885711813,0.00662492056231178,0.0038603460755020015,0.035200262677400576,0.026146252573773926,0.028037599791327857,-0.01913800636600709,0.11017028451176684,0.10525368046952291
136.778,0.004142165196380635,0.0016976476086425984,0.023786102650196806,0.006123219025196601,0.004231372895882901,0.0017692073776228619,0.004560942084799694,0.024262609302690398,0.00738408706994674,0.13521818327144577,0.001111163404317945,0.0,0.010681513959587214,0.005912727535857369,0.003940444614650536,0.005794613038889869,0.01823190146377806,0.014136692206649173,0.0035787840489426206,0.024123406980948284,-0.0012327507497134802,0.03272700795738524,0.03452269354131357,0.06371815353989234,0.13083230307244437,0.18262087259104,0.06987305088904468
137.288,0.007469328135552404,0.002280708624186586,0.026525260202548136,0.006273867721754636,-0.008633212951395113,0.003205721397430232,-0.00024684720639585995,0.007116254054202214,0.00038460909640913074,0.15432842096330487,0.001664693346254213,0.0,0.01523186420186995,0.006146137286874069,0.009041897431823162,0.008635574060512095,0.017987340927118123,0.010130043026335843,0.0018533991996287818,0.026333666995156664,0.001660822487508076,0.026668170167035904,0.047870462755901746,0.046917515920873946,0.10841626436690974,0.1774478918952495,0.11880059489575888
137.776,0.002416572785574399,0.003308013596499938,0.020362572479485825,0.0035371258669136,0.02182890244387093,0.0011082557321736022,0.0028260567709853276,0.021803889634144865,-0.0021986153676588336,0.10588350402615829,0.0007953480938308571,0.0,0.01102204043850241,0.005338060810118879,-0.0013704372763514755,0.0008426943746788769,0.016856555064696015,0.010870988076920409,0.0028136858541314537,0.022288112467597657,0.0015272605069934552,0.032935584332815786,0.030471591617676142,0.029217430223308007,0.1503084346496197,0.12693619462906236,0.1476404854275785
138.278,0.00608122226335462,0.0017245258138706338,0.035575888770337606,0.0022295462836214247,0.005677165756454509,-0.00019616336509414048,0.00447980844996413,0.019456612397306536,0.0010789927492613183,0.08704093559911362,0.00012898311522425374,0.0,0.017408349324848825,0.01404791263442518,0.004215554590346651,0.0005827976028812769,0.0034546192159892832,0.010153572540098537,0.002108504530580769,0.03211526478473274,-0.0006239958286410101,0.06792675078388764,0.05925465645613773,0.045430230317546054,-0.05649727449429378,0.12396276616406812,0.09878567536022503
138.778,0.0030613074477127368,0.004047391811089396,0.024390084847569552,0.0008261273208627518,0.01969054592323852,-0.0011522303795274975,0.0004221388265793542,0.015147868722301238,-0.0010957806675985205,0.04170444626075346,0.0023344759363099652,0.0,0.011446943834049948,0.001020850883386243,0.005437492806433365,0.004588566891817265,-0.0002742099633397958,0.009793584451193492,0.003471553857135812,0.016190678663564207,0.0013655496261081176,0.03861618552731895,0.04825735290330054,0.004985296044407131,0.20355793846678827,0.06075327450801234,0.03092049863178218
139.277,0.005666620130652318,0.0012612142302092432,0.019505357026461383,0.0013737248663181886,0.03306341419391986,-4.782049776244251e-05,0.0041530376082671745,0.007093373463808888,0.002002016493083287,0.0672098377284914,4.5639350108965414e-05,0.0,-0.002796431127552955,0.005877892863970338,0.011245324348841769,0.009648704690814294,0.002446953735267293,0.004758446928264883,0.00250031637848429,0.0033306476562217657,0.0034696371672250505,0.03487637724581271,0.04830151905144807,0.011392106907784442,0.17529606430495223,0.10644044060343308,0.10543866386967594
139.777,0.003219431247768911,0.0011851407636612567,0.009847386963481235,-3.6078570502091067e-05,0.025200332043477908,0.0013122270457959233,-0.0014749535411117444,0.014250040995807931,0.003916801493585864,0.08339257395688629,9.274257487337167e-05,0.0,-0.0014709201597489748,0.00014784544447936322,0.003096310487339972,-0.0031087464021326812,0.008513978423062785,0.0065211970307332895,0.001853916200044021,-0.003497107532946021,-0.00011351625653352256,0.029234595289573416,0.03575058947511125,-0.0036049740669013334,0.09803107330600358,0.1328195899559451,0.06591800509746755
140.278,0.002262191019423606,9.633122918236117e-05,0.012792220229989536,-0.0006368188215605076,0.002475356610772952,-0.00027975816462263834,0.0021201735393616434,0.007753479002340204,0.0064985568912115385,0.09391952023597337,-0.0009871395528048285,0.0,0.007175394780726281,0.004603185863107535,0.002863690507391436,-0.004944555911728277,9.59761189297417e-05,0.004747708147975302,0.003147243523383391,0.018866120703441968,0.004750140257533455,0.02667261902079423,0.031479570633671725,0.01137581607133945,0.08499656682717943,0.13608127189796815,0.05785576960441518
140.784,0.006640055459600781,-0.0015368276446853517,0.016136712615280397,0.003994908428266799,0.023500081161789626,0.000984553097320384,0.0034951521957425325,0.021393281349449168,0.011651374486150085,0.08568829151208747,0.0013604472369046982,0.0,0.027507846890993875,0.01386590868698814,0.010942476127815338,0.006395517528137545,0.0036165166286727607,0.004928048790005522,0.005275353159394821,0.014996865875854883,0.005287423197623013,0.028644584924870823,0.03133295558414813,0.028107949023300608,0.040511657806887716,0.09433998965053443,0.13478177113738338
141.277,0.005383090518356525,1.0490691560415304e-06,0.0016091973366794338,0.00709607967821641,0.014422456795416648,0.002341570106768172,-0.0017637722392208097,0.021615610043587273,0.00955383372129733,0.07080075378405845,0.0016121790633156405,0.0,0.022246784656302875,0.019717284067979672,0.015967692787665397,0.019284691605614204,0.011432214472142762,0.008220773607056872,0.005068154299742068,0.004043747541428665,0.003367856986313964,-0.006798410990081398,0.013858016668801078,0.0002803911014545321,0.13392075482843865,0.0715352609615978,0.10342290192809787
141.778,0.006055639502806478,-0.0007209109460794387,0.00979132342080545,0.008824540898572531,0.026523154806313447,0.003325817191385381,0.0023858579624134024,0.017834447044326168,0.006956825825472912,0.040415411039536525,-0.0007490814997239423,0.0,0.020300478205821884,0.023532150230184054,0.018292002305013096,0.020504351095429755,0.018005149537344188,0.0070591261677201995,0.004551835974760475,0.008806579142268324,0.006217354691351436,0.015790010048786454,0.02633237420345535,0.004579414698487027,0.05282769884381266,0.05849244659012817,0.05078088576190301
142.277,0.012846129582808195,0.005087278957577762,0.00043548177986043197,0.012080299583505134,0.025522174768867218,0.005127030633779782,0.008048997300313008,0.025075070785196815,0.00807249397328716,0.004426972566047252,0.005200775309270174,0.0,0.03138644390683822,0.024396538684503918,0.02292918617482507,0.023381955186067647,0.012215097683043795,0.009609778962263922,0.004057022701863085,0.0038801954701991356,0.008140375267805484,0.006995955767877783,-0.0007451683607352191,0.014582835374319671,0.016109887997455184,-0.010070475036499282,0.0517546963919886
142.788,0.009581808080156028,0.0027155028968469004,-0.002539028027353007,0.01064029976976967,0.038574669545826334,0.004647862325970815,0.006194033555382754,0.031916129364706024,0.007095913308508656,-0.0005032098540111615,0.004754720678997045,0.0,0.03770141193768769,0.012584140264831923,0.030731439302341845,0.0202645235210913,0.010971749721653783,0.007888776388893114,0.008097190339406424,0.014934551817219878,0.004231117445985439,0.023851436296618567,-0.015634188566207668,0.010313328614400217,0.17772385064692833,-0.0644726281776168,0.06688306975981165
143.282,0.009610564343813667,0.0020931334275558883,-0.010021671524283984,0.007401919589028755,0.030894829663217785,0.0038704105211019376,0.006798670234945257,0.027784463674814443,0.00031472078282895405,0.027193328253622424,0.005444188704753062,0.0,0.019488224551814575,0.01864805812290234,0.040061357810132495,0.013274749965891328,0.005618782058246032,0.00468541984021621,0.005089638487274217,0.0031100880126140535,0.006122876069621867,0.002501978057846191,-0.03233694055780842,0.010210528107186779,0.03913972586340639,0.05541466359075841,0.0006389851284677077
143.784,0.008167594399801838,0.0013713763704056464,0.009895509235530255,0.0059867359697897814,0.06953568829274755,0.003960026114418992,0.00614209948537796,0.029969327057146816,0.01773627075341954,-0.031358494956399835,0.0035009490943944516,0.0,0.03395987431510522,0.017487191835954076,0.03732873383489685,0.01544974805094258,0.006085778550182543,0.0018289530933102247,-5.429670422890969e-05,0.012288943162542408,0.0052949813727691695,0.02809632712134527,0.005459505335784546,0.030859655552514048,-0.015199708993102306,0.027517421519460492,-0.06193671297977458
144.286,0.008637220918955977,0.003402007864276451,0.004978631652142993,0.007173898424673968,0.06906145272423427,0.004608522312681726,0.004326734415374793,0.03927003264578559,0.020517902653189184,-0.013605328323895164,0.0036038430016890185,0.0,0.028311507303573666,0.015026183962790436,0.03828831918053624,0.024384909288680638,7.689313793837293e-05,0.001143867731135195,0.00501134016874577,0.013672178405207071,0.006729149561608263,-6.063152685068599e-05,0.00629082662064496,0.023520871173915197,0.0027268729229435336,0.017870398451835107,-0.01825672586025798
144.776,0.007397206718166101,0.003816387739834686,0.01643934639567973,0.009252443861269308,0.07470410764746652,0.004883804399236291,0.008321643289063705,0.03754722660948685,0.007965310316692679,0.002743055972447114,0.0033874448991017773,0.0,0.02649125263502341,0.018465374515048323,0.04249297022889392,0.021815571755036654,0.009457893980149951,0.007649844015071924,0.0042806056143499804,0.023572922412969943,0.0023675436248892833,0.0174817778873085,0.0243982798715741,0.059762258915612626,0.18104776826700317,-0.007463557996716556,0.03910421262232698
145.276,0.005562647827628357,0.0037373700293913794,0.025511322512236638,0.012579427362568039,0.08809223928254835,0.0034321661509044317,0.00334455338316129,0.058281850178922026,0.012722561781390385,0.03281136378830457,0.0014942865461007287,0.0,0.02994578614512773,0.015255207347149885,0.03568942069634675,0.03290099768659886,0.02184714290220206,0.011186013947230303,0.0019598873979824625,0.03729455975610319,0.0040456663977687015,0.02441927264283919,0.045313012968785,0.056739284046660045,0.21181697645448588,-0.018172473296081376,0.06932113444108001
145.776,0.010432171012869931,0.007316533419326424,0.03405085054989142,0.011115219474803806,0.09283582936389835,0.005680404720566235,0.010845748632843698,0.05325092078621927,0.01160973084354701,0.00019569272100442277,0.005109916366577208,0.0,0.03336647375604371,0.01767069764007444,0.03541630434958884,0.026359045990184477,0.017458533429331523,0.010050223170324597,0.0006750592810369931,0.02957654908486182,0.00970208812586666,0.05111904373037374,0.050505053024134286,0.0572684493123669,0.1122771235082186,0.010371913574649805,0.02276036490343163
146.295,0.00440767628752533,0.003320634652828498,0.016168918060752373,0.006640381604185697,0.06156017315391923,0.0019719100628244235,0.0038445676170300157,0.05554918676277626,0.01873538448848433,0.021392527735214013,0.00037834461740070166,0.0,0.034220952095357006,0.01456768819516757,0.032611278261109995,0.009836173570370638,0.0127779605192109,0.007458849304273932,-0.0006801300850900376,0.02160602410299194,0.004888882365802767,0.037271534662488066,0.01657632775983248,0.04968071650480112,0.2111354855001805,0.04136004775504076,0.05758394225103541
146.779,0.010907196954843754,0.008565073895638682,0.01547914605817722,0.009104912808251984,0.09617333233974149,0.004552768525541516,0.00473389049420707,0.04893818114721944,0.020432334320227046,0.04883020501116046,0.0014794944314480585,0.0,0.028871573295258867,0.01687994661491149,0.038169626113974835,0.019273843698582545,0.013749545743347934,0.006716852654881268,-0.00013441798214276643,0.024242847451074596,0.0038385244985202336,0.011346344162557032,0.038170484809692054,0.030526561697212448,0.2495164509780835,0.04468028387173502,0.046671351804449236
147.277,0.0097826789221903,0.006340418799810317,0.010267734545813827,0.006176168227271333,0.09600509468001518,0.002231321326750486,0.009892035599036432,0.0426083285563866,0.005569648983609867,-0.027060501795297977,0.002061514243291003,0.0,0.013013836485566407,0.015379745581502109,0.026497397259500018,0.00931696554717243,0.008521586028891954,0.007983329624672733,0.003205759187958131,0.003932406683025367,0.0019266783197017694,0.017972059653181303,0.019416342257561055,0.014245830436366166,0.16855600476415503,0.025810686958141277,-0.05390151741390046
147.789,0.011928875136746397,0.005538219808374836,0.02041152068689808,0.008428110615954403,0.0970025476483281,0.0035118398463350963,0.005911166980862606,0.0552964529898564,0.011908573146207566,0.042072989656574494,0.006042201974320859,0.0,0.03243325924175203,0.006328698963159292,0.021784076273344534,0.01836755280888754,0.007074630037451763,0.009822450318086963,0.007266715428787177,0.012723128984988905,0.000975455002254322,0.03191948910247191,0.05004278152790326,0.03630689971864956,0.18999987437406257,0.028275069581189746,0.09283237107370097
148.277,0.007651180409278926,0.005221529134817249,0.023920453035866988,0.007931569188151303,0.08167284229287337,0.002467229308109224,0.0015844504700691295,0.048123283869212774,0.014541301866004287,0.034418789492402124,0.0007999092894982248,0.0,0.02354779478996609,0.002633129889689601,0.02241990430016616,0.017883264806043058,0.014227986880326816,0.009835463476420102,0.005632115472554006,0.02582224721684903,0.002465587048849127,0.024867351843148543,0.04645837667098407,0.027786518192673745,0.1953750224584927,0.06947728926272657,0.03121577650310537
148.779,0.0057622863247955,0.0032501819229495783,0.02285572174629084,0.004754231475678084,0.07198301847580935,0.0030326372236998225,0.006449380670811401,0.05194382294534442,0.00760091913686436,0.03638784087366265,0.0008788091874259993,0.0,0.019139284691782082,0.002305325558719332,0.02198592388845608,0.010835656864650633,0.004481852178404537,0.00862851259532135,0.006834555857214987,0.024081452877119106,0.011294558856528256,0.04032188724623967,0.03318809115612195,0.007682220741782021,0.14685868666927976,0.0594495043145592,0.03281184811170836
149.278,0.005677329245504553,0.0032181721012784245,0.01118998661015756,0.00302830605471956,0.057628443663599524,0.0029500065109875026,-0.000253403825943579,0.04652695916392836,0.002088674217802003,0.01265465569988922,0.001978742527891267,0.0,0.01684068485558141,0.012087594705454736,0.008456195390311718,0.011838846726188497,0.0024863225716140226,0.0036905514104371086,0.004296793097365472,0.017337373961907473,0.002191472558953424,0.03711334647925102,0.011887472774971144,0.0177845561186388,0.2863301876407588,0.04064114275710692,0.024983522582340354
149.776,0.006025390028995542,0.0039670430065838645,-0.0003851617901171548,0.003707276756306954,0.07787144175613811,0.0020724070489644324,0.005567437455890774,0.05341696151873729,0.004006608625969581,0.032195439157868544,0.001638684988512905,0.0,0.012889789343739395,0.008082264405025024,0.003641698077662217,0.0050358403856084165,0.007038571847283762,0.01244029788820164,2.1115384977909323e-05,0.008088032954126355,0.004022188453228945,-0.011886725107086394,0.018790619911756772,0.023205907726678104,0.3141914142127171,0.08443712136491703,-0.0016431046160597165
150.287,0.006742441272435523,0.004088851584223079,0.011164343707894953,0.00867871511864022,0.06970953479200508,0.0032417306524085373,0.005786157666601254,0.04761129160053557,0.008879671952315139,0.05165245337733028,0.0029669056553045946,0.0,0.014284462491163108,0.01150914977115324,0.0015118512787150819,0.013111586607755337,0.026767748897276972,0.01426911243196103,0.004436052825952059,0.012689075358237855,0.005350290467375488,0.04115533377298342,0.017472737819799952,0.011472541717721066,0.3283657568073634,0.06938472115037574,0.05215986369251137
150.778,0.011579704902838083,0.005541296276174476,0.00805307216357979,0.009824727821366163,0.0769036405480729,0.00275298577130711,0.00568006319407996,0.05389308965624481,0.01338319262763381,0.0987694117803974,0.001362857798128581,0.0,0.012972036574601812,0.008955759697541454,0.015863531154947406,0.011984328294129667,0.02539507745867874,0.012630291084801593,0.008937926763243361,0.01313183758934974,0.00624261168713491,0.016678180750770304,0.00877864391125496,0.0041187750940562115,0.34926246673091915,0.06879374893045603,0.11498312646963496
151.277,0.009843377471266058,0.0030898996321927887,0.013948151866843976,0.004899675991733381,0.06639419256599825,0.0036898152631066558,-0.0005972154258950148,0.024706660866380164,0.012116219711775315,0.11868788560102826,0.0027991354937470024,0.0,0.009606887373175742,0.006177125436290829,0.0035217779115119937,0.011382749032003646,0.012984637654325476,0.009858556565662287,0.0078028320961594936,0.012786246324113465,0.00558968076922098,0.028184278590102155,0.0224708564976738,0.007534591004456752,0.36028137958791334,0.1318903236642914,0.10977907542651712
151.786,0.011332355788887213,0.004176908683173536,0.01769936168348754,0.005029160226055719,0.08733653057141877,0.0027493117452003606,0.0037371071580894906,0.05775679488749199,0.00643015086420081,0.10716285773730723,0.0027120491208789147,0.0,0.014944208498273015,0.00807673793865358,0.0136151726546151,0.011203440314410925,0.010500170726328802,0.006785114953137823,0.003981397265615579,0.0249612138150681,0.005682636053920688,0.030142376298495418,0.021538569841702066,0.019221325599023273,0.3088917294549092,0.13157372754397365,0.18373523023017263
152.277,0.00915308496092848,0.0037567815441520488,0.011034457414645158,0.0017872028460714955,0.10491422981462634,0.0024530622486413473,0.004710798870813992,0.04946607251722998,0.011701628939327588,0.1531260696973673,0.002335521492055579,0.0,0.009007721221213339,-0.0014507599547355864,-0.0023495607697469026,0.010987367135581618,0.012699688392346156,0.0015432515345515589,0.002342928598636767,0.016743175528076585,0.0025213464324210077,0.031064654033511517,0.01724689201513084,-0.0056521692281993035,0.33080203970368605,0.15409850656399351,0.2098109058792995
152.777,0.008273479605364276,0.005456992667689509,0.009351306200496099,0.003466005024320999,0.06374833472028282,0.0009784439575007589,0.0006582322966782049,0.06080219433071682,0.005184990567117788,0.13098514064075553,0.0012651924869190798,0.0,0.007193293069437788,0.0021519876715569335,0.008778658712369184,0.015907732506318002,0.011271926211218862,0.00540585023047354,0.0009204532819206733,0.005080105395030036,-0.0005594760401692511,0.019575057179062896,0.031396122430786634,0.008801623457862144,0.3155940825464916,0.12032434231219007,0.14306961470522886
153.287,0.00971569103050172,0.00013490097559860822,0.0061921987976896135,0.004897731341737905,0.06643886241805104,0.0012260938272133821,0.003266485817709986,0.04942462069086566,0.017263450821038397,0.04974764619580383,0.0003288320398927791,0.0,0.004367297863084464,0.010324872413061851,0.015126465401595268,0.02458322924421554,0.012107909026966684,0.0031063402648129237,0.0002219048492786883,-0.0024804194044336053,0.008104017993695745,0.016395922222254198,0.030856330401030207,0.0054884044596157705,0.19503213361121163,0.12532256717324966,0.05103430895173843
153.777,0.005971506881545041,0.0010158210305940723,0.006638240895838721,0.004981902943247819,0.028216612962988618,-0.00015214247531123573,-0.0001179934326667177,0.04649415184626761,0.001727005659899923,-0.024217262083790565,0.0010257394719076648,0.0,0.007440638808138745,0.014343095876291012,0.02102468576816575,0.016506026854054834,0.007732297790186046,0.0031232323460042045,-0.0007937862453043431,0.0069305286609154,-0.0011269943426153247,0.017468644358541553,0.02860694782798392,0.013352610911527054,0.12230599331111508,-0.019637657894807828,-0.0029991423690127962
154.288,0.010953650712502223,0.004879638696237105,0.004500902713793519,0.007626774458042652,0.05625596930376859,0.001023817972373201,0.0041855803561442655,0.039901559794241946,0.013481921597092562,0.06514819857292131,0.0018075543771159804,0.0,0.01824494997560031,0.0144459205310481,0.033488367441248244,0.021571177267238215,0.011416225216790487,0.0002800021327227174,0.00257625412009428,0.010404010047540728,1.0880517822680259e-05,-0.007271411662110448,0.019240289320007372,0.04245022347457052,0.13291472087594675,0.0972861587199093,0.07133667336098352
154.778,0.009726743215686433,0.0028241770720887354,0.003949092749723354,0.003696975317825547,0.03776429197285471,0.0012030149467834757,0.0053535966711275515,0.04657382920089936,0.004882050543655015,0.052358582392635,0.0024591795599864684,0.0,0.007590455030027223,0.014002463159915275,0.032658018631889184,0.011846604036488986,0.0073888806015440095,-0.004597543576516603,0.0015305110724451445,0.005054116502781259,-0.0016863610246890814,0.0006328065442684083,0.001243140637375821,0.03918908861173795,0.0524530891508662,0.06481437748956906,0.09696854408706455
155.287,0.011009930196069972,0.0041958357895388555,0.0044868637005210455,0.0051866769082520615,0.02363331674768158,0.003267847388948258,0.007343801693388133,0.03263385629024719,0.011359469141914658,0.08465154179476139,0.002644030261241532,0.0,0.0024129320706594948,0.01825615516137338,0.03187069656920676,0.014703833311848984,-0.003081798466585878,0.0056716726248352695,0.00486118930489223,0.00265407165950293,0.0042961526240954855,0.015123118529068953,0.020890527810368684,0.021763815548187907,-0.046105185279410904,0.10609056981585961,0.09477233352478327
155.778,0.006240095045780767,0.002537294141487169,-0.00016150413871998787,-0.0015678322749910476,0.028578129270741884,0.0005258566353855471,0.004689542932891906,0.028188327699720402,0.008933704845875478,0.056771767121262535,-0.001094700334021525,0.0,0.0023871311262246802,0.015396894511282287,0.018112729041389757,0.0028312009956028387,-0.009673420420679302,0.0027135904460316297,-0.0014058946136120284,-0.0020871586013892053,-0.001291306971194428,0.005990508873209966,0.001869469196989224,-0.004321696535171586,-0.012692806222747084,0.12881969800588533,0.05195160786946231
156.277,0.011824549647304972,0.002363254688267819,0.012731733379632978,-0.003925742171103959,0.007240057120003305,0.0026192241296222516,0.004763185182345929,0.030176557489296207,0.0023423415279481847,0.03816508347977032,0.002850005551049374,0.0,-0.0007565970333430558,0.00404800270697059,0.008504509467861793,-0.008674343733413258,-0.003995394618175418,0.004113737884487683,0.001256963087711228,0.012834759715994123,1.217115197139314e-06,0.03782166576922701,0.020779284219621823,0.01588166892734007,0.08262631480815744,0.05093065601895164,0.017354831240192214
156.777,0.010639291260607562,0.005145490500982843,0.00738757690335885,0.0017992963969070258,0.020788398502676997,0.0024136220570679817,0.005400495829800061,0.021009537544428244,0.012642293363377953,0.10659755126050949,0.0028241780831264767,0.0,-0.006585510765087214,0.007516862127589023,0.006274269054401224,0.009330213307760456,0.004466867690909469,0.006662462355520155,0.00724314819309541,0.011943694650748321,0.00856909051213956,0.022206811448613886,-0.008980499909345194,0.028811283497583655,0.06026895592108348,0.11470040703845404,0.13554229809398072
157.287,0.009421950273696774,0.0012726517896771556,0.010640247329302603,0.002764833365007304,0.020899824695751044,0.0017401367522184119,0.004792365541143371,0.03279152676813682,0.016266056178347338,0.02322142202784638,0.000304251427077293,0.0,0.011260859671914673,0.0048486124229648415,0.011479823224349265,0.0011836564883020196,0.006351242895638307,0.005489658008326875,0.011873972326179429,0.022275339407422507,0.007962033834453782,0.015177294299388047,0.01824589946386651,0.01466797784983445,0.0367964691307405,-0.005018135090775286,0.0820147427705483
157.778,0.012956744504682016,0.003820606449883373,0.0010033960961497717,0.004763935301904086,-2.1449565628283524e-05,0.003191789678617812,0.00045779276786871387,0.02800899135786698,0.0037319700251425493,0.04263776256559707,0.0026957344586303294,0.0,0.013936000583302143,0.01750074539323542,0.012660369648500416,0.0005372680422256447,-0.003044775750482909,0.014155503622537608,0.013893969344749596,0.0007922980830357911,0.015617617120116644,0.01551645897775922,0.011088615861957854,0.022630452053287075,0.2812838254004835,0.0019514969797458735,0.1012718889329021
158.277,0.012731855702874982,0.0043215616176330894,0.00591911090163884,0.004789255381958639,0.025969302862694964,0.002524971477474752,0.002336461561589196,0.03168446250688392,0.013316853744421727,0.039894324522195386,0.0013367784489950563,0.0,0.011768209821768096,0.01715664673167135,0.011396929901722525,-0.009263948291615956,0.00663282190281024,0.01406736357679234,0.008461516411172546,-0.0017264383333504719,0.01149051182106956,0.02770561586658194,0.005652675327992814,0.009432544065183868,0.11630857317048238,0.08684187788563275,0.04399333445647601
158.787,0.011813191045536506,0.004529726485661857,-0.001377994768497756,0.008199012077396,0.01428015082578336,0.0020600585511071317,0.006773421402888994,0.02271016019829162,0.014312279268253543,0.02457398212722597,0.003536465772720129,0.0,0.026009444131693597,0.01372376711288007,0.014465441409862098,0.006921222215207834,0.010679658039235873,0.016488110901579787,0.009562666555518236,0.005341933821403856,0.008686232810862391,0.017344528644469028,-0.002687202402714246,0.012653540961985357,0.0962336371637625,0.020904805425371212,0.06810143669278802
159.277,0.008108821676073477,0.005689584211312297,0.0056594797102353855,0.0047011625128522035,-0.005430279873391429,0.0019292312253873034,0.0030354444456677093,0.02600016103843068,0.01353974719306054,0.028179364811208408,0.003519200709977131,0.0,0.02042688273723751,0.0001826170104212624,0.006701469701209635,-0.0012246691944674238,0.0196103258684897,0.013261042845880183,0.008245616003961714,0.02221500953157248,0.005005109536063739,0.012588168066523747,0.0016786945597033539,0.02509291688566388,0.08015851156915164,0.059541699385335746,0.047662865379520365
159.776,0.013054507503136274,0.005633447539834146,0.004962157323112481,0.010177236505949028,0.0273952173969785,0.0026488984236627644,0.005054360872106374,0.031861631534851866,0.01958859433377351,0.04595247430412335,0.0029013612303142,0.0,0.03425828754102137,0.018326412241583163,0.005817643437218436,0.0033569692966869103,0.028296492558037147,0.01823271492741782,0.007848799385829048,0.01043659229652405,0.007434536563466117,0.02640220234144824,0.007856402736796607,0.027004568057153646,0.19721257011048873,0.09178861425464335,0.04087179248102968
160.287,0.008225928194194525,0.003243543229102286,0.01099313555059321,0.006843133587152539,0.012872205589970036,0.0027592925040299883,0.0016135843242234972,0.020645445225670748,0.02087184465849682,0.06637747130664927,0.002084220472138491,0.0,0.027675747674799665,0.008616831632190812,-0.0003241183481986292,0.0005540178350320422,0.023479172340130933,0.015192510197581043,0.009684769758837595,0.01419201769683384,0.0034947333266094186,0.03369203978129275,0.0004496084411327953,0.019539648998346235,0.09693443464327225,0.06550290215558317,0.09847812479678879
160.777,0.008148580697416856,0.005264023901822811,0.01486219570232818,0.003425997594303739,0.036949023356753714,0.002375232962306887,0.0033357147762010484,0.022714654770796965,0.0018061487925248344,0.0635144372823869,0.0010122105971350846,0.0,0.014807530110036209,0.0013336435422828703,-0.003148827188657589,0.0008507296036444552,0.018571237707566794,0.008853583383189456,0.008582555320577,0.01482439123597691,0.00696118587587629,0.04441056621107197,0.01802292073810391,0.01409694302085039,0.16592834513195306,0.1123198481833928,0.06900409411533252
161.277,0.009862378808388857,0.006590170468973753,0.014510260350591933,0.005191711167375294,0.012249809455448691,0.0017245471527851958,0.002546531599726995,0.024532932833047225,0.01219048727847674,0.06185960853473962,0.0029619116699656717,0.0,0.015721816965127533,0.009230616253503625,0.004935977820931969,0.0013139748503797214,0.02207860056148917,0.015345995400452861,0.006885088117967851,0.015731796297231967,0.004853108782500649,0.03023305557888284,0.052983583352080234,0.02861689093049931,0.004100982484598078,0.13249713250674144,0.04785578081244702
161.778,0.008901512007936912,0.002123624708653424,0.009031816666401495,-0.00040393605670837305,0.01752030584543092,0.0015469681715464644,0.0035300079097167958,0.01234139642551624,0.0025752200271905268,0.04479848567779224,0.0026111009316859856,0.0,0.007002842083296408,0.008029874918850209,0.0029563997052010943,-0.003973630411547575,0.007706757202009902,0.0028677429914941237,0.00459713226452194,0.018204854180579964,0.001632948943183941,0.009562604115174105,0.01779595422025796,0.03181267345275832,0.0480221967002589,0.03446889485812942,0.0974568558149703
162.277,0.0078184895667315,0.004030683543014286,0.004572151278000334,0.0011595767204926092,0.001295294619855904,0.0024921244794360114,0.0014834419255227778,0.005831247137920283,0.0002663110823188602,0.10711030455433496,0.001748410600124835,0.0,0.003493805381605288,0.010276170117965533,0.014296892868255057,0.004083205140989433,0.006835586908595895,0.0011024322243504475,0.0016056132266526666,0.02376691477512683,0.003634831783430223,0.007748977778015304,0.0027349219815295087,0.03815543699937157,0.12109074167896824,0.1758986152400763,0.12127237275958574
162.779,0.007340131798083354,0.004691482859400938,0.0022511947137982065,0.00038837438775460434,0.007580961071164304,0.0015304852431503658,0.0030251844726418542,0.0020273705923490857,0.007086778474912369,0.14775146295949423,0.003388406615817368,0.0,-0.002117907186115949,-0.001618665241861947,0.023770545671386322,0.0046419453735075805,0.007968641378743169,0.00041783599534692096,0.003920588220073153,0.024270810269452277,0.004877826847868622,0.007256586240146767,0.002192881918763981,0.031028800213318837,0.220695954821125,0.19995040948150317,0.19656435211291115
163.277,0.004872882736354308,0.0034760311646049057,0.0010992736856772051,0.0030334480108783752,0.00983546963022166,0.0011799300958141301,0.002824303554800914,-0.0003254323396710927,-0.009786854928020294,0.15519396137266728,0.0028565673513033284,0.0,0.0030628401449037585,0.005100514038821534,0.020505533354050472,0.014376634330834574,0.008989524541812148,-0.0014989429277833723,0.007955698823261368,0.013176604893144811,0.004185080019724007,0.0065768018281469,4.755610814564304e-05,0.04910694324858977,0.1295169290506721,0.21914798019890885,0.2039379295252009
163.784,0.0012052861380490159,-0.0007059688958988042,0.008058629716716538,0.0023698382958282325,-0.00813514477914499,3.476560383752348e-05,0.0031881860220934147,0.013043871077187368,0.0056784464393881545,0.18039818317033118,0.0013744912927829522,0.0,0.01715957805284748,0.004697135688423278,0.01876444007849464,0.0019660152713011354,0.011879859344307003,0.004099996644982081,0.007343743983857601,0.020646320704682836,0.0017984072276400513,0.028047833044009516,0.022226654604181845,0.042800072584739696,0.12649196611755756,0.25802463227562805,0.2164183081281756
164.283,0.004580629451406275,-0.0016188754560365992,0.008881271764041694,0.007120110012418107,-0.004129416650900606,0.00034136838365461685,0.002837302156697311,0.011621671392096683,0.010744122278352473,0.08901551347580822,0.003017698938766313,0.0,0.01161661088323321,0.00520422227667822,0.017394200865204382,0.0152571714369148,0.01903565103661628,0.008884674112138155,0.010931586167999595,0.013242604972891472,0.00412061679814103,0.023811908268717655,0.008872982109366243,0.0229188019272186,0.03496765328766744,0.13021610225049252,0.0944751463261865
164.777,0.00494145144666854,0.0011422101905099189,0.010628530887335202,0.005679743954670214,0.01656471369359708,0.0004063243128123094,0.008014632507144888,0.006494049841457059,0.000737996059303867,0.15585847577214143,0.00012102054591835345,0.0,0.012904930512844746,0.0034488083922835995,0.009907773559476515,0.01866367600899473,0.020666880238763008,0.006188534965359358,0.0047543202329189535,0.007279766328801598,0.004751551840427912,0.026191189012931708,0.029368899234924948,0.006188744464440084,0.027974397619904463,0.1778156776481351,0.1979662313145256
165.276,0.0023523626883207825,0.0002017293954332886,0.005791647191055087,0.00170028324291161,0.013694670779772213,-0.0005257486881999892,-0.000252093494590408,-0.0073470499846571505,0.0002938612478625268,0.12140680613034219,-0.0008362645359928555,0.0,-0.0016802719429258573,-0.0016260614994649336,0.0002998012703341778,0.016353930279432976,0.016979516019968673,0.004521221829567603,0.004616313578933223,0.012537127323696202,0.011108183343692585,0.014509806072385691,0.01611711286458188,0.018416361130609654,0.1702071890005602,0.19009895966914173,0.20461208595217562
165.788,0.0016774404689610073,0.0005488544856705299,-0.003031433177739559,0.001950120044205737,0.015926626429194218,-0.0001511229624140352,0.0025100722423290296,0.009520699212954783,0.007705390241629408,0.20251092595542153,0.001427331576255855,0.0,0.0001747673590437471,-0.012463845003734875,0.00437327841389357,0.02000869048318256,0.016224268047644267,0.0025605643611281,0.0048493414731340155,0.0073103803466604955,0.007480852236214209,0.006150750420258845,0.00972922447136766,0.0170586648093163,0.27445171578335487,0.2681320796744538,0.2630104966533855
166.279,0.002680100138044242,-0.0005187327311141902,0.0015810334754112348,0.000318350368116426,0.028890652678277742,0.0015568106235272223,0.0027725572395450454,-0.0022428459097318474,0.007627521195734126,0.20272699382998804,-0.00030146920800494493,0.0,0.006528933619568387,0.003762846105175956,0.006618172190488097,0.016171326742913866,0.012279889405392442,-0.0024093391022568106,0.00023928677547137585,0.0007943169890180165,0.012550397037343413,0.014777842444373492,0.0010961633742165055,0.0003683552853526307,0.16794095432455006,0.2963908113631266,0.25335814743786705
166.795,0.0047519156444055625,0.0012204608116481333,0.002168885122725826,0.0047846677793185995,0.025885669717813996,-9.333877801829295e-05,-0.0008563966410196285,0.0023528440791190206,0.00413458616165728,0.18812684928917459,0.0007192492600988794,0.0,0.010547229360106608,0.007221707292263937,0.01985106953620312,0.018800224103009203,0.016482675963935295,0.005821047509191992,0.0007624083047929577,0.011814964032114255,0.007168792304707306,0.013707029469332006,0.013803410492247653,0.012247205008976473,0.1813188190089012,0.2341615890528689,0.22212815067026645
167.285,0.0016709253675247831,-0.0005316946211651366,0.005807107140112147,0.004293157910046523,0.0014532172127873376,0.0002950238572294008,0.004221128014628412,0.020745093460407878,0.005536581277254846,0.12430274873594505,0.0007335719045842734,0.0,0.019810369671262228,0.009758588205212835,0.00911467126334916,0.007800941256232872,0.019399235217464464,0.010488042102438542,0.0010638938011060717,0.016968671844741767,0.010110633402105095,0.017365376799875546,0.022948879692582767,0.006129958144344305,0.17033967739218944,0.2181017206778747,0.14845937613654442
167.785,0.0035502716890185985,0.0029238345173647567,0.005097934289595632,0.0049483514623123726,0.010259731327990044,0.0022319632952790525,0.007448057214637021,0.02328843606000565,0.0063945615938141055,0.1013176016996978,0.0040904639773803615,0.0,0.016996038900370762,0.010740443593654649,0.008527310617634627,0.015281525799437404,0.009010852871371306,0.017998656850041702,0.004746956840308483,0.01599064421197928,0.012168640300988973,0.012881508902193991,0.011254713293303558,0.01676145802911535,0.008160625100755504,0.2635218031704089,0.06448363631996537
168.285,0.0030225560376229217,0.0005895577995179097,0.008135423590670154,0.00562775034735233,0.020155875127225567,0.0012888938345910544,0.003864257477158576,0.008863228272744324,0.006137619263167288,0.02799821695501923,0.0025924815357782098,0.0,0.018583448757262255,0.006313665047105103,-0.0008462447670450677,0.021698927111171388,0.0169609698270283,0.006510346044851217,0.008776859354105266,0.027853460377814263,0.005935276296998952,0.021456680655878836,0.006585417400384125,-0.004547678862036681,0.2028233717382872,0.13189997207354617,-0.011977795097209278
168.778,0.0026398205111933335,0.0015512716822228701,0.007565187865696633,0.00848503751688654,0.03955630255884822,0.0017456899655688759,0.00788377123221271,0.011622124586045742,0.004389506709528516,0.04309081412410472,0.0020703495616320585,0.0,0.02599467679186804,0.011517223043032038,0.006277534570944819,0.01912474888921931,0.02433157189112632,0.011037882144374454,0.006820459999242385,0.007316584396169085,0.008674249980375569,0.006507998435014859,0.0227550065974522,-0.0008786389926608013,0.14276691166781968,0.09974439267321407,0.07974188053049094
169.293,0.005386975703854246,0.0023304082537992177,0.014547641590065252,0.007828959987618742,0.03538023511220343,0.002248361248156733,0.006996940813353067,0.02110232295437581,0.0002953450437079292,0.044609607273226506,0.001873225920956563,0.0,0.025251756775037142,0.00032199682552106883,0.016771790686128822,0.01968142721160768,0.019418377163718394,0.009600078711502457,0.010042793659525108,0.019103011648893047,0.0019475397399783595,0.02519192839376257,0.03572176001472729,-0.004306602965474299,0.04859183199191159,0.04487368729400426,0.09690148475120906
169.778,0.005137527676288634,0.0007538620507017726,0.004588035992355935,0.007326290110267086,0.021104703551604907,0.0014270354552318686,0.0004914675679767696,0.008945047072658124,0.0026971974289525455,0.04660107611247858,0.0027095654756833076,0.0,0.03494665337464547,0.014937684468788208,0.018389495032460446,0.00868104186231286,0.014055628580501108,0.00887129326028815,0.010306614680104263,0.0004227072039320674,0.0076225534198370165,0.0074295709549250044,0.02829518904186836,0.021233678658043063,0.18799157359517707,0.10191891121595185,0.03232288126243385
170.276,0.0062043946064464445,0.0049628879986443955,0.007644164823442706,0.004357298974739204,0.04081044522126864,0.0023091065743296845,0.004039705957290516,0.01891137372332155,0.010997655990403503,0.026878483030092624,0.004017780680237994,0.0,0.031436154219761876,0.026122024670045867,0.012852062857356608,-8.125223834357684e-05,0.0031928816773085142,0.005120318794519678,0.010407798836314578,0.0033408879871604257,0.006583974461733657,0.0015740788361688941,0.02475802465760351,0.028237967259048292,0.13627527664229264,0.1122286236749251,-0.034757417100383985
170.777,0.007196043015009398,0.005152470117847451,0.021139352439079526,0.002639780826061173,0.013901276280380626,0.0022281605218967956,0.0009597198660072714,0.018909099855730364,0.010110799531760934,0.008652755340328068,0.00383983157928381,0.0,0.01897353878252637,0.020934807519292106,0.007788114482619224,0.006132331539997647,0.006660361192171484,0.00011496997479268161,0.005167844751271783,0.018763080131051803,0.005974226736935269,0.031193209004328717,0.02613756749687614,0.03415130311776591,0.029906052509755303,0.0686485774730219,0.030404736061555384
171.277,0.005452499211523488,0.007417617047218498,0.023632636698530995,0.00355103262719857,0.03694072166863474,0.0015774541957116444,0.005147295706988625,0.01065787587722048,0.0012611088496809505,0.05264499440699421,0.005815123669364777,0.0,0.006735517909415937,0.007928522863399635,0.020042309189059193,0.012855623147430283,0.003061229441039422,0.001939697098697408,0.006580426658861888,0.00970694882338515,0.007144308259974069,0.04132215497440248,0.05116475819052314,0.010826191774475007,-0.031826691301048295,0.08523407295418495,0.09417114083310532
171.789,0.00886312615053366,0.006521711202569886,0.014998326531330897,0.007134503511218935,0.05989418742348458,0.0004979684048899448,-0.0014140435399467497,0.01881453703712322,0.005915714206038331,0.0652218175714349,0.003949831318500991,0.0,0.013241331500151792,0.00735642144637396,0.029015958087958753,0.015866185365227676,0.002772307438311631,0.000996149332921655,0.007417817648101818,0.011670973201191905,0.0017482941873739521,0.011289063612458052,0.039050332741937234,0.017913090863525584,0.09865872495343843,0.10236908405270778,0.09204095405003525
172.277,0.003675296917732946,0.004162319716225697,-0.0025220509575398305,0.005026662644828694,0.056271633990081255,0.0008066389367341041,0.002551172242029149,0.013485570380372704,0.0023443451562473573,0.0695727891327202,0.002537768031851122,0.0,0.022368391717699332,0.014408535029194543,0.030399157331510957,0.010160016953151576,-0.011699058393714568,0.0019542602765341426,0.008296596002027581,0.0005034445928810854,0.0026683154864833316,-0.002828387936174811,-0.003945438290907241,0.013866662433726322,0.05470443969000528,0.09576142372720214,0.0842558210938958
172.788,0.0055945673369952945,0.003137563820905883,0.004201936206551455,0.005017739550213813,0.035180013932312175,0.0010800885049031318,0.0022698030644529767,0.002855255314118469,0.004668361387102752,0.10016422597348035,0.0014205846797465198,0.0,0.009216595414991506,0.0060922567732643795,0.026072495650263625,0.010817537039615287,-0.0001355809535719214,0.009543265123644533,0.004334662464451916,0.005906334523627906,-9.000558199365734e-05,-0.01670279473753423,0.026516407810308177,0.04190748437950127,0.028729897663387766,0.14078213218615848,0.10593341858805018
173.279,0.004741227845301015,0.00328957932341792,0.017553558219166893,0.010542062578778547,0.039102895391968116,0.0019987690605952875,0.007932037132597394,0.006306292326533075,-0.002689894961403711,0.11016371773246307,0.004320333134795445,0.0,0.0009152475485469872,0.007928429036481322,0.028358228802938652,0.023772032810759926,0.005888767317665043,0.015710572506538414,0.009128968841309287,0.024653043683363702,-0.0003477825954845162,-0.015214126114885313,0.05308408145759456,0.0390305772142622,0.12432092568984134,0.16028778782620576,0.1391157396374168
173.778,0.007808753206893233,0.002115352367575856,0.01698008174643248,0.008289597005728046,0.03412547676033789,0.0010672628965583961,0.004465110576914356,7.248404520174131e-05,0.010994205880632381,0.08768765891159579,0.0030329873084786684,0.0,0.0062000379265378155,0.012353110118336228,0.020893339261961838,0.0200669206253092,0.009282654593800684,0.01176542200929713,0.00616939111854356,0.013285402754768793,0.0016601627423000408,0.020214171136367354,0.037195051368018775,0.032083193096897965,0.09623056287212975,0.15391817094712587,0.05622423884452864
174.278,0.006103205953956878,0.0032119700915231317,0.007931087633285136,0.004551566298356599,0.03038058709074206,-7.663991129555281e-05,0.0025083267650032105,-0.0024026287440940255,0.005691765524991759,0.05477311513735643,-0.00014662674342463564,0.0,0.00015865713126161503,0.008917481472015962,0.014687059674799465,0.012879839381334975,0.009150203559548185,0.006096373333734573,0.000987714476350823,0.013352224344765629,-0.0025382812723409582,0.013913088007508153,0.015410987788462768,0.020289039553733512,0.03737729306571095,0.08242749711734738,0.0852893391220729
174.778,0.006063599785137989,0.0034916409412762053,0.018071377540921973,0.0061268184342931865,0.011039617720562693,0.0006838103089697538,0.005457993188888129,0.012812611094887141,0.005239401804248979,0.05985174358491733,0.0019898576007027994,0.0,0.01093618648392479,0.0025975165395418246,0.011136479481334371,0.01142102820559199,0.010938388585441019,0.010753246816658965,0.004606559522510982,0.012146694063926407,0.00307740465080418,0.014732077077041121,0.043744176786187104,0.020910510738811786,0.06688758562615993,0.10928287076410037,0.05741056728106038
175.278,0.010314416968296065,0.006086571996370009,0.009724986778698534,0.009211625129180038,0.03254923041072465,0.0019240304697109997,0.007771794679047968,0.010048104156406109,0.01033968649001089,0.023398763585292536,0.004445096019987593,0.0,0.00438089251146263,0.0060465037642831315,0.01571991689280149,0.019236912857410013,0.010027799950996686,0.009540787453164737,0.012675688484688332,0.0036766743646003326,0.006769434858999747,0.006312762995790236,0.02402554301443861,0.005130826231583427,0.15506040180407973,0.053949083798739486,0.05050573008459512
175.789,0.006346205052564946,0.0025828804606854395,-0.0014058538287044084,0.006123084664959629,0.0098803070360847,0.0010924491281162681,0.0028212632762370433,0.002637161040957366,-0.0026688983942178687,-0.007129222560096937,0.0016104430495520125,0.0,0.018558437806561027,0.006530090279092928,0.012338865239366103,0.00953819982131355,0.0052170359784637545,0.007670374453280355,0.009037241440137993,-0.002564501776669591,0.004555976197566183,-0.013383045309123567,-0.007047457837314607,0.0005895474382261653,-0.07568712133222594,-0.012160076716563089,0.03044268532523643
176.278,0.00651619804451083,0.0030743242982142855,0.02274970167140073,0.009118154406346207,0.040735892553766494,0.0016871624827549691,0.007642425309694377,0.00573322314982328,0.015310548391644942,0.02196975624666253,0.0021020258386965627,0.0,0.005501948321718009,0.011847352556455984,0.024459887881616005,0.011577167024113266,0.00785010686251412,0.010745873690793896,0.010781219533917356,0.017547797573108332,0.00562740878475072,0.049006127760136395,0.03682445814909308,0.015094584983026718,0.08717874127664038,0.05393252867022677,0.060861316431405466
176.789,0.007679153353671694,0.0015855860170441015,0.01660344377616072,0.00990313325491394,0.07122621132292838,0.0037271830480700503,-0.00011319711958038958,0.018434781753472337,0.008900612411353067,-0.047396398203288476,0.002631280580098499,0.0,0.013069519244385545,0.010258538594303241,0.03537860438099432,0.015329355843239646,0.009500357702704843,0.0058247155908865604,0.009321940259617975,0.0039012356534308145,0.0028596805534510015,0.044796905171663265,0.043621366473118366,0.03102356277059402,0.10275514174608069,-0.04229579161179604,-0.02956480768007396
177.277,0.007211630880101857,0.006944952407723622,0.021648704933384683,0.00957285279332747,0.09136984216713331,0.0023147567707796812,0.011486366587050895,0.014769629363894502,0.008934478410625255,0.007909471474402243,0.0046143837820435945,0.0,0.02549449870237933,0.009866680291641205,0.026232988280779253,0.007971078476976668,0.009944725491939924,0.007158709144900832,0.010445814807583902,0.012037650436455799,0.005583653390204667,0.03985447809000436,0.060253518505469374,0.035467162332143864,0.12287855576553848,-0.02059612982545409,0.04043933188454276
177.788,0.006911094533462698,0.005790288519593807,0.0330473008258972,0.004872020471417659,0.0641567265177961,0.004153076257973317,0.004600216999859977,0.011955725292442676,0.008019836839963646,-0.0008977639502362575,0.0050748463757539705,0.0,0.026616543140453825,0.014315515208955045,0.007730012749186033,0.0011670933672744506,0.0014876737612843005,0.008524251836294364,0.004191785959499183,0.03041291365568952,0.006029633779677146,0.06784751522543503,0.056771432716662636,0.03021660864961003,0.031833949430163024,0.03711898757946317,0.03723472441339411
178.277,0.00705861593780696,0.0030950569278714885,0.02279409675367431,0.006484919575610125,0.08010077162150045,0.002279981700487507,0.006456689565715264,0.016333945137414946,0.00576721945080776,-0.026982090550669992,0.005099805068332702,0.0,0.026988968348442503,0.009608978396301307,0.004517840679068382,0.007478466816814011,0.011317651597670992,0.007397618965474953,0.004824314266013786,0.027985612874155307,0.003237113989412477,0.04487884872392658,0.03084827475313587,0.023530247509565068,-0.0009690377501352569,-0.0007258492896995791,0.01921689797670127
178.788,0.008877377865470746,0.005923524528246466,0.016270119560053357,0.003944511253379075,0.04937483650219715,0.005172595930674723,0.007259402454945751,0.011163900546136966,0.004045296473222362,0.003074675003927596,0.0062074425729403615,0.0,0.03939722443915423,0.011219326828477972,-0.00211030200722437,0.0023772511544652816,-0.0031432470647904556,0.00713907202291609,0.006791732659170351,0.01146509720492079,0.008795337824214385,0.023132451266734837,0.03828216514101697,0.016233688243958107,0.04169738035545384,0.05121799870708797,-0.02055315054956254
179.278,0.003951808139903607,0.00360527374373894,0.024834159240361024,0.005723712660199649,0.04889251791397996,0.0021935231469022384,0.003348936128647385,0.007255875432646957,0.00928712655773745,0.0003491304250919785,0.005359382176560495,0.0,0.011265529920605297,0.010177004929971527,0.0009103192873558989,0.000877038097282692,0.00845615419528009,0.014935736098528064,0.009273610642835488,0.01196843235644896,0.008429144112743293,0.04803438529112807,0.07352943215999619,0.029261491515378747,0.16596378067579678,0.030818948371085248,0.009669580229233634
179.777,0.01049606839139024,0.005456216426726106,0.036076968459817955,0.007361093200334793,0.08096014950388442,0.003767013656931336,0.0031963903407473634,0.027594471888306486,0.007842934495443068,0.06615383610741328,0.005381147617123908,0.0,0.009377975137594691,0.0029127910960510123,0.008869250690190726,0.00886084395211487,0.018143155087512356,0.013314920712702207,0.007428881700622229,0.021520652232778076,0.0011583287824584727,0.05834329792574867,0.08309898724259462,0.032767215797611035,0.10401162721689418,0.14633969774310213,0.07037652223290627
180.277,0.008327614739325861,0.0056016555886341515,0.040078722415085914,0.010296708589315112,0.06267712731874034,0.0019565052902199708,0.0020763506624364024,0.01715450251506611,0.016602787753311546,0.018854456625361705,0.004171908027684294,0.0,0.01407790337925731,0.005766726257454679,0.0008764381218921058,0.014773059149752528,0.0154319993189123,0.02110422203716089,0.009910149160211969,0.030211835244106835,0.0025704047758986636,0.07110942584120078,0.08424319601086039,0.0501696741860527,0.1274239983409745,0.04552775803707017,0.05315806359623049
180.788,0.008366108580910366,0.006182404416675744,0.03237491791436063,0.009272575322806823,0.08185946255591822,0.0014814867655794128,0.0040744178525304545,0.008869262936396796,0.013110140362537631,0.043931340761845315,0.0032451840928792272,0.0,0.010007065342868935,-0.008168895962091706,-0.007452074202282239,0.01990386591995509,0.01760803719902211,0.017887776413919972,0.012159196579545502,0.026914414647812822,0.00020736595784971937,0.05994002139510964,0.05766609998043844,0.047655388327718345,0.2172715518642901,0.08227695662925645,0.0406192749019818
181.277,0.00874566529265106,0.004837760753314867,0.021628170403244093,0.0064523077138028285,0.06452225628530985,0.0013853884631043524,-0.000331097433723507,0.0030039659347896757,0.016755277540833034,0.0014272759894852956,0.007434563448051715,0.0,0.008611560262896795,-0.004488467259847958,0.005281432088893401,0.013085571835738004,0.009049195638442495,0.012055394386797156,0.008992742648323601,0.021464714724849548,-0.003505672795560057,0.04727151772709617,0.03645275604876941,0.04591893084279786,0.056630631587730074,-0.012876171632743965,0.03131386956920766
181.776,0.012587285974475062,0.009497454881023824,0.029429982207319634,0.009811651612064208,0.06414564042144642,0.0036754883187422233,0.007428895302879709,0.008387487620085052,0.014782152086981354,-0.004689288642111586,0.00513103099555592,0.0,0.01370235336953526,0.0055496424827524826,0.006845189935589751,0.01986525109174929,0.013053427024426427,0.017428009358180084,0.011423992780239783,0.02749923572270275,0.001273300601591524,0.04718508860697676,0.06642086505056695,0.04685666351409094,0.14924083011069306,0.0002540656927350345,0.0034320659947063696
182.285,0.0022365136962284957,0.0031865845895708905,0.01223199655855956,0.011668233114887369,0.05380996794160504,0.0015032595196061984,0.002104370498851034,0.013317799587360148,0.002472016937743623,0.025774444627288517,0.004521622167267591,0.0,0.010579784561637731,0.008922458199029811,0.016459190610283846,0.02058290920981357,0.01842542325840049,0.012355510147980815,0.014392122417604071,0.008384015020904695,0.006976204975903162,0.02228528462441794,0.04081035658335413,0.011843504268209043,0.1457611046592167,0.08795865141169269,-0.009796296688664203
182.777,0.006768905274878581,0.0027951315219332164,0.008674505612229952,0.013359519558791116,0.07054138745108811,0.001606671358398106,0.0031313813897760547,0.004239405493678894,0.002761246622396404,0.007149182022506668,0.003138816305348647,0.0,0.01741693154776979,0.01767574225359928,0.018071168756000924,0.02162806644848646,0.018958764609978473,0.010515269446603418,0.01967147434464896,0.004491943450112643,0.0037675921548365834,0.010069190311835693,0.04066698289343177,0.005599385212542262,0.15667258987609708,0.01805162231069196,0.02177778984576239
183.277,0.005275735405654778,0.004963312123902087,0.003906717559887583,0.011527524326735261,0.03925614993809456,0.0032479798538197413,0.0043280359746410355,0.004825937851327647,0.0031879152887613216,0.010941178701312487,0.004231476342626638,0.0,0.011469660578985191,0.007215945207399604,0.027975073667760187,0.02755628101008068,0.011335419702855872,0.008302473082403729,0.014210892281103634,0.012586927304258621,0.006148836729351036,0.01132930285918348,0.0019329625341697565,0.00047635562809707785,0.13996316657119817,0.03583107219608987,0.029096977432871474
183.775,0.006134511227496001,0.0037846424205762253,0.008264972255880241,0.010222109713487531,0.07365083199424041,0.004125878640911966,0.002502843936652936,0.004887607788465009,0.005790911052953591,0.052671240501814515,0.0034295592690916318,0.0,0.007664608668668855,0.013991384519634354,0.03371646015216226,0.027491206048079486,0.010329569712460953,0.00383125582335463,0.006079520269393184,0.0052840828776181455,0.00578159070950632,0.012376938719003888,0.027332734194643958,0.012939052956530967,0.03446660920633442,0.06005219064236047,0.11248918757062631
184.278,0.007181069904885753,0.0028018446656819765,0.016788631062933428,-0.0005327246076957315,0.05183696624768169,0.0037067837092648334,0.0033342021512526698,0.0006511316065343589,0.0035047868680588208,0.02174673579921062,0.0010134544166004536,0.0,0.0032445759528702267,0.005852181250461001,0.014518168481582956,0.00516217915135217,-0.005664550903587786,-0.0015271414150872047,0.0037032051346588494,0.005368125615928399,0.004730698113767338,0.043966362993054176,0.029601957241625062,0.02094863484963008,-0.003538405421581706,0.012619159601793101,0.0782434541726985
184.777,0.005963160126206226,0.001580352826936646,0.013098397912396987,0.0006005467851324342,0.04281944027209535,0.0016169967546590179,0.00489139432929418,0.005470317055666575,0.013509101892812708,0.026819741518341707,9.304564243353976e-06,0.0,0.008171761410788816,-0.0042338960589101415,0.01643407425409399,0.005939943233609489,0.0012646629561823084,0.005948226056132509,-0.0009776929481627543,0.00906672899517504,0.0013885823350958896,0.03751155738458414,0.023096672858499617,0.003089606830082608,0.00024225943753371394,0.08787460591956588,0.02169344378143935
185.277,0.008315249152227061,0.003323014287548863,-0.005485655435610387,0.0007345016905221448,0.023596539747504603,-0.00013701154096525144,0.0035246755537961245,-0.005669670207769922,0.005114547337642944,0.12374778518641116,0.0015818034552862155,0.0,0.011735193574014672,0.004496674934140101,-0.0015581122166970164,0.003109013958973456,0.004098400974909965,0.002494339325597566,0.0016624168938555162,-0.003055243113824455,0.0010536357300279752,0.008313565662832902,-0.00895637356816145,0.010586033096032767,0.1656226883221839,0.13108164613527548,0.12857541559269942
185.777,0.007280768667830645,0.00187149950667752,-0.0006938758371552797,0.00023055378987690137,0.020283654997394897,0.0012540578032171228,0.00650436382120426,0.0017591438697709938,-4.002495712325709e-05,0.0773349273865686,0.0008721208617479632,0.0,0.0012399529533392078,0.0016950762684361785,0.002586324462021805,0.0031308677956624546,0.006589893739244935,0.005614637086379136,2.4022351383557913e-05,0.0027230064348299694,0.005138605964840528,0.008304815296605579,-0.004767799034369685,0.02448074343448921,0.07926450604577774,0.15678793240354005,0.04635446671900985
186.285,0.0026827858244211004,0.0023629625731327315,0.00399848344486633,-0.0014933398056166006,0.009628765165181442,0.0009356769413329282,0.004240375986601536,0.002468422131142301,0.0038843902364934474,0.0967282324269673,0.0016159327218734105,0.0,-0.007539256966033469,0.0012287290397435548,0.008780456529126564,0.008930855465888076,0.003438161868117641,2.507822175729573e-05,-0.004834693750086771,-0.0020335640063124712,0.004625396669960205,0.028280637748345532,0.014690529295216082,-0.009389628793830576,0.2204833887082327,0.13393408877900956,0.08295738810125379
186.778,0.0011807334974711743,-0.0022487402721962065,0.017448250714043777,0.002055687715338385,0.010091983721498766,0.00024736233554946456,0.0031259796495962666,0.0048715565381573425,0.00495549744808349,0.032043606006977185,-0.0005414668975710918,0.0,0.008087351352603018,0.01105479379519407,0.025983490902049617,0.009412632334429938,-0.004789690514972507,-0.0024377617160014943,0.005214846630054877,0.009394562145943863,0.005397159183926219,0.050669735875360465,0.03851188570497167,-0.004669155745300992,-0.06121667938842044,0.08077574648474793,0.022751644586594816
187.287,0.0021432346002526704,0.0005002807582702721,0.006312132930092378,0.006928882033775028,0.0024852805311378627,5.1729910668958976e-05,0.00025706940102251946,0.013714513719130612,0.003509059600295455,0.08125806569672797,0.0013251253753211512,0.0,0.020459749008104832,0.011787402703780776,0.032234198813693125,0.01845041746572382,0.005061572167224756,-1.543287093650579e-05,0.00015759869836545412,0.007125198219570017,0.006626966359584295,0.02904882201220768,0.014014475163199315,0.005930964764356353,0.1601451569196469,0.09663125546073029,0.1455434384090204
187.779,0.008675208815493206,0.0031065454285426597,0.015519438862814098,0.010173843340676223,0.04220732548324333,0.002042636063816794,0.0021067427651713117,0.016637835248268295,0.006133663310969474,0.06727375059918309,0.0032104285520254787,0.0,0.028310920523738965,0.020701272754839826,0.03141670448792751,0.018429301376363092,0.01640148194726464,0.0031869541196186415,0.0046850451829899276,0.013150488011508468,0.008204574923568261,0.03680400886733273,0.021919546355745334,0.020699946237774023,0.05821490472288019,0.09786064348219335,0.09274071503610999
188.279,0.002751909136976437,-0.0015224438362459309,0.009206940255818875,0.005790214631642812,0.010942715877165924,-1.825772664439397e-05,0.0010176308973178288,0.011571157327260762,0.010793332618778793,0.07245872316102944,-6.728577727079158e-05,0.0,0.008655285452048614,0.00667208106072519,0.02529888940493108,0.008360136271255125,0.018841104502858114,0.003788072180302161,0.00016089713347685214,0.001473372108074611,0.004923507206147868,0.0239377623785944,0.024420580435446537,0.01861591946439353,0.2399121223971954,0.07590544715934862,0.09878283999042703
188.78,0.0068665849015664,0.003261793563378117,0.018486703432443675,0.006476937792531502,0.023230098236238728,0.0008572729715071154,0.006181332130116889,0.007498004932684532,0.007813044217229692,0.13388667780100613,0.002969995167193316,0.0,0.0074687177208366505,0.0002841545322663319,0.013472237224078004,0.0038030113996071727,0.02027005260736857,0.013558635027337472,0.005954941219281257,0.01940384501761154,0.008522293492591588,0.03313066258714185,0.03297242984060969,0.025513197560111424,0.14451548065180284,0.17763334151625135,0.15249437791361456
189.281,0.00538222606504442,0.00013423627263120153,0.017638971762784932,0.005134031077493249,0.02304944969067738,-0.00044651470703478566,0.004221295016594839,0.020312621833646675,0.015523592582788513,0.17925990567620403,-0.000618899584637253,0.0,0.00608432862910627,0.0,0.01756109077324987,0.009701391098364707,0.014924620934904763,0.008129174229307925,0.006406134082289709,0.009344060116014359,0.003840380621378178,0.030278831241614287,0.042001504081035194,0.04532183848427453,0.16389866907118192,0.18893401873166255,0.2260841170374865
189.784,0.0025414517909244706,0.0005002196003048984,0.013780733341539534,0.00352571067108667,0.014496237397815215,0.002004689476260952,0.003353309437830696,0.007595886373844322,0.006405049759336516,0.1502510082284095,0.0029207364265527143,0.0,0.019613592980223738,0.002445704450253042,0.00950980805427607,5.2898717116823565e-05,0.015175812403251826,0.007340220793467365,0.0013802846908460527,0.005785544912199156,0.008227106357398288,0.02843689266476044,0.043561637244052084,0.032770356401646855,0.24629405328087012,0.13825114670069966,0.1938325491125713
190.284,0.00025565256164301404,-0.0015573732590139712,0.002415018674014907,-0.0006502778128470493,0.029600393747394795,0.0005489958328386448,-0.0029510009787549257,0.010925067708578106,0.006279254507845475,0.14465418021870055,8.979382374064759e-06,0.0,0.0042496829099337415,-0.003672769387190412,-0.0002616249336408029,-0.0005554659131607586,0.010427274625836109,0.0014438486489803848,-0.0013760803525004774,0.000670918856302466,-0.001955715305370387,-0.0046588753866308365,0.023037269269720738,0.02152546002260476,0.29935014285149336,0.11766397359713665,0.17316916108783148
190.777,0.005505221204470319,0.0024985550715167426,0.005456165269904229,0.007938809325582297,0.009632127360641013,0.0012252881497815838,0.00925614915282242,-0.005173863360902825,0.012315051562550788,0.10442359542911646,0.003906659363464067,0.0,0.02007569273310889,0.008680904813187873,0.010711369901063646,0.006335671561421693,0.019419536394984917,0.009814777250363997,0.007564673108822701,0.003946141291613083,0.0008390203724748405,0.007901222311915382,0.02888736076445504,0.016610463244846795,0.22329440928660235,0.08636883838937395,0.16675109142267036
191.292,0.0014627673677235988,0.00026573176094636013,-0.008896564472972974,0.006406493915075295,0.006176614621488368,-1.738240003251709e-05,0.0016697484753026598,0.0009188681106789298,2.8232268433434013e-05,0.10608873745179138,0.0021429436108177328,0.0,-0.0006622065612798822,0.004339806860670149,0.016371070679651156,0.006246775183528385,0.016474420714034106,0.0091423935429948,0.00463768745909849,-0.01607470184354413,0.004064525013185191,-0.013965708173617782,0.012891580808624693,-0.011811056471080996,0.1090330547514259,0.1153867388486852,0.16161640687447115
191.779,0.0001649284499940247,-0.0005646799920108095,-0.0021913063896490037,0.006571441032411752,-0.0006113470101977318,-0.001048571808528005,0.004392813569545622,0.005459949413120098,0.0011703386685863824,0.083004534248142,-0.0003428643574813361,0.0,0.014574472315692463,0.00850137928329915,0.008749059125814883,0.00485299717446362,0.023050558995926455,0.008986853868940547,0.004069945044788814,-0.0061307519422048274,0.0020500199506824986,0.004736423595112091,0.0004890020665056048,0.013277324156657538,0.17677106532891515,0.04437941032951678,0.17359720312125418
192.277,0.0038929194849791522,0.002962479339549657,0.0004118514386857863,8.521070749207664e-06,-0.0005139074773264765,0.0004554133668482379,0.005561966865174381,0.007360865856440173,0.007353056935121889,0.10644683548251772,0.0008709421397081375,0.0,-0.0021421174510159995,0.002044875571244929,-0.008722647170897059,0.0031677159967360966,0.008179397440504955,0.008360749640898044,0.004218387994617596,0.013590101621522955,-0.003083854981560647,-0.001087778621866867,0.0006003453572563736,0.001601291327313963,0.1795556646908029,0.10596640852646938,0.1621160986981835
192.778,0.006820961462845368,0.005103248463048407,0.006944523952163319,0.0019110234691873662,-0.021118784164899897,0.0035693361670226156,0.0060018252775936535,0.0039312427834674426,-0.0024674406536648267,0.13906726188201124,0.005548231882042897,0.0,0.003181223103993712,0.012353705526941233,0.008439885842955559,0.0036349727980575625,-2.170651681780261e-05,0.00873729695688128,0.0046823873049180445,0.0018808595863398533,0.0030989558365082407,0.001968386034822708,0.0036405235283308015,0.010218787951067471,0.3147808132908678,0.14648780736318007,0.14955002641842155
193.276,0.0038130835201355814,0.0035203499794750647,0.002692109622102607,-9.37320977207464e-06,0.008067216158625613,0.002300774279096239,0.002687300797952816,-0.00025985394337787603,-0.007205323258588607,0.17248310056135369,0.004763427094737443,0.0,-0.004772797706767115,0.01623856496000507,0.01117613014600425,-0.0011104655129286843,0.006725591425205903,-0.0009655311134404568,0.0005179096129012162,0.002471789508929955,0.0030281245466830574,-0.0027262158406832528,0.011311154094291672,0.020134404308424034,0.16191433309462944,0.2191157638558699,0.16484741690038215
193.777,0.007417578172666993,0.00720786225080845,0.00456253201312897,0.007970912702321082,0.020046583700069263,0.0042579733142018685,0.0038284579142115072,-0.0011928631825224448,0.009354223814350191,0.28070982168825304,0.007032903492930259,0.0,0.017082905570435146,0.02261816547379565,0.02321298840532965,0.005561013089366395,0.0216257191085737,0.0068799354610010076,0.003793068969093246,0.009126675096224227,0.008170917561092443,0.007599437107135268,-0.0081047912953091,0.018564173335987463,0.19189761508991396,0.31971493741249074,0.2793984928898316
194.288,0.004584602339677304,0.003540424178519173,0.005651044340683484,0.004198323053020018,0.028967914368441858,0.0016292499409400944,0.0005376624535901432,0.0027827331733289657,-0.0008042533893143683,0.3283521330003162,0.003660787282735597,0.0,0.0007794308797946489,0.015625717414032295,0.014651294671918723,-0.0017705039682025668,0.010018092199464724,0.010286853544185313,0.003356872993686594,0.008215589176126819,0.0014038714328383605,0.024598204735609704,0.006805601061673925,0.027859641245741303,0.2826329725342403,0.37470107122058144,0.29792004375044934
194.777,0.004787415559868116,0.007716392422824635,0.01809290523493971,0.005634159123008599,0.03494434028409268,0.0023779353009858017,0.0013249642687636924,0.008676612894780536,0.007099398557879316,0.3901103063581443,0.00450952967797218,0.0,0.006610772887431747,0.019985963041551015,0.010941196024072508,0.0016911111190570107,0.013176747153228708,0.009798487930033795,0.008741337384737792,0.018740219934326043,0.005649420767088289,0.035331979788062656,0.020978060799900396,0.030546386071686155,0.20794472432536854,0.49039075952484235,0.3237552808567301
195.278,0.004657088293073622,0.0029963060363417497,0.018071987285787794,0.007074225838689218,0.037699817320902024,0.0021839865425681945,0.004336095899391728,0.016172255648125904,0.0036246405010292304,0.31347311883782975,0.005848573081205986,0.0,0.012344077414263951,0.015158697931393473,0.02425293887203433,0.014143407733850808,0.012813024545328401,0.00890408329098806,0.00601928511111775,0.01777489063278619,0.001419136395245227,0.023999524625080235,0.02503069029429512,0.049933565838382744,0.24518154769844525,0.4091882383735497,0.26112346190764
195.776,0.0016702052964550108,0.00436644013086763,0.015596510239598127,0.005842762651919415,0.0008226465436517619,0.001826876584467222,0.00561435952823967,0.01838459644056184,0.00045241933737211724,0.34606810003507993,0.004874683138866782,0.0,0.01842184229165995,0.01592719552676954,0.018976241616224354,0.01171330550372155,0.010728936770678054,0.00868956306937948,0.003403483427151014,0.019336739556949308,0.00385601161410228,0.0261376187293087,0.029942265381890387,0.042788293301019645,0.27968162718932416,0.4018379481887313,0.38624138575496386
196.289,-3.0618304261329745e-05,0.00544384588476626,0.020327650642315682,0.008045333548097458,0.038935044942795045,0.004270950522145027,0.0023647005637883476,0.007142240496049833,0.009997945818615255,0.3467143521838884,0.003723876827449985,0.0,0.019707034714020674,0.013024965116852994,0.00697891356769161,0.014324504720387564,0.011949382676860973,0.011981824019281532,0.009947291508628418,0.04299813665677826,0.008284260656860203,0.027779772861209116,0.019833369839508834,0.06718957501252623,0.24933808811106778,0.44728708338718465,0.3150735527919356
196.777,0.0013093740180708654,0.003855610571550801,0.015383212365599459,0.007650617193753795,0.004228145542625377,0.0022501426906252273,0.0044465842602684534,0.0014140736227919322,0.003453465377925088,0.3139868750289941,0.0022403830720246804,0.0,0.022807858478608948,0.017702709763356073,0.022656452603394,0.008611641326842836,0.010074552016527166,0.005608639495172745,0.00513660824709102,0.03199723220406619,0.0001037672352747577,0.013223090004411863,0.011104249137960216,0.06069973018590108,0.26380259376583315,0.3749416505124188,0.2833295370332459
197.278,0.004792011712870041,0.005234865818264791,0.01965803047767555,0.0052281586650164275,0.027965571426668407,0.002001779563472608,0.00912686694852105,0.014151450572537739,0.005223440084093742,0.2841810400583563,0.004975996641826105,0.0,0.02581680128636515,0.010675388836918182,0.021054315855336292,0.00212035581042524,8.348562735413765e-06,0.005583846111520882,0.007266109100601154,0.034363153237775244,0.0007048449489190438,0.03263852709110492,0.013517969462439175,0.04826571956501108,0.3923626353327013,0.37655992329817306,0.23911853918685566
197.776,0.0010039435099650355,0.0065260606981559655,0.017173329583026538,0.005084587504369149,0.046655725019010795,0.003697490456384592,0.0013353405867743968,0.03216451321156553,0.013263498626659676,0.2686217093662083,0.005362617349492333,0.0,0.024985938993920966,0.013718734009673376,0.00489705759243769,0.005603823366305918,0.0042262253291444375,0.010015392106195774,0.005432804779176519,0.02854660578827176,0.004731643091446349,0.019163582904925633,0.013770760150542944,0.052114772388148406,0.2492196183517932,0.3460669508890837,0.19980976158621647
198.287,0.006506824859629465,0.00511357535740051,0.0013713134111178749,0.004128908134921145,0.02026016435131362,0.004102875758782919,0.007896174844025742,0.0010225714687242334,0.018776886444331467,0.2540990303606846,0.004960937254324295,0.0,0.03698260629355583,0.028026898156552665,0.005987308545689042,0.004904184317618299,0.00575023097483374,0.004407685627715291,0.0029842471477832663,0.005088143816868297,0.005728096509424545,0.0026663234208697986,0.008762425744883588,0.022609222873409968,0.3092057652940314,0.32307268339431994,0.1776446107550176
198.777,-0.0018147427067858137,0.005338115632538733,0.010392253026483035,0.0030350490288864815,0.04648930771036422,0.0022539870236027207,0.0004660697709453015,0.010610569880680702,0.0005008739823749401,0.16880155138893485,0.004069146840879689,0.0,0.02254131541036863,0.021613892033649103,0.006881566843200052,-0.0011938691480865985,0.006918583164018244,0.004055942099442847,0.003713165396320516,0.017436954951030172,-0.0002490827192597453,0.010201516122206102,0.02772995574056869,0.022891799887506167,0.22582808699564755,0.17809955974755293,0.18392094913424614
199.287,2.087646519741856e-05,0.0045161479592846785,0.013838084321856762,0.004530103220214702,0.045218566197332534,0.002776438134431653,0.0038328636115728875,0.008427439478484424,0.007866442282388876,0.16144004872725887,0.002619691433440019,0.0,0.006914618722172486,0.015860462854413022,0.01316465840331494,0.013187311854857978,0.01017598237333604,0.0039760877287762595,-0.0009271265314543239,0.02391851908247253,0.003792922038624659,0.019045797491422035,0.012250191605260941,0.01249663107154421,0.16586551169881336,0.17173815742607157,0.1845738841890302
199.776,-0.0005665595802467238,0.005655773903743807,0.01248222105873987,0.003469913495158025,-0.020285734215594146,0.002979885881386015,0.004107364914809347,0.008215349181455087,0.010068264461559371,0.14034562444776894,0.0031257412106098746,0.0,0.01993552322519941,0.015159081007432077,0.0049859449481624105,0.01077838505366996,0.002356027000093838,-0.0005644628920285081,0.0065071331936739545,0.015933154217915253,0.004523877326498987,0.016219114212314267,0.001964137163365167,0.012953392783892929,0.20681254351601794,0.1478543486247841,0.1989414914951322
