Time (s),ROI.01 [],ROI.02 [],ROI.03 [],ROI.04 [],ROI.05 [],ROI.06 [],ROI.07 [],ROI.08 [],ROI.09 [],ROI.10 [],ROI.11 [],ROI.12 [],ROI.13 [],ROI.14 [],ROI.15 [],ROI.16 [],ROI.17 [],ROI.18 [],ROI.19 [],ROI.20 [],ROI.21 [],ROI.22 [],ROI.23 [],ROI.000 [],ROI.24 [],ROI.25 []
0.257,0.08067726649702021,0.06076235491776168,0.11814541470585833,0.0783513178592313,0.07473904790985869,0.16059172074107703,0.08549816782802942,0.10612990788787792,0.040558250616118306,0.0446168019525122,0.026192358903070458,0.027161839133067453,0.05121691792373701,0.008104581150954158,0.009457073059054194,0.01087636102225344,0.03259807859617202,0.0336436981268867,0.052993534650687166,0.024972434527470163,0.0627677825418093,0.03504762823551999,0.08748779448623936,0.0,0.08822359393301328,0.016935202598867712
0.783,0.06777944926417086,0.0449333211054271,0.0932838926057802,0.07344917320283542,0.08284203813661921,0.12552571260682654,0.07079790153602239,0.07352002258863971,0.03370245515841792,0.03903229812619603,0.014252278719683341,0.004921152800975139,0.029350510134511024,0.004639314940305059,0.007835215208995687,0.006254922840250268,0.025885534131927478,0.01539765684074435,0.038122575325262816,0.017915767185159664,0.04172961162836732,0.030421842704134613,0.0891040775878192,0.0,0.06839987762734222,0.018007509178442713
1.277,0.06699707039024014,0.048424560682159334,0.07920753646575794,0.053889027832401494,0.08157132760725655,0.10040635081071063,0.07958072947585523,0.09494116484018934,0.02955769323022091,0.03215724245626721,0.012917322896301401,0.002000752816420422,0.011060340008754856,0.006013201365690854,0.006876928995069858,0.0028511729977159636,0.022959357494097252,0.008529899775227416,0.0190880971591174,0.012837301021356454,0.03800389150022596,0.021275170708180653,0.0722130305996087,0.0,0.05439702028007518,0.010357621065395381
1.787,0.06539722067416957,0.04894738704686449,0.07800928330872381,0.07815178972471533,0.0728232086564079,0.09254786352681868,0.08142509955012449,0.11967339712943098,0.027741021676597394,0.0351975968607535,0.012626686989270946,0.015514481087706228,0.023775665515049584,0.00878968641840076,0.00794808327791523,0.007995630901346197,0.021750340770973813,0.014720442366666435,0.031289180974460214,0.011709015795073963,0.034976181160149285,0.020012924439537078,0.06280037186352422,0.0,0.059520285711308,0.013952161332883184
2.278,0.046224016379762464,0.03671965110776606,0.06098578357842634,0.06205349193271318,0.06052825849258097,0.0657599929551606,0.06168558655425861,0.10604746645536203,0.02208241562537083,0.028939377013333153,0.006943882928003313,0.0013114625091030596,0.006627115906254836,0.00048228771830127894,0.0037537566793751052,0.0041388036344934135,0.015221106355763951,0.003759313121574038,0.0004856106339210056,0.005210581958085976,0.026709494097013703,0.01670214308940651,0.051067136845940886,0.0,0.06293385739045346,0.006811713874029564
2.778,0.0386211876614826,0.03067655588808554,0.046241319614777496,0.05405322266262887,0.049701544044698794,0.05064672019688408,0.06230406068891968,0.1003929542836726,0.018029722708185432,0.024554231501101625,0.009670291030617069,0.004844188909075095,0.007662025551372494,0.004082202337375244,0.0036443801374377725,0.0043986897923199335,0.017512317538534713,0.009613352102254783,0.015450553903894442,0.0014159797433269275,0.027428930050191376,0.01426827316199393,0.060313194121018765,0.0,0.054649231505531616,0.009069206449798407
3.284,0.033693381237479426,0.02316731345550181,0.04086582603305676,0.05135484749823283,0.05015163304858721,0.051383549439952055,0.06766247101892382,0.09587207378258283,0.015732317853191354,0.020678509794689395,0.004439216531214374,0.0071522923462962375,0.0048491441136926565,1.428032225706578e-06,0.0018180550724923763,0.004186416434129529,0.014558827611146442,0.007204052721648775,0.0031699319702256927,-0.0001699930798506385,0.027624576866196262,0.013825226643701125,0.050415384205274895,0.0,0.048473330029855335,0.005302384884511513
3.779,0.02363430933249894,0.0229125496031273,0.028968941383787278,0.044780250186607896,0.04037553209274134,0.04852635760695558,0.0471907018171341,0.08591653799483388,0.014637602371069692,0.02486323867347557,0.0025369798794440414,0.009959190419691816,0.0019639484038925913,-1.0472236321933172e-05,6.22421308361573e-06,0.001429378436608721,0.012877828413953567,0.004937494756415415,0.002983525847196146,2.3180874525190086e-05,0.017628311447297887,0.009119930313407567,0.04405948721890289,0.0,0.03676379533700887,0.0008260678383139916
4.278,0.019043545229639063,0.018307022107969372,0.04728012595008304,0.03434815618191319,0.041553751223565555,0.0465039262096511,0.03240168202072343,0.05992679660665945,0.015292448912288975,0.023743875977921918,0.003472903578675475,0.002972313869324724,6.554971678459807e-05,0.0019078765011345574,0.002076785733641796,0.0025682855651499074,0.010165291579369098,0.005945242353632721,0.017429491413797106,0.00044967836819543325,0.015683675053213133,0.012906194130604476,0.03523045708085859,0.0,0.028250483981201856,0.0026800331759006795
4.78,0.017008593404242295,0.022671897136730505,0.03996776722665088,0.039301779888400924,0.0329741112275125,0.03828782501996347,0.04025497637154661,0.06745857484776235,0.01307999339157612,0.023384109421554385,0.004092027805461964,-0.0016954663492478575,-0.007353205632768813,-0.002306493763135822,0.00017162777340253918,-0.0014277406317306218,0.0038827853983967806,0.004885605840264081,-0.002350378099650167,-0.0005007211473671941,0.02861469739159427,0.017770150929468435,0.01474213271058092,0.0,0.018382973386099368,0.002942521696709853
5.282,0.018563701174738923,0.020652032537180762,0.0358397632009337,0.037630657650670786,0.03961070573585113,0.040651639495932215,0.03406865732808309,0.06038848291386687,0.013110581696030743,0.022606820993670847,0.006260157694544628,0.0009316154637182254,0.0024307320016895857,0.0015478250390120764,0.005303336629759286,0.003016025958465236,0.008182478430189885,0.006892104821019257,0.02937386402644656,0.000449196125791679,0.03278935055015928,0.01996203576113673,0.04459534644545625,0.0,0.02345592511028164,0.006300255861557086
5.786,0.009630050870257808,0.017146073105230423,0.014568966906359972,0.04865570354566711,0.03747597251222216,0.036558640515798865,0.03349210217943166,0.03184083813393485,0.014460810400959388,0.01761013152383274,0.0030164194385730865,0.00838637051187225,0.0026637824510661223,0.004289214272904314,0.004312473544762869,0.0008533837497564922,0.010124687149148296,0.0006892738578050259,0.021950077401330596,0.002881272642220692,0.020320104665210226,0.01635354329429338,0.024360940378177886,0.0,0.027856164946281875,0.0013999246230392828
6.277,0.004836223094541181,0.011653064393620276,0.0030094541537295295,0.03662830980802316,0.030722881973364684,0.033884376371483185,0.011366097686221849,0.03913679353483425,0.011667943668130983,0.014033992001911673,0.0033203759830463505,0.005472945424535387,0.004442576265524156,0.0012170489457380624,0.0011478012169353641,0.002867769364888621,0.010624625767459884,0.0017245564964430676,0.002767087923691425,0.005359490041186798,0.016725410503187762,0.015857403568292287,0.024054884555221187,0.0,0.029378151794667108,0.002267976461495203
6.777,-0.00256948662365204,0.0010908728829547407,-0.0036270462769033285,0.051731165505095204,0.02587402424565336,0.0342241235529354,0.0077242898510265865,0.02766257962289339,0.01141192021940438,0.012515358625318905,0.0004252951026282183,-0.005071661121627632,-0.010511216222273374,0.003360824091484986,-0.0013600188775645585,-1.4203621711022913e-05,0.00838976477227614,-0.0023958207751469205,0.010639452492708689,0.0072426440313544576,0.010882428876491063,0.011702189074782468,0.007562735857050401,0.0,0.025241026560298432,-0.0017827195838709374
7.295,0.003343273514745694,0.0042880817539062074,0.012098868025291004,0.05615988704871852,0.017511136342029957,0.026182135805556252,0.018836646222773125,0.05736850557429861,0.009309229592283535,0.01624471518588379,0.0011876161400180664,0.012538006942336607,0.013427107287718553,0.0014348057501911266,0.0029595154137472663,0.003537985656924937,0.011861992000304156,0.006332384907336184,0.02535757929660279,0.01587398195684132,0.013591663656510674,0.01512300940182008,0.007026795766740983,0.0,0.029911369177167028,0.002133337151861096
7.779,0.0029307231792440104,0.008292062802957325,-0.003727149164264304,0.059315007228870995,0.027007229426669315,0.04297732108287765,0.015557568394349621,0.03597989856491392,0.011225681890667874,0.011082681764268281,-0.0007988232214038026,-0.0023961856699890737,0.0014876912071758773,-0.000547348795730021,-0.0001591191765772414,-2.464048286066808e-05,0.010051701950458437,-0.0028436207950299362,0.00288611417340846,0.010919662379565948,0.005670174774157376,0.01373924425718659,0.00375972810174896,0.0,0.013361585012403535,-0.00029916431705833936
8.276,0.003131701097109734,0.01894806432380417,-0.0043519159037632765,0.061933134764535824,0.021704498807526777,0.05290039021104899,0.014898500784097398,-0.0011653302329710938,0.01017358743809532,0.011924336585366693,0.001788767653598371,0.006195811183492553,0.011870773390985839,0.003492774524647604,0.0007908563264662901,0.0022001682713772017,0.010207560450054057,0.004431745533991689,0.017763417223076512,0.009295614652730374,0.01615902165308442,0.012639354675687045,0.02129811116085417,0.0,0.025721393667382245,0.0022082967187002445
8.776,0.0026893610992020237,0.01712820739066108,0.0044317523832831055,0.05830092213727352,0.014862546263287497,0.03207424503952728,0.005507224642312461,0.018403721618394642,0.0051641872419751576,0.008850211178862496,-0.0001718440808252093,0.0016989616631370055,0.004429362801317988,0.00012567209614763075,-0.0006749588034293503,0.002143931377037164,0.005286414710180003,0.0018298962001964075,-0.0037866360312858328,0.008549070213483856,0.012335983608739508,0.011799645995465076,-0.005296649331826726,0.0,0.01400501563339629,0.00012172425848853228
9.285,-0.00030928164111641685,0.02384070839610667,0.009065096143915685,0.05747080621820962,0.013976644752222425,0.026541329289325375,0.014354930450891173,0.009845602859457368,0.004860754333453752,0.008794249093238818,0.008794181681316543,0.014868452339046429,0.016275493417824798,0.003795854395273394,0.0007974226692704344,0.00017452952767946223,0.0047739550769331516,0.011315569101217358,-0.0014565287706801643,0.0043721596983582025,0.021630006607820947,0.010855915547446965,-0.013618523423230664,0.0,0.021714869183994737,0.0017842659673898346
9.778,0.01675297781433148,0.03880541045027029,0.02512470460587829,0.06860951940149744,0.009959008847692482,0.034852182763999436,0.004848047729558769,-0.025651726182367218,0.004495392807446002,0.008653058375874514,0.016543028033874935,0.01901008231119445,0.02285562899035966,0.005019424303110179,0.003997302254451154,0.0045171378606555755,0.0058851923383921225,0.023139025903051554,0.01868844366016324,0.004204087201284735,0.031076491478288372,0.015039484940612378,-0.0034179028713797266,0.0,0.020481007483149835,0.0029508566594839674
10.277,0.02624478178251233,0.03176063446011032,0.031395596177161054,0.07279329112961273,0.01646917924130555,0.02502204063447193,0.006612031599095684,-0.024997123596047104,0.005929054800453039,0.013222461292225953,0.011692937966145877,0.013730131540345792,0.02487783265167225,0.002187528391514971,0.001276354619570185,0.00018591014761262318,0.004704214188779101,0.0192073067623992,0.01842033026969492,0.0,0.030407967431597394,0.010295243902756813,0.007830666488285808,0.0,0.024241195372921354,0.0055614552188983915
10.787,0.02915272208759787,0.028013628096783722,0.03407292917237611,0.06962112395831786,0.016348997849151385,0.03691825779220675,0.008764681213972284,-0.00010096916087418317,0.007402594735656161,0.019171513851474222,0.015252399960549834,0.017721157549371033,0.02746595714574645,0.005434447065926083,0.006423901394168574,0.007424494181121891,0.008131541914750488,0.02542340363313318,0.03870060636725939,0.004215961900142985,0.031681156262750615,0.010166592257717929,0.048613870257421955,0.0,0.024788933397507377,0.004155771005306737
11.278,0.03331860113289654,0.02522682081934089,0.046202361140430616,0.05718081059956332,0.00987523930214524,0.017327697809585506,0.03536048622629953,0.04677808493064946,0.007322451960401856,0.015566038592210882,0.01189821085262282,0.0243880571373034,0.029470691260654186,0.006792871382859711,0.005367720435031836,0.004122387142063941,0.007496097033240124,0.020007278541868883,0.0034327778818492825,0.0033902062250372933,0.023452201234338867,0.005972029082904751,0.01611289128967851,0.0,0.014418235178243137,0.003860283599150264
11.778,0.03289896046772416,0.023001053368600286,0.05500167224208364,0.057974282398460954,0.0019378511016064299,0.007867277239341513,-0.007162999008622583,0.006512990082670395,0.004992020438801108,0.013600306146604206,0.0077115784891071916,0.019658621620524848,0.02057483656668968,0.001644831722100368,0.0021653668413125922,0.0012437152754456737,0.00234839842013508,0.014415703125280658,0.0023142413970029013,0.001869632123422266,0.01816952436053414,0.002897331212936371,-0.002314519785649489,0.0,0.006419307298774135,0.004172108153372173
12.277,0.02686425177270066,0.021801165076835348,0.04824121081099316,0.04660843064061087,0.01011223780065285,0.012500096869949443,0.005853544353101618,0.004875889307792979,0.0026167373466827325,0.01445402423621927,0.006920640456967715,0.026776298937788816,0.028281588262694227,0.002964078066654873,0.005398537110295412,0.004822540216440828,0.004348377707589804,0.019160923785191544,0.04507757017962841,0.002897943448468086,0.016506142135487824,0.0006586496525441967,0.02373328964071117,0.0,0.013053482565985064,0.004671357834439453
12.787,0.031226295982926183,0.027883202592771935,0.06042371714556982,0.037702836069291916,0.005413123417319096,0.024034193809553163,0.020101278114263973,0.0014576484768432643,0.003055199640473559,0.013957065849977274,0.01280831939774662,0.03063556411711704,0.044291768342497734,0.004849670585958738,0.0054855908464008975,0.00460864022571091,0.007958574931042087,0.0246208035200919,0.0406890144567561,0.0066045379919688575,0.01908409210164314,0.0010452895889639321,0.02918860585283055,0.0,0.016387501853847363,0.005850401034725676
13.277,0.022315310160073033,0.01576945687159439,0.038532968131879904,0.044540033358310804,0.010350761739694637,0.02192157006527963,0.02044782971160805,0.004960283908027785,0.001086786168979712,0.020099276336327677,0.003155695881918523,0.00905416676819053,0.011096386933420082,0.0022956450701831217,0.002819237758122678,0.0020224988093389493,0.006096370927803818,0.009497715159321029,0.03650800319996101,0.012473949587025164,0.006725580251619208,0.0015250005224654594,0.02007519436350652,0.0,0.011323311983094116,0.003286720204081783
13.787,0.01990574617579481,0.012449663035394902,0.02821224949801974,0.0526428708519621,0.009523803066209114,0.018237003498066104,0.010872135373129848,0.027063814552379044,0.004166475180004473,0.01990484459750369,0.000253706684416788,0.006507327687186846,0.010004904729604717,0.0008416586469259392,0.0020645350170066107,0.0009413158425764211,0.013249607185258847,0.007795526670620252,0.010221428149719082,0.01718216799258272,0.006051604186475375,0.0008212218331475413,0.012051581028486377,0.0,0.008407449300322594,0.00035137155581809696
14.277,0.01318321118817102,0.0052729310761421315,0.015681076799632116,0.042990518596332364,0.005055108096669635,0.020625880941446642,0.003597635136059154,0.0069216079161386335,0.0036685022744810582,0.020310004613268512,-0.00045303817102239493,0.0020853972847391946,0.010791149149735103,0.0022616605838466316,0.0024064025523924874,-0.00020505785030674017,0.01206770858237273,0.0006009799273461807,0.0031565056577540075,0.01576081665678148,0.0032543259810902813,0.005037484393111706,0.02036324049889543,0.0,0.015453871225466312,0.001136806470993256
14.777,0.01386850930916041,0.009299470869592716,0.006407658636625238,0.05354309559600858,0.013493889891573907,0.01771717568517503,0.0058739443637002035,0.008408482795302635,0.011150205161987232,0.017487554633968106,0.003058754279190942,0.008356807170420083,0.007608850682327997,0.003814748155644662,0.004084805450036887,0.003570316351516879,0.01443897894560345,0.0009855308189815647,0.00018849974431366342,0.02102623472538353,0.007363598744887603,0.010310268152585511,0.01658634316645398,0.0,0.012613109250689031,0.008480112999992583
15.287,0.015840963137840343,0.013467691084072341,0.015218490256101657,0.0589631357343688,0.00542532018719603,0.03938173566520268,0.035607065882724546,0.02363648983810806,0.015963181374335746,0.014133077885701822,0.009431672157322551,0.026257545846378297,0.029798096735716893,0.009136823665484859,0.0058689511611333,0.0035255959041676018,0.015342630821598152,0.01740434919426938,0.012566246535241564,0.0232177875938882,0.01834314476498793,0.0080093859556169,0.041439648855185605,0.0,0.01694661176176918,0.005423673751567913
15.777,0.009661811642539573,0.010016399879050224,0.007524772859260226,0.05390083926330023,0.015943698782871944,0.022063560875198833,0.02647728236682035,0.03889130131936427,0.011351201102768882,0.005725345503284988,0.006880549003264332,0.020430628426004894,0.01891857305341105,0.006789556552914492,0.005564405494615341,0.007756560260685694,0.011427690040639569,0.008592909077576927,0.048614351310135924,0.01871454202896616,0.02109239304814616,0.009131631125310891,0.04311892806301629,0.0,0.016899607614861627,0.0052783095474985605
16.278,0.010288223161930014,0.015526098645477182,0.020290694314567776,0.04012513109567115,0.0035876500780078636,0.019261310210181518,0.02803510730877707,0.030043982897765987,0.008151830571426155,0.008031942809885511,0.007544648152127158,0.014890505763289385,0.02824364355610424,0.0025183551652194457,0.004320064851554088,0.0020094843636633314,0.013034598621098901,0.017310488812198013,0.02988201577859935,0.01526232825193498,0.021406666482382958,0.007737872853712184,0.02928184230551346,0.0,0.013083970911965353,0.005008475579215433
16.776,0.0067748256882112804,0.0165011057031482,0.011877141317132496,0.026207007897463837,-0.008302846049878937,0.01758515990017401,0.003915190759409838,0.0034091264212347742,0.0024269284785567065,0.004119491293084237,0.009215605125451264,0.022135689212631194,0.02386357711499319,0.005614768733683979,0.0013410673992711524,0.0026645330862152023,0.008243187931929467,0.018927869819543832,0.037062257096366125,0.009923517994828374,0.01563639786666228,0.003282471064977893,0.017119344482191757,0.0,0.019560896426855826,0.0029610982509778497
17.278,0.010002697326898688,0.010728090602504237,0.02708657035410118,0.044493831026883014,0.007126749901033774,0.011601898866319283,0.008221002585793526,0.010169722507120367,0.002585989490616491,0.00803069374071319,0.0028648336530406973,0.01360376569485433,0.01023154350251708,0.0051262935589399565,0.0031359516900812505,0.004317026760419943,0.010156316539695032,0.008454103564030322,0.01141741513782511,0.010973530987302771,0.0028597041829545415,0.002415889977626366,0.020313454185788327,0.0,0.013788257467932191,0.003550475594652982
17.784,0.010023945838888793,0.008547040472250455,0.025195739068209187,0.04180195602646751,0.007876810163876988,0.03433669137374122,0.02671795462498932,0.06302867342141741,0.002277140385208892,0.013659254754288103,0.004914239122116312,0.01080892955905954,0.018058840629556244,0.003498759428966949,0.004076751512404601,0.005685272453826656,0.010174948540040056,0.013467525884192103,0.028911269073174817,0.01695330796152789,0.003841641230642282,0.0008316776285760398,0.01660098340010425,0.0,0.02602033020101031,0.0033634899130217297
18.277,0.013865119749637299,0.0053624454733151765,0.036748322691034,0.04547205089944189,0.005732433994599946,0.02604495034858925,0.06137197589307334,0.12631789559843112,0.0022527821308332067,0.012274107931937233,0.00335486850301331,0.015203809363634095,0.018721424103366822,0.0016864077810248102,0.004567826413934959,0.001998655957344075,0.00813144705894816,0.010661450206850193,0.023554922779287186,0.018146253636217392,0.003896289753030308,0.00220350443695159,0.0358414050679426,0.0,0.029576730034007563,0.0017548512717456275
18.787,0.021946156638384853,0.00766549891098918,0.039129454458549935,0.055438796030922353,0.0124178275657415,0.030655070240894443,0.06417413351668101,0.10775368412915752,0.0036958603306308448,0.012730250759379794,0.0037999743264704646,0.014944523972004816,0.02065148918149706,0.0014618825474988343,0.005722974415035215,0.005162334564482484,0.009755176660899458,0.009271255053888509,0.025271676860445645,0.018395090599529484,0.004907753227928977,0.004385941258523176,0.0557382427776063,0.0,0.02057081357349702,0.005172558898355789
19.28,0.014513385488370256,0.010911116159371377,0.028144337766224953,0.06206995505633971,0.00903608799720939,0.04171359835302628,0.09207329155951949,0.1516174676008147,0.006987824851539435,0.01063157962483614,0.007378341218164279,0.013580186886950962,0.01717359624460116,0.006793296802622973,0.006119114353476638,0.005733913918852451,0.009107427512423267,0.012660562398050716,0.05141319437225426,0.02009972903235129,0.005044634607702636,0.0056259625276546925,0.040971594945353886,0.0,0.010138018343856758,0.0043027039963676105
19.784,0.019573859741553196,0.01341823948833203,0.03428868611527478,0.037378092185311525,-0.000315977370489101,0.028138788319656393,0.08471495055320116,0.1380275031204912,0.005501332424875507,0.009457230755425013,0.003988847791488681,0.012021972971767719,0.017508829797613954,0.004188086283349049,0.0038700624725789006,0.0026440256455380466,0.005934452738403345,0.014944571542513376,0.021496516400859953,0.012186381607379483,0.002042452940360065,0.0041979470792773595,0.05192202297448166,0.0,0.017451513711574145,0.005853191098146611
20.285,0.025877544511432385,0.016142905553199218,0.03329122184648703,0.038984824318976076,0.006297665317865096,0.04361582973083247,0.08631094562394029,0.1372124769438653,0.006954149168652965,0.002270810542250644,0.010214141511443687,0.018823840700906307,0.03174234902583616,0.008532697584415242,0.005449764271619188,0.0063377939875798065,0.006094726251478226,0.01737133532794937,0.051288449037401165,0.009879253636285586,0.014677393023780603,0.003307910925329383,0.05385355407099027,0.0,0.01869406832406904,0.004670675865947601
20.778,0.018965092900154017,0.014921035078228305,0.014954775688491193,0.022373079192022617,-0.0064438115955119755,0.03168878757652699,0.0814789538970358,0.15573501373524076,0.006457107972463393,0.00424224604849975,0.009602030059424546,0.022017226372301187,0.024142923490690738,0.0037173915750261972,0.0051044178703619865,0.004353240104300539,0.0037349070359223076,0.020573780851273114,0.019163363775963525,0.006261480195675997,0.009058933100819845,0.00017010061304395638,0.039198034986292096,0.0,0.02142135246327212,0.005062190225761371
21.278,0.018562312055456234,0.008810112335602133,0.013247264566668021,0.04081554272133882,0.0061571667578386525,0.04945653712956431,0.09256570730109397,0.15395016089360786,0.005489296922352454,0.010991233985071087,0.009715242305862784,0.021521880602417207,0.03979052420197764,0.00781676152058337,0.006746087137193221,0.008377200521785741,0.006303878675534987,0.021069340269864918,0.05776845384234399,0.0050116368826618185,0.007326433118079032,0.0019373242213801395,0.05896428421406612,0.0,0.026131971165101936,0.005933337689537303
21.794,-0.0012855479395374467,-0.00016474586676113633,-0.012287655519931957,0.02549092929650471,0.008455109030683661,0.02826281106408504,0.07045830998337889,0.113620796237327,0.003768143524722965,0.003566361373406791,0.004952794190141175,0.014621317424082911,0.014567898558564614,0.002075314002824764,0.004231779283626575,0.0035299060234373885,0.005885700438447455,0.008529382713849785,0.03032499331200184,0.003437253926313252,0.002655520922712229,0.0014859764774816753,0.057289051328064756,0.0,0.022582790716593443,0.005495590675329103
22.278,0.0011600030684686211,0.009450679203055156,0.002752468640082858,0.019304241703200272,9.774862907674292e-06,0.03300449955915188,0.048166387657467495,0.08400219635145365,0.0035416695893552026,0.0066756006693623965,0.010336842960500116,0.01829707898665682,0.027554608566764175,0.0049878810397611766,0.003736893764525471,0.0038217552730393386,0.0054579886269232845,0.021107747111284453,0.019428839675576858,0.006904613315107159,0.005309349636858786,0.0006660452432755941,0.06776472030319862,0.0,0.027303739174627233,0.004341518920208143
22.778,0.0015646123017388108,0.006382773860363787,0.006105694580965461,0.032128208985973385,-0.00035882458925770214,0.04516086873764825,0.04137341194409307,0.05420734908599511,0.004391752455129722,0.004066025061046648,0.008108414309561576,0.02546573153107443,0.025426028856161003,0.006954532856364287,0.004843950557290987,0.0028210459500011805,0.0037828232138339634,0.0186689650242784,0.03579369790592664,0.00588221724654493,0.008270236202078882,0.0021811670066465175,0.03300815423978137,0.0,0.020553124024490717,0.009020329107718722
23.276,0.0005623368596737451,0.0033482214803899047,0.004379209973185132,0.014864997780816765,-3.518964405685316e-05,0.01837511311224367,0.023288753017902085,0.060896294562134703,0.002839294878869602,-0.00030626296026928544,0.006187430805629296,0.01224295756876966,0.005072104839655901,0.0013964226438305865,0.0028077455289647574,0.0004111442930117828,0.0017632038724524574,0.008941198951475372,0.013976718580323679,0.0005467198567881011,0.005145877347289511,-0.000458667576776691,0.020357938085236636,0.0,0.007682193205399754,0.004008489704355865
23.787,0.002726479039341715,-0.00833716472594913,-0.0020034438128770727,0.0167170990665489,0.008437133716486361,0.014650803109192213,0.0038243438962123127,0.034726129892695794,0.0007872022505393299,-0.006978255466668452,-0.003416926721633692,-0.0012842386405415805,0.00014587410736573557,0.0006294495202539183,-0.00018289254175187636,6.043830620606727e-05,0.0008639369124156249,-0.003063055295540818,-0.03139857424537041,0.0009517135088082754,-0.001505691160146758,-0.0033462051569745003,0.0031108433446857455,0.0,-0.00264311415507404,-0.0011452786476176637
24.277,0.0057875194963166645,-0.00933340008039467,0.0063072497737479225,0.018181735229407605,0.015793172858327327,0.013251191541790925,-0.0011014022365422496,0.02884006823568683,0.0004442977087171252,-0.0061223748163155775,-0.0022901421672135982,-0.0062570413636900395,0.0067010596925679644,3.471755666609923e-05,4.5320054400930985e-05,0.0012609590017383205,0.00022582420780114013,-0.009985699421793575,7.388130531459326e-05,6.186160239666588e-05,-0.0003252070890887059,-0.0015037169889853944,0.015473774560075001,0.0,0.001367138463880216,-0.002630470203232172
24.777,0.024510818811593546,-0.002010098267022377,0.035402080606763094,-0.010119290181175805,0.02190207012055991,0.005125566529470087,0.02215001250833058,0.0657471410747881,0.0002644703054594603,-0.006581861790776545,0.0020418129821935128,0.0011087322829241397,0.012557979219820234,0.004334378700331074,0.0008189925280186133,0.002553870731018511,0.0029241703716318917,0.002084683539907264,0.019057762569134534,0.005864142473814941,0.004233472090531727,0.00042893229124725475,0.030153889027231803,0.0,0.00826778128454192,7.265852638021874e-05
25.277,0.023557582462810225,-0.0022863574403489267,0.03386384986351441,0.008633378738656262,0.006263991847877266,0.0016108395505535684,0.0032750301887027548,0.03147103550368866,0.0022132069166013665,-0.0053109623683900336,0.0009616419830207763,-0.004695705722377047,-0.0009370928539956417,-0.0020935682730361185,-0.0008530544069779982,-0.004062821646461905,-0.0024402497949321833,-0.0036335749156480223,0.0019279735719520614,0.006377107332006407,0.01122550555387011,-0.004407427020332534,-0.00027033702323296926,0.0,0.0066894015634678,0.0015303653349567259
25.777,0.026893011824819273,0.008130059074678812,0.042027634357969086,0.0122632187247759,0.00810840784847296,-0.00344870555879123,0.006554331148311225,0.020581389130006268,6.125237752928168e-05,0.008258605747239979,0.0031659249170250784,0.008155492968133608,0.010021485061993102,-0.0008792797019348058,0.0013350073819570617,-0.0009376266064083057,0.0007289467231141413,0.0012514410068782866,0.005961637346981681,0.005697210095616173,0.021936022699119134,-0.00020281632696514027,0.02943134080890811,0.0,0.02186118628000007,-0.00020759148014621703
26.288,0.01632382368741006,0.010071499088938828,0.009471754677685355,0.02124946441672988,0.00789821824433804,0.002700412973494074,0.005647704202491707,-0.028403338778561958,-0.000845696052763059,0.003695557297100365,0.0030993278356025167,0.002754869652427169,0.009705341692151688,0.002253353822062634,0.0026344769752732864,0.0038033809686998416,-0.0018056232280768232,0.00333079455138477,0.019635721857385973,0.005666945521883126,0.0252262377624973,0.00029574491174695053,0.018538713794571695,0.0,0.007948226697415895,0.002296452811387806
26.778,0.021129619451097564,0.029174861691299736,0.01881900248808251,0.028539791681020305,0.016394730367076046,0.006473737109248909,0.04648067173696747,0.1110363810706705,0.002732297976466263,0.0033726001953160705,0.008929320472902258,0.015022027436429079,0.02515922675558345,0.004587206766145601,0.004199202404384863,0.003203458719280999,0.0001605290796197692,0.011892351673657932,0.023072630098867477,0.0046129174567120235,0.02479540188054203,0.0039536211879461144,0.026129070796144502,0.0,0.01348955603680056,0.004487831293183294
27.277,0.0247682541222259,0.04004276367649465,0.0331142326676923,0.02971011091614418,0.03079358261848551,0.028605406764458132,0.04748667272511417,0.10320262413463516,0.005569110904885932,0.011228007954004174,0.011300140544272138,0.02267290811449326,0.021813131783071982,0.0037122026676191205,0.005199506972760094,0.004396777639071273,0.0009267314649617175,0.014056022168899068,0.04209434166376528,0.0018951654898157946,0.022684195038535627,0.008705809824685332,0.02520421101003962,0.0,0.009447496932068958,0.004933885635182691
27.778,0.005116700376381131,0.04089624150678249,0.010898302988362614,0.01672735969702746,0.013042403060947776,0.009471739382798508,0.02995914470538555,0.06862186317531799,-0.00024500951011744153,0.008335423056265966,0.0065235321578780295,0.012156112322785162,0.024274106421652016,0.00021179546011694552,0.0014333712053790318,0.004290559357784835,-0.0006421163184788655,0.012966890443658518,0.012723233244153653,-0.00024162221041777428,0.01738937135304357,0.003134323953750926,0.018848832159708086,0.0,0.00957294854196621,0.001676844636641619
28.288,-0.0066960000908410835,0.04362502532193548,-0.012373216305361942,0.039009686420158916,0.01737129484717273,0.0049714309500677,0.020866163797708174,0.07486099017495786,0.0007955945518376779,0.016381797865613584,0.0040815271776966176,0.012143282122166251,0.010550897366978885,0.005724336815034754,0.0012735329174140872,0.0032745089978248785,0.001042570750842036,0.003990757528893088,0.014822282652682225,0.0011419933633965516,0.013500688791799963,0.0017406796347939203,0.023307216434606537,0.0,0.0069004228928328925,0.0014685191107837285
28.777,-0.00474823868916077,0.06060433406073919,-0.0011591605936960901,0.016480112483500058,0.011589374223733597,0.013962774292281113,0.01471627091988619,0.012933056069410684,0.0029089201911637655,0.02076593171590627,0.0106526709983165,0.019049102649124443,0.02148149987297753,0.0034792779817574603,0.0020800183044846223,0.004955711164754686,0.0036880815733168486,0.023725662057788123,0.02747903878225653,0.0028645430547969883,0.020081559782297413,0.0022886050035431983,0.017033763534941994,0.0,0.017421969296854682,0.002982225901997296
29.277,-0.0015968598285518128,0.06419124286780147,0.0005217432240003359,0.03353618072774366,0.011512108341336409,0.020911141000260768,0.013768298874062787,0.016251556544897808,0.0006632160245741177,0.025310519781757846,0.01020697393306395,0.024510960287788437,0.033072866356944675,0.004355984287464493,0.0029015095204144264,0.004354879985853486,0.004306300417197313,0.0254255461552394,0.026590776085357065,0.0065685938265552775,0.021330695654548273,0.007035230714659131,0.037512570835534595,0.0,0.015520077309695112,0.00359642315208159
29.778,-0.007640019846155952,0.057573215045025404,-0.012104332460558944,0.029035487216509445,0.014792383830369345,0.0014527679515883337,0.010447607919803207,0.024139535322675543,0.0029152380193430386,0.019826022300667257,0.005690053431566009,0.014057425652001885,0.02354560496563293,0.002444939520912544,0.004089547873564681,0.004854973912077432,0.0025525374399601648,0.018145301858790645,0.010686610094237534,0.004862388316473562,0.011900999533781374,0.00478098233747801,0.021047281410584526,0.0,0.01854854058140507,0.0055855070668007385
30.287,0.016907543192546115,0.06289464874322118,0.022800809963312525,0.020972772989644554,0.015155934233655681,-0.0029755055025497837,-0.002065057579224479,0.025710669933820523,0.0019294574748828523,0.026130752722899084,0.009821054165452111,0.018848611345827708,0.032184305392157685,0.00433382662593391,0.004823307194446918,0.007917056057865121,0.0036450553983931313,0.019733568895170615,0.023435313091048345,0.013077840165150904,0.008763972536102654,0.0050261476734644265,0.022438017599929045,0.0,0.02302566071634746,0.005038530563602432
30.779,0.01763846854918908,0.053590086023432584,0.016510111767382398,0.022498412066534742,0.02746810576778074,0.0112418102123094,0.009057622001806206,0.038991493342118114,0.001644074891167828,0.024218602065360247,0.006346073394180961,0.018237301435127834,0.033681023295694626,0.003784958850199108,0.005065417600402338,0.004352208458917383,0.0018927794693974424,0.01778295179974312,0.030471342919480542,0.018205271111378197,0.010209191167524945,0.004886903784972938,0.018174005027450587,0.0,0.01828165954610137,0.00534728858009218
31.277,0.02423072712725198,0.048827756190433357,0.03125446360040091,0.03633833997242202,0.022745434239798086,0.015320222380724257,0.023898153271380247,0.048743526206141995,0.0016626588992360565,0.026274527732140354,0.008260755649261972,0.025724867221487587,0.040561488156162014,0.003699780581525434,0.003100925230466027,0.004980039263326685,0.0019065378222410747,0.023346757242052332,0.027897482215124555,0.018158260115094683,0.010251364844747759,0.004262043334945562,0.027227589600968858,0.0,0.016139372047860274,0.005787417894830254
31.777,0.03078895928533332,0.03448466284256982,0.050541781306119526,0.003041857552794164,0.013964699645492566,0.0025633051689531263,0.012873509622338795,0.08412645623790463,0.0007735276295130406,0.020836602482031476,0.0031925642129666024,0.020834753437247625,0.02025375327770736,-0.00011109926700739196,0.00048381897714182205,0.003169222549236716,0.0010054950848629124,0.015940056161961084,0.002054523455189363,0.015503220255117486,0.0023303660112992297,0.004713276409720205,0.008092733177810927,0.0,0.010492200266291152,0.006414561056096183
32.278,0.026387770464640085,0.028290595817657648,0.037241178644652484,0.0038874285308711063,0.02181914717936984,0.008503533100139326,0.03281040742447761,0.08200969864432037,0.004144130724140338,0.016214451198917335,0.005271209451791354,0.02291041824749853,0.027783455814118993,0.0040713993331443965,0.0025991796076628233,0.0042925301789915405,0.003765486534016545,0.022015045782205887,0.012651778835494653,0.009935143591878403,0.010601676900331848,0.00757551191175676,0.007730946363624359,0.0,0.015602181044251687,0.005824738333698922
32.776,0.020774392422554452,0.02565528116926585,0.033122929150215065,0.0013919681068227392,0.02721249523248704,0.010505866745783837,0.004545678918887669,0.03342580822667662,0.0003055143359269193,0.012153481981436232,0.005630151040206608,0.016173949290054838,0.014509670898594873,0.0029640724664342427,0.0028528383614231365,0.0016003717429101776,0.004013713727218846,0.019989197678550556,0.00682375150624164,0.009774420606555536,0.004966097787603144,0.005887795381059041,0.008436306316667412,0.0,0.002309944253910535,0.005954094140835802
33.286,0.02120969544469329,0.02428816462252641,0.030351960107118887,0.0008461059407999065,0.036748096554683196,0.018322204975254757,0.01754649574116124,-0.005043536459328361,0.00426948579512661,0.008436325463865012,0.005060806082295517,0.018163888328141933,0.01175200086736117,0.003295858244311579,0.0033107960591976775,0.002259202838200866,0.0021855496346193104,0.018529411378963325,0.01691217946568524,0.007963081447510349,0.007671061991195581,0.009269586508102706,0.007508109126976325,0.0,-0.0018131058016555412,0.00804049559228701
33.779,0.025601551460985198,0.02521625401959766,0.05437506037794704,0.0018960573750038965,0.03622511108084135,0.036546309246538546,0.032909309698978546,0.06778219095324281,0.0033796120950791582,0.012213200766454322,0.01026011681689934,0.018686078991786755,0.023847227891590623,0.0059716817352141365,0.0035511795238141433,0.005620686340734199,0.004913488918903764,0.02031450937991954,0.03913599284999222,0.007677679463058449,0.018316716725059294,0.012000718377884459,0.02592570097822087,0.0,0.0026133619768837326,0.006708717310407793
34.283,0.017920469458797408,0.013747849046435402,0.048853364047614145,0.006293610651808014,0.03600506382853736,0.019266084689267434,-0.0070558260694336405,0.013567529303738904,-0.002826330149101904,0.00011910226232703882,-0.0006702348929420355,0.0034301119898288712,-0.0014970387942240166,-0.0013579477711191598,0.000878947692573018,-0.0005474812213916396,0.0001753912338134397,0.0033310299478342,0.004736208662610793,0.0021340936359640007,0.006037610781286433,0.01056119894787224,-0.006530596666822201,0.0,-0.0016417499121288114,0.003434029074540299
34.786,0.020321392315080483,0.005723383360064801,0.049631543211117006,0.017321041010252423,0.033631384799593135,0.015768018281560547,-0.014116622223571306,0.019904381992589124,-0.000140690107553969,0.00809710693224727,-0.003958420343758717,-0.01138311984895172,-0.011982318760159474,-0.0017485277433410627,-0.0020315852523097467,-0.0012911694328230717,-0.0005486407580627904,-0.007533955762596558,-0.0012004219258406603,0.002377597832919095,0.0052549993853898335,0.0051050437487320235,-0.005515747053359913,0.0,-0.00529597631152369,0.0026971449401928297
35.278,0.02520002655202722,0.013646059213157275,0.05609632246588737,0.011573518495048932,0.033448518077586094,0.013157546517401652,-0.019253125255667747,-0.026084210234765915,0.0017769651346641268,0.010647051783391946,0.0024997937447871,0.0023201334209236443,-0.0005910050697577807,0.004042335522808749,0.00036357567703542175,0.0012411483678575182,0.003355240994797841,0.007380860547491504,-1.8235205562581e-05,0.007088306179047478,0.018943871420313833,0.0033631074221528506,-0.00019824325776312667,0.0,0.0070801069943680975,0.003176991216017187
35.794,0.018883126050070045,0.012408100356978584,0.04818511950926378,0.03460561885435076,0.026563886421860177,0.035349981014189576,0.011042096919137656,0.01570584391966121,0.004076311289783988,0.012371349683284334,0.0044292312164448625,0.004458102713203079,0.012019445390439972,0.002771060376252511,0.0004400863998387375,0.002335677953556509,0.007837169879819838,0.005032298382552849,0.037922359592675065,0.007711251790335554,0.01865515254454935,0.006014752677171433,0.03135082606700824,0.0,0.003962461707021355,0.004093353666676518
36.277,0.008873299439052865,0.010338947350897031,0.028277819953959882,0.019695456869119502,0.03156371888941767,0.02843476834312887,0.011194979027727673,0.04630688250515707,0.0065555385987076985,0.011794731697674976,0.0019195779076255403,0.007486019400021222,0.009295276334637566,0.00020186626891861492,0.0005458503542470571,0.0016174766404646974,0.009840329510936345,0.007887560535646288,0.007371351107459385,0.004720322227581092,0.005932479930024398,0.003230706318166182,0.0027764778725990597,0.0,-0.0014769433777307634,0.001477095553458627
36.801,0.012943544676898263,0.009416412270965069,0.03679287203481396,0.021757424897122152,0.029468627824471266,0.010828638277352379,0.005744946128883341,0.019465763080355084,0.005638435294319325,0.013519698483335757,-0.0006608688828160407,-0.00042832547826751453,-0.0003751048475120832,0.0007375807398363477,0.0013533360510867504,0.00015988190758406144,0.008532907640561187,-0.0036823884625808447,0.0023053973165481786,0.0029057388128971543,0.00028097884058113663,0.0038010743575403816,0.001653697101782677,0.0,0.0005743668691174379,0.0017006819108829918
37.278,0.028682848689572084,0.011421984390578788,0.059537250993654624,0.02006168839176345,0.027960252852614685,0.003393191873470765,0.005413342704555093,0.007660858348997908,0.005931873946507343,0.014876782732167937,0.0023216278107044464,0.0019115446735611442,0.012704051486368684,0.002406487310811559,0.0010292071974315332,0.0028895222342202862,0.009446313650350055,0.004254218508327558,0.005051603799726676,-6.984640716132138e-05,0.002224889600645813,0.0015185357257752625,0.009459006744443076,0.0,0.012341976401220797,0.0007672449805835578
37.777,0.03926876849497427,0.019556127221674113,0.08114469039344994,0.01571589523756187,0.02757655032814198,0.020595912767543384,0.004803711723521261,-0.0005154291326694596,0.006476265589413285,0.01566756413027912,0.005385546015273864,0.0035267572826042496,0.013272817960135642,0.0028322029410804174,0.0001014332859836543,0.0015249176766464992,0.0060787142535913725,0.007866478186864076,0.02303280242940706,0.005939468407745951,0.004541988876184171,0.005630373337115409,0.01897308645433816,0.0,0.021708576084302836,0.0007987253412383663
38.276,0.04543059801557256,0.02227432741438902,0.07676858920222322,0.016567555867221636,0.017578100935564594,0.015664495561724702,0.008346823485605533,0.027845636808709082,0.006267796447695459,0.01772869300888567,0.0030114146694641512,0.015957423651466393,0.029288085177452683,0.002030663747199869,-0.000877198022687727,0.0011343035992643997,0.008841861239312597,0.009151446638654782,0.037033877700264735,0.0007714252298619997,0.0043803311728069635,0.0024220397088754605,0.002331202832156493,0.0,0.017878581802952126,-0.001584740554916128
38.786,0.0491383687751014,0.018868247804918612,0.06636627537861445,0.024394808636380657,0.01594322060639384,0.021973131341789055,0.014895369154255236,0.06387297051540529,0.00460597113158679,0.014485072011162132,0.003922232154243596,0.00989637503927067,0.019328779779984307,0.003064382987448949,0.0012362441002390656,0.0012980658607499769,0.010719430180626906,0.004009431981724115,0.023343118534150695,1.9401629196484115e-05,-0.0010775971898799685,0.0023224220379054424,0.023201406297451058,0.0,0.01863395403241482,-0.00015601266237289354
39.277,0.05823628677579647,0.02469570060503741,0.06056605849987621,0.022512754339939565,0.010137114528747214,0.0031492729109105708,0.016871051235197214,0.03919807779518983,0.00717443858476089,0.01069975390751803,0.006244096294655463,0.013730054518468692,0.024599850878439206,0.0007615894296381378,0.002627414069010802,0.0018277692684421551,0.01015667172594031,0.0167899149021501,0.03856132573556692,0.003719260018979855,0.015721631496813115,0.0050903668684520705,0.027756982735947913,0.0,0.015851681353581674,0.0022651758575537766
39.786,0.047786680099306984,0.02218269615518768,0.054262220493508366,0.017626918064174792,0.004167322013814383,0.0070917018589546,0.01633246021308023,0.05576137160529056,0.002383969827797832,0.006750950972683722,0.0015202024296942526,0.005299914998500629,0.008279013526342891,0.0008687877336551958,-0.0015215399728707893,0.002238809756455731,0.003692840489762116,0.009414919465693434,0.023704768122584097,-0.004145007827860751,0.006003154900283201,0.0013810824173732031,0.0040166432075826606,0.0,0.00864131144406989,0.0002494244219114696
40.277,0.05368802112111719,0.024407492311035252,0.07291918489313287,0.01475986897452734,0.007911517446834718,0.019986135873521327,0.02224540084706864,0.05340833799230874,0.005976109022624341,0.007739563623008955,0.005786704036609269,0.014971621187250336,0.017822944683562037,0.0009323470062610377,0.0019717398062860823,0.00520366285862275,0.004310945921225942,0.01291462937749446,0.022277122252375752,-0.0003399240830237875,0.014542056017445822,0.002207168989032484,-0.006613014892272553,0.0,0.009255355009281607,0.002876862726404878
40.774,0.05996647534526515,0.025159208080907075,0.0684789848520079,0.04693813263654424,0.01531084587899394,0.02539523749573697,0.05798160822798421,0.09155966487101941,0.01008921365875516,0.006147161486793941,0.010002927838230724,0.0199562596323028,0.02393053207830284,0.005758873516564553,0.007400896453262301,0.008777015384325043,0.004886160017698199,0.016553296887739113,0.08571844424404843,0.001976730880460929,0.013240336973233607,0.0007299968113324334,0.03254911446868985,0.0,0.016928303241036988,0.006652254813376673
41.283,0.07109488965104109,0.0345776045449968,0.09556422420153411,0.06732025745344065,0.010049138023537046,0.03154682093314293,0.06468234849264243,0.1296103643010058,0.006982022707695022,0.0013195911989566523,0.010166342699027641,0.025132276319632513,0.031753767497008166,0.0059978628102815785,0.007318060877275762,0.007383735397000177,0.006925991384028236,0.015938448818388188,0.09168673097549597,0.0006120498799716451,0.013471780143028777,0.00019149191538019787,0.04028791898051747,0.0,0.013896659194363904,0.009658388543679232
41.777,0.0834011007672287,0.029665993363162273,0.12748797909257964,0.059800411983485256,0.003167332727736293,0.045099404414269226,0.027226125454507533,0.06855753638930517,0.007316344850247624,-0.004656887062143162,0.006262419659807032,0.017574150526620796,0.01276510375485221,0.0055096408510163074,0.004634484049790931,0.003843011273882689,0.0030118789589151248,0.0085998316173187,0.05365076789093553,-0.0037324731192765605,0.006003172375314175,0.0026324858737759634,0.00021429298901817464,0.0,0.008204247940293055,0.004568433101276047
42.288,0.11275604277717192,0.03709500846156323,0.17294336073055663,0.047907004525773005,0.002903579131155633,0.035240834607730795,0.056764265284286436,0.13985479114009453,0.00984214467652903,0.00568208072751104,0.0097701762774733,0.023560299221802184,0.015814671366795582,0.005736993265170113,0.006302057066648288,0.003968390072922656,0.0034979898894009175,0.011458326967741423,0.0848890699994029,0.0017890957065874438,0.009095831894103866,0.004413951669491908,0.02912732115503167,0.0,0.016060401743378094,0.006548128612986141
42.775,0.13305026383189705,0.039473531931454045,0.16826001679014518,0.037262971112640195,0.004935756821442574,0.029173673612155688,0.03725883408919067,0.07120541088548965,0.008087927722282855,9.760803569667956e-05,0.009828255776296528,0.011824165501507658,0.012522350612979297,0.0038979472464434374,0.001466882978516455,0.005048976046930767,0.001507820313523048,0.006977079396874441,0.06819424058825325,0.006583349123083013,0.00689461587497514,0.006098746617580429,0.032996838635775676,0.0,0.012789461008300211,0.007020697066430949
43.285,0.1621461136152718,0.04603499482792204,0.1944694391226552,0.056196063706283085,0.0025846355395269605,0.018030342101040427,0.030621425427886494,0.05547621424313337,0.006741564861993956,0.0009318169711918066,0.009355700474964541,0.005607696618329489,0.007444001449572115,0.004567246252036233,0.0024833448885670083,0.0026991157037593,0.004439250771175183,0.008738914855053395,0.05607460322743728,0.005650604823651841,0.008550773541341145,0.007692203703257342,0.026643124745167023,0.0,0.010965074299457945,0.004039586021410527
43.777,0.14553477919055613,0.05157713201446408,0.1744666617692705,0.047359115959319784,-0.004162745960809665,0.008340962911783309,0.005315823354686692,0.06330749957533821,0.0016415767155102472,-0.0005047304928935784,0.008520286804750457,0.0035814076452345433,-0.0003903661222651023,0.0016300170129934805,0.002094206865818359,-0.0010321446824902865,-0.00093802526557225,0.00017686004021423655,0.034821596729625336,0.004562951490223287,0.00978531530048931,0.004643060472171427,-0.003473057268699982,0.0,0.002943064024846787,-0.0020778209876181463
44.287,0.15086597413079555,0.06176734734080497,0.1971950207128128,0.05366904725968713,0.006587367474761533,0.01791812086492577,0.02947666727397038,0.0892015881583618,0.005755941638438913,0.00712476505068241,0.015967217811366705,0.014746709805078381,0.025389816277861545,0.0051087936365538655,0.00315655953759584,0.003491276976649434,0.003067290125665388,0.01585175052211427,0.053093348063118204,0.0065530790320307095,0.024602740636184076,0.008491963316559895,0.03644633810430522,0.0,0.01479430947302604,0.0030193828792959704
44.777,0.13353837384281833,0.0540078576900133,0.1741341771018009,0.06699982829198263,0.013983835908745598,0.014594401685159155,0.02978079085882274,0.04665537078950056,0.0036680792699625184,0.005474111736901395,0.011117418847907307,0.002919745644720316,0.013998289273378138,0.0044357521098526585,0.004273485207545091,0.004435223946821026,0.0010128733887402152,0.004587663817508667,0.03721823770945544,0.008941645688750074,0.02281033227114989,0.008165607831728578,0.04243816602968038,0.0,0.02059354664167001,0.002619107605309331
45.277,0.1275476794773758,0.0525301984170767,0.1789049404585059,0.07125285718009708,0.010245750469937774,0.014727058374283813,0.013496945478326104,0.0384623294416994,0.005793813496888371,0.004864475676091025,0.013724139792572063,0.0186154553855465,0.01819398016470867,0.006064551395690899,0.0066069212706817175,0.008419285021151334,0.0009463248958484326,0.01208782906177714,0.05709788894321092,0.008940634013286106,0.03004437820452875,0.012072447477656602,0.051795963972139605,0.0,0.02158752332266479,0.006469734124869038
45.777,0.12203955906402986,0.05413060831618718,0.1931850268969001,0.05527801389430587,0.009499606588583252,0.015085289071512758,0.0128857782113283,0.029774292956524517,0.004458821782043511,0.008562519938376674,0.016232901444720123,0.018509819385808556,0.022089131285823186,0.005815303852517128,0.00437331283721328,0.006778979426313055,0.00041164849886840646,0.017045069817616956,0.05530982266077162,0.009765190330286925,0.031940343650970024,0.00848980899804193,0.05376132455858983,0.0,0.01881954452912239,0.005723689224000254
46.278,0.11274570276503845,0.06019593480233828,0.17845463288262295,0.05703069157605035,0.0003403793306128286,0.0035140415822018396,0.03737017262673758,0.08102204787687353,0.004161869130734172,0.0003937599317314455,0.014107639813125308,0.017810347293462345,0.019826896262866812,0.0010903920040702042,0.003685137760803257,0.004537613353352654,0.0009138825910738874,0.014844959497482449,0.03319211853275881,0.010405805368320245,0.027107521066121312,0.0092307390980849,0.041041533992786844,0.0,0.013269955458214909,0.0006603286673383859
46.787,0.10688037943345897,0.0541734053903795,0.15345707072249587,0.054470922555536434,0.004829454402887099,0.006593430204296167,0.04590877156420623,0.12231384052140135,0.0012990382796426335,-0.000592906986059323,0.009345820364937129,-0.0006264682235892776,0.005596953276596468,0.002428602693991753,0.002639461576480254,0.0020561254466669545,0.0008333762881463727,0.0047594528947317695,0.008355563502903033,0.011325248308286046,0.027741083126079813,0.007136577013954223,0.022095631294289413,0.0,0.012773045156695003,0.006360259580471546
47.276,0.11666106320143099,0.060400987926834585,0.16620910370835892,0.0490457153000787,-0.004592674170376109,0.0030713213811094167,0.0686983575974597,0.20325405770418598,0.0024958392228867084,0.0007322727227649193,0.014015160334888067,0.007713305356042259,0.014533736628972293,0.003546902354715144,0.0032878477254252134,0.004005064076373159,-0.00020430430668876058,0.009078070820169645,0.028812641171738033,0.013831263171290546,0.032609922017462246,0.0036870461609932285,0.03651485276100913,0.0,0.02054326322408762,0.002141096162608425
47.786,0.10341786455327996,0.06716639037705915,0.1387026773631631,0.06758980142361469,0.011637358016149364,-0.00802585812427309,0.029434269105926905,0.10155501803222708,0.007652990034302689,0.0011901088509816196,0.017023631048297093,0.016643570396244,0.02371327942833855,0.006242868913269732,0.005982318971344603,0.004923082571651894,0.0020211795926037253,0.008633504453219783,0.04064860273641711,0.01758619887171728,0.04131624069389001,0.005525938642494602,0.05106005377420757,0.0,0.02051651881170297,0.005188009592697927
48.285,0.10561369929056683,0.07503852530610564,0.16277122569944483,0.04470835780717992,0.011893057719533416,0.0012363776983869913,0.028649921948358227,0.09532343214937332,0.00830425382636719,0.004167179755057711,0.01968008485508598,0.022584215420500372,0.0340285989723514,0.007696191674435096,0.004941811431508936,0.006935073530862207,0.004517905513987387,0.01249948987229064,0.03690927158067288,0.015728298875053642,0.04678045410245055,0.007232450045023687,0.07198957060588312,0.0,0.029154652654346788,0.007035471814284123
48.785,0.09872486808790243,0.06764368958388547,0.14512712893194415,0.04507665665582018,0.001835039859020943,0.006871004140891501,0.026708018053844713,0.048137878608412066,0.009313506832574458,0.005282774519785807,0.018283440210881196,0.016026019167490767,0.029112336957849157,0.004957690211236701,0.005311462186848857,0.005593603766334237,0.0015632978148057565,0.01322010464365631,0.035383176892281924,0.015035857264451136,0.048339112548382475,0.005145101971511687,0.05448706828323169,0.0,0.02983992301956373,0.006475503261774377
49.277,0.09274690311761624,0.06435771303839401,0.11723050988519525,0.06318469433268785,0.010105619415215239,0.012769430094803602,0.027643525651806763,0.09547510877270753,0.0020203752151348657,0.009953212039185456,0.018220585579292715,0.014639511306207664,0.034837762905183034,0.0066516998947115285,0.006708283880929463,0.006197577928024352,0.0026511752853658186,0.01362184606979414,0.05478674378615287,0.017620989905673973,0.052287140707697466,0.007535446878660841,0.0731860521149285,0.0,0.018194970484700743,0.006131178556321256
49.794,0.08363501742055607,0.0636731376385222,0.09898991043973293,0.046195310023687604,0.007830586938047314,0.020428127791202146,0.033589803820095736,0.08414588107005944,0.0035636658247825918,0.017620106902368603,0.021137401220283486,0.02087368995879926,0.024514870636469142,0.005408702529542874,0.005763244278412325,0.007716183906760169,0.002822686834438543,0.01911453176098823,0.06028676796402468,0.018256440951396113,0.06067637741201817,0.005653937460627708,0.07691211478022457,0.0,0.02621284589433646,0.007414343381661432
50.277,0.06382013568086395,0.04598073158457037,0.07300545060615506,0.056036791665129274,0.019095084747904,0.027442675901618616,0.00894537120687227,0.010058602318706023,0.0017399794996484374,0.012781150230644009,0.011933228567080302,-0.0019561957500522833,0.0062921785369067324,0.0049512028061172424,0.0032343240461359443,0.006392635268649646,0.002870495714066733,0.002080790260642549,0.03871434334964925,0.0197741555238788,0.04579390655165109,0.0034271249957499358,0.054710714747141044,0.0,0.014850610334940771,0.006112014069578458
50.777,0.06330984849737287,0.04596659331067274,0.06990774009115253,0.05055349929268918,0.020031388560817032,0.029757586036321098,0.0018999248510019415,0.01931534563226681,0.002147367116110009,0.00934765835444929,0.01390485259940151,0.008683833574082022,0.011190650765655676,0.005630576979228451,0.003972981659227873,0.004483670248316133,0.005263572526202731,0.005031082754235015,0.04487972016832518,0.023059027095083767,0.044701650764691785,-0.0008050285127741391,0.05412794541510021,0.0,0.024035797563413695,0.004574478510290022
51.287,0.04606641356539551,0.046621607699826983,0.05110878696114216,0.042673738670922716,0.004056180365984694,0.016753641640161784,0.003179595057789658,0.029461755733128345,0.0029667652357594594,0.00734209093157139,0.011937243495641502,0.010710861016450572,0.01956056504717005,0.002304639403447565,0.0005554174467871079,0.0037012439074956445,0.0010586332727451418,0.009744147513992702,0.011253652612022018,0.021969433076250426,0.0452845461298706,-0.0014810249249261123,0.041464553403728434,0.0,0.009329034655515036,0.0038135554458873662
51.777,0.043631995187550066,0.04865169801248953,0.058753960040548656,0.048036351016632305,0.006719641077153625,0.017081609659857194,0.007187402617523905,0.04032307407737851,0.0018789624123986257,-0.0005415847530039837,0.014062703983223474,0.010157258328526781,0.022031517748852446,0.0044593249694838384,0.004041550798430638,0.005038145713194247,0.0006695332345273967,0.010644876718141372,0.030848662671619103,0.018805979839098996,0.04352719290927124,0.001140304400748194,0.0660062372877877,0.0,0.008848177861464638,0.0012581354993533031
52.288,0.05185404926387957,0.050259528742165265,0.07286361664155905,0.04397786974042253,0.008188871587627343,0.03665014284537494,0.006889239003164158,0.03439429353345892,0.0022085267393100977,0.0026994674478323572,0.016221296296501733,0.01658476276516705,0.016399819873137288,0.005332345539146558,0.0048416185597438925,0.0054468596186933544,0.005852162703048968,0.01364371288529458,0.029564092095187438,0.017808398462335562,0.04374478992272341,0.0002511130725649142,0.05909979567610616,0.0,0.015752724270288558,0.009344275746609006
52.778,0.05202233529783966,0.051271968261066954,0.06941979872392126,0.032462389074691594,0.006763717482717868,0.019829566152169097,0.003523376853809313,0.030675384102912786,0.001982348064931478,0.0052086104376563,0.01799874835898453,0.015058309747681794,0.02479647191386698,0.007869762353185653,0.004274840146386237,0.004671452154249422,0.005966761411915504,0.015819072926943838,0.04136390427878294,0.015313119305577577,0.05069671373153301,0.001960337072877203,0.06296055647601381,0.0,0.02856715540930728,0.008732694182069992
53.278,0.05221543351716451,0.04814558488492578,0.05814637332108268,0.014339954614632356,0.009664670655213866,0.031100636264535006,0.0305118420234978,0.09363512021724049,0.0015185732283048614,0.008195843530088072,0.018052135547193454,0.02263784547027116,0.03093593954766574,0.0021109600426173288,0.0035648966658398023,0.005102135325873124,0.004602109527609073,0.014649296556416613,0.03211548007318868,0.016316177881488952,0.06398539080886917,0.0039631638509006585,0.08247073544930333,0.0,0.03651397129575551,0.00994496798976867
53.778,0.04810453276307647,0.044200454913385645,0.050289003862885165,0.00753982834056089,0.007620893522182875,0.03536707371173851,0.017067498062020504,0.03630587453148313,0.0029772375748527325,0.012213180553466419,0.015326583194442304,0.01755838931205592,0.014226218836645179,0.001365646823679663,0.0026039976187729724,0.004395470819705239,0.006412360885009678,0.00967913975574229,0.03783267086422009,0.012282465322730115,0.055629091490427975,0.001370613342188163,0.053869300659609466,0.0,0.03330994468515886,0.005226009060109477
54.287,0.04411128288739617,0.048343904260928244,0.04297065893610458,0.021781669659143778,0.0061402785449736815,0.020322401077067623,0.01405477506237446,0.09501568098501291,0.0024410213081674115,0.015510421646084665,0.016867076617637505,0.021713127017109903,0.025118928079567296,0.003815894535416737,0.00496493552413313,0.004356443596684964,0.006162729428298187,0.015921823582273443,0.035393023317551744,0.014074031723507751,0.05269366888346402,0.008555215754675955,0.07432702486443277,0.0,0.023542065764064077,0.007363114229734405
54.777,0.03663716429155045,0.04495702207478034,0.030411534927701777,0.021037670779557715,0.004445895098318986,0.01425074377919043,0.010597048402589732,0.07727524072717172,0.0028642658283164206,0.01273858380130326,0.011434128481782213,0.007222573172800742,0.010504377902685878,0.0005316828940944042,0.0008435708637542008,0.003940555175631899,0.0036972605697428882,0.00846814544437834,0.020969278874133513,0.014586724080075603,0.03922638509325489,0.009928430600265001,0.05288260858120933,0.0,0.025254184566407753,0.010776156974562627
55.287,0.03450498018717158,0.039469451406798944,0.018728812000978038,0.019106528897940907,-0.003419628616664526,0.02473375993655911,0.008191068101730559,0.05963824828671071,0.001824525345413443,0.019833433825799336,0.013128769035592196,0.012896863249186956,0.004322187009728848,0.0019604722052735364,0.0001482498799335321,0.004957320936705778,0.0034208335353762705,0.011722540364698693,0.016395712482861608,0.014085059884593866,0.04108580130213916,0.008766085422309562,0.05516954437766156,0.0,0.019376856394679877,0.0023941770939878287
55.778,0.019485528738077223,0.036243085328731627,0.0012617731402606068,0.010480880678068969,0.01523443451981715,0.01996602865960489,0.022972124764025895,0.06344239302346365,0.001188842499094824,0.0154156945867602,0.00875558749509375,0.006726291723728956,0.017224117403609834,0.00508126753581975,0.002584886663743168,0.004786106192956855,0.00585467765758674,0.005987455841253416,0.018309919625192142,0.012727490277304817,0.03470053436244017,0.00324288528719584,0.04762275953610799,0.0,0.009801219278935925,0.0026084184185807516
56.276,0.013707090646948718,0.04663156360424752,0.004192084158617892,0.011205958264162957,0.014421682561446271,0.002966555302856085,0.03286632163214264,0.07368336627243201,0.0030657642977525742,0.0069673697752880345,0.011858099058631283,0.008300010017844237,0.00639952783366129,0.0022756663660137857,0.0019008532620445765,0.0038997274365639677,0.004512897673346384,0.006409663421832083,0.024915807739371125,0.012518492791328387,0.03206666451024044,0.007017369489097626,0.03216403992004292,0.0,0.008197008905095345,0.0009093776701543351
56.787,0.0073673455527030135,0.047325224776396176,0.009735518700488843,0.020076378279557966,0.004706146868913457,0.010998270375388338,0.008542945293648983,0.04384048845087389,0.0017128766404952884,0.004948587098239629,0.01085220999044037,0.012234406248881136,0.0004385342526723843,-0.0003767306742708591,-0.00021532956069075755,0.0012479690665801954,0.0037833675021626254,0.0062996092348819085,-0.000850463929964556,0.008868360928043053,0.027074033093059988,0.0029336588489217285,0.014361674975629287,0.0,0.009062790522979145,0.0018551613541981317
57.277,0.014366458399197668,0.039380716389306306,0.0129131658668651,0.028737151908818964,0.013674642214867111,0.018819651237860672,0.025875894156359002,0.06398625050272293,-0.00015017016872914226,0.005136636958707742,0.007891086410709111,0.001437514044952773,0.005211112190444779,0.0015290759538184393,0.0009630741860093534,-0.00014728951501463575,0.004689209009487818,0.0034989897723202213,0.0020222891321402077,0.005200453168469442,0.019531283006918938,0.00235440544685155,0.024227075589673623,0.0,0.0055564441925670055,0.0008684991391506673
57.777,0.010861914830611538,0.02700409568612431,0.0031384783704867837,0.022899990594270815,0.014885885511532346,-0.0018452072939561127,0.00635055009812933,0.04921407455470104,-0.0015641275468355367,0.00106104886442109,0.005202707398824841,0.0013918642369541113,0.0066902918891225335,0.00013986384420813843,0.0009251528340070122,0.0019028690991678436,0.002292305816711658,-0.0002076732464223688,0.012084871013273112,0.00421441980160098,0.02130864612706423,0.006534771359058675,0.004928529221089234,0.0,0.01088628209159391,0.000361670102397297
58.277,0.023955987951971708,0.021357489651187594,0.022997284555723738,0.03151933488588466,0.005744194676055848,0.010910622081473344,0.026530671719056317,0.054084158452725205,-0.002028986407429287,0.006218023469740537,0.006900829712579167,0.009895515188269142,0.015649659902669772,9.542114979782358e-05,0.001422981322364686,0.004236433963225357,0.0013647463202821667,0.010298394515149493,0.027369209032942533,0.005189031873530229,0.016096363774856928,0.005238685504920395,0.022211281810637754,0.0,0.011932521330301493,0.0006781913040291757
58.778,0.018133468677744534,0.014524057234747305,0.013990594088757725,0.0381084354660872,0.013661134885049716,0.0012131287794044808,0.012826966011163985,-0.003846253897929078,0.0007323550089276983,0.011577373004924982,0.004144898137335806,0.009148334000818537,0.00451231911448655,-0.0006629848312923698,0.0011056400304574041,8.806521107357548e-05,0.008321590414407824,0.005014595719580914,0.011745264765151458,0.0024123197625787046,0.011598628393014758,0.006301728349798771,-0.006545976113411921,0.0,0.0001371979051049995,-0.001651622965363596
59.278,0.017330776154000655,0.014032687772919588,0.021312415786872742,0.009000607917388787,0.00812314788241291,0.02559766051554349,0.01625243263777505,0.00046559770361274597,3.754254218220657e-05,0.017869160306011378,0.006574986442926844,0.0155891824470492,0.007544682147030335,0.0006916712134834507,0.0023551049362121753,0.0025982589697202815,0.00431390319154609,0.016510555743173855,0.013507234371725902,0.0024073889289312144,0.011737060061240808,0.0032880685362531403,0.021927404849367893,0.0,0.010745932722736634,0.0005849429428946399
59.778,0.008922006639646608,0.0020873068920074862,0.005910837291164843,0.009060250564724023,0.0074915068045993145,0.012746130870612197,-0.010185753833532154,-0.016154245766660556,-0.0018227724472688743,0.015288096217915518,0.001551502611161172,0.004956765247925453,0.0022987861205653786,-0.0011347588522247634,-5.569651083750493e-05,-0.0005397619255313828,-0.0004358096738313464,0.0044186205007095535,-0.012171119610201437,0.001000854740302098,0.008234107290762334,0.00293533800235171,0.004940846026990629,0.0,0.01250383997072277,-0.0021616182184088293
60.287,0.021105239221267388,0.005006309363485791,0.030907830569265285,0.009452492031260076,0.02236271742400297,0.0036961012332928423,0.010498572975205386,0.018405163944798773,-0.00026584664747223563,0.015788148261473643,0.004617915580325385,-0.0016615802127505862,0.006286294082289043,0.003554830104048932,0.004421347304765241,0.003800076584798636,0.0020143098495578058,0.004504991901415564,0.01391292990864771,0.0019934936025877027,0.007197790847934334,0.0023716816046092997,0.04368068773334715,0.0,0.009751492360284069,0.0022953721368057438
60.778,0.027854225249102502,-0.0023467940354453434,0.06515480508620082,0.01905671966252908,0.005473739883017125,0.007689120909537435,-0.0033010353091447735,-0.0014904678182757873,0.0004781925555831013,0.01154170352435401,0.0003573479585967324,0.010502840206944933,-6.533623977120548e-05,0.002266068160517972,2.7848427758781187e-05,-0.0020728592384706584,-0.0016372166022919521,0.006810381629384763,-0.004926278083453108,0.0010391519132543934,0.004573489111025419,-0.0005740139208340827,0.02046968704262666,0.0,0.009068099741109652,-0.00135362519889687
61.281,0.03638462915376277,-0.0025736776143596525,0.07691635013735225,0.010878159729541542,0.01279334733705491,0.006495565839896959,0.013860885410203534,0.024982524734065432,0.008711579240537207,0.00211540868701642,0.002468697494867975,0.013760750424051029,0.007661973227869042,0.0008936507657416664,0.001170310743583914,0.0017676991449704846,-0.0007482112501441305,0.007187466415734343,0.015490145456166992,0.001397555067895138,0.007835017368718309,0.0023739510811226455,0.006371300426675966,0.0,0.006884813333396425,-0.001111573309152309
61.789,0.03501882857800427,-0.001117772822839251,0.08809140086275317,0.0029879762255089126,0.016363599625543405,0.020751722363929814,0.017107342984662773,0.03129747831590674,0.015013148824463507,0.0026910556989111225,0.0016691970431990666,0.010188182500968215,0.018151266017999778,0.0013737082820733033,0.004273315398839694,0.004572792512717506,0.003165063743883728,0.011124528254711072,0.03404812661437326,0.0023347956462713066,0.005490110700242597,0.00202533170056469,0.023814414762477625,0.0,0.007814876362346913,0.007019622431015957
62.284,0.03743406426698394,0.004135138616033231,0.11906884859172982,-0.004365721567596897,0.01519955175843688,-0.00018300501450863269,0.0006330076560012531,0.023661226532510456,0.01502586994852202,-0.0005724578716114677,-0.0012417764246276152,0.0049635057259088304,0.007066721550248858,-0.00024536867090852544,-0.0008921717424207825,0.0047058615982220955,0.00192766612999552,0.0018506033100913106,0.028552883927312013,-0.0018643406667315432,0.0010695678758714765,0.0006405471364961872,0.00572037331183208,0.0,0.005333100559952313,0.0018576024015572146
62.777,0.03953626772113481,0.011848108779470793,0.10648155294346671,-0.009237936078462884,0.014711297098443312,0.002658983836629496,0.010311430820290176,0.022714590840804773,0.012736242643800135,0.002295778959641425,-0.0007146391672272167,0.005137829392684871,-0.001858872305284741,0.00419923332693611,0.0016292252811138735,0.0011268239660580733,0.0019551806226414227,0.00727768197398462,0.026038045577506407,-0.0007925259126768167,-0.0037332475033307016,0.0025614253950552368,0.006756941170492394,0.0,0.001548538344018767,0.003076470506492713
63.292,0.034706513295007596,0.02854620192098985,0.105686429742373,-0.0008390070481257016,0.013367426056402997,0.0015908517373202406,0.02074702718843825,0.0391227573889468,0.00801477859093023,0.0013562097727637147,0.0014547141716217248,0.011916256373786226,0.0017046763747288708,0.0008709021527554627,0.0007809875252698815,0.00254842141830127,0.0015251036280271835,0.006048765114669757,0.025353643157045906,0.0015430729807605385,-0.0029318682070491207,0.0014892346041963588,0.00702598388335845,0.0,-0.003788092498118834,0.0046229228626886295
63.78,0.024742558579647352,0.020217998689184988,0.06677599182285023,-0.004161132244233432,0.015332496374445486,0.01338447339400997,-0.007962182164919805,-0.01098201991101364,0.004367222723925153,0.0009887391426326654,-0.005047247793769043,0.0003726594825327792,-0.009118962262169855,-0.001541875782659709,-0.00082351664524067,-0.002794959294654941,3.934677404814684e-05,-0.002552461437380058,0.007085987451929581,-0.0039019046278102217,-0.0038829993932150064,-0.0009886634722498335,0.0004256733067091808,0.0,-0.011209893255453367,0.0024924890279197625
64.277,0.02372208057245737,0.02314760537480315,0.07444721729492793,-0.006159685574094025,0.01931110485348496,-0.007981801304561368,-0.028198986587539582,-0.0034614559876936213,0.001998800295953789,0.00019177981132792194,-0.0051305349346518255,-0.007143760016258338,-0.011383028363949024,0.0013909580948423855,-0.0019808379081044324,-0.00019569280961737365,-0.0016912187264067377,-0.009636399401562249,0.013109981885512888,0.0009465514968095755,3.54913065216819e-05,-0.0031979762990865263,-0.013602554952875155,0.0,-0.0026314362204049938,0.0027213495327261805
64.776,0.02826027240851537,0.028861248866908683,0.07255194425191556,0.028974231075467476,0.030924344229488317,0.014258287346895552,0.0045528608582318586,0.010867097787400906,0.002959057193575677,0.008327674488692286,-0.0011026920587824244,0.00956482841647814,0.02161121672499757,0.002199680603889491,0.0010577199541259637,0.0027056094426117826,0.001602924883518595,-0.0005777124297482441,0.029935086156422964,0.0023412746589216264,0.009873315741919294,0.002269661249698309,0.022072736391767885,0.0,0.00944120855083141,0.0022507929355689332
65.278,0.04166057189325,0.03844983816891899,0.09419465609329686,0.02674628899963812,0.028257856521857586,0.005033456835560125,0.013064217551016402,0.03991430857480184,0.005566476149842918,0.009126282512822206,0.0029176311088002353,0.007210168361105545,0.006269770632526197,0.0028729789673058673,0.0036761420673491058,0.006443579916140038,0.0034897471934236383,0.008734182973789705,0.006420283901383675,0.006872222727607304,0.017768459747049683,0.004039433493537543,0.00010115688780235732,0.0,0.00683693708868605,0.007665048345002288
65.788,0.04215150009018999,0.0444105431681587,0.08798410247200282,0.00041954263508822524,0.02042058412348118,0.009780231877799883,0.005400854568358551,0.03792451916260424,0.0031688149319574893,0.01278368936527413,0.012664593816116069,0.01611178830394278,0.020328170109534773,0.00449665796567714,0.003554168426175489,0.006230753971661277,0.00813707043733584,0.016778950187415386,0.027148154753256444,0.007882612411031165,0.02923129372898196,0.006041424292903764,0.014864735359843215,0.0,0.018449288606437728,0.0067978532583479285
66.278,0.040482366322913285,0.05209542408939785,0.08957644988947044,0.019904059707155308,0.020472274150465226,0.01660483583970329,0.008707544514612224,0.03960130558699466,0.005162139591403365,0.018452544606162823,0.010904675376573018,0.01217309289074518,0.020752068627582866,0.005818953214593943,0.005592385570737368,0.007615337935725146,0.007229750761718847,0.013009013534426773,0.023015112045525865,0.007983864606856062,0.0303477520158961,0.004133189875818462,0.0040405318072644185,0.0,0.009608622726424907,0.006930914278337593
66.787,0.03446052789031387,0.05361845086380001,0.07423300306743025,0.015206131854920698,0.024615441889610384,0.012495096819332004,0.012262223150165879,0.04030975532416268,0.0026471528063104904,0.011128162364357406,0.011391135958962698,0.005462460510605859,0.0068262686939979805,0.0030601982345361393,0.00431987498805546,0.007172792539940818,0.005667391028681244,0.012259043043401653,0.009860807779655813,0.011933404885287605,0.03412435344236279,0.00625828391827782,-0.0012860261169919088,0.0,0.002209511929819861,0.005483186785597019
67.278,0.037056284674489195,0.043374482884369764,0.06970779685234488,0.011778475248854177,0.03532414450448849,0.043205504787444456,0.022892721212307465,0.034126563966740166,0.0057086944376707255,0.010629654728250738,0.010189152139879837,0.010745403669967889,0.011761175915063506,0.0056855984934636086,0.006971308205126071,0.00957796253162344,0.006499198322210576,0.011926280572966654,0.02742278598024124,0.011237034260003408,0.03500436716577487,0.00906552326884044,0.02463631008983182,0.0,0.004512940024629304,0.008060649229266413
67.777,0.030238111161635967,0.03445476801453523,0.07142276828044541,0.006732695775418448,0.027109954913286154,0.01151220953618385,0.01956313569508247,0.0654771875409644,0.0037423548181310727,0.008885597343331936,0.006367664051809053,-0.0016158200314525784,0.00045935875719308963,0.002236211051827104,0.0019123758793026034,0.00589052658974776,0.0019358273900793195,0.005675299892148145,-0.000894776942132567,0.006568621345575015,0.03298436474968193,0.005527684337212415,0.025141184086438,0.0,-0.006886174291018912,0.0038362864309010565
68.278,0.031781043215561196,0.0376412884062665,0.059941899573706894,0.007432332538586857,0.030362832048346236,0.009448018368627022,0.045146942528195684,0.13577639581070142,0.005393764691812182,0.005917961028189451,0.007381934560489962,0.007546761927768217,0.004972687267232354,0.004488684138911829,0.003237688216946015,0.011103745448212556,0.004973211979154698,0.012461131118504248,0.024274007363103672,0.009323489943463893,0.03390945798231712,0.008530154853630156,0.0180661259644974,0.0,-0.0002743874445692157,0.008789890263926414
68.777,0.03323710661667757,0.041069387393293896,0.06520484067724365,0.015802175575145044,0.032877924924886545,0.01756779039327791,0.05991930658305545,0.12004886705726878,0.006631997064024362,0.010814783744666425,0.01301933936854579,0.011835646388604102,0.0075932735624467396,0.006515531551312839,0.006583773920267289,0.013269667255112041,0.008399866701080295,0.01563224720814947,0.03649292773778241,0.01303362558994782,0.05037910612672524,0.013944359906042127,0.01611218408586859,0.0,0.007035771619704579,0.006046693414031506
69.277,0.036807842863415256,0.04515362146140004,0.07711622020945941,0.030786493263515825,0.029929907502794287,0.012696737446658283,0.025151912227192593,0.0923753336224624,0.0032690210427678322,0.013058958206141436,0.010139710677586837,0.014382175915533731,0.016432150032163716,0.005882964880983583,0.005074478834241204,0.014484515789717519,0.006798114485278191,0.0032050248930722493,0.02912735476647673,0.012907435587655954,0.04578422876332691,0.014380959639377806,0.02384849815559276,0.0,0.016912462910902468,0.006146188692117666
69.788,0.03787730850821499,0.050014896233452115,0.09704779071162643,0.04368814888449338,0.0268486844205409,0.010661141152921955,0.026824256063063743,0.05855926661907112,0.0067646710517462565,0.015060846929360128,0.01295774181795971,0.01558110432872502,0.02217642889616631,0.006414972271933748,0.00801633559639364,0.011505565278532123,0.006784337539222634,0.01368168259150725,0.02262286719002684,0.013322717683355387,0.050561242567466066,0.010333191181243989,0.014643548688319956,0.0,0.027235555699613563,0.006278702371109128
70.278,0.04404865841391558,0.044271588477231026,0.07869161715061039,0.04961413207059856,0.02700107074477988,0.00961198418865386,0.017185732440262804,0.019327780397485617,0.008007582152150037,0.009189502625426123,0.012981645234322915,0.014385563182281047,0.018654753337967796,0.006520298711967275,0.004879746155286161,0.012678879768336218,0.0028065555707741207,0.008458962071476487,0.03919408717085934,0.01517236745296707,0.043719932485931416,0.008520383400095874,0.020492798476465485,0.0,0.030246436684090362,0.006471055432275813
70.776,0.04436951147261662,0.043175632524133416,0.0757360649467585,0.041478837001172796,0.031054708562511704,0.006165783374003775,0.01622699957879477,0.07117074221770475,0.006229588485269174,0.009195068071865778,0.00932143884333236,0.004418555047247998,0.015313966764098108,0.004796332059282548,0.004138316679692199,0.012516025401847451,0.003304133830832506,0.0038604509613958064,0.019749514458348303,0.012914531686018863,0.04049187513106646,0.0018138419412884806,0.020346861860410428,0.0,0.025958816375622886,0.0019273123172422375
71.287,0.043557997017316115,0.05987037862028613,0.069921749823969,0.03748949526685771,0.022693833994903538,0.027531550302375387,0.019528952846366476,0.05374428744262142,0.008900565679029006,0.008695703669738012,0.02100015093808934,0.020628147187697697,0.0285319695660339,0.008757000949675579,0.006840806118939636,0.014973284089809247,0.01474082510088524,0.021233255766459545,0.03281003207537251,0.011487980757066103,0.0489988968879713,0.006427917012295403,0.03306718131604395,0.0,0.025575996046946114,0.004062983687733253
71.777,0.02376451634015492,0.04987698892284644,0.05203807446419312,0.0323227582552065,0.01889094104053754,0.008085079425075734,0.00031351817548603205,0.01732733872333387,0.005374039580530524,0.008786860547709333,0.013658016824656595,0.006266258266427436,0.016023410926546355,0.005533902151602219,0.0011041230868221723,0.009724319011356236,0.00904411429820202,0.007053743278362826,0.009504290818781052,0.011665399419678825,0.03817555942359796,0.0018545545463670996,-0.0006040540948802573,0.0,0.027040556031201653,0.001472656051613018
72.276,0.03879381983735677,0.05618292341045505,0.05639751129922856,0.034331550270967945,0.028111937411097587,0.022588387249734315,0.03181086980254052,0.05019813049242331,0.006517900896413068,0.0075450050811670735,0.016425287521910196,0.0174456855530579,0.023614639534863455,0.00825358850462566,0.0051275588581208625,0.012092912880796888,0.014017370759360466,0.02042465987130905,0.025978363433047828,0.015526424461030508,0.04071252879346053,0.005716805175558759,0.025445936923377644,0.0,0.034228949095398295,0.00563344026146089
72.778,0.03284199587297699,0.05243635054896209,0.05810840730170019,0.03230001889849024,0.020580569027995647,0.009598799441852594,0.014400737884959965,0.0554177616804442,0.005160398133819556,0.00201669547958198,0.019570462117207796,0.01569313150009525,0.003925201410412111,0.006756451116663148,0.0053224258211329555,0.008280834960789142,0.010697034287123637,0.017934257554528772,-0.0007863591927837606,0.012851838546083466,0.062665425536796,0.0059327395445151814,0.0010160674959848858,0.0,0.01959707417980643,0.0014826765954151398
73.278,0.033719019795389535,0.049310536005521516,0.06199037679602597,0.03135730655293643,0.02912384117184891,0.03218561476098453,0.041148019071689204,0.10109521331472335,0.0060294575099166005,0.004438362265984755,0.02329804411438858,0.022183389985160135,0.03257692139052466,0.00910091135037393,0.006736484528445418,0.010717946222051555,0.010884442142219465,0.02365761541975109,0.04802926038070866,0.01962665581279687,0.06708167438420727,0.008834498815915108,0.04235432994939495,0.0,0.024054208770555734,0.003210614462355808
73.785,0.027140852648828616,0.03855449265346513,0.050821573542152824,0.040850122448296805,0.030145609678477448,0.0016010510395088296,0.012239637499189715,0.07862498710679569,0.003702346429015859,0.008540150670221784,0.014719258178806443,0.006642899432313368,0.009191483095272271,0.004696487849720482,0.0015672140979931992,0.007137883915238173,0.007698334813781731,0.009234852155949852,0.02536017570721765,0.015665494802135922,0.05221685835034596,0.004998878866458278,0.008789556374690756,0.0,0.018141300768536085,0.0010002312304097428
74.277,0.02498206214273515,0.038195398632971125,0.04979491391557304,0.022933396176340357,0.028389814830160665,0.024745539216850448,0.03599089282861794,0.05885748611654287,0.005040619176091052,0.008267260521629953,0.017570041440511452,0.008839848150813588,0.005623833741847815,0.007121557420021499,0.003775737330731802,0.00756784224883839,0.007635480968323996,0.007186821887868686,0.036430629064334995,0.012360066434018376,0.054015331425530604,0.007126093915329182,0.003122672862303043,0.0,0.015625931308780046,0.0001400801514861642
74.777,0.032503851877901016,0.03924581321590943,0.03002296339757172,0.025838312776538832,0.017030459769421084,0.03215971654074595,0.02079368658329455,0.060939488452293376,0.005561274615513103,0.008347509107855698,0.02019461138772499,0.013652033239198216,0.020943835887380056,0.004401041660424313,0.004972252394669894,0.010196695176417062,0.011112342669395852,0.010852021814028227,0.014684128807784436,0.012985753595245906,0.04694601085633541,0.010053949948426335,0.011659018553676456,0.0,0.023130007708815403,0.0024264098412851275
75.295,0.04361708913198866,0.020283249100769413,0.03644181523461638,0.03216461771601915,0.02237473179058114,0.02368755032833107,0.02745210640912422,0.056870783871640664,0.0033333948570567714,0.007575389601544275,0.011549983352997924,0.002072958465587358,-0.012169892928763817,0.004289391743117887,0.0033880416090786604,0.006813996717401857,0.008563921760673842,0.0010259146405275038,0.0011009699161550466,0.010414166198331519,0.03305657513272918,0.006210484034374158,0.008111822148850218,0.0,0.013940718111995978,0.0027353697538665903
75.783,0.046627510071436035,0.02996393386179947,0.039711975784306415,0.024532644529372212,0.017119865883419242,0.031196123820130945,0.01190580872954485,0.02929476351847,0.0035667828998347164,0.00853691826584395,0.016750343973346418,0.011471257434670817,0.015831207337557204,0.00596881438831176,0.004114303383687121,0.005806714095889063,0.007181090981682008,0.013372544945894826,0.02782776731525773,0.008727821530006896,0.03974069636561794,0.005783996875039783,0.01999844482752094,0.0,0.02372800868184722,0.0037221427316764277
76.286,0.04000534127872718,0.02463968677357642,0.031461747419655184,0.04600763652225135,0.016922770074136104,0.030224113052785384,0.019450681617792797,0.028350199810111304,0.0036343905310098567,0.006928630194224078,0.017777193786586633,0.013077143940511628,0.02072007169796158,0.007141125826121984,0.006654566521567351,0.009449051863875237,0.005736169313425897,0.013333447530950681,0.04590429188896043,0.011874387079937739,0.04230113778901388,0.010916285667644366,0.03548150304653992,0.0,0.026848414522195333,0.0026743718023472807
76.778,0.02110744190998134,0.01349613363040034,0.006863141098301863,0.05034078055104787,0.01463796785151429,0.026226897863082105,0.006470600027558954,0.0008346412349862832,0.003209684403006175,0.0034300297633230665,0.012723822428418137,0.012063915690549128,0.021445077048515174,0.004071573038124903,0.004232911218796253,0.004525602234027202,0.003705632899752614,0.012147771518642738,0.029083086501797337,0.008597912429726807,0.04547867073024211,0.008985520631872544,0.009152971519964094,0.0,0.03271537995586247,0.003405167983355675
77.278,0.014081593844722427,0.010504913579231017,0.01696862305376864,0.04272921071630271,0.00702226909179667,0.02985386378282685,0.01374208399048102,0.023183890957603467,-0.0005844960818488352,0.004529027676897114,0.013850404746225375,0.0142676426627897,0.016911455669098036,0.004423500763689683,0.0035987191560493195,0.00394963104389636,0.006995598392155046,0.012001743548632357,0.04418188887881978,0.0037417825812663154,0.04963099949920592,0.00761896005487783,0.022090397168964965,0.0,0.026478796399599356,0.0005772961695450647
77.798,0.005678413196377115,0.011275245126955803,0.01128448344683253,0.028286204894744954,0.007685052672546912,0.02066831140426007,0.011972504162336845,0.007623338779148407,0.002624565309713535,0.010493017835333114,0.013899396479633702,0.014748412229201908,0.02503999155432256,0.0004471617700552269,0.003141521772130081,0.004170467392566968,0.00489105971145489,0.012416572635460008,0.048163694721029014,0.0029772947887817544,0.041015337689846054,0.010879316576966178,0.02247893610381343,0.0,0.028002884499921173,0.0007731766022410271
78.277,0.005293249780586348,0.0026405359126276807,-0.014712355846084295,0.038077629196827244,0.010476270228022902,0.019871982885612014,0.021755773039749623,0.044053532876618756,0.0017634161428863883,0.004814020289457455,0.009765722875376996,0.010512269685561107,0.014501686892341503,0.00475222938575436,0.002388881195358922,0.0035586654778079142,-0.00016108735242553564,0.005132857736871307,0.01320025001160453,0.0029146340940739276,0.03154026962067779,0.0069699471434442615,0.03290905718596545,0.0,0.025299034507279945,0.0017129310975819484
78.787,-0.0013000149451110564,0.024603989888062096,-0.010568925305422602,0.019194707531570158,0.0004735240527206637,0.026008188084450438,0.02229111838756176,0.059725803778599096,0.0015098722877759743,0.004670809470397248,0.009668866718368497,0.003167994295163091,0.019259029390891486,0.0032824814816150637,-1.140001521780228e-05,0.003575696180636433,0.001466477818851905,0.009742849077401347,-0.0052997318262104735,0.0029555709964333775,0.028604270977759225,0.0055213256502440015,-0.0003783780812032276,0.0,0.018548000756105545,-5.130328657286155e-05
79.277,0.011018136545127724,0.032257917750657394,0.028489726586699966,0.027820769951768718,0.0008543246605708828,0.025812915832129926,0.026476770535971236,0.06270123734204132,0.001230654532012335,0.0071105141232696446,0.009689608555688171,0.012689710149170077,0.02108006961120634,0.005552534515657954,0.0014179231693525552,0.002052962744770989,-0.0006522489522822415,0.01194480311981038,0.02854124811012032,0.00505610996150134,0.02309772694848748,0.004379192678221058,0.009753534797484602,0.0,0.020297045311092804,4.4837734668888e-05
79.787,0.010752961063154197,0.043377319335095546,0.024178879544890976,0.032606953942591936,0.005822416726281545,0.028089441492681843,0.022888342347157697,0.05984651999817649,0.003768157551822507,0.009625536953103654,0.012394486957380916,0.020893200480734158,0.024516336834671172,0.005758666153173585,0.0024112447208898473,0.0051757210968702795,0.0005879184983878554,0.016834308330734866,0.031188577804231708,0.007518822879274814,0.02010694054030773,0.003965586736289426,0.016313578481716162,0.0,0.015821239217827562,0.004630175454232527
80.278,0.025420705255596605,0.04929425435823995,0.060421527987338734,0.0216488921309069,-0.0027550885301412115,0.023733618809968555,0.00034303181743094475,0.04338615907615314,0.004891028989288497,0.006243218625320828,0.010676848477390468,0.013944021715502512,0.015015105877618293,0.003481193736310092,0.0015521809999735558,0.0016695206925980482,0.000314791843286813,0.013958996241796319,0.02872955435586265,0.011075138393584235,0.01892512809465714,0.005963644045611724,0.01478630855052922,0.0,0.009926547239205127,0.002602507206359378
80.795,0.02375240858822436,0.03251817539922357,0.0494768674990751,0.014281748698566936,0.0038224143445716023,0.0016866133436912283,-0.006978464357820271,0.012159501369429516,-0.00023431506994671617,0.006734236585013415,0.0039971188862937355,0.006669343522854648,0.002041353964553894,-0.000697193188367191,-0.0004272368925225732,-0.0016212410001480695,-0.0007144030984562764,0.005533960041823287,-0.016383346265683565,0.005688022524541197,0.011113744876264927,0.002148478313525958,-0.0024853550079165895,0.0,0.0025386880160022905,-0.0010394730657665326
81.278,0.02961928864832574,0.020853589916074087,0.05305507290651912,0.011030338166607678,-0.0034677300432874743,0.01667566179889288,-0.010348032339221784,-0.0035328895421282702,0.0008166634626114267,0.009118342153211055,0.0064587392177300595,0.007597535984145063,0.009013092908078182,0.0007877318308109105,0.001208211590729804,0.0035481739007229515,0.0008082464666414338,0.00627579961453323,0.0023640658179705193,0.005211433486259606,0.00999509374854204,0.005115790163980741,0.011750035890234892,0.0,0.008574944267304405,0.00036218582875036705
81.787,0.02533268497866543,0.023901770683772635,0.054545729330663935,0.00939194126557076,0.01874003081713753,0.03259303430432641,0.020686700489834172,0.011267187376259962,0.002214325596995607,0.00856667021109198,0.0033506617461239677,-0.0023736245657688558,0.01550793546662886,0.0012787861821097546,0.0025560269092638,0.002235093295563406,0.00038002227999472466,0.0033483517197031108,0.027166260857989805,0.0036674235768291118,0.007815622724522854,0.008623033680559278,0.02138640923323166,0.0,0.01617432873936977,0.0001355078935260552
82.278,0.0372112796416186,0.03923701403953812,0.0675626426372964,6.956292994762009e-05,0.0009815129743094635,0.01985955269557542,0.02433096397983005,0.06616736317901394,0.0036580458388668405,0.010430847782613523,0.0074288607140606715,0.01838741038121177,0.010960828410047101,0.0032416531362006473,-3.4296733102741874e-05,0.0025564663878650923,0.0019711945888559817,0.01045513045184036,0.02091403736260116,0.006579344612493822,0.011876860142699173,0.010032101443318902,0.03205631009080801,0.0,0.01354024074987636,0.0003535508377729625
82.775,0.03384653110567725,0.04347265441798292,0.06566168127233138,0.00824035698354911,0.013670735853597623,0.03570854316927972,0.05851582197492173,0.08571064197272424,0.003851502006520064,0.007528458706745829,0.009316693873943252,0.012295068678320564,0.018910782504461546,0.0025642313949356126,0.002737994989369876,0.004886374597242156,0.006156490297378213,0.009202169007458105,0.051153549935734545,0.004851639906534726,0.008163523398379984,0.005809572919834954,0.024133790148394643,0.0,0.015297117524639185,0.00010073247063612905
83.278,0.022272519650700175,0.03959669660703833,0.04995186597643774,-0.0014086643609068496,0.0013460636879033833,0.027225130967326462,0.052763364946915935,0.07354159184734985,0.0001690558018335533,0.0056833659756013975,0.007097085813886002,0.020611927976440382,0.020340644588233776,0.0012650089365794626,0.002272715043937922,0.003284906823868843,0.004652162993153261,0.012655815138954373,0.03206802523148492,0.00264059010219114,0.0023370436526039032,0.0031722404288984257,0.02767398932358058,0.0,0.012956685720792008,0.0009917985784329874
83.779,0.016739221446218925,0.02856218450536917,0.028670523464352816,0.018734405670262487,0.005416173363032981,0.019675698195862602,0.03566995687922418,0.06504557252808701,0.005180713954494,0.001667549630205103,0.004164838110441018,0.01669513813582088,0.012282903543970927,-0.0001776700822952306,0.0010118254317231816,0.0020876308893227774,0.012329446261571815,0.007153255834696745,0.0400648742345696,0.004601842654089071,0.0022281252884188284,-0.002112202855156215,0.006185016166350823,0.0,0.004500899788418094,0.0014148696891476634
84.278,-0.00033968283589810134,0.021754476029042197,0.006597589748135783,0.005931633992952927,-0.0002771324748857192,0.02689573593403194,0.019627493550899197,0.028619040880076337,0.0028008100873830916,-0.00044531622208885855,0.00219026200795896,0.00715651382356823,0.006522226165615305,0.001906322782354571,0.001825405386589877,-0.0008525884558782314,0.01231879804385775,-0.0002745450890988326,0.0028230805637046363,0.0007858213891165644,-0.0019939629802967628,0.0005011344916153141,0.010460020619332553,0.0,0.0015221865259633705,0.0008544486581494557
84.777,-0.007414030830816397,0.017419182336824133,-0.0007625820501324292,0.007077428840883453,0.00010777374023343584,0.00885881345383541,0.010461520584083797,-0.003594802814704867,0.007050309237054968,-0.0037083254177240786,0.0020322146447644823,0.009856912726119858,0.013123104564448769,-0.0007083596127778033,0.0001492454826739513,0.0002950308516784391,0.004198064754231625,0.004709914011058864,0.013301586821888438,0.00542643454942884,0.0014437934275834791,0.0010893993561381008,0.02381135103466878,0.0,-0.0030754041428404035,0.0023398393113415535
85.287,0.005519561169920128,0.023322605923738655,0.02965957301712231,0.009589760099335183,-0.0026387912998817415,0.025663892413347787,0.03978236876947951,0.007104842994734726,0.014321164440497079,0.002540980244976944,0.00596778945131639,0.020409144476207324,0.02288773225256682,1.4704122407919255e-05,0.0023907517637087343,0.004673017061293782,0.004040890692035273,0.011086245185827459,0.038535028813003976,0.009782056300313823,0.001079777947152499,-0.0007151540059207868,0.020392280406872482,0.0,0.00037436405534303454,0.006781036671644287
85.778,0.008863304848756,0.019913229927023126,0.03603491982631139,0.00303921985425474,0.005984051388484048,0.0006300666848075014,0.030947057126131425,0.04262663532551339,0.010905842814258812,0.0021002974776254033,0.0015961032396485544,0.011685146994043764,0.010531883613644308,0.003414126427136487,0.002693647559321139,0.00424447868169787,0.0015785581637333846,0.004863226058150217,0.031221221628938877,0.004841196612392879,-0.000593612967934737,0.0005972976588403204,0.015106299050944,0.0,-0.0009626504280250353,0.001822279804543613
86.277,1.7722121781288295e-05,0.011786534790434833,0.027863510787903008,0.006439023918374155,0.008508422021194204,0.009636333054993559,0.030728325264507646,0.024227734028176528,0.01299564033708115,0.005619954458109533,-0.0003509049620125083,0.006322345256314663,0.008278599728047911,0.0015217986110727937,0.003646243181211291,0.0058779745003414595,0.00019330383939697448,-0.00024827610294115795,0.03431027139062788,0.0003778694313199289,-0.002257169715663511,-0.002894959064076456,0.015601230103327002,0.0,-0.006160652189667312,0.006672495437547478
86.777,0.011073037423151673,0.017202290588604136,0.04074297419579996,0.016740119700116605,0.01118636820556801,0.01336659837959654,0.04453775904669624,0.04583784400113309,0.00678884869003577,0.007157231987467084,0.0032640400884181406,0.013651298438395977,0.020173384569802,0.004834702090474086,0.003587770654269589,0.005476112266517408,-0.0011737211330728676,0.011560482033474487,0.057940679924159647,3.3181344496387356e-05,0.0004654797517530291,-0.0009864006301486294,0.037710470161163044,0.0,0.011843266820951366,0.005193213068477719
87.279,0.017879192435278028,0.015289702251285151,0.06301456686586764,0.012807826313640712,0.010216428203567295,-0.0018692701433212497,0.03841385391448422,0.06803741821044552,0.007962605524729273,0.00912126945976797,0.002170460653189989,0.011721035575814122,0.01976800006401135,0.001002469912139323,0.0022070361988202974,0.005615705970634852,0.0015737661809669425,0.01026461946637158,0.031015753350532603,0.0023802589039565894,-0.0006986871809639265,0.00030619854813360094,0.035244651998128325,0.0,0.01780422460815422,0.004589976205627401
87.778,0.01622868076200586,0.021653618469525397,0.051016239210399314,-0.0063498172299288865,0.00509816943144491,-0.011893869413231487,0.04632776099090723,0.07235173804281693,0.008410254454116783,0.005212516545003282,-0.0004855567758596369,-0.004114090775426021,0.01552214379496241,0.0016158232216667784,0.00018960893913061623,0.0007919158904900922,-0.000552266182513167,0.006713121730614075,0.013949000088887968,-0.0011762297595598783,0.0005667561069807418,-0.0007508578106681752,0.015162699133525737,0.0,0.019668362010640737,0.003047185697975784
88.277,0.019549848204603936,0.021789182385358728,0.052826435147278604,-0.00025043351616691785,-0.0018700173483375132,-0.002870345958790807,0.08586744926666987,0.13598685803395286,0.005891924694712118,0.0016207048426801816,0.0003633021239598981,0.007014490932216578,0.022165407249912537,0.0036696254865888293,0.002025127124778856,5.008474208900894e-05,0.000984883403184243,0.007242012641400866,0.019017286900213953,0.0012717339633028094,-0.0022154023377626794,0.003543527541751433,0.019186144396807155,0.0,0.023976613462333825,0.004509213311356635
88.78,0.021224495184529554,0.02229987847560676,0.05779351908976755,0.0036606885128249657,0.007477713897146763,-0.0016201714752193846,0.049615561090173024,0.07370493705856586,0.0056558716920431995,0.007448541755481629,0.0002078375323454699,0.01106103485062605,0.01162554177646279,0.000848762086120006,0.0014914839036669365,0.0010886095607394164,0.0052014355295599895,0.004682275755425958,0.0151233312216288,0.002255472983141374,0.00023084948753020066,0.005381967643414217,0.002618590700340291,0.0,0.017781185833722034,0.003789290242426588
89.282,0.027291570192455997,0.01730199222452533,0.05217741217955771,-0.009791812555595527,0.010469036640921485,-0.0017136541134643959,0.04660320924054332,0.05081750298769361,0.0035413631226814844,0.005623064771905311,0.0001713004556447044,0.011202874798655954,0.017422117716815688,0.003164361840123301,0.00011298471940095607,0.0013583471981121085,0.007348628561045081,0.01017530010422726,0.0194978684211473,0.004326041392039705,0.004997989795121864,0.0028265353072527747,0.0020421206077138056,0.0,0.013747587961549027,0.004876083121814113
89.787,0.023603129198873765,0.038535989042851854,0.03548024869852434,0.005247995135232462,0.018111536875358464,0.028122434414491797,0.04656722417344734,0.09782177173433913,0.005816682764430099,0.018674052273599993,0.006475934302354431,0.01716156573928687,0.01967871976346494,0.005270381736970321,0.0031145159095138245,0.00808399743086865,0.0076281987351979105,0.009632466837170992,0.03144652046203927,0.009409219670779696,0.008520233734635407,0.004653531689237441,0.0016502286806642558,0.0,0.014562972582408571,0.0051266815842173595
90.277,0.021673757761158704,0.05080549618811715,0.025112013001599313,-0.005580385707417927,0.011039947385909894,0.021536178473763497,0.05620393966905849,0.06522436765259597,0.005046924092512434,0.02168532436817725,0.0038641488679920194,0.004146613479835342,0.013001789217873885,0.006247085868479518,0.0004906598651601707,0.005490831329014187,0.0044551675835309374,0.008466753137113502,0.0037824974521030994,0.007741501551271127,0.0027826554274702764,0.005013298903266189,0.01013059361537237,0.0,0.021364345045481455,0.0047329769601814845
90.794,0.016259659279198115,0.04450710909085493,0.025950962465610516,0.012610339014906255,0.0037599585470457684,0.012010923744264627,0.04216222818952361,0.048710242065610206,0.006748766396353247,0.01940925723511724,0.008409147075454952,0.01435235427716346,0.015595732998137156,0.003063701431151723,0.0022447840204717143,0.0040336129406557154,0.0031895476904103253,0.013826557698995991,0.0484335674401558,0.0013209027687992908,0.008982242073401224,0.003726221026758451,0.008411503931169332,0.0,0.014582460508628069,0.008612503555554445
91.277,0.019844521499908594,0.030236663056997747,0.021491365021816488,0.020552940375102326,0.016967206469911664,0.012083488491685748,0.04919217128568674,0.05551735328500544,0.008800293892472217,0.02054346712918431,0.0056017352978048815,0.009257345507983794,0.007911034377024553,0.005983552258726814,0.00541785194645986,0.005942788646807227,0.005298801075830396,0.009180132026300393,0.039029585096715225,0.006608048583733488,0.004420163932253149,0.0059658505168632215,0.033251912702792,0.0,0.008093409035422928,0.00793215101626888
91.777,0.020939133291805044,0.024940841688343936,0.028904266437914015,0.003963199143997583,0.012046717915461852,0.0013640869616734208,0.019937128935824163,0.04625029886011247,0.002376602025498158,0.018693671252749452,0.003316717208583706,0.008448186576804462,0.005775769183972657,0.00328422077437353,0.0038231154963208024,0.0033756602176737128,0.0034867611538237186,0.002891490913490417,0.03190446063884482,0.00020031977698785228,0.0056822512408006,0.002527329417401138,0.021425754002479067,0.0,0.00556137558061155,0.002276758351298707
92.278,0.036671560896875975,0.013584040076416878,0.07300008750452663,0.025463719469045826,0.01660322242562821,0.017201847591522997,0.052772338367057005,0.06977711393561516,0.0037178439438637933,0.018351401948610582,0.005051120851134092,0.016999669715078543,0.014168380497283823,0.002957285325133603,0.00428591661741076,0.007566086811746619,0.0036297214293551125,0.009143444691808018,0.025783354200212265,0.005201711975252546,0.003339370263662274,0.004037980364785534,0.04669340070303233,0.0,0.004134562372707489,0.00407982603401539
92.778,0.034538676678913,0.007857684632933957,0.06760791960332817,0.024381629675084157,0.017172520250155535,0.02235444806874614,0.04552001658334183,0.04992973897600965,0.004987452714315171,0.016842556718046173,0.00523804544992997,0.011693232386545106,0.018501307612496062,0.004227430568383433,0.005376760475664765,0.006118821402683227,0.003744141240419619,0.0065206562460586185,0.034168617828476,0.013106683230388869,0.00906267684198425,0.0061562610744491375,0.030393013021457412,0.0,0.0029583915681312134,0.008776873793441022
93.278,0.034779605430779285,0.002902859475379295,0.0653572523811524,0.023633665850328042,0.016211758051387488,0.031164769789533378,0.009982935392055607,-0.0017255393458933282,0.003299191704693046,0.021198570600591406,0.002121892231734527,6.532164535568586e-07,0.004019183093471699,0.004335244301304072,0.0030490044869853593,0.006246050496375684,0.0030678697490581345,0.003524401485881905,0.02531265031867922,0.008698840486025056,0.008494154515805244,0.009435789620809187,0.026989545388541092,0.0,0.004576612206338432,0.007958064248445208
93.788,0.03177543098840219,0.005779949040297759,0.041849598046147504,0.023468357480489917,0.009640120133448206,0.04057011415569964,0.01941443717484182,-0.01927585434206451,0.005905342537124011,0.01185783932224521,0.004974557973372332,0.014683734282102826,0.017318605229604482,0.0038146843754628935,0.004993570164309978,0.006725081780896441,0.003915045609161659,0.009493682190221227,0.0054622808746713535,0.008901623357007667,0.011890700887108557,0.006514269536604424,0.020944116804786448,0.0,0.0073750086773759225,0.00634752831959704
94.281,0.024585994422379458,-0.0005053663877138309,0.03662859510743668,0.015768261262855916,0.020064344402085668,0.0402125057461125,0.008223890796191062,0.00995404932992063,0.005287743777753298,0.01413166449429805,0.0012529538186915187,0.012284436373400986,0.0037019265831391376,0.00401797662238656,0.004143991260465581,0.003110689282161281,0.0042049140322266195,0.002683588214831541,0.016052987659471885,0.009181670492617939,0.006080406485675379,0.005919560894413263,0.013426923943230343,0.0,-0.0023175979755813104,0.005199072722062606
94.777,0.025789784372026076,0.00043264406957059526,0.03876333733241983,0.019571060529515204,0.022546902455049953,0.055118685315971916,0.0409557536917313,0.05258592425221355,0.0031656649482830305,0.015633627600507852,0.0010931913316902968,0.009806323437474045,0.01360100762047199,0.0037652150460809894,0.0030431066492174865,0.005174250662448036,0.005205125217317426,0.0027481761511504647,0.031112573200327065,0.011225264949086539,0.005544449975913953,0.0027023802606119898,0.03910565360879686,0.0,0.006921817791172194,0.004803349262595935
95.277,0.011790364538399795,-0.0007622509368060064,0.019516639490950536,0.006856003229993572,0.017004051751627475,0.02410157143287263,0.008494122067427987,0.004776682059206926,0.0023857043350352047,0.016852410193434725,-0.0003425878700765954,-0.001505980713783544,0.004283918269115246,0.005066976026054046,0.0006162665469094145,0.0012721797582163179,0.0031953876441000594,-0.0030527318681940908,0.0006793349301677721,0.010897920992524627,0.0011377733173349564,0.0012158490628810918,0.010357835263931579,0.0,0.007800122047524856,0.004048010004341737
95.776,0.020672428170534263,-3.406188933356829e-05,0.03215531264381464,0.009472746652685307,0.01805813125317879,0.03420855670611467,0.03312743927799484,0.03507983682067379,0.0011671013344295234,0.018277173421724798,0.001765661417822609,0.008868099256133409,0.009513409452553048,0.0011749525807644259,0.0032795601518355146,0.003861990969456409,0.006747949748952732,0.0024610741853439435,0.011727881523364144,0.01312744797811924,0.0043869371421769755,0.002431151414660625,0.025578245573839673,0.0,0.01845808900579272,0.005583067471884229
96.289,0.027596426672711238,-0.0011185688062700936,0.04174140715335894,0.01656669254872879,0.0036723953456768168,0.03617401098617243,0.017951683278092836,0.049222556674127324,0.003726659462468361,0.017028113866858742,0.0004403524889997121,0.014434113669744644,0.016266437446116125,0.0041821555490522124,0.0021862409816977807,0.0033842223534112327,0.0036006636675338646,0.004099151675251514,-0.003385605448367349,0.013556771263063866,0.0022371929150719664,0.004158132859238816,0.03304920778724973,0.0,0.01582222307076452,0.006007592790656263
96.777,0.02580691356790153,-0.006413039868590108,0.050811615794648386,0.016996955677660394,0.011756862931791467,0.03637399346910664,0.003161387087873248,0.04639574187510336,0.0025241400738577266,0.01580811352716188,-0.0029479165344573673,0.005763548346626881,0.00024700681836525905,-0.00042478472076962074,0.00343172456028722,-0.00035359632416763926,0.001971031034911367,-0.0002049953237893466,0.014378879653907458,0.011473554442730169,0.002174308836259066,0.0018250660829601216,0.03386779473149201,0.0,0.004611341576984767,0.003501768921684757
97.278,0.02271574258798565,9.461600117036395e-06,0.038648325705789736,0.012837704205673517,0.007638764274288842,0.03553632938736643,0.02079614312702078,0.05791624092413967,0.002312199362847029,0.0104339204416718,-0.0007418832173353342,0.0035829037713285042,0.0023814606881919086,0.005816919188436922,0.00391012704096378,0.0029963920566096246,0.004473149431957858,0.004281379649420568,0.011136307967645922,0.008749503510843259,0.009406626224369014,0.0018937215130008104,0.016936209029171628,0.0,0.0002639410624594924,0.005332581586121871
97.777,0.01769319840549526,0.0069421359808445856,0.021562156877333625,0.01654007810029387,0.009535631726597904,0.041097149289497134,0.017310342262853762,0.044798066057812384,0.0011311619904190453,0.007866058760843517,0.0022384649002912533,0.00419270896843414,0.007378891670130833,0.002867180701138123,0.004040720631582186,0.0005640888778042466,0.007077003908155525,-0.00032140000323243803,0.012658044567116278,0.009901925031316592,0.016476612098369283,0.0018525433885502542,0.010169102120439815,0.0,0.0038763000604254256,0.0006771821175148333
98.288,0.01991300319206231,0.016287814457454506,0.009110829582047696,0.01590068633164719,0.010269586362915011,0.05942251019440338,0.02069639213981742,0.03313442414651852,0.003634144304208477,0.01192513618329235,0.006673624674703079,0.009000169894887758,0.010088049640936344,3.5827758366651934e-05,0.0050596674089533125,0.005769004260339633,0.006089634953938206,0.007875210534308922,0.03346591170562026,0.00942882055401826,0.015031271145551046,0.00026281996777648364,0.037345791038764675,0.0,0.009741680492410308,0.006344649751255449
98.777,0.020901012336613584,0.030195966464188508,0.016473835904142392,0.027928574560363725,0.01566159830550261,0.04413069856578887,0.03113583809288817,0.07453036505474679,0.001532181802495042,0.0061418407074741565,0.008958728805967275,0.012987760711874288,0.017006280262875196,0.0034224457113901717,0.0014382868343612387,0.0011726122518594796,0.007258715895067496,0.010263951445799743,0.016246153227212002,0.00991172918587943,0.014313643140959946,0.0035130422041458028,0.04036738948843183,0.0,0.003861305563873618,0.005839282342632869
99.278,0.020855932008135337,0.029713008837457474,0.007995662723114574,0.02100390513913209,0.008322285077410334,0.055380847114956736,0.031052529247070512,0.07970876315112277,0.0007156107929925668,0.00630786100039346,0.007799263739228745,0.004608701306715534,-0.001562614984270007,0.003317658899682995,0.0009468569219994286,0.0006187167448775548,0.006769398092378785,0.0030127436832983966,0.017731327308198114,0.006402395282449854,0.012693930566426752,0.0006616621824401043,0.04229651011904948,0.0,0.008726591699592352,0.00535172440463122
99.788,0.017542201752554623,0.040168192460649677,0.003158691719022708,0.024181432694411673,0.010506995081219779,0.06824149294618734,0.042027011068972144,0.09636644218771391,0.0017592982695353709,0.006691941952420996,0.00912126431471945,0.014148273226058498,0.017541576826463085,0.003392701361125473,0.004745690975714645,0.003684261850552374,0.007964741174436709,0.009461273515812283,0.032948079038023735,0.005625020503904607,0.013094361070480853,0.003269391345242874,0.056379574862153115,0.0,0.01985487770702285,0.00538657844309364
100.279,0.0010766195158792731,0.027109421757479494,-0.005247083366176942,0.025691992207077616,0.01115701217353515,0.06828747897864215,0.05098091437271459,0.11681159344530899,0.001068542548647923,0.01523198379704237,0.003982286445198983,-0.0010033193090547006,-0.003746224031469549,0.0029855996974826444,0.0014994447152558003,0.00033471789250037254,0.009881968084707456,0.00043064292025866844,0.0002516026654598355,0.007487390685087985,0.008178577120908317,0.0011378462909506976,0.028418921721784875,0.0,0.012186865269126266,0.0028666176121887803
100.778,0.00011820297199752803,0.02455716127408754,0.011854590484057636,0.03269631034821073,0.0076359325977093835,0.07924994762160756,0.030046431410755595,0.0668504930168924,0.002166526491923248,0.018900851826009077,0.007042857192236706,0.010483129578942907,0.020090658861865666,0.003238161748552869,0.003934881807772929,0.0030636391945200693,0.014446490544054143,0.0034676831929247153,0.00877236517805327,0.006936877749467197,0.016645366583545554,0.006586721270562752,0.04207636667183539,0.0,0.014960757794523974,0.005843749070783934
101.278,-0.005936896287481884,0.022499113161409488,0.011222285657931036,0.027567087525418706,0.007672871691981615,0.07037100127717742,0.03124927694110028,0.06194431622320374,0.003214465444187174,0.024860514211276285,0.007131228236459406,0.011383942261816769,0.02592629000014405,0.0026117373463838476,0.003271338607256784,0.005397247339522429,0.01795013343582184,0.00801219798699168,0.017287009500595932,0.006571410271579914,0.015816891731295527,0.004010035151737611,0.06073216256335007,0.0,0.01458545714714803,0.002111512962524691
101.777,-0.0027170819772617955,0.01647489100317369,-0.010999346312363831,0.012635397465944538,0.009924235348758026,0.06012681074007081,0.02745020655939469,0.056115258779171284,0.005371244199283677,0.02153122344410095,0.008012936263040569,0.007361964920142563,0.004667944557551517,0.0028986204198024152,0.0027388246574417403,0.0036787204930779243,0.015255702629885215,0.01110751566416229,-0.0029428749155767375,0.0029659712588982713,0.015543589141055976,0.0023166496500694822,0.03435858543177264,0.0,0.008996406491969039,0.005355920806038507
102.277,-0.0020875375147587447,0.01881816427278244,-0.00518212040142419,0.028833080943052314,-0.0009247026739498736,0.074510486959155,0.046222819352718436,0.10753589281567975,0.003137455844364391,0.02383327233205747,0.010189103507414858,0.018748407402076357,0.01398736274279572,0.00270793962910548,0.004070788980651669,0.004312978603670167,0.010676432394773217,0.016232596394784034,0.016169062757290235,0.001981979435356105,0.0165330684569919,0.006277275996269696,0.054069304064222924,0.0,0.00755654015748512,0.002326648395762393
102.777,0.006989069311435717,0.01061561338393332,-0.009698289594651117,0.014237344086754778,0.002637793440581781,0.05795074484388591,0.03456814252988141,0.06970025843876766,0.0011774303064999924,0.022473466281270157,0.003628349212214696,0.013645468230187103,0.010940868611047792,0.00238850973466356,0.003212792535461863,0.002306760511211622,0.008648787361219358,0.00699082130991525,0.004160139004881238,0.0032070301731472886,0.009549370944012835,0.010327945768773963,0.04463154804925926,0.0,0.010472527542791581,0.005618761919258952
103.287,0.00799337019731688,0.00852182739705477,-0.004322690262072162,0.013445696139619025,0.011651583680606061,0.07544399245410519,0.028370353416645348,0.05459567088457704,0.0016720690418172693,0.0193476433049065,0.004603990280489139,0.0015996664599806588,0.02816021997131093,0.0056256959051249195,0.005163563798175914,0.005329189716143608,0.008795262720416148,0.007323279407544623,0.02385291521197714,0.004105255612402248,0.011088534952985417,0.006658215589996375,0.04493504329829975,0.0,0.0029422819659340074,0.003679956882495679
103.784,0.01589262595844242,0.015724564775856684,0.03278938880353356,0.01405621934496419,0.003229838644528379,0.06415272981115155,-0.0012826279690628774,0.04175891985601639,0.002352574136312079,0.016593909976352773,0.006405246762401148,0.012209540085430563,0.019786589887195963,0.0002557622825612202,0.0036488045856071538,0.002772957771945277,0.009561932218372614,0.009514072833737059,0.03067808074329393,0.0007342127612970419,0.011132180714404015,0.0038247558306055904,0.041625390504583325,0.0,0.0020722240312808725,0.0008434191942980184
104.284,0.024834422698921256,0.013650690541774412,0.06395864846362039,-0.011619861139123536,0.008845810169538964,0.04891093238538043,0.025601114438799494,0.06352079493064698,0.0038416431402918086,0.00636086246272617,0.005337816885264576,0.009809790891766323,0.011433992748440291,0.002422270536557784,0.001033109894868531,0.005610909585618815,0.009616041414707148,0.005982592399337197,0.028750295406771934,0.0022097197554844057,0.018314094886445666,0.000634096750009139,0.029510928600561176,0.0,0.0032993904882086243,0.003915223880107913
104.778,0.023675977573436705,0.025389955708899157,0.05729290450062942,0.005252201112256532,0.011314060416575459,0.055291966120179725,0.025013824647102056,0.06823087908435321,0.001761131648197911,0.004691133937090662,0.007781904113550723,0.015386176415676885,0.014878708114917328,0.006215853378899507,0.006615076089730584,0.0043851402328256815,0.009884937971501825,0.012220644720020237,0.03477904115882068,0.0023286428148947716,0.015648410313530238,0.001587434362319528,0.022740563175253612,0.0,0.0012044081109158207,0.005076283803410959
105.278,0.022850789331648046,0.023205994584309227,0.05277718351899869,-0.005066558285001156,0.014663403502561907,0.041341981550651455,0.02748843257046089,0.08528419791920336,0.003289272559279603,0.004682315215763627,0.0033966730654810496,0.010668080437270244,0.013436821714757121,0.002631422589460479,0.003512468934871968,0.002288133866813225,0.008181517872886575,0.004579243623059266,0.02907306797392943,-0.000128363631788398,0.010317746245666894,0.0028389478806993707,0.00792306403645731,0.0,0.011934746761218456,0.0052818167689306335
105.778,0.02041904704326285,0.025814738778516026,0.05315174542992996,-0.010239603846414723,0.019991801035517967,0.036666515142571965,0.01345973353560302,0.03074408108670448,0.0006581654724781412,-0.0035265160911734108,0.002899906589134475,0.004492978355556975,0.01019932665286069,0.002652217908826907,0.004693334705015917,0.0008541653033212641,0.009753173788467516,0.004587120469020446,0.02100812635856143,0.0005031287402212164,0.007695518646114798,0.0036684192992934763,0.009315561917028009,0.0,0.02320508446004261,0.0029962009730482757
106.278,0.04015416036502318,0.021214291021296384,0.0773379615323724,0.013615130309606625,0.02355545307760445,0.05202576605117464,0.02064209554896304,0.05065060222001359,0.0033898378501452026,0.001489243054841181,0.004601126364339786,0.009685826535593554,0.020553404189590393,0.0039000019028796835,0.006055778933382116,0.006638105305557618,0.01275490304351492,0.005049339726947462,0.06248989301214621,0.0012036698257652512,0.004297926267663134,0.006054260631459372,0.06432648601421341,0.0,0.024619554194192674,0.006374443214309422
106.777,0.0486003427194971,0.013657391902632689,0.08189403293522918,0.012547952114267269,0.01293115450827786,0.031682613437012515,-0.003552063869583565,0.00036153800773330646,0.0011161665702530883,-0.002022789273389085,0.0017654936892144114,0.0023855498544584474,0.014396261163644222,0.0034584653504693644,0.0015793024163627922,0.0038733710043905864,0.00866122047321889,0.0020135057928299437,0.06970354038304764,0.0002147457972513517,0.0023458771081293454,4.9540922138606404e-05,0.0331483796838695,0.0,0.023765018477212456,0.0022659160702859548
107.287,0.057245224363786575,0.024204466798604666,0.08323772102314227,0.0004665241155525373,0.00558754150933044,0.03346356370752225,0.018724657892467012,0.018533673971919642,5.909148351808603e-05,-0.0006120108914005498,0.0065732601401919675,0.026166867990422872,0.03469285560278747,0.0021549969242941683,0.0028915750405454034,0.0037083391050578536,0.007130741048385814,0.012274908281987983,0.059576960918822246,-0.0003839383434127125,0.01125842843461999,0.0015433525040355921,0.03392820162678668,0.0,0.03053789271110695,0.000919929752270863
107.778,0.04902477576883506,0.027933836841708196,0.06742181609815787,0.024282638808645677,0.007513526654170015,0.03622247303107921,0.03751502364913355,0.08032986261867624,0.0015570960957297468,0.0009527263910370928,0.005372973678900263,0.013641823104380918,0.022326812432580605,0.0013699364029669718,0.003042422321311548,0.0039020023144483626,0.005153114663977711,0.007579661933719263,0.06969376741253953,0.000662091354368604,0.00941177721880157,0.0015172736072862599,0.019265744994694356,0.0,0.023254159442695883,9.09378370685399e-06
108.277,0.046024286350475535,0.026683525722063672,0.06380500899662758,-0.0056048191183573634,-0.001875396456023681,0.03607942338017204,0.0317683761444145,0.046087070386550404,0.0009071977693965542,0.0017845927359025563,0.006178798682177149,0.020384910198901707,0.020187391405573015,0.0016964691360054894,0.0027723873329219763,0.006280729544215024,0.0026368197387013916,0.011366726019741273,0.05149827001530712,0.0009887293270608767,0.01071246855146057,0.001228133132236454,0.01403806992312942,0.0,0.02450541125612969,0.0007012551291623052
108.787,0.043614954733269824,0.02524369437207108,0.07140990212537494,0.022543745017448002,-0.003312725550076804,0.021965801894592032,0.03575351170399736,0.06420916614409361,0.005076476142589543,0.006222604096689502,0.011804648856907848,0.030715550323167532,0.04395916176166074,0.0023298177541542253,0.004965064972038928,0.006879919432899637,0.0033521493579475275,0.02106386123475462,0.052238267246486295,0.0005624986286487899,0.017524634894692886,0.002001949973803967,0.014866968203522847,0.0,0.03160139988461123,0.002769675710815701
109.277,0.03604586427540441,0.021275389700458974,0.05985631791120607,0.0030301618654573034,0.005166599981215757,0.027236458400321465,0.02073943894321711,0.03687046307682831,0.0021515308883376045,-0.0005030506021016978,0.004872474101053157,0.01883728205110422,0.04259227665796893,0.0023254726469979893,0.0022399319110438915,0.0009077249728243857,-0.00024123196789531938,0.0074874322807977995,0.02549444185092062,-0.0011072510649074946,0.013779556950556934,-0.00023174150184679265,-0.00021181428572308983,0.0,0.023102112598815953,0.004016572305619363
109.778,0.03821825253521873,0.04043981309029908,0.06919709903951415,0.03003985869198312,-0.0030678180444810616,0.0323429003625749,0.033149830347860954,0.019646251151231153,0.0014380492791297211,0.004640743003496087,0.013903592982914662,0.027978536942211453,0.03946868680381472,0.001015692035355899,0.004238450121996557,0.00426677317998263,0.001859198492487881,0.018916871011873462,0.03622013211644194,0.003857795445402647,0.01923990344312463,0.011397913266601027,0.02422459507658637,0.0,0.017882889860192965,0.004960415615418158
110.278,0.02255083389188472,0.03997060171169913,0.04430615145157868,0.034937595214983776,-0.0006836986845902707,0.013888475623449567,0.03761397998592236,0.04571301584714152,0.0013200516167278355,0.00874482260796052,0.00534046338102956,0.015386093168120122,0.014420847339812375,0.00161161823805724,0.0010510993029217164,0.003893684336948265,0.004575575739496103,0.00841760599012321,0.014695760057341708,0.0020381973273640025,0.00998766364689194,0.013915159993159685,-0.026059291250744472,0.0,-7.850123341008834e-05,0.002790083275894502
110.777,0.020591158433310084,0.04280241993949469,0.05313096139293419,0.025225430717184607,0.00929886133835426,0.010780735477099792,0.02827158058173452,0.01954942336922411,-0.00037301074202456403,0.004356475282934993,0.008170206982661991,0.009172959921105625,0.01189227362920575,-0.0007607893727646038,0.0027131991846344036,3.239029196031616e-05,0.009368215240192133,0.01153743518631456,0.013560303232370502,0.0022143059386060303,0.010615076303182565,0.009324454064708033,0.022659240053821198,0.0,-0.004762446370165959,9.224349102736886e-05
111.278,0.015428940012155772,0.03783938173466086,0.042847556292950825,0.05390599892462406,0.016401728475789537,0.019498293959892866,0.03516718459066352,0.02534746335803227,0.000487234090839851,0.0005042420479546259,0.005199590694142673,0.009496228576463131,0.007773661350378123,0.0022822515997390795,0.00113422395532958,0.002859946651265089,0.008266257471615633,0.006945183538351505,0.04378742531260714,0.003656434337107118,0.006219030404325869,0.010889967524926896,0.010914518915546803,0.0,-0.0041244099950565735,0.0022855226113945
111.777,0.010733787832007256,0.0377660913806586,0.026855737467982494,0.0338616593140406,0.0063843379036481705,0.01653215623223307,0.013180565674421807,0.029024094654906078,-0.0010064383084436627,0.007980752017655544,0.005756997455656621,0.004080180503463686,-0.0002514127428833663,0.000836311877177851,-0.0016224798314001024,-0.0011805961432938483,0.006027929046130056,0.0019833140192423945,0.007646044550284351,-0.002463604853390719,0.002522757738852342,0.007008847864365966,0.0050672020982638856,0.0,-0.0046419434591580995,-0.002073989989695602
112.277,0.010776695267484865,0.04071294937244845,0.009166098444533451,0.0456729512364582,0.019159443903459056,0.025004916835195887,0.037453454514284744,0.04824233850883889,-0.0021781920453934137,0.005125407600907161,0.004917500667692977,0.0022218283093722647,0.01570390065481479,0.00204657116428819,0.0018117748783359456,0.002664866644994829,0.004023827088578795,0.005912622106240499,0.033907755510475854,0.001748604046768458,-0.0003241868258555701,0.008261988449434113,0.028014628906331003,0.0,0.0021601936460307982,-0.000702489967845963
112.788,0.006031603801411,0.033344566564065696,0.0016810462130281015,0.046091746458871895,0.010843619413156284,0.011386904003451805,0.011588415152541325,0.0006084627213697597,0.00250090288255339,0.007539761289024191,0.002483554177971039,0.0073442209509233065,0.0169685009340018,0.0022494097727081054,-6.952922814721846e-05,0.0005761794943035756,0.0011672778744879365,7.610545884835642e-05,0.015475198350443212,0.005815071400506569,-0.0031242863172332865,0.00832277611604005,-0.0007926804194791513,0.0,0.0013551970062524832,-0.0007236415286541346
113.277,-0.0003039504994224521,0.048643394244907344,0.0027674672242262947,0.03236053239730016,0.008622090423230446,-0.002460199308402767,0.0005610597825938733,-0.010234073845943216,0.00415810745955481,0.005536589178694077,0.0038259082759743187,-0.0066327178199597865,-0.0028220078043527975,-0.002525725760507796,2.7039144279533572e-05,-0.0016231975402625132,0.0004370948372084119,0.00028452562780486245,0.015118837996540853,0.0035562420246210654,-0.0013869283963613291,0.007469921425396822,0.012950137482155767,0.0,0.0037098505728739364,0.0004327457356358822
113.787,0.00904857538716656,0.04165842380545176,0.01275021225024508,0.06184535919800626,0.021594576062298258,0.02618591083165783,0.026540297846775418,0.003349099706622998,0.0075943968245553274,0.009023537580935541,0.006303311611482517,0.010427783149298146,0.026733641934745013,0.0026263737742649312,0.002599465193061709,0.003478345940480486,0.0022646631137823296,0.006873293501072346,0.03863532654074912,0.008917539008007682,0.0015950755894533278,0.009181783490723353,0.056782664955259535,0.0,0.01913627853619405,0.002866801693555669
114.278,-0.001378360273352669,0.03608221423079666,0.006950277893385534,0.0502056828069405,0.005408135850310564,0.004395102240352366,-0.006517313557179653,-0.007643891561972023,0.0019682330102869976,0.001387536484705537,0.0060537658194650045,0.007412626215087182,0.017602384043663894,-0.0012542184835299447,-0.00024586820578042606,-0.0023563704824622646,-0.0001822355683108075,0.0062882398812253645,0.0024503688850091958,0.006157130923454491,0.0033252702855600027,0.00393362586798833,0.018938634019044526,0.0,0.016590699703781783,-0.0011888959055174357
114.776,0.006967817514312751,0.02423167786886895,0.021379670071840103,0.06726045477556108,0.012165150397040574,-0.0016078610458649288,0.003383381127951007,0.007601045790668417,0.005167125767547535,0.0006737679098124392,0.004985700679038534,0.008181275668178199,0.026049654453022947,0.003855216436252273,0.00019939038329228897,0.002556804864224834,6.378361127299454e-05,0.008515529098135919,0.020764156638072545,0.007590135964947035,0.0036649134475808033,0.011223234017945291,0.03495584119491666,0.0,0.012547971083781447,0.0026014441138938124
115.278,0.013952648419071022,0.031824019363488186,0.02878271304499087,0.083189350819836,0.016348751385244612,0.010312305216206656,-0.0020342490578170677,0.0010808360078623622,0.005370610727172218,-0.00017123109474433994,0.009008788633682601,0.010396810931796646,0.028431282205143165,0.0035643945131127257,0.00447382777749742,0.0038138807989048624,0.005163476534973547,0.005943459401200323,0.026650978595532414,0.00939441151721835,0.0029225624915492875,0.009926144457682314,0.034343473008102844,0.0,0.012191138006753489,0.007866327492955742
115.784,0.01348452663912779,0.02768332514696515,0.03950552009220703,0.0972796181181039,0.02796213496620401,0.010216872372472943,0.03473591619079883,0.027161978539440877,0.004751789200878905,0.006170106440906438,0.0091652481712446,0.014419645733907473,0.023711185394572076,0.005410934612564539,0.0069643582024334965,0.00539819591300851,0.004516226052247993,0.010020421580152858,0.0528393719046419,0.008723308767977042,0.006861823599608336,0.00957945423376842,0.05458058410578251,0.0,0.014533498233855073,0.006559535259512049
116.278,0.014025624760366093,0.02680996756805728,0.03150014362667264,0.10642592014786771,0.019301883319527962,0.00011094454569453712,0.021478064039212093,0.027302599882994653,0.004288008067138896,0.005762981360379138,0.010169169065306873,0.01725066548761878,0.026742826722958173,0.005905079061079759,0.006937648357103557,0.0032993492614007635,0.0037386411778953226,0.01572825799968552,0.04147282471667368,0.014311505559923563,0.010879093978481854,0.00793673628424981,0.022465846170924942,0.0,0.021415234551203047,0.009098098170196418
116.778,0.01028284873229232,0.02255179628545144,0.02121793970916836,0.11662706005384953,0.017178290497468458,0.0076882354671439015,0.015432960647297095,-0.0024712454497044425,0.004647023854778345,0.010885797220349215,0.008455550584103766,0.01622764641973207,0.024129017927471463,0.0022972955424310714,0.006424212239934697,0.0010533072016658755,0.002082429201720916,0.017383314518196448,0.028128125694062023,0.009620285868705471,0.008090320550371555,0.009491576542800827,0.03021819319808984,0.0,0.030407390542612326,0.008546847653298714
117.289,0.002133806362758842,0.00464378293122166,0.005115387400088193,0.10774635044750934,0.018648696639341128,-0.0031424630713263574,-0.00766058712275473,-0.004998777976711656,0.00044467684789567286,0.010838378660774077,-0.001364279246675884,5.0559402578318e-05,0.004229400745299513,0.0036773939749028955,0.001779267719518934,0.0005364569954964644,-0.0021309010261278505,-0.002190260221605167,-0.0051031832089661186,0.0072566958089163415,0.0023576456119432203,0.01180274904491417,0.0008359793823969955,0.0,0.017954766899410057,0.005295508673012085
117.781,0.01434563567103878,0.0053571592636824,0.034754613136392686,0.10272119465287559,0.01808161652965521,0.007218138616677311,0.010594452316072788,0.04228528898421716,0.00045592889402692284,0.010980948673106313,-0.0007377440272959471,-0.0006385479190681656,-0.009045526813832073,0.00021230880865566758,0.0003923263878366939,-5.7582741262918965e-05,-0.0015624535730279845,-0.003166358114576246,-0.010743597780093378,0.004434592780061221,0.006657063562670108,0.014025907753522608,-0.0020612480641190077,0.0,0.010440499639387165,0.002573453388087123
118.284,0.03604166934411683,0.01351959965507309,0.05668501165327685,0.093324135893404,0.014641358264442229,0.00467640930713869,0.04374711275518096,0.1425810660072279,0.0013427195174342652,0.013292870237082264,0.0022243214141141037,0.005745782980930985,-0.0028232211116102066,0.0005671888886048735,0.0005294149807377496,-0.00015894764819150874,-0.0015957984662136112,-0.004830967673442482,0.0006774866330346611,0.0059421725086635496,0.009414764640712347,0.01473663343706195,0.003269028756241125,0.0,0.01036020510771608,0.001573801651288264
118.786,0.041258688486312374,0.011937304784761519,0.06247058241876243,0.09841026756816036,0.013706703839603483,0.009817004309079683,0.07954636069546213,0.1845359020317502,0.0024411744304541827,0.009603470004478741,0.0034017839371614945,0.00044859829903879126,0.00859349510018881,0.0022843178517086868,0.0016088664883754768,0.00317179947367449,0.0004417134149709691,0.0012563427940977328,0.015714988834907295,0.005959546245881472,0.01102745994577988,0.01592614919733082,0.005759068465527713,0.0,0.02378162533458496,0.003629032139494259
119.278,0.03698263147936731,0.01566229673166102,0.0633212194002181,0.09932178811989165,0.013048394523061977,0.003987823874438352,0.07189547698208945,0.19922570341803897,0.0017299377027739436,0.006382393939388366,0.006920832353000666,-1.9815153960838293e-05,0.013283744071265632,0.001413298264066876,0.000590289266318184,0.0013831873672658095,0.0003427429019843639,0.00643111142283557,0.010290674609986844,-2.6577728770136912e-05,0.010726915112638857,0.011428950675405721,0.013029971669140697,0.0,0.014542304501670072,0.002639480779897895
119.778,0.03880644776635542,0.015139312606791473,0.06422153293683969,0.10535172292175969,0.0170984714015632,0.009809022172973745,0.07969761637474668,0.17572047648269323,0.0016699043666124126,0.012126456195260576,0.009019609976303977,0.009512097654467259,0.014141871668393168,0.006356227566529731,0.003930754542413038,0.004322594800944709,0.002459587588346957,0.009506458771227693,0.03298318992156325,0.006432193542662012,0.01649860345576587,0.012063339278308886,0.021941693175372614,0.0,0.024970902264568755,0.004361392801471004
120.278,0.0350613488599712,0.006866758389393445,0.0704921918360736,0.10158436560484571,0.01714643524534842,0.012423780200654306,0.06329672068138112,0.15236113523680053,0.0019163082717258836,0.01902644061583923,0.008751185244111538,0.004639754040312215,0.017368341313364014,0.002198815304290628,0.0012902401439803827,0.0018977371587412086,0.003949458365742645,0.01172102381354585,0.030856480291984227,0.005489291642093403,0.025454817093522066,0.006854817163330982,0.02787994484239609,0.0,0.021989578345325663,0.0032716862046403877
120.777,0.031268674356692734,0.011325332875215121,0.06557254824445134,0.08246868302456449,0.008182796826056521,0.013268413259446997,0.03891995908334507,0.10274525619605639,0.002096332365171846,0.015747467714672378,0.007062549568156947,0.010056222655961827,0.018720594956233814,-0.0009466905357000645,0.0002931700734776459,0.0024862893038466046,0.004584821989796843,0.008403339228746087,0.019580749302353553,0.0030744731968307265,0.026699328832955126,0.011625963930206127,0.00968633243523375,0.0,0.012383288956284003,0.0022064387807155844
121.277,0.02387044891157423,0.013103413434279964,0.060993335949259805,0.06249950070779219,0.006777324089630622,0.0031013214859849036,0.03683890151903581,0.08934724982867076,0.0030296069029076265,0.013613086705831834,0.006988835626314538,0.012618375214242254,0.021970316633789278,0.002145909025326449,0.0022263927774696457,0.0015674445407068808,0.005402521617398529,0.0124499743004542,0.0283971638454486,-0.00029401013420842555,0.023408387439595345,0.016743857381220244,-0.0010693396517432478,0.0,0.017235766850073515,0.001091348180772146
121.787,0.015265475507434637,0.003225750287767402,0.03440205053627536,0.08399295654696104,0.012397276739923685,0.0023229361443273823,0.003832185236548503,0.054146248348215624,0.0032837069873178984,0.013491744866137422,0.005372736403051965,0.0016065488555293622,0.0032366087287379595,0.004101329618061354,-0.00046487461157311474,0.0018626984052419935,0.006939960358030451,0.004180909741748511,0.018089029702016184,0.0010027513928054209,0.022319486196091847,0.00743912448142716,0.012723781466489706,0.0,0.02176097065006864,0.0016947422273090392
122.278,0.017344653885169658,0.0072169588911193275,0.04564036450885266,0.06576146587322287,0.0027153681728920094,-0.012870945418464654,0.013752995318015975,0.029220768006138462,0.0008843050235732227,0.017299082570602576,0.006972638546439653,0.011860249393044127,0.020683988909394893,0.0009394264207549437,0.002360308517338101,0.0011541101685519691,0.005884243518800374,0.012368265209189095,-0.004894675569990782,0.003589998637429295,0.023902393470568505,0.007661249367199407,0.0005731701940763855,0.0,0.020271665033777322,0.0056405149483982125
122.778,0.02727577307509148,0.005328994407238357,0.08294687476632988,0.05808178510340794,0.01695999288109996,-0.00044377818277828494,0.008478059026969846,0.02532298403021591,0.0033467180823629145,0.024149672254144734,0.007551004555091016,0.019495820208530426,0.021025858380749055,0.0029757189174275884,0.002994713671530778,0.002484361838436411,0.008106076890867247,0.015217664385964575,0.02215027349212438,0.0027103773655011666,0.0194025051184553,0.010515377118431942,0.016336131613910673,0.0,0.020352099348418192,0.0013320747967705026
123.277,0.020896394887692408,0.00045946196800588594,0.06145712547066572,0.0709891942635249,0.01599298378677734,0.016139062487806343,0.03148143706589311,0.08709346800894952,0.005185893209685922,0.023098349789003277,0.0048700338610295464,0.012990230615174238,0.01616645951942544,0.0035875189964046142,0.004392224567029591,0.0044721095184581,0.007839285261752068,0.013189908160597159,0.011376093141383206,0.0050785068616615355,0.009929833973248836,0.01068989048351893,0.020178511651941445,0.0,0.021528361818954293,0.0041841548234488705
123.788,0.012760144288477016,-0.0013857001854034785,0.04506493378861765,0.06719272353986418,0.021454551820652826,0.014561326674700607,0.011051760592236401,0.030150009516263083,0.002656022823317556,0.021796906437091822,0.0022050368763892594,0.007060636477662228,0.011969723110906,0.0011008374575960033,0.0014103917203561616,0.0018008376677817422,0.004348681212558082,0.0037452813487733275,0.02271008694252503,0.004056261947818345,0.00801290779644444,0.007994790493425634,0.023027111648372865,0.0,0.029817492366053345,0.001551209240198866
124.277,0.016395343379802883,-0.0001353626313613159,0.0397184643893649,0.0613229781038116,0.022151595696088378,0.025507894267863675,0.011323140070895804,0.061986229966728826,0.004582491637330346,0.019673390455122747,0.006670773743994874,0.013256442601039,0.019523556261128533,0.0033397920197120773,0.004162429059602765,0.0019232617005660972,0.007391096661806856,0.011534891613841695,0.02478172602622498,0.00943447538010228,0.015292817601222752,0.011797164732336125,0.015431962713713613,0.0,0.02579345118477356,0.0005245259112489493
124.788,0.019419130545070804,-0.009417366817128679,0.02646741294230991,0.08126542696675741,0.024815772310213494,0.023867628814120734,0.02574169845777648,0.049510641409666,0.002458029322841436,0.010955600184249634,-0.000336897235844767,0.004768412729211405,0.015513020087866924,0.002252512825431308,0.0031198030478913406,0.001763272847344121,0.008846744179855188,0.005151971213234326,0.01410290141710384,0.015433148298406653,0.006844722370576693,0.007227507978208508,-0.008188078083895501,0.0,0.023925297794073697,0.0013352001623151703
125.277,0.021144913596298182,-0.0034500972703820415,0.025530240065555012,0.0824355107938336,0.029485297087171822,0.026007393591249355,0.057790864415703365,0.14001352818116497,0.0009592388302427908,0.01578535497212539,-0.0007814747221555594,0.004857477159213731,0.013938785640488742,0.0020066503271998753,0.004222339786684558,0.0033613322723681192,0.013561960275005858,0.004967433965016408,0.02939795631656848,0.018352661584705273,0.0018411426999413207,0.0039085366820264525,0.028081103554211603,0.0,0.008999525657993558,0.0036591188722121318
125.778,0.01448832189062936,-0.010029100053125805,0.008756941993525068,0.06505096962468322,0.012308544026441265,0.004586709758389847,0.0038271132030853945,0.06132205857230823,0.0001722189496118487,0.014263630027334624,-0.004215563464076421,0.0003098426574070245,0.0032976357917442094,-0.0008033712625530422,-0.0006108442782607878,0.002955089082003414,0.008637140063323232,-0.00182167731034277,-0.019574628347568884,0.014513671162631964,-0.0037830904604370624,0.006722496255538397,0.010933724242891456,0.0,0.003976197501259174,0.00014660153760398398
126.288,0.017479267642063947,0.007692995114624884,0.01886554078042124,0.06958229881046812,0.0055015133183694285,0.0024963538784086633,0.021570928508342354,0.08598083404319538,0.0031302977368714534,0.018987427414138242,0.005532218937275429,0.01572087427704953,0.03239553982246717,0.0025874349285710174,0.002512919464937212,0.0045372566703716435,0.00923891593043599,0.011940563310922797,0.022528054568842028,0.015682271388304955,0.008607838293063802,0.005916929549210693,0.007247484599360227,0.0,0.025402475906393798,0.002233901412638104
126.778,0.017746862135233476,0.000938447952322692,0.02075306897733957,0.060764416844408045,0.015357838059911309,0.00416878899625964,0.014982546216291153,0.04257695691795717,0.00015603134728617833,0.017970944821245907,0.0016409822319200735,-0.0010620372762983102,0.02381588127402872,0.002387300968454112,0.004029146190444775,0.00411647589279991,0.009270727965596803,0.00583170659332424,0.024227081995928258,0.01052100130123948,0.0028817655662625344,0.006391477100950157,0.04266213942074689,0.0,0.02169291138576631,0.0007716951856407434
127.278,0.009726267556321073,0.0008030776964561734,0.0007060745608126406,0.052827430540093305,0.01301599142411171,0.013316942495434348,0.004220145126068372,0.030997595132192298,0.002983321267756382,0.007636722502263909,0.0028415621377351494,0.011459814034808969,0.015797829120203798,0.0017461431355010903,0.0036009591375869903,0.005984819305423072,0.006874620818394935,0.00812039472068965,0.003621474593471509,0.012003512893432227,0.0019536579805689985,0.004741832415060876,0.024981321939067325,0.0,0.02534598570788983,0.0014682312097705635
127.777,0.012247005979027737,0.003312769042572442,0.010005109994675644,0.04160652261711552,0.01410458668478984,0.013646239383575445,0.0021117168054537593,0.041234831396224976,0.002210195068258659,0.004768889616766205,0.004276230759142731,0.0066571089880752,0.004547711652877151,0.0023370947296816307,0.0015785368867068537,0.0034982125599179476,0.009289223711949991,0.009133206165015622,0.009568576370904613,0.009920007807302197,0.010080050507039959,0.0035974080673700608,0.025489677427397172,0.0,0.02829016883052265,0.003007943226777041
128.278,0.014944388012358544,0.01884523330533688,0.03854656482347613,0.04212212045049547,0.008850425193883817,0.016525227107567483,0.007808870698911024,0.04655873859720125,0.005218088233852736,0.009448372494206145,0.006871726249607569,0.012784293288778338,0.026581072681989382,0.004770135571174617,0.0043501441553655765,0.005052693892278055,0.008910150465888956,0.013997800396631085,0.009001106343769643,0.009993780947229728,0.013933204202940617,0.0060256729180968895,0.03152005459198687,0.0,0.03476924234159582,0.0030661287523229075
128.787,0.01666620720083315,0.029327279399661715,0.0372490827099443,0.045038848707301314,0.015160554541710676,0.029440246549234893,0.016752779845240852,0.021726954345378406,0.004047768961466466,0.00857629096824971,0.005779758582356223,0.013582500373602561,0.028788261809963755,0.0051462707338368555,0.0041980585815777705,0.005685735396915399,0.01074766962140879,0.009428212948867143,0.02751725578381366,0.013137558738848578,0.015719473093197062,0.00893543559068447,0.06185387379876239,0.0,0.03602608903641368,0.006001510832536889
129.277,0.007048266341838455,0.03892664418395266,0.017926942673055526,-0.0003931678517893499,0.0013767218445873723,0.022712235126880736,0.011617224025957327,0.03143952459861862,0.0032783020525483622,0.00793112842847251,0.008465211182236088,0.01595051264160599,0.030238859943303147,0.002973622717860078,0.004114991007423707,0.0037536446489441462,0.011610540046524655,0.020659291867577492,0.02046326320596725,0.011506806156010494,0.017719135514390645,0.010783043780615838,0.030712343128942804,0.0,0.017944347648534132,0.006408393437430573
129.778,0.004558235996541096,0.031006737051252068,0.008748725402081192,0.011139687247682955,-0.0014794982583256442,0.036048825592535645,0.005078453394530806,-0.0005493012550314269,0.002782563157269139,0.01065536411589805,0.007486790879613237,0.016426646290596765,0.03224957052797103,0.0024975494629210213,0.002500761570563641,0.0008077508826988384,0.00912304448964101,0.01680387858237543,0.026681062987722166,0.011162805946129858,0.015904385125010346,0.008264694716474412,0.02453289052851404,0.0,0.018151432901464197,0.004048672317904964
130.284,0.016889562033571427,0.031549186901393265,0.016309899506535257,0.006555710809346858,0.0031764571236366644,0.04015216515963026,0.030836573763489066,0.0660995792187049,0.005310415301845187,0.01654781364090587,0.011624742437960496,0.023776709062747373,0.017564256825645844,0.0011909119776452087,0.008412667414740439,0.004346590862897892,0.007967259562126251,0.02120067843346795,0.049499312151230254,0.008215979472502473,0.021107474108514167,0.011811704976296973,0.030952139902826983,0.0,0.01638231426163321,0.005194672880165308
130.779,0.019167194122906253,0.02921999909573402,0.019011677580865166,-0.0005618180220859872,0.00479058419238545,0.03207533908695638,0.04535796403228033,0.08746938821372918,0.0020762301983849422,0.021330986390538778,0.009783120556156759,0.016031827399392982,0.027858958176546034,0.005289797703044208,0.003340917497312606,0.0059445047628006375,0.010660072031152127,0.020964666958210438,0.04289030309166627,0.007625400433705506,0.015044176686794072,0.006929446844958589,0.04934070469179337,0.0,0.013546370620429925,0.003390602200726463
131.278,0.012205963131644465,0.03212696188453143,0.01864089676988957,0.013360851689896725,0.011124954798561064,0.043676905707161554,0.04089687441513038,0.07078261914021591,0.006925082494077109,0.011452977023471277,0.013569607283899806,0.025335713521776323,0.028096983474432596,0.00697438621818092,0.007648528491781328,0.004554989998473581,0.014174704887832807,0.020489600328583938,0.047538029847595344,0.00722067116553326,0.017923396775091006,0.005433145828366772,0.051082478313169186,0.0,0.015111036443837522,0.005144054208908655
131.78,0.011982898343503483,0.03991168501271864,0.02496509078548789,0.01405560685982148,0.005288739742606063,0.04159549336099571,0.045575595086560484,0.08168712551799175,0.010644733122538764,0.0038333470173636764,0.010739408104436321,0.014663452972250204,0.019111905325807303,0.004845817050289738,0.005735254690849444,0.0009866162326474907,0.012893996985880013,0.01620802573205489,0.02820876136238614,0.004782996286985405,0.01663397989544067,0.006043962884034036,0.032395326498162944,0.0,0.009111121084932823,0.0020570236393274636
132.283,0.0051935879148585365,0.04328980411141719,0.020018290427066893,0.019749006311588,0.009808124492834651,0.037821975549880045,0.038976587297869514,0.0780595295528794,0.007997440054114438,0.004126599527109531,0.006552925036888736,0.0012898030851230162,-0.0005017443344379333,0.0016628032702464834,0.0010766545939999992,0.002484001798652858,0.005926629964780239,0.004906560082185843,0.026480931324487672,0.005243163486962703,0.0098671263727361,0.0034918059055266543,0.025577896311272576,0.0,0.006152934319060539,0.0013614781866122156
132.784,0.019198469085375897,0.035537516275241134,0.02577967501197221,0.02038413760042007,0.014050248504752044,0.044264665711683415,0.022824967857064664,0.03129525207283751,0.004353809429515213,-0.004514818416105017,0.006186073949143377,0.004529573990420698,0.010091833114239626,0.0028096280756313794,0.002158357187288014,0.004389670710823085,0.006227774017679243,0.00244552946935771,0.010580003879833311,0.004249229364732334,0.009336087467679083,0.010746394048894183,0.05007950070958718,0.0,0.013237091265983447,0.00046104169837333673
133.278,0.010107985450070276,0.03708260292050797,0.00941519774715649,0.015493674928785877,-0.0014752959619020894,0.029957355841901342,0.02076676644973059,0.04503841054375834,-0.0006917345222298417,-0.0001550626915140682,0.004270227110386449,0.0011842796614446427,0.0013552373800782508,0.0001289368640261073,0.001192346910543991,-0.002148664932582204,0.005686139413951901,0.006838529388528384,-0.009022010810621702,-0.0005600736058305845,0.005963925856978989,0.006709942656444263,0.020669652537191004,0.0,0.008387746683989354,-0.0015586798033364417
133.777,0.00929452535054284,0.03835230180009362,-0.0028939759106455373,0.04589758569965066,0.013131650528942268,0.05282417041850711,0.03694194372793891,0.04244909983959498,0.0035356400303098476,0.0012363119158822974,0.0077836429864746185,0.011418763407185527,0.012280789437416126,0.0037476466673810422,0.004887363855014751,0.006125634845569943,0.00966011449882217,0.012223797847858821,0.048121979284920416,0.003530982687638032,0.010141958002763312,0.0072822451041548945,0.044509299283318114,0.0,0.010697244108228558,0.004411013047127146
134.297,7.8222701194889e-06,0.03360472360103795,-0.009091230665552468,0.033705738239900175,0.0010710267106513853,0.05062922077971519,0.03893442150263184,0.04251674267434261,4.535674127795049e-05,-0.0024867593900156325,0.0035537488126882503,0.010582809576874476,0.023832463563531685,0.0015306037803853897,0.002309622288977232,0.002763411365383353,0.0047086591782259605,0.008568511163816791,0.03412715798097524,-0.00044796933869427124,0.008430692280437793,0.004194479159884286,0.03275617637624043,0.0,0.018650928643397152,-0.0002927985171911607
134.778,-2.0114408878569875e-05,0.0241997015444794,-0.010749683259869459,0.030207964470748982,0.015677214634106835,0.05892005379487454,0.038193652278033736,0.04230094920524505,0.001935132804656587,0.00020211741954093411,0.002980240182406258,0.012742382196067058,0.019039173297429178,0.0008572479749075897,0.0033483453896618843,0.002429516410165293,0.003087436270392878,0.008224575722590381,0.017973425044858386,0.004317416639519534,0.0025616338109776537,0.000226381914820618,0.05980224710011938,0.0,0.01349776736917332,0.006068881240187346
135.288,-0.0008250032358116411,0.014434381744186707,0.00039517771063165636,0.03135693478793541,0.0016828884670653714,0.05051853321566114,0.03192009407538433,0.07356518702595942,0.0010416187786617163,0.0030944681445448006,0.004847412209316169,0.013957624508261187,0.028245766799734128,-0.0003315519360672967,0.0035235409644362244,0.0010797840615939416,0.00020979877931151227,0.009481215709244753,0.015553954618044184,0.008378839730367323,0.003632355095218333,0.001078556674519363,0.04626534546621629,0.0,0.031807790250948424,0.003723821828043729
135.777,0.007754868310021697,0.0077541970629498745,0.009600446436980261,0.037181104308710175,0.021292445427207943,0.07483800894721375,0.048444031287812765,0.09451465504347746,0.0015576307327278707,6.0302157811064624e-05,0.002733323019383041,0.005020320146454936,0.017324785908575613,0.00414492513297548,0.0036478356237966236,0.0037220144765768644,0.002137425545094126,0.002831279646999244,0.04503887163256224,0.0077770558323970295,0.0026504054482673666,0.005003067555277763,0.07180564329460248,0.0,0.018047187653574586,0.004937350993701873
136.281,0.01848773665852563,0.012900626954908893,0.024490901221047225,0.012101898634745308,0.006776297740156611,0.061152973261155937,0.03445428832340095,0.04671033949879313,0.0030197973930226147,-0.004120393450638635,0.004294287449901974,0.01019335394430969,0.016314893012148283,0.0012757925204957023,0.0037949087233704404,0.00021705129202805233,-0.0005876552239229009,0.00988319366916554,0.0221269064496828,0.004935048838456459,0.0036828807373783658,0.00477949480245175,0.05093650888026809,0.0,0.009416203130816134,0.004864552393248495
136.776,0.01596589088860034,0.006273243270386988,0.017683007241998016,-0.004064325859767302,0.015642652263538247,0.06146908763769123,0.02852854630616142,0.031251290228344025,-0.0005337096743986462,-0.0015405299683813947,-3.411825669728071e-05,0.01304030033725636,0.008491600970474775,-0.0008212525895369099,0.002522444219073129,0.0009982101231175407,-0.0025761130859137202,-0.00084303848837314,0.01376118517553116,0.0008407385886777855,-0.0019966069885175245,0.004845057935973631,0.053056781323681274,0.0,0.008129239886332924,0.002714963071699761
137.288,0.026325820280020194,0.007726945143081381,0.02705735619522981,0.01715534262251176,0.009087472282594156,0.046890469155471265,0.034863212944815265,0.05131949844765538,0.0015297390863357283,0.0028463121984928673,0.0011426977701769001,0.011410889154492773,0.000287650202356651,0.0013251624841336372,0.00045965121231663004,0.0015932576957817571,-0.0029688559015755706,0.0005417984137409396,0.021311417056915232,0.0033366568479218177,-0.0010399236901734487,0.0023540628522613957,0.04604630843206261,0.0,0.00995023439720637,0.0034922993081204965
137.778,0.03434526783635985,0.012802762718388544,0.05328437947693033,0.0095633418797622,0.010895352889233942,0.04942917959924765,0.03331269047220283,0.02089850705582509,4.571516252455127e-06,0.006139318601039344,0.0045460120617344,0.022538893273670074,0.019621283488965923,0.0006562047432638616,0.0029160893463552225,0.004014967135272835,0.0024599847614923207,0.009573147210331538,0.03661687733659722,0.005457886652176628,0.001325789369254869,0.004499080639796389,0.03457152408604544,0.0,0.010850341389788062,0.0038584820097383042
138.277,0.052183249794450735,0.010383951110891437,0.08220007888935128,-0.0007428921335529575,0.004648891674578602,0.04786241399966881,0.030641969685801507,0.05719257811449907,0.0035466936437964515,0.0055941054871911,0.0028794259449514683,0.022159815295887075,0.00566680367030387,0.0005876919143264656,2.4734033664479455e-05,0.0016717919788006958,0.0014997696544136589,0.013770571996041873,0.03071043466060181,7.412293623401792e-05,0.0015052676096947546,0.0024900469878980304,0.027392601944965157,0.0,0.004980552862567625,0.002946767236006352
138.787,0.039761468467188504,0.007763056389861167,0.05199691999047948,0.017256598493694954,0.005083078315673688,0.049508936060171725,0.03562894786666305,0.030580264919276717,0.000557204407048579,0.01085655770324842,0.0014701882781621017,0.008870616549491398,0.0018263649403042264,0.0008190693040175461,0.0006539819005446478,0.00017455781686017698,0.0028357863060018023,0.005950751244873525,0.028979226412021372,0.001688309564775021,-0.002798287595375289,-0.0026255939964437013,0.013038587082153809,0.0,0.0035666280072144713,0.0004721270170219333
139.278,0.03949244572067081,0.012290246353061123,0.05095284345398122,0.009628714069628553,0.0038591701012504784,0.06238363875561405,0.036228018926966754,0.09933323026863497,0.0017844760439942912,0.013577418567731791,0.0036413842895587833,0.017159269589263924,0.010904371989745622,0.0013669251994433442,0.0016051525276509554,0.0014793334416323648,0.0014246009652986132,0.009573644892829358,0.03561759255176581,0.0010782028962827248,-0.00011899073081783932,-0.0023291355521907115,0.02809640161995954,0.0,0.0005138498358469106,0.002290439000916838
139.778,0.04780032369177353,0.01204588152196068,0.055739247694088424,0.020867207335468294,0.005782033645731992,0.07098146025506016,0.05238081343107894,0.04754228472591435,0.0019732496487669835,0.025643595512120417,0.006166229710220816,0.013412242325145492,0.015365028808763217,0.0013659434257620913,0.0036622578762050477,0.003153814426244567,0.005155844532998374,0.013657791348575561,0.06221938300474458,0.003601823986876373,0.009774504125364398,-0.002850939725704042,0.036073287047552194,0.0,0.0009846732582890784,0.002227885229229715
140.276,0.04182727108462597,0.005000605750953939,0.03929992421268214,0.018867556641772767,0.00982876935613199,0.0729682568685548,0.040645591212699686,0.07352407808711874,0.006010544734597483,0.03525366363004692,0.004418066235137711,0.015511015579100227,0.011165312303194933,0.002433846027807255,0.004787900760877603,0.0026010481702830853,0.007690059928575558,0.006200315704433493,0.03942737073103594,0.003137637904308791,0.00837404261456584,0.0016049961189446424,0.022549237242723404,0.0,0.007912559745775939,0.002404357284042414
140.786,0.04237298221952932,0.004888908699313263,0.040041240211431246,0.012392945977333125,0.016240440120805014,0.058453002124403984,0.02165355344554751,0.0029548364987376937,0.003390440001576654,0.0330044539906994,0.001624028952707369,0.009325291948635907,0.013225374014718957,0.005892379213987355,0.003843381608932276,3.0792403998446804e-05,0.004999619166235578,0.00813599190447849,0.04489894682796188,0.0009585647351348068,0.004817118332036167,0.005362607766606761,0.023881235602213564,0.0,0.010800089981456682,-4.0322878441400286e-05
141.278,0.04079434893641572,0.004452173321021336,0.010970662837514387,0.02526503680976913,0.01090283266995348,0.05075745478034867,0.01599425715499927,-0.012925485719573448,0.004034523556375738,0.03670267020899216,0.001991124120431491,0.009634353405242631,0.0008410401293113947,0.0023544600714828965,0.0014966393237534708,0.003443006106953588,0.004783181398057273,0.0001357943393444684,0.01857788494521833,0.0063743778519934026,0.009119644789805237,-0.001914119980568494,0.0032735091852080477,0.0,0.00011356227988022313,0.004399409854626754
141.777,0.03958705555271403,0.005250451654848566,0.016772386178868965,0.0259156532383106,0.009757271234374506,0.0816607448959167,0.050485133793161656,0.1091487539734556,0.007142946396448555,0.03967543589821065,1.1941430586108244e-05,0.0010980129365266095,0.001488163939888818,0.002864461208768466,0.002803928118573768,-0.0017065274555971457,0.0016772701744040706,0.004894901183697175,0.015548683424290909,0.0036506601979147566,0.005593307171296482,0.00018091935990924028,0.001579441718176983,0.0,0.005613334083103832,0.0008703922579550593
142.288,0.04225957873269018,0.00925568403325711,0.013294090580707338,0.031857727499830346,0.0027975749313113234,0.08563094252416205,0.06030122658017443,0.14393657821415534,0.008680621595921022,0.04774793225790941,0.005824218087551788,0.01876021261054364,0.022852898592400445,0.004001160232615395,1.8513977314470902e-05,0.0029689972808161283,0.004094401162500017,0.012946813763102126,0.03618442143853593,0.004304865025680649,0.010841508702955346,0.0020185284630801887,0.0176109853118932,0.0,0.01274878993536169,0.003165845013648203
142.777,0.05652533721253606,0.011167352450680554,0.04890261591168622,0.03894706052216159,0.013182468477448408,0.08109166544032363,0.05833585052573137,0.06833305373194269,0.007785993296141447,0.055929722287188115,0.004438332733361646,0.018812546927025556,0.018069903060270072,0.003050177994608405,0.005084575866002756,0.0034262415657002406,0.005145765855217922,0.014602179741588233,0.033951618744736616,0.008261525326427923,0.004317069605161993,0.005820544445350218,0.03738407265226217,0.0,0.011110301991987813,0.0036044418964891905
143.277,0.04374947007307386,0.0028859098006053545,0.04289144710911307,0.01683560755789488,0.002354447641550316,0.06596931350449547,0.018416519997370817,-0.005455742555884877,0.004340451044242311,0.056884689100363255,-0.0007132647275639326,0.009458545204553113,0.006009311347698807,0.004951693312209595,0.0004855242570403439,0.0018894892130120009,0.0023786653714520283,0.0009915936918688734,-0.0001371677038977825,0.006225966635199843,0.004927840183298288,0.00461952982200813,-0.00967348909771737,0.0,0.011853292211495437,0.0023811149472087803
143.78,0.036306171432350175,0.00532100381912953,0.038687139038924276,0.02156247047869092,0.013753928725346603,0.07571739779070669,0.03386334678035599,0.024978357316363678,0.004550353962519427,0.057493706252231054,0.005291420256783141,0.006759438492218846,0.007839740362743186,0.004284740564977472,0.0026868698919856517,0.004756737101556667,0.0026024581236235495,0.00411421665641033,0.02878622801694151,0.00974827498691115,0.00975216704337321,0.0066474321576705095,0.017071948720685837,0.0,0.006952752561534893,0.003633448255111303
144.285,0.028988015755326967,0.002216762364042698,0.036938785292988115,0.016321678949294094,0.005269301821133853,0.06154323002716834,0.031571610914752225,0.06074043010616013,0.007186177709240964,0.04996670274442312,0.004911530674905669,0.007639999119023779,0.0064056938611723995,0.005061904524471635,0.003730871183357391,0.005038850171095732,0.0020557544930266524,0.007297573745644867,0.019367457440899658,0.007008637168284859,0.010588665876113198,0.010783624212788296,-0.0035064182476050526,0.0,-0.0022114385698987493,0.006096975022889228
144.777,0.033666379273316234,0.0050760351679482426,0.04560287917779752,0.029786548991784238,0.006066759055410765,0.07696196387656917,0.025437122269121776,0.0550936029194334,0.006952990898254162,0.05007945284850411,0.0072413520486834205,0.013676619137767784,0.007467128576084917,0.003772642737397645,0.0031084459871360613,0.005587826952734884,0.000939262993758448,0.015983395936669448,0.010846593781299041,0.007479783449939696,0.012990522949634912,0.006791061500165486,0.018985805289567552,0.0,-0.002557334486601964,0.005336309228176387
145.277,0.02003365580015103,0.0002202691479197173,0.03683589813014293,0.03059286062048305,0.008155402285445312,0.055005684673624655,0.033380687787079776,0.02226803083809258,0.009673206679479945,0.046726385763155916,0.00710293778157254,0.015095613586289825,0.0019717748718828796,0.005861646656446951,0.003576763660954562,0.0015441740910062212,0.0005851142722434447,0.00956528472958702,0.017336206217478792,0.004678905700984747,0.009817857323114094,0.006254549437602901,0.023800449885612897,0.0,-0.0003880700921158629,0.0028037756096266804
145.787,0.01641380258400086,-0.003201091486732601,0.03406933829983885,0.028822591850671996,0.013953050637402431,0.04965207998881662,-0.0026078359585357917,-0.005678562010662338,0.007287245580092331,0.04051042100108212,-0.00046641564546661443,0.0003983959334035891,-0.003415987238871069,1.312888590145352e-05,0.0005373155053481507,0.00030473754796056957,-0.0014393688536760247,-0.00010310342746059686,0.004358028773590075,0.00387184690893272,0.0033994552683911288,0.006415636803065207,-0.0003997141781028017,0.0,0.0013415740400352773,0.0013066743544270362
146.285,0.012321979581998885,-0.003904137245642111,0.02687666629679981,0.0355169740777473,0.011872196812306859,0.05741542889866046,0.006332855902940856,0.027791403400426264,0.004458931228955572,0.039635409706148914,0.0013240366618218168,0.009574327056314344,-0.0014066608593962184,0.0022450217107071705,0.000676305823188399,0.004781543488818003,-0.0004795688135552437,-0.001422818082923256,0.011322703123549866,0.004518632155719716,0.0023286496529833635,0.006135717524038703,0.0420263797404022,0.0,0.010256424840264884,0.003047156967464803
146.785,0.01594758958580704,-0.008132759476147423,0.02698039196126119,0.014478441602545092,0.01392516905412802,0.04382674284650617,0.05166340101805507,0.13457060877710542,0.004769193592852966,0.03535907470092238,-0.0010880613174093711,-0.004705367665674782,0.020026325735490257,0.00504311067549169,0.001772766063969167,0.003024633717044135,0.0024482688909403818,0.0005169233817384763,0.028139184970932436,0.009802952653271869,0.0017944504004972857,0.010437763175155863,0.037937628026600535,0.0,0.02313409992976546,0.0014486230691487612
147.278,0.012536733166614515,0.004165867584152963,0.017632221757091306,0.001771682248421199,0.013381830230310187,0.05671534387091583,0.020155221566923388,0.07864836888590557,-0.0005245103155900045,0.03092771067618177,0.0021956950510913327,-0.0011561496311980086,0.010464706423042229,0.0016802451603663924,0.0018929947681820855,0.0035552803578663113,0.003144869780499549,0.003106640366349013,0.011339453985767182,0.01093989407864693,0.0016297695245405812,0.003897297571585987,0.03034067164272723,0.0,0.027052163153919728,0.002509006406968778
147.776,0.02017451546326945,0.008517847783178966,0.025179240212335433,0.03217724127517068,0.012383775693408212,0.06161390122505601,0.03305876042887326,0.0659519168230348,0.0042789737760505,0.0362358485231916,0.008325855544061836,0.014790881956590686,0.021395456880351188,0.00564630707011154,0.004691304005069682,0.0048173976029242584,0.009053993159520629,0.010516042669019298,0.04330664112916534,0.010768942494690384,0.018203371572021936,0.009704865780522497,0.0635878150125732,0.0,0.028313165647421788,0.0050591576816129075
148.287,0.02347959282466952,0.007676450992952891,0.031209486586126663,0.034322849753318035,0.006150902742120688,0.04630099821969739,0.028711825378398732,0.048387382051375195,0.0035871243718798573,0.031711631122534854,0.009009171894310398,0.017985913543644493,0.026158741535589586,0.0036051757494970503,0.0036280611442305252,0.004432530014158186,0.010995915188197009,0.013274759686360426,0.03563949550714638,0.012120011337785326,0.023775998529870203,0.0062465880881977815,0.055199981584321475,0.0,0.028140613027834112,0.0035960878784551467
148.777,0.029338171688576286,0.010156402847213135,0.03250167558821216,0.027979535888063196,0.009863235640875125,0.03140144550074813,0.02939353510239179,0.06921131316508856,0.001959617726275155,0.03157271392006157,0.005801954155459874,0.01566876155073225,0.030747233930784157,0.002918469710186601,0.0019098994867193441,0.0028284220544000276,0.01421092968887536,0.0119460094715867,0.023887632771563527,0.005530315957037788,0.017974308684889473,0.0031500969422468285,0.050752567664605994,0.0,0.0248488400590259,0.0036559410241765074
149.277,0.03322611890087642,0.003779099733876089,0.020249399198343114,0.037058164577433585,0.01601689209418171,0.04074677629281073,0.021116824367947786,0.028927707252040837,0.00336172142877071,0.028015743221780947,0.0032771528855309665,0.0037157762277003105,0.014017484696437732,0.005104592579261944,0.0034625898377156554,0.006540378082626653,0.01543463272931595,0.0070109573033654395,0.028241128222584653,0.007655768658979211,0.016246598326540164,0.008396895295441674,0.07926885727909681,0.0,0.010424934402468137,0.002940549390579474
149.787,0.040432262401585276,0.017612504529561413,0.028528092342736566,0.01634910990421033,0.005974100076233306,0.03289073795845353,0.02046714922361488,0.020633336079994468,0.002579528164171372,0.026474783223267084,0.010243911705902312,0.03241006034366922,0.03522228700840217,0.005048313711011503,0.0032837677276653476,0.00521555613407177,0.013194163427574682,0.024189545784842597,0.0005722034724442702,0.00897739243236571,0.019447026292720573,0.005536515851117441,0.0596840799514039,0.0,0.020430222506364046,0.00039209233378042726
150.279,0.05006610773439783,0.0034183338912563603,0.02678126048522519,0.04243424247067501,0.02234833583077483,0.04688556866608748,0.017212036423543835,0.01306929205865656,0.005469762836083245,0.01902409201572569,0.005654486737722107,0.014263185663822462,0.015308926971246169,0.005423690679481161,0.005849366348657913,0.00782825801277594,0.012264615643153872,0.010487423583916668,0.04818486732335819,0.007702817542835084,0.014212072600972118,0.008706965973196382,0.08951154544403926,0.0,0.008359411858522616,0.005978281236858015
150.778,0.03562724754491358,0.011796260545700845,0.029562503877942185,0.02239472148158482,0.017210400922046048,0.005237654728386533,-0.0005193523427206634,0.006224580742777429,-0.00058346125176231,0.01124405569486212,0.004535070089434682,-0.0027645280768822207,0.0062471760208584835,0.0007971587459961276,0.0014770843705224324,0.003926329960770584,0.007140682572247791,0.0031326037568620863,0.0023684338652294134,0.0004887750998450451,0.010356645139344452,0.0033315486096924477,0.04270765981138976,0.0,-0.00775490398489291,-0.0038873348132498447
151.288,0.05246674389669084,0.031636931843087086,0.034631221259047634,0.02725449416312496,0.02539907865796825,0.03167023874525925,0.03496942316355509,0.04116797310543325,0.0019759662324612755,0.01320814388276223,0.014846839050776625,0.02159270976824288,0.023711399720403845,0.006266466616043867,0.006490326407313603,0.007552304195812537,0.010305201565650417,0.02148907961395319,0.06015360014721821,0.008357700456314935,0.019454758819465668,0.003581618860771674,0.07162619409142484,0.0,0.0036367373414827224,0.004333098279111519
151.776,0.052138305730641946,0.037161531276737055,0.025620510230709374,0.008154591032059563,0.021334344412955366,0.012552324414126083,0.04910120503801756,0.09471543456328942,0.002001317641452715,0.007925378677587462,0.014513480490969262,0.00969317482184144,0.0024157142277989323,0.00570853108287192,0.0021592849996346117,0.0036405649741476555,0.006209846451211422,0.009179401061199185,-0.002693707764641741,0.002483972014681706,0.01929377364415705,0.0032571239020436358,0.06782050214941436,0.0,-0.0019510410809587962,0.0025192950576303974
152.286,0.033830207074211395,0.030937015081467616,0.010178172556018574,0.006913436868906274,0.013012117255640014,-0.0075586556490065985,0.01177756703367046,0.05646482792107748,-0.0006253078811161609,-0.002439560299510695,0.006063950102017256,0.0018225032191725315,-0.0052484055440685275,-0.0029328908868608435,-0.0009591854245223958,0.0008368321231401592,0.005475068013168524,0.00012209397256076712,-0.016860521373651342,-0.0006923503015711854,0.009534594372728371,-0.0002900920708715438,0.028367706115406538,0.0,0.00806140081631573,0.0009146823314112858
152.778,0.03211767554717265,0.02879634719037298,0.0003138167698552021,0.0122175849484818,0.02105201705173859,0.009004921235729305,0.004698135059187638,0.04066390800520539,0.0012783058158104322,0.00010131397463181201,0.007773115844463768,0.0018104051813941306,0.012490311319999215,0.0007124769208181453,0.0010383708900323161,0.0020855705268073197,0.008709148007587111,0.007654444932294271,0.02163235423302599,-0.0017909295664262515,0.003427292990731593,0.0031811454649994225,0.0533037391165619,0.0,0.014818064572231584,8.914718220318444e-05
153.276,0.01680627695376345,0.019808675947498782,-0.01315665860515657,0.004417127590779595,0.019711010485297654,-0.009588569054047622,-0.016796859723491354,0.003191365713333698,-0.00036110761699867925,0.0037953153277711866,0.0021420007859281,-0.0028474713804153952,-0.005865663749501058,-0.0010167599840916392,-0.0026459361618392913,3.528347144177535e-06,0.0038585100368646345,-0.0026047917770739793,-0.01834545627362929,-0.0038509445357882924,0.0005680748494661089,7.252301771788595e-05,0.03317237009387583,0.0,0.013683062190051462,0.0008846905208855226
153.787,0.024842311803189007,0.009994189804206528,0.005261957520182974,0.008190485388643826,0.02337125135052284,0.016118385138885617,0.00764124599027142,0.009463979335819439,1.008495460834602e-05,0.0028007949211198797,0.0017667653594618665,6.744960263706931e-05,0.00933362484476048,0.0032806263522882533,-0.0006097301873346874,-0.001664331363839239,0.003583439554066017,-0.0027304681270635595,0.004846081995808824,0.0007370121637760068,0.0025735529432657123,0.00235864158276212,0.07675352341677415,0.0,0.026037913047978378,-8.191624001024935e-05
154.278,0.02046734256238832,0.008078268472483788,0.004243744842180397,0.005860668052243055,0.03042323709378758,0.010719277452014538,0.0024598832295466234,0.02632165015979688,0.0007406084116622494,-0.004102652601015252,-0.001049472835761346,-0.00026979841054843994,-0.007824907518481975,-0.0006008023532557696,-5.2896798232756074e-05,-0.00029886189211833004,0.0044644439283198535,-0.0038839279034550184,-0.006909321787988478,0.0008015672202470295,-0.001825915647135786,0.0013806012300666135,0.08205850384123843,0.0,0.01512890268377481,-8.672097005747297e-05
154.788,0.024684982018246825,0.018181454372859014,0.017565925852591247,0.023217223675527553,0.03044307386189148,0.033366753239289955,0.023696040931340256,0.04404932701240464,0.002356965137996183,-0.0013281774662388542,0.0038955333313149603,0.00906405682998263,0.018814534277871504,0.0019803093666620943,0.0024679983841093796,0.001154998994511012,0.003375323358092708,0.00831706644364056,0.03386779842813824,0.0036485331271309323,0.005758270440141683,0.004007877415222802,0.0793759461859611,0.0,0.026843635404828276,0.003109609367346393
155.278,0.018008559556729767,0.01603829221698334,0.02443919270637049,0.016051420198366615,0.020079237537445983,0.007990169006356776,-0.017092914237231138,-0.026064868872175937,0.00024022989776225086,-0.0034381743263172415,0.000386391254938601,0.005783534686762701,0.0026862246503464495,-0.002423690728242716,-0.0012442678257751096,-0.00012125898629235796,0.0011404698154574059,0.003849330610600401,0.007215910138831383,-0.003106965435434195,-0.003319706370275586,-0.0006255516770948883,0.04854847294970009,0.0,0.01243173455416341,0.0006015775884553077
155.778,0.03087189042760335,0.009819804831838648,0.06423586452395126,0.037173998201834715,0.031022427562409267,0.02967855007378503,0.020539782053035437,0.038604575693972576,0.0029629481227411996,0.0025237706887363703,0.0021168506986321716,0.01527672769960362,0.01325902352166777,0.0006132709280817935,0.000794280213381348,0.0029363377888735353,0.0055769149089651875,0.006069513777332795,0.05810957594691659,9.836271242114767e-05,-0.0022845379548880407,0.0023615147092843646,0.07106100349399469,0.0,0.019846898400707334,0.0037612941338648824
156.277,0.028052226946815247,0.008402162559582272,0.07410202499083991,0.02318814163675013,0.028650439636607655,0.02063972842348949,0.02829588307373363,0.04641880673382306,0.0033384556098943665,0.004769296557264639,0.002642352531826376,0.011910241756783915,0.005683611267804669,0.00285844281889337,0.00169086528267188,0.0029934104837231303,0.00660609060622842,0.004525830976751603,0.043012725779739136,-0.00035411969758544976,0.0014566330887040516,0.0028343064714454456,0.0705934023931936,0.0,0.023861162184992627,0.00010374926275200375
156.778,0.01642560745579869,0.012424529133654093,0.039549274409038424,0.011786437386019874,0.02880722187101059,0.030254388300219506,0.020337021809365082,0.013556640400770514,0.004714802920592222,0.005242856135093755,0.00617793934874351,0.020301826853117908,0.024702127995540647,0.004519853234700443,0.003577698978743429,0.0035727891897312405,0.0066414577795603676,0.011138784625155823,0.042748760386162,0.0019485051883612037,0.009318313298161051,0.005826304056932501,0.08874096066287168,0.0,0.022639277020957773,0.002708548233963891
157.278,0.014926360717344845,0.011530797942666971,0.02828653589643911,0.00901725021881177,0.028530851991398667,0.01982424973286027,0.0288481175317646,0.005625750554014919,0.004289735626085226,0.008696104485373462,0.004216557835774431,0.011462342000759441,0.014564732584342592,0.0006316470525963362,0.0031049605036375196,0.0030745680877017996,0.005506048624567721,0.00947913183908017,0.022252592874971614,0.004959718561170671,0.011048355772923776,0.0063315248059619975,0.07592840856722591,0.0,0.01655075600929222,0.0008295157832880623
157.784,0.006313651009087206,0.005709122442309774,0.006436546351574458,0.01043943862975244,0.024417328924748953,0.021580503918482832,0.0001677706722043927,0.009194167442468506,0.0018922298189733597,0.005904315794566798,0.0031001549756105584,0.01851047518974937,0.01957039681279963,0.0017163046855049357,0.0016425168108074994,0.0042411072891511414,0.0040203448520376075,0.007404180568200418,0.028483488049738315,0.0066414065720582696,0.01649629463230329,0.0039954668932691995,0.06708879554848562,0.0,0.02000199506209543,0.0014795594968869407
158.278,0.0038071169092129273,0.009854643998281147,0.009230852582170473,0.010496546199872578,0.03154241433610821,0.03575419673934426,0.03204220067526428,0.06724909032678188,0.005768932066537532,0.012818128834250079,0.007384059893832362,0.014733147706257443,0.02303198546484102,0.0019339444960213632,0.005007882891174775,0.005388107789552293,0.008721225760966891,0.008941623210540784,0.0331763527740829,0.009193917447406882,0.02114007467286587,0.006792244305518733,0.07720893146697506,0.0,0.01470628224657663,0.0019972614084823735
158.777,-0.006473463866751725,0.00879222756705389,-0.005153796953520503,0.011463225088631672,0.02401441781727569,0.03822015564259699,0.007610755301356323,0.044118393597955975,0.003150843170939201,0.012085306515107974,0.006789030156121183,0.015180638762464237,0.01982949680913777,0.001014229354918493,0.0013107218801678068,0.003154704781654427,0.007989873509001584,0.014552790727426218,0.010114436062016827,0.0065042763862846594,0.018661956341494552,0.0010389940407950497,0.09305204713074809,0.0,0.02058936609377127,0.00042397092477307736
159.28,-0.011922478107834714,0.000888875927074245,-0.013889052542232556,0.0060730842330525715,0.01961155795499989,0.020536960808096687,0.013186978635082362,0.03609731391825703,0.0020520995424729072,0.01395252802869998,0.003990096114337912,0.010929910147945069,0.01038433304963352,0.0020576634720771386,0.0019112987799068822,0.0022270700766087908,0.010733526036742587,0.0050265122906666,0.020011353901000846,0.0025486297421285693,0.016501996049517766,0.001298469313038165,0.08883918374535668,0.0,0.02053369710556896,-0.00022952423958087689
159.785,-0.0156323099474152,-0.005794607985173804,-0.021317800960651213,0.013982062360536703,0.02110944041544837,0.03432927029412205,0.024240225694844752,0.06738320098636462,1.659906714060845e-05,0.015006273728145796,0.001492159644714868,0.01384564809900942,0.002716670599428727,0.003543305192987473,0.0004234546506138791,0.0026090078181286148,0.005565658580389588,0.0038763832035548216,0.029687696880687748,0.0036512433381020214,0.015291480747977008,0.001333196451168666,0.0782031652200537,0.0,0.006251396075485206,-0.0008171697764505924
160.285,-0.009811747956262709,-0.005151061874606658,-0.0011298822018718227,0.02016473659415548,0.03347089935581547,0.016222169809272945,0.05000055527964218,0.10477674867591466,0.002214222554813969,0.0208025092104617,0.0029171771321328094,0.011449996275729096,0.010674871329366052,0.0032136141291467988,0.005016280786724084,0.004015804986552509,0.012061716090967931,0.007954118762629208,0.03799532667376725,0.008303502164571454,0.016223253462544527,0.004562501056055021,0.09971827002937436,0.0,0.014875340061519287,0.003588609050845182
160.777,-0.008043106108913286,0.003816068801494536,0.009462411762468618,0.021431328770926926,0.018731422908417613,0.03726902585788659,0.039239096527934704,0.12947425314941485,0.003858100656954179,0.017713551538441657,0.005036061020746458,0.022945673204534937,0.027510394787243236,0.0022758053373446007,0.0025795167523948144,0.0042149388157819755,0.010388281116993366,0.011175057641491813,0.03354319296108747,0.005592544580526522,0.013200847104255578,0.006990901583991611,0.09682238811237175,0.0,0.01931659650887029,0.0021867076092909957
161.294,0.016501128417312643,0.01052110726164177,0.06923851513249485,0.01568144839668048,0.010024762721378748,0.027448901956991362,0.019780086241926637,0.06160633894960774,0.0014865093641940228,0.016017996932959147,0.005103960176490019,0.01975623131450926,0.01879217670169829,0.005147136750741868,0.004898992821137098,0.003938037688677079,0.00737674381645976,0.013900905981371486,0.04217938369643365,0.006711575365452395,0.013755536836749887,0.005640315483433442,0.06780174383949977,0.0,0.018717257764907323,0.0033452699264450597
161.777,0.02167775891523381,0.013244643698782458,0.07532161830010893,-0.00036395991061662016,0.020291979247764082,0.01847086494062071,0.014149787258497266,0.014912208861934017,0.0009069341096623366,0.008946613656977468,0.0015255434024407817,0.011438253801040731,0.001969248146844664,0.0017507882264584406,0.003986650642028088,0.004856834955088431,0.00615209531534509,0.00727261748155602,0.027117562597650993,0.005603641454921766,0.005731191984398642,0.0058025575736930035,0.0726752262051756,0.0,0.013703607929497366,0.0010933747912650806
162.277,0.037180926030531115,0.030144049248316825,0.09939649771588059,0.002811839974992776,0.013065265991049025,0.02656559190223326,0.015424259585799365,0.043718508294329404,0.00290048363219135,0.014964876676966882,0.0010311263120208964,0.008845369139239227,0.007797142047870447,0.002438927244455652,0.0025498400416119993,0.0024753305148644995,0.0038626600410655494,0.012770002060832763,0.027472531738687255,0.00856857072487403,0.010332670962082471,0.0017857999436197822,0.07832767363707206,0.0,0.023576667078166802,0.0009810617162673008
162.778,0.0418307153099709,0.029638388646301438,0.1084585686066346,0.017318200560510227,0.017150782396222072,0.028337843543307633,0.03317879230455794,0.04584714081456019,0.0029032992453110725,0.02046574183996815,0.003539678344501262,0.015112024255165842,0.019167550371570124,0.00402217515801112,0.0031506146438139686,0.0030724428624171133,0.0057704041553530705,0.011391666367271805,0.04150941044074682,0.009625990942454251,0.01233282772128602,0.006047138271981259,0.08309344802462795,0.0,0.02741859029950738,0.000891343940675318
163.278,0.03227599587899867,0.035829177461019886,0.07686472040192249,0.005441640883496954,0.011222623238972183,0.030976971573092697,0.040195662532112104,0.11304598420293509,0.0022015344500635197,0.009119162042659404,0.0038575650982817095,0.020101645166619032,0.019644524509601267,0.0020234375442850588,0.004024934252968272,0.0013905890362648891,0.005709733416048235,0.009819646628400798,0.03663212178038624,0.007008811181103334,0.01191481174459622,0.0037011394130030883,0.08827307967493345,0.0,0.02932204899284847,0.0014248124467654433
163.778,0.01943366707265879,0.022953615456404612,0.057968675493978314,-0.00051624183982807,0.0009932558150758438,0.023109720619110406,0.0265331376999517,0.027314422384323796,0.0024496996277148715,0.011450038261186938,0.0017115953384090562,0.02249943243681983,0.0167334935150966,0.003658827483217563,0.00362983435628662,0.0033621278016905728,0.003903542707207698,0.009198710525511229,0.028483320570455165,0.003634954306188461,0.010062525965081552,0.003405550486689417,0.06081694827364423,0.0,0.034203576473660846,0.0032947223264617746
164.287,0.023864677282051047,0.020537142012952054,0.06168586146676218,0.0024784191231011915,0.005368075880545671,0.044732565655030976,0.04364471810207144,0.04339955528797305,0.006260364113901206,0.021485933401992955,0.00649351223769232,0.023546545968727777,0.03295900679200479,0.005750732281392215,0.00655112342990865,0.004897167711942435,0.0053386865778797775,0.017201182155681696,0.05118072046753336,0.006787946087430392,0.015454239663759665,0.0075065899867750386,0.09869428785044573,0.0,0.037950523197391534,0.006354486370972115
164.777,0.024724818251376887,0.007046801181924745,0.07384621972244793,0.018983679470039722,0.020878442109280682,0.05170087458422728,0.062476023519953065,0.10670352945139171,0.006981477201502703,0.02095675439865355,0.0056047161488073285,0.028955656656872202,0.030189337036302253,0.006848624824130178,0.005240049110556147,0.006114464527606867,0.006257713161961701,0.015351920411631475,0.05914034496346622,0.009025334443110607,0.010696040559733899,0.004358475903073837,0.10134226754315526,0.0,0.026063496482865392,0.005527696115387245
165.287,0.018550262290209254,0.004471100136661555,0.06287098392171063,0.011986421177347696,0.012605338098824739,0.033382803230912236,0.030655716947561824,0.03653544612897517,0.006062599128639197,0.023958730368533476,0.0051344974667777085,0.02470045155814351,0.018482726249436122,0.005615641313397601,0.005881313245981202,0.004855464359705535,0.005627825369677145,0.01014352005901368,0.039701692703961546,0.007320101727815441,0.010544780680463202,0.0029489290265929924,0.06374154524530862,0.0,0.021330954780504275,0.004802436476716459
165.778,0.021703917088538457,0.004040142566950608,0.07433300818775661,0.00809627327573958,0.016639905528019566,0.037886393944098616,0.06451780039289287,0.08774025345462161,0.009466646396695005,0.02086666625777678,0.007727774019568279,0.021511418182380237,0.034376611747043546,0.007414445855998873,0.008549816768723293,0.010492080750920906,0.007696652501125016,0.017299158487910138,0.042956820861352385,0.00826175699674303,0.009631717267918467,0.003138704958750134,0.0882948148292791,0.0,0.029015550859104997,0.004502862820120957
166.278,0.024307769095206724,0.021984235677515677,0.07588453320342103,0.010329334879711367,0.015426269337604524,0.056560331662965604,0.04959532700530904,0.05952221917551339,0.007338040425053057,0.020707508824538243,0.011751218159676865,0.026363160432209126,0.031534027172927206,0.008374085331485474,0.008343431182461709,0.006432428528328981,0.008613496229421596,0.01851537015620512,0.03995288894440703,0.008713437965212357,0.015207332408706463,0.005887737588804801,0.08839677579488657,0.0,0.02364644262640577,0.008266499550982392
166.788,0.019196347210169978,0.03131239745858409,0.06502526230707799,-0.005156554646034791,0.013837647771877803,0.04259101446068043,0.03258555652024369,0.08552215551024328,0.00631270629532381,0.013163430566771406,0.011115019263426628,0.019638124551790814,0.021404228405423602,0.00499743109262959,0.005827438238218997,0.005165805192716251,0.00728442663385419,0.01060750581124063,0.0365213437145573,0.005894961653746661,0.010375509266904195,0.003326354684710246,0.07857003723141902,0.0,0.015145394562597567,0.003498619949579016
167.276,0.014093915592990664,0.024576076391604078,0.05737401937658166,-0.011295059020280229,-0.00029041635276646393,0.023608081153405153,0.019261910668441767,0.05124341700760698,0.004548151935117008,0.007495886760486687,0.009948994118046919,0.021605330706700145,0.010752065184230488,0.0036027235535835214,0.0035652309479936787,0.005920674966502341,0.0024960857450460516,0.01446110458072578,0.016107071478147418,0.0006229033225679015,0.00853850304833691,0.002554672520186788,0.04730933986183619,0.0,0.0028117476047732955,0.0034766281463927268
167.777,0.014029600388470403,0.01854794637388603,0.053041321493451206,-0.0024875654795773346,0.011972689884486869,0.00899910799196217,0.011111171737178757,0.031183847751883105,0.004218929788467434,8.392725768803818e-05,0.0038071415820277606,0.01149229099835619,0.005955630269728318,0.004048070766281951,0.005277299392470219,0.0036276778244118523,0.0026408108576553672,0.006616354366869607,0.01652466397818831,0.00449798758907836,0.0048589966908158064,0.001942590480335887,0.040385761881952954,0.0,0.0069907777398258006,0.0025234741943185807
168.276,0.02526540929247864,0.027562928445375123,0.06499782257437067,0.02192896482813588,0.01782902637856633,0.03756374310915224,0.02039271107650071,0.03930853938516523,0.006992461966335359,0.0029351490055919433,0.012518855149620079,0.020306861994176476,0.027656890990617418,0.007229876826067855,0.005778000510766664,0.006177520225744994,0.007247088894478479,0.023741088743319858,0.04416966115622545,0.011107052996134884,0.017665321570035978,0.008248767567518748,0.08141365807490579,0.0,0.008144068636991537,0.0046796898778094275
168.787,0.02131886733722059,0.018806998525249,0.06076873042776525,0.02057496138654852,0.006771169801827209,0.021094672366207948,0.002332952778797234,0.006543129607500408,0.009268165265084153,0.007906509825878877,0.0049478277654703045,0.015258090274578945,0.007093833838485594,0.0033821927227756245,0.0035484888380877835,0.003529693358490565,0.005801107972026616,0.009453491833346898,0.002149030259958306,0.016167282590330713,0.011536270422471642,0.006743298600359542,0.014689207728327684,0.0,0.0019018066348628511,0.0026656246394283246
169.278,0.016246830034553027,0.01461596337772728,0.06602109584629583,0.00045379520419488447,0.0073442262808794696,0.03084765139876801,-0.006513690828618414,-0.005349759454201608,0.007778509578584167,0.004054719948949906,0.007491090047483125,0.01389980654550338,0.012688835573232683,0.0033966731279861397,0.0026357431154832114,0.00375692014159907,0.008665510444856375,0.009071787340693954,0.010714779978508449,0.025436426112414937,0.017331960731257832,0.007011903668727887,0.03530801468446996,0.0,-0.0012453807025121408,0.004130356411091216
169.778,0.014101914458263193,0.012272651139879569,0.06725708281844969,0.007702540035322822,-0.00420296900324092,0.021959048455529918,-0.019211844796570156,-0.007830804691112761,0.0044673631582769265,0.0013407221925723282,0.005643157008563781,0.008341379484986186,0.011275367655278083,0.0011798021739584232,0.0010311016943681647,0.002130682226559868,0.006470565846111845,0.01348990561016984,-0.009239105974106862,0.02608585265835381,0.015801126469104993,0.006188557743443156,0.02431866558286754,0.0,-0.00043155672957683545,-0.002139967079322773
170.28,0.014078316661909005,0.009678773264581764,0.04469844912583329,0.009646576174182702,0.002076523179181577,0.0018042733184453418,-0.02157980227748852,-0.02065664665122782,0.002428283095475715,0.012231858740768506,0.0011338796459895745,-0.005791025844315434,-0.013534483352495097,-0.0012125254169922815,-0.001760298930768782,0.0006443947097830305,0.0036328400266845283,-0.0007844655505248802,-0.006809183075322801,0.0213009797381626,0.009324751100768783,0.0024942063918516424,0.018670701114034415,0.0,0.0032858742057905173,0.002291730195930462
170.776,0.021662012353836517,0.01939149567361995,0.030642154175405424,0.014175473551006382,0.01921299894417838,0.01180188133023599,0.018643693135552596,0.01896802551070053,0.006464313721898174,0.017736166477624542,0.006153048563282443,-0.0020305859703722154,0.008211191458371268,0.005278240923178797,0.004315285184026075,0.004907924890374299,0.00477488200659596,0.005245035619308024,0.01658914197805798,0.020826661625494687,0.014899602343578006,0.005010543605421855,0.0412157481358986,0.0,0.017716768427153865,0.0036794672803324327
171.286,0.018603106305623916,0.015759841407727324,0.03244463788757009,0.02191017645800576,0.007013925070719267,-0.00418315141828657,0.01798073853204858,0.0739048237822064,0.003945732263910407,0.015309824307494517,0.0025489386073477708,0.004560442304318526,0.009153208924436683,0.002201596503842401,0.0021431001015908314,0.0021448798824167327,0.002038308582632377,0.0008179085225365385,0.013178498182321353,0.014467455636229195,0.010531675713152062,0.004178672786539713,0.03166674422561549,0.0,0.013540939437877937,0.0035248731068457406
171.778,0.017681348303128307,0.010526112497287117,0.04424427331839918,0.028982318233213337,0.02271336212576339,0.001246628070823471,0.027538897674744107,0.028518000866974026,0.004032127266137579,0.011588711286685711,0.0024169590006038913,-0.00047621200107612324,-0.0018239640527042203,0.001191604658094044,0.0029408867174618067,0.0015293285915173942,0.0038450595438863974,0.0029589944189350173,0.010814758558653824,0.010469085344855895,0.008160648185590796,0.002421216024370805,0.0182526066287096,0.0,0.005609192264066199,0.0037690049292460983
172.287,0.02145643413935577,0.015578469383396855,0.03958998738993233,0.033700456457568084,0.012789781925500602,0.016073822878256,0.02027003557174866,-0.0022865592247910214,0.009130790322598966,0.012057109026192737,0.002060589485509533,0.008027784092569665,0.011533538587586937,-0.0007417681332434463,0.004171129056048806,0.002417011319175255,0.002482344968007581,0.005083731676604867,0.013760504454655577,0.009706704312434313,0.01337994866904051,0.00040328066402240987,0.03140348758417175,0.0,0.004525556650163671,0.005604951534438848
172.782,0.019139697629977775,0.022098703302193753,0.04625006780351111,0.013885806673781326,0.0038184041191732976,0.0030419571441778607,0.008078430426642065,0.012697017267743124,0.01061800219041111,0.011064642168797505,0.0016745514766199697,0.008765610642262254,-7.81479710216048e-05,-0.0008446269624641321,3.0876608089195765e-05,0.0017441186362882315,0.0004237496230138161,0.005337187812177599,0.0121563799420078,0.006173265875180102,0.013197381885572084,-0.0019866624669566137,0.03641096952704306,0.0,0.006556123272685938,0.0005708857660400358
173.285,0.026402879061113948,0.01983412426669091,0.07117973294818293,0.011164587932050789,0.001294380601384836,0.008476638933956528,0.0038091771619347477,-0.003365444356132675,0.01408803214509667,0.008841227108069824,-0.0008191122829023459,-0.0001300825370714164,0.003460835285673247,0.0020474777587226206,0.0022456411327411115,-0.0010585026628844882,0.0029513025740248583,0.004718836205045456,-0.0012369020074864076,0.004895303559010318,0.009220684493125061,9.516677612638005e-05,0.011075331885504745,0.0,0.011613592467880855,0.002632548862211543
173.786,0.03409540402374881,0.02330720307392274,0.08836865286994032,0.02413398672963242,0.005505991969635067,0.012314100006011276,0.009781583769607718,0.0008892174763076389,0.01808645300362133,0.013814700243961586,0.0031855179866536057,0.01609630445757767,0.013560585431678322,0.005553080690640356,0.0039339455573578755,0.004969436666856691,0.0069354174509067505,0.008108118361990043,0.023426824050002237,0.010363714604383501,0.009569467750733382,-0.00019032952713109373,0.026060142945422315,0.0,0.01006265938898905,0.0004222931713019185
174.277,0.02824385849279167,0.020767447547213012,0.08196885060511608,0.006969987029218973,0.0166339964569244,0.019042017236377527,0.018361790666014094,0.051749151680443355,0.012988613821982962,0.012565599613143148,0.0007027770044992819,0.0008497312418888907,2.7352003607904826e-05,0.0020567366940280473,0.005378486854834503,0.004961900253577615,0.006184481451628661,-0.002823369485187003,0.045399015841461506,0.00932009941899891,-2.0626811917648465e-05,-0.000423632356014059,0.041813111264856116,0.0,-0.002937805522640356,0.006773548771568955
174.778,0.027828668854433507,0.025356171800033488,0.06908771295919093,0.015183214521288789,0.009756574589269488,0.014376574739338786,0.024560191612034623,0.05983253124695646,0.0095122385529816,0.012403602238373565,0.0013899491524146197,0.00538007907925061,0.0075152917966520355,0.0026488216926330403,0.0008059295833786839,0.00288764594610397,0.003981481282896472,0.005786590805586859,0.04377014819719881,0.005445362499885079,-0.002434849081124009,-0.000615788448966134,0.01064084644334907,0.0,-0.0018252205013646844,-0.0007743765188757353
175.278,0.026101429169422544,0.02775003111880377,0.05590628103606587,0.008605861929116594,0.011165899948495442,0.014165675189450876,0.04774172492637513,0.11584188681724808,0.011370180779703797,0.00983040370623992,0.004642850485105768,0.00900337295690534,0.011239754739335243,-8.426409316791889e-05,0.0018794035024776081,0.002038966971869058,0.003688368846969111,0.009381083419047118,0.03318371192668387,0.002819841825879035,8.021537967955788e-06,-0.0025089728696430368,0.04111377739240603,0.0,0.008433956390974572,0.002961446924630783
175.778,0.01626400704426504,0.03356408491542778,0.035973170882421426,0.005106015520551029,0.00441202086268959,0.029052259113823132,0.029495026404650133,0.10877494255843455,0.006877143762587653,0.005245859686587691,0.010817223943584493,0.02229716727555213,0.02841190941015022,0.003920012505597958,0.004403286904743248,0.005115620115073144,0.003758031606100614,0.01978975623079189,0.038184566949353,0.005570539511975426,0.00832301074679622,0.0022909810600447306,0.03151168572959456,0.0,0.009605452800937931,0.002095515848468757
176.277,0.011628565450018995,0.04202392044309209,0.025526394576404324,0.0001415399652398456,0.005606047011062225,0.03185655343597737,0.029020613346460476,0.0555681754923839,0.00669959444326948,0.0032914639226153558,0.008845596663198226,0.02352600634146107,0.02193307475046843,0.007993900241605659,0.004971349915824275,0.003671017442000104,0.004757110989874423,0.019101525589839994,0.045222745433630945,0.0056156893586505295,0.008435612880804353,0.002052631214992704,0.02965006480308458,0.0,0.007758762383448466,0.003746563539575822
176.787,-0.0020153923890485355,0.027955288417236934,-0.008437547518135987,0.008180739749126933,0.008001632569207114,0.007054465699328074,0.011391030480960516,0.06032643590513891,0.004307756210099255,0.004449655458614794,9.830265626832092e-05,0.011395565994991773,0.0068448644627338165,0.0035729475814536117,0.0004890787858959948,0.0015236702405312529,0.0035901181777247995,0.005720345779498216,0.01543563867582806,0.0037376876846591735,0.0004988792585767337,0.0008678451189105766,-0.014047924953863151,0.0,0.006796962525834344,0.0028545564152888114
177.276,-0.007951446974205688,0.022681600844269914,-0.020389730001726166,0.010472220650685985,0.012400957675466912,0.03030823274488852,0.03265673168333914,0.04159115442091276,0.002749002355837519,0.003949691785522815,0.00497204225083391,0.011457473948006933,0.01259109479145891,0.003295615479121178,0.0034398103451159317,0.004500569244294186,0.0030639967968709497,0.007801636979489552,0.0339366000891357,0.003030762384846759,0.011293665064796593,0.0020281736953188796,0.02445739681879441,0.0,0.009467411549483221,0.00390943235918584
177.786,-0.0015304365882363316,0.016829557116091437,-0.004812457239587844,0.004195670138811308,0.002330985257640638,0.03317484509375297,0.014627751354037887,0.049159688032453734,0.00014427416558287145,-0.0003354328746701221,-0.0025030686425677458,0.0006840514428088965,0.009815306346317717,0.001416519788544439,-0.00042137392123136545,0.0007627023524568757,-0.002161162323958445,0.0020737288999637614,0.0066253731128320115,0.003641781288440895,0.001225884102373486,0.0010285097704644986,-0.0070304441979403744,0.0,0.011320292881780979,-0.0007594167523616809
178.277,0.0025078069150669784,0.016160449193372742,0.0037862168150608146,0.010570427590623677,0.019406506978842497,0.040829889266741484,0.03181753916274993,0.12982770109302477,0.004024573335542341,0.0022886782946938858,0.00306019248712849,0.0020063586800127637,0.007885338232013876,0.003081724758901669,0.0016585898339438658,0.0030138529457600133,0.0017171817694210563,0.0026858345430251754,0.050420872355700294,0.002694285133983087,0.005249128692563633,0.0037021218593812156,0.023068528989585575,0.0,0.006483974436719313,0.0018183284456817987
178.778,0.004672437664641812,0.022942102776643054,0.007357660370791072,0.018689007409944374,0.006560568035604114,0.04630238238243803,0.045841974529436114,0.10513303867888717,0.0027399941859821623,-0.0031384947240643704,0.005183343637876427,0.00771083310006526,0.023487198758640866,0.0027368929170711715,0.0019376418009270072,0.0027450762079459716,0.004407693687207354,0.008312633494554602,0.026786301921808003,0.006527699688010017,0.0024940902745953504,0.003517853304199443,0.01777198314641486,0.0,0.012143956187028354,0.0022711771724909925
179.287,0.0001860127021315222,0.008554595959426982,0.00149800975033047,0.019223847757852318,0.017216592647164616,0.03102895871617778,0.019825964381556097,0.05674038392938583,0.0029315308085257237,-0.0043397341757511285,-0.0016185910396696325,0.001473082983861434,0.010035379267484653,0.004191047985625909,0.0010944949234561897,0.005405374623442467,0.001086909062494922,-0.0006398334649884968,0.030998132293097117,0.0013768318342057525,-0.005037375160682384,0.0009685242722669322,0.016454740629700315,0.0,0.000735721263995102,0.005157415713658087
179.777,-0.0013858559223579065,0.018181223386411493,0.007245774249248962,0.011036555541592047,0.012479788222624308,0.020322755042383126,0.04320603192435899,0.11216324017160731,0.002530433329214305,0.000413775298662887,0.005099179045829209,0.011327638759619145,0.014999446047454549,0.0064593789232897545,0.0033738630778714896,0.004502402120603949,0.0006192554876616229,0.009948119187020262,0.024540406206835754,0.0031959093294471343,0.001332617912945495,0.005255604813493533,0.01488451167776564,0.0,0.0032988078870875553,0.003913508661405407
180.278,-0.0007440508085259518,0.020100382209048324,0.014573821196104713,0.007528898769021798,0.010073654513861056,0.0410344294374806,0.050018507934967024,0.114043732220832,0.004736113890250097,0.006233352573046153,0.005534811602374299,0.006870479504021634,0.003810038759352964,0.002682264720049417,0.0014026569783506877,4.4936563968790984e-05,0.0024248628268842315,0.007745856211332977,0.015260415520479928,0.0010887753721166428,0.006406451887104194,0.005228089280850454,0.008017134339785834,0.0,0.002309398064054743,0.004080664776026518
180.776,0.013829338522926941,0.03057896074464755,0.028648960325017278,0.02021717147021775,0.0022025583531150917,0.030715425054352957,0.05437910094292671,0.0708657296850556,0.002989763961887315,0.0036867715184534158,0.011293601424001556,0.01898160748130708,0.026249537889692674,0.00289394417892322,0.003639137389811417,0.003671491803750542,3.405491389372955e-05,0.020037765185083264,0.04396854576568908,0.0017077042487014982,0.02096846697012654,0.005535699235934036,0.028739891718859663,0.0,0.013301280251085923,0.0029651644304137447
181.285,0.007274669834075441,0.02386672285376909,0.014214996712896574,0.022361809528199286,-0.0007748852792664329,0.026534911941230435,0.03951869442147771,0.06885547443717092,0.0015163684125673153,-1.1721553645236619e-05,0.006571474466899638,0.01943246297588326,0.01790990428663423,0.0022847054669356114,0.002468422849722685,-0.0005286961881105689,0.0009364795830121137,0.011778995854355283,0.03723563433166755,0.0021667573307480805,0.012078657645318123,0.005299869964412135,0.006283489006368957,0.0,0.0005272127839690838,0.0034504106912893883
181.778,0.006377832589092764,0.019139285357503935,0.018098090744649492,0.020235175455767446,0.00011482800891280175,0.027185613579918524,0.04915101857577635,0.10520218862912019,0.003547820752272863,0.00967549441569954,0.009145602294780066,0.021396531212179364,0.022736296482536597,0.004369721824438137,0.0036546294923423743,0.0035022115632413584,0.004518681335680804,0.016441347994327525,0.03980564347363424,0.0005670899692970095,0.016070966004825476,0.008918286170051772,-0.007445779603134737,0.0,0.005185613677217537,0.00548871839072162
182.277,0.0008940312269797799,0.01588563752147998,0.007902394119363812,0.02507321774445811,0.0018793314404030143,0.023606926113950103,0.027523234184819587,0.06328837666771461,0.00170325410293763,0.0038004109993444784,0.0059809834809960785,0.014865879198464257,0.009935297758660961,0.003678702481255494,0.003692977716148571,0.00541495425113543,0.006540318339642043,0.012997803862318118,0.03514590077730083,0.0018245170790276042,0.016182564211790675,0.010279138068750103,-0.0046042582166278,0.0,0.003939389972968001,0.0067975478096165345
182.786,0.005451604223697989,0.022971270477087875,0.00898911033015671,0.030618415433598067,0.01096783401082338,0.019813996369907827,0.06796342635645268,0.0960309199235689,0.00200113542878234,0.004681911593969692,0.008714548875312245,0.011226160358749526,0.008737909546392739,0.005224718681105297,0.005254422941242624,0.007233206377655304,0.010916416041738685,0.009453046410935318,0.04569508635406915,0.0032239720613002924,0.018490894811746827,0.011994982241457935,0.025761991187624723,0.0,0.004796505186979206,0.004165901630870184
183.278,0.01216267776902077,0.019371390447975995,0.0006536822229353551,0.011864892815922023,0.00010126804271372287,0.010132183229760425,0.06282123736213235,0.11967486439042754,0.005143950935444922,0.003469592610882271,0.013175361108444054,0.019948521841752102,0.01669063830964464,0.007025661866935765,0.00337473517497629,0.006388049661516143,0.012595894500496717,0.015087574681218453,0.03406135676797086,-3.939180141237708e-05,0.02474668940682211,0.016060521461381982,0.005235053433609523,0.0,0.00016782761705762234,0.004392555949480062
183.778,0.015251884601023962,0.018420206830361042,-0.0016808971446909292,0.014649295097665702,0.0024516887888371957,0.010718431948416327,0.061439701083295405,0.10997197278434087,0.001417208797167733,0.005586258012127874,0.008058056888926024,0.007534893412296562,0.006449497704535326,0.0038493835414890386,0.0009700767227198676,0.003151737378560624,0.007387050808090299,0.01232790187780434,0.02635764524754614,0.0011569760107288795,0.01764680280536789,0.017245122461967567,0.010143453725252926,0.0,0.001764523654709221,0.004209802418680094
184.278,0.016818658759183765,0.006215692640362164,-0.005627302757880277,-0.0004519173928255692,-0.000856175145390703,0.005681117840486268,0.04961265007136931,0.14156379294690152,-0.0031018652902118312,0.007475079196427418,0.0011197730450828512,-0.0004302527253189348,-0.009258639097889645,0.002388089986921289,2.8161938042185042e-05,-0.0016543146929269357,0.006358463888740058,-0.0042840298942859205,-0.01272862959833045,-0.002245929106957297,0.009544542622926576,0.016483366911457048,-0.0056982955105817825,0.0,-0.00499966737035571,-0.0002687195278691409
184.786,0.024902018481736135,0.007998410261645996,0.012681928167876994,0.009376630158091757,0.010813977791744537,0.00313990313515109,0.040364167104782515,0.0870552154555793,3.502506159991405e-05,0.010960007871366488,8.772031716519835e-05,0.00839995587869371,0.012339709926440859,0.003279361688958405,0.003032052190838349,0.002876699399087326,0.007082506720255138,0.0026978294174567975,0.022204598956654793,1.531903388256948e-05,0.008684971383542983,0.016422084577248464,0.013054025476826417,0.0,0.00823010315335379,0.0023135447478840215
185.278,0.025122190346059232,0.002307709321733836,0.019240663416570616,0.02163282105149766,0.011544345038415697,0.017472528191475975,0.06311895461620971,0.11671698591144547,0.002770765603115367,0.015101413864169251,0.0036220426372183204,0.014646225997171481,0.021667868800199813,0.00410244080886511,0.0053703891213663976,0.0036671540863279523,0.008992547510848612,0.008096691579196262,0.027175417720364244,0.005712511894813938,0.008842037809438052,0.016775472446368917,0.027865568619222025,0.0,0.018177533064986418,0.00459357399175762
185.776,0.020607903982045445,-0.0018059997303651071,0.01497464366022849,0.010866446612289754,0.007132984684340099,0.0035858936669983044,0.047561077897809875,0.08533326178587959,0.00031732364229225004,0.01591892266958225,0.00019063679924337767,0.002046094044332464,0.008381443583157925,0.003115417487490303,0.0032366644956963704,0.003491982906544766,0.0040585652012197024,0.00036397173164465566,0.0256400633694426,0.005283521833173213,0.0041273806549866395,0.012838364912644963,0.021379801196243567,0.0,0.0061987375440165455,0.003564683996464577
186.287,0.03354013075759675,0.005812630942940405,0.020978771451398065,0.0135454702024374,0.0016400675780857403,0.02162538137358582,0.07100595888524537,0.09670382423189733,0.003528429584829153,0.029033546515359384,0.0050860566205239485,0.01590898675433592,0.02357002590718587,0.005483508256350405,0.00629489468836128,0.009097448949062757,0.00634503963888573,0.016196561309343244,0.06390337685187569,0.007536600969206756,0.010069926990247013,0.019489566055115305,0.04639510232544663,0.0,0.016426587257756343,0.005516425518937683
186.784,0.035855529206732635,-0.0005486293382308513,0.026097950384801092,0.0166767173139138,0.0014815119397282926,0.01258062678306113,0.05295747751662196,0.0774441087797039,0.000895814679486137,0.030052757574906764,0.0016229230464076879,0.01394518229867307,0.019475991887167563,0.00526734786272838,0.002671460610607832,0.002139716541058937,0.005490810454465474,0.00858478202330433,0.027627679411584942,0.004365229976640782,0.010234713551669964,0.01461459125193214,0.018688092981167678,0.0,0.013624786596934575,0.0036489844602854626
187.277,0.03193978164632353,-0.001666745211294848,0.03411234749121848,0.025752415824250797,0.009286801032637562,0.021800187841816882,0.02869764806951115,0.0698466289694468,0.001674263154265363,0.021652440068451212,0.001921241683929086,0.006112458757699049,0.012554771344864766,0.0027015962190399096,0.002587454907254035,0.0017958127155379745,0.004904006485865112,0.005445080480640798,0.033347094419981516,0.0058416386325323795,0.008118800059986525,0.011844453492317827,0.03135024683891036,0.0,0.0136019654674598,0.003015084030648942
187.777,0.03272708012655407,0.00015238774902085378,0.05207233306058762,0.015623759030873157,0.002022790644672888,0.010461166832297312,0.03592798535595921,0.0450190012406249,0.003234574607528492,0.0139390664333516,0.0032284043072073844,0.004434865751825001,0.0161768355639026,0.001094015931030302,0.0007763703396316144,0.0003407142357496852,0.007706392628062278,0.0075620841575464275,0.02315443548227183,0.0038057604617440493,0.009712946779131875,0.0073623339401328695,0.02562257458244971,0.0,0.023023422883296108,0.004938779526922803
188.293,0.02450480927952221,-0.00334391453412069,0.04515957758558201,0.024181576541479708,0.00747053670429623,0.019262387567346863,0.01732558129436859,0.014195512151757449,0.0030414771809218945,0.019213262054735558,0.0013264109286715059,0.0005902409473906192,0.020519697450850864,0.0010762370804618421,2.496209828410266e-05,0.00217226858019727,0.006402672641983036,0.008224000177775897,0.017102794935136657,0.0018372939476465093,0.012398578393925663,0.007756983415356622,0.03821346937216406,0.0,0.01667769276515423,0.003094435887152457
188.777,0.020335464662125085,0.004172210680228232,0.04131089286274975,0.01572838718177058,0.004002491550665245,0.006090514396729235,0.02194543655616647,0.027861098174231352,0.001062216803985444,0.027897442363652852,0.0012011619812360192,-0.0018043216835828494,0.014444337601203214,-0.003054856886243177,0.00013391652809198505,-0.0004375299061003666,0.003642418356577559,0.008040204465201841,0.010718550823809344,0.005224763333078271,0.00632005224690746,0.003932711363636154,0.02295502800936754,0.0,0.017775116098758408,0.004707487103175066
189.279,0.012233123204951308,0.0031727464068748677,0.03522032453134638,0.02962249206271934,0.008336691527164928,0.003231451053213205,0.013746817336851699,0.04192613904686627,-0.0022887264280871808,0.029846081252335364,2.8219979670656723e-05,-0.0014302657994594184,0.00021988953520780033,-0.000607216820539266,-0.0019252634964273172,-0.0016966631885759103,0.0040766976232890165,-0.0011909772627088212,0.007405923795535374,0.00018276532133374934,0.006779370436028661,0.005943038890020207,0.023820703358227023,0.0,0.005814435575142186,0.0040367944093752765
189.776,0.012993711746707274,0.002171121466619213,0.03391939703491884,0.024248659676150846,-0.0020666780289091357,0.017197297227435723,0.015752228900128964,0.048303605292267335,-0.0028935311317326608,0.024447582875586186,0.0025182971797503844,0.0020384992818239965,-0.008263327529022646,0.0005109106692927827,-0.00074105329267105,0.000316505687896155,0.0031401530274455442,0.002523009328043751,-0.001506032387337823,0.005912254802059959,0.009782572372277957,0.004419159306643241,0.024854703422436415,0.0,0.0026760728501486826,0.004164363362331974
190.287,0.017521079354810124,0.0023694240669480796,0.037406318238315216,0.04339577330698164,0.008570301361238236,0.026077091270749815,0.01279221005305228,0.011473884287570856,0.001847904683012174,0.024721805175637296,0.0022975627802618226,0.006427179286614639,0.021488056786939554,0.0022121713356208434,0.0031318054824056225,0.005434873222633134,0.007728201350723888,0.005522602389916639,0.001354151437504311,0.00810957412971393,0.007366034927730136,0.01084077456358517,0.023531088951201345,0.0,0.011345130607308797,0.0055918540819015925
190.779,0.01753373878573917,-0.0020755277974327095,0.027773869695592337,0.04390346078320763,0.014991360473395682,0.022861190257767755,0.033424737349036886,0.014271195790102576,0.0012281734615597671,0.023660658965911234,0.0014457179378097144,0.01353190764439764,0.012407584497984894,0.0032739622760007336,0.004768254884460582,0.0029542176280673983,0.006772492664063259,0.0071097123877740705,0.01586692134367548,0.003956077823136011,0.003959693239369993,0.008236927554706197,0.02611959667918007,0.0,0.007540770957576351,0.00921039313636642
191.278,0.012598163176347628,0.0008109193352177831,0.013500592939591452,0.04632241442832464,0.012567044024370679,0.017823896905392295,0.02396855168697999,-0.004817469298518524,0.0012448579898456853,0.01863430702608251,-0.0012833490818814621,0.004670127830765532,0.0018945093377095523,0.0006856054276351274,0.002157872726115886,0.0037437836657327832,0.005874756363315028,-0.00013209084927845322,0.017857423259835012,0.0007595151432054407,0.0036561455495314867,0.0073336189577541,0.03381629748332824,0.0,0.013167972030937674,0.007029744064896335
191.778,0.0057741473825212615,0.016523296137446776,0.004475312953466084,0.05164583928630765,0.008209823329926362,0.0234902599751781,0.0218986384515502,0.032609546656789855,0.0029985986138751633,0.015974292225211288,0.0012495825520968896,0.005522015930390386,0.018416152187388013,0.007801455758639956,0.0037404645915039415,0.006701921960105034,0.005491183303456741,0.008694017993810591,0.009134437562450035,0.003027984628011139,0.004534549794212947,0.004685343630072793,0.030783112471171964,0.0,0.02909926573407301,0.005967619109713812
192.277,0.0027399335251560523,0.0273205799544647,0.005704236218946649,0.022278131100646238,0.017917558230366438,0.02699666933458399,0.019835323017287305,0.018220280732588422,0.002588057281543637,0.014972729133390247,0.0020895078331154915,0.005299471872945195,0.011932670936826081,0.003926731957217064,0.003951886411639203,0.003710915538743676,0.006791845850329822,0.00610292318417889,0.02447897998489417,0.002876719343497315,0.004980134927612412,0.002193430323789256,0.02464357997262026,0.0,0.02353334808720808,0.004470890957425902
192.776,0.003692852648133736,0.03596063768527057,0.0020659941767854173,0.03582456547311862,0.008252102831453707,0.021055631951125767,-0.009929585304441203,-0.03684229673088407,0.0026634002356208082,0.01351841117563999,0.00100479728594619,0.007677355262179136,0.009713112137046053,0.0022377612055336444,0.001854900739521895,0.005707730170628342,0.006699505566611001,0.007719969424341027,-0.008402615521762165,0.004959798477071595,0.006155806522980385,2.0101474058774196e-05,0.008446533447267646,0.0,0.005572142980136967,0.00284746928769475
193.278,0.003792682539712207,0.04626567935899496,0.012561146030775622,0.04522725119813672,0.01756095726821219,0.020870516086345676,0.03131751782255365,0.047807549191961,0.0038202291337471835,0.015404821624736154,0.008524605885477059,0.02139058235071598,0.029929364290356242,0.005029140073199869,0.004144387974355823,0.005049156328250117,0.008005116101907564,0.016415136806648738,0.03784639579437343,0.005172042281055624,0.004326940985299676,0.003238466122617169,0.03309655173554451,0.0,0.012132478527908412,0.00591702259279995
193.777,0.0038980591097240065,0.049978933389407745,0.026995374348722373,0.05704736680901542,0.02517072867649853,0.015461107286778249,0.027835449073387825,0.06333273304816092,0.001578135935390328,0.0133520751220824,0.005311291311701255,0.015117688562503447,0.031075860831046697,0.005192927361797296,0.003264057983899937,0.0057937385942013215,0.005809704121480141,0.007714738755119611,0.02207402195385669,0.003931748904464662,0.006882134425009076,0.0028193654783706876,0.0139685978882203,0.0,0.01772881380364236,0.005746729113425934
194.277,0.005798699009865826,0.048636084229114626,0.018032684302126116,0.0557630190082825,0.02014744768247068,0.024069841834566095,0.03986863544985483,0.04814769080495292,0.003964230956507855,0.009919676320473912,0.004808334806982547,0.012829799529828238,0.025651065471622703,0.004466001999812063,0.0047130717988624095,0.005129667539276134,0.0086149301485566,0.006313414400641993,0.01981491580595949,0.005917869960303349,0.0023654569821950073,0.0014927746458553608,0.033719449551597,0.0,0.022364719088160543,0.007260294416431738
194.778,0.02113420567455258,0.05517277882915189,0.046068190731307496,0.09037911269276679,0.01691883077560718,0.010665647682683443,0.04564813303469105,0.04989780658805969,0.0031243837687590895,0.007984106776667773,0.010245742295896566,0.014725938296679654,0.02742398071883684,0.007440048880997588,0.00744952427680971,0.004529645775253332,0.009660301593835383,0.014194207531324355,0.04256085053871684,0.004071811789890981,0.010653853167021573,0.004211770645041268,0.027526807787722332,0.0,0.01641960416442877,0.011682222634752121
195.277,0.011433880974319986,0.05314914234955206,0.03889078211940647,0.07938001538969083,0.020834574891435573,0.016921559643713672,0.02601590523206522,0.05756551000698313,0.0020048410991860047,0.00396243284038853,0.008222700255308647,0.008185392558545017,0.026515836383420165,0.006486344029471558,0.004046514253133359,0.005198263060610629,0.007789649071008359,0.014745542054072388,0.024932099165996754,0.0034031491303962544,0.00836799984903998,0.00313942214601197,0.029064200453614096,0.0,0.011297993271661382,0.00924412328654852
195.788,0.012829603946529926,0.04330194737663602,0.03092377465581819,0.06162031338337435,0.00829861235968231,0.01741266688674326,-0.012082762593309473,0.005740939704146846,0.004582837576422432,0.0053324019042794435,0.006370905562590529,0.013342111208950949,0.020991171356429417,0.0026947035819014854,0.0018554189021345018,0.004582391648265027,0.002934348748494421,0.015239973562016711,0.019075355122181215,0.00011955635620463581,0.006659729617755451,0.0006859609463642388,0.018785137196381682,0.0,0.0027731441453904887,0.008129787694230034
196.278,0.007175845612732073,0.03195599403715872,0.02116461881618425,0.05518546008003746,0.004996222021079548,0.023708330173014328,-0.006161535743026812,0.00645215424924099,0.000734969508217795,0.010324395815809012,0.004031261577128673,0.00789638732916555,0.013308619503533958,-6.830813671383467e-05,0.0020116267616960538,0.002946133087001386,0.0013702923913582509,0.00904536875472598,0.0015799310871269805,0.0005803190121864956,0.005426043615659306,0.0001676041275006801,0.02135941581530331,0.0,0.009254797753218035,0.006445967612456133
196.777,0.006433535738029162,0.027143125788402618,0.01949948928303314,0.06989359645898523,0.015655135267154813,0.017063085829771285,0.014070920843258538,-0.000847567556604035,-0.0004020320928448246,0.008516311917892518,0.0024129683954876805,0.0038811821501839195,0.026440782212671807,0.0014774650185573703,0.0011652927888914305,0.0023933595808332143,-0.0008136134714574915,0.007398228339083215,0.02383144198763357,-0.0007950713542129547,0.004675643295356666,0.0010398676907736565,0.038194684662052836,0.0,0.021372381446112584,0.00823904417146969
197.278,0.014369240759810418,0.028487786199790827,0.023505071601808522,0.059620154169613214,0.00015431108279663169,0.00345006214991822,-0.0025551280813205972,-0.014268803485724414,0.00041345590760414827,0.007144602681517828,0.003483210271333689,0.017563694855094986,0.024540376965250493,0.003068156663709903,0.001228734298386516,0.002018651286244269,-0.0018437107283441484,0.01491344329873937,-0.0042400700253232655,0.002188831574123351,0.003364047249165685,-0.0003927528112245981,0.0023387213979202334,0.0,0.01505441759272944,0.004574573416449153
197.778,0.02553192113229577,0.03719350415021944,0.028404168067985933,0.03812881370664707,0.004238997786361933,0.008026916374039433,0.022175045831831344,0.03294608780364253,0.0029446771072418406,0.009987323190294712,0.0018675682022776178,0.018581139767122598,0.021534640945342607,-0.00035399640437174223,0.0028194079173585376,0.0011020756729566469,-0.0027832813549432066,0.010877833304798195,0.015705930739837518,0.0025368950603531807,0.0020952681797920957,-0.00042460760597728454,0.013483968923010943,0.0,0.02135911767899243,0.007321107788946866
198.278,0.029999002555957305,0.03378968470207619,0.02650708111712239,0.061076041597201404,0.010129642303778122,0.002221558775618539,0.04043875505718146,0.025431283755585513,0.0016530296534457197,0.006984181192791363,0.004409167920792018,0.020941770194869924,0.027865444508451298,0.0009178940889731937,0.0037423278090111113,0.0033979905124528155,-0.0009044622780440647,0.015169869494586721,0.019007874678319516,-0.0002835302781853144,0.004907018195787178,0.0013717401316234589,0.006798980701434088,0.0,0.030667113418364134,0.004329113702360458
198.788,0.034756041646303554,0.03748633094050799,0.01569366405135537,0.05193932211354618,0.004316906476548975,0.002562597474776101,0.019768309997432496,0.048554149369962364,0.0041622339459808705,0.009580779845651479,0.007503860609833054,0.017620967151150295,0.03507365506435774,0.002674101054647523,0.002220166413831817,0.0018789419669804966,0.002229986469468776,0.01613876883635022,0.00032232886326615396,0.001076027052999813,0.007818107755190347,-0.0005535406815941886,0.014866500216464898,0.0,0.032802084536643086,0.00385561532463971
199.278,0.03542313392685048,0.02886702039939524,0.019327606228270188,0.05548571086627676,-0.0052390116531319105,0.003638394461328885,0.030284831427058064,0.03438221906840804,0.004724067183182356,0.00696673916005312,0.010348386546297288,0.017966391772247983,0.03674654323786058,0.0034884875531489205,0.0037782236502759887,0.004754666140042334,0.001277521041448889,0.021858935964129494,0.023156544836341036,0.0029627881432410684,0.014214994906478423,0.002582338150039186,0.018889813033260632,0.0,0.028639282178951016,0.0006185971629957179
199.779,0.037898421929802556,0.02579499050752347,0.029976213740589588,0.07347120884314111,0.006923955025308578,0.0057135779427895045,0.026044541754537208,0.03514056627940313,0.0022782962876349996,0.010026738248309275,0.008811105521300207,0.015965722135556824,0.02724324234435072,0.008050235285205733,0.004523917963852402,0.002287386464681025,0.005119454517549329,0.01623022319753626,0.02765009349503722,0.00430294451710739,0.011635636115231536,0.004468959700812804,0.0229550821616796,0.0,0.016198139811774356,0.002140192605456644
200.284,0.03433460315409704,0.02392619675236122,0.024182831612130844,0.06988687099600188,-0.0005532829674838035,-0.015990472885360606,0.02303734982877519,0.01426515394014908,0.0020912410405000423,0.013367098879559017,0.00848414554791497,0.01966490463904107,0.018580675168771564,0.004204931858705183,0.001033287237448234,0.0003813045311813045,0.00629125689215559,0.013924103527365013,0.027685600476532526,0.004013779052805165,0.020314611805124564,0.002674889690110976,0.015631072482508255,0.0,0.0026002930659119027,5.603551553415356e-05
200.787,0.03525161109850312,0.023913889850477404,0.026613571514359318,0.09029913447123247,0.005853558785551958,3.651704078974193e-05,0.04113804874578054,0.021337076029829666,0.0008358945674030851,0.008560914732744842,0.011724357180391913,0.028975110971706644,0.036023675876339895,0.0024828508842109874,0.004753148199338199,0.005535303512408532,0.0048134250329637,0.015022326317087097,0.043219220746417854,0.004031745638451253,0.02385066655378045,0.0014049264316510746,0.02552551694477639,0.0,0.008668331670911597,0.006468509354761262
201.278,0.03337475083194088,0.014584147231805488,0.010218753440216253,0.07985208124674209,0.017066790409672326,0.004526171362891072,0.01722381925207426,0.0028493207699019384,0.0013604827425661046,0.0042274314652739516,0.0007816270821370332,0.0034828487890420407,-0.0014616027680678218,0.00010217742745784095,0.002772468527832541,0.0028641245221836,0.00422336685375191,-0.0022147124598096094,0.02045466997766617,0.0021591893040418257,0.011602337204766241,0.0008083109637651766,0.010510667202409835,0.0,5.712577804960675e-05,0.0037184029135206302
201.777,0.03424844710704793,0.014911866376917856,0.014995888794680641,0.07721450552150647,0.018892558938915508,0.008730785001092691,0.013296114222222908,0.0015919155307650005,0.004438240897923738,5.276026557934093e-05,0.0031698373712200087,0.009219368994415169,0.01512423433907984,0.003297394905977775,0.002384348300316143,0.0017419907705068145,0.00640119961225978,0.009600797541225801,0.025894021741974686,0.00447588735905771,0.013902971446185491,0.004766627446329889,-0.009473244632665651,0.0,0.002312059608610112,0.001359094211024636
202.297,0.04216815154609403,0.00988296415412873,0.003141074057863653,0.1097731379616437,0.01569253235197016,0.013425401191602754,0.054546299281018056,0.05368205059104994,0.004991411914703007,0.007905982245185515,0.00555700449786367,0.020608294059954863,0.026129065972704812,0.004199211178850012,0.005930963391537822,0.004783176044635515,0.006755102665835241,0.012179620514773016,0.05820837525384639,0.005223983120543196,0.01831900150715062,0.010990251616657109,0.03807084861225299,0.0,0.005750965737939591,0.003095803828031498
202.777,0.030094359660755816,0.013104662761053154,5.3804760529920115e-06,0.06937396901222935,0.018910111619568733,-0.01183104623381705,0.02429630903139248,0.028233308080711117,0.002159077082635511,0.003450533755528588,0.0031194790164435528,0.009473521110973321,-0.004127708396536473,0.0002885269734985004,0.0016720071086409908,0.002755896223499571,0.002722391197586576,0.0062794386033727286,0.045468942137933295,-0.0003586762156176681,0.006273083928322593,0.012668215330791646,-0.0070159501252980445,0.0,-0.009338948236212922,0.00013095241712506617
203.288,0.037367300892980466,0.004642926095134496,0.005747385599203892,0.06903318074456735,0.023118718116833952,-0.0005844433897809747,0.007282278267162445,0.011886525196199644,0.006803425757976541,0.0014158998718937414,0.0006726264492879117,-0.004192149043458545,0.01251637366211667,0.004436210748646428,0.00255418211665873,0.002907852439655286,0.0013337457677397874,0.005306605113991075,0.04318909711704647,0.001250103573065733,0.001118165540355559,0.018163054728874008,0.0015549805266035727,0.0,0.0030895718587877485,0.000519634752047036
203.779,0.057843958407721954,0.008465837418237135,0.06346063442576187,0.05892558996540631,0.025226870525532092,0.009259823049371686,0.023551621693893857,0.029390022531181174,0.007830809641533362,-0.002487232748858504,0.0003161542075654114,0.004892128636733364,0.008678715067843294,0.00038938713202822054,-0.00028079629657540116,0.0020929382786851075,0.0034828210261650316,0.002706162502562351,0.048422182614970395,0.0009991536240387226,-0.0016421989999794416,0.01358411691701677,-0.0020747412275632106,0.0,0.004143611274047915,-0.00029268270677796114
204.278,0.06178752234183864,0.02132946678269371,0.07108213977335547,0.04714615083524836,0.02322982348782048,0.0007135648683035666,0.022378918844142934,0.042046548863253055,0.0065883227414370036,-0.00021107818412069993,-0.00017395592513436595,-0.0014797364400587908,0.0010876597099020808,0.003302494093149002,0.002421269430271229,0.0006465144777455812,0.0031631217851881385,-7.541759661505747e-05,0.04415259606218161,0.0017197207396405592,-0.006980624877334319,0.013392402048318059,0.012149238759275179,0.0,0.00675836044146583,-0.0025094607852332563
204.778,0.06128078776656777,0.019350563577471443,0.06678538211893538,0.03457364691237739,0.0296076125085813,0.019411816581395038,0.035597274326017274,0.06351040683655151,0.005078020087770629,0.005445596419606002,-0.000513403890897012,-0.0004226229999991563,0.0032902081946083734,0.003901815196819593,0.0035036866891659693,0.0031769085887144743,0.002513555151171819,0.006752366806242993,0.06806862092517219,0.0008962589572107522,-0.000994913794378718,0.012674363853167713,0.025886309934736552,0.0,0.0015806301598826093,-0.00014968790813348203
