Time (s),ROI.01 [],ROI.02 [],ROI.03 [],ROI.04 [],ROI.05 [],ROI.06 [],ROI.07 [],ROI.08 [],ROI.09 [],ROI.10 [],ROI.11 [],ROI.12 [],ROI.13 [],ROI.14 [],ROI.15 [],ROI.16 [],ROI.17 [],ROI.18 [],ROI.19 [],ROI.20 [],ROI.21 [],ROI.22 [],ROI.23 [],ROI.000 [],ROI.24 [],ROI.25 []
0.257,0.11373043189104849,0.04050452781910811,0.15825468437743592,0.05683171744151424,0.022261358267992058,0.009335251375484606,0.04225061168829204,0.03451379150198448,0.028182364747865868,0.05284243525891567,0.012212019292961698,0.029534568158307073,0.06726140779033349,0.004677862467678828,0.006398060995233228,0.004834140812542268,0.03288135573992833,0.02262538925660553,0.03578776742921552,0.027413741743774495,0.033132393517556556,0.03421892588478357,0.05652815228619438,0.0,0.10111297070762751,0.01838899588592643
0.778,0.10075566669845383,0.04075076002303494,0.1457619540836603,0.03953713749659712,0.02691755584735218,0.015295363453953286,0.05481120352264998,0.08856222326756825,0.024328101843810842,0.048496906678402306,0.01015921888867381,0.010556137843402343,0.03935658528044519,0.004293336648462382,0.006206100237227349,0.006077947979034399,0.028012466318715123,0.011307785608789348,0.04333507781977472,0.01708480956452565,0.02908668515156817,0.026170574498069973,0.06128743992433764,0.0,0.06329791755567225,0.017799775764732673
1.277,0.08011280352410796,0.02713018644072771,0.11213135007408824,0.02144645687625587,0.021155397621237422,-0.010462687504309598,0.050388361746108175,0.10473620322037121,0.018260187621076198,0.043523724337366454,0.005511792576749072,0.009211789855220937,0.032413873792211466,0.0035169676099992627,0.005583938931469781,0.001208003655937718,0.02544771879992795,0.009640619148369155,0.02257362745258437,0.012916213868632436,0.01888284256545222,0.02217886834896622,0.053070347258182896,0.0,0.04992828040227816,0.014065484618874406
1.775,0.07761754828186468,0.024654373298595225,0.10394380815842108,0.04187241023611629,0.01874821906940126,0.0013370077402671465,0.030551889817502377,0.04113727922015861,0.016430597349865034,0.03321222154117089,0.005658972329241459,0.011501576202356072,0.03028579060839766,-0.00028098136872172516,0.004218979489353221,0.003578196830993947,0.0225770024640261,0.00905049092235269,0.024159915117381355,0.011189688290595504,0.020381397874635655,0.018803079609360843,0.03444604474990882,0.0,0.043748742179657664,0.010129753500810695
2.284,0.0679758627077879,0.024283873576657504,0.09288253450425904,0.04455578899594087,0.016456225816743556,-0.0028785851257732238,0.02753181374754491,0.030085092004921248,0.016244224087743453,0.029370897857319788,0.006383052469693873,0.009468424557429196,0.028329705547162323,0.0034641067543663,0.004441648658292721,0.003145871222060773,0.021409576782519927,0.006742028002348176,0.01467662134179838,0.009804254135406976,0.018219355156209885,0.016827675384890307,0.03179499474992187,0.0,0.03442763009483537,0.009541033561788698
2.778,0.06995577652703344,0.021495339154496872,0.11426637865110173,0.018293891929251533,0.01648036643345305,0.00025670053819131975,0.030002712679687273,0.05660220641348418,0.01303087728649378,0.024000045889666973,0.0065947654985148724,0.016185050169581446,0.041311981337696174,0.003931747056391915,0.004436465679178582,0.006454548364538349,0.019070214514648992,0.01434305218221812,0.0449602766594017,0.010284402239519203,0.018881485705353678,0.016708794685738566,0.03353900404643681,0.0,0.03543677696188662,0.009107443858768289
3.275,0.08020596838220596,0.01856388322613774,0.15337848558707468,0.01936389929720253,0.011623844121717604,0.013663943728727318,0.025944662246105532,0.05545520713959985,0.011516672041434979,0.02148734810358082,0.005556730434883016,0.0158635562561365,0.03764145278124102,0.0032729372643944613,0.0015292572115874442,0.0025320983522280453,0.015754876507152012,0.015227332824007147,0.054254437262725996,0.007483702120475025,0.014806524666103256,0.0154224738951183,0.04378766854949317,0.0,0.04106376477549951,0.006111632252214218
3.776,0.07698472534073673,0.010780655855458624,0.1537821184002942,0.004469665687125086,0.015481167772473945,0.028229389975092983,0.01665317002015046,0.039508279988830164,0.012490669151875316,0.022024171159469558,0.003260528426897118,0.012144316324197537,0.041348473473722586,0.002553870054118225,0.0019202649690682712,0.0006727214658238074,0.016804794174915642,0.008642751137444537,0.0342400034067325,0.006744193624088099,0.010446378444752857,0.014101987650478898,0.04033711313705735,0.0,0.036017005966447205,0.0069170664787386645
4.276,0.080708978816495,0.017296115519846476,0.17029079572318812,-0.00011441334994673605,0.015207297064053216,0.01736217964229192,0.039052565709487015,0.04428741089915009,0.01130462975780091,0.022057572082830785,0.006614303941115738,0.024621428542332735,0.05821032335597187,0.005893760447140339,0.0040168180716452185,0.0054885218268922046,0.014560125268259746,0.018732137570770822,0.0675558700502127,0.007131920875015383,0.0099731569202555,0.012313144903592513,0.05405730458012019,0.0,0.03885107066121587,0.005324569810527861
4.777,0.06206365695219591,0.002046937708175155,0.1551602314412189,-0.026242045814664227,0.012438467814870008,0.008687142459473187,0.006025689469025649,0.03597915699865994,0.006182135436845131,0.016666622597712656,-0.004201853583126142,-0.00755429936048047,0.013285381848046967,-0.0027262440182496293,-0.0012661945819268433,-0.0009371896507529101,0.0075935221875522,-0.0026903752835408068,-2.17613289422221e-05,-0.001892341130093956,-0.0009952123737475545,0.0028185269266880345,0.014569225217053259,0.0,0.018339081475161927,-7.855049720169141e-05
5.276,0.06155353635913693,0.008297182271767695,0.1437573423496786,-0.016596267878726263,0.006304110320022136,0.010060313733434216,0.0027042245748195126,-0.00013686979409870665,0.004241076905483735,0.01070486137787186,0.0028941290469410848,0.0213089362714007,0.02867890462875416,-0.0005995832031351504,2.9867824664773552e-05,0.001494400848898476,0.011494401176999985,0.0125470057808371,0.0036114380958866227,0.0026988804235178027,0.0038647270399205617,0.0006339431187391981,0.026984409066364214,0.0,0.02529157505068164,0.005156875237743243
5.786,0.05890920368207989,0.017063600729140985,0.1221996926621616,-0.01545348468010647,0.017307809951370313,0.02064098400656904,0.058010238152936947,0.08026002070967436,0.005489465257341276,0.012726969077914308,0.006335580931711718,0.0029992382709569687,0.03184805288010227,0.0043348056517225194,0.0013514459832334803,0.00012662538331511988,0.011205179384452167,0.010224643925837705,0.02021731923060402,0.0048792581837112945,0.0034816131059442344,0.006819536371226632,0.024098547304589803,0.0,0.025919086691453586,0.005895544424983039
6.276,0.060964051248052605,0.03635898669934303,0.10927147672376025,0.014031146802823805,0.025740498692974595,0.02649864089953124,0.044225507367622235,0.06697090590390983,0.006530676371882698,0.016550491104261888,0.0105877497486766,0.020595716557379094,0.04787873301415226,0.007810426562841288,0.0043542744721724565,0.005774348402925343,0.012933183062534494,0.01814599760385094,0.04471155580440939,0.006453983925165395,0.007406667226945442,0.005294881601247145,0.057017535141732315,0.0,0.03783614670394498,0.009036979589115082
6.776,0.05182805543630871,0.04265172034898541,0.07954764801358566,0.03938284159424417,0.024568232196530967,0.024008621487081862,0.03156728561158843,0.029924699782024552,0.005300411160362938,0.010668604185303344,0.008390581093458622,0.014462435988114983,0.033592286525341755,0.005238780397190377,0.004729199368534099,0.002340054382034876,0.012821888581184855,0.015222310539412618,0.03994612545382796,0.00487440218419713,0.008827371855070548,0.014849882170119495,0.03378235562711148,0.0,0.03246558707103871,0.0064933614960340285
7.276,0.0427751566900872,0.04156083192150741,0.06794826949614029,0.037785241133937206,0.019448092591682013,0.02145399546914509,0.038304750346123316,0.036764481734639747,0.004193933617080093,0.01280974351849566,0.013116886092688995,0.027653043709000617,0.042146662210170056,0.006804050675679374,0.0035889065012824134,0.005001556039255254,0.015089724022155736,0.023179456027093363,0.03035780234197067,0.003339647803973371,0.009708895818299446,0.01603287834474289,0.03849173755750946,0.0,0.04049796081548716,0.007220541915613892
7.777,0.033842419719941785,0.03749936570687847,0.05594329273084676,0.0303482045816149,0.015243500968391563,0.012159355904656844,0.014846021273786834,0.03503322925770114,0.0046572629233950745,0.01669367508328709,0.006598497801542234,0.012812951597710157,0.03006810130792319,0.00432165407406738,0.004367623984857219,0.00721891521333604,0.011277065047171101,0.016801236625825205,0.007872099225211465,-0.0011460079337614838,0.0003346718322915499,0.014480318144237787,0.013138025659261313,0.0,0.026636619530475497,0.005470432936446899
8.278,0.03233468950036091,0.046664297128591055,0.05171739383457473,0.012790598128796626,0.009794080659305215,0.0031693661275169656,0.010481873313909332,0.007627030613101081,0.0027125980043912227,0.01904228908621214,0.009866949415721532,0.014425297183551792,0.027051841399511802,0.005389122627558426,0.004173986277126188,0.006105354016098956,0.008683263358117789,0.013800376483369313,0.016604304418999575,-4.173334200511672e-06,0.006568454321068311,0.014833228498758488,0.00892375480663825,0.0,0.017629793272394095,0.006552903101564635
8.785,0.030412275148486642,0.03434779796695796,0.035513812971892614,0.020876045580850062,0.023308281158623413,0.01032815119550723,0.004389841223661488,0.0011543771316863882,0.001862551569286074,0.01822724834462521,0.008917738914798587,0.011637324448722126,0.005835779115498782,0.004251864638269409,0.001553166808078153,0.005075652781486097,0.007076783322373239,0.011086156514280894,0.010958364013772532,0.0033022109860385927,0.008188329995089188,0.01640360458532743,0.015312590791274552,0.0,0.012247873476357569,0.0066828965319020986
9.277,0.02650023678368418,0.03020911584892112,0.019081961855585732,0.022694243956700316,0.01987660274134048,0.0003252165522016947,0.026126275515903245,0.01627262914477496,0.002559518487301202,0.018671844176993118,0.007052774946939051,0.010386323351677452,0.019093548777549343,0.005445384731479449,0.0039654297782790535,0.0028525580604218106,0.0068282239893274685,0.011471095474075826,0.009728605161261556,0.0059779950005047055,0.004121115563341626,0.014914447154792197,0.02497597772516679,0.0,0.007230085532803149,0.010060445718626382
9.786,0.010900310973000258,0.028411421448419214,7.492569813312487e-05,0.00022825216780028126,0.012070120998011738,0.0006254906600046738,0.008068946560558912,0.004059808312406099,0.002058106703712514,0.017841992519207008,0.008536022284273968,0.009913352740626394,0.011451473964253849,0.0030013712159722952,0.003333585067192164,0.0028392251435233142,0.007978262558813674,0.004046251123342103,-0.011924528021344076,0.002036950819589533,0.007691831084537634,0.010300525878952822,0.002065437744504611,0.0,0.015779981242270726,0.0032598788995880294
10.282,0.014701588866250002,0.02384839735405931,0.004497233958065796,0.008832211962769175,0.025822514249551867,0.018391206185566316,0.03031137750940697,0.07171243535984753,0.0034202156943002335,0.01800046481416856,0.009546900123853215,0.021777789704401685,0.014408152944949267,0.006703903568317982,0.003793695622926336,0.001835818921405963,0.009454561960516578,0.011155994121117913,0.024392421672336972,0.003974772821964088,0.007712661950480344,0.012892276647439315,0.02980613411561455,0.0,0.020939361792563952,0.008405033557599252
10.783,0.006110255784101308,0.02494171878979334,-0.0012958135691705543,0.011363741201187227,0.020913078972022034,0.0063779926913119945,0.02716977143122559,0.04301544190143422,0.0011521657908318723,0.016851372482920783,0.007564378621023608,0.009729948769514312,0.015087512174656929,0.005381108677076758,0.005399122262193721,0.0013774522972487848,0.007075633733170699,0.010558621831404527,0.021859311053735807,0.0049510635292085835,0.00473783798446253,0.009029327824575141,0.031547556963453835,0.0,0.016811293403404287,0.0066527664050659435
11.284,0.003088750483103365,0.018234280741159698,0.004406579867925989,0.003074337818959963,0.025793184113406614,0.014690213398069762,0.05371862503565801,0.0902352334065175,0.0020401625271144843,0.01441000661287612,0.005393358601866046,0.0048821906274723915,0.012625153628330584,0.0032298601779576015,0.004535361272047909,0.004344665547763676,0.0099611371127298,0.0012305228034614989,0.0358227858847853,0.005240745587489865,0.001365652108733785,0.008905270929726969,0.046143089869226585,0.0,0.017935101230208604,0.00594237262063778
11.776,-0.007806029266748775,0.017214308515314528,-0.018657939910599157,0.026777063333320857,0.020486299435365483,-0.00128591453911339,0.03894433180864588,0.06607846704601542,-2.8086907674094975e-05,0.009586901290543319,0.0028130573622658236,-6.609716411276865e-05,-0.00022926520619815136,0.002880801314281675,0.004231989962915268,0.002991351831736346,0.007092725575044097,-0.0014386512446283477,0.04158502103014481,0.0047058327874536735,-0.0021025080015793945,0.0125658862117927,0.030174707117648067,0.0,0.005244435297635359,0.005476485912118723
12.276,-0.005348662804917472,0.022413387135775224,-0.011578628347076056,0.01824804529737585,0.014772563938380539,0.009264440876655587,0.02781031022434998,0.055657472000662296,0.001334565331994354,0.011336725820634462,0.009327724337100867,0.010843253539155951,0.004633086912019248,0.005508145883531685,0.004435861127151628,0.005800250394007314,0.009520157953877848,0.01069134464093523,0.030900541773529477,0.007508682398415588,0.012262919374097897,0.009261384248806159,0.02900744806538082,0.0,0.010526502322852323,0.009110606158291791
12.777,-0.0044308870670000606,0.016542965443821715,-0.0033826542174167397,0.02025589410919305,0.016144396135386083,0.012248738546196954,0.007642463213744556,0.04155938460064663,-0.00048159067256699786,0.0066835912437890515,0.008417522368850393,0.0027914966877708456,-0.00032133761236985355,0.005576673589884102,0.00841206166231877,0.001595556168823006,0.010408620172539192,0.0025240254652666117,0.027501277422178103,0.0014719887291321438,0.02018175043935804,0.009410997737753115,0.004366593665511443,0.0,0.002155160020811877,0.008719977929285059
13.276,0.0011529046992981265,0.021798731876480085,0.010547222169174773,0.022864118824653664,0.0027437248663570563,0.028420376540746257,0.025127962167708368,0.08633274210603012,-0.0002554963404301153,0.006561927162361395,0.014772991656956485,0.020612588462206476,0.03086124961083462,0.003822505651431743,0.0059549439987713155,0.004445968167458786,0.01029548786691497,0.02249432298744499,0.040263116926630045,0.005607108517899575,0.031960809053292606,0.009865121329915625,0.03644625213235847,0.0,0.01456576978146287,0.007835384557103652
13.788,0.0008654607055047139,0.009457354028483413,0.017611006073112025,0.050141086161238586,0.00022989333669433154,0.014496841099782774,0.01904879470591759,0.04858806833446718,0.0004692910427445947,0.005413313691995685,0.010346899629442673,0.004858810825728691,0.007754962859733265,0.004649302357579516,0.003936963211284878,0.002222154539838547,0.007689072363350043,0.0077194613557596695,0.05183060241674215,2.7003947067621027e-06,0.029490741302243873,0.01015379879135112,0.008060691037208858,0.0,0.01207126515588102,0.005946075155162553
14.276,0.001707409234218394,0.013542933205003101,0.01742732901823809,0.04730400684632519,0.007867805892865166,0.03597316689943145,0.024739210037873955,0.0696819509122525,0.001579962521915092,0.0035273150694022067,0.013363329245076676,0.022092345478813686,0.03695654626550766,0.010756615103773626,0.008416044422968795,0.00707744522242829,0.010284049019207193,0.02210494879487185,0.07418285409655272,0.00024484719500580054,0.02711854340452862,0.011450594753498045,0.04784029596848378,0.0,0.029562785157832144,0.00966860729955809
14.776,0.00392997552778369,0.00534165166615357,0.017065185984222735,0.04510739436420615,0.010079040622721677,0.03740743803188972,0.05668209538021279,0.077396781085651,0.0026734302518862177,0.0023008263770258356,0.012597654485060818,0.031152909859450212,0.032211617301329036,0.00971505665468144,0.00817207842274457,0.005569729101691911,0.012628766127235787,0.01601320669301831,0.07350973044473462,0.0029090134703415294,0.021027775637210176,0.012112359289688469,0.029714092892895852,0.0,0.02134302061187679,0.01081478244580174
15.286,-0.0007695684972852178,-0.0020604869602542414,0.021457306362311107,0.03388391038567552,0.0074179445455795886,0.034074518758715526,0.04332735473223947,0.09559629904665125,0.0018746317088873072,-0.0008867896397737853,0.00972638579350764,0.018648505636379722,0.008345414276456388,0.007877670714274124,0.007725498082909898,0.0034450102160059667,0.009500456184788564,0.009632719263450601,0.024518572994601515,0.0011555936839504114,0.02310547754395474,0.007843867762334358,0.032400441481212655,0.0,0.014098082840816041,0.008452232411144548
15.777,0.00024044389588967794,-0.008175398376331267,0.021761925984104778,0.061303171007073234,0.005189568583684764,0.03521170080787686,0.02441811758720767,0.07126934115905349,0.0007238723109512688,-0.00029717090389839355,0.006539292310319733,0.016043026977163838,0.01428577275390244,0.002191452734558137,0.004599990840914101,0.0015613301781453885,0.008307311075364532,0.00314374601043091,0.04146434773464705,-0.001298237070984635,0.014272429219702586,0.009499744603457694,0.03111949188128023,0.0,0.016914337077022966,0.007651487942201292
16.286,-0.0056276803269851815,-0.008504082581886313,0.01895239058238468,0.04966554553095657,0.005261260336552344,0.02464854621994385,0.020497501409525942,0.014010628622384353,0.001029689701399242,0.0032532045855008284,0.0076831147376789045,0.02039092220094987,0.00653056143672246,0.004670787228703828,0.005691060736280929,0.00291889130342401,0.007861441721203661,0.007009209402798346,0.011515900556431872,0.007521796925100881,0.014926969278838574,0.009326654438719079,0.029246591179746456,0.0,0.019819540684986932,0.005128247320571498
16.776,0.0005868457232257353,-0.0034906638822501997,0.018465253380252927,0.07199871296347397,0.016066970488789575,0.025133267527544384,0.017446454534937716,0.019289399182275978,0.0038524980631230933,0.003206187271410804,0.008998469475967804,0.020685474521539366,0.033991173595267425,0.009850294184740158,0.007714857004011582,0.006326099799664577,0.012437780095285927,0.015462473503673437,0.06252240470293992,0.015108106238877374,0.01933537671415509,0.012657035048819624,0.05469239345139448,0.0,0.0301945792005577,0.008557349593915346
17.276,0.002919699172995917,0.00829225721249375,0.027930480947906768,0.06791992591307183,0.006438731703680681,0.012611173899808903,0.008831223667172042,-0.002065615337851474,4.91472570490171e-05,-0.00448792429503275,0.007249919745169612,0.006400438914355156,0.002367553018860791,0.0068797082348362746,0.00463269552189586,0.0018620691942249723,0.009811613957605407,0.010337557030785673,0.007669059794730039,0.013282954374468811,0.018442980924568152,0.01092242648332739,0.002292039168957013,0.0,0.02419742992076056,0.006421431096219428
17.776,0.01629958302254598,0.01594856249375472,0.029651187511060478,0.09341310030375931,0.014891131005134669,0.022890469546106167,0.03180842657945319,0.04245037836189507,0.0021201424644720756,0.00010401290732536312,0.013214039193506619,0.029129107664456602,0.02925004651002564,0.008102149305781948,0.007210036834459182,0.008206786180947497,0.012127759086633445,0.01892652611336117,0.055201554222903244,0.01966460298601323,0.02219872426611482,0.014838997546233954,0.033173165320017746,0.0,0.02548649185762625,0.009501010456756448
18.286,0.011437555704607659,0.007135447283198945,0.023062422307872428,0.10631309041106446,0.013225368343918248,0.0027245037238584563,0.024821855780291457,0.03543980757291229,0.0026682030907278884,-0.0016020191534359346,0.004402042881524076,0.002599303945634708,0.014968216260259386,0.005564051104782686,0.00554800078297063,0.002604322779355059,0.0053493542197889645,0.0077188548141010754,0.03517848386585586,0.01414487222879191,0.00683064674696363,0.010271367858912835,0.015403598028782847,0.0,0.007881830210937553,0.004175436818928431
18.776,0.029128321256602606,0.0214753618148847,0.05164232735868944,0.10677182783704738,0.01693897010326315,0.026170471452845546,0.055764363508455796,0.06408351043174504,0.004054551404985108,0.006497289913045509,0.012527144052365026,0.026112199444341264,0.021064970412314143,0.007036077750963152,0.008402220109373963,0.007075259008895485,0.007892945899307549,0.02209585016971678,0.05176053902545028,0.019057647385573646,0.015171696010720534,0.013813358566326794,0.044331555733955814,0.0,0.0168957404573327,0.00955982203597478
19.276,0.2314404838848957,0.011541346701506461,0.18807322568604673,0.5317800726134754,0.076872336501294,0.007534221670448623,0.29714010236122246,0.21411225419133834,0.004927470552560867,0.011865431122097191,0.007567927483240521,0.016675940594291762,0.019010841759578352,0.06422378883655913,0.01861130542944849,0.004224536929491634,0.07329440665118622,0.006107136220118534,2.685668215064489,0.015215260712169344,0.008453326964872554,0.07065917042435296,0.0322357307649856,0.0,0.017728350859585924,0.006337317041275818
19.777,2.233902103141068,0.013758038455604464,1.1640927606385147,7.673947139509186,0.31885953892809266,0.00383891758188944,10.780011065637435,1.6132097830645509,0.002024174607404687,0.01197666896595435,0.0040617773241355655,0.012249235310993903,0.0218106815910945,0.28283878535598217,0.06006720041858905,0.0031391062186470363,0.34276372411803807,0.011191866179127472,1.5350213109350712,0.012029958300568093,0.0012807837315984376,0.3124791809785258,0.0033398868852133968,0.0,0.014755897776273792,0.007253420305652226
20.277,2.23026522122987,0.006843612108233749,1.2000445566229283,7.629760084114773,0.3108074116145425,0.0010180438485582314,12.190189866948225,1.7280306907018899,0.002559646119786166,0.017985460381058634,0.003341249515452084,0.011948919901285993,0.011831798094036288,0.2842114986084344,0.06035704807516234,0.004020132782555573,0.3438645268922571,0.010557584484345921,1.5303539937892734,0.015616043285641085,0.0038335849658134077,0.30880315103809575,0.02406947179068266,0.0,0.016972783897877184,0.0069080005147651
20.777,2.2255125320098443,0.000707175834500354,1.2151825195130117,7.618182402401716,0.31834246114444353,0.014698202681556314,12.06594600322168,1.6659083073305463,0.0016479047609509496,0.019415754256489882,-0.0014017827180722703,0.0038935436448796546,0.003016893641105541,0.2818683935164398,0.05887085096609808,0.0013596806834594369,0.34214243049909715,0.0025095121566174193,1.5230554657058164,0.016504454057540797,-0.0002553098962745878,0.30636889675284684,0.007654609375756947,0.0,0.019953375352114743,0.0018532865978759848
21.277,2.226749052951965,0.0027723106911922363,1.2429761111145206,7.553226374782391,0.31487015128900775,-0.006782285925376312,14.441156763841827,1.838018681269461,0.0001929032284661556,0.019151063928460343,0.000831444877009705,0.004678043711750967,0.004296691637676851,0.2837832746489044,0.058816833929925254,0.0009609310941889183,0.34042826254145053,-0.00125881765124905,1.508487433303423,0.01399879284431803,0.0060282524972159095,0.3068753229808364,0.007757141880631012,0.0,0.009684239232900637,-0.0008294035868815326
21.777,2.267505208372514,-0.001818452145858166,1.2534518209444725,7.635808113734335,0.3305047714735064,0.017910792138741773,17.7510312004064,1.9727485337852289,0.001031021508867498,0.015054855875091089,-0.0005869027512293329,0.000160252609602651,-0.0006434249916892774,0.2922224138534283,0.06273362590255449,0.0029942741508443907,0.34222733831613594,0.00020496057850313043,1.5206786771438543,0.013309750635815793,0.0009448872698171622,0.30982467033881517,0.018520274454370916,0.0,0.0031389160579407206,0.002812934564427507
22.283,2.27034996054436,0.010837204574574268,1.2184930590141108,7.653987376951027,0.3246762023725835,0.024622504421443557,18.133444284746425,2.235577695816519,0.0008556033379547753,0.014124695842613978,0.0023884545527458963,0.00757890398158108,0.0026476975032642537,0.2895154299462767,0.062328008050487944,0.0023230012105266724,0.33991789851549375,0.0046381126053525994,1.5219561339207028,0.013901663348829928,0.0009312404808255919,0.3128710844487026,0.024887717802529203,0.0,-0.0019362817502813212,0.003905638948844949
22.777,2.2551326354214467,0.011403941667278341,1.197876319039859,7.630876790227119,0.30675309103309883,0.01956258367650506,17.79026229174537,2.154804546411813,-0.0007483199588083142,0.014683365243483128,0.0007400285465655822,0.00806873922925977,0.0022530152962163784,0.2853639091449924,0.05992348665288341,9.268136407892295e-05,0.3368101866085267,0.000549444093006605,1.5125714508387447,0.013299340729845496,0.0001276585695257544,0.31922600602967977,0.0036031657090609677,0.0,0.0014374893348342457,0.002874012084538458
23.277,2.272522328198762,0.01896329064263383,1.2115638611792867,7.6313673510501925,0.31666849147359044,0.03211393673921095,17.544872889576578,2.1234524117002658,0.0011716624937269894,0.00890749968172785,0.005395866767567646,0.02063611889995343,0.028259119772116773,0.29313585099135886,0.0618411413177629,0.003443093007388317,0.33463999578063897,0.007144115706681376,1.5210614253890429,0.014394859284545258,0.003529417734353556,0.3193151477914938,0.02466241500502585,0.0,0.007300367566207274,0.006399871876719192
23.794,2.3041774478115298,0.023062764050296024,1.2036560304620465,7.5650291915069,0.3260682883888773,0.023954610047053914,17.077802447519076,1.9717529039054948,-0.001408576255494755,0.004404494275740576,0.0041854858728821226,-0.008308013449768123,-0.003087473020285458,0.2877801102556388,0.05864299174295247,-0.0001853589105319187,0.3357214163120296,0.0001435998344575459,1.5037861128115506,0.006729551929166941,0.006142383077268662,0.3159963839792914,-0.013600183002983286,0.0,-0.006085904547970406,0.00041717236810477463
24.283,2.3506690296317023,0.03263473942972975,1.2543373406006644,7.5650301932623645,0.32842015532793656,0.045100904021702894,17.75493047230757,2.045573191829298,0.002009605016783873,0.0041731989444118885,0.012971681541539559,0.01430940918912987,0.019409545757472824,0.29451723258668433,0.061140420659180836,0.0034780641471975934,0.34297435344481086,0.014065911628960592,1.5192240529596586,0.009383134569621185,0.017923395062865444,0.31780140038842,0.02010255813846089,0.0,0.0009683492081295685,0.0007337182137296263
24.786,2.354844873434248,0.026162471872760662,1.2806706884058445,7.566575295303528,0.3184799161262521,0.03380499441651441,17.279955234037317,1.9919314069447878,0.0011603391280602443,0.0030021041119243854,0.0065137115806494774,0.008060512808447478,0.0034886219218284303,0.2873105526334744,0.05886501015868097,0.0018855076268129319,0.3459341028910333,0.006360847871465948,1.505616300357803,0.006767105222354094,0.007252271535259736,0.3188215929266707,-0.005338323563456806,0.0,-0.00722780575197153,0.001112125725394165
25.277,2.341245568306394,0.0257541570998909,1.2556744063834957,7.5042304280065615,0.32251881330230076,0.03282626393159035,19.06997318346428,2.2536189893345844,0.00020767573404185233,0.003947066302287343,0.008522300795410982,0.016376389275263914,0.014582792533808642,0.291069848937266,0.06271246379330486,0.0054293695860911,0.3441792428036363,0.010048266074215557,1.5112836160556216,0.0029738367106904237,0.013660882955633806,0.3186363184211152,0.013507465484324825,0.0,0.0028595676812492848,0.004869271285138476
25.777,2.3601464950534874,0.031007793012993654,1.2444905493692382,7.73288074870985,0.3085509072774408,0.029983887653490988,18.913514938475885,2.027488227638493,0.0003821260917338762,0.007855081747163888,0.007081291192869678,0.010060370485462891,0.005732961283328544,0.28388655156578674,0.05936814247355683,0.003763336209908722,0.342903964913916,0.010336365909438294,1.5143008579992445,0.0010451796635235896,0.009091078486325229,0.32194360331056965,-0.005012297229451412,0.0,-0.003055197685613342,0.002946236039224637
26.278,2.4294316081021647,0.045683838917341554,1.2883911719448868,7.473231288724031,0.3022221620429726,0.008565889211460037,18.399045051797305,2.0560613138637795,0.0007652675868274514,0.0034759432064241937,0.007797889952624324,0.004522264818977991,-0.009056750467899164,0.2845137752334996,0.059111861566999394,0.004765674718341306,0.34361205702002223,0.009281460215216192,1.5005119459553742,0.003167597900294573,0.0170759994596573,0.3228118834412497,-0.012062128454065294,0.0,-0.0037667653486596307,1.367879621684273e-05
26.777,2.4847075026714225,0.0637504521050062,1.2910279902413733,7.486056811126321,0.3102316328440629,0.03257906503544289,22.33272252594408,2.05216675723011,0.0040895953368688676,0.0031430105309261038,0.016190409130113822,0.016644038609098813,0.02089011636146641,0.292601694625252,0.06276894074987117,0.008815513108468074,0.3482506916581189,0.022404399354703383,1.5274376429852818,0.0035890859177557933,0.03184209327244467,0.33336658382386924,0.041507282532467216,0.0,0.014639452275940623,0.0038247737898466803
27.287,2.4415832175982843,0.054936574438350975,1.2800759879177275,7.154092665462249,0.31443848408939773,0.025595502618659564,21.958382872259616,2.146248784374795,0.003065229443485118,-0.003401260057458371,0.009448048703349138,0.006124787217263377,-0.003912209428494118,0.2858219065448102,0.058298408475094265,0.0063522244025636014,0.3390664342808321,0.005911407732348788,1.4985868168373524,-0.0033567855219715915,0.027109939393522048,0.32577374507816276,0.0019492267003422322,0.0,0.0027759356570043895,0.0005389284495399264
27.777,2.419785405245581,0.04873143065824364,1.22682706465509,7.153876536074863,0.31679228179899166,0.03719980762476041,24.645794619283816,2.1741469107447986,0.0034164971643492244,0.0033454722687301006,0.010254068866794126,0.026769247864952158,0.028095968084519092,0.29463206756169713,0.06078968023611746,0.007776339181352528,0.33791500344802505,0.016930009752545928,1.515189197655046,0.0016679401830642102,0.02454069350189387,0.325980643432078,0.01025918016221783,0.0,0.0029625831501370664,0.0027984465576799664
28.277,2.4498982617394507,0.048094696129749766,1.2702904698554514,7.079828305741105,0.33042018841899984,0.030143778717283187,24.335644535430365,2.0889457360864028,0.003113431493426305,0.004433454895811312,0.007078155886526306,0.00703000042685306,0.007657061375644241,0.29114502999511604,0.06042649946303141,0.006520160458303185,0.33585669178349287,0.006961996046904554,1.5123760565783757,0.0021186076131211925,0.02424673046251091,0.3285833443322965,0.024211055184090596,0.0,0.004738051595003503,-0.001305804514055115
28.787,2.489776973678199,0.0542973574446782,1.3699790805370242,6.953202070804743,0.320014711236564,0.02923987094277817,24.6847636855793,2.1927247532990477,0.004134385423419852,0.0053813242604402265,0.00778451400185462,0.012356349515898184,0.013243945835378416,0.29092446186814247,0.05823858383028008,0.00735497458249602,0.3364944450703488,0.014098368831434609,1.5151684378044694,0.007711620621687294,0.01774097108229402,0.33294781029917186,0.03025590597864653,0.0,0.013930260364471272,-0.00018461981804528382
29.278,2.452631572412062,0.03688781339713752,1.3604233285072984,6.900624873107344,0.31967920406810846,0.023303716080159978,24.432679137003685,2.2168318744873923,0.0010680293691274008,0.010578726358516302,0.0002934705132425572,-0.005016029267712655,-0.000640670834225943,0.29135075326647186,0.059422268384785544,0.0029866564044458846,0.33522360410600693,0.004155823921394982,1.512739734663692,0.006357964425950462,0.009227713277430263,0.32845697313815425,0.007884111109750926,0.0,0.00783324279481138,-0.0017002752182997873
29.777,2.418634018019116,0.03570526768366761,1.3561212580224982,6.622948107104093,0.32757422973213257,0.029921591211963004,24.020839941445136,2.1170196212745847,0.0027274334170234093,0.010074785400834174,-0.002537233656125714,-0.008625106969359378,0.0002802710447884215,0.28792115421307934,0.05958350458090335,0.0029097740337983165,0.3360764376068419,-0.0005569317069504811,1.5061037214223352,0.006312937959969909,0.0018911048330275497,0.3238546647024113,-0.006458044408212227,0.0,0.008021344040397031,-4.924393582002978e-05
30.287,2.424468467027145,0.03283924558843689,1.31897171405381,6.069946583206207,0.32133196247635143,0.05710512349252817,24.279367186674083,2.188257864745827,0.002692891826043166,0.00957186372028578,0.0009801323602604956,0.012805638947774728,0.01840425637129556,0.2933601895121344,0.06200168936093819,0.004882096580091078,0.3422392961096866,0.007392693359445123,1.5112104912154958,0.0026300142963196667,-0.0024080679554305605,0.32856239864325515,0.040804958433076854,0.0,0.021239467322427485,0.0011035429421753322
30.777,2.392213739740743,0.022751636424509482,1.2495539269832279,6.0260783629772545,0.34143320901431834,0.0645392117735212,23.66710297814279,2.1096259149190075,0.006241007745773967,0.009942754389951293,-0.001933775837599994,-0.00036630845105886894,0.001960356877068094,0.2962038688932427,0.060270179258707174,0.007865342979748278,0.34348678796698523,-0.0019133135088503948,1.5129422305463014,0.01126792795642471,-0.0044267991385829875,0.32829631258913655,0.033310699446514644,0.0,0.0285171612541511,0.003641538997829532
31.288,2.3494662417142913,0.013331201782713306,1.211021625491613,5.797359902675785,0.3292630310856053,0.04283426196292613,23.942184333429577,2.2737938559409785,0.0053927350816397246,0.008157590531089358,-0.0048220674206548115,-0.0021273689201274214,0.015852690973943873,0.29357935513082317,0.06167641469899706,0.006667907481094024,0.3473102086646154,-0.0033467810806108193,1.4952867728127035,0.009690583276585618,-0.009782218183545221,0.3271957704061433,0.0020351163157518617,0.0,0.02647126199621434,0.002808717948377746
31.777,0.0390776873750002,0.1800759492399358,0.013686968257598282,0.3460618938629318,-0.0018330037626473053,1.9044485968634248,1.252856577427633,0.2827650945875943,0.2925994624384172,0.6518317558370345,0.049321826003962704,15.07326818436342,138.5625372265023,0.013496026188200732,0.005032449927010266,0.002405521254248471,0.008294408388770054,2.2672877099037505,0.041214577551775586,1.0598287708804648,0.4178882786098304,0.006406993423398068,10.750355652842565,0.0,784.6992917527826,0.07236889478373681
32.277,-0.007622885472979669,0.16745557571099287,-0.03214929399629731,0.2744213408049834,0.006260169114677544,1.8953782913590556,0.793921704867443,0.17832337419318114,0.29014654991198235,0.6563658833158531,0.041606201011503356,15.365429149216006,140.35220280086725,0.0038110328967271016,0.0008237431018393832,-0.005180961365937796,0.005323361750657861,2.2854165149499615,0.03022254445614091,1.0607949238519192,0.40778655467612884,0.00022896693034370856,10.871944797462037,0.0,784.7234261924677,0.06636955869488742
32.777,-0.03484549963551338,0.16868795685013244,-0.017510884504042177,0.31150816211230964,-0.02327663133113503,1.9370736723373094,-0.08048752898041073,-0.030359581433074354,0.29208819435254013,0.6744423645067164,0.052424060173080704,15.16568424149801,138.0889238011021,-0.00035299471431726596,-0.0024708819792597135,3.68047533840603e-05,0.0032538315465537185,2.2668655733918035,0.007311192720187288,1.0658511371343438,0.4325669206102354,-0.001732962644431596,11.061302977786308,0.0,797.5923777004513,0.06777611658192341
33.288,0.2927998165892943,0.15961358776353604,0.1420550659149549,1.070365322625111,0.05358260130664715,1.6701213442285123,4.487884564946457,0.6275408428087789,0.262137000689806,0.5828564657749394,0.05228235866450243,13.568749094325206,131.42822333510782,0.04822310672244913,0.014760615251420415,0.00968407563874721,0.05609989583637483,2.0417944206639826,0.238119295001417,0.9359701759342377,0.3761117859764775,0.049623723235541845,9.554129078875047,0.0,746.5714512005027,0.06581099809073247
33.776,-0.03737406722586124,0.16747547794541423,-0.018807382450072588,0.31408534148386374,-0.009247626321242697,1.9199545261397575,0.38132511822287846,0.24867041737479484,0.29629040226452535,0.6758802276401035,0.05219849727242206,15.58967365973772,140.5552287793763,0.0036457311548665997,9.806026003087562e-06,-0.0014859236201086843,0.001073948484931626,2.3209586773622926,0.023204783250981215,1.0675120693233806,0.42955953707781347,-0.0017067528229888838,11.147309401547986,0.0,790.7867478041546,0.07061631650472154
34.277,-0.01248660309583325,0.15002791320925987,-0.004217214512758334,0.3538391287101228,-0.02044530777128995,1.9217554216314552,-0.661549512033092,-0.0013296161868110354,0.29213925930705786,0.676511742501388,0.051079125195352154,15.404112981149702,140.31706346812555,-0.00046741553382506797,-0.0023269951661464366,-0.002148284857827791,0.002614522616149194,2.2932607825048343,0.0017829481666827946,1.0539667239854686,0.43200317650524594,-0.001987222186897707,11.115594701381974,0.0,795.4982023933167,0.06659826973728926
34.776,0.0455521223608787,0.15736818524770418,0.04272237115135793,0.4002621544661105,0.006229670843900471,1.9291269981116428,0.3339624943650676,0.10197736885040692,0.29648936353205363,0.6725622744603506,0.05912831048144943,15.43913572649724,140.54273675414447,0.00919773259609557,0.003207813222120668,0.003911287441738113,0.004959401192110621,2.311310016910596,0.03887555855624441,1.062027430783174,0.44089244722213855,0.00843418675590524,11.088130658082466,0.0,791.1775417139163,0.0722257632368983
35.276,0.04989226547048283,0.16018288402121966,0.03238524657765843,0.45371317417558243,0.011367432843222438,1.9127083274464511,0.952457184450101,0.1842027820449525,0.30046460945485254,0.6712627096019551,0.05691708214105401,15.6411018036388,140.79341944397385,0.009951042394517178,0.004268085599326894,0.0053056538131252915,0.008080297498739794,2.3476700945683846,0.03791072842590796,1.0717893642552487,0.4335559134560636,0.010538497938186783,11.084258523704595,0.0,782.2071232881852,0.06975584869663606
35.778,0.04252298279111558,0.14358059615183436,0.039051842046902804,0.43362150286436846,0.0009166885806145431,1.8419905292822614,-0.06911548474375905,0.052468289453505595,0.2923836261053615,0.6646448184197438,0.048493282304824234,15.173106407536018,137.52767655705114,0.00026560587350639615,-0.00028311547718465904,0.004906715266854758,0.006420123431555089,2.274663209374368,0.033328338291889734,1.0490534000178164,0.42652050663524765,0.010619061989096434,10.885838967514577,0.0,783.7131001782833,0.06689967432642827
36.285,0.2714971484133109,0.14854842758382167,0.1811494522671041,1.0374492695605422,0.0452345849993459,1.6835975744303764,2.584422862201822,0.18294424107089421,0.27596300258219947,0.6168903574514217,0.051540031861038685,13.718262960921216,129.14231866234243,0.036863681590560596,0.01297554097036176,0.013866424905519264,0.05002052303289438,2.085711879285119,0.17518283392434567,0.9736676702903481,0.3876886096519223,0.04346573951903822,9.764412537940864,0.0,753.2857617654665,0.06798743588129601
36.776,0.0006186921792548716,0.15562569789145128,0.048014544739205196,0.4053212757158266,-0.0026595071270636866,1.8551627330957285,-0.3582634618639373,-0.015084830700551173,0.3030632384972308,0.6805002009606593,0.05078542632330215,15.459179912989889,139.45727133507643,0.0006191616853516549,-0.003103351123984359,0.0031745131705113866,-0.00027407946388275506,2.321925830462216,-0.003640178794279117,1.082143221578409,0.4280132635581827,-0.002283681833892963,11.02141531164465,0.0,787.1780901406614,0.07175287084841617
37.281,0.036402945063463116,0.16789843037463348,0.048342412789675014,0.5008126670497386,0.025445934949321316,1.8710942816700638,1.2807958082028665,0.07654398940320259,0.29929421069029405,0.6662556037035303,0.059012880510411134,15.4763126782305,139.82070518000603,0.014091204722978354,0.005989010057754942,0.006094331392238408,0.01172418293722645,2.331834548930787,0.04372253968090449,1.0722660674581148,0.42698156357667694,0.006358019025446518,10.934246342798414,0.0,775.9932276853515,0.0775860616756138
37.78,0.1409757671421037,0.17977859670301535,0.11002140337614308,0.7655451427084262,0.0366826678685883,1.8033394617156224,2.2937638544903725,0.2531297169443935,0.2903891172238419,0.6501766993365429,0.05676500536665292,14.844704651187872,137.55236037768853,0.026256143255191745,0.01140269307586984,0.012473724737311152,0.030418735455701847,2.2438989201240234,0.1014479413936393,1.0394197935405103,0.40955171036640153,0.02244937016894199,10.494938607299485,0.0,764.3665872453839,0.07492534305118137
38.284,0.26892388386318883,0.19447208604307142,0.1829678996952694,0.9950790748009799,0.059564148609871435,1.7207481171182584,3.9631669739158086,0.3944429000463406,0.28092265604935934,0.6140234763299075,0.05861498939226082,14.002502703560571,133.18601104183747,0.03918140554768015,0.01590202309660747,0.014593772227863693,0.05009948172845003,2.123020896712845,0.18145547164073875,0.985650906930835,0.3897073027951942,0.042412631091106136,9.91637066686238,0.0,755.2182755565112,0.07366838206247799
38.777,0.02497693860735689,0.19829528372295027,0.053709665179683265,0.5589141190944485,0.018441714257898385,1.8888907759767504,1.2233795948153852,0.2667808903535425,0.3050200058570776,0.6741341114677704,0.06597607680090713,15.572014923529956,143.1424622732041,0.007175496602998884,0.009416106699575912,0.007204982707165611,0.015548863321129917,2.351304823968243,0.03903022157975872,1.0833765389095356,0.4297262095946402,0.010037012802863792,10.951354411802308,0.0,779.8408060858542,0.07684295083547174
39.292,0.5332549842324869,0.18078781140616604,0.3198140348641582,1.5934305858971105,0.1007166781203725,1.501519654474385,6.5631524261368535,0.8431850748851337,0.2516175100785729,0.5470515107178101,0.056690922781514504,12.398012700502429,126.16164960945414,0.0727662816955304,0.02389644342046471,0.018628177483597685,0.0897852957146136,1.9057892001832872,0.32806707154322884,0.8780777213218817,0.3502690143234689,0.07886830870153193,8.709654801067417,0.0,713.1171472267769,0.06746913843892284
39.776,0.018843331636884415,0.1978542576482696,0.025691163750648657,0.4056882137071001,0.015648300787405665,1.8995828408634843,1.0230517721277415,0.35533943216525776,0.3039162241952427,0.6622603183998416,0.061781330162511965,15.895704681675385,141.64486802498902,0.008663361629686606,0.0010071617698477215,0.003298453071548602,0.00939873337227403,2.370423873999094,0.016998797641655242,1.083786072357602,0.42886687376507476,0.004778630068597182,11.221437095927783,0.0,780.0452912089564,0.07608608961552561
40.277,0.09844570407793901,0.195761257825763,0.0749160642145495,0.38154773444586054,0.009065625848266918,1.8909270590645852,0.008733568273049094,0.08700239754991328,0.29732293002610555,0.6626141151744186,0.060582699714299776,15.491781607502649,139.65201629322152,0.0034196623564523073,0.0011921917387451818,-9.464079441603925e-05,0.007746105545361294,2.321116083087945,0.008307598713134171,1.0665624291295472,0.43770125186671227,0.009002902661114304,10.979443824174732,0.0,785.4682141122963,0.07393858221715581
40.787,0.46724127612000393,0.19122467433387255,0.30577824270743525,0.9976052802588959,0.07207541648979791,1.662381275733179,4.421784798310999,0.5176597151743407,0.2681117851838093,0.5943245746730843,0.06575090700124257,13.413412987218818,128.31630032479822,0.05005028800154767,0.0176445095695415,0.018919514764543604,0.06296082937515994,2.0568357732812736,0.23282461546981653,0.9468236962593473,0.3970779410536053,0.06501761266347138,9.429637213469904,0.0,739.8944124414234,0.07373774526842038
41.277,0.09362052647254791,0.20510181384345139,0.10613497339625073,0.2551120525346206,0.014227768542320017,1.8823243047167761,0.810956017162949,0.08291660223493935,0.2972157329671433,0.6661933987633177,0.06027830707060175,15.788734418866566,142.36157841975137,0.0025401584207435813,0.002915809338350614,0.005228355564881613,0.011825382173433678,2.3519737117709654,0.010480137160161792,1.0735064515984722,0.4327845142282574,0.01265257128117153,11.03012190356569,0.0,778.1582513360058,0.07718130992378837
41.777,0.09360447829246235,0.204478750969289,0.0843425174156677,0.15231133330271676,0.010789703230749884,1.9011401657438682,0.13084855666787198,0.07456609885966252,0.3001180793104311,0.6608778529669479,0.06227126620646704,15.611682984723048,140.14158286593758,0.0034242275397362533,0.003422553454424786,0.0027939002593473433,0.004195235730990507,2.3361965232657633,0.0031062047490574853,1.0716484720409571,0.44634785880683076,0.013154762149021998,10.973581676189927,0.0,779.8136372951165,0.07842533747401487
42.277,0.07735747726422897,0.20287394648515494,0.07873112027350537,0.12633991399594685,0.017762600513351618,1.9144985567040846,0.4127437335643301,0.14206626212118925,0.2994520448815975,0.6602606647580018,0.05933038166603998,15.798068055405926,140.1540321357203,9.805024161953387e-05,0.002340270989280197,-0.0003185360504466685,0.002981682223379245,2.3651239169004863,0.010709709112230457,1.0737115071943333,0.4451935299313228,0.011499956632863633,11.080867164310131,0.0,773.6406353341473,0.07535135034557257
42.776,0.07600862432309405,0.1911835695169295,0.0951714375987373,0.03841378018593924,0.007337282642243471,1.9251246749321609,-0.02245774698784067,-0.035144604045796564,0.29710238316615106,0.6623651087496483,0.0573832260652247,15.636657198084267,139.25550625493926,-0.0018414521108695815,-1.9612009269186843e-05,0.0019580611595790684,-0.004879863568780258,2.3353088130017277,-0.014550485023203785,1.0665807426404206,0.4494724667553352,0.010780434607198783,11.036099418833524,0.0,777.7561723360084,0.0690456277977983
43.287,0.4114966165256075,0.1795637796875799,0.29269049261225677,0.7172391381225915,0.06304146877956965,1.689958115401407,3.8642474768700885,0.5304247902403738,0.2658594176512356,0.5912439430336014,0.061792015590995245,13.76015692792174,128.95367407816215,0.04566234387342496,0.01723757171205065,0.0146251720641166,0.05049778947226378,2.090697863213888,0.21315505347402497,0.9395595177164638,0.3956090484283712,0.05828668374378169,9.487636351448208,0.0,726.5517527587135,0.06963704072357832
43.776,0.026249781568957027,0.18401018556347787,0.042366239649513096,-0.03200524918088618,0.017094302195198908,1.9469124826981161,0.2427579251370699,0.07023625395902142,0.29613762668083593,0.6626159700133796,0.0585984506261025,15.82870665048735,140.18003352866157,-0.0007219977747185125,0.0015176571775720124,0.001777919067350108,3.9449070624593557e-05,2.371119492383097,-0.008641495929621849,1.0719019862225392,0.4415990838617352,0.006711121427780888,10.977746644905684,0.0,767.1321289762781,0.07232524672416005
44.287,0.3612033765647347,0.1734377302359463,0.20203593780072737,0.6572790543135354,0.060138707849690054,1.7255543384691232,3.1691162443122605,0.45597064752636884,0.26811150048865584,0.5962002306764115,0.06419233863707723,13.49790039130589,128.84575938122998,0.04510680309867119,0.015876216558322904,0.01402208740939095,0.053241902635177425,2.070108897068794,0.19786688252676257,0.9531013240887525,0.4071017761808305,0.05016151925995729,9.493197654122548,0.0,720.2006985156553,0.06980541183129398
44.777,0.06234751308595494,0.18338394771314837,0.05094433230911896,-0.05541083114841324,0.009482990927126522,1.9137033705201338,0.6096295303204953,0.12531998395954946,0.2927212910574941,0.6539174169908057,0.06224417236181655,15.61269923213174,141.0596232989467,0.0053043549008661905,0.006834236192328864,0.0026209752362085542,0.008910360274442518,2.3507470464908877,0.036274452287535265,1.0596690371276434,0.44049910452488683,0.008438257735956587,10.858418992507914,0.0,746.5768472093059,0.06965414691923347
45.276,0.00914932453568084,0.17868311592483774,0.03942014277665445,-0.14578172680804385,0.014450436048223343,1.9288665548810464,0.07089094863781503,0.1572741638966682,0.29637043663976387,0.6716336699239022,0.05911550108503562,15.682862257201696,139.2543446964603,-0.0005609454483353864,0.0055642447603323165,0.0013611489376906018,-0.0005431685334502786,2.372177622047892,-0.015008939238689614,1.0818561947266156,0.44379334361004447,0.004169564426761771,10.93241241099497,0.0,748.8547544776733,0.07675267744714466
45.785,0.3225082412254025,0.17007132337698594,0.23657384537487797,0.5446991864661623,0.06163273365405679,1.7586961854340224,3.223615370357136,0.4399174482395564,0.27012913826940876,0.5985272003888821,0.059537351798672485,14.056612988177674,130.95423292229967,0.03837656306043748,0.017466632686058896,0.010707422249762993,0.03993855110623253,2.161589966315455,0.17910069534239617,0.9646845164707959,0.3991541100620306,0.04551229095746842,9.76710377425867,0.0,715.7694933099713,0.07972451722214688
46.277,0.043242627376948534,0.1652511454990428,0.03904788804869758,-0.043942884181054506,0.0057986745421609925,1.9248598109436306,0.10182455065025878,-0.0008538433934715394,0.2929272469529481,0.6563925477355746,0.06027493959993689,15.491810541614052,137.33409786123684,0.0006809682777337803,0.0030163582835241024,0.0038760181131570685,0.0039008314800047707,2.3383132842852254,-0.003908331518624264,1.0572124797637594,0.43758304019789435,0.004447392507526199,10.909423403417923,0.0,752.400637277475,0.07818746628351315
46.776,0.012195044233134599,0.1709957597628732,-0.010094480590772186,-0.015738449503354617,0.030166225379807853,1.9406293162727128,0.3559332550532594,0.000298870706592784,0.29637089804431893,0.6561396898869497,0.057582079329286016,15.75935452086078,139.76881332314676,0.004284000966081811,0.007684367165036226,0.002521483053131569,0.003477788131369408,2.3985618629043337,0.00754611961275168,1.0734678022399573,0.4334951492428631,0.005460138818624314,10.975613749777715,0.0,745.8577076911228,0.08149523725769954
47.287,0.34574272862467215,0.160517612898198,0.16827269618860083,0.7333867340751515,0.07399597307788058,1.6963576135936531,3.5988982186811533,0.4848029240278971,0.26215666260855847,0.584843775462124,0.053415221990761125,13.67434671964755,130.23962254298198,0.043707048934308525,0.021833331024166847,0.009202251314460617,0.05963217460444551,2.1002812315848005,0.21112511266512263,0.9425273327657474,0.383995021274174,0.045426472060791555,9.496502579186943,0.0,715.7635487023642,0.07950838905028898
47.777,0.01930437978855282,0.16725655869003636,0.02332257301089824,0.004379449945578618,0.015243342123588612,1.9416599384319766,0.6883804045553055,0.18382570270847795,0.30092149974551363,0.6808525780968242,0.06176190799006508,15.996916333085093,143.43651983323096,0.0018818396198241752,0.006699345246298771,0.003817862391575048,0.005100837921341061,2.421324193234471,0.005760912328988546,1.0819549090825278,0.43607363988729325,-0.00014396688212791204,10.997870042932318,0.0,754.5259989949295,0.07869281916012291
48.277,0.05611938046393551,0.16824217620937948,0.029412285464774427,0.10478434782535127,0.018986106023716275,1.909729134755961,0.7569723955554797,0.18684466055789214,0.29502139577926256,0.6710670941339386,0.06154650964999409,15.751736461360395,140.99035481585574,0.006459240840031402,0.004918525397699067,0.002156264739057929,0.0040532370128633245,2.3970624234385367,0.03216800748246673,1.0671992319931436,0.43243433509788237,3.599172053201124e-05,10.947709450807249,0.0,762.1006202648249,0.07652930596765985
48.777,0.024938297636925205,0.16762556743174492,0.03527260645029819,0.12704600508479502,0.029625449085986896,1.9178117676223447,0.9423959689506897,0.07819985970693231,0.29704216976869924,0.6730572884528863,0.06122748429011652,15.97103982074171,141.43466888993896,0.005740415019015814,0.00785849491309227,0.004360999232701684,-9.017032060904753e-05,2.4209202059838972,0.02769702606128698,1.0724776311789057,0.42840331322816555,0.0028036406024924735,10.96024784699297,0.0,756.599125477823,0.07841736161506675
49.276,-0.0594186465561561,0.1584042788594157,-0.04125694822442639,0.01016845941765466,0.015632925229974077,1.919912231826293,0.11381907313633761,0.08992124970473972,0.29927077359972987,0.6757338382969491,0.057228768865523603,16.238915254194183,143.452697349254,1.9718962410824432e-05,0.0052967959222117045,0.00015949239995905365,-0.008286251434910068,2.4439133082454556,0.0013673816134526754,1.0834986666094417,0.4410527047798519,-0.0021405862924352257,11.185523971441876,0.0,762.5073785923431,0.07961322822469312
49.785,0.221861598523119,0.15146083933606827,0.10729865294910564,0.4928012460868738,0.049620434459380934,1.7451656411356198,2.9141948159150663,0.3596509346959882,0.2723889220857304,0.6231171009216342,0.0589391929953144,14.334638377508853,134.16394221805626,0.03568603432830902,0.015531304819666502,0.009042330182138347,0.03286860815052488,2.188893447601349,0.1668441971453394,0.9689680842254166,0.3988401199539592,0.03410999100372004,9.97575919973848,0.0,739.408560392376,0.07567504043953983
50.279,0.0022891602837857594,0.1630881016874366,-0.024093861815335772,0.047580432443286844,0.02268898072424313,1.9093069750987501,0.7549416014467528,0.29080994331413323,0.2915649662201684,0.6690683875482597,0.06146072606608308,15.61096583158155,141.76439104123958,0.009598477177725067,0.007199360334195102,0.0021973790823401527,0.004561500693944419,2.356917598258498,0.05941947664244081,1.0458602180185523,0.43065271367221186,-0.0015008798070368292,10.910802089039557,0.0,765.7541491216336,0.0753664779237945
50.786,0.1346019357641033,0.1513133185387031,0.0354271657824137,0.33118914154771567,0.04011639790041035,1.7491056591475687,2.240346412576622,0.3427484300966279,0.274969571601695,0.6369400433443511,0.05439067736221281,14.629973834578683,136.50647763197398,0.027022597882611365,0.011698875827335519,0.006862175758529533,0.02240138996338041,2.2242002815365005,0.13320767964795538,0.9878408791085692,0.3956463192421575,0.011705186980804137,10.155542937228212,0.0,749.6382998803286,0.07057922985106772
51.286,0.20018916189060082,0.1674976039313081,0.0897219363605355,0.38259104380749615,0.051443353056366346,1.7579532587263271,2.56358388088454,0.32791363999555273,0.2774253966670174,0.6351066409944627,0.06051566405676706,14.289801405481848,134.67733698399624,0.033647551364933574,0.014444321624843801,0.009644605402035577,0.030116861429552687,2.1941921950793186,0.16220368989835215,0.9858146066298737,0.4070387908403091,0.017218195489510573,10.00760659237635,0.0,748.8149589395288,0.07390649135940137
51.778,2.327579113420819,0.012236548149054964,1.2328400588002935,4.972400948712802,0.3228511024276438,0.025271439401753356,20.69217722555166,2.220202223441501,0.006661916595645411,0.02836685258471325,0.008996913823008051,0.03362457591706375,0.0668367221727084,0.29231300907814345,0.06337999120158272,0.0067910903181330005,0.3403740208761959,0.023925347290549154,1.5046559157748873,0.005082384864804218,0.014482569927949988,0.315304688018264,0.057320075942911226,0.0,0.11925188781139116,0.007484431793432625
52.293,2.3191357871311795,0.018658787619522752,1.2223510058416438,4.965288177944235,0.3209507965316832,0.02937953585454742,20.12517654011269,2.0510485617726695,0.0032499577678825648,0.028468806387394168,0.011771183087934515,0.025450093185417355,0.05622988337231008,0.2936368436342681,0.061587292768201934,0.007285508020863894,0.34074851343293994,0.023656789394624327,1.5031855114644779,0.0029973196766369353,0.025775386682186298,0.312397015200547,0.05761310562667839,0.0,0.10015764408282611,0.008698952118389098
52.777,2.282980110968275,0.013997749235455288,1.1831722010558865,4.917234483939201,0.30325337243286904,0.018437250065834108,20.43228123267774,2.11527339586456,0.004368627157147097,0.021512010144784557,0.007031442406920968,0.023323137267147832,0.057156490078545126,0.28865519011713403,0.05889537499673457,0.003867278699727579,0.3370116229506303,0.023321716770476897,1.5007650595468398,2.836824877335777e-05,0.017456732921153285,0.3124443987304402,0.026497936231125636,0.0,0.09697506451134254,0.005669475456859555
53.277,2.3071797149007756,0.011880868054731637,1.2057939437020955,4.964189036757244,0.31257991193891255,0.03955292055722017,20.286569991958913,2.165259388551968,0.00223671132190088,0.020488325291147667,0.007792649091644256,0.020658938754402247,0.048432501030735105,0.2914822201714828,0.06105474880813014,0.006232307084050215,0.3387021055166465,0.016866157528914898,1.5025423584279383,0.002929806281851295,0.012249823298843648,0.32162489960070734,0.03741474242314114,0.0,0.09209768300771771,0.007250324620383121
53.777,2.2925723891350107,0.004029652850877218,1.1832849842660023,4.933655373036081,0.30503612672397157,0.016463353960543572,19.60567001501575,1.93493034324664,-2.8630032784822897e-05,0.016832785666773372,-0.0009824024444289392,0.013294103959293205,0.03602922866372073,0.28510565534143384,0.05719635237866485,0.00518538124575609,0.3388968901397182,0.00527504051453057,1.4922776375586992,-0.0022498999161604896,0.00012013094135742734,0.32457708418163345,0.005882472958989734,0.0,0.09441828066694388,0.002978629349624367
54.277,2.275450618730676,0.00577536301376303,1.1863142753212843,4.974766344121006,0.30236727901660565,0.01498751092419231,20.44434171746439,2.131698152119069,0.0014723515823444036,0.01890130415221802,0.006672198495143534,0.021734705018453027,0.05455913970502673,0.2875303856838859,0.05918834562844648,0.006388285006858703,0.3416549704494109,0.019333087923040507,1.5046477671694778,0.0038695188400541345,0.007163771275264712,0.32991509095157145,0.024791483613410478,0.0,0.09116880458248217,0.006072474827475538
54.777,2.309576037119945,0.0063413211596504,1.210389915583229,4.948053949141281,0.30252428763622974,0.017817831120774244,20.27003479530153,2.041741863173934,0.0021192855457347433,0.02042672366144723,0.007547461426782946,0.02614680931865774,0.04684646894644692,0.28702245935504134,0.05979285242468681,0.005006727477679426,0.3411714874866883,0.017005176836492195,1.506657386715767,0.004297909862293553,0.011015669760426384,0.33416827797073234,0.03586011526333654,0.0,0.10259690211429169,0.003620129970629444
55.286,2.2843680426733677,-0.000794736534372686,1.1871592578935781,4.863736261677213,0.2952719972295842,-0.003457678916771969,18.73741768315909,1.9967332514574903,-0.0001341953562033633,0.01945828114219004,0.005190620094756472,0.01723129821516862,0.04503674085461979,0.2868711542002507,0.05719547413686856,0.0036240306071125723,0.33987257744731575,0.018484200991023034,1.5047736124514983,3.698211481843236e-06,0.0051830442178392696,0.33553761315518876,0.03856573562297403,0.0,0.08829472795680339,0.003199099215897744
55.777,2.25426441260073,-0.00018746418764597323,1.152607187065088,4.910254157746527,0.3017526309334973,-0.003929699258750551,18.517041205350825,2.088298852841776,0.0006517256732131529,0.019700299901295546,0.005508581068544799,0.018790003199506713,0.04088317006927201,0.29008920561861956,0.06044442523197963,0.006137120365972715,0.3432424288720518,0.018580833927686644,1.4958903135307686,0.003101329852036026,0.006671761245941907,0.3399486451905777,0.038670865756673126,0.0,0.07735017891990806,0.006796557839974455
56.276,2.2776762982734207,-0.0026798625404649283,1.1563463134566208,4.829830929575048,0.30484949382780957,0.007176543564500767,18.693580611347013,1.972695336701276,0.0033089431629843256,0.019376268804885115,0.006594411218063129,0.017791130800084255,0.03836469143709528,0.28975763028923096,0.05928177799094382,0.004445087444904682,0.346578968671067,0.016195841631066566,1.4975993374258274,0.0036721504652435983,0.009817981286575858,0.3444192364443153,0.038093194800107984,0.0,0.06444626863021573,0.007404953569843669
56.777,2.277822399769462,0.005583643396663532,1.1690838662820702,4.84842552903716,0.299463274587529,0.0021622365461091784,19.09849871251453,2.000606466051943,0.003369729348831298,0.014291575792496616,0.0103866743017436,0.032117335261773135,0.0537728953588636,0.29148493547218646,0.05921629660987453,0.009404198802098501,0.34665341546644207,0.021563506181369384,1.512640981239249,0.00630761369166293,0.016393785176804655,0.3428564896182345,0.0624004671890438,0.0,0.06963259714344604,0.007469364702948656
57.277,2.2838997072427834,0.013965949788190239,1.191394281653398,4.786038892345093,0.30059255569143706,-0.0022318452752312905,17.010320882849616,1.9402418398145227,0.002668324745354524,0.005394402745887754,0.004615601080888846,0.017361817116287696,0.0292213378224934,0.29210079603625744,0.05486418064034187,0.0019264184751296655,0.3419258207935796,0.0114985342908242,1.487475827494401,0.0033196170909007214,0.015348019605251428,0.3387582535601013,0.01668858568370882,0.0,0.06114810536027235,0.003008172103479722
57.777,2.313085483678525,0.030662263176930778,1.2091626246208327,4.749529359179803,0.28073015165063164,0.010441436793837367,15.434771866837906,1.9759891846109665,0.006484277232589947,0.009084226449014708,0.012525422553780034,0.03594590112828201,0.04039053794621355,0.2873058539128769,0.05545229818073228,0.007177342838838973,0.34625209677456903,0.02241134304189857,1.5082464916966172,0.006051819629208339,0.022164225735180742,0.34181224523601494,0.04692204601024887,0.0,0.06480598684447512,0.0029042924116859763
58.277,2.3095409679980032,0.03848568268062585,1.225375428285318,4.733720591875299,0.29579422024214647,0.016856702919071438,14.98850171530778,1.9341921117818397,0.0041537194414816795,0.00990266252909296,0.012927334414919524,0.02281327113731164,0.05127658379996617,0.28379514430017355,0.055665055175215465,0.0025440001924841365,0.347207685061881,0.024523488898829302,1.506837285018299,0.0027131135734509283,0.01719895047651749,0.33669877512741675,0.026353994581103542,0.0,0.06604563950786244,0.006391840360090646
58.787,2.3005535114538347,0.03328626442811858,1.2514664052783264,4.684354759689066,0.2750097922853789,0.014405637387258642,13.616267059252632,1.8768800391427785,0.005825480083333458,0.004397043881171795,0.013446150392007935,0.019819810943977258,0.02767424763053455,0.28468889235919703,0.05652398633918255,0.0022749983356679868,0.3510658275667355,0.02171760339879213,1.4961158490326618,0.000989794572471424,0.01869616673818525,0.3324029935877902,0.012996138635106158,0.0,0.05246623889740729,0.001687316310150477
59.277,2.3336744627154875,0.032134326883841824,1.2834707806510803,4.644297058842709,0.2764115801111538,0.02953502389957221,13.356265414212894,1.803909751214766,0.0030071777091223205,0.008396904554508448,0.010029128073156778,0.019423940181269993,0.034840415184653986,0.28370040592628964,0.053550423392831066,0.0010279744816815576,0.3480942868619172,0.023612060765131285,1.4830442980671776,0.0011196237827097444,0.018661399736645077,0.32346115098623507,0.022291776546169362,0.0,0.051754838473599234,0.0010394284708060248
59.788,2.3082996375112006,0.026896265809779434,1.2483400427125497,4.7389439569573035,0.2879119094829204,0.012254326657376774,12.123027014187482,1.6626082901122878,-0.00018315427107411778,0.008198430207773858,0.004694338578945216,0.0022595633635622823,0.0023235963843064897,0.28233046563745334,0.05013295220913602,-0.0016112696644145223,0.3452032941345902,-8.65086723971813e-05,1.4899507750090204,-0.0004362670765662812,0.010745983077307534,0.3177195992545125,0.010016417466692828,0.0,0.045902066768466296,0.0011375847483422678
60.277,2.288914071894543,0.020223514208161937,1.2276197098204782,4.930977248881924,0.2859052711906094,0.003431023219189238,11.745271274839768,1.6737914518681678,0.002029511947506008,0.0018759051718918048,0.007042972195140444,0.003009614289023072,0.014756462248119018,0.282051845952725,0.050801614859046725,0.0019141987119347017,0.34371921949634515,0.004271391354135542,1.4953848259701732,0.0017621497195354622,0.015533216072562571,0.3157800050510618,0.02769149779840869,0.0,0.04149521592413951,0.003439966654739747
60.777,2.265182634465488,0.0054074139573084615,1.2148346209589587,5.041619613179315,0.28281459756616883,-0.0036217054541899238,11.845212160634196,1.6834175464071794,-0.00011872985321797316,0.0033972990398130004,0.0025712983205311273,0.0018958922651840886,-0.0006794231400250913,0.28236739642778275,0.05190718596520234,-0.001681199905450819,0.3433538382562932,-0.0021659257357260694,1.498307107807501,0.005422417041059112,0.0045379813782269905,0.3234266023649614,0.004528383697927629,0.0,0.03175495350686839,0.004392445167389191
61.277,2.2799729728143787,0.00025494327743840167,1.236879342381415,5.040508513645497,0.2922335556578926,0.0030872403475342056,11.854959922401168,1.7314682129824996,0.0025528635037204944,0.0011220405153845822,0.000905172406518651,-0.001015883601901452,-0.00019077530654887967,0.2802452147747252,0.05271390893887198,0.000988684725177102,0.3432673776719212,2.4029955799283124e-05,1.5038865945268944,0.003095140141696501,0.003577702480003738,0.3188337239325041,0.005307850822135696,0.0,0.02447750154929503,0.004257221364281897
61.777,2.0188158100492437,0.014453275373904038,1.2071527734529426,6.067904196192885,0.2719101668562339,0.015916317738462447,6.52914420275457,1.2806282126077693,0.0020853610435849386,-0.005020383675098219,0.0018084071832647538,-0.001312504771303466,6.677263114896937e-05,0.25992843773480734,0.04711737712562073,0.0013906376044314443,0.323085420389666,-0.0022985303318158695,1.5457298932884191,0.001072374204214872,0.007754480240807533,0.30996477130452776,-0.001279387988626243,0.0,0.02323693204512262,0.0017296913282905742
62.29,2.027765466941126,0.013297514567965484,1.2002280252006932,6.289912830020398,0.2714636615830239,0.03451649151011368,6.771803219622805,1.353824973602774,0.0031906181591693293,-0.005204183442212861,0.0015639213748695625,0.014095655486006366,0.023982973924047885,0.2642343439006443,0.050704265456421066,0.004509149473212192,0.3234022503408255,0.01000493544232947,1.5723485028844233,0.0044857069319195145,0.012960173928281688,0.30923340649744785,0.03889214414458428,0.0,0.036304610359028947,0.004196220336626851
62.776,1.9762632572264847,0.0157517075278433,1.1428932030038743,6.108537425816089,0.2646539553760348,0.006973042402816632,6.54273045257093,1.3097736335217358,-0.0023579428741191486,-0.008966690674090649,-0.004218037420376945,-0.009798668580774819,0.0011931939557791003,0.25763880966818326,0.04188269369015619,-0.0005986307400421077,0.3177015509353071,-0.008653138717817485,1.5442802467086953,0.0009123018018512473,0.00636548301664502,0.305485605199686,0.001790105185233297,0.0,0.031360339794278234,-0.003519326057882278
63.277,1.7867079573177995,0.013761329889182937,1.0312196939292773,6.9673797774785315,0.26346326769051964,0.030520829971236063,5.367361243004588,1.3527123884210348,0.0017080856583537598,-0.000318366649179987,3.81817380745164e-05,0.007919967157133443,0.017598374378888847,0.2511771368107146,0.04568288539739651,0.0035245863638169515,0.3098465038210603,0.002780969204673374,1.5939552295049444,0.00569159803472549,0.014851916832525385,0.2956501272967457,0.01880932978158406,0.0,0.04250300230844326,0.004002297198451361
63.779,0.3226591928300868,0.01615241796943449,0.24563428627632886,0.7644686032091068,0.09124831062481382,0.02640201960131347,0.47742243242315885,0.31653960981951784,0.0005664983781421405,-0.0043370386678432135,0.0006531283239294867,0.0003199080248839917,0.0067600226175984395,0.07909058324132966,0.017244179870562336,0.003339601534133492,0.09475178715987503,0.004654240337185161,244.1798636380285,0.0027034359203064362,0.011697387053290592,0.08740933025179042,0.016421979236266614,0.0,0.03096389740583012,0.0028021157242021986
64.284,0.02615781060359799,0.00820135392767137,0.009697636966049441,0.05713153489284603,0.007979334527246737,-0.0013916439728606923,0.028071328927605454,0.05741012832185392,0.0010576151423744805,0.00011143187483218685,0.006632450976628273,0.012200023114375697,0.027037508418642258,0.005024937247867313,0.004344293272402741,0.0022355203680511563,0.005562723240352773,0.011697173763971279,0.05188151753293441,0.006789946233539927,0.02725126437828197,0.005665135322661747,-0.0031089172870371134,0.0,0.04330768943190141,-0.00021094304232958136
64.784,0.029562880027588303,0.004371505567378791,0.019261114779525898,0.05461375503090038,0.022702315772366567,0.014950470726600112,0.060934218571808675,0.03618448398777737,0.004379824074613518,0.006017954840868255,0.007014423921004254,0.015594750456160957,0.0245739652126991,0.006808915702304312,0.007756901627641549,0.005822210548878799,0.009225239007869977,0.013905415131735552,0.055216456490752165,0.010374870258268366,0.03033673210987532,0.008123014931559168,0.03889333068272634,0.0,0.03738591033889535,0.005130113927267285
65.28,0.014970002955882977,-0.0015830346588700966,0.0031957612292487416,0.04045483207408508,0.01425921408098029,0.012981257568549237,0.02117789975181694,0.032809253421084685,0.0001736794120829034,0.00742421278170932,0.0027977905528106307,0.005422902499250159,-0.0011515633824198876,0.0028913881662452267,0.002178869586741495,0.0023144244462032127,0.0012864794250117251,0.0035393035378248573,-0.00140578881651807,0.006529444263237772,0.02005961085629469,0.001092360438468654,-0.0038978652640780237,0.0,0.03000153517686088,0.00569068348354714
65.777,0.03042446045586365,0.0043996798462944235,0.036666044506131056,0.04350780169176533,0.02428418621407248,0.0281940787768044,0.06733285161605965,0.10639007211501157,0.004421408746253974,0.0066435606295260985,0.008858590437721433,0.02295918582641346,0.01511629553800232,0.005452132636653905,0.0048950960667614295,0.002506734138637461,0.003014496346663055,0.013932021987741693,0.03914875739235743,0.010933816923923145,0.024455142694793795,0.004225035549001413,0.05521795817394154,0.0,0.029038532433641046,0.0014045254716111106
66.276,0.035879820332916944,0.0038040367408754645,0.08103050588285186,0.04715242661201239,0.012942853165067793,0.017802362644226122,0.05887796801734103,0.0669970322719248,0.0021398223299187668,0.005145704142357459,0.007778667565690945,0.010663973086449167,0.0134343187047166,0.007418418934980525,0.005114850524121135,0.004879847788060014,0.00449510059989804,0.014763593522002006,0.013689061963093442,0.007167944843952796,0.02210651904627108,0.002732006942631653,0.03301465701690563,0.0,0.018230694506986583,0.004439029929249533
66.777,0.021855091920717933,5.0755118067939205e-05,0.06440516049505755,0.037967837954811116,0.010170885693989573,0.009656538730049243,0.017692391558515225,0.034525318889140934,0.001402930066784406,0.0069902469144259485,0.0059493597103153556,0.01361513768131116,0.014581438647424656,-0.0010833064488911927,0.003554117208230987,0.0050437913783146155,0.004827374993829009,0.013804394518207213,0.01962250306036478,0.00433959419767663,0.022926683071794275,0.0010143242261233705,0.02487271423450072,0.0,0.011706805071794807,0.001287710682495025
67.277,0.027852948470552964,0.0007304089885819167,0.06504179397284988,0.023316199063585456,0.008043110335591222,0.014840159218401743,0.02136914329332891,0.020982321001233078,1.0020540163560185e-05,0.012075662172491236,0.00786748143438124,0.007943246489823924,0.017995919417100256,0.004495885337489892,0.002396037148773258,0.0027994992166903614,0.005287087777029902,0.01360835659982633,0.041552141174358986,0.004297156477546907,0.031405139467564985,0.0014558512114412883,0.017252003371549023,0.0,0.019899368319644083,0.0021810610873226168
67.777,0.022270343065144405,0.0028215654746910988,0.050417292721705184,0.030102735456772826,0.009695931581668822,0.03153185829498485,0.022945785751054083,0.06463196629154148,0.0012857736326986604,0.015721022805848462,0.011660395892497236,0.014683963703029393,0.030455941181859004,0.005244071598610001,0.0062407547484793205,0.004831662131163569,0.006150827063675272,0.016741569001282857,0.05944805463068078,0.002085207498313503,0.028531025116935785,0.001151682157058904,0.033373254740338934,0.0,0.019887527502277045,0.001378008581934165
68.276,0.028452583596098393,0.004144402221431933,0.04750664728106382,0.02510852255512431,0.014144091933252048,0.04243059440467995,0.046712441135701624,0.039949831602770054,0.00177891799110868,0.018067488564190014,0.012195409184036658,0.025363408362736723,0.04021875110749153,0.003924354178565796,0.005151199608209407,0.005521600385355814,0.006588221439995109,0.02315741201392236,0.0769353528046027,0.006147496949304675,0.022434096612541587,0.00428018325531799,0.04976588528904048,0.0,0.02293216082112787,0.0008646150966387699
68.777,0.18691606455055906,0.007172879440249635,0.17442538116244183,0.36558854968508225,0.05324506567017613,0.030038938060394454,0.26930169299416373,0.1950986035011919,0.0032946443685743605,0.012738617724516092,0.009870311856335374,0.02003359920496124,0.026261756825704967,0.045798306758364986,0.017069513728580264,0.006460409196988542,0.05278185580509018,0.017147458689424876,1.3270181730331723,0.0025012919852092437,0.01710176157218072,0.0522078466996265,0.039745569132692844,0.0,0.02344195491270012,0.0011999427641955843
69.276,2.0267086709643314,0.005931528827834858,1.2306020124377097,6.099262745895249,0.26424099452474303,0.03539430593427114,7.568802029888633,1.7934509542341797,0.0009024441695860281,0.013940032769821848,0.010117184507035491,0.014641992927715227,0.02257834771841659,0.2529174713570263,0.04914814434993212,0.004818537251798848,0.29994204384339346,0.013310350419724788,1.5783319530075437,0.005740939248019858,0.017527747048665776,0.2884677648658444,0.01719153283833823,0.0,0.013703697524572673,0.00179030230190492
69.777,2.4243568891731107,0.0011626653582887652,1.344613173968179,4.551013647308985,0.27333026736601274,0.029277449566628044,11.14199301703624,1.8851114413080499,0.0024160708951918644,0.01347534880270441,0.005510697479675641,0.017197801050131307,0.015585550668454008,0.2765329706852704,0.048889523660650955,0.004027402673687514,0.3413591299619721,0.008993427048842907,1.5063679855252887,0.005733841748921381,0.009901991202160605,0.3205072986786334,0.029893556140792477,0.0,0.0007295126757719059,-0.00019894558198101746
70.276,2.4133259439311106,0.003986217382113632,1.3187437555602075,4.280448989342856,0.2856022000497824,0.03343049148833921,12.84488105094572,1.9691568183502872,0.004435253567807872,0.012932795086541628,0.006884084442006825,0.007296499302357279,0.013691109871877728,0.2775058779463216,0.050304035924034124,0.005369323942254076,0.3450643597487283,0.011319155116474815,1.497110884151996,0.004603560725352019,0.01188970656520124,0.3238253409721147,0.03070931498365686,0.0,0.0050938331991353895,0.002905228918677165
70.776,2.4018780396597235,0.006434606509401558,1.3286248356888546,4.3022218303125,0.2870051900011002,0.03323694294777684,12.837575564732308,2.0503180713994302,0.0035473551006139957,0.004858268850263937,0.0017331992986994516,0.0011356710077823383,-0.0004630706937228223,0.28017856049513473,0.049321579865258446,0.0045728681236124015,0.34855378441567714,0.005002863606164904,1.4964967576276587,0.0026651240103897893,0.00037386410834932263,0.32588475471277245,0.0016365598279380585,0.0,-0.0007258720279452421,0.008550267405602035
71.277,2.469129202110439,0.009105765223477972,1.3193612453633694,4.231548119892215,0.30079262089993936,0.03692653466489011,14.565049598011123,2.171093527411785,0.004065897477888529,0.005602686201665196,0.001431771979820958,-0.003263129003432743,-0.00034214955144463516,0.28352706377999864,0.049659941952017665,0.003803937139509068,0.35827039256098225,8.744730630412554e-05,1.48513672030279,0.0008144877023980057,0.0021610713778203007,0.3275563987136909,0.007458697845754243,0.0,-0.004742512033455413,0.00520360513679366
71.786,2.4781450180429023,0.008867838369235527,1.3007466135043186,4.262728624817555,0.28064472684895636,0.023183661639230364,15.209592061136757,2.489331936006566,0.004822605313283534,0.011983117306746047,0.004089714104323527,0.018804560781254764,0.0304176984685426,0.28489680899318703,0.04995376167983945,0.003983901222766759,0.35856602636823565,0.008739418193091007,1.489095294104873,0.003340374214155856,0.007133109849646589,0.33058746162349134,0.02145810739288406,0.0,0.018734601881841003,0.007953733973293207
72.277,2.4887667208862756,0.005091064610913521,1.292476175145721,4.216266096706238,0.2983452604278985,0.0185400936434011,15.444654938408078,2.5265214688671467,0.003187113157563359,0.009597692420252917,0.004381663160046533,0.012063740752543977,0.016150542681974363,0.289598613627228,0.04940827065207349,0.0023670741188564887,0.3604258892587682,0.004698683142473165,1.5062545431994137,0.0053705326594144405,0.009328051150274444,0.3356165637205376,0.03916439556574304,0.0,0.01213337398531259,0.005693336578899009
72.778,2.523529871639219,0.007673295254349528,1.3175120794274715,4.245636759882173,0.2817343606359974,0.036578191649650454,15.18577810904104,2.438674371259249,0.0025142234507922493,0.013581293404245975,0.006580810074593902,0.016543304897478045,0.03164824995256155,0.2889732035145305,0.053279165798571226,0.004655125199788647,0.3641163121797486,0.01565688694639041,1.505820672319984,0.0064357667231898525,0.009058480137623854,0.3407845356997117,0.0348376593011596,0.0,0.02570221638971651,0.008037990521356944
73.277,2.525061849981963,0.0064101161192239315,1.3133872278143912,4.229870622502819,0.28644680966607283,-0.001120773407954386,15.056143698548018,2.4090432997494275,0.004624511279640799,0.014158052497096778,0.0054479784189626545,0.018332823950016036,0.032778439218590714,0.2885044986900538,0.051594435309848335,0.004010594130590664,0.35549963357788034,0.011798285601700435,1.5024837199268777,0.01041802943365806,0.009780211632601048,0.34578490365252745,0.027284849673896414,0.0,0.01739788987271339,0.0073793276718900885
73.786,2.5301219576756044,0.019190052122117836,1.3084955681377235,4.258605723431756,0.2756640374641858,0.01316494281203075,15.01332149355451,2.420835897171714,0.004003255577239325,0.02019693752219783,0.009329362858337069,0.030855854915118736,0.026246395524065106,0.28977261574213137,0.05228770940894406,0.002224682440502729,0.35425702519562424,0.02256783359614656,1.5022915529825918,0.00806571053432747,0.013485065770267503,0.3444744058742719,0.04819045036059604,0.0,0.02089407421650858,0.010088502113380592
74.276,2.5205714404712385,0.011536808522704512,1.2960999000135762,4.240811537666473,0.29156680339340474,0.007100535494500745,15.146096457366763,2.3653292714816345,0.005318262817176087,0.017238885596698762,0.004295125414777271,0.027236445764353728,0.030621273387535234,0.29175819978178796,0.05262795852111099,0.002496459668864566,0.35438138265063124,0.014905199084349667,1.5134762737792802,0.005993471715794011,0.005771065311381968,0.34078584975395243,0.023900546136477244,0.0,0.025214092448601393,0.004093403798321933
74.777,2.5527976298761645,0.010572481792728442,1.3036450445116043,4.237620241721369,0.28588413136438684,0.017422287895267705,17.97229728368231,2.273177289001757,0.003404669264254937,0.013909587975040726,0.007293054615727102,0.02322440542105232,0.04136718993021518,0.2893964020525267,0.052699157182403984,0.003562433868995707,0.3529429311425723,0.016727962943082788,1.4918271930011897,0.0030276867385225412,0.010751489659391352,0.3385342778014488,0.04671243832868204,0.0,0.03302448702597169,0.0036211970493734967
75.276,2.5546507571282113,0.0050150515243630395,1.3101634431744251,4.222987146035067,0.28424179490716467,0.013810644234345632,18.258705890336746,2.3072450001984763,0.002209647759065766,0.01769812269579741,0.00558921145860713,0.02245508480852316,0.02388206254356917,0.2888540420484311,0.05283469485220649,0.0015162199348192598,0.3516400659894655,0.017745067840959364,1.487681310659642,0.0050488135009927925,0.008932052859195792,0.3391388294774031,0.034468835815846616,0.0,0.029597089371121803,0.0028867205935795633
75.784,2.5497790320067106,0.0022725135124900993,1.3147392369925703,4.231028094188443,0.2916368347644817,0.011785166502956138,21.379127727675023,2.3123159895776104,0.0023604681705756215,0.018036566842883548,0.001984577945200517,0.009039204263084747,0.016685037926291137,0.2881298890250924,0.05101986241505027,-0.0011790502922954034,0.35363480499920197,0.011081723764932796,1.4823501803231607,0.003362106973227376,0.005428654422826531,0.3398257826082909,0.015782587010197174,0.0,0.01877623839194728,0.003602594748579271
76.277,2.572721316384431,0.016433782741380458,1.339350329976915,4.275477687988361,0.2923739274814156,0.027893195179319787,21.5540098581637,2.351814393626837,0.006725973658250072,0.02230355398672861,0.009179797938745255,0.024406490447214674,0.03737327406357886,0.2943569457299774,0.055370773634282854,0.003439694069699386,0.3578420621693156,0.023775078700385675,1.5088203614400117,0.008264745502629962,0.01051935873212893,0.34022643896378957,0.03071899845140135,0.0,0.01687548114111066,0.0015683748136730692
76.776,2.587862507955684,0.012669019506852284,1.3744591630840284,4.316876737136991,0.2982600601402588,0.006353751972929291,21.220866556346078,2.269321028634182,0.003952781077440011,0.019067760223509048,0.005322449282486715,0.018065371487593043,0.013654402382594457,0.2840458650239574,0.0522504784196978,9.064588694471958e-05,0.35342505754458997,0.012234966870120498,1.486228247887305,0.008171796678993292,0.008817193664034603,0.3383053916858026,0.016659514699324793,0.0,0.012337913892585532,5.244052980773007e-05
77.279,2.5554931198569344,0.009625397318350949,1.3227453109202536,4.323957560826641,0.3014544117187219,-0.0001150489881984757,21.088425205962785,2.2963383869890857,0.010217414677690705,0.01176562648916518,0.0035919707653739247,0.008884166918735479,0.004274057962557109,0.2887714278000344,0.05530160503482076,0.0003069815305352742,0.3520614502469687,0.001539817611490118,1.4790530174704641,0.0050950630036102115,0.0029628446621907615,0.34221647601201444,0.0006904834725680581,0.0,0.005749475746181842,0.0009568268950415054
77.786,2.5896623725345513,0.003870355513777072,1.3634828840327402,4.327626907473348,0.3132758208018072,0.014451984465237018,21.086716693095177,2.242485450850196,0.014320719804571069,0.010609118573887756,-0.000984297980647228,-1.6802298339481483e-06,0.00013305815889508372,0.2889032720864284,0.05368065741280049,0.0022894283108733345,0.3550082570404372,-0.002581545103652954,1.4900795505355913,0.001960566935030536,-0.002992122554798504,0.33607061155656154,0.0023383921745491654,0.0,0.0001275343204363465,0.0019564271911989735
78.277,2.597551161476713,0.00423905677624879,1.3856666181450523,4.325592330024857,0.3148320569465241,0.007996434121255355,20.656156036533037,2.287556293906628,0.01589090814836973,0.013494289256847576,-0.0013481941250748234,-0.009139294200624027,-0.02208392592551775,0.28967001693720335,0.05337466733395164,-0.00013680987783551296,0.3512191456188069,-0.004273357801394728,1.466623884512672,0.0028599501885188876,-0.0010680690773713143,0.33824208814455586,-0.014113108275724597,0.0,-0.0030767075476352728,6.574896493471302e-06
78.791,2.6020493977847896,0.01103629006214614,1.3521153767275582,4.371801429240059,0.3071510715062738,4.026760914425737e-05,21.330151652008844,2.339400803602437,0.016441427406498066,0.013063008898345297,-0.0016181525215700362,0.001235349849646315,0.01931333552025282,0.28686300106145524,0.054767350003998135,-4.85558443724005e-05,0.3540906665701592,-0.0006521136783822759,1.490052635958816,0.00044813916833207984,-0.0051237640096786965,0.3389530868679515,0.007998333235132203,0.0,-0.00032794539540756536,0.001944188597007997
79.277,2.5780988507383475,-0.0029295719897069203,1.3192428794808653,4.346795429658803,0.31197868399190914,-0.007014402233212699,20.757691751748016,2.2178390481037824,0.013333712915481792,0.007184838547337289,-0.007371254898816212,-0.012424188725889395,-0.0007235130797417958,0.2872187815760348,0.049269653920741646,-0.003055774786102049,0.3579479250517793,-0.012121371273802526,1.4790912194961798,-0.004734298877096771,-0.010360142949287481,0.33253847276524634,0.00046910657446493125,0.0,-0.00996491960999317,-0.0011029483064111953
79.777,2.5948502534553564,0.010577817088520281,1.3380365197163582,4.304581349599752,0.3067003237824039,-0.00509505499525676,21.031331140688604,2.2180794793471414,0.015748573106783896,0.011402284472883802,0.0009162549803623043,0.002380421465725482,0.007877354939563814,0.2904579139618835,0.05623357646254601,0.0006300775495136184,0.3667942413177234,0.005511629823273485,1.478380187352188,-0.004134601496387835,0.0005534060208185808,0.3332160831921369,-0.008294458590280832,0.0,0.00683636505622825,-0.0015273049610868234
80.277,2.6146905660529125,0.009629390899571046,1.3332768641494839,4.402353712790149,0.3263133273242876,0.01980758744478291,21.064982009980177,2.3313993383211264,0.01468650691279065,0.008467924695086185,0.0029799624984898814,0.01396160707541801,0.03084271389681187,0.29565638281015955,0.05924217827674909,0.005550641494254981,0.3645698226671998,0.009880230119063298,1.4954430729678965,-0.0012802337029871164,0.0014896977966619939,0.34113877388497194,0.019600487894232473,0.0,0.022568914684784534,0.003768389243642732
80.777,2.5931407450920707,0.0015062183411455386,1.3349562526345324,4.324808456406981,0.31072886726382404,0.0051084679389097444,20.994125975930928,2.329339748776006,0.014023020251660663,0.00667762866939163,-0.0012099825691903072,0.004182541777834093,0.009000590554780486,0.28872148714914725,0.05554002926133508,0.004963715270537779,0.3588756786610826,0.006245089534784034,1.4796314143249363,-0.0058170586073358335,-0.0026444952797114374,0.3350675396658708,-0.007307488652059134,0.0,0.0031854774764901515,0.0019325679790250863
81.276,2.5875574417870957,-0.0030954038833585886,1.3225892423125136,4.3631569893713875,0.30179826874068477,0.019633294224637204,20.70920422800393,2.189860391470142,0.0187089420781721,0.0048552345997299635,0.002185662844448013,0.014918014838469934,0.023826562012867945,0.2945799575309381,0.057513711447003894,0.004654025457958904,0.35850285777167323,0.011318052981338568,1.4755184439281952,-0.005630428796870943,0.0016385611475717393,0.33662499306862326,0.0003789842894479652,0.0,0.010522016186384134,0.0015180139926367726
81.785,0.27396326743320276,0.1511599950282142,0.10205274058804757,0.4328316494436094,0.03539374485588384,1.6925480493362277,1.7905274430628397,0.09701796949789111,0.2781627397041425,0.5871281373407242,0.05287326083763321,13.70705875793862,130.16021382586263,0.036455847323463825,0.004748185461948085,0.00966534632472294,0.050609676434735316,2.1012533938287965,0.19088108859728847,0.957657451557174,0.3912707282038189,0.04793028901395075,9.689536195023102,0.0,765.8330301701121,0.06528054413290042
82.278,0.02202665321340175,0.17116487525059523,-0.0584560973922705,-0.07856388376390469,-0.016063224807866257,1.8956264177732363,-0.6077863681705278,0.016313351407004476,0.30816159989902536,0.6422112003847027,0.05353302747873964,15.604618250211281,140.038121149085,0.0007512832491181848,-0.002575275390119427,0.006864905874861072,0.010960653894469307,2.3620185051153246,0.023986568536370826,1.0537884423344417,0.42738433002503157,0.008056201304935742,10.962809502611858,0.0,797.6096331231894,0.06989060147660926
82.778,0.0029295475199414213,0.1730969072056239,-0.08216480464631479,-0.023849593192482865,0.0022937641116781418,1.923759618266261,0.015610998477730441,-0.04194861790372601,0.3153885215411393,0.6663877860728004,0.05949721836582427,15.69456180521819,139.01844508888095,0.0007621492221395478,-0.0006641573650845245,0.008195688507628297,0.0033539253682192227,2.3936190682004392,0.020881874131007457,1.0861176041726488,0.43942083408625526,0.0048959436531379645,11.030098211296634,0.0,791.9567558233093,0.07451836358209454
83.278,0.07000332487643007,0.17453431853106352,0.007647281886425808,0.10892546089837536,0.020755916039053884,1.8901481576615264,0.8924648302305075,0.2212723564205658,0.31662726949352615,0.6734267642376783,0.057911594302344604,15.514948107688646,140.46994213159644,0.012964474160381111,0.006197247222015584,0.010689822070340475,0.009754547417139828,2.396117041409343,0.0454754168048525,1.0870042674103657,0.4358632101831203,0.01686319098743442,10.767215503745282,0.0,784.6067198413634,0.07478217145363325
83.777,0.06533425307621282,0.16673049676822416,0.037221265552357524,-0.01432018937007775,0.006161525561383597,1.9168785802978419,0.5743544809256645,0.17417497201526425,0.3195829612042163,0.6814766480524932,0.0575534775756134,15.665678484487067,139.90782972915616,0.00341524186693356,0.001411209655864776,0.008765709821894384,0.0033466800726717175,2.4120095157791015,0.027204562119694173,1.0967413586759744,0.44157683778195767,0.010835581915246193,10.940602395166115,0.0,787.1004540079963,0.07659595043966849
84.276,0.062307534576685066,0.18016168937597438,0.00745192881678809,-0.00529549312418004,0.008870323472820634,1.9513115064249766,0.32682021103233794,0.119230728702424,0.32608267878744496,0.6982970256068401,0.05929367588798218,15.73662088269522,139.7754076618591,0.00914051906548968,0.007016745227203674,0.01111480999987502,0.003391919161525,2.4411919029281086,0.018995094281774795,1.1167254450325208,0.4466244893246875,0.013842042256227401,11.003869095625834,0.0,787.0899091799862,0.08346560767976138
84.777,0.10977889248978775,0.18263392466113879,0.04966697742176432,0.03478424116030876,0.03063742575323119,1.9513620526073638,1.0462589149715953,0.07800248557860077,0.32791756586257714,0.7000761689074384,0.06314109458079603,15.734879389774578,140.46415074640984,0.01073039386092289,0.007614280674849431,0.013967444329059225,0.006221225202951678,2.4313240429184324,0.03335685087231837,1.1139178552932913,0.4523448558304023,0.013257789067400601,10.992424136459274,0.0,785.212495166837,0.08508299537436773
85.276,0.10725140542252316,0.18302909107345766,0.12642057028744424,0.0014718363232866186,0.006276952048924598,1.9279981583948245,-0.1773504656181653,-0.08290468209471613,0.32752246233231125,0.7037946558448799,0.06006292523324081,15.743303922858699,141.10519617004226,0.005903800482588442,0.004243493195589055,0.008795136394998307,0.00030353434093601423,2.441384392693843,0.013034011583616454,1.1141286738798293,0.45272707494610614,0.004895199566970013,10.976564332396261,0.0,789.44704404075,0.07873786598284094
85.777,0.10431260409220733,0.18430447010427478,0.11458029602779618,0.03091281430745998,0.02308951514620511,1.9424923858445018,0.9173640203794221,0.1003815525086956,0.32598714345173846,0.7018146431122986,0.05987637707670564,15.789347299076113,140.54843922670824,0.005135464617195698,0.004832508891676463,0.011977737237520275,0.0006180976691155083,2.4542322802172274,0.016163509479174457,1.1226673217433418,0.4472156474960849,0.007619551949578688,11.004995809122612,0.0,785.086718983329,0.08118714279984
86.277,0.07973664919382298,0.17982013675874112,0.11033570799013111,-0.020766052203091055,0.014133671632659984,1.9387668549810484,1.6961583849195097,0.11806178307411029,0.3280377623244368,0.7059764094896641,0.05836669448997191,15.916676802223,139.94048859632798,0.006024526460507562,0.00932676159554666,0.008798035191896115,0.0033769539834020454,2.4681262928661836,0.021060645377274714,1.1239473684409684,0.4493730917601835,0.003108330079131578,11.018954994055383,0.0,777.5960806370099,0.08381677548331334
86.778,0.0730522518260507,0.1755160170396672,0.07729977078853088,0.1170747108648658,0.031795823897805824,1.9474398342145047,2.3118136878527378,0.18969215882541948,0.32653630621068197,0.697781380207225,0.057449983013067044,15.61319322960754,137.45001072095704,0.015434799543883552,0.011679514054139271,0.01220203499631423,0.008758394295733852,2.4267019147322206,0.036032027897304815,1.1187080959051299,0.442444533056192,0.006401283284406114,10.889423758857868,0.0,774.1012216009107,0.08179447567157194
87.287,0.38246708539640684,0.15380664455438567,0.23542252724421886,0.6166019366293592,0.05813217237118234,1.703167773700744,5.886973085352928,0.4463934423664367,0.2870080822659409,0.6075944058344774,0.04694562679770548,13.866903282740896,130.39185470502247,0.04235140802445452,0.016448026706741663,0.01161273464816541,0.0522671401685949,2.1305499056058195,0.2035669686670784,0.9693594047360319,0.3935530823547137,0.04416215135580312,9.654334318539457,0.0,752.2748758474744,0.07450949330498141
87.777,0.028523912722928507,0.17303395123842608,0.059915903103053766,0.024630100548970954,0.011834679067118025,1.9305691150307147,1.346077353514616,0.09762429264277467,0.32727459599456793,0.6913155653826629,0.052529881110020014,15.794859883157478,140.94916345972723,0.0028373740991782886,0.007521776470714729,0.007928180483187542,0.0016721676366825942,2.4268740748540205,0.007128239943520566,1.123512577178019,0.4512268249571678,-0.0004738544457320822,11.059803697219152,0.0,785.8612267857834,0.0853464448744328
88.277,0.056668025275313394,0.17342995079304496,0.061146436080881036,0.125782767946649,-0.0024379078806023927,1.931500281569283,1.4325182513221097,0.23211658646088518,0.3181682413174133,0.6701139568982747,0.056034150866657854,15.870501489778015,141.56450534208577,0.005073639298576039,0.005882613466180778,0.005115033838755238,0.00806455313011116,2.4011819037117808,0.026960069444407167,1.0940573860912886,0.45187909746072996,0.004417415628107299,11.095419124445554,0.0,789.4970833878657,0.07829017986562554
88.784,0.32232374175512496,0.1634507026823748,0.20065504063990747,0.4997838040827109,0.0306873623052592,1.7617967417423566,5.368409022112548,0.5257846555033358,0.2860674819965402,0.5977020288601618,0.06073770975812842,14.437862459389613,133.75416378517323,0.041286285164160774,0.01392900160740563,0.009915461921000915,0.04738327773282576,2.185975036679254,0.18447354609956876,0.976089367726321,0.41203437227912315,0.041151040056202653,10.186754558850385,0.0,769.5446136567799,0.0700935478131376
89.277,0.03678765720483005,0.16248863037281702,0.06581577671250381,0.04319984073067142,-0.010645407774733608,1.9138262545211902,-0.055676404726354066,-0.014407485697329702,0.3049360831926672,0.6482570613820545,0.051432785390461803,15.843607504316038,138.943821010363,-0.0002217091105165318,-0.0036178198865486986,-0.0037294481668770215,0.004509819683964418,2.3750841142690544,-0.003607854442153863,1.0656045321007637,0.4413453103343679,0.00068860596319752,11.30152763534265,0.0,796.8173197493963,0.06998463148975148
89.777,0.042043300888895574,0.16730672078327832,0.06255641206916611,0.027968919206670252,-0.018752056580285417,1.9299278801299171,-1.3094862136170173,-0.043214977857781195,0.3108624316145814,0.6621343885585493,0.06028146471110326,15.691033038416789,139.9161917296918,0.0014559007509663477,-0.0012886891631445129,0.005733245638962085,0.000496891839693119,2.363390027301416,-0.017572934534764745,1.086966399736225,0.4637281103301038,-0.005161310827552624,11.27941635112176,0.0,799.1998802674486,0.07108325649655664
90.279,0.14121578810751073,0.18975743444102758,0.14318717491153887,0.22725447187705955,0.0009480752869010143,1.8844203505083945,0.4460388744161005,-0.052920875328674906,0.3006119455094647,0.6613414749609955,0.06184245771077287,15.626338487652555,140.96694766116084,0.01182284256059683,0.004642839429655795,0.006580326026633574,0.015175962544182551,2.367057789115623,0.04889159481576553,1.0872177886890282,0.444883639116883,0.010910591688482638,10.883817368037748,0.0,783.4881758519065,0.07215086759120348
90.783,0.294865033422695,0.1774310614363842,0.24760295508703487,0.48259873171789325,0.03201862588559987,1.8031414198721512,3.2860115443161932,0.36308489336889543,0.2864735610178952,0.6377938017390623,0.06371059115662041,14.710684132596406,135.3403279447045,0.028456581622318036,0.013569885244869238,0.009964988343612351,0.03222314339937188,2.249924835741042,0.1369142937364357,1.04275069994702,0.43087552746425084,0.026309234030251823,10.302269797761204,0.0,768.83496000788,0.07360708657093022
91.285,0.37067201021768814,0.18230586000939633,0.2615880295098899,0.6071637654521336,0.044204920949847175,1.725452883292077,5.410952444580486,0.5022491364295945,0.2792553779991078,0.6187299284264381,0.06266397642891092,14.38351627037273,132.59615760720055,0.04067599932347221,0.011851161151591004,0.011774676038482278,0.04097656058678547,2.204631671419486,0.2065064988454126,1.0169455840622095,0.4135886391898634,0.03698812141234296,9.98865530946304,0.0,754.4432393696499,0.07055868494919128
91.778,0.11187696348300818,0.18935144954299726,0.1005071136287572,0.19331140423698642,0.01925627658600326,1.914864576277426,2.0419497611602155,0.3232652187110659,0.29826326639279455,0.6622990157439073,0.05828195351638889,16.001583065697123,139.63996696191288,0.006782175642396137,0.0024710254382740247,0.001911170764040435,0.010312385874918185,2.402556710491093,0.048419117745842864,1.106293043406578,0.44839866977629417,0.002984920318181619,11.152228127467179,0.0,783.0434770148108,0.0716280757366635
92.277,0.056193105741165345,0.19030910503638715,0.06760526555142374,0.07003405080220763,0.0054006784858389315,1.9522449626205325,1.0494958596890869,0.13260933390724708,0.30520573899679976,0.6846206072834726,0.06118749434497207,15.985505149908436,141.74390571813427,-0.00024041422464698438,0.00010244071530985555,0.00223114496606287,0.007262014086377733,2.4071549053273458,0.012448779583362064,1.1252506197186802,0.46723204821889447,-0.0016459169991645975,11.257030960234662,0.0,795.7861463028481,0.07318312934802242
92.776,-0.008014952197519963,0.21318588284869486,0.0019353231118238135,0.07331912723238675,0.007335639826632018,1.9581939563241189,0.9397179932069799,0.2477918018974894,0.3156614637686315,0.7089581226754325,0.06167655955320755,16.095249020182575,140.10970704548086,0.002570765606360372,0.005800652617377957,0.007927197174006459,0.007320330850878442,2.434472296851037,-0.006191363973140482,1.1591153725040717,0.4765630555368512,-0.006936317647486894,11.247980390836354,0.0,786.1497890086716,0.08201113110712964
93.275,-0.04982809042554505,0.21606290472448306,-0.038049465476362,0.012874661868361151,0.014188375355142708,1.9484109619216932,0.6159942622403063,0.1903247914800947,0.31860484193133914,0.7136546946911528,0.05646546227195754,16.194293766696024,140.83592243929513,-0.0008467007182105513,0.003068360072876189,0.004080351553243151,0.003801790975863162,2.474261908029929,-0.018783146689542413,1.1691205155904,0.46268995618950964,-0.006494234137242653,11.131472080423315,0.0,779.6493713658144,0.07925757132536494
93.786,0.35287437657198556,0.20672105093377177,0.18189713677843622,0.6975616880733321,0.05757392067755935,1.7377502814014785,4.545441055453397,0.3976188510319794,0.2776889455468324,0.6298457511607906,0.05925909643365838,13.979110199881138,128.2714824991359,0.04811210748487858,0.017104655626120627,0.015496303047470666,0.058134166646460525,2.1560834147546473,0.19485381458743178,1.0223624507950857,0.4252661605130365,0.04487427536266182,9.70904140299246,0.0,743.8758215275599,0.07465548888640137
94.277,0.026008815749724704,0.22473612915459185,0.011110351588098717,0.19437050714181042,0.02547555335212424,1.9385297835405133,0.7806690035334354,0.11806944212387181,0.3139249066744414,0.717625751578968,0.06276491118684831,15.623947428801438,135.8562952623038,0.016396648485045476,0.010088879917749694,0.012899161156799264,0.013575169827936207,2.41782395609626,0.014093099091017145,1.1695877157410877,0.4730956429084272,0.008239356437116532,10.650045392760179,0.0,744.8339680605723,0.082638822570528
94.778,0.004244196690697785,0.2242143120919786,-0.0069725608658425245,0.19071217243639715,0.040592212906889365,1.9258449505557593,1.3518787259792209,0.1829950329614943,0.3103218459610283,0.7125110937774626,0.06195148660572398,15.895799373026819,138.77602458730206,0.01053436068410504,0.010212004653429045,0.00924842412402542,0.013832729760158622,2.4663882217359747,0.027687239460273076,1.1684418551500217,0.454412757034072,0.005811331534335412,10.645597707917716,0.0,734.740236770012,0.0800667428540248
95.276,-0.04002993461946078,0.22652535093350248,-0.0324601723740842,0.21163579485351675,0.02912420395994046,1.954239166525565,0.9607174313571,0.3617563872187879,0.3175300599016816,0.7221097745109946,0.0638978819996948,15.83788646121936,136.81975668065772,0.009665904435753875,0.013051964439932695,0.01567371001250216,0.011569112329768727,2.457664502848268,0.01854123769659395,1.1827655869320313,0.4789401431052901,0.00339242019661012,10.71773835171989,0.0,741.1939333090178,0.08545193023243748
95.787,0.3415387814760146,0.21002472603181702,0.1791759644430559,0.7582186641277164,0.08236371482317359,1.705240727718493,7.788673262756615,0.9910486981337253,0.2757319050819047,0.6237506154813234,0.056802919076345965,14.077917255869895,129.4274262568289,0.04209395922228403,0.018339058614657594,0.014362112719025903,0.06224732227588794,2.1635210472375364,0.22529451362078232,1.0145178729660906,0.41195373116980777,0.04929148926914206,9.468463695612428,0.0,709.1860159154179,0.07230314218969887
96.278,0.07315325559686699,0.2392058276508652,0.09882810263078505,0.214535704989358,0.03976528292609442,1.9488329009147303,4.03009026459747,0.5401384712710544,0.30712959244160143,0.7072650394811051,0.06332024837583505,15.605668364962966,137.76292085509692,0.01676732262687693,0.012176450052028597,0.012100460513031298,0.016093695084422665,2.410768375694667,0.0498461860072563,1.1588976903341226,0.47033186190874615,0.010770430999783986,10.554471453140831,0.0,741.3541592726076,0.08092641705149452
96.78,-0.00908047111274596,0.24375509439913912,0.06580944684931217,0.11236084373924406,0.03781292176486662,2.015056010625801,2.043024344479421,0.4233574834637872,0.3141222279316987,0.7206690981941389,0.059473448187589734,16.201108141911277,139.9410693746358,0.0027780720623650354,0.00881162708437115,0.009822829361881724,0.005705079430141824,2.487975552988406,0.003415657666064605,1.1838400204889048,0.4684281050874281,0.00011846361143295297,10.82966470608942,0.0,743.6471887983765,0.08562833616012787
97.277,0.003323310696057191,0.2452701006590744,0.03541805126197356,0.1694792034027081,0.03390901788942771,1.9691336958068664,1.882025068413787,0.3498846492334612,0.3101076669128952,0.7032239652445491,0.0610510419788211,16.042032322763884,138.8687314756041,0.006524500246789256,0.0069410954014511314,0.00927717198550791,0.012188022131735785,2.452010714851844,0.03277493127363439,1.1560379529199276,0.467706109522321,0.004487915356639364,10.801014972638798,0.0,745.3352603181485,0.07789595402356649
97.777,-0.01097286595738311,0.23863654482688723,0.0016039123852053608,0.1933587447376775,0.03222697072965229,2.006221901782308,0.9013018876947867,0.23389292512215942,0.30476936471898236,0.691111084917813,0.060977505715210746,16.060115610124313,138.96642373326594,0.0027041286388926155,0.004586924754403061,0.003082305739194542,0.006959192220335695,2.451657257073928,0.027706083230336447,1.1472368118881437,0.46058578735185535,0.010168133428137655,10.875487912420255,0.0,758.6910189636424,0.07982555685568825
98.288,0.34859520041729736,0.20984972113632577,0.20922845825868547,0.6005545340021423,0.059845856065877875,1.804321598414785,5.540700085824484,0.46076085825691215,0.2699562645119609,0.6129952324122825,0.05960760560760837,14.32021855096658,130.7693704405344,0.040415368705836244,0.013508548980014757,0.009262390522691124,0.051727436300593656,2.1799034006821043,0.20402402925290516,1.0025223588054173,0.4174629269276144,0.05625684745358027,9.741089422932284,0.0,739.4318984470228,0.06849294036684643
98.777,0.012071045995607956,0.21630678138464185,0.02065805542095737,0.10964324052190885,0.018373661618704868,2.0503684950701375,0.24083642172464942,0.14013723994699775,0.30049738050421887,0.7015183307156757,0.058518437285287515,16.373927885807284,143.32082483667318,6.010355616182906e-05,0.0018841524140279738,2.917370776712536e-06,-0.002689544838388477,2.476291360616605,0.010123844586090116,1.149921666846043,0.45728122179146935,0.005431684892772577,10.980610063673407,0.0,774.1817632383992,0.07453258898721288
99.286,0.44609911370808925,0.2089029227037303,0.2769906348341268,0.7494369751153359,0.0646050430876929,1.8377032209235415,5.4192684714159265,0.4474525082153118,0.27304984048735287,0.6261579363882196,0.06439278323572384,14.414210014726192,133.75703934700198,0.04366368664808698,0.016501140538722273,0.010920679234085517,0.04786226323989415,2.2155725467692817,0.21722859146677714,1.0108769630844083,0.41445978067824424,0.05657248467252549,9.698327999197282,0.0,743.9326343339792,0.07120973065358868
99.777,0.08754616963718992,0.21402797222681533,0.1071513161089565,0.09137946444439657,0.009677449325684795,2.0765724367788807,-0.004767619932663111,0.003393597478934441,0.30434496331444416,0.7014483438568297,0.05796161968482402,16.387898274168123,143.02465121562037,-0.002705797023647068,0.00032783740291686755,-0.0010492774326167095,-0.0029718197567075067,2.4758437303134584,0.004777522768907422,1.1589375050370967,0.4616997516123235,0.01239100240021422,10.969264992961515,0.0,778.4489936674267,0.07698865753035584
100.276,0.09737632528642819,0.2288688829762409,0.15012376375828385,0.13339624123905167,0.0006582699344996536,2.102387956565445,0.0016694629128981152,0.038685827805834766,0.3024938682733056,0.6985470730322798,0.06649424647386531,16.36582226815759,142.18018283754276,0.001670760233387686,0.0018239273054474036,-1.0502547052337526e-05,-0.0017891662317355904,2.4696012913816356,0.0015791484856772138,1.1469403535607494,0.4751195458481214,0.007712451764418252,11.099673550372902,0.0,785.579161805923,0.07273857649877186
100.778,0.07157834111558939,0.23650188850574969,0.07736876807640368,0.21755709918529403,0.006053631352231673,2.061022416070072,0.5214657735734761,0.1285069898764695,0.29483266672715436,0.6804826549449831,0.060349530582556425,16.35592197254074,142.5496202981467,0.004435918863635491,-0.0018251607464911334,-0.0023270982120737384,-0.0018514923846459348,2.4690321631500427,0.029486249985131417,1.1352910886986571,0.45196957112153835,0.016204233778450865,11.03158425501394,0.0,778.5096048270595,0.0738458942896646
101.276,0.002807483453699628,0.23921888438551714,0.04918930808652251,0.10792217265911577,-0.007631676626543038,2.1180712371316237,-0.6486751103350185,-0.04024486920046379,0.30148136843230483,0.6919260171731796,0.06625149043159827,16.54188725217557,143.4926384654219,-0.005855797625349689,-0.0036619243738492007,-0.0015060459322283038,-0.0055096826875487845,2.4944090406575556,-0.005096333574438485,1.1548864609169545,0.4702671102797311,0.008158656831801633,11.235087460680976,0.0,786.9919695475411,0.0719005222660236
101.779,2.7605863504209953,0.058866221625819656,1.425049182955513,5.134676111838093,0.315895886402884,0.06659599910619145,26.451826507596742,2.339739049290829,0.007501468475170582,0.02504289511622141,0.009531092385378345,0.022708168447870478,0.05305936847041472,0.29414974292937934,0.05638060721478975,0.0044890354519772375,0.35597866725389327,0.023252096308751292,1.4868951758805684,0.025984655798241458,0.014294305019696479,0.35050004093273207,0.050232354124377265,0.0,0.12626293402771296,-0.0008262626780702606
102.278,2.712077661605118,0.041528585419356355,1.3833145839187593,5.194462306604253,0.31954175563285614,0.07601130102797027,26.63343964718965,2.3400171774139813,0.0032615323793904953,0.02358927831106873,0.006498013628168845,0.017871498821729913,0.056919455015681464,0.2929907749097067,0.055524805475311224,0.003226136786767105,0.3513955844083119,0.015320872106344578,1.4886798277127824,0.024348071875749257,0.012456494795702249,0.3536951003500747,0.06041439116929533,0.0,0.12139926444973956,0.004327232099131291
102.776,2.716198108267887,0.027740963953956015,1.3620215342928126,5.280302883464619,0.30924017640370566,0.07073517847313227,26.772322841762453,2.4615162323693913,0.0045328877597534305,0.01854654523540861,0.005051679886576676,0.013810445564944374,0.03793057426481226,0.29453157126642704,0.05507778533198509,0.0005605313033006464,0.35206056024944726,0.013338818941707737,1.4830130404826847,0.01572918672882634,0.010965320219256579,0.35495527035914015,0.04161939764646285,0.0,0.09783353198258841,-0.0010153024399416225
103.278,2.720875572846672,0.026292749333657543,1.365689673116398,5.456682860504726,0.30546682325932156,0.07424509395036455,27.26662418008921,2.5423475603037606,0.002172232126804175,0.015021586894530285,0.00999643351920213,0.03264345439129726,0.06255986902177697,0.2965616627049828,0.05864931519886151,0.002896308212989232,0.35286529586380283,0.024454150207754648,1.5028305685792767,0.01255396248327817,0.01977685703805274,0.3567254717807919,0.04621021707803556,0.0,0.09097102813284921,0.0007969678869295293
103.783,2.7305523743552746,0.014738975402039924,1.3554164021111696,5.501001533767037,0.31705457519839253,0.06214306155903302,26.509418449624395,2.54954581201938,0.0030133476133660203,0.015075072766365731,0.002328991937577298,0.010405113582961515,0.045324480498194715,0.29267231230999163,0.05681441238655967,0.002696033590627947,0.3503964208642386,0.01191171607350903,1.4923010789382039,0.00943461929810014,0.007535101673496314,0.36002924973278444,0.02202151233833697,0.0,0.07645652752033495,0.000600994445953281
104.284,2.7142786135434336,0.005329087923597353,1.311717440245016,5.57635057010398,0.3092802380596459,0.055593266918337714,23.169264797429378,2.301249603751566,0.003954224800863667,0.009521850947985447,0.00438563891509617,0.016801226843055024,0.03246741475261287,0.2952242156086509,0.05465446731597326,0.0019267038825774197,0.3523705991350118,0.012699959174005071,1.4880998371688243,0.007873130481236192,0.007092521255262824,0.3571127552253665,0.02933485088234314,0.0,0.08169939240304651,0.0004251943965373223
104.777,2.6833982596048993,0.010125491154161134,1.2646622864445813,5.641431492409143,0.3067962582052752,0.056988994270295704,23.256150773363633,2.3406760327992138,0.007380059279157805,0.008524850232368219,0.010215985300030758,0.024752870635009062,0.061048321613096125,0.2987410058191162,0.06067787548097569,0.006250472006935808,0.3594381766100032,0.024287027364186628,1.4877833068112558,0.01099499674234187,0.01717583676095583,0.35844408748944395,0.027378757665339454,0.0,0.08464133730068414,0.003446656135850153
105.277,2.675443758181099,0.005527808624609901,1.2628536345178099,5.731977465263324,0.3220414790899776,0.05939429686746844,20.729930117189287,2.1064481463159708,0.006660930939957504,0.007819984371641216,0.004376519279911015,0.013907866832234063,0.05157595060600706,0.300846300577486,0.05685972656706862,0.004502252623485742,0.3551928517245572,0.014802734731205514,1.4876764916968208,0.011133476152790896,0.00687829407813165,0.3496783254448717,0.034107673122373554,0.0,0.08139369903753654,0.0040910998467237145
105.776,2.660827313369045,0.010892074732733082,1.2744016188708736,5.761551167803772,0.30730828031115764,0.06613318406789591,18.252058834377877,2.147929937139564,0.005887340320081266,0.008194288398048663,0.013309426292232472,0.025211633820689815,0.04997945697308206,0.297812367055912,0.058632694222693266,0.00583743825774524,0.3573236528760134,0.01876562193463512,1.4946122047242922,0.011900288455893845,0.014384553194800063,0.3472234024806372,0.04792732914790715,0.0,0.07151196439496958,0.0053791990260101865
106.285,2.692498021372482,0.00881420230447826,1.3107837322935698,5.864183649715742,0.3131667078212288,0.07562627383264395,18.035207805219628,2.0045739952551633,0.0037408182148086933,0.014619850591192144,0.00983750755339158,0.01990218592062158,0.030735174969356426,0.29465937599236,0.057475859593352996,0.005674000604057429,0.35402581832094304,0.013334845543543571,1.4854629156306807,0.010607131571014195,0.013271117085073714,0.3479739833038135,0.03131028419942351,0.0,0.05412744245771381,0.00432433351379458
106.777,2.710516319977502,0.005991276561311786,1.3578165431437013,5.904887349774999,0.3057272132571153,0.08016055896828791,18.154077269726315,2.136468062460338,0.006568725293664228,0.01384532412664578,0.013729425857040123,0.01848209951040269,0.05521790904523768,0.29501014831800026,0.05974951616739818,0.006813738125464448,0.3587100142901256,0.02642495464117513,1.4988574378768933,0.009315028034272867,0.01595921975300074,0.34937582170945364,0.04747964554419648,0.0,0.052543627489089,0.006009061593721367
107.277,2.718763391449245,-0.001550400092647007,1.3618854250092973,5.974542618163625,0.30918053593624595,0.07145453449963646,18.366978464269337,1.9429200145107592,0.003408892515424546,0.009800036016037092,0.009473907799955503,0.024651610812980066,0.047918643529339756,0.2975087304745536,0.05829466895220577,0.004463104148813627,0.35797792904458975,0.0180980206267981,1.489230855845692,0.00782241067164927,0.01270853145293143,0.3464610371043043,0.055845916272773605,0.0,0.04494014195043294,0.003615300490222895
107.776,2.747889130116202,0.007127117395074692,1.4142897591490993,6.036087478216815,0.2892634926975174,0.05349066269790878,17.72095917649612,1.9626630040137434,0.0052469597264841305,0.007159507584667749,0.011174648698958338,0.01988226866968417,0.048841222742142774,0.2937968868571263,0.05657721177921166,0.004950324714326746,0.35822966930163136,0.02035598155415518,1.4906484408119955,0.011383328745296213,0.015408028990787213,0.3447750231366412,0.022705966672096123,0.0,0.04662404976701416,0.004684385059309518
108.286,2.738086758965975,0.006749046187523221,1.3324724333539226,6.135068489762302,0.2894636090439504,0.05479118949572967,16.96477794455137,1.9913099660638063,0.004196851610134171,0.0028448942014133254,0.009230465710901565,0.018121029822084148,0.047341672704229606,0.2972283370787329,0.05519025297988034,0.008314329708665646,0.3598790715132991,0.018768065708028175,1.4921024095489306,0.00887311541123427,0.012946202273152518,0.3435468486535576,0.052035123007479804,0.0,0.04745611966657939,0.004363845118799182
108.776,2.718097710803111,0.007246227335084196,1.3000130498250249,6.0470256751433435,0.28504803851503213,0.0333614150628833,16.897527283687523,1.9099096694159063,0.0010307957917281359,0.009314542570167167,0.0076240962447267305,0.017465558212771338,0.034400584210651494,0.28869589237347465,0.05356569549276955,0.0018663989718323546,0.35929587979990685,0.013902377104603564,1.4929368256640887,0.0065688988303055345,0.014638156027210653,0.33903799054974726,0.01392161736574687,0.0,0.058308453524819795,0.006125766707248048
109.276,2.7228802575429674,0.008610423192529965,1.2941047384818953,6.048797127270731,0.27838933278819183,0.04294131343144061,16.862529486269633,1.9032958838250749,0.0005289276626882315,0.012126114905158374,0.008982950474395976,0.014938249481672569,0.041494122907552486,0.287723894332665,0.050944098221542104,0.0016997663157152837,0.35444764852996624,0.016036711494300426,1.4850509271392693,0.0059167843928851814,0.01895995665867694,0.33520517475157313,0.027447774503848044,0.0,0.05828720567504531,0.0026390241494882493
109.776,2.7109003863181798,0.005943847858542544,1.2036878232836503,6.039497931606075,0.2812449819996422,0.04229098577088263,16.153191841084467,1.8976011934023547,0.0009290862518945164,0.005804688987496648,0.008354965634590815,0.010414986249207225,0.03392368550671188,0.2888372876283578,0.05337991057886841,0.0038109156380422256,0.35716091038729403,0.006654784447496172,1.4770803582286203,0.006705707035157213,0.018668019137004443,0.34280642613058104,0.022700284387918965,0.0,0.044379917635594734,0.0043496248942461084
110.286,2.5252696138370454,0.008306150013226722,1.181048308220858,6.0264356424984395,0.28013591234711555,0.037173607533987324,16.119738387679714,1.848357612598228,9.404097733525805e-05,0.016512830290915315,0.008216982190480492,0.0026313623102133523,0.018597586701267894,0.2909469611863344,0.052059374674083364,0.005402336957437386,0.3573621280247818,0.008241091149613303,1.4936249482037955,0.014008329824850483,0.015071815590863713,0.34138142089251095,0.007964430610598627,0.0,0.029596617885797608,0.002434918516663259
110.777,2.505523497954437,0.00043059251566018555,1.194650910988885,6.1719689210940345,0.29037330905094527,0.05428425331174393,16.437961008061894,1.8392859661371166,0.004998452344605407,0.01713889587178878,0.010708246416770957,0.012919954099929293,0.03388159048209333,0.29264142725839903,0.05544832096821146,0.007430516196892227,0.36047415893216916,0.018414090256193397,1.5044845430234013,0.015852843788762932,0.018650292789638832,0.33914787906242305,0.047878198611956545,0.0,0.03034839651010184,0.005629786822573117
111.276,2.5138188139431294,0.006003283111736451,1.1757520392481693,6.050031808380088,0.26777148534089673,0.021661204326789304,15.758346272095272,1.696438138800085,0.0029771198857936874,0.012761618082955827,0.008378322917688313,0.014051945767390871,0.017866821171907795,0.2871784952985338,0.05034419180876211,0.0033117162256409527,0.35983306545824095,0.01306895774481578,1.4795196188407487,0.012580155760027821,0.013328310333459513,0.3351532420633404,0.00015219931489721065,0.0,0.01829405416499963,0.00422664585616205
111.776,2.5129312416322733,0.004209068017290488,1.154934689652855,6.117125730900288,0.27872775565221064,0.02152408608118971,15.682203902721628,1.6484861666443054,0.0042581180862420655,0.010475843801938521,0.0036481103538181284,0.0014645224744257578,-0.007446355120832261,0.28698273920560374,0.05110307569296411,0.003497884776877609,0.35841418193989083,0.0018569542352092903,1.4905109805487016,0.01717060199382582,0.0032239394695797283,0.33332743473410376,0.0191012292230599,0.0,0.016650622114687458,0.005800705066766032
112.287,2.3464026073292423,0.01060393183216025,0.997297265615039,6.582075325586005,0.28732693496188116,0.007860811177579348,15.847254900463431,1.692997771440285,0.0038109479073803266,0.015415265003451818,-0.0005993346682431042,-0.007980474085340503,0.0007704457628439094,0.28860246071398477,0.049722128833825555,0.003685569300460133,0.3531707435937272,-0.005318601155686788,1.4933345144146757,0.01700482007190007,-0.006111941390852493,0.3348286969212733,0.007289968917260879,0.0,0.013059786628644066,0.004647346111055359
112.777,2.3261479558683726,0.013380553330909428,0.9613567539663467,6.507259144806416,0.27626291487404436,0.012709832861992908,15.717919186784796,1.7504057964176398,0.0010693416377322961,0.013161477720748235,0.001768387601121231,0.0006945180053391258,0.006856439887822297,0.28609527471314683,0.05246018425907417,0.005128924287838219,0.3525147953677133,0.0003516275407297191,1.4958640488470185,0.01773374572997145,-0.0003724164834417203,0.3370860795208699,0.024280151109498733,0.0,0.012723949791161617,0.0029587358418878143
113.277,1.8150951444029781,0.00791133202463988,0.8803623309776323,10.095192525374362,0.25402764014888374,0.014309884770517438,4.802993810220885,1.4561635136860336,0.003668876698249227,0.012220826028384006,-0.0001531278042805791,0.007102455748778172,0.0032842325029850935,0.25109712219795594,0.041143222338461384,0.0035280550826793803,0.3091261834897813,0.0022001772858268793,1.5769298837688637,0.017929793201260424,0.00010344474267524951,0.29049952191105977,0.0353373463036498,0.0,0.012718515997505278,0.003939507439205405
113.777,1.6519111289087514,0.01233304688838142,0.7952770186371617,13.05613195465467,0.25381643068961773,0.014448992687733708,4.864490184695493,1.4565723522555079,0.004975107546515834,0.013860762123310475,0.0026445202994870845,0.00746100543271874,0.014537001854990617,0.24980344370130544,0.041932362975331074,0.005138043503794191,0.3174706387377654,0.005429662330974094,1.5943411346832865,0.015007796443065978,0.00043002256307882896,0.2913462077292186,0.04950720389325541,0.0,0.017069650783255865,0.004068701714238294
114.278,0.14267043701431625,0.010506040504892886,0.09898351857485423,0.668388566628158,0.06756181802007731,-0.0020839808648818493,0.2460268816243937,0.2416532313766523,0.0064103149782119015,0.013320712962885381,-0.0013864136796580186,0.0007235430098726075,0.01057603180333749,0.04605630633562952,0.010898291700628783,0.0027444391764777456,0.06439068258226853,-0.004514976476819637,1.3278240955981648,0.01325405616844772,0.0036092920537938726,0.06016324596917893,0.03547852243306107,0.0,0.0133599120923475,0.005409441516455076
114.777,0.008093488406890077,0.017501698329614644,0.018628609217767492,0.2661989783270846,0.012708224387013686,0.0038229318741256233,0.06305787608420364,0.06181359872660678,0.005337405431132263,0.014918396562783681,0.006447264139232238,0.00605115356722132,0.018712300755125456,0.0037812535463684718,0.0037135570178196886,0.0037283037220322665,0.02040950338911019,0.009550748281879852,0.04819407270443712,0.011674379109918535,0.006160744358919846,0.017416810342096703,0.022660891759801224,0.0,0.01659227326465338,0.004825649886953102
115.285,0.007200538976520663,0.010578663674907245,0.012233887539298445,0.21836172799808296,0.016551456206308553,0.012544841135898325,0.06294781404718212,0.09875212877561784,0.0056156176215501,0.014407521628163463,1.3623610356267594e-05,0.0010923815816086108,0.014189618728592583,0.002511020227117447,0.0015911230373828176,0.0030250284277402494,0.017493844010732246,0.002690438476613845,0.06290256565220166,0.011322089458891646,-0.0007410704307046882,0.019698282218167884,0.025882075434879293,0.0,0.01574717859349415,0.0016112183703443225
115.777,0.008453382629014202,0.01861420044974998,0.009793837465208299,0.20038366186412593,0.00023687112743712752,0.004966531779947528,0.07521814868672956,0.1048229918633602,0.004422175581671475,0.014575034697601024,0.010732134695804602,0.019957681657024072,0.02583221559774379,0.0026855216513275025,0.00272920247234566,0.003318742473730503,0.01812654240927896,0.02028142005045292,0.05687604167575727,0.009252214690441445,0.015191664843197316,0.016211248043306415,0.03483779915522883,0.0,0.017514017385588606,0.0037325956264223316
116.279,0.0178364361264764,0.022241351628135467,0.019203893179469522,0.21252419039701853,0.012197575196135107,0.019308039955398575,0.09487856604808652,0.11027771027615131,0.005918029322061599,0.01530602347383772,0.012546703446812697,0.027172346830269558,0.04387930764299748,0.009602744009295672,0.004406870277000291,0.006140779236538533,0.01723788424100179,0.020145642672361522,0.05097365652176768,0.005986472986809366,0.01313660316534736,0.01929187066483635,0.0709217057781793,0.0,0.020828304427387707,0.007903347052153838
116.784,0.019045761945192027,0.01849342692464184,0.034619112534391,0.19690693793324945,0.012912115652283404,0.007143265855661474,0.06308053716200247,0.1005125604342075,0.007174542548465188,0.0096198721825025,0.006652747555139054,0.009077349095878904,0.013026940848276696,0.0007704310011926586,0.002559643275766996,0.0036968209251783783,0.012661460950367463,0.01259390984838414,0.03544447033842786,0.010242598075397845,0.009821824672728704,0.018771714400379745,0.03402067324630257,0.0,0.022079282146953896,0.0034821200787480745
117.285,0.020858846892532017,0.015799572004804332,0.030904841275595285,0.19831114064027994,0.006455100151571042,7.8894739468024e-05,0.028438261591589454,0.06566588248848756,0.0027032952081657213,0.009392209268354268,0.008420383255030707,0.01526234728861721,0.02268103226822465,0.002338294541573885,0.0024069040792671914,0.0013979384926837682,0.005808863009055299,0.018700142412534388,0.029897650848996867,0.012075400648659055,0.014471496668952694,0.0156101675467366,0.040513363136934134,0.0,0.034568480986953046,0.00596872774440176
117.778,0.02065512411376996,0.012976159395681313,0.010058191174743405,0.16867426775623548,-0.005915850494526539,-0.00676486191043775,0.04806570554629401,0.11596229882633588,0.0018874923022835627,0.004594073805234235,0.007241731290280664,0.014982140400755645,0.010504488875286688,0.0013093678387146581,0.003096642246350752,0.0014430524104925495,0.0061074917282403825,0.011868059682870115,0.026922039858514064,0.006914398768417204,0.008330408310021853,0.017511057580110307,0.018442938276624493,0.0,0.03917304228809109,0.0007104247521850994
118.276,0.017042396471789727,0.005422931417899028,0.00938843170649503,0.18107371207194362,0.005050750294762253,0.01315359152408178,0.04772468718224492,0.09394211943548525,0.00654778365708873,0.006678567228918624,0.00807552842877832,0.02544868913190943,0.04126735121134766,0.004769451038169938,0.005135987622824396,0.0026312118379488883,0.008036189361285981,0.021475239695002434,0.0534325132548377,0.012161595829828342,0.007011472772491191,0.017592651236236337,0.07521310803314794,0.0,0.04602972202543715,0.006450332731190932
118.776,0.004499421004429956,-0.0036118845705200775,0.00043368983539914777,0.17718389873530674,0.0019912167582737217,0.006797923874655521,0.0643681406066871,0.07843382434715374,0.004907367158316352,0.003865223251140622,0.0024441122335241406,0.008285984651127488,0.017251248966886224,0.002914961342800963,0.0026801266876532283,-0.00020294583490137758,0.0062880114429703735,0.0067176232735506,0.05556112048066096,0.010254350886622202,-0.003334554567588686,0.01764192217736981,0.03973866705261972,0.0,0.03339751881292733,0.004289802870947755
119.277,1.364729211994254,0.0005307410455737211,0.7338193384773161,8.088229101145686,0.18389361101637858,-0.0020286847047333084,2.9065756719021114,1.1790850561559245,0.005556422890516051,-0.0024212718212792994,0.0058436177117673835,0.01829550489343183,0.032440640138006786,0.20821084941898096,0.027874472696179205,0.003421124242837429,0.23135209580823068,0.014750272131677084,1.698798634909019,0.011291399237288518,0.01003061477884501,0.2621309628292035,0.05820717381567468,0.0,0.042290449362409964,0.0005958360899877151
119.776,1.4418789694362288,0.00373083905343249,0.7738519300103848,7.023115524820477,0.18522632022479266,0.002862252688177792,3.169351315593954,1.1473696653629215,0.0031572556886981765,-0.001718879538489326,0.0029818599927271127,0.012883161060863567,0.028702832899163047,0.21385064648107366,0.030006024074161024,0.002717049225972197,0.24415535949623382,0.00980372588534331,1.6567221983322002,0.008243883371899807,0.007786049194758849,0.26735175916778947,0.033062121170851375,0.0,0.029704093723106503,9.229015811407699e-05
120.285,2.6198281296181793,-0.0019110734781197087,1.1284263902404637,3.7849427979546344,0.2610127200036827,0.025747520831268297,14.810880103340274,1.9751515873284564,0.0038060297824766024,-0.00303155992270737,-3.503214091613624e-05,0.014745827085514203,0.03558502096900009,0.2778205092210386,0.04719100308344959,0.003833183857527265,0.325562032713743,0.007779146714303753,1.5035172962952161,0.00840428194548388,0.0007749567567283377,0.32954300937936093,0.055782029737954465,0.0,0.03555015592282776,0.0030059749075994975
120.776,2.681052130936344,-0.003917006025362162,1.1226391059282468,3.6401867257124136,0.24973562640007355,-0.00017531549594209102,14.209085728922727,1.8572249837640555,-0.00017516259579579606,-0.006260995886256884,-0.0022428843984077704,-0.00460427286692112,-0.016143957889337316,0.27236781701917373,0.04219599144458981,-0.0015543895823491856,0.3246080042980379,-0.0031195270087993154,1.4703384397333428,-0.0009194940954090051,-0.0015498785345030466,0.32561030630154836,-0.00494752621360853,0.0,0.013240802740733236,0.0022204636017107916
121.278,2.7579134060619075,0.00578370946130116,1.17669817431759,3.610816012961516,0.2627790487429486,-0.00175483858424501,14.458774114740788,1.8927989511690315,0.0018745814397011023,-0.005084531567653127,0.004146581117787017,0.005203197067088528,0.0042057997627822875,0.2815906663354357,0.045661871770914915,0.0013532893129577863,0.33270511653847645,0.004165218725785677,1.4696843594254332,0.0010435703659128583,0.007525662492292795,0.3265247032534921,0.030247355172499477,0.0,0.00842719273702121,0.0004101927932196042
121.777,2.8062771767718524,0.012290565283045823,1.2028905170240574,3.5370532180070993,0.2803450862537958,0.013234774476397178,15.78822841264631,1.9467318287623219,0.0016864294768864283,0.0004773753661638424,0.0089556771326941,0.012411397721209293,0.015777935950785922,0.28506998417679524,0.05118022590023915,0.0040507875802212575,0.34027465715568617,0.01687651865471788,1.4935273310065063,0.006627656436727122,0.011164406940440266,0.33308267848486794,0.06873543656568724,0.0,0.011790762651733159,0.005364094410932173
122.279,2.832110269570667,0.006352313153461888,1.2525014186000314,3.50708264661355,0.29139970555619216,0.006196692096778123,21.73325668333567,1.9881043840865422,0.001353281637553488,0.002445510786311,0.002211957978682114,0.006923462424367541,0.020061947427447883,0.27910574222194134,0.04737505761040127,0.0016563525428747762,0.338055192139494,0.015398254873740958,1.4729896445951487,0.0043346285601011105,0.0018456510720373874,0.3292058659409552,0.045364988607381876,0.0,0.007884898297134891,0.0018611013323973009
122.777,2.847405378088971,0.004829321271668487,1.2506435825739102,3.452996770128526,0.2963709758484138,0.0054632580876905566,23.293554713886124,2.0603682649362747,5.010488030352343e-05,0.014034719228258222,0.003316713755347567,0.005991021316366419,0.012229986009777132,0.2833466366607705,0.04971025784352424,0.00018792574662679365,0.3343420806397221,0.004357713489614824,1.478087551623154,0.007128022947426229,0.004039021743394935,0.32955024198810373,0.027551430411600835,0.0,0.010293216133834032,0.0002227377343793297
123.277,2.855813933486403,0.013401861858279617,1.2520021109688255,3.375628885504398,0.30795811339080137,0.01312712207389582,25.828453303753378,2.1091127756535997,0.002831346738847191,0.012813324316345623,0.007391585831870816,0.01019370354183862,0.014784166673607057,0.2843257609528814,0.047475436300622016,0.0006411112580853859,0.3382567839272989,0.006746154886404194,1.4747424870085566,0.005386697452579033,0.01058198222782582,0.3243616025186676,0.03318081348290746,0.0,0.00207036804114423,0.00033313154803057255
123.777,2.9062480497458076,0.023076648370001195,1.3288350520618923,3.322951608486195,0.3114277885291117,0.019277938486226633,25.992072758176423,2.1805537028744575,0.0038846772661806942,0.012964167741386867,0.012383629217081244,0.017313211882151618,0.02286025044616953,0.2839902688215782,0.05167645786749395,0.0023297942345078945,0.3434499809077344,0.017262207727181244,1.4772152747836291,0.005870928562862764,0.018891285975806207,0.3263947094812922,0.033985160197802816,0.0,0.012386657857003103,0.0013951455883164919
124.288,2.8778769777846924,0.029829652454295565,1.2993008496532832,3.272152202125737,0.3278492176838877,0.031171828661893844,26.419939331748044,2.225282790689541,0.0013031146081200066,0.015778418671524165,0.011226820891976264,0.016819049429534074,0.017941748124008824,0.2882703062440168,0.05320846674962957,0.003951601828301319,0.34583901931520644,0.01765556573829707,1.4720119942097563,0.0044464430302125196,0.01748035952078926,0.3281971886533239,0.03448450958007098,0.0,0.005732287233138797,-0.00023731754943599054
124.777,2.8357740531552724,0.028776305609714486,1.2798898140819663,3.2215254279530554,0.32371487664462584,0.012611368668091875,25.49465716445897,1.9590102304010755,0.0011182160452335387,0.0153000826664571,0.008739420772857118,0.007921074845869392,0.004942633498602198,0.28161739991107215,0.05172642143397993,-0.0012183573411260421,0.3435484529707753,0.008690289046571782,1.4709154636363249,0.0024049987672125433,0.01712323086953052,0.32226969759886964,-0.011992748072440131,0.0,-0.0004528900985444364,-0.001782517201405389
125.276,2.874583985771617,0.023664048112175633,1.2964163819116932,3.220376766562998,0.3394151154943013,0.0025414899202141766,26.726968116387873,2.129457983492113,0.0010087691926091223,0.014601818649606486,0.004985715814599334,0.008454019181083206,-0.0016964220864214325,0.2829227373825536,0.047916464565741786,-0.00012828882587917655,0.3421789423070658,-0.0005414816845240212,1.4681345583774028,0.003114831776984221,0.009979975965909547,0.3215697986022583,-0.0027908309919235557,0.0,0.00014151213343417064,-0.0014233242802922153
125.777,2.883088331972038,0.01655229879554274,1.320658677899012,3.19944983448476,0.3435981029786195,0.02048876701600506,27.17922528066285,2.057328157177841,-0.003145161704014902,0.011881787471081496,0.0024883779354560615,-0.003939415459922234,0.008865589134460056,0.28648710163550806,0.05071837246807896,-0.0029090709672977785,0.3446817646114957,-0.0019513050227946685,1.4647275730378229,0.0009091865310940283,0.00979087934735516,0.318922820571749,0.0009770635290910663,0.0,-0.004067490482029071,-0.0017561565344984473
126.287,2.889551808773515,0.022424808872398328,1.3125500386641438,3.1794359481630363,0.32801056624112696,0.04194043859812163,36.19764659704817,2.193025996640649,0.002202386934180879,0.02185141272930422,0.011316123833562957,0.014829086718225052,0.03459826942123337,0.29113180355819,0.05221156454286325,0.001407237607016204,0.3481491897028444,0.015004136512775764,1.4866777276032421,0.004590869577625638,0.030759448406733222,0.32621538932048155,0.034179489556502705,0.0,0.009460384123784795,0.002835344257478074
126.778,2.8863254539832868,0.015954114246750008,1.3138910269998225,3.1605435386900425,0.33982282102398514,0.033283305055818745,36.322069650496864,2.2269105609292748,0.00407261726015063,0.020273266938131584,0.010108128526130036,0.011875834133018461,0.015122327511925476,0.2938947300875996,0.0535272298438329,0.0027701662227805485,0.3467965723072308,0.010876015885379136,1.4815118019829125,0.0008578011404363146,0.028061228538445646,0.3252907677448232,0.008065020081241646,0.0,0.012366402975655548,0.001215767027319665
127.277,2.86850953408237,0.005564966518027956,1.2823820101562702,3.1418627333797473,0.34229814996710467,0.029911466637148415,54.713359808963396,2.16040911619579,1.6623468481205347e-05,0.023060641645513205,0.005856690417601389,0.01369390980445819,0.016703084507939354,0.2916975242762894,0.05624493813201303,0.002640576397335642,0.34469262717550525,0.007420542479722834,1.4873373713853177,0.00010648436605611221,0.015406808816879124,0.32698534582531286,0.017895420946141573,0.0,0.0070619020902788964,0.003892955947380002
127.778,2.8376400360461673,-0.003428417698905439,1.3111668238775953,3.0909284964189423,0.34290687799924746,0.04817180576937835,54.61382690391027,2.235554788029374,-0.00027248888028321994,0.01988550969228339,0.001857770808209456,0.009774827846434419,0.005890903800929765,0.2890982198807032,0.05407491600003719,0.0007162292548891502,0.3438365327841694,0.004066821881193501,1.4677850304386857,-0.00034077900148850554,0.016092387677665104,0.3231846556510848,0.006025699735892116,0.0,0.007126060523393908,0.0012666219916136227
128.277,2.864948030070078,-0.0026536769314128724,1.3516496362290065,3.114975882231234,0.3530443836265322,0.041614958382561185,52.9123946560177,2.177431579503604,0.00043287875007697366,0.025221576320940405,0.0004183685191173886,-0.0025623226048638774,-0.005529983064216073,0.28847567786772405,0.05418068455922949,0.001169259233910773,0.35220681598694104,-0.00044543636674323936,1.4721658378493905,0.0019973622310452102,0.01251749526585966,0.3282666271523012,-0.022222392614204133,0.0,-0.00256513389825518,0.0004628491617666527
128.777,2.8912476823481503,0.012054786959422473,1.3409768433306937,3.128122438271819,0.35615296162371185,0.05975107855139982,55.412069731037256,2.283824122716674,-5.984488446432038e-05,0.027597039689811136,0.006022941577666115,0.0024460120059885066,0.008425811809204693,0.29045814962365296,0.05778448296498015,0.006280999610942824,0.3609225195140575,0.008754725166102104,1.4838013057028088,0.0023724687589349817,0.018321791611598512,0.33141702655451033,0.01118191626584923,0.0,0.00443466428058601,0.0024739837083593637
129.277,2.854657849442873,0.015702869865383596,1.331694177878767,3.0486464349306464,0.3462413297596828,0.04521776548611146,52.637248622138536,2.1026150425988748,-0.0032008149601660905,0.027980378885387923,0.002699038533353933,-0.011585086524165285,-0.006930617170165204,0.28761105310397056,0.051262217814291515,4.490166509594863e-05,0.3588188910973266,0.00015590967314390038,1.4739572380181953,-0.0025328702233058274,0.00760162601717943,0.323932067577474,-0.01846359522459624,0.0,0.0002912743478328962,-0.0004700213123447645
129.778,2.8805431884307717,0.018771353915830808,1.3894506299083034,3.085571076493148,0.3634995943136509,0.051225209686344385,54.84948008536877,2.2055358816749675,0.0027638598918374928,0.0338076116480365,0.0033281562078574466,0.00896074204101637,0.0203408342792233,0.29154443291486004,0.05415679589835511,0.003950977116845764,0.36077317242058865,0.006106914542624895,1.4814888191296849,-0.0010236802737215135,0.0078618558106536,0.3307435976098802,0.024088642689172147,0.0,0.009803331880040435,0.0031281629939646067
130.28,2.874649765883685,0.022395299387312134,1.3918307456203087,3.1222148635434963,0.3766659591234589,0.06020417521438211,54.944300691039516,2.2533813941577847,0.00722920936780252,0.03261478441567749,0.005480985915352037,0.007272665157491363,0.017448478473928546,0.2959685283378428,0.05835388999928014,0.008069382719640082,0.363376635746673,0.008630044895225036,1.4904331889142095,0.003643538227039492,0.006529953505413709,0.33547967288165964,0.019462284252577164,0.0,0.010016807560773985,0.00683709348676297
130.784,2.844915401682571,0.016198459327794724,1.3875599841518989,3.0981797458267915,0.37310941347269394,0.03943708225151419,57.90512270360815,2.296832700713588,0.004304662258722405,0.029515135538153638,0.0022979455665465918,0.000347800685499224,0.008767575456966442,0.2992024419516119,0.05646750926013711,0.004148664546692922,0.36325488309544984,0.0004269113956385412,1.474299141115882,-0.0033797070799315957,-0.000991914756145762,0.333142188328321,0.009261958586116618,0.0,-0.006653191629195559,0.004276821975907829
131.277,2.8242027195859984,0.015025768548380062,1.4157461188522265,3.06119894647709,0.3735455487894529,0.05541243959570421,60.388118241827385,2.260597626841194,0.005925147979103679,0.029856008464157518,0.0010795789309490677,-0.0009936175068978297,-0.0032136116388772193,0.2891876921830728,0.0538198523689684,0.0021915851936452724,0.36042696259324786,0.00025098094168784314,1.4770227715841509,0.005166583752973447,0.000275501512927626,0.3346170378707195,0.004817041074796374,0.0,-0.018510255835317832,0.0023200994966128853
131.776,0.029648139533940444,0.2081753741847467,0.054293697213687264,0.1390762986436708,0.07055473841098182,2.1203744171205083,3.0128982445199672,0.025160033358770352,0.3149946948959277,0.7352587358946299,0.05790259552188595,16.525007719340714,143.8288929358356,0.004451188011847077,0.0035322245284047514,0.00859363751675705,0.016364926028870512,2.533832767537037,0.018647561839936492,1.1854477280568005,0.44713316843740913,0.00016547059822654832,11.390357090367107,0.0,776.7042082475755,0.08206946734079962
132.295,0.7636023407501572,0.1882896203895497,0.40876942289609147,0.7918926845284295,0.13626507362155016,1.6701500092785653,18.081792175658936,0.5908088471602058,0.25276132959076286,0.5848317820803156,0.06247299641485702,12.787919990420622,126.06154973493797,0.08207539993290287,0.028337865300500864,0.0281827071489745,0.10495850789751338,1.994383090818102,0.3797785312506112,0.9244354273332493,0.3634022600891821,0.0810595652979161,8.831793376370157,0.0,711.1704420450623,0.07657775525940932
132.776,0.0761953617754141,0.21759377194122262,0.04375291203324292,0.1173479677075748,0.05387815602441347,2.134298447800416,2.944112317530304,0.11726033892294237,0.3206877459290493,0.7308773044886792,0.06649660828180415,16.323874802385628,141.95911151685365,0.012497822993191918,0.009744487560272398,0.014949583005181845,0.01522291058238313,2.494189964377314,0.020662373388634133,1.1770605735888984,0.46744517206265945,0.011202078064692502,11.421295139072406,0.0,787.2441562656678,0.0910712286252334
133.277,0.017223532468305623,0.2049646702532397,0.0009442855346291719,0.10849534648817663,0.05752998718682888,2.091755438241334,1.7816124468893781,0.08739228040004525,0.31391150271739793,0.7209356741311371,0.0604639895947944,16.517363228982873,143.02631569365155,0.00578374936685482,0.005238836761947285,0.00982131256966035,0.01058710272398528,2.506172863034361,0.027051042448483137,1.1650360242481261,0.4483710483839922,0.003445696716699538,11.409666906693245,0.0,784.6886131713812,0.08374321438527504
133.777,-0.021286462590543502,0.19731556148351964,-0.00722031794862916,0.08557025505519184,0.03266219479914179,2.102155627338079,-0.0804220188248814,0.08424160236208386,0.31829027853014036,0.7189713674899703,0.06430890359767702,16.304628954689644,142.49387194398605,0.006688588751160639,0.006406004759490376,0.01184201671593049,0.004948286441804599,2.492196322542901,0.0173866192492407,1.1692453550398123,0.46549599540117975,0.0016950363266215202,11.46764200865847,0.0,795.8268248424307,0.08638466057628373
134.277,-0.007931833307202082,0.1830594837388843,0.03400066493178507,0.1430483797893341,0.04179545494135008,2.1117513792405207,2.9888638100763605,0.0013165493141651622,0.3085517832074806,0.7059653698121873,0.06247781912683211,16.656395953883024,145.23714817101302,0.007565206948220246,0.003379837390589889,0.005896206054784138,0.006477684121083665,2.507098522617349,0.05678312285104749,1.1463101687490713,0.45134125686991344,0.0029485220491198873,11.543557239408528,0.0,792.4097316683786,0.08033639856199223
134.786,0.3771750554178348,0.16891600190651912,0.2733858863255775,0.4629547907944561,0.07261367760760319,1.864060515986537,10.542536595042906,0.4091166838281884,0.27848123972056704,0.6273604015764095,0.06607957013611204,14.631589761639486,134.95848876809302,0.04632326963201297,0.013160346400604964,0.013745466618410643,0.05241050701456128,2.229197385995997,0.21742903518769016,1.0252407443565466,0.41364222298430303,0.04908695397058128,10.197671842204521,0.0,762.668100008524,0.07212369275333261
135.277,0.009342010134237676,0.17558590487973866,0.1072236640903429,0.1055754969024295,0.025193671052835574,2.0890315530823202,2.946198236604573,0.06296662277525376,0.30815802059415626,0.6890829158673204,0.0628436036228075,16.687603392548123,144.22841584115008,0.003584432921670873,3.737317138757961e-05,0.004541756085569735,0.006104398420610584,2.4992811411766955,0.04272700018562508,1.1390225082037266,0.4529108735859493,0.0024544648781223,11.63438897570651,0.0,798.2398873943577,0.0748657815165598
135.776,0.046145239415747316,0.185068540227856,0.10236092502295306,0.07316122625702066,0.02615756771217179,2.0921232334526785,1.2927285437702172,0.08667304098054994,0.3051135679237607,0.685968552325187,0.06735826591475326,16.54498666131609,143.76631315736515,0.007354520462197332,0.002521516125571466,0.00573848424102672,0.006268814164609949,2.492718237490486,0.05264729215407045,1.1406601149215594,0.452559488112787,0.0005116032798452505,11.571231593750978,0.0,799.8318426632067,0.0791226935093183
136.277,0.02261803303478573,0.19078050836025442,0.061128016493835494,0.022005989081549937,0.004231028536807877,2.115122233683756,0.10638344032866494,0.012370646993399534,0.31281510243330085,0.7006606833851348,0.07050187158541271,16.707869159668995,144.53475373088088,0.004133590530153531,0.002251056869900185,0.008485144121088159,0.004777770929070897,2.525925806009652,0.02788893720965928,1.1610674645218297,0.46124160264570463,0.005066767221749316,11.64156081537098,0.0,799.6231577883902,0.08066138990273988
136.776,0.03177476432469582,0.19569152389684755,0.0376111721130427,0.049263446608052014,0.006126032051250213,2.103346527858465,1.3330193647411417,0.041566427130081275,0.3116706159557586,0.6988177145397532,0.07088140625329828,16.6013372450781,144.3216045059666,0.0067711541073140515,0.0038122963768583004,0.007628542346283514,0.00700496198107322,2.506873528590277,0.031109222636693735,1.1561640493224359,0.4594676447148005,0.006277725972212943,11.559122928610737,0.0,800.0632579166389,0.077509756071655
137.277,0.0008453958103753927,0.19650047685823996,0.0007350639756752386,0.033894803962865455,0.000405120275839638,2.090727232384846,1.6722055837059249,0.11918055051466699,0.31256594078021627,0.6944840633574846,0.06560561223280405,16.736278849010063,145.71502638042375,0.007517571100087543,-0.0003606239007918246,0.007822159632018844,0.004762771043428381,2.526010139644175,0.03879379879496225,1.1509384006995937,0.4512926458578893,0.007355742966861048,11.558616456656983,0.0,794.5197212039456,0.07809891614664144
137.776,-0.027748998823930844,0.1968136686448489,0.008555693829350699,0.008834427107758627,0.0027933599763037783,2.0837130518758946,0.9327279421404248,0.0024163891001957928,0.3100700050803335,0.6953037911419784,0.06608763789643667,16.81947761881938,145.1107544888291,0.0009638831640276786,-0.000575262123886502,0.005382526007719664,0.00029008018358815397,2.530139422885608,0.00870989884967949,1.1493852327766354,0.46085268883333524,0.00012124045747341058,11.73911948828428,0.0,805.7683843027667,0.07605176813847951
138.276,-0.037824521546678445,0.18933846357341738,-0.008699615377423342,0.008822623706584723,0.017261244510785204,2.1083312348981496,-0.13371943414242818,-0.057978347450151305,0.31430530076846586,0.6918042397269966,0.0661947990966747,16.721269268675922,145.4036786001127,0.00028038711385607387,0.0023028828118515977,0.005049132132528784,-0.0007459204720840057,2.5231886873828024,-0.0002373664089355285,1.1568128144543723,0.4644337088688309,0.00200600865440769,11.796237456498694,0.0,808.5329856160029,0.07657065877051428
138.785,0.38126110581942024,0.19379748790647977,0.22325771670664765,0.40605982241860417,0.05270976258425322,1.832842281664797,9.277835520751731,0.30471153968612325,0.28443321065609156,0.6196594523166945,0.06887545468492041,14.545808640980187,135.27575368994056,0.04484335310289152,0.014642148292589132,0.01369692001620852,0.05365494785817751,2.2308343568745466,0.18501991592559416,1.0347881679604125,0.41801422076659195,0.04649920748398019,10.11782758116082,0.0,765.0378273109682,0.07374245410369139
139.277,0.03458834081888766,0.21340548085945474,0.06252893509341079,0.05631425877054609,0.007114113220656131,2.0697441900422993,1.75647705166636,0.10975773968990643,0.31662927176395694,0.6913681748166148,0.07152790742092978,16.60068713648567,144.51841797407744,0.00568611296229144,0.0038816921461260864,0.009135347411511341,0.00810007541150396,2.5150633774203417,0.021142342513843986,1.160426393736206,0.46868339532434244,0.003197461495967697,11.594661934753026,0.0,803.1192442971691,0.08049512803074221
139.786,0.4072355278003797,0.21017917814736903,0.2556841619709579,0.45622848614585365,0.05152678815708727,1.8357160748838124,9.879658711432835,0.2498727249713366,0.2798322707923049,0.6135450675714519,0.07016118481473883,14.760157470005842,133.80812566696088,0.04330689149474458,0.014767504038440026,0.01102501904643513,0.05400865965805612,2.2542767997102637,0.2113802231972359,1.0245300789400436,0.41090054992955277,0.045001012492812444,10.272529886673487,0.0,765.8472958675488,0.07238136861808715
140.276,0.02626659589211295,0.2189334454000497,0.042077472123431325,0.022033132787669402,-0.005381988475875307,2.0616950975214023,-0.44401317297131504,0.04334936516042451,0.3151983080073537,0.6910379759031691,0.06692062902083151,16.864770328877142,145.2698917972502,-0.004648515046557216,-0.001613694004276217,-0.0004478900731876912,-0.001798271684919836,2.5346181202783793,-0.017249370661491816,1.1692190991713152,0.4686023195410245,-0.005640979717255726,11.753405170473167,0.0,806.948931141322,0.07426813802341771
140.784,0.44650383418171824,0.21899900136952602,0.2733038307594854,0.3596669866224381,0.04324882407994311,1.8484510300125563,8.716807227315789,0.29106969874482963,0.2876046551402389,0.6226360971557984,0.07606701421360683,14.93470470830447,134.95899134308038,0.04291903806274816,0.011422206175218677,0.011156933891411725,0.05018636020597821,2.274896623163329,0.18278614510086622,1.0381060061925094,0.43373281128899727,0.04300380254843426,10.409207537520434,0.0,769.2751833514133,0.07613199324548466
141.276,0.10072417632232729,0.21434518110418999,0.09521506240709557,-0.03349288779988267,0.003979801317998243,2.030260777315973,-4.398251986127152,-0.2560191998414832,0.3126213128603346,0.6845792337660543,0.06966857302111797,16.509368783195587,143.28887592857666,-0.004369370684514072,-0.002754389869561366,-0.0008425441778707213,0.00047264573717215833,2.4773812543595497,-0.018637078574258923,1.1542174952003605,0.4820720963401936,-0.005849468487523311,11.654851507638805,0.0,807.4797253487558,0.07797287080514237
141.776,0.1844369729368859,0.21568708660790925,0.1978781849840135,0.026191373946051453,-0.004032117005394753,2.0266723308244217,1.2422864269780673,0.16140669050300524,0.3109611535530712,0.6726879474264219,0.07535764395788583,16.578902183807465,142.9389342604064,0.002620331913169364,-0.00013454542835092626,0.005064181026948234,0.007874883376345527,2.4870658421179206,0.014741245312927304,1.146207969802272,0.4749324486094423,-0.00031176117636002703,11.67553552957193,0.0,804.3044813523933,0.07804723487896904
142.277,0.25430594840113285,0.2001128546928432,0.3000569225011669,0.029239367944361574,0.011639315241359813,1.9894208735953014,0.1384758051261024,-0.10146485473377982,0.3051204101365318,0.666326846397841,0.07083410911286467,16.107448532911278,140.8853920835871,0.007607120451675327,0.000285352296587443,0.002767178012786537,0.011134695863589778,2.4302858865670056,0.017719716945738605,1.1305013011693301,0.46571335475006154,0.00990198649983802,11.370265254657921,0.0,801.0836465020333,0.07299696418736194
142.786,0.5285857152198296,0.19167825663799704,0.38158345780852276,0.3984047980664827,0.05157660815754898,1.7954218864699745,10.99179854043991,0.3898276068378927,0.2798513441988986,0.6151349269716939,0.07278587386618086,14.654279032038165,132.57735971804433,0.04612192590241694,0.014014280728023493,0.015296970813572319,0.056062511972108785,2.243707295155337,0.20561908332047488,1.0384092315213707,0.4228954426057686,0.05147506078402693,10.062536385141852,0.0,758.7426141722303,0.07786751196594385
143.277,0.16628643838797544,0.1898169610589136,0.18659420009318078,0.0321016153594859,0.0029337612371886194,1.9825429573341353,1.9144545454858974,0.18975428056708127,0.305473673602846,0.6806673184194075,0.06645781749009434,16.494026935808204,140.31851802004385,0.0030165321885270253,0.0010623841479120613,0.0021642713498127375,0.009748625558609253,2.4913560461767754,0.02859964591432985,1.1513006355389468,0.45883780685991116,0.009979133041584456,11.330346725429829,0.0,789.6898320604093,0.07872641592706311
143.779,0.20357105348007432,0.18247697662835155,0.1404429944592335,0.09755112335453144,0.01053853135591356,1.930321204070355,2.5154782151597703,-0.004217399737113622,0.2945446831007699,0.666617251200007,0.0648528790935953,15.830623547125297,136.94102641273648,0.011721311141101403,0.0038474366560150674,0.007450795775509843,0.013523065288268628,2.417987625560858,0.047119516836410295,1.1311934999050646,0.45455678572931807,0.013427293475678594,11.024886823406135,0.0,773.3427271419414,0.07710019660552365
144.285,0.42193890452345995,0.17957460299278857,0.2730763696616023,0.3631540043484454,0.055045356188396496,1.809606832501599,5.924134243982256,0.24039114781745227,0.27532004546865874,0.625494945982788,0.06256097383778111,14.403964092331996,130.71687675167962,0.03670210781272431,0.011916444889166844,0.01318720496474203,0.045024011761686036,2.213971324328157,0.16874755192941632,1.055205578745085,0.4231153494062277,0.05221343532298129,10.032735061469827,0.0,745.9832685912867,0.07495181576868874
144.776,0.07784797161895037,0.19925462782700068,0.09023093872465822,-0.022686746674075095,-0.0014586693676372762,2.0421738375968146,1.3142984763849779,0.09942291256582447,0.30525385854999715,0.689769945510405,0.07191681047200563,16.74307151469093,141.93394140566232,0.0032082157854617594,0.0059655321692082515,0.004642744010240859,0.004894763528735241,2.53082227358167,0.014599497499857556,1.170030773793077,0.47295585215628433,0.01233059229309549,11.476958612815933,0.0,775.2067700530592,0.07872043127988564
145.293,0.7079605680774594,0.1911942471770748,0.37804171654006147,0.6629082920058756,0.09421046104021573,1.640707983227646,17.754318615796972,0.71599848344301,0.24607253786184333,0.553607963236133,0.06727211986056944,13.28213171605632,126.11074763063208,0.0778814167122296,0.024945629243990023,0.019839754373649963,0.08703977594552362,2.0514740990774416,0.356294074673203,0.9331986439320983,0.3848629019506988,0.09008234332194101,8.984183221902327,0.0,713.3903918789151,0.06778208450463419
145.777,0.02697092809810399,0.19538631335707132,0.029583774692126287,0.020575102744171,-0.008137668772230069,2.014762060246113,-0.06566659542366023,-0.007661157937873885,0.29592433786128797,0.6685478796110191,0.06842082581680622,16.500364423014464,140.149356750514,-0.00382216277756249,0.0018879919637652012,-0.0002960459290080801,0.0017503764317870689,2.4724726564110764,0.010470143832125732,1.140447639593799,0.47465933347411005,0.013319745333002814,11.400879034406685,0.0,787.2382549390888,0.06967441284837646
146.277,0.07613856011743451,0.19719819921316964,0.011230746663593536,0.08397519255718286,0.0073346133723317525,1.9957450141572892,0.025537009331423468,0.04690158508601642,0.2957834397658163,0.6692760057488152,0.06326916904792619,16.440103060313213,137.3344074797742,0.008221497374648579,0.005544293315300125,0.0004459639521567311,0.01307720566682095,2.465645264036621,0.028803335232870285,1.1380284349673264,0.4577092918093934,0.02198906636862947,11.197991122153338,0.0,775.6074757195904,0.07493983415669309
146.786,0.44431784606000374,0.19657762265286532,0.19135654109319275,0.4655196830353362,0.055837798932798464,1.803402128607459,9.67234254158086,0.292690935415144,0.2684258732799526,0.6037185962424251,0.06408713227414792,14.419848097714944,129.46460555853642,0.04801828522929564,0.01734501906825593,0.014618111240559353,0.06850116613936466,2.21300114514308,0.1988533810989793,1.018866309138811,0.41487769384613843,0.0717563671867092,9.79738381157402,0.0,743.8233352399351,0.07057432907323596
147.278,0.1591915097148126,0.21939109933902418,0.1035039833587678,0.1445227152216571,0.03459814307632597,2.0275263481635677,3.6578750977802903,0.029481638650656894,0.3070961870565665,0.6849281955298048,0.07127099708978521,15.933626774166786,138.69744010057119,0.01591391954578647,0.01459505429070397,0.012041349701811876,0.03393982260497603,2.46657920428802,0.06385565420745988,1.1561499153862957,0.46539881255823345,0.039280861862055164,10.948618080309984,0.0,772.2038534107171,0.08174465431253146
147.776,-0.0014303211902332443,0.21010488756239457,-0.0026470086006971567,0.04966177271831203,0.013003267872449552,2.052949119986888,1.4599240321412121,0.10077651657195143,0.317013154543598,0.6995331623121611,0.06401793941554695,16.386585524275546,140.9752017900168,0.003567832698322475,0.011032709783369355,0.008607475989107,0.011918673869905836,2.5330101247278134,9.230915903039615e-05,1.1909015081405383,0.46709229268268926,0.024216440345553914,11.165359673631645,0.0,771.2239311262732,0.08233821334864093
148.285,0.3667653102524779,0.17200997335370363,0.17163167279433977,0.37234059507432105,0.048075148252261224,1.8263151294992217,9.09199896644281,0.36795571315298686,0.27280373208252284,0.6043635885106367,0.05894609897253112,14.56325861959552,130.2751636856318,0.038280702343944616,0.01323481442888292,0.006652728141429389,0.05465252830398406,2.2291273128688514,0.1705568833516295,1.0221830745245941,0.4078045363021086,0.0616204094321998,9.926898131219156,0.0,747.8349249105904,0.06640071311083584
148.78,0.08808619209395262,0.186249558307001,0.004081429370065741,0.09137691337461672,0.013460889829761308,1.9949314519361177,3.9073333048279353,0.12585344072062288,0.3010464250950407,0.6631831758098297,0.06117380964903225,16.126528917264014,137.54610915093136,0.012155903805753156,0.006775113946063252,0.0018281764715105885,0.016366202275605233,2.4482402984714433,0.046615359989661494,1.120707062001804,0.443938109909804,0.021792206726454922,11.005786336791392,0.0,771.9912507904041,0.07321319789727067
149.276,0.003590812093227372,0.18592832324037833,-0.08398923876743934,-0.029790760596613355,-0.0033651870988685986,2.0737712422811225,0.014078435639797677,0.0380199460101267,0.3004415776220515,0.672602768263572,0.060911259568608864,16.620603236350732,140.26453786824388,0.0043599334269835395,0.002787902154743727,0.0014403306782853297,-0.0018871566156366702,2.495982962203635,-0.00041822625737975,1.1413398933678127,0.4578879509629579,0.005036769422634186,11.314309363159195,0.0,783.5556157902047,0.07471276063812145
149.787,0.42956541570528345,0.18142031881108067,0.1770477129779759,0.39959705988584604,0.07991050945640166,1.8280295744827557,15.398289863837539,0.591464868212373,0.2733062438086918,0.6007259245266119,0.07116096877612649,14.409953767471414,129.9477794499132,0.04854364574281537,0.020070653863379355,0.01572435620129672,0.05300841254963604,2.215811862623748,0.24277859246726785,1.0075766361358083,0.4175475576462818,0.053881604609765474,9.716915729190566,0.0,740.6820621758249,0.0712188329211899
150.276,-0.002935236501039663,0.18893020673941627,-0.04130536877677072,-0.034014043906168724,0.005852179157085027,2.0926666937015845,5.852572105834246,0.4709744801634207,0.30341566860018293,0.6720359492445371,0.06506254258423225,16.917345171347534,140.68864726103567,-0.0012368852484785603,0.002844583491678857,0.0011936288222760961,-0.009043980577921221,2.5386148081262645,-0.001736922118723786,1.1509162388741296,0.46517562325623807,-0.00505294695351986,11.486289780896133,0.0,781.3840635545562,0.07573986939891254
150.777,0.016243598746067782,0.19296963090425717,-0.008001624553473786,-0.027554280001479383,0.013412892160653762,2.121256708390197,3.1766639706151163,0.2070170963900109,0.30614449755730444,0.6698086488820183,0.07123817303388759,16.614134741640644,140.9984087127368,-0.0007209954356296198,0.004814296028575616,0.005190450531058333,-0.006383429679258301,2.5126616817070553,0.012476991810222337,1.1438174309436988,0.4787226742984059,-0.0076801652749965855,11.455854458383985,0.0,787.6642967962426,0.07843634742486771
151.276,2.848801428439689,0.003707967439338048,1.380636460338869,2.934439126382631,0.36199296165554,0.04247913593713046,60.47941858284942,2.4274367620505304,0.007095011195042649,0.01389979810101143,0.008277986015098444,0.039382765248614504,0.06838594325829393,0.29728607845733906,0.06003890196504015,0.0035811021144470548,0.3521443495202141,0.022866837698850055,1.4851086767095787,0.006110288320639701,0.01412764148674055,0.3355452911025915,0.08088540565291967,0.0,0.11679550990684205,0.003713493729165851
151.787,2.847302186499269,-0.00017031608632030854,1.3602328844440637,2.960198753764732,0.3605838759459727,0.01952644631391966,58.81241318119287,2.2842062660135554,0.0045621268852414935,0.011409208332443336,0.0037066931990917353,0.010230152888605449,0.03391941785502331,0.2947628697943862,0.05805827739444783,0.0006269000103988142,0.34984280819213703,0.009638520348386026,1.4718992176848948,-0.0014248016228245257,0.01229663043164091,0.3282481871259611,0.04733568820641819,0.0,0.0897278278524985,0.002262204748470994
152.276,2.8275830591499798,-0.0014791717726080921,1.3680407056525563,2.9575667181740113,0.3462453907044445,0.031343095745303355,58.672532659184526,2.212000566804833,0.002512820151588169,0.003680558213382631,0.004920160107437942,0.021044163868482322,0.05487366046887524,0.2963845613699454,0.056085161823591974,0.003947693307633559,0.3522020274038122,0.013824603877696238,1.4678994257911946,0.0020226163026191533,0.014139946436499086,0.33165448389813035,0.032786312461901626,0.0,0.08415479408288908,0.0017022600410079435
152.777,2.780750757365037,0.0021514019109750817,1.41679338468129,2.9437227802054666,0.34820774015534867,0.026971778444864432,58.57186989811071,2.113257590047118,0.0030425678364467313,-0.0036186711031069517,0.005787982186775633,0.01360761470063557,0.049737635136326744,0.29477679028548054,0.0571538062468782,0.004935420427464718,0.3504269757690874,0.014907919360933665,1.4660925412508015,0.0005152887529694609,0.01081728287179103,0.3355949127792179,0.01709170067893461,0.0,0.06809138417187256,0.0022208154984401764
153.277,2.7810716975212366,0.00407438769861756,1.410717396213002,2.9769446935667476,0.3514768813490674,0.04053297729730933,56.173617376908126,2.1828886584596985,0.0047567485181750045,-0.007773433900546174,0.007578634596067741,0.0269472328434706,0.042912054188669044,0.2964697705011718,0.058121484059455185,0.002775649612226035,0.3551207573945263,0.01580305427466274,1.490967200697425,0.0002512663091925449,0.019637067776579746,0.3344509127864877,0.033556716343082896,0.0,0.06386042592818704,0.0029937035323255876
153.776,2.743017381716745,6.623403356897291e-05,1.3957912633881475,2.986962547976581,0.3529088742010222,0.02720930960509937,55.52871489191663,2.0064213164537152,-0.0013199593951632043,-0.012120747935424017,0.0034957364768463174,0.0199802225632875,0.021527998926244917,0.29081899814778095,0.055236989137339786,0.0022144714944874098,0.35066596087767815,0.013742309987199561,1.4728162150505193,-0.0019920841958313597,0.014613100300633338,0.33235544838538805,0.01596977762584492,0.0,0.043901400533402725,0.0013900833302289634
154.278,2.7306459145203457,-0.002242605401101597,1.3540723813608402,3.003193139700954,0.3641646905751217,0.021871356313227817,55.518461710763056,2.0898549957583255,0.0005190257237777328,-0.010548026681877634,0.0009587860368851274,0.015413433262077435,0.026258087187557663,0.2896620491713962,0.054987342766015614,0.004815786858853331,0.35134851932711714,0.010621143754795205,1.4796724859577943,-0.004741843157846199,0.00816381916317418,0.3348163688143412,0.012988750048336462,0.0,0.04027597114222981,-0.001438147822108468
154.777,2.713703196368708,-0.002439515699823045,1.3509855652442948,3.0435184827904833,0.3641330901723377,0.023490802767659715,56.17969873709927,2.1134191582431736,0.0028443956213770015,-0.0038078394963309333,0.00044632978607907263,0.01399507647234334,0.029430022230507422,0.2943623619289459,0.057718417786672326,0.0016787646585379012,0.3520703736374472,0.00438433884467566,1.4743321750962914,0.0018068745828222843,0.011491761338940065,0.3306100880668609,0.022071621017460664,0.0,0.03591726157583151,-0.0008150030981852174
155.277,2.601729461277669,0.0034030660166118804,1.331151788587229,3.04945936604725,0.3595732540807683,0.038525815786083224,31.021583005176357,1.9883491139419833,5.7318975496101325e-05,0.001407260984541518,0.0020892638312600353,0.017114438907267597,0.04529167787359818,0.2964207788200886,0.05387186311379982,0.004884568284736811,0.3483620872309762,0.01175824630088083,1.4729626032899519,0.0023718963646737683,0.008438702162279467,0.32139765419605376,0.022581987060165475,0.0,0.03770728249304849,0.001888123807922757
155.777,2.646745594430129,0.007826642663569914,1.3628336140647634,2.9990982804113804,0.3577200089611657,0.04675658591134041,30.849870108064074,2.162402842758288,0.006132478962160723,0.008888896066318196,0.007001486505900036,0.020526234836279897,0.040672323631382346,0.29822793442656576,0.058966927526308915,0.007833004038075431,0.34984706184211606,0.018139802998191644,1.4847051399661257,0.004206195387780717,0.01175479953202408,0.32267943739812927,0.023924409917544884,0.0,0.04217337183869181,0.0034562332918539477
156.285,2.6416496883680294,0.012325430772290539,1.3424770381756164,2.9996912559692595,0.3437564986157232,0.04801697018079459,27.08717265787867,2.060832513218772,0.0042198715301079714,0.009176621126460616,0.010777375897091067,0.033304913651054695,0.03270160059135147,0.29685950599439026,0.05843160739732682,0.005511003549499067,0.35073542002299085,0.02262200984105584,1.482830943888317,0.005350013867041931,0.013799470499989757,0.3230708630126776,0.041912446823174875,0.0,0.03842689361738895,0.007178000693085542
156.777,2.6633773458466057,0.005041844028875301,1.3456807642517365,3.0168911225393202,0.347895441022488,0.03538280757113737,25.64346710023771,2.1633959901215043,0.00285268200464309,0.005292117316739755,0.006158268546076597,0.022455239739513844,0.04246448625748512,0.2945270642487553,0.057246694364482875,0.007123159747748789,0.3484635329253906,0.014872592542370309,1.4749118163471842,0.0038117954251583783,0.007781318283263925,0.3247325581177223,0.025243072547966854,0.0,0.035516763131777436,0.004289883715296063
157.28,2.6905363308360037,-0.0018540500194516266,1.3931721793612175,2.9995777710494247,0.3416649807368243,0.039948655716896445,21.98316160727163,2.0583800390582163,0.0024327334670009903,0.008548378662748142,0.005606682838268481,0.01821828733816646,0.01903793455519301,0.29426530904139103,0.053179407578554834,0.0034570702946427265,0.3472448746997182,0.012330176251251282,1.474261165011638,0.007614404807882163,0.0061128615206156155,0.320767341592334,0.020822929915103004,0.0,0.024755066306370685,0.007272565966171693
157.782,2.6955310698620782,0.015319595763954658,1.4774792389380644,3.0106545114263867,0.3434741949167143,0.02787536681707916,22.651296690527467,2.1415248578053774,0.0049508124940584606,0.007914515895428893,0.00707910239817095,0.025824643226850578,0.0251452524887551,0.2933076737263049,0.05655750535382214,0.005130777659597675,0.3507897074565133,0.017763153918911936,1.4801524858746091,0.006518249148943926,0.004906709157601766,0.31959118543660897,0.020015397603144133,0.0,0.02928493334510584,0.005222926268790615
158.285,2.7122168120576915,0.019264379198750847,1.5158637190518818,3.0117075097566737,0.34361406142765266,0.024081571415247246,19.148013585994473,2.1575413283371345,0.009757056342296774,0.006288309439022537,0.0030428678144675115,-0.0017925164431007948,-0.0020801355876234164,0.28732483608248965,0.047876815671995344,0.004848101916125394,0.3412487693424377,0.005687926985735365,1.4679323237693755,0.003359270460626981,0.005952728465913142,0.3160032074750554,0.0023061638132354178,0.0,0.014464685482808538,0.001952723107089491
158.785,2.7141513790148513,0.029587953227246812,1.5153855247697061,3.015139449420166,0.3610461979191175,0.025958244190509034,15.57088892805526,2.0581238078082342,0.008437496245310082,0.01283237215154664,0.0055349448707677,0.0080002107042168,0.0009578281392352784,0.29407488187585057,0.054113171101496514,0.007760158016525685,0.3407787853039731,0.009643344029412785,1.473361796373931,0.008650228419461954,0.005706792828227581,0.3160813922682273,0.0001561004627746069,0.0,0.01431045593151873,0.0059425330176138
159.276,2.720292996592695,0.035040437453249085,1.5428248798784743,3.0508649076243097,0.34348848091600215,0.011025624944744874,15.296904262148225,1.8890379963049628,0.0075900640892476185,0.011174930218537757,0.0070899343743287884,0.015201189751057345,0.015346353686415896,0.29183452038113145,0.0526307169949516,0.004448011731235574,0.33894208244009777,0.019444265343571784,1.4682537709159078,0.006846224483560409,0.008891684740082497,0.3173135358610595,0.02313772752380396,0.0,0.016942519242701567,0.0032470787682624086
159.794,2.7398347944754384,0.026524832618061177,1.5250317568065417,3.1305056927653965,0.3427454052701671,0.023553929792761445,13.11876000158039,1.945745249246733,0.007391313632216915,0.01107026989841515,0.005603802504500345,0.012258655522005595,0.018810506215072968,0.28872574923387223,0.05026841582830105,0.005091953504582444,0.33668114532365523,0.009408578667178945,1.4826637758264771,0.007004393913749161,0.005097388718011923,0.31392942073295044,0.037661334225090375,0.0,0.03142362101821094,-2.1145440411687417e-05
160.277,2.731792113162413,0.016977373167485134,1.517927541133072,3.1399961556348503,0.3379323066989703,0.01220666117883101,12.764982568515993,1.8909150414001963,0.002350958082322534,0.008872168961202314,0.002447250381714994,0.0013371458481738466,0.022029609061080372,0.284332856508718,0.04827676126684806,0.0013288262544811698,0.336729578553445,0.008800650146421242,1.4779881927734833,0.0037882994945023637,0.005569118817109491,0.30719786086787854,0.004954483001462286,0.0,0.020647879229489085,0.0029902655825106176
160.786,2.645035182151766,0.009232725466144703,1.5028049187284842,3.195677629314362,0.3481751621235565,0.019940578566359328,11.780604465841003,1.8210745399094068,0.005298016879936957,0.007611069440234507,0.0010574319035789041,0.005158659422864039,0.016584962604527582,0.2810174278311953,0.047685116425027305,0.004766222066597169,0.3344599979182403,0.0041244599288566604,1.4820956042042377,0.006362904021261769,0.0005597650475932922,0.3172250411536127,0.036939326760044904,0.0,0.01697238392386993,0.0024241644174614143
161.279,2.465858524864004,0.013555618604848425,1.3130648412228494,3.3047160927044925,0.3127065924871866,0.0003082725337706126,8.751585720859302,1.7079570994154414,0.005444962555403782,0.004861000815152556,0.007348733068928756,0.018916200188539928,0.019546018455854977,0.27804018597657487,0.04386877194697304,0.0030763184128157696,0.3206989579441956,0.008131367907990955,1.5005780353792897,0.0046862532817327695,0.004434070447654648,0.29968695472220735,0.012820804833692809,0.0,0.009139351416508514,0.004382147543294965
161.777,2.4897984537956903,0.020010840611169443,1.3077597303376427,3.2788827136018424,0.3009947707404352,0.004421360870271399,8.588572724707538,1.6768386846284282,0.005433130400803765,0.0060318035435044095,0.008789477427690045,0.01718984546659137,0.027114383752804675,0.2744164766467936,0.043424354113264216,0.0032153805319088073,0.3216867712494937,0.01646559800360378,1.4928660717530453,0.006085813937570945,0.008603887032514787,0.29600094730302573,0.027962250026852615,0.0,0.014945605511033414,0.004762915893589427
162.277,2.460204063124714,0.015177079159095918,1.2790985106896442,3.2933076601748184,0.29759028534919313,0.01950959931673736,8.74627564623984,1.5623210317922736,0.005053671543913307,0.004765448038713739,0.008809473404773609,0.023638287251704717,0.0345577731341964,0.2788614114064971,0.04592029535588173,0.0049071865173487324,0.3218697696391733,0.020842014781869044,1.5121051762404156,0.006050927902697981,0.00927463976708069,0.2950791433881644,0.03732186746864764,0.0,0.021498688497503592,0.004359149475987497
162.777,1.7485037820256173,0.021829804376167394,1.0574507425743926,4.2205247701097095,0.23488598642236233,0.003226520995464259,3.122813561488047,1.0348909768000671,0.0005358199998340333,0.004997652100654448,0.005428025184538471,0.02309160249828255,0.010939896479060568,0.23746750793566646,0.03651819502622174,0.0031809509055645883,0.2905354454593609,0.016394265488875282,1.5983699443533916,0.006418494947885171,0.010930960806044065,0.25982105866647853,0.018999071678338992,0.0,0.010676166324663842,0.0001169699915753729
163.276,1.749528840390521,0.026886464474592815,1.0561259130764429,4.248042423733043,0.23793253086196667,0.01533355498363086,3.102530921509762,1.022727968543548,0.004555507565983578,0.005111547370775596,0.007724430924946832,0.021343173125912104,0.018563988905959394,0.23909976357546736,0.03549554561868818,0.005227080933194467,0.2945947711994166,0.01686826514249392,1.6145266190071137,0.003552651973980328,0.0071773389794653406,0.26531489923315205,0.02323226613673167,0.0,0.01963869262073697,0.006004440405212142
163.787,0.017570639278082723,0.026046679890420664,0.02296227525688124,0.0253286020086702,0.027434599845807664,-0.008596296774310862,0.04901244051712109,0.07339259398699528,0.00422309088539072,0.006187477472796765,0.002914667804344938,0.00959273387624977,0.003446034194417555,0.0031019090276005407,0.004900734005548513,0.004611475703213113,0.013198516040468625,0.005920942244649769,0.03517088915776085,0.0031970862990065105,-0.0012769759051585855,0.010548979823066658,0.025699582326343853,0.0,0.02164110947806252,0.003345486364900404
164.277,0.00917721000544689,0.02901798415042251,0.0029743255281837544,0.02038806838485038,0.01819966830717326,0.006867723084470727,0.04800118300720262,0.06903377334976851,0.00471876475279841,0.005691082626597299,0.006245143212637666,0.02075317664295529,0.02397950690756048,0.005305276860882846,0.005739436998783533,0.0038531787694735743,0.007631313683028038,0.009600774138859862,0.024628755582678342,0.00701105431682381,0.00383677982785,0.007991038224214583,0.027489225117549962,0.0,0.025470061728713488,0.0045032367532435065
164.776,0.01216817575787843,0.028042677310356437,-0.001132828130307587,0.015707319006766814,0.018630633195222162,-0.001780230393419317,0.0385385911786303,0.055144788618286304,0.002128961541410532,0.012876711551236505,0.0038316393733859306,0.008677737787488699,0.012293979199556701,0.0026793637557215133,0.0036781629661038827,0.0029915741560611734,0.004818805654788626,0.006922934735052293,0.029058783748983574,0.0012855311246441016,-0.0005820975535454293,0.007261703396725972,0.008332657711389217,0.0,0.021002793668216467,0.0016100338888078854
165.287,0.013586077198943428,0.017664348942390613,-0.01249299749640304,0.014868959129499896,0.028808871621653773,0.005051969437075166,0.020915441236377872,0.038365680954429486,0.0024051827485495896,0.011200042103724052,4.638101621704791e-05,-0.003722491213257693,0.018739208844022713,0.0017822296433164131,0.0004012280091494543,7.921634864839157e-06,0.0018985585617096068,-0.0003015719844718815,0.03880690983532984,0.006661929508310273,-0.001898244173359324,0.00795651607041161,0.01972335230583136,0.0,0.02291022019504779,0.0002785585867176854
165.777,0.012272896144050985,0.015879553775465398,0.005882214596331168,0.01195256970543752,0.017704725807942433,0.01013898517638419,0.007545789842329038,-0.018278593997907825,0.002757579285423304,0.013127246868502668,0.00196474722531203,0.013345646101145015,0.005444709723317991,0.0051759476797717694,0.0014291244013415656,0.0020278346910694895,0.0018863343332428484,0.006339676128785456,0.026339077402433464,0.006063632365205767,8.838100664288534e-06,0.0070187821362157525,0.011580131355781415,0.0,0.020505318166630225,0.0025824482876023423
166.276,0.006960624789565054,0.018242034627374157,0.009333183608016788,0.0008826714330556544,0.02316506435489548,0.017710548628488892,0.03341800987738649,0.043816106887504924,0.004223990900895403,0.013706630234446925,0.0028466093682636686,0.0009504661025821846,0.013898663819137604,0.0034129196157954215,0.00405553642789819,0.003810774141669674,0.0026826967399567686,0.006705006447344999,0.015513490808764999,0.004770821754483015,-0.0002947308903460186,0.0073432258081468985,0.01713254538692141,0.0,0.012324215637722973,0.0033593057028834714
166.776,0.002167209477758219,0.02367023429253424,-0.00456820040381915,4.37074230318921e-05,0.02288645040019507,0.03589956370280843,0.025845069337203354,0.04043484493451137,0.0049553605616035334,0.013441986016781184,0.008151666431750353,0.012904295894548824,0.026870957380073737,0.004643491129647061,0.003887643780836235,0.005281179221042651,0.003401025365547828,0.01285882180755171,0.02381490091149705,0.00951328310747755,0.004896846988454322,0.011516733631020556,0.03437563685842866,0.0,0.026072115003316555,0.006859460438829816
167.286,-0.001797699521280636,0.014265820309057901,5.6813653945879665e-05,0.006236216140193412,0.02250845320007919,0.019098546303503487,0.03337290048484688,0.054067939737308265,0.005018978758092507,0.009810988080921847,0.002835919680322305,0.013390088321586786,0.011470632220195637,0.0029225687191489227,0.0040273358557479716,0.0038109443213072683,0.0012213393152629036,0.009084820660064665,0.02274299978365721,0.010975514182881028,0.009125318493328177,0.010765635591334788,0.04009231791234639,0.0,0.024340292345355393,0.007669548219823418
167.777,-0.008093384746059487,0.026253496401866968,0.0035764202657733294,0.006201507158609296,0.010213323237244871,0.011559442324220992,0.009138940542074595,0.018060246133689787,0.006433739974515983,0.006098459350522052,0.008888151062858288,0.019856763027216926,0.01928164041814337,0.0032182436174081086,0.0029349989344775057,0.001984968247370627,0.003076386070217856,0.01095959076130554,-0.004989853988482222,0.012715182449373804,0.013541842126411659,0.007436216928420444,0.004712675831830729,0.0,0.026096974167937003,0.008525688450100669
168.286,0.0038373980460756495,0.015678286666580128,0.042300672832352344,0.006009306206420636,0.01238655219148374,0.03635993104511507,0.004016637190604858,0.012587260818069585,0.005130338515340047,0.008456906361147418,0.004792123980144564,0.006873095757459528,0.02940968292484866,0.003216189253226024,0.0017019407722233327,0.003354856897155279,0.004778165229147514,0.0076648426792138786,0.022849083490704112,0.012504570766064153,0.0075952286514664406,0.005534453542115045,0.009633033501890322,0.0,0.02312481832293767,0.006752059100034757
168.777,0.009994247380381842,0.02330129217235869,0.05604173306413723,0.0011365249756962366,0.0008100332306498281,0.017613004029506343,0.020225711158934206,0.027114455682434056,0.005330141314147912,0.012622075795503883,0.010399194266577285,0.026807669231602542,0.028503394934013535,0.0024308385728182254,0.003406062232752635,0.0028378869698162472,0.006994844603579506,0.019740143666867046,0.013483075273838857,0.01133623975972186,0.010233979421940476,0.005440848299730008,0.021181395796896364,0.0,0.030543587168348988,0.00528702280010885
169.277,0.017748243084511086,0.022013595568794033,0.07632313692963562,0.023065775973608326,0.010992501720119098,0.0364531768791238,0.01899097701623901,0.00025370978106971685,0.006241716253053398,0.016026934492791283,0.01013450670501094,0.02181185336487575,0.04332187095481174,0.003586250311447598,0.0035420008407709394,0.004127814975024661,0.008501578089736834,0.018663044288198073,0.03791856393310438,0.012711436764311189,0.006366896786407854,0.011141474492722202,0.025574926740659656,0.0,0.03531087525722545,0.008527998896952937
169.778,0.010950163969827552,0.01708705324603562,0.06486331813871946,0.03472201061549944,0.009652650369548276,0.047840364328057106,0.022958284421149368,0.021282340379799154,0.005443375653928261,0.018070742329525352,0.011516874285520005,0.019023199851971824,0.02796461497146157,0.003363440041311334,0.005060274951803487,0.004555135914077157,0.007951414411766469,0.021115614986217914,0.04054864221779041,0.014877526268531059,0.008788219948627909,0.006933195883014149,0.029528701464397695,0.0,0.028869449936365955,0.007438438694615772
170.277,0.005591357229581433,0.015507851402620947,0.05272347531910237,0.04949217375462132,-0.004156929279701983,0.01979970904069059,0.004285688621566001,0.01253533943628829,0.001263629971807433,0.013386203299069305,0.005085275468680159,0.008267218658322521,0.00927445511086882,0.0006176248829704869,0.0023254653969148396,0.0009519360755996012,0.0063232560647545465,0.01097410781610446,-0.01726085142868807,0.008603688746632232,0.006152257518676632,0.0010563309574914122,0.002455190829810749,0.0,0.014452358194707015,0.006683313863736808
170.777,0.0019674897295174267,0.003913624729743941,0.05488643145303905,0.03356778486481398,0.00020812403815765752,0.012764223042593295,-0.010086907850801448,-0.001684649284924431,0.0010438890439428653,0.009537515332327674,0.002854067205674181,0.00042141180464586953,0.00666065293257749,-0.00017943341298012926,0.001250019844127483,-0.0003525243090903486,0.0031675979663603857,0.0004207076069114007,-0.006029069092891406,0.006577303126581732,0.005846091629686929,-0.0037258768599058457,-0.009553743298220882,0.0,0.0037976499579187983,0.004349501501290253
171.278,0.004425964460017245,0.0005451106016783316,0.06967228473291504,0.03571208287382449,0.001062558558554814,0.006720305970845825,-0.017726244005774872,-0.017387975382855414,0.00025572280616008303,0.01139987368293201,0.0012908784775708126,0.0012230087084773781,-0.013321899484610324,0.00304034326123315,0.001037362911395069,0.00043061522942350095,0.001030540380572246,-0.00578333945639302,0.0027790494932119223,0.008501541670757486,0.010129414107088883,-0.005983527102180909,-0.003526070252076145,0.0,-0.0006936124555415912,0.003967992262755869
171.78,0.013891377086741692,0.00034201255567412254,0.06749760275675153,0.035828058362517255,0.011292426930102845,0.014557359758334396,0.019796391180840426,0.041338415366125855,9.387261674338126e-06,0.010106903507745879,0.0019738883875461766,-0.001331021705825621,-0.00021653412405512644,-0.001393876557460807,0.0015266675309057458,0.002801562270022382,0.0023899619354180936,0.00011727799396125893,0.01360874231633998,0.005966385796540327,0.01811926426304696,-0.00047855081691004005,0.025543019403064752,0.0,0.02228181161384408,0.007446556010020274
172.283,0.013251716470502195,-0.0013020633746626269,0.07059458234142894,0.038128562834066335,0.010957005959668961,0.007877875392114158,0.0005016067926502859,0.003604542808580657,0.001756970330417707,0.007234374801995426,-0.0005362771422966901,0.0020820281553099434,0.003850652126462315,0.0022050911097954476,0.0008525616705788457,0.0019421743647417386,0.0038571495871049166,-0.003054775070577773,0.015323202750885324,0.002862584274809687,0.007647169013226004,0.0004716583606459177,0.03155673581161028,0.0,0.020731984178099117,0.00783652477862899
172.785,0.01671737365366579,-0.0021630809812047277,0.059358829652394876,0.03797530752000531,0.0049619731719509836,0.0029363152196879147,0.00141792032086836,0.010955413190396059,0.0028640679934723223,0.003226974402111568,-0.0009389512295108745,0.0008224496594284058,0.0077605871621877634,0.0007795610515429885,-0.0013117061649789367,-2.0369918223891437e-05,0.002643661707083389,0.0002060764830125071,0.028116232255109418,0.00406968093836772,0.008611607345274077,0.0002521685218324474,0.010749084008744383,0.0,0.017789510672367923,0.005569374178180565
173.276,0.004287656414690732,-0.0015575344944699263,0.0397118297464385,0.02235050434913226,-0.000594604751438736,-0.01631892497174801,-0.023207027602617093,-0.0005308664690723433,-0.0005518734314242298,0.0026131442870679085,-0.0009240335868538823,-0.0052408948805074814,-0.011137954810200428,-0.0013384298502972746,-0.0010260641156068628,-0.0015846315339768232,-0.0006899902179134747,-0.0044588693622909506,-0.005813335800408812,-0.00025138555093229785,0.009488198010281997,-0.001806592155974111,-0.0008045249124587204,0.0,0.0006106561069001685,0.006931511648936257
173.782,0.007009380849456353,-0.0038916463080301026,0.0316714372506316,0.024428466709306304,0.007593863751896914,0.0016714450981207259,0.01363090579688671,0.0032836143168841953,0.0028723611859040685,0.002383607492125304,0.0018138887235019112,0.0003024489091748457,0.010165637243252864,0.0001867717820235517,0.001368351751020647,0.002070703475622836,0.0036054490278831287,0.00017972569649221098,0.029485829489310843,-0.001233619145415272,0.014178938222056034,0.0013656821712903,-0.008884229433488797,0.0,0.007315647252081227,0.006027931961608841
174.278,0.006834173727726078,-0.0006929936516335445,0.015333580567858544,0.019355991559093264,0.009867719165549136,0.014098317895241077,0.024433764712978145,0.04605366128081122,0.00016886422426844346,0.004914809040663781,0.0005751531133420947,0.002053170619923812,-0.003140197780884576,0.0008415038281575951,0.0011994421606271923,0.00238372370489742,0.002887461125240293,0.0016583630713040312,0.02071580863738335,0.00043880960110649685,0.008509673589610297,0.0012768616323020543,0.005872371824677342,0.0,0.009072668906298792,0.006389561208444111
174.777,0.0035283173810183375,0.0029035980662085537,0.01826035724087566,0.031252613549934444,0.015472463360595429,0.00019770168399492022,0.007624627331709935,0.03649717906694459,0.001189111321666203,0.009331723407352322,-0.0008134881113959318,-0.0019664685678563248,0.017818424787697486,4.984162102198865e-05,0.002505026797232649,-0.00039893493089665537,0.0028779729342432205,-0.0026673593168929457,0.006622627647289724,-0.0022806201513659113,0.000698850601759333,0.0037894082844349957,0.008150063248777617,0.0,0.010458760156686979,0.006197789192018488
175.277,0.0057432271141501035,0.005560107856244519,0.01528588453629479,0.04213249389387968,0.00986481527968408,0.019088005587664016,0.017453520773993928,0.02414041460711539,0.0022784783069868977,0.011513522134555663,0.00552735809481711,0.009422512808665812,0.027120786599027984,0.0014771817469064535,0.0005585007380314082,0.005015003368951095,0.0023065951579513654,0.0061082188906694665,0.026624348461934875,0.0032421766528595575,0.01633894923264207,0.004632458447161752,0.019000874577291438,0.0,0.022175220912452567,0.005517530697300865
175.777,0.007897026031490095,0.011603572820377935,0.01844786649966227,0.04595438366513071,0.014806963303350242,0.02169622143705943,0.03249276754113675,0.033717233675545584,0.002265543945753809,0.010636311822894377,0.007931047478459413,0.011419504393471934,0.017236998576117057,0.0019460104335749279,0.0031222689282097227,0.0036357379954895996,0.004926801086415279,0.014542426717086858,0.04895020663248819,0.004688497041871592,0.02502923508130993,0.002102386915082814,0.03885561517677309,0.0,0.009817866979846462,0.007445477754564874
176.276,0.001340063778071857,0.004801529829237479,0.022851452567217184,0.04089660609158826,-0.0007110942614074382,-0.010898664285635844,-0.008399236305807141,0.01140935890312796,0.0037526159885656195,0.01290398964854846,0.006786623602325227,0.008156063351355975,0.0026928688697499333,-0.0015266546809689968,6.754047146122317e-06,0.0018937961397112396,-0.0003904749857702364,0.010179965607489237,-0.0037227719932994225,0.0031854478342323465,0.03265088083567322,-0.0006163099885516113,0.003247445968975279,0.0,0.008698649945452667,0.0015743585870756037
176.778,0.015118466914244632,0.009006462896120893,0.03798012485930527,0.053000968082760794,0.0013953983944064857,0.011295727975021656,0.023129209433035626,0.045268754952078355,0.002915139578234433,0.01771449976023371,0.014172951571766804,0.03023032880900293,0.029920223923792094,0.004017360296017722,0.003524493963168747,0.003688178458022303,0.005695960067317467,0.021413795748414285,0.06694415134936282,0.005906821299146974,0.04660383117200535,0.00023928813195846734,0.001930340129542778,0.0,0.01689327881294388,0.007725678497269411
177.278,0.008457498549574357,0.0037783440959353776,0.025551650557612667,0.06662511374411785,0.0035272732668045984,0.010769266333377416,0.012447411539396134,0.018103561256211088,0.0031603952801427483,0.016841884072766787,0.012774007925994998,0.021774444521035476,0.013232020471367036,0.0012401530652071402,0.002890043647421696,0.0019392304148989755,0.0058576523271697874,0.01797890318809892,0.05119628408643141,0.002411348256369798,0.04799634217670805,0.0006007971382943348,0.015130324055847261,0.0,0.016634403511169737,0.005904021175660038
177.777,0.01648119056944337,0.0001924834154776183,0.046022100993076694,0.05997955538396688,-0.00018283253294796868,0.013176367557450674,0.031620379236478084,0.048353075771137496,1.3892394383923876e-05,0.01527943012091453,0.009857160406776968,0.02530721686761776,0.01987328831183382,0.002600437488733069,0.0018312058352282006,0.0025664909429653324,0.001686180121098144,0.014871933643748204,0.027986631903195832,0.0011529129363868538,0.04388105593860142,0.005818472961382986,0.008979248736086251,0.0,0.0079303803801508,0.005471429685048365
178.277,0.02094474584282123,0.008138838552490315,0.02792387095472955,0.07562711949102136,0.006121050220009523,0.0322763188682091,0.03439093985309051,0.03782974639843915,0.002045106822496834,0.01868582480562562,0.01231883502714732,0.028167228822070033,0.04033786243335324,0.0059696048619910435,0.005150864919408295,0.005344147443293397,0.0005868396738214067,0.02253276097316903,0.03294823038755478,0.0005966057113427202,0.03802645906743827,0.008823366205869411,0.039126655885343115,0.0,0.01188306881325902,0.0032905340909050685
178.777,0.021253965801227754,0.0006609195394561616,0.020371690031563784,0.08994698979203541,-0.002341036140735139,0.022201335403587145,0.0009984405456095488,0.026467851429817023,-0.001273965227981704,0.012292482331952249,0.006392341265947707,0.013245776147760829,0.018017994870742945,0.0031951305383622714,0.0014915854205029987,0.001423696283438129,-0.0017327820792454474,0.014846005063711011,0.02104892091688474,-0.0007504237103295529,0.024989157347367813,0.008445953658366014,0.012305840850059747,0.0,0.0015569105630754729,0.0003554377920850169
179.276,0.03511219254573713,0.012150204492729862,0.044653426228055695,0.08010138282657737,0.0027277433810642335,0.02638849403695394,0.03754154878571959,0.04401423325517102,0.0021055610169151335,0.017059435668409614,0.01699367249113687,0.035377413802372845,0.037165433969467136,0.0048596273443128465,0.004679984435944078,0.00578718132637723,0.0027342297397639458,0.02970961701484456,0.057444799144283645,0.0028868946046624227,0.039385595363379426,0.0085253338410409,0.029999061389539033,0.0,0.012609594321150946,0.00035365800484294394
179.787,0.023310385039229053,0.008650361659858472,0.043808715873516285,0.06862710736308379,0.009016302940110276,-0.010166155852441367,0.00551862812949505,0.0532374631095922,-0.0008407572819529431,0.015534261277185166,0.005574687437944474,0.009186213191828111,0.01800800485185972,-0.00020000033926914098,-0.0015178663747773765,-0.001736548288921424,-0.0015100637525095853,0.01362195001115283,0.00818931444612507,-0.002364740276078721,0.026287692746727265,0.007092483036500356,-0.006795236194132113,0.0,-0.0042400272658955455,-0.0024184424814142386
180.276,0.0259981016823031,0.01679999633732374,0.026488280850408514,0.0797357035786125,0.017131809302312666,0.025074522122064933,0.009854727347359685,0.041297400851247806,0.002599436827492188,0.017311699415566185,0.007898737024981046,0.012995595603530046,0.018673283950002794,0.004277689648273193,0.003996826647328821,0.001662405234344831,0.0016055800981242853,0.014083993109311977,0.0362042664317435,0.002316127694075161,0.025113328684822724,0.007111115599212683,0.024964872310186605,0.0,-0.0021011811386012053,-0.0003934977226916782
180.786,0.02528174315552624,0.017973971344699156,0.03328545032189416,0.05753100319838063,0.016743801382001544,0.015539077745055684,0.0002349056636821079,0.03269966169252178,0.0007143387684555246,0.022055353763227276,0.009966945790448253,0.01255109717178674,0.009193942028201474,0.006595744419114782,0.003648301597700876,0.004977925492631744,0.0021547873435081985,0.012173076046989355,0.036962714518546394,0.006489008493649951,0.023452549072787317,0.012909320127841864,0.029948595481530633,0.0,0.00020445795472850365,0.001843220915788001
181.278,0.030533305031812844,0.02058905569665174,0.016964874813511794,0.051540023972340795,0.017613007173686766,0.019653801896920446,0.007846960908045188,0.0210974888993576,0.0034923867251266676,0.01870095552839999,0.009333495986326606,0.015293702911141712,0.01361617678944761,0.00524210348081636,0.005979618043797123,0.0030744128870370787,0.003114899231003232,0.014401592209811357,0.03176960059676772,0.01021450907102226,0.026681935838848123,0.008942530257829737,0.03125447700808812,0.0,4.702869586958728e-05,0.0033554125972502843
181.777,0.03810186130937518,0.015096897473291333,0.020155363998612303,0.026423295636415923,0.025151064217670497,0.03884073337321853,0.017076802626675963,0.04738562506276596,0.004685197230473702,0.018518940338370482,0.00708090672810478,0.011802057121321584,0.0011142920572132892,0.004097290962247117,0.005472698711170315,0.0019437432233182289,0.0030817804718848,0.0070547479169738945,0.03015020245639253,0.006637673808488694,0.021602552401223583,0.0021240283175526496,0.029591719582829072,0.0,0.008038890855422899,0.0011457515453168132
182.278,0.035415427280051814,0.015458584561560818,0.01402770821202774,0.04347445782291381,0.028364657017165902,0.05588130618709879,0.03241969163259038,0.055478025063081304,0.0059718572096366385,0.013018044609988969,0.007887352021845088,0.018730877978359647,0.022052630872683176,0.005452757234164221,0.005522528770141952,0.007296566274961597,0.005658058279082497,0.013211615196179137,0.07183323774025553,0.007019752940234562,0.02150542797754389,0.004966452411616765,0.0700545150492622,0.0,0.006636027869818567,0.003479072901753932
182.777,0.018655223345689198,0.005388328930402347,-0.002206357412188695,0.03577395014726361,0.012337629272360786,0.0037473240480270405,0.014567908361948155,0.017081648767382693,0.004296626671835953,0.00838913168499361,0.005543205484330225,0.0017198970235750837,0.004338448225417319,0.0032128873525472936,0.004755307687017431,0.003985518186972418,0.003958726659377043,0.009831673295771247,0.026120842150509683,0.004844175323521741,0.016190886439987572,0.0024313017446841068,0.03344754461928684,0.0,-0.0009615844894409987,0.0015465407971129148
183.276,0.017170489596801498,0.020455607490255667,0.0005953264348945854,0.04652543533743178,0.023562600010603896,0.03636043013326391,0.04329362053507581,0.06515245650800565,0.00914915863882177,0.008085683601104295,0.009357486595784554,0.015966596971214022,0.02427966590307818,0.007619103931110351,0.006383166366709377,0.005567756908025396,0.007287469932291412,0.013286228306073284,0.061806983128625655,0.005548662083330506,0.02224563242414316,0.006196528514640782,0.04637619131106763,0.0,0.016857911636634186,0.006577509594030472
183.785,0.01653365890959508,0.04114895038884569,0.005990200243039355,0.029815760159527072,0.022449251624554308,0.05538543661407033,0.0283081464687821,0.06611090229676704,0.007788071140701092,0.014009826940114373,0.008553238328815615,0.013600018248510565,0.019791838600734333,0.005322773178321671,0.004258061873172347,0.0034319988039751333,0.007683511113816684,0.0125855083549611,0.04450257939423237,0.006479248816772592,0.017825502846719923,0.0031178976202713986,0.05374348793266119,0.0,0.02248951780908732,0.006809615552037543
184.276,0.0025043386100048544,0.03275725485969211,-0.0037143279664214597,0.02326753766654582,0.018308425798844476,0.021949552836615465,0.016239241064098183,0.06923206814812823,0.005628352654979225,0.00649826203498873,0.003788387288727345,0.005761129864170235,0.0070749672937076465,0.002051922638271167,0.0012629035088710244,0.001247739920754197,0.0037952365044724066,0.0016821977468589391,0.0007781525834692171,0.004135576824940722,0.011621466978184062,0.003137347075903725,0.006098183395281512,0.0,0.012008354105368267,0.0014728778857716074
184.776,0.0033856017279108017,0.04617724169110522,-0.003643929579716795,0.019625102874050643,0.02454612287227005,0.042316286089788144,0.025518140539875923,0.06455003951532073,0.008003012148461306,0.01129594352216826,0.00892377899494639,0.015514574947216498,0.028952891719135863,0.006089482346358229,0.006427479697831342,0.006030174517098708,0.005032670707701663,0.016673382999108866,0.04763673765429122,0.0050465026387999275,0.012930817123272154,0.006124380733491658,0.05171636999590931,0.0,0.030873817186662572,0.00250087949183567
185.279,0.005475281582150345,0.0364329181974096,0.02519569117622038,0.025522929708895283,0.029030106933005742,0.06451778579958144,0.018408225175763158,0.03306744479477289,0.007264165460718959,0.010854816562511305,0.0067958308733721,0.014227991900683907,0.0175625647372931,0.006113575237557634,0.005540283701059074,0.006946923172240944,0.004435488893077002,0.009327797687058905,0.04439613281837554,0.006110622661468897,0.00906222083764976,0.006955538627749816,0.05281586389273704,0.0,0.026266743991439388,0.0009267317981579133
185.783,0.005465324924732238,0.036727521159347305,0.019184209257391116,0.0198782064828407,0.01959392654461573,0.06019589942732824,0.0031438850777183143,-0.013150793871673687,0.006263877638669034,0.007494329338351431,0.006807730943511821,0.012323565135739333,0.027930007357721245,0.009170376490488748,0.006815096606117512,0.005314156573721294,0.010352567764616512,0.015415248582520129,0.022325894058836008,0.002840776078446036,0.009562818367866521,0.003955827922259125,0.05299768164057362,0.0,0.027660199699469083,0.004335899792309971
186.287,0.002411002265648749,0.034612261999576836,0.024367480115049477,0.01255843896420871,0.021697986541904878,0.046193635698846436,0.0045459901119815115,-0.0018874511983280428,0.005528647938855453,0.00687516020414228,0.0033375492521387816,0.009832139262335607,0.005832417199376652,0.006813130880581874,0.004892863963758185,0.002030297654540825,0.004335839614056253,0.0043264753835974695,0.011668730509635938,0.0027849541777756697,0.006053159326097957,0.003028318135170541,0.04495557525782634,0.0,0.02033564236674448,0.0007970219550895261
186.777,0.0008902085135701331,0.03613444619972689,0.024246175670948153,0.005335510588227701,0.016547034565104018,0.05313467762222474,0.023329901511972374,0.035874223014992636,0.006513712323204947,0.005638494075717243,0.0089748145468022,0.02195788097122314,0.0253683640651594,0.006356798338893249,0.005284536661809231,0.0066091527710671226,0.006411628474536973,0.017646414804808882,0.01786445650678618,0.007108092422998207,0.00998603901112284,0.001626802410717867,0.05543963132306748,0.0,0.026698801891643514,0.0034369488741513555
187.277,-0.005299995273732626,0.028689309160504526,0.0002538609683054077,-0.003876733878591574,0.02642245145568678,0.053690692049699354,0.010062003172257972,0.029624833072151826,0.0068041986642535905,0.007456859935714693,0.004458540602181747,0.016360688534867353,0.006690927103145651,0.004507063157260884,0.004342571267549424,0.002702482106908745,0.00428338345450761,0.00903030161226962,9.015339921320574e-07,0.002930042286860803,0.006220222930975691,0.004175560087456579,0.051459332118426085,0.0,0.01898964181988389,0.002150849581858143
187.785,-0.007782081847769147,0.020715359317812536,0.007838159707215676,-0.0015342062338775228,0.021005576995785067,0.05518785840689503,0.023404359073242037,0.04507735667063988,0.0041336760469903346,-0.0004017323713287144,0.0015070343715788569,0.004198726263129423,0.017122004200501223,0.00440358559394249,0.0034945495033643892,0.002711456531181094,0.0010685680123325772,0.0012390064363295445,0.013466608883704172,0.0018030948026549983,0.006803800824647639,0.0008145718872118348,0.023357959033763913,0.0,0.01480162139256622,0.002948567144693029
188.276,-0.007621419144730791,0.01806067648425103,-0.0006527853470709452,0.005585967615033939,0.027797820085097156,0.04453493074742445,0.022506531418898138,0.0887051293180905,-0.0005714757402902776,-0.000630431297857618,-0.00022932831719092231,0.0030493978334085086,0.01269115658144965,0.001625374504770899,0.0018071221860017632,0.0008876792091123254,0.0016134144179293043,0.0030331862472157416,0.02138987586719689,0.0015252594323707594,-0.00035406229224217944,0.004473152189279116,0.03673155744921894,0.0,0.014330779608692135,0.0026173867959727154
188.786,-0.0063507798167013844,0.025649586260916457,-0.0032144966093704493,0.013098265533831217,0.031891304978858115,0.05562454346410579,0.016378080075291967,0.0332923540505749,0.003304137222872103,0.0038561242648356025,0.0003040726134802849,0.011961590152822995,0.0021322375155286896,0.004192675469287492,0.0035710739798724316,0.0025967464034571813,0.0036974861029517407,0.003955287597332628,0.017700577748984786,0.0023355147545977045,0.0017103228630582818,0.010720004321345974,0.04246691062166135,0.0,0.018481244138576297,0.001916217525640143
189.277,0.009289084028977341,0.023948587573666358,0.02335217538027591,0.01671889117692679,0.029123700637262377,0.03573486000784287,0.015348436038227184,0.05695663536587773,0.0029426469687154574,0.00273109470449933,0.004697006283054527,0.009420243375999138,0.024980323664342056,0.003909938355561369,0.0035936513744220895,0.0030362697681601894,0.006816185233013177,0.006201680508974523,0.014413846992951661,0.0029601959033577698,0.0029270444385854338,0.012330913355622666,0.041452766762586454,0.0,0.026936129415041827,0.0005254045159407649
189.774,0.005774586396959826,0.02912677602506356,0.014526487242615444,0.0007549035983346517,0.016778835646446656,0.038253182658150975,0.02130628442587666,0.045382577168372594,0.0007391824929523468,0.0005149114923121227,0.0034355243745296045,0.007842406459530394,0.001852119879320382,0.0032102478726553627,0.0015739681156371763,0.0016435881762735412,0.0023916786291972845,0.005499574874442309,0.011973098564590143,0.0015977807189648332,0.006225703589475033,0.011134474901333444,0.028910511802355363,0.0,0.029709074557689216,0.0013406783378441057
190.286,0.004853342307055385,0.035269326482985544,0.0026820654971132893,0.017120246145598914,0.02005392874412065,0.06348125989351885,0.02779887053095308,0.045265498582602454,0.005332488468593959,0.003054622687765865,0.00823984133963421,0.011914087101735586,0.046860718418927624,0.008252939824342118,0.006411797910771622,0.0065298771677195005,0.008500389474728197,0.018690636554914736,0.053721473772579076,0.001414923886791341,0.007216241072142836,0.014634381730893951,0.057559207362982034,0.0,0.047732162854133245,0.0057493564840144585
190.777,0.00014924019159932183,0.023197613377866973,0.012389973370016428,0.0009589509719125889,0.019951791692967423,0.048054994403707585,0.0043827555064498485,0.0006191166431605946,0.004460041732738458,-0.0023143428221018398,0.0039011906678268287,0.012088219577632321,0.016364300977285712,0.002729578137493184,0.003936775396303356,0.0013232585521680564,0.006289669743865325,0.005105855391993973,0.04140292286117985,-0.0027809637382026947,-0.0008399395083154272,0.011988318383821236,0.02778966718773432,0.0,0.031103905634768562,0.0021403439386350536
191.275,0.00025193060932036883,0.024304144351988854,0.01950227802664493,-0.01106928845986823,0.013278691713821438,0.04183812800648463,-0.002807109838905438,0.014983912614681386,0.0012971052615830677,-0.001515819975594011,0.003888753721763589,0.007802741956774444,0.01316535084134141,0.006032165479657372,0.00019975278047181563,0.0021523211207860565,0.005623528102230227,0.004480803202486271,0.009657529739426393,0.001965657015136762,0.004865000886889267,0.010831149403051875,0.011812933184165698,0.0,0.030046373310301508,0.0012291629028694775
191.786,-0.00016583893500002689,0.011633678944686867,0.025273805599570494,0.014935803985920698,0.010569272009828472,0.024625097418873542,0.012304405326572055,-0.012088363049616448,0.0026507371063070853,0.00030135981149242503,0.0007248040787814921,0.010876938082678122,0.01399653850087481,0.0034105770899965572,0.0026442746976793694,0.0021280981504684013,0.003527998784616935,0.008975710603316624,0.0034090528079774103,0.00010417526104399253,0.0004948976397544039,0.01375668695955482,0.02045416964820204,0.0,0.017468523671468665,0.0018237917733545407
192.276,0.0013862414778614215,0.007169232507721423,0.036912075924900985,-0.004578892767636308,0.007674578150097825,0.03307830591939231,0.02540904956093087,0.04537052852495241,-0.0014096818353415493,-0.0012466258857432553,0.00448600818833868,0.005697427944131561,0.018883486083214742,-0.0007060165444624653,-5.7962090047701336e-05,0.0008528029696555545,0.0024936589282109245,0.00812039741373448,-0.005969169994589019,-6.945017402932835e-05,0.0016825551434878085,0.012271408171291305,0.01656297758861359,0.0,0.031179663483475558,-0.0001720510525506909
192.776,0.014480595414795525,0.0030968034726019562,0.0470379933858345,-0.00018587629728224292,0.012664092998556567,0.015069380111635533,0.027750812092360574,0.07528027724271039,0.0007333390568054765,0.002236314472917806,0.0018592521957383774,0.009394866038195632,0.013618628599206324,-0.00024344783935053484,0.0003185889589058049,0.000367937309400653,0.0021268419026816265,0.004872798472476712,0.0381616367219596,0.0019698340254064818,0.0013926944032416255,0.014670041610540167,-0.01322956364415192,0.0,0.0409610220771185,0.001437400530319178
193.277,0.01895051631460455,0.007407737466071928,0.051384574051644004,0.0010148570203644283,0.0029950599756068193,0.045221067132696795,0.007154655226895836,-0.02891523837471094,0.0051278009038397306,0.0056374021478018,0.005035647507324676,0.02291919329186033,0.026980997905093673,0.0009348740428746082,0.0031399895543067296,0.0030404378668092247,0.0028112635823732304,0.009164236892713123,0.07977474385160509,0.005305511974747458,0.0038831560231567547,0.019635659581409108,0.022702572797807814,0.0,0.036184926892484835,0.0007473867658332585
193.778,0.01611582340607444,0.007063052537978021,0.036410335024400324,0.019533840382734265,0.005473780922348934,0.048754080733116226,0.010227076403399753,0.004144437679479994,0.0031566347316164542,0.008303541605711527,0.006421538792918246,0.005791565664166472,0.02123773850424097,0.0018418770503090527,0.0012509397654416503,0.0026356730021061146,0.00012165720305796688,0.014604415235341764,0.0850460088377532,0.00712561792802072,0.005389700955368417,0.021429300200962346,0.025822228314961247,0.0,0.033199083818621335,0.002624831398207561
194.277,0.016391552732388476,0.006980983132485935,0.03222865173973645,0.0015771403778442339,0.001374761503229484,0.05130043057529223,0.019773005598180467,0.03570480384773184,0.0004719043801865824,0.010915646974727564,0.00535503398307403,0.01557398495012999,0.02482711058528109,0.004155354327841966,0.00014491362461581245,0.003188104162718568,0.00026885202878514634,0.012690853085356385,0.08217742453621935,0.0006069520213158366,0.004888326923038078,0.016260905634622125,0.023513623044930963,0.0,0.0397500966406317,0.002453652842693176
194.777,0.018873882225912242,0.014159807456318306,0.03192037321509353,0.0043215567931500585,0.004726766718792396,0.04821503053869963,0.020833788613248014,0.05321048056050748,0.0009778204182029516,0.016602835672053406,0.005450688960359837,0.015415303254149151,0.03285451182063735,0.001196799734583444,0.004216032585397893,0.0015843470144693691,0.0018365523095219096,0.013397138878291498,0.09252114507123561,0.002869772844815756,0.007760949072017542,0.019741570323690557,0.007495763004539245,0.0,0.03240331824920154,0.0009506693520361229
195.278,0.01479270242316419,0.002254321544601332,0.03464602070864173,0.004087987530601299,0.009331570911229058,0.05104823842875264,0.01188234892028033,0.018321169241737982,0.0013026316459286392,0.020161852663042074,0.0011614955589418104,0.007342948123464768,0.01693810277769491,2.5737601413703148e-05,0.0007460756711647514,-0.0008331334848082584,-0.00011106715364990951,7.339389197746627e-06,0.038821723968659155,0.0012700601394742058,0.0017141803464026059,0.016614858173755784,0.0014320748924316288,0.0,0.01110738984484851,0.00014277775504510082
195.776,0.016301318960758874,0.010558243257521681,0.037454338185010184,0.01793563781952566,0.007846350199366617,0.06537310734809071,0.025523044498399934,0.052828800634846663,0.0018837190000731462,0.0262353816936769,0.004209770471528567,0.007418264906732771,0.027289752364903747,0.0026235033177972327,0.004318808440284685,0.002670387413395389,0.0014417848033461903,0.008859729656582683,0.08286849747013025,0.005747402882791687,-0.00021931858284661868,0.018252023935343777,0.02869502597152273,0.0,0.014807594001596983,0.0014166754639726874
196.277,0.006631380417097046,0.009252167525821366,0.018252736814623402,0.02769059445766794,5.837545675191581e-06,0.07258978408227053,0.0025626926506211655,0.061417885440079506,2.5253842956989794e-05,0.029563450774076464,-0.0003253361982652496,-0.0040047563212797736,0.0006110266869711597,0.000902832239235283,-0.00023595391090667497,-0.000582567415748167,-0.003199159153716309,-0.00021616063564272765,0.043850287738611486,0.002951246286028658,-0.0054432992891594615,0.015451583998259723,0.0001091457412801895,0.0,0.004504569970583543,0.00010321464916041552
196.777,0.017728658617494474,0.01200240712341445,0.0373913061055071,0.011984742511381163,0.0022244069342073477,0.05096561463580163,0.0006342370032961709,0.035951457603871806,7.413158754092889e-05,0.03213163411752083,0.0004165336382884221,-0.0032589203391977053,-0.014414866239652466,0.0004033222848395534,-0.0019316225898698236,-0.003315112842691243,-0.001313420116732422,-0.0014747056183583218,0.02129248419379074,0.005384711067839987,-0.004914662511414003,0.0217513204585147,-0.00829889626840276,0.0,-0.004988011084636487,-0.0008974328532424016
197.275,0.02588772581570243,0.01334656670119876,0.033614613920109795,0.013278254784102158,0.006997770293769708,0.0647308809751579,0.007678365788300681,0.03174935285232052,0.0013997245391393312,0.03345450968338077,0.004373750662060342,0.011161728853891486,-0.0015281892270280124,0.003002533548784886,0.0016310010530791077,0.0014157055071232262,-0.0004946375581706472,0.003028111626776613,0.03405132146146046,0.0071444707291295345,0.007901116117157301,0.023993813261805587,0.004234686015613424,0.0,-0.0020823768499621635,0.0005016409689983451
197.785,0.024224878694968033,0.01622863873723185,0.03773154927700701,0.01479054702315102,0.013096633707355948,0.059435965034227094,0.022750796577344797,0.038672750054176315,0.0006829883411301025,0.03688550888447009,0.003897645823921106,0.014584434221848882,0.012791893303593906,0.0007057616300851325,0.002861718002843389,0.0011713832195789542,0.0010503673668254875,0.010991055133032461,0.04492377744084449,0.003566141049954359,0.004437451237091637,0.02659632660096934,0.011251076402446644,0.0,-0.0001706857235595783,0.004790164786067641
198.276,0.01851562364936338,0.022454610253386485,0.028111897584864192,0.02581257264099829,0.0040799226328065725,0.05839330343103648,0.02773767257413485,0.036920999904145005,0.00040547607690332734,0.03495389495779608,0.005048666917680387,0.013476186845042842,0.01246275119848366,0.00563063965463029,0.002513283959986545,0.002588781764715102,0.0032739383630579493,0.009804336787596615,0.03201880268141925,0.0026578416022716663,0.0036996484832317123,0.027291702922494436,0.0041379034362144075,0.0,0.0002172363754393571,0.002903731856526769
198.787,0.01115803126298106,0.020233193814077743,0.011347211458977416,0.020936576514791326,-6.810549468111339e-06,0.048055167214117206,0.016581199829331504,0.058723416859884324,0.0010870002404434278,0.027378949898899926,0.00021880457972864791,0.0027228300984290283,-0.001968688443468598,0.00039842937269426104,0.0008297916130627756,0.0009624424707388049,0.00549391504877971,-1.2844261037791544e-05,0.02914692567616422,0.0028078580251256415,0.0006800346930693194,0.023589958323256992,0.006516210697011645,0.0,0.010652472073404242,0.00033804983933214056
199.281,0.01832089957686074,0.014520841628508979,0.026713440075066153,0.036508355123682994,0.0006366231649993492,0.05369742516324135,0.03117128725561203,0.05137449335969611,-2.1046109286175214e-05,0.028602642198292203,0.002421387404786016,0.006335795063593926,0.014441503736741069,0.004227724680866803,0.0012201531903729354,0.0005225624197596519,0.0026569779787107752,0.0045669815702547205,-0.0009044632078434622,0.0023268602058541,0.005510176308809877,0.02455255554522111,-9.097795406470984e-05,0.0,-0.0008088110750125034,0.0006811491748546248
199.785,0.03221408908423347,0.016348449725992913,0.028339283458679875,0.04005153211655252,-0.0014964410736209447,0.0378359770965222,0.017244359451434082,0.0006936271596358976,0.0021540433850754576,0.02689685323371688,0.0030983721974132557,0.020509541156176793,0.01159305752073299,0.0035357787654091096,0.001578531025741139,0.0017215410755040492,0.005631505513863434,0.010398983848497046,0.016096530190622148,0.005473603371125191,0.009623600475360754,0.021192757467208004,0.016040308888578807,0.0,0.00579946581506923,-0.0007691323578345981
200.285,0.026196647597523975,0.008606089974152825,0.029139347528989147,0.0400607665051956,0.007122498263229656,0.062379328084503166,0.034184211335236046,0.06017632540398213,0.004632959683837742,0.027969224290201218,0.00197293400783714,0.010284275335981799,0.032371113886667954,0.006339466450494527,0.005969041006553994,0.0019599407813190063,0.00686633553717182,0.011671748437234288,0.02299763511722476,0.0076931404124704955,0.008379288215539024,0.02281250643095193,0.04851673497014461,0.0,0.01691737664857615,0.006099586382109048
200.777,0.020008037053882464,0.004127834863767744,0.029412200818783287,0.02232321007181066,0.006519997226563013,0.021932513695462855,0.04432919517421411,0.05986191906735936,0.0019282521019478064,0.018482721010995087,-0.0008422941449883338,0.010478899945776231,0.024642577145170444,0.000951375674124143,0.0017613958547603196,0.0006329155757528592,0.002145365747652138,0.005315856838991542,0.02377504871155287,0.002264958142881496,0.006753793248249088,0.021669344517833825,0.0036203345453760427,0.0,0.012782844489656112,0.004559463378835716
201.295,0.014764195203724595,0.01966674465117158,0.011527660950003658,0.008467496772485202,-0.013066261062077169,0.027769551150431667,0.037326869740205354,0.04985066048355206,0.003994038297079921,0.022324952525033234,0.008791717304406364,0.019480786494167544,0.02904741848262897,0.0025265760214762643,0.0032908035946635737,0.0008537012578719607,0.0042623712021330595,0.02304989838136417,0.07120694848922686,0.013504738546953329,0.013677096721793295,0.019467101169405143,0.010559962694760094,0.0,0.02330770483822756,0.0024844882511535077
201.777,0.014891432263648832,0.00021171762213317483,0.020072373626822713,0.02067709437404023,0.005583290351391739,0.02664537697606931,0.042549466372717726,0.07356979460682046,0.0010121132566714894,0.020793996229828735,-0.0022306524313216777,0.010696971932194484,0.011405834599690612,0.0038303946893866003,0.0019062032950101094,0.002793786858097683,0.005496727407807205,0.00036675315487179545,0.026923058069458432,0.00609394117670401,0.0010824150900200428,0.019472681371297033,0.00250179027664254,0.0,0.006922959838818792,0.004001399574294549
202.288,0.020730676195151617,0.005944630829733711,0.0432662244610608,0.012711972112666038,0.00360273903689638,0.023026666622315072,0.03772748221329319,0.022462214954120274,0.0015858108320430417,0.026483688037847813,0.0027288622993328093,0.017618814489084082,0.0030613719716792,0.004721880189206019,0.0029115389962385244,0.0029658877002913995,0.009854753011792509,0.010055427731719397,0.00891879042005103,0.009606733799361927,0.006303733351541694,0.010728335664234936,0.022001488343747204,0.0,0.0009992219612612874,0.003198057518214137
202.776,0.011931917731118147,-0.004932717727695221,0.04114082992564583,0.024567294341193244,0.00927548605644288,0.005502582810293254,0.051653055705302334,0.06179820262888832,0.003996471867271589,0.02717949981288514,0.002508479052817465,0.015407766266429156,0.022421845666636995,0.006085757903286189,0.00482081913573295,0.005668923785229013,0.010106101439672424,0.009739433401782013,0.04426053748846038,0.007629793813652765,0.00363889448318505,0.010925161624137437,0.023704131156583746,0.0,0.010441746590272428,0.0053682004590922296
203.28,0.006529342599628722,-0.002586641721670442,0.02992340988190428,0.02246044753640295,-0.0019613161029138387,-0.003741090287370925,0.04314699297573513,0.05387645038704108,0.0009317002828749626,0.02635148598042435,0.002860137779613344,0.0003050227434640954,0.007822599499531492,-0.00013282663619639668,0.0019018009510337335,0.0015471203390973374,0.007317723930020018,0.003930018551667044,0.0023738352752294863,0.0031033320363033274,0.010554298697797759,0.0061491284894676194,0.007913704205814037,0.0,0.012087352368744482,0.0020826899498028618
203.776,0.014816536248922946,0.010165939474020386,0.03662132366871606,0.007586349917502804,0.005067243015836318,0.002939428082934234,0.029667066420321676,0.01791703392171874,0.0033643013472504355,0.025060218701412222,0.008045513577119402,0.01907506057307978,0.018487718402005502,0.005029803365872665,0.00229431412825537,0.0015586771020026497,0.009203412571864203,0.0162409594201659,0.039046612145802614,0.007248982239936572,0.014901689689663444,0.007969668624776764,0.04078950568098877,0.0,0.010817460634826774,0.0019769158879343867
204.276,0.01580265407539387,0.01321317694566128,0.012577484709403876,0.008524943386675959,0.006638151911979514,-0.012394828557448454,0.027047214123668444,0.06213494570510636,0.00343074347601652,0.028012388218010838,0.0049923901346093065,0.019845874570474036,0.01758385875385385,0.003343590656286069,0.0021111369448282313,0.0035924365428344003,0.006899145805758904,0.009121387438222174,0.015001736934608925,0.0011920175456924204,0.006085879098927005,0.006215911169912378,0.01856060383389033,0.0,0.006121496245479585,0.0012552874901609657
204.784,0.01889548599283558,0.006504169802508681,-0.0003970700194598207,0.013940420333543955,0.005596044348002816,-0.012206558982423817,0.03217762462806569,0.02599731623548155,-0.0002918490297974016,0.024880290198720352,6.421740793320388e-05,-0.005588581033624841,-0.00019376639449347557,-0.001858058499779098,-0.0004810691253826094,0.00011664159827031396,0.003939447256082876,-0.0004596414129132781,-0.006261514511153814,0.0009565234710375311,0.004830332141858574,-0.00020999499620964003,-0.00036137893143231006,0.0,0.005838216950001059,-0.0005209380194233392
