Time (s),ROI.01 [],ROI.02 [],ROI.04 [],ROI.05 [],ROI.06 [],ROI.07 [],ROI.08 [],ROI.09 [],ROI.10 [],ROI.11 [],ROI.12 [],ROI.000 [],ROI.03 [],ROI.13 [],ROI.14 [],ROI.15 [],ROI.16 [],ROI.17 [],ROI.18 [],ROI.19 [],ROI.20 [],ROI.21 [],ROI.22 [],ROI.23 [],ROI.24 [],ROI.25 [],ROI.26 []
0.257,0.1612511177609242,0.005082945886228953,0.026557073584688833,0.013076939470067777,0.0422041259447816,0.0030763271685692543,0.012610500432299488,0.003759647764779353,0.022836271575518763,0.05731628020874171,0.004710791727106479,0.0,0.02971819642233224,0.010175800526442116,0.013326675272846426,0.01630462765054426,0.0224810310406008,0.015028318252301569,0.012546293730935068,0.03797251166628258,0.007698121765713198,0.07698037174317321,0.055321233633438105,0.03813580031793653,0.19157679346217518,0.09429280473423902,0.02159625358321617
0.778,0.15465271016544607,0.006371820169856205,0.017677569814356253,0.012583162527302287,0.08077558526380367,0.002965522136171938,-0.001181613068439221,0.010500070330927489,0.03441660290796618,0.13790225692686559,0.002941806831567713,0.0,0.022466492784227316,0.005558309060440437,0.01684228024982267,0.018055626393957504,0.017499133878577496,0.018602867101026245,0.009687791360874382,0.02861146241800686,0.004452350908467861,0.08664404350086498,0.033777014429347656,0.055483167280985714,0.9219315184884644,0.2513789049570197,0.09578228356150079
1.288,0.13775448793993722,0.0025995528526641877,0.010121685819323998,0.006723530857453356,0.09915435181523215,0.0023761739021448103,0.002965324726177207,0.018955200228353772,0.007776101445217889,0.008863778891834494,0.0008598810761499726,0.0,0.0016228277470756438,0.01371517497249491,0.013922507255930205,0.009851681118118544,0.0042034458500609054,0.006052633486583775,0.009462890269458443,0.030061214414924865,0.002405986955436042,0.0344150087641899,-0.0036232762136586966,0.02334709713773251,0.23680551320775137,0.06784080716574505,0.018989850306933096
1.776,0.124061208339445,0.00219590259055335,0.01829443048929938,0.006778631327764178,0.07526250510528525,0.0005407511110583105,0.001790515603315871,0.02266945380335389,0.00784070530411003,0.05751141435411629,0.0025646776802747415,0.0,0.011935650379710769,0.00685613904281468,0.01409812908511001,0.006841856465827273,0.010156431231447247,0.0031883290586541945,0.007851111618058074,0.02274921244812865,0.0057917060297906515,0.04979269340094105,0.02472618253676669,0.04043815282377802,0.7066306751744563,0.09758803595606691,0.06862251376875937
2.287,0.10771959157448516,0.0022087785033532976,0.004988986031701276,0.004581213262105863,0.05092572168968453,0.0003397521627761625,-0.002633095387641188,0.009029918493115827,0.0079691493682496,-0.009450155873265273,0.0018176795415468707,0.0,-7.410629708860892e-05,0.010865453637896358,0.017510282758620276,0.004902966967767754,0.007962664253563831,0.0028613122530783647,0.008454830451944373,0.01742947620764109,0.00258521450955574,0.01886547292813025,-0.00022768011546545183,-0.007688975817527985,0.16788859005493778,-0.004594857492591097,-0.02884804425821874
2.78,0.10458714584828582,0.0009716741374001093,0.006448499022409638,0.004577427336196653,0.10954601396187372,0.0030789115081058327,-0.0018246781290906804,0.012140832361064616,0.012825896161131903,0.002622289848372376,0.0019138337601699077,0.0,0.010643555932447384,0.01066735639830417,0.012676989781871158,0.003724712827900668,0.005666926707466449,0.005434446247512885,0.00772098541339966,0.010972073329364842,0.0046576600659181,0.025131093669149816,0.022497729745318693,0.028289779584412932,0.8321562407980333,-0.04414784658316345,0.019801976652000522
3.278,0.09448886980102952,0.0013252019036031372,0.014046006832673371,0.004050638182585899,0.06351781916612252,0.0015164209135312252,0.0014233983714812,0.013440128760402712,0.011895177543070097,0.015372106194147228,0.002398903875150404,0.0,0.01558767807885722,0.0063188093124662064,0.013816400931485888,0.0002640535463275016,0.005917935638235428,0.003500110015055582,0.007207194006269401,0.0067959380886631416,0.006391135807689914,0.05340727022890142,0.04355362768993962,0.027984016339325797,1.7773948860776423,0.019688185247936675,0.010560462765254349
3.778,0.09008601276676662,3.2259630886126615e-05,-0.003072788875813429,0.0025284589372622985,0.08113724990731357,-0.0006856903273051224,0.0013184703555831347,0.002488568353738067,-0.006522877778524643,0.037937728215409236,-0.002840309162808265,0.0,0.003901140366587082,0.0013652593138639242,0.004617006215486082,0.003575832120003015,0.00035090863525623285,0.006138335516586202,0.004664427442523752,0.005190697326916913,-0.0011273199312040881,0.00016379836522859421,0.020488217613062937,0.025262289116712883,0.5338053139531125,0.07895969223022646,0.039429464756641414
4.278,0.08596768411732768,0.006401432341363031,-4.7230618627235206e-05,0.007469519509831608,0.04323977611879276,0.002602124515194756,0.0025294932208574433,0.01541281426157401,0.009244755722204751,0.07762550074352094,0.004060443346939489,0.0,-7.3123717779182626e-06,0.010632181968230863,0.01906509029018543,0.012378342970578547,0.01198530125411646,0.007855124303726757,0.004234089702877403,0.0055632240336699465,0.006155699305964333,0.029553051521854903,0.01974141436033389,0.00586543570492994,0.7524634195611222,0.1678896588156479,0.05508232130323132
4.778,0.07620377879944999,0.006439302488101986,0.010133568097665099,0.006158920866267566,0.058495440536822985,0.0007512706650684693,0.006879070566867005,0.010495142035651477,0.01940561848992927,0.07056056834749265,0.002424836767675888,0.0,0.006894997442992975,0.012577416421031946,0.012767423049874688,0.004807971297975335,0.0027388038529645663,0.00992351939675538,0.007692016668175285,0.039601956343871,0.0016768933933279588,0.027224576197824903,0.03000758427086332,0.017743858876339,-0.004659726690360767,0.06078279449522185,0.061757328070550364
5.278,0.06821010833455085,0.008880576490159591,0.011041470857335091,0.009815642921406945,0.08989448928434367,0.004095226609572084,0.00699861289350818,0.024732959752207535,0.013259364953385816,0.05877323820803814,0.006213468710246824,0.0,0.011546846332991616,0.015967256349535924,0.01970767553821098,0.003833782329021599,0.008201821429002451,0.012579021981353886,0.012192799269210226,0.04233676449519694,0.008510485831934582,0.05021217102711925,0.022600390885328118,0.01588639757205605,0.8761880887302749,0.03742656960181324,0.07919124694100785
5.788,0.06741549840062437,0.012340189932277713,0.01726033741817467,0.009484692688713176,0.07837945168102077,0.004755258649506849,0.01119119785796168,0.011577871743768616,0.01437003702494113,0.019496915873458278,0.00413420905947618,0.0,0.022469832103036318,0.01658807019766667,0.012512148709166929,0.00949499701278207,0.008150934286085845,0.0118845642684771,0.007232094542569703,0.05870523795310951,0.0073209758418449145,0.03904522041346472,0.03800900118734295,0.04059938555528462,0.6817370441483883,0.09064309144346651,-0.0026656589819424184
6.279,0.05112265182641641,0.012172569665209652,0.010065471566920994,0.010649440224955517,0.05357997244588363,0.005284799789361313,0.013702481982183507,0.0166764356897723,0.026987385982298634,-0.01932159392903459,0.00625130238510384,0.0,0.004310480221760757,0.015732777624352507,0.008383302871886676,0.002356953360268861,0.01580359059197643,0.02144471511766433,0.011750145847789271,0.04467888417919574,0.003046005829606053,0.055794409321607306,0.00199079120193947,0.06557034981196092,-0.17817650368537508,0.026014659743097808,-0.03749001152656407
6.778,0.05138737606057127,0.012450683906375267,0.016315197201516134,0.01613282093395378,0.0738545144523306,0.004695917580521725,0.017549443845604373,0.010197230615154484,0.033602238407762317,0.009365908889695716,0.00538218675164662,0.0,0.02706701042937026,0.013862005217272422,0.013307806996832738,0.007685535180671095,0.016916376164639018,0.026226577820135797,0.016299069038512512,0.060013230384023425,0.008132001764026335,0.05764204043688157,0.027355099189012425,0.04736904201355273,-0.008141141493757796,-0.008026230874030534,0.007404740418786292
7.28,0.03957883264209242,0.012092068263800642,0.020186853644283728,0.01571720431272227,0.09697191519874006,0.005009060050322438,0.010265204012064481,0.010053165183842272,0.026961312876331033,0.02429442710089011,0.00581830435640963,0.0,0.028809499207744862,0.013974192998927925,0.016171928393987435,0.006445290077542285,0.014631836265486416,0.031579935054936385,0.018827204737740775,0.08003469899186536,0.01026339472619003,0.09930684647162001,0.018396218374565967,0.047651509263392566,1.1199533612270158,0.031024474735122397,0.005052265335589727
7.783,0.03297304854635492,0.010338098326099433,0.012386016323373059,0.014844188307707323,0.10109769674863107,0.0036483016611665014,0.01213728032119068,0.003769985827035259,0.027623932149066686,0.021423175419655688,0.002839010702170576,0.0,0.01490272159297248,0.01366333679062328,0.019402150326228336,0.016445827373140404,0.01172417413724142,0.02377400510295115,0.017043111415643256,0.04397215185353638,0.006094928777712947,0.03792816522212335,0.02348990059703583,0.036226574958645515,-0.30019464603365964,0.017583770996748353,-0.01068719298491513
8.286,0.03636428695223147,0.010778559779830993,0.019057949688799224,0.01265137780247492,0.09907806280108268,0.005375197882356694,0.014114972821779618,0.004346016996395042,0.02086989505624033,-0.015605891605903355,0.005774741385722877,0.0,0.018197844759816638,0.009223116906305865,0.011200711710857087,0.006038718702033781,0.014309695797928526,0.018948469613354686,0.01767665930078314,0.07003728690318535,0.010412231664179424,0.05429639082756663,0.03430220488672003,0.0321154328345312,0.09580649887782386,-0.06874611843460987,0.014861857958450842
8.785,0.03400172720120044,0.011460101241225044,0.013894847619337949,0.015252869651004652,0.05836835780367274,0.0035436748248909708,0.011282598236678315,0.015910703469656614,0.018792870254832755,0.03271364005903428,0.004266010604519544,0.0,0.0171613815223162,0.009179580946917388,0.025430517750323987,0.01312560343127917,0.02253835446614307,0.021779342695652,0.014597390504784945,0.04045319004277562,0.00446978964424319,0.06120367159636555,0.0184378701407778,0.030829254932803286,0.2791759840500884,0.006721072191490496,0.02355223732569225
9.278,0.022571199149777874,0.008679696259455921,0.009886104835100244,0.008428132764355382,0.050196598539157006,0.0017406878136088046,0.007298766058161678,-0.0035880943709044447,0.017957542798201585,0.03435124009894477,0.0018045384374445201,0.0,0.015879594154431145,0.009927217142442333,0.015417400716358125,0.0062306053419977055,0.011314624203538962,0.012398047869596958,0.007380456091505895,0.04359415996526259,0.003493589306913989,0.007874940339627956,0.03593593270780642,0.03959769240804319,0.23892628394617363,0.0326538503432096,0.03127895461261102
9.777,0.02193979351058009,0.010225811384488291,0.011200517968764609,0.011359280259723476,0.00025835600745592434,0.004124607345879726,0.00933146122164401,0.010763330103302198,0.01941046219295062,0.02743821459988138,0.0035040633720155086,0.0,0.020668667422813324,0.009816308724065066,0.008365113919315968,0.008014488801478483,0.01294013245740261,0.024259732050071973,0.009667661892550784,0.05856689251895283,0.003321213116385094,0.03977975173801748,0.016119634319001507,0.033940990705479006,0.2952351440840935,0.11392933172841678,0.018516268990611442
10.295,0.014720832691839988,0.005893249764407963,0.006022880060897394,0.004597493928487302,0.025302589138931186,0.001504299764732272,0.010136855044462328,0.014936384315606554,0.013754274505868394,0.09051820179400928,0.0012154617861708204,0.0,0.01603590626146562,0.00825879213313524,0.005044156544282915,-0.007710969417514834,0.00380670469175551,0.014819593240622972,0.00599773380268852,0.04552324661797722,0.006190339752324905,0.05576425403985347,0.014317565676821464,0.03043334247369395,0.6841725612175265,0.07627672729703204,0.06783034090168129
10.778,0.009661359001670299,0.00815589872121169,0.012952857701518713,0.014453719810443051,0.045486110803621284,0.001682424360501138,0.008047227089893765,0.0008442792217419403,0.02769296883836261,0.08007678079276329,0.001929187664655368,0.0,0.027410327940037005,0.00920582491842972,0.004137552807617182,0.01216809461101131,0.021028320755752235,0.035130803447107735,0.01844849721668639,0.08241890835305904,0.0041405100914313885,0.06677092890178676,0.007946404958508594,0.043936427745202414,1.572436929426775,0.06144950590812484,0.11198313101918106
11.278,0.005547316294216126,0.009488566753677628,0.008283958220613464,0.01329103743031388,-0.008876513979149984,0.0009678308941139753,0.009780407311833201,-0.0034414375294233596,0.028782357248905002,0.09875600866204258,0.0029808607878903095,0.0,0.012744962180479345,0.007114540251954345,0.007887869051397295,0.004010522377520042,0.021388076799315422,0.034658070284007,0.017779109071351957,0.05759708794103759,0.006057661541213751,0.04494552196176287,0.018813843688167846,0.0594892349758822,1.4332159214125229,0.05891490412301504,0.12495811594072972
11.779,0.011813152757350363,0.010688174962343804,0.008766802589709724,0.014012839596744849,0.03581719560986706,0.0032219514425000637,0.007563398297430432,0.005501172807153584,0.03633886303226705,0.1040270457408607,0.002936126522700389,0.0,0.007051643920128747,0.010704256348298481,0.01619795676634941,0.013566083756641365,0.017484343669343705,0.030457682709565465,0.014797749726943116,0.053097046348823056,0.0037710658080606064,0.05785794397887804,0.0008522493008652485,0.04511360405814403,0.17252583055500023,0.08749783314808215,0.09257076411014949
12.277,0.016703350031613808,0.008639833001006349,0.010369665307684534,0.009761092543014604,0.00862064031171582,0.0023374706557911288,0.008983634142082393,0.01652192288914954,0.02687398864551944,0.11926047302236568,0.00044428109560120586,0.0,0.011296872906100893,0.01958161002403761,0.007760345387583506,-0.006681061589507674,0.012406182245718059,0.021293283690678153,0.011866700924199041,0.04631862586940336,0.0070195675121858545,0.042965908169364284,0.011991621540195592,0.03797893936656634,0.03256319078486531,0.16826680057542073,0.11492017492937964
12.778,0.018676990149045884,0.010165952579204593,0.011606384585441951,0.011026750187078672,0.09538988052033269,0.0013909879352418941,0.0057937365231041016,0.01949087843633958,0.019904541386272526,0.0891388526802109,0.0009847887427495484,0.0,0.021437615045477868,0.015397988805985852,0.006479418233524704,0.007478647049791845,0.015286348718258095,0.023818114193127543,0.015224665478509486,0.062053171381139374,0.00451475932434572,0.08663028867893735,0.014410394939297057,0.02779392500598369,1.0317065401917156,0.09280014385803184,0.12908097264076104
13.277,0.010663506259382243,0.009541894497278082,-0.0033689892254279387,0.009686762046801729,0.04823839986283201,0.002552785710529601,0.005313625186132397,0.0022623599126506072,0.015440313490875409,0.06241288096075155,0.003371900428928391,0.0,0.009654016117748056,0.008713687406183812,-2.5423970951100263e-05,0.008120358473403012,0.009004653690371367,0.019112279967394886,0.015969582156938122,0.023430814166861633,0.004411017757914643,0.026649819255517845,0.011627392583365238,0.023420168889609842,0.8459227538941141,0.0888489870694374,0.026918637148663608
13.778,-0.00033001572772440815,0.008099799418932739,-0.0029810099925092937,0.007766158319340698,0.011689834869371725,0.0030429225232332957,0.00923879382066531,0.008369557966658569,0.014283739561258611,0.08548170697522331,0.0060687101437984425,0.0,0.015144337521427527,0.009622504689090254,0.01157497891276258,-0.0025435056273153686,0.009700972551286739,0.020162753963718753,0.00895014421791042,0.04048420000460663,0.006858402996325072,0.038243724618267506,-0.005254503463277087,0.05102267167603257,1.2449644981342523,0.06377196120448964,0.09842300022823151
14.278,-4.013131516073244e-05,0.011664214931533549,0.005213848062311468,0.010213462652270133,-0.026325735891757206,0.004177440627150354,0.0026246415569450223,0.01215737979952423,0.02625517063883924,0.11348856683311112,0.005021159886367521,0.0,0.009050888629612947,0.008873809829194947,0.007621061033603409,0.0023786217637641613,0.018833683690670254,0.022087355928662792,0.008231272572288615,0.04695881648035132,0.008567006219932905,0.049411688085671125,0.008232593179162102,0.041699284697394395,0.8945348090816425,0.10313457103683421,0.15045736848278282
14.778,-0.003217892225880564,0.012225240838847986,0.01625993558690711,0.007883363771610695,-0.001033757876770622,0.0021518961347634542,0.007825786154379486,-0.0004438776007263064,0.03164495487490101,0.12807403295528252,0.004647730246638947,0.0,0.02054096113191643,0.002211426374426749,0.004018368931517123,0.003578946788814766,0.022458721779361705,0.019098800716253063,0.008482130742446371,0.07018448297260947,0.004576844529934049,0.0858753871184255,0.02765760116032355,0.07816618654004691,0.9638433101094125,0.1324514615374096,0.13956855536612636
15.288,-0.0029829308948659985,0.008776833008451182,0.006833892711379643,0.009379803629905493,0.020999798302589363,0.0017970225664916413,0.005188850303668386,0.005515752318915274,0.024803371837051637,0.1751203796256258,0.0022817069581024156,0.0,0.027741418853126597,0.012935841989917431,0.0014218488201230796,0.003212656278020003,0.016222522528203418,0.022531841335646407,0.012385798371436782,0.07003908867334499,0.008165018583135722,0.0876221813284958,-0.0038322490732803586,0.0556009176099869,1.4314528701226996,0.17569196952527555,0.1981456153160513
15.779,0.004481663593088089,0.009534564799675556,0.01065789713078491,0.015243772112360561,0.01690868795048412,0.002466219782582349,0.006069792577024183,0.013956808398328462,0.03163295745054626,0.17532963088006986,0.0026832547130809323,0.0,0.03128545849273198,0.01988387972223587,0.008714835399609272,0.012270487113082016,0.014604336796247957,0.0232324035253567,0.014843867203711125,0.0595974692268582,0.0072140831684172685,0.06208346097889548,0.02860943644139912,0.05219314595486209,0.998808325736707,0.19332703720313038,0.1744703244814447
16.278,-0.011583697332546472,0.007435993303402337,0.004932124939129156,0.01220422150890812,-0.0253812351034006,0.0004103721571931615,0.006336484343706319,-0.000448337263734328,0.030303976849258608,0.14038223299129532,7.336016985092736e-06,0.0,0.010640333406743242,0.0127263476348935,5.485554080725345e-05,0.002445212265251354,0.018730041992208495,0.027982833914970424,0.018773543207307078,0.04507758169841183,0.008291262909199432,0.08254062070534476,0.011588329580112204,0.062176760137536737,0.1730785210478996,0.059377640763249015,0.17602580572209336
16.779,1.755736230781542e-05,0.006985749681810101,0.012133500648307812,0.010839583329856855,0.0471822369537114,0.0011791965448273766,0.007576335337199586,0.0008509007059757093,0.02592020129313264,0.16407684929670385,0.0025247087322045124,0.0,0.012356151542797962,0.006370021269921152,0.0168519449778772,0.0037118536457534084,0.02179496002169575,0.028104178948611693,0.011723830736807894,0.04304819314508637,0.006490430345935641,0.062038983697366525,0.025603871036414337,0.04922640775651096,0.20704895114232755,0.20867980457129873,0.1375591168333207
17.277,0.011028533393015436,0.003749338399699332,0.006987143615424251,0.009265619492972166,0.049834489907416145,0.0022470718778747323,0.009828719435417186,0.006225492847613343,0.02522319883980832,0.1270680592484507,0.003281137835816666,0.0,0.009794290582199657,0.008383838953098181,0.005535813444495097,0.00844750089624833,0.02159616205955048,0.023719597430150213,0.009039841954094463,0.0412488164722553,0.0031338287629230272,0.05256163318053338,0.026708297009279406,0.008719057770293366,0.3120177758710085,0.13430038378565393,0.15831273762828385
17.779,0.0132090626438372,0.001155240053666414,0.006154604719119648,0.0006071466069947096,0.09404424833253605,-0.00031425900654478284,0.005488589028107104,0.007129150042058988,-0.006428718602296293,0.12618857505558642,0.0020154177092721846,0.0,-0.00047504035783446397,0.004789227730843202,0.0019229465446102272,0.0002350330670069924,0.012242831066171972,0.004950912226168474,-0.0018009344447607782,0.006820014037075413,3.186693484316041e-05,0.02474748284838479,0.043282710405915845,-0.0069830081641111905,1.6043432647795448,0.2024013534850638,0.09812545441282733
18.288,0.016984545958360745,0.00277675492594997,0.010702355624306012,0.002912909788421809,0.09865629390750003,0.0021332340797980843,0.007001089502054831,0.022679050457020896,-0.003683284469974298,0.17679860940940917,0.0005923562974383755,0.0,-0.0013017594062734031,0.009657088473419506,0.015156662647606426,0.0030373805065665124,0.006988799734856034,0.005655120212282096,0.0016684835434573515,-0.00910513173732514,0.0019739539453005675,0.03366934849843321,0.058923515190462995,0.011127975842223543,1.0638748433116068,0.21986247268329018,0.18940058830461876
18.778,0.0031429404623445683,0.004815264032322647,0.010806570774609009,0.004236511977560948,0.06896452023415542,0.0016558330798105336,0.0019017411633308896,0.01410492105301045,0.017629337152855976,0.1968230672865369,0.00272064330437753,0.0,0.00903899416478741,0.00561333617183339,-0.00019748428014864392,0.006050874003603303,0.009085079941755142,0.013607621518744426,0.0054813648287596415,0.04280091104115777,0.007834564067519792,0.016987622004990616,0.02304211095193096,0.03407231279400246,1.0314359810249267,0.27163124314575765,0.1898222251609997
19.277,0.013303276897865606,0.0026134895652072166,0.019277774741747147,0.0076879246379597775,0.0397909368100507,0.0014857217604328395,0.0053129702097123215,0.006620473519356728,0.03544562189789477,0.15587023168029535,0.0032406449847975204,0.0,0.021717555681968394,0.0032124457144014303,0.015494937491532152,0.011239031370897623,0.016931564824772993,0.015497141487636458,0.005920374727412181,0.06281440194261224,0.002292079755061448,0.04109030891878074,0.03583819927071336,0.0641010586451057,0.8255849224547959,0.1848120253094287,0.15871612507383587
19.778,0.040778900890105226,0.0023164304098150725,0.012428586915910084,0.006474943420969367,0.029808474307718144,0.0015479770087008383,0.005156763458851608,0.018628152730210196,0.014136096710416659,0.15155353813190856,0.003213454795256206,0.0,0.015960584947819628,0.00640302694772934,0.0014190934473147622,0.007986860358417542,0.007212740050798594,0.013196751447427593,0.009651455006353156,0.022184548868295517,-0.0001274677393728464,0.027339667731185683,0.048374020148375135,0.019602935025812014,0.7606320691326819,0.1724570689095626,0.14369469701964394
20.286,0.0590166326845209,0.0007186510449915393,-0.0020833061976178392,0.0015222769109537314,0.09441932912924003,0.000423388738473361,-0.0022000469117600453,0.01779923148372457,0.01462255175390097,0.10619176100662035,0.0005641022517084403,0.0,0.004121542022184932,0.012180251922269719,-0.0021462059502293943,0.002071564700474648,0.0031260467625950565,-0.0003725282221739353,0.006205422987546484,0.016527769969237504,-0.00011848476850304913,-0.012317823743109097,0.026699342715636735,0.01711056126966558,0.4583082169330638,0.09279900308846875,0.13499348888034718
20.778,0.07627627969100417,0.0016895167976361549,0.008893138344565421,0.005284776715328861,0.052544364129772085,0.001863641537300862,0.001774419167932616,0.03271937978405872,0.021381376793692862,0.07749602962385918,0.0028904578620178424,0.0,0.019720173234338577,0.009847166515375993,0.009552373260126435,0.005612778477196065,-0.003206832017855032,0.011132004307475456,0.007859464748529266,0.024347424902893627,0.005783870320161529,0.03417820946781062,0.0377273411168218,0.006531316863958054,1.2549864065147056,0.08390248063197273,0.06964234392267543
21.278,0.06545444147191042,-0.0007530526878009997,0.000615510260068759,-0.0011973040713603503,0.03815460310080451,-0.00016314268168306779,0.00010490864968338045,0.01892421241691366,0.0035770523640849794,0.07826046242245803,-0.00013812226814492466,0.0,-0.005245761403027423,0.0004426457009228556,-0.0012694312708709085,0.006408894206670271,-0.00413633853598064,0.0014580656647176923,0.004400719019636355,0.0001605265052344127,-0.0006812577039299973,-0.0047047600434079965,0.02034409210682906,0.0011928751001688755,-0.10027035546676064,0.06668071575303787,0.09444910677662469
21.778,0.051470912228548736,0.005824396042520848,0.0008101746324068939,0.002221661461598787,0.11592429226407545,0.0014465567666519582,0.0028054984781664,0.010010176158957116,0.010574337992718404,0.14391542269140237,0.001679126083381598,0.0,0.012884077071293958,0.00020686927860891782,0.005477240308774159,0.00512434550378072,0.00447235309099844,0.01058473814657195,0.007943332319163922,-0.00138546993950504,0.010211802935087035,0.025267942702461924,0.0334105918930863,-0.00020996478942972183,0.5691819947622205,0.20716092791191962,0.15865188645710035
22.278,0.04989069691902703,4.820427780794555e-06,0.015394597902159418,0.00011565329585447234,0.07480273259838852,0.00019643410682810357,0.006634113466461682,0.02791128130929406,0.01193712946758462,0.15659529262185481,0.0021340442899191628,0.0,0.00042493232328122074,0.003838169455313076,0.009295615074858697,0.002604723964032321,0.004619951699261935,7.704661510020468e-05,0.001994956790081729,0.007842888489866908,-0.0010811657076622403,0.05551215541831397,0.043401988793210604,0.03235281696614771,0.7116251239695032,0.26879354346372686,0.11659483448720184
22.778,0.047302674867349404,0.003277683852130772,0.015276655481096519,-0.0004626131834183139,0.0905568390923419,0.0010432896233700869,0.0029803948531439577,0.015989566364516993,-0.0024756512064485927,0.17704212609610315,0.0020951229302181434,0.0,0.009799837397747405,0.006727142785138368,0.004410292486102043,0.010671326747684317,0.005352973349845162,-0.003033786478197363,-0.0035420427493328007,0.00016162699572051472,0.004645774413276378,0.05793828939135397,0.07078926165175116,0.012052197058360008,0.7826434689862976,0.25935819717779357,0.13422480337201478
23.279,0.059749891863360494,-0.0007520268935359895,0.012473293503589474,0.0007709525969110757,0.08701450382554071,0.0017087671925686374,0.004163007111208516,0.019960052990147692,0.007052067901846876,0.15186443350591816,-0.001489551683507777,0.0,0.010780191555840354,0.0015081841660531492,0.006873004679224097,0.003873120024633726,0.0056163684873924286,0.0019845456721191094,9.754097449145067e-05,0.012148334029586032,0.0007497893750274399,0.033382583449539587,0.04826868638442834,-0.003735661251881276,0.600035850705536,0.2183927907623187,0.12388292256280671
23.778,0.06123785417784836,0.0010325096842536592,0.003502667590959312,0.0019012168080453562,0.051062880635885585,0.00241388065762661,0.007913382466630077,0.011255390324289379,0.003306643973570715,0.1319440652500947,0.0005361817730423557,0.0,0.00711524849675687,0.006721466128428979,0.010754127257084677,0.0037493660259073623,0.00048733356435880313,0.006156222887959949,0.004511252426026781,0.01490617970263056,0.004131551155044471,-0.003711676328181695,0.020430871134157036,0.01489155629475089,0.9322527343540862,0.21808439916020514,0.09095424067602814
24.278,0.059431665504122225,0.0031291352788076856,0.017093760074382132,0.0026340098429356263,0.0695886073844456,0.0012580910086980083,0.00431713400629659,0.004078570215891905,0.019565186380457785,0.11507693039467644,0.000824731151251379,0.0,0.00011876008945866497,0.0027442292566329874,0.00046955539180371515,0.0038359388925278608,0.006648474952536028,0.013044786250257614,0.006802250884068342,0.035103173207818784,0.0037268038567975724,0.031491112801849463,0.056939580227838564,0.03881036790928029,0.8567108084367341,0.22208194397118558,0.0852214135392715
24.787,0.05353380444613307,0.00432333168978525,0.018605286916051535,0.005408871942262423,0.065096760867755,0.0013918800840610499,-0.00037768698791272587,0.0025845122768740304,0.015067866154412496,0.12612201638711523,0.0009031224578054751,0.0,0.005706051266942621,0.0007487049598578058,0.0003751975386182783,0.014549467480323097,0.009575900370311988,0.017348022797035657,0.009272531112893927,0.04833743566768655,0.0031656676051190448,0.033695536757993916,0.04342073768409836,0.02564601445953149,0.00713385388937487,0.18462063273277338,0.15972056233697787
25.279,0.0575865615332935,0.003711209398330302,0.012840638094898412,0.00525232671368857,0.042054632933823506,1.61135718548355e-05,0.00036021777905424264,-0.0019575018557081575,0.006339869146267025,0.11788915956761092,0.0025314170157596963,0.0,0.015326891288799415,0.005226365493746255,0.006940995441979675,0.005651156307284174,0.007134477366856527,0.014864988897233328,0.009599571506269038,0.02283980600512055,0.004637999993469511,0.02023973541953253,0.06296202169948636,0.035155454302285616,0.03410883358562471,0.19677196445967665,0.10290931330376417
25.782,0.053205474078568266,0.0016730905654103036,-0.0032468743188336065,0.003510973273953074,0.032301016731658735,0.0004789820686724929,0.0002591920314350517,0.01618205562965044,0.006004392944623363,0.14270062661650096,0.0004857908055352997,0.0,0.015746935909739072,0.011127073493480187,0.0017812294204872074,0.0026895501140501692,-0.0002649635801044423,0.011677879516331547,0.010052763203775406,0.00533573090268132,0.0018573724334667182,-0.016960685873385953,0.011919043648722644,0.009843217805894934,0.8780348943405316,0.2135717759575546,0.1174115324427662
26.286,0.06115608230663932,0.00295463326894555,0.010549747686925603,0.004861453852742706,0.09829105265480043,0.0014426427187942566,0.004553880984161582,0.00642908709295781,0.0027810309834729774,0.13285898043096703,1.621190220990198e-05,0.0,0.005850512225939134,0.0059183618807627635,0.013715714780337479,0.008356741694683017,0.0032490256551582237,0.01239456034708244,0.009118848210228772,0.001157538286059834,0.0013684564228718594,0.019365049775228085,0.047309831577182423,-0.016113388760978464,0.8540074621909484,0.2643713670618336,0.08658981580969606
26.785,0.05652739834891698,0.0011145872671573906,-0.0033753465263712365,0.002022236628861627,0.04659081554221215,0.0014450902408617578,-0.001402932295610761,0.013425581802565858,-0.0005875643633382006,0.13788127577814502,0.0006191602410480174,0.0,0.005485197758039599,0.0018247682483441793,0.009028783251356429,0.00620574816510198,0.008480998462624985,0.0020279768484628186,0.0059250082319139315,0.0013626324475543067,0.002619250085960457,-0.018123953524596934,0.027220830750754235,0.03342939053946647,0.48135099858472813,0.1864464169449307,0.15806133938396638
27.279,0.06199919845305279,0.0052924174168426565,0.014135950267594581,0.0013389090442600612,0.03134876680620357,0.001467044839836269,0.002702193508252107,0.02677664028983768,0.00029380136247019774,0.15613101044616576,0.0037013992499948423,0.0,0.009174898798966486,0.010406968149752711,0.01871503668386835,0.00367884852737032,0.0032647939433566994,0.00043074411895581476,0.0034438780405799045,0.008255867854363672,0.0005525973598561607,0.00167149515748356,0.056359912842972655,0.026049656092437163,0.6648193295637327,0.24271873637442629,0.17852696427689754
27.794,0.05242715242209876,-1.7353573471424432e-05,0.010230330695796465,0.00044376913679014757,0.016955109155505153,0.0002874971608530313,0.001279194725728047,0.018459706561070748,0.0051671434849439824,0.13528512561359762,0.00025422166023644825,0.0,0.010609841092127632,0.016136780265075396,0.012391629436702113,0.00399414153912236,0.004405329948267122,-0.007439338374004526,0.0008820776319782022,0.0016893679513116835,0.005157689465422699,0.019657036877486704,0.045629154536145904,0.0032003356673682665,1.2240132187749015,0.13733012676761783,0.12681982648226942
28.278,0.04917007626061586,0.003569546658297026,0.022345711799209533,0.004220329371918408,0.04816816409971575,0.0008248203629978512,0.0008203277456504919,0.011423989377639051,0.007064356402270352,0.15361939185964574,0.00010733638695488555,0.0,0.000363593922749963,0.013429390420484381,0.015447886005316741,0.002548325059243276,0.012286889746972389,0.008202339549072386,-3.615503327272586e-05,0.05023117546051476,0.0011627423079349033,0.04513951014499379,0.05092328466036556,0.007913546646747911,2.4173816112459727,0.21490662847209707,0.11857493151673493
28.778,0.04491581131113894,0.004429002716871269,0.006549588964148756,0.0023294914999897522,-0.016792122855703997,-0.0008634984909305192,-9.379283477607946e-05,0.008937441992179234,0.007631561314602118,0.15466316101163044,-0.0006975278841505065,0.0,0.0138516901813673,-0.0009509104521999785,0.005779855845679376,2.5186427969520133e-05,0.009480878667256248,0.005058324933470462,0.00726054083028858,0.044651969007841213,0.002867211236424418,0.0027876490933076196,0.009037696093876559,0.036999088971674754,0.3328273822461158,0.13052508407056884,0.17895330549864813
29.277,0.05217101807330396,0.00454999452518897,0.016378097364779236,0.00582492772612373,0.0037397148436908484,0.0020692895600395752,0.006285283017849317,0.020464176340643358,0.010442418909534155,0.20966093330378524,0.0008654304796725266,0.0,0.020443877102854377,0.012885049232934567,0.0056207812206736886,0.006319766371848052,0.009751088519699889,0.013577850704242504,0.007239646082740047,0.035890922175468395,0.007210909512944818,0.052027310986793314,0.027289269362851726,0.020629705309572345,0.616368509512315,0.23093323670691862,0.230329182260137
29.779,0.0436115106140498,0.0009190312118241131,0.010428147272085563,-0.0008733705255536527,-0.029974909322834524,-0.0005170298778759026,0.0005708077504085834,-0.0065672996965611226,-0.00479838667319896,0.11298884824097898,0.002277194479641393,0.0,-0.0002048375915861353,0.0005904767055481893,-0.0031432405080557475,-0.004900838321583434,0.006435668692420945,0.014918938706316453,0.0032461497908550735,0.024023986199618416,0.0015378472096082704,0.007409416673366133,0.03310929679401008,0.0011648927176842558,0.8978049927210499,0.1561426126517847,0.1399017332247742
30.278,0.04843192940695869,-0.0011683823035662849,0.013110988552339659,-0.00033235208723568667,0.025236835118778455,0.001817776449339967,0.004366518057664099,0.00711469482285282,0.018013295581079315,0.17016428546423376,0.001968652683517782,0.0,0.015692421654349583,-0.00010887469405519163,0.0011268031880885955,0.0013842088345265046,0.005086149405123834,0.0041453152990760375,1.4060290717222977e-05,-0.0006831884015362561,-0.0007926229237710105,0.025124634309944174,0.054571933664604104,0.009770440719977944,0.8084461325667496,0.24812113723241147,0.14084122930629617
30.787,0.06483888994165764,0.002118079082692001,0.023883396227163338,0.001505159737040388,0.01937833872147298,0.0013895926442346336,0.008948474313063193,0.016838775316159123,0.010879733040712245,0.13453639365246442,0.003471108499228278,0.0,0.013913636301300141,0.0002981018823718139,-0.0002449087745864701,0.008949256750762389,0.01721564732081189,0.0019926176625625364,0.0038455517178775937,0.006108948782525101,0.004561166316595139,0.026671971451237987,0.07011471044592668,0.026656480897367642,0.6083722939107562,0.15862977347472618,0.12638210528927435
31.278,0.06989815130069096,0.0025313638017017055,0.014043430681623437,0.004323598085904465,0.00259887981880267,0.001993318114052531,0.004157658517607393,0.022098132722762273,0.029377739227060367,0.15184305775331416,0.005568314275702398,0.0,0.015405457730176219,-0.005931659176767841,0.019134445346842145,0.01778470102874344,0.01197016781792835,0.0034358386695125032,0.0007760597906386164,0.015592027199702329,0.0037854172935296495,0.019407154110694384,0.03468564486546566,0.03364217363484734,0.22265041693335172,0.24044960248854802,0.14195894578942955
31.778,0.07065618979466014,0.005045133085956636,0.021554692506682915,0.006041867664289602,0.02469177706787166,0.003246973869400149,0.011259698355947761,0.006310573772398101,0.028145855984009028,0.09659588648030487,0.0031967307690597847,0.0,0.012349829111642827,0.01495660767016928,0.020524657994578237,0.010453599267010623,0.007769502817779474,0.007248161550809292,0.0024101782665502613,0.030683728552251738,0.00303918157475283,0.0334444406005492,0.05280414976238168,0.048326505912424406,0.21795952119407963,0.17223508866712034,0.09831170063141698
32.287,0.04697530252231927,0.0042917835283582196,0.017256698121592234,0.006337375569409065,0.020818526029600912,0.0033938641004578763,0.002416181813694008,0.019137660704580256,0.023279130110041908,0.0991055061796847,0.003354239766227271,0.0,0.019133028053988622,0.006219916019707328,0.01151975745567892,0.009836907520095592,0.015517462639381292,0.011763354482503326,0.006841435776486509,0.036437594228236156,0.003141379875129087,0.037080124083242245,0.028613106880189525,0.05020744512073439,0.05746873296606296,0.06891360330694879,0.14705171344277004
32.777,0.047135030540459644,0.006842172896080121,0.026437449960960455,0.011840159835585024,0.0752654990990339,0.004132897993859411,0.004539743969635694,0.015431988507500482,0.03200349866687915,0.10579038199115905,0.006854450866950112,0.0,0.02422442584290069,0.012312691999680148,0.007208821846208155,0.017745209287456116,0.014133064246890337,0.018220226464650182,0.017292044322851734,0.04568615366434381,0.004241462644216792,0.0725084393959046,0.025830404002762472,0.07619058162213588,1.3104354189209362,0.10349974332643547,0.14256138548224517
33.286,0.0460644021229488,0.006241969254599352,0.01865408544002271,0.007016599489244552,0.057485336473315926,0.004841940771115373,0.0025011764465401112,0.0011547434802629247,0.03406087940308064,0.03950800889881263,0.004591376003253573,0.0,0.019561083230523357,0.017373031544589027,0.0056172579433757955,0.008191276424465817,0.006434340280681946,0.013572731906865539,0.007502012918412179,0.05272975502988426,0.008208856180068804,0.07817848347477346,0.02860784617822734,0.03952594656132077,0.6860955370822784,0.02537059068259209,0.031911004187350066
33.78,0.023327088568838864,0.0069169416670156825,0.013841150673070837,0.00800321234403801,0.10271952650840961,0.0026503505240674328,5.6484913900393715e-06,0.008840452529985027,0.04068298193066075,0.05561690666265259,0.005167606775923681,0.0,0.007633094199572532,0.012350537879898985,0.010138860006633908,0.006964421432166401,0.009898892936911291,0.01535455849154224,0.010569582259704391,0.029854468342446525,0.006732680079468944,0.04614940745090989,0.005210762162072142,0.05113920355559961,0.5624985460168862,0.045240314257084024,0.08183915310076441
34.277,0.016681399880373843,0.007715385047170207,0.013895093845418857,0.009557731335498648,0.08619319240633537,0.005276594508484046,0.002390559336700591,0.018735060057296662,0.025491561124352323,0.09924668860456311,0.0035708791353903065,0.0,0.015591273183271151,0.01941203967602025,0.008915574004731532,0.006201045788291232,0.0036086017179154865,0.019073110796850465,0.012717033333000444,0.02567941655734344,0.009219135333565377,0.008482777565030276,0.032127288852044376,0.053444445683644294,1.732692207601565,0.16449664242300197,0.10412425941316175
34.778,0.01259922211195411,0.006012257067813108,0.01640035510827157,0.007330954052090613,0.05415392217606435,0.002871289862523355,0.005827010055351192,0.017855176781857048,0.019617890557798806,0.0982890084126598,0.005250194114013031,0.0,0.01567140362239601,0.012029011850449143,0.0071099432376513,0.008695146572584047,0.013858815789151544,0.01308829125479391,0.009896822020264574,0.024941242525848895,0.0040347750473498575,0.06246395945288481,0.02282205398699172,0.020657023035183863,1.578188289286582,0.14609699341672988,0.08448672317302465
35.279,0.006764634614130464,0.0012648664996067907,0.02117240917755029,0.003871121248457029,0.09835123312318599,0.001340690356074701,0.0049048353168486,0.0074889750019267,0.025439961236612837,0.06904933439419463,0.002056701655624858,0.0,0.016126346383188984,0.008501876304078438,0.005700685093225439,0.010954024995999073,0.0022798310636360903,0.010066664883668988,0.0023745849033259612,0.023004742411333094,0.007140215398301839,0.04698270833475824,0.035654226617109715,0.021598836453485384,0.9722493589570492,0.08453650009200454,0.059100637031568586
35.779,0.007030607918272346,0.0015572989177146074,0.005928235949484093,0.0029300241694025495,0.09632606977745456,0.0030807458930114575,0.0007932748517690447,0.035608970672585685,0.01946207490454545,0.060067868479252426,0.003330602987567622,0.0,0.008652500761150435,0.017738830354612926,0.011223838272792653,-0.0016518002548983654,0.0022207584069057866,0.008046538048046777,0.004129984199570161,0.022765802410797283,0.004511194224591861,0.0208915630646072,0.0104243202509704,0.03858739002078141,1.410104633528545,0.10462443547803857,0.08645220236979195
36.278,0.004638889123259057,0.0031449423040484687,0.0032327310686394136,0.0023471249833312566,0.12863774056822166,0.0022815916535878253,0.004326795148556523,0.014029043927470227,0.013642809481784772,0.051208572421716315,0.003661325032935255,0.0,0.011111266301328849,0.010126576059682615,0.006507749407341548,0.004385343231099326,0.007043807810129305,0.00038303989866325265,0.005045686986330966,-0.008076105655889202,-0.0005041061587985649,0.022647901618418564,0.026035994074678742,0.05923759015942852,1.7524806934439436,0.04647011436437279,0.04814076151160694
36.787,0.004017480869563159,0.0007718874656473828,0.004378021812506332,0.002673848578552845,0.04475136800509191,-5.2154171720157085e-05,0.0035383738885693566,0.02862122332928885,0.011769525008214743,0.02300269016707827,-0.00036514673239178584,0.0,0.005007419502574035,0.005158107265094354,0.011140563407712729,0.004459278115010738,0.010672147256058358,0.0021196120293231306,0.007039941753415325,-0.02035395500694369,0.0032450032046551407,0.03503586238021694,0.02873070825601472,0.00294905507647297,1.2228837799515642,0.05325017396147441,0.023167184335892953
37.277,0.0067276348298205045,0.000244796821688904,0.0032837118408766347,0.0026250910044144315,0.13026096160575906,0.0017786686622775698,0.005345092262509052,0.015598938278573806,0.02354243480662424,0.09084577204385713,0.0023514274936337082,0.0,0.004738403308412325,0.010919275450218075,0.011956220480065177,0.0032526383958973236,0.008934677659461241,0.006680636779074992,0.0007164588423704708,0.00766825479927479,0.004219609177163774,0.02673775540837049,0.027543303922106004,0.03479615294810767,0.6761091086759692,0.12415567803619604,0.11127767058011352
37.778,0.011954277715276915,0.008519106696865711,0.015552557506272824,0.008348237128780276,0.11405496616108866,0.003245443951251195,0.010395645097308039,0.020079844744074156,0.04032201003248026,0.11677437708742393,0.004926551048401459,0.0,0.024845725230780852,0.006035892801319744,0.012263624742348137,0.00963804997595311,0.01687908744017464,0.015986882388453492,0.007831330020300908,0.046494541400550635,0.004332958707481424,0.06699756265274981,0.005739651189234631,0.05779094185419419,1.9977946027457607,0.0846706905981735,0.13756869877115444
38.278,0.0018637416928384406,0.008512709262868722,0.01487539269780956,0.010302314832930528,0.10275309773519672,0.0017827774338918837,0.0027263729649840388,0.024407242426763936,0.027050214648238764,0.1121470232952747,0.0027533485020430747,0.0,0.03684480875946424,0.018163460266158345,0.021883985825829497,0.0016452686980911741,0.008428465645744666,0.018519399707380146,0.00753891406942557,0.041667486023383486,0.0013077240656251218,0.054848506957767044,0.01193467097934145,0.04632355711100998,0.5044984644021361,0.1772371930196515,0.0907181029144941
38.778,-0.000937234405364649,0.0045862354848468685,0.015525016012317061,0.008279247242361546,0.11860754386978568,0.0015548352018197474,0.0033580935918152434,0.007914836363922324,0.03770989378230217,0.03511912470246937,0.0005930758793967315,0.0,0.02828875221358723,0.0077193292636171425,0.0026982502225480873,0.009119856929136397,0.012191305871599787,0.01895930169697353,0.009094168316745524,0.05629450152060472,0.005804864689267845,0.06539293527226357,0.022699728268292724,0.033466798060065334,0.14660089801090528,0.014550786082723052,0.040512842990216
39.277,0.007892233979989253,0.0035506123139964645,0.007710114537676144,0.008956684398853774,0.0751658050678621,0.0022087928017446115,0.001820587556127376,0.014588048683366491,0.025365132299864184,0.02409001983106456,0.006108369019466591,0.0,0.017546178164211994,0.00648329701930919,0.009846795888244643,0.014324636317010296,0.015694977353752464,0.017888910070832726,0.009827057894070446,0.023355966111906355,0.0022834543895760852,0.021775099830372093,0.019133400819126928,0.05063853765820322,1.9212970158911458,0.06510048789167946,0.006791153291754561
39.787,0.012115970578094189,0.00359380784809849,0.00503457933840932,0.0070378336512027,0.08135883486967747,0.00045305177016106204,0.004766780563804502,0.011083672849836907,0.025010891909378802,0.07222413718276624,0.0028394860816465676,0.0,0.01952933365299775,0.006215322705485065,0.015404120830658143,0.012663680523851471,0.011537652990590124,0.015048431595419912,0.00733983682767178,0.02622545904362931,1.3098107125491689e-05,0.01709411428748358,0.008766461833635818,0.02857847480547027,1.0018678799775533,0.0976145411714688,0.09971077427624511
40.278,0.018595122303767937,0.0021731790702296592,0.007788297945984933,0.0010083976725003914,0.0888753860356158,0.0039475765384905225,0.004886198968837122,0.011512350854102259,0.0019375701385497153,0.060687905906829265,0.003441019452823761,0.0,0.0017894626470320897,0.0031407002481185988,0.009570158987770326,0.002988486521045268,-0.0006304704596720306,0.0033250341150684727,0.0068596670657413246,0.02069132360955513,0.004404811035022715,0.029973651273956865,0.0030177034749713032,0.026830870597922118,1.3010602933678943,-0.0008155156199453279,0.08351884856341422
40.777,0.026415292105964418,0.003811241141137706,0.012700866409257506,0.0013207155740454313,0.12109753649083899,0.0020082817948434955,0.0028731458174056277,0.012023432937652628,0.010317707944587026,0.04098288744091538,0.004677901980151131,0.0,0.002855635925878803,0.007636777649467991,-0.001557288433615667,0.0038805431780062722,-0.0004313364825803019,0.0067237785688100725,0.004913949637698448,0.01587248069953476,0.005091042253884133,0.046035155703344974,0.030697862858531943,0.04729747205364126,-0.1563244393692987,0.07085102461449594,0.0396065706508095
41.277,0.027944098873458778,0.004845058672779168,0.004150501440523257,-0.0007140228871357575,0.08274971259295079,0.0014714479590769685,0.0016161700779836904,0.007363312070036285,0.002328800216347817,0.06391181096152518,0.0032834643456173818,0.0,-0.003443732178186672,0.011168671793322347,0.007792100687673048,0.008308328239520778,0.0021422245028006057,-0.0010416542250236984,-0.0018124558126070434,0.011780790833819377,0.0022025822189428875,0.027496226179323062,0.00881404251410523,0.008639172325671669,1.664094803516238,0.10896862357743406,0.0218931287542373
41.778,0.03981066780251743,0.004621166583271233,0.001369452037176505,0.0019432438020355474,0.10661819808519195,0.0014522728963288082,0.00017616983448583712,0.005142664198163353,0.005039519367054652,0.05645570285187967,0.004549792098583251,0.0,0.01574025282465869,-0.0001754929869334993,0.007932254851748673,0.0029028786462291577,0.00034216321185077795,0.012222853837156315,0.00498317553718748,0.010703742426272094,0.005907913947056252,0.0006555362598065261,0.006822705339018701,0.004006625109670254,1.859143323380221,0.055059875937958955,0.036255628258754585
42.279,0.050126813321677684,0.005010261006262436,0.01239936565144919,0.0038120219632684065,0.06767617877903492,0.0013411148655153844,-0.0016032520986255694,0.004898000592053475,0.004055530671788184,0.07719976958627645,0.002804670259919163,0.0,0.006989564833896272,0.00011096442401314575,0.0051182583022631074,0.0032756961962701636,0.009009550780276217,0.010717958452938171,0.004003306318790685,0.0382674923397099,0.0040565177157314445,0.010512928507757128,0.02844466422894942,0.052552520858394756,0.06079283753250523,0.1295636198414991,0.04990859390691479
42.787,0.05761423420652278,0.00562648921487631,0.004713154689244757,0.0028579724534738985,0.039880785011192674,0.001897504413734588,0.0030150355564551408,0.010300360993353866,0.007611026398624843,0.08287174106308517,0.0024804794993241487,0.0,0.01283063923497668,0.008145115279029906,0.008107126424849469,5.563348380754193e-05,0.01380002925223485,0.007320214745973019,0.0026916679322051304,0.0365309458891186,0.004793660016746317,0.009573369124593676,0.019956822220735897,4.6666639396105374e-05,2.390096999880834,0.15802676161302098,0.07175613032804791
43.277,0.06396186859709123,0.004033359644557866,0.017886181607890687,0.004549812579906408,0.06046272015504358,0.0024333542473343604,0.006810379503235284,-0.0005195749029488304,0.017617478123692177,0.07706675442690156,0.0024850548120679628,0.0,0.022188727351787212,0.006745922952235159,0.00795172112362193,0.006734097834367954,0.007886957849296102,0.010085827989678277,0.004389172230265545,0.0449503885212816,0.00299176948905912,0.0644282862194763,0.012336674326673028,0.04845104865517685,3.091074845484516,0.12392242409131249,0.07788146335921131
43.779,0.10207080809804618,0.008181840161125128,0.011542408407859632,0.0071320897316693365,0.09514602288130093,0.003951870635654153,0.0017626077460117756,0.022974307614215542,0.020103404581898108,0.10590721084683093,0.004196101180816398,0.0,0.024026371835897575,0.020570472504451723,0.011453707102499926,-0.003897940815479499,0.007316712341319858,0.007335176961110514,0.011552171932386626,0.044940380373447074,0.004104269179359562,0.024412026868315548,0.00027415060217535593,0.029453014931039904,2.6992641779208104,0.12808062546367813,0.10820894825856789
44.279,0.10760197940839344,0.005296720470977649,0.0069457282495172116,0.0061965193635588126,0.08143550466942877,0.0003239108449819479,0.004730370644197391,0.00517653270917934,0.0029356312661216414,0.03656784340802446,0.0018616026128115016,0.0,0.006209027309964546,0.010522804263196973,0.011466144634413193,0.017040809045322954,0.005358740717627486,0.010538417019592293,0.010389132369685495,0.03991295890913557,0.003124780516478179,0.04189742269006398,0.0021847540905356798,0.032157867762562936,1.0874743236317108,0.14818976376538562,0.023081147292848693
44.78,0.10799762101749306,0.0041231022879204245,0.012479689974715071,0.004215646554298807,0.0186220953068196,0.000436184479760691,-0.001525832930263809,0.010666719659901647,0.01488022283572168,-0.004040820076332991,9.66588145138578e-05,0.0,0.011340361961687867,0.00700841641580847,-0.002729197577593883,0.011791488005878778,0.006759044345905777,0.008983546249481025,0.005716507177498346,0.049159470175989435,0.0030364758330563837,0.041205854369826884,0.020854547741688347,0.024893936414041282,1.840555664608481,-0.02661164152989472,0.019735370642821402
45.283,0.11172666699708717,0.004529368041493071,0.012010627203536737,0.003818350898911576,0.05957230446322825,0.0020175392398975285,0.0028070174589487932,0.002786555063513571,0.0042591315475040605,0.05948415008750468,0.0043834406217539,0.0,0.004498155174155525,0.000343775360518357,0.0023370711070160363,0.010531429522463344,0.008197403815118017,0.01045193642803231,0.005031802789489685,0.016739400752256866,0.009537616906566923,0.04170390098923279,0.03231804248665766,0.02370257957738486,2.16841480101223,0.15340829779298948,0.04394687364470843
45.787,0.10482930863099918,-0.0004292419039875416,-3.130734273789158e-05,0.003715001277148456,0.07803557451727437,0.0011190702983531321,0.003846915358803902,0.002531334592748103,0.012882825409778727,0.055962266493642374,0.001718698128009845,0.0,0.012259573139665102,0.005541020505099292,0.008994387618432081,0.008976426991759063,0.008719123175248419,0.0057884824487892846,0.0020642830758549192,0.00871174581538991,0.0020726845544872113,0.007104942166504544,0.012654857949578357,0.015111828423949251,-0.5236228106516168,0.06300511373977492,0.08450366573347348
46.284,0.09869753108137916,0.0023127520431585305,0.0017155251042841942,0.00479829915292752,0.03502934503136011,0.0009236764480875826,0.0020557290673694256,0.0012474462913771422,0.0026185093441782395,0.04198351878708149,0.003335529832218554,0.0,0.0031671465317396406,0.005577016778917909,0.009448282375954254,0.004871546437179465,0.013031684760987917,0.010298326507092398,0.00450673459165516,0.009038234322423672,0.0032066019397551733,0.02657351444635445,0.01873219454383717,-0.004905195011188893,3.009127074986199,0.06903748620211027,0.04173884072254511
46.777,0.09479765679661749,0.0026965471798286148,0.00019887176980800766,-0.0023693919829136123,0.04761005404220656,-0.0005535650181892604,0.002067179912715795,0.001125381998521265,0.002920559095306425,0.04837201547417427,0.0016650179498122128,0.0,-0.0009726434016230845,0.005755458198490338,0.0025642022170711556,-0.005595037599642773,-0.003803785542078831,-0.0026091604549921977,0.0030744359184184315,0.02575122992308238,-0.001802412646238094,-0.0002893818661972214,0.0012532389815591615,0.00025504149578738897,1.5796488172379355,0.19071199099479566,-0.005321049396672989
47.277,0.09469619966736927,0.003306822782426458,0.008522080792839533,0.0030509232659521063,0.06383719882689581,0.0024566639176409914,0.004575658086064386,0.02360815858955396,0.0071552946770650425,0.017768930372078932,0.0011746868232578981,0.0,0.007221269941938944,0.010253427407341155,0.006570634410449802,0.007725095616720879,0.010606137296530462,-0.00257318558962337,0.004265478905270842,0.013466337488578643,0.003089504207336362,0.05047211435369758,0.021685685769363718,-0.00019149286256995668,-0.2835993638486529,0.008729583665207218,0.02585941797803131
47.796,0.09313472704095083,0.001440722903525354,0.0027810197332139154,-0.0020979992342776816,0.009629722447698085,9.789337675725175e-06,0.0024585972466132718,0.009596229466064017,-0.002157825231481738,0.0146677901374676,0.00035561901189065605,0.0,0.003920557506874496,-0.0006763490656626909,0.00788876047511785,-0.0009757718135347702,0.002717251250958381,-0.0017075359894532277,0.0009368856991050542,-0.01967387562384974,0.0010178370820445046,0.016840153979040685,0.024864837160823373,0.0008742515830178919,0.31107400407499636,0.085190283815063,0.02160966476750277
48.279,0.08418584937512423,0.003039020607470243,-0.0010093294981787363,-0.0012375854670961084,-0.046627520932661995,-0.0005589095069318335,0.0013573915551270386,-0.005251691565964239,0.00034233896166883964,0.08075171534019747,-0.0019348647757808004,0.0,-0.0044825562939042225,0.004558590708811181,-0.0037113068554644603,0.002052093681947976,0.004893312153981899,0.0030126688014669354,7.306536892667756e-05,0.03127218492940406,0.0014025979868202507,-0.0026639633485861787,-0.0022474760011770662,-0.008333301877858088,2.7443572593461765,0.13098789170594097,0.12130638227108295
48.778,0.09594638348315757,0.0047903126977052795,0.014979755431319375,0.005552328081421394,-0.009741175124115063,0.00019598256498089587,-0.00010667297277232664,-0.0026355422859713315,0.026398636294624793,0.10104710485774553,0.002586198416060331,0.0,0.019144540800187508,0.0001768565154014561,0.006054950341729504,0.008531092818460973,0.017260089009995365,0.018184297160429158,0.006959505955845148,0.05405246864291288,0.006385385291484778,0.08128743339708124,0.003205289510588009,0.0382953659079741,1.924103509345771,0.11042341464554403,0.10775256098430576
49.278,0.09284338802141201,-8.938172459815024e-05,-0.00021004410311658693,0.0023556197121180197,0.0157255593417784,5.214279519283393e-05,0.001162980925679336,0.008105960520275507,0.0022542449085667634,0.12106457357971369,-0.00043360889622901487,0.0,0.009793071993374406,0.008596170525817527,0.0006911568768994821,0.002168683549289921,-0.002994440831739899,0.01585809126548085,0.0050627442515874315,0.02560017274485561,0.0016211086423433636,0.0036934811153919575,0.0018012256956426392,0.04702883090891071,2.6058132700176286,0.10483640989221081,0.1798735670876641
49.778,0.09896899891220917,0.0014006903777810124,0.015670080403394626,0.006346429211165419,-0.005164397798128337,0.00024866304364269416,0.0016655875476223275,0.00998903988902208,0.015262208930608099,0.17381685223598692,0.003356853036940205,0.0,0.003182816428578218,0.005397093309970029,0.005435983292766677,0.007290075532592442,0.008972252273179281,0.019733560744104848,0.008056921969119142,0.029694573758702866,0.0029950019750185123,0.06283886392865001,0.0318919568874166,0.020476504756255415,1.5101305641778755,0.2384375745055141,0.18085393165198355
50.278,0.09579644440162709,0.0016814820202594337,0.009014200095581747,0.004118720470861052,0.03835923550212701,0.0002672598571812433,0.0020184022932761337,0.005510390578265919,0.005783406310938878,0.16093693753153843,0.001753385212380575,0.0,6.246601706854518e-05,0.01353151667743486,0.011475677753580781,0.006987369612729606,0.013115581371256417,0.005506516049901647,0.00537858854271791,0.019211663850819845,0.0006401174596353282,0.04663951169732853,0.017810223762184742,0.029090244271293936,1.731329335142578,0.21328478003069665,0.17517871184658548
50.78,0.10495672846206797,0.005427525483294678,0.01661290968682229,0.00020285642588960013,0.0015262955118172839,0.002615722669427923,0.004600180237055003,0.010426283965968735,-0.007611532287670975,0.17030671356343663,0.001267054385960544,0.0,0.0014188120602678627,0.004773667663479898,0.012195638595088116,0.009345640466689203,0.009274111327137605,0.003031985474026276,-0.0021729337174992295,0.011494888031671388,0.0018180083244439499,0.037120198797612004,0.03776144398608765,0.041045984037193464,2.9531656448906687,0.24554330446879355,0.14381496236428148
51.277,0.10217641076768681,4.61666719930142e-05,-0.007095619164371721,0.00016101991417224966,0.03935686955593702,7.831230315066469e-05,0.0020571563217227497,0.00850763242555376,-0.0005341272389148494,0.10868619983192171,0.000515797243057655,0.0,0.010212194998833399,0.009607314797035546,0.00561775779481587,0.0017101656572917662,-7.491955873931961e-05,0.005244102676609478,-0.00418280886078529,-0.004058070241814542,-0.0034064159165605166,-0.020287749076032927,-0.0015229371744331362,0.014577406647344962,1.6809549680344922,0.146418948305544,0.1254889023526906
51.786,0.11176685786941541,0.0006090430239992336,0.004197943422605153,0.003318315371352175,0.025349274853394832,7.171613788699539e-05,0.005303476829814824,0.010179965219159976,0.003199053057146968,0.19724968129642304,0.0017733092549555136,0.0,0.009443225213423346,0.007085552512247315,0.008506289537612354,0.0054574595591151765,0.0034339787545157384,0.008664248638215202,0.006697665708100731,-0.001153402642407003,0.00677849774583183,0.013805392759235188,0.04077950831968834,0.025033505248394514,-0.12072629552613195,0.29685395052735847,0.1933659795730347
52.278,0.10971016479522826,0.001407941931797669,0.017655315233821453,-7.721345325011914e-05,0.11555649806658877,0.001195698892573004,0.008591488060230594,0.017977849997730687,-0.0005884386101801399,0.07613888419457322,-0.0018989106330152394,0.0,0.0008217710451828339,-0.0026650000490410783,0.008573389512006261,0.01114833284537454,0.010670522443216248,0.0005208873996853443,-0.00023382284804763324,0.013951274265932605,0.004157372593653549,0.07082452231338777,0.03305351310788579,0.011318684452985181,0.6698829901295786,0.06559025885517582,0.12475655939686121
52.778,0.10517803883071832,0.0025610204529634565,0.010277110109206282,0.0017729481917229395,0.05678300385421268,-0.0012971635036049974,0.005158249221681468,0.0012974339181454362,0.0017536359857695729,0.13122118592641654,0.0007147874002306785,0.0,-0.00016062690103351435,0.003825373179373166,0.012095729439828026,0.010624187920827354,0.002663022649030838,0.012145270023033197,0.003444439977538499,0.03564815206339281,0.0006422982986360454,0.0075587456374530985,0.018119414347187137,0.03640596261924786,1.7937081705562352,0.14327523512052112,0.20275849319832598
53.278,0.10414883973843707,0.004128802055336885,0.006257347479585985,0.005772626720889045,0.04072901174039566,0.0007884921871755054,0.00023966922746678252,0.002200940590133615,0.02584224264826569,0.21952677051782157,0.00165099672621494,0.0,0.01051508827242281,0.007605150960704182,0.00614762395493087,0.020831793910146775,0.008356096355273273,0.012662063779423022,0.003833247413316237,0.033272404923855456,0.0045444412826453045,0.030401044460939407,0.000592253345612916,0.058389752555802796,2.8651951079008033,0.1888551516184789,0.2800074617415619
53.779,0.0935980316759803,0.003910738648420303,0.009285564302587052,0.004552299967730519,0.09634121872392992,0.00024331603547748308,0.006426633187333203,0.008867278426252198,0.005758803889471678,0.12822638264550784,0.0024668572258496513,0.0,0.008307445610075483,0.008985599130957565,0.007682307701480905,0.01979178977434544,0.0006844972003248061,0.009944086166478981,0.00595311170416638,0.05161701172324332,0.003790856342982813,0.0318186893962771,0.010214883742766455,0.03939420866027715,-0.4468289387574801,0.19058416508741943,0.1603075541739325
54.278,0.09478894910516995,0.0025170393207383035,0.008170978800569773,0.007446845660750845,0.06252969142262371,-5.5868722923710885e-05,0.0051451155622066706,0.012462654721376032,0.012026603544984079,0.08738694167754808,-0.0006109200110050584,0.0,0.006891421127759878,0.007641673823085283,0.012540750016410813,0.01739268775080295,0.011361351530565462,0.013812023989640326,0.0077948677403131975,0.04195241249141003,-0.004249653902126892,0.04365414269721326,0.008684965444669948,0.037364495336052954,2.38657239371549,0.12658766322400125,0.1514062500665939
54.778,0.08741624854581904,0.00278158300676567,0.02300438154617715,0.0058878434070587906,0.12989175634275965,0.0010726644378953006,0.0011562279803592696,-0.0001440729323241221,0.020542749775574708,0.11426282182548174,0.0024401319701362815,0.0,0.002666707014516535,-0.0008654886710938704,0.003929083450205811,0.010269244141793732,0.017189278342491586,0.013667818487533628,0.00771279036268169,0.07484056159641819,0.006356169408545585,0.08394573508729584,0.03106872795905416,0.02725604112677517,1.3021577054800983,0.08997828759245378,0.14584947149136634
55.278,0.06875528432548637,0.0004993970865621191,0.013495674209155763,0.004729357812598123,0.03282392645568432,0.00174448728336843,0.0054571713426263295,0.015449129364702836,0.010143352009271892,0.08240184126543205,0.0016990937392869316,0.0,0.009663063849178595,0.004200810526165956,0.006889629335231743,0.015928590176660398,0.005251532742861192,0.008396229066853672,0.008642600990849195,0.04310586078835165,0.006317808430504766,0.06376522521478287,0.02569482835039486,0.04664493260583971,2.203932173213572,0.09087237043816064,0.11333915460777247
55.789,0.05386362418943576,0.002402977707483462,0.014393946817117557,0.009290537328148068,0.05973269298920715,0.0035566321952533713,0.005325322640110373,0.02482412956507121,0.007151451336332468,0.10717452844611827,0.0038313283598384556,0.0,0.01059719292066439,0.00950463437715972,0.016019218241301796,0.025015079800712166,0.011649415940844116,0.00615341471880975,0.00856040212338137,0.03174807658990724,0.005967173393704009,0.05289327312722814,0.020712334474052418,0.05408584674545039,3.373784951732102,0.1474159474624829,0.15180447630834418
56.278,0.028977990938752626,0.0012748663018118658,0.005143318717275331,0.0046245921683866755,0.10049569829174042,0.0026729563791934824,0.005182515454369414,0.010028235230386802,0.010247711341979396,0.07838416269415772,0.004404743130458905,0.0,0.0080100186963016,0.005469224292092053,0.005390519410396371,0.02084639819746981,0.012499579329733177,0.0033898560112948827,0.0064166978780418864,0.022820624506957835,-0.0011096300487698223,-0.0023673880657713088,0.02754984802134766,0.041773630579259785,2.464344925465967,0.01556927364489678,0.11565480063451762
56.778,0.01283259550906846,0.004836695848594825,0.015153481883855393,0.005148974312708669,0.04340389766585329,0.003057409249727608,0.005361952878308961,0.023030618613904767,0.005249577349348002,0.06910876143654562,0.007107733909536946,0.0,0.01197825597420179,0.013414126464441472,0.016473505838921758,0.01373835134948179,0.005151620557474676,0.006201038236539167,0.005443313907533404,0.024375215953360795,0.006120721170379565,0.06817561309938686,0.04000295410877015,0.056422074939157935,2.262252860807262,0.008749185611265607,0.12118335728301456
57.278,0.0019454001189315256,0.0061771652114145205,0.019875724147095458,0.012484868571543097,0.12059905096949679,0.00406996279762175,0.004801661678743563,0.005819242989211967,0.024738079930241363,0.07682967687055262,0.008567781471121326,0.0,0.01785716568762468,0.014448645536275567,0.021849035053176265,0.02461791183297966,0.018662353990867846,0.019257105362959943,0.007528596972486883,0.02984781572785848,0.006319693057839766,0.0718152018349375,0.03001350030411055,0.05374423266042215,1.9458939926829961,0.13655768432505577,0.09657636510191316
57.778,-0.010689783895221872,0.005138537585115684,-0.0020218951876263946,0.007972080684253428,0.06693614320099207,0.002635960885576739,0.004925257119659593,0.01470729328159366,0.013910696047415719,0.03874443430006514,0.005090351387090749,0.0,0.007201209596974414,0.01152073697233767,0.017610945802229223,0.009898945296221229,0.0032716540071624335,0.016847410869675918,0.010500968049311655,0.002507463545081055,0.010514798397314947,-0.01665732084691337,0.012731861331391897,0.03454751545000743,1.172292683421725,0.03850251184695824,0.05201464812037437
58.278,-0.0014887720044966673,0.006410674530638794,0.01089006994588628,0.010215359232941215,0.11309663791251856,0.005947428618781672,0.0022253231912334236,0.019180303874089574,0.0052799903109847215,0.05926005977987363,0.0066733657259844354,0.0,0.0022031731418027207,0.028155514253159077,0.01416469899275915,0.010313212035623727,0.005361841806469172,0.01197327408613093,0.014027265108151759,0.01006293409564625,0.011361661955785462,0.06330405363993451,0.021123235905750062,0.047498318531024146,1.0747734117284666,0.10213491497482421,0.09336533472385881
58.779,0.0037161602917833896,0.0056768012387042295,0.015512867569616298,0.009392145716538684,0.07890204765125901,0.004479489199077353,0.0036602840672589594,0.014749793778968982,0.012981713085969229,0.061308532949606524,0.006240089239053131,0.0,0.009267072606227033,0.023525406225027492,0.019853204932074053,0.0072112349596042185,0.001149527928956928,0.014853856810680126,0.012886734250977824,0.029452530705510686,0.007376233588051895,0.049441001823907496,0.03169778359665381,0.02965723167969773,2.211782560115262,0.014040010941946374,0.12266423737168645
59.278,0.0009222606115984253,0.004381803894781759,0.009783648369127252,0.008628225511547245,0.06041084038203603,0.004939370478756761,0.00636465514189102,0.010914180613074906,0.011512763972058212,0.021825087446599254,0.007123097806396077,0.0,0.0026830125959208927,0.009415177709518144,0.009873675363462646,0.008207903812893888,0.012858887126293388,0.01386252809576574,0.012987554170302134,0.023299092147046358,0.00593096567211989,0.03467875280537074,0.029196161991511614,0.014416252167353719,0.5280502428431186,0.018046482372650743,0.07886551644559298
59.778,-0.0031014646955274806,0.005065366259836972,0.006373040962073658,0.009822006072227916,0.07050871455647274,0.0060171928476506886,0.008026240176732168,0.023161411256685565,0.007136493382836793,0.07719399048103055,0.0076944775505995,0.0,0.007374135630061712,0.0168161568508783,0.01582719568728437,0.012385352027582557,0.005711864074515814,0.014773696305274645,0.0138874559907623,0.027498224391868168,0.01083169478771172,0.02302929104786589,0.013725047376946704,0.03974642519291656,2.6198988910506023,0.012189523221151227,0.16012252842756888
60.278,-0.010168800033395015,0.00034350602518966143,0.004204716393872858,0.0051189673437215385,0.03555903546535325,0.0026253533082509174,0.008561245956515274,0.0077510607433267376,0.012471400744674493,0.07794404409394806,0.005608480920518109,0.0,0.010662456409062562,0.01398222891677533,0.0035955198966339526,0.00021837422825162983,0.007776266835139635,0.010682793112430007,0.00931146853659534,0.025664282531235653,0.00589772666010113,0.025985965512815512,0.018794237120798175,0.03827964257253219,2.5789501036819247,0.10803210333431426,0.1204957388702591
60.777,0.006919205976966235,0.002351089995995117,0.012383735205048459,0.006657253011897357,0.10066873208991495,0.004025506540359508,0.005892165137083483,0.024313533327898207,0.003414020917681083,0.0038859371335782777,0.005891137629451664,0.0,0.01122934696990851,0.014665367736377062,0.019263170626454024,0.002548356259144148,0.00639481161145197,0.010713835752036636,0.007366489133247638,0.023657814715300197,0.006624577250951086,0.026294194386769876,0.03870547031309863,0.03870217922214219,2.8929611871661085,0.08595460805451038,-0.016566378854056974
61.277,0.001726714104213914,0.003486555896141488,0.0008436350122066937,0.007894591191871045,0.03758935882969068,0.003063874293491404,0.004248438142940022,0.026476309872414262,0.005426163844224494,-0.058844393382025705,0.004168236679428042,0.0,0.007332525073069612,0.013087913171207598,0.008525961328049723,0.008869061211414979,0.010773604024825197,0.010895417190991465,0.009981682733209202,0.003722665199714652,0.0046704689486204536,0.014963711504879663,0.006636257789084636,0.00010709719826254798,2.444049452310469,-0.13862146049974716,0.0016437308659219788
61.785,0.013126700593685895,0.0011957435144435312,0.014803113357337538,0.007569640448351759,0.06268895710047644,0.00420624331194632,0.007716915660597893,0.031065272922542738,0.006651398654251062,0.022404529353739155,0.005253507874817943,0.0,0.0021463314727587384,0.014848376562960426,0.02033951437216854,0.010709831889413641,0.01496942606556483,0.008457527670513002,0.00858484305700338,0.03636857445169305,0.01217131370199993,0.06876664561937293,0.03629173962918601,0.02218330328100051,1.6605144731022956,0.022302715751792702,0.04326065180289056
62.276,0.015859175638249085,0.004863422880998855,0.011900282227700695,0.005001368125806817,0.014969710904039556,0.0025470070973250248,0.005839775042784417,0.020495705612755436,0.00522072044090695,0.017839952164955684,0.003777881755287134,0.0,0.007327142878090333,0.005861245405245112,0.011328053858743456,0.009054388878163679,0.010744080460573896,0.0051283114761315465,0.007433361823867183,0.03704658074351864,0.0067098387145448565,0.04752181450747028,0.01698296024323285,0.0032107332949312065,0.10127213691012892,0.01626060599063843,0.06031840015795843
62.787,0.00041347938163492404,0.003202081876260972,0.0037523962909340822,0.0034303274021665366,0.0026107947905684476,0.001933915105717495,0.0003566913937607819,0.0013076623407147529,0.0068784636420308005,-0.03173399895887197,0.0033259199345962377,0.0,0.01724426337695565,0.009035460687664108,0.014588745405581525,0.004748745142491339,0.01081474585630532,0.002992073805440477,0.0019365297276650875,0.01870217998968825,0.006166021709216237,0.02847694296291584,0.01169691753015938,-0.003478350691450162,1.1495056730049504,-0.02677360842465363,-0.012336769241666644
63.279,0.0005577207548054131,0.005383219721400625,0.0005519710513430874,0.0074391426289639245,0.02011351866118771,0.0013963942430424516,0.0017009480036555356,0.00323792799764136,0.014323777122613325,-0.00036426542401102476,0.006033201900816019,0.0,0.013976945428012307,0.0116084375029062,0.012833971086285357,0.007230980095381286,0.015607534544515453,0.01660924177989946,0.011080618363687365,0.04216759304866979,0.011500356856191432,0.018095785935814748,-0.0022517033102197243,0.04731496028928768,1.1167694610139842,0.02477210589009744,-0.00657492346368768
63.783,0.004516765496647856,0.0051525766410973695,0.003543768035978158,0.006003390726823737,-0.004140664170047318,0.003305654039997954,0.0020557351707184653,0.011718651533897196,0.022050082893510497,-0.024588376510990845,0.00595652380340311,0.0,0.01526656012905286,0.007319100683212257,0.005636919630475836,0.005747265601106629,0.008367616424775143,0.018079537798855832,0.009042958887109289,0.03741921032471588,0.005832815215069884,0.04568579112683697,-0.012507580380154175,0.03550216510813397,0.5948160563080302,0.024426399759251132,0.006337485956782029
64.285,0.00978760808333455,0.002164403436714086,-0.008161684066966188,0.003937257711576617,0.03908782079557438,0.002511117082788012,0.0022004777061419172,0.005055621816654609,0.012020401669545459,-0.05558482168885451,0.0024061313465722914,0.0,-0.00203314990526291,0.01418258649776605,0.0065360375089850205,-0.010700695780893396,0.014134779705442788,0.013165225028016559,0.007906188099596553,0.030051773314387846,0.004532360569041171,0.0481928531501079,-0.019946974736287287,0.00905085958815557,-0.04752462403006775,-0.0034656759356949673,-0.05578672648847406
64.778,0.01208790787470022,0.005673837892046024,0.006468688240411049,0.009088870609805238,0.04406566036739497,0.0026832561245841405,0.00829325507350386,0.013246732621749559,0.004958447054098366,0.05673885135259667,0.0029948094480076633,0.0,0.008237056525539964,0.019005080065701983,0.004714535788337922,0.0038107914053352706,0.017939239170866116,0.022420766724085356,0.012238634119447001,0.026538622494944306,0.008584315427146638,0.06656511923817438,0.013324668847672132,0.011197380659126713,1.7845787735453167,-0.04575577133338225,0.13011898679638487
65.279,0.01327228825938466,0.0014352558811979918,-0.0009919036984604515,0.004210262334476003,0.04813124694729715,0.003551448743971237,0.004772997471090001,0.023759646955765247,0.0056773479443231,0.00012749754269846385,0.0033892928166337592,0.0,0.008883452348983254,0.012615224905586787,0.009360834476234836,0.0008240041623877244,0.007012606146288536,0.01296288878406742,0.006247566968448266,0.010115234409209367,0.008856572321061847,0.0300234637834142,-0.002345705685879053,0.015048796132634289,1.5549832120065499,-0.045416345686371325,0.006443122360212519
65.778,0.017365981579680043,0.0013980801500652032,0.007850166340340832,0.006601521760423257,0.02010624305810004,0.0023260315560585114,0.002944512917786856,0.0304928995733787,0.0019578126544464174,0.08858016471210271,0.002711081194967689,0.0,0.00773060088449489,0.016680266861776694,0.0012662162664807172,0.010466148685261276,0.004924875760992222,0.017549767209555676,0.008213452284245637,0.021583297775069385,0.003415416542020765,0.05176592033520793,0.01739524117222983,0.022002549077288384,0.49824764936712723,0.0619601462161678,0.18896982715436425
66.279,0.017869843354156704,0.0031258850822453747,0.00533448381587107,0.006957036477980204,0.041999823245580666,0.0021292948124546148,0.005168185918455025,0.03204504570154757,-0.002190813044619903,0.08732782675470686,0.004114675509750919,0.0,0.003999416779506969,0.005596341157133863,-0.0014226200829350294,0.006461884670561947,0.01021554063475406,0.015821523504079112,0.010014544190668096,0.026228635024399226,0.005099593677886992,0.02285478863861196,0.003906131212811399,0.010499626132724607,-0.14175112513202262,0.15602263030003494,0.11929579918713483
66.778,0.020054189491913444,0.004281539844097492,0.003518660548323063,0.007508584684337607,0.06597884065920968,0.0019477093902373335,0.002425026227704389,0.02183290160510728,0.011173168504645926,0.10944018118915293,0.005200998501134214,0.0,0.008541976889634748,0.01122434610988193,0.015591467131127884,0.007849372250451188,0.00838001095072012,0.019299467704067506,0.010471103318454631,0.01184692141822363,0.008110215436792616,0.014799509729628362,0.0266083136155734,-0.021371623166934136,2.6695708454010054,0.02341664624370419,0.22424472745174998
67.278,0.01490053934597052,0.0007409398053748696,0.009408209387326368,0.005147361721213187,0.01928334533087961,0.002113690409714774,0.004246496484384564,0.007500573505017432,0.0010237874336414565,0.13855226547839705,0.00566272517185874,0.0,0.0103837644221419,0.0077181391095725825,0.00573253239796566,0.009221050239764312,0.010928381523579164,0.016953585289935316,0.005602929864952537,0.009342230293539271,0.009619179351793152,0.028934796778116556,0.03300793791576384,0.0014570678873486375,2.4868887942702,0.2199515156530207,0.15269148026926255
67.788,0.02031552971688251,0.0025332184340103583,8.213245364139935e-05,0.007448804780893186,-0.0017264368251637512,0.003503266312822295,0.004166835831632011,0.008259000244519218,0.01583051235366232,0.18574173217623594,0.005379234922312761,0.0,0.0009466301500643973,0.010490122937071931,-0.0008079796473584708,-0.0006446454544173163,0.007958038766448605,0.02473580158241683,0.015240485120579945,0.023088011109797895,0.00933651184610658,-0.010158110217873252,0.014506932238330838,0.025984113033907526,0.8583109944811733,0.18657743372946045,0.22437779188171622
68.28,0.020023388674513306,0.006545320684479696,0.003837719642711441,0.0050034135533131826,0.03245851301971982,0.002653410801132785,0.0019825545025925814,0.014279055812202152,0.0019481824435970024,0.15784809961662918,0.004711316853972888,0.0,0.009632532476200937,0.005510326115940858,0.009984624425177063,0.004896890100364775,0.015577340006345147,0.00840261364422043,0.005811511181023005,0.0008993469538083797,0.007939054254513609,-0.005005727225863368,0.030685899709403053,0.04396751392786515,1.0739066210711126,0.13557339646943736,0.21719041174786988
68.778,0.022941915421432806,0.005748932092602844,0.01451583548929283,0.004535152596013208,0.0889229387502321,0.001892756993942004,0.0030945835862775176,0.013692252239251143,-0.005762909485049983,0.1320566207689041,0.0033420068710195527,0.0,0.003544233682694124,0.008140718065220858,0.00818656026815786,0.015948878348318086,0.011083326943226406,0.009349647762084808,0.003095377905527928,0.011156227677220121,0.0070659452217464915,0.032190239911855115,0.040461746267088004,0.013920291851340328,-0.4502946299332616,0.22550885063873963,0.1209884908817335
69.278,0.008839024980476711,0.0011044020081027524,0.002370951669698579,0.0015819797008427938,0.005825430756096379,0.0012408858490678097,0.0018256705847101125,0.017581386663566734,0.0049860305737136935,0.08927428890712254,0.0008653964152392685,0.0,0.006803747383112665,0.000795850810205049,0.002492307178178222,0.005107068489863561,0.0004668193922085139,0.00958292159552589,0.004506665858213608,-0.00539987903127912,0.0032759785738966465,0.0010354258719184365,0.023331668552851834,0.023943337250047547,0.3014733098209761,0.11088089494987123,0.16290915211933807
69.777,0.005950354862660165,0.002722355980762756,0.015098822520342501,0.0008919053539806129,0.06805481928557816,-0.0001938915434789353,0.004339095212646106,-0.013092873105690152,0.0055077503690591344,0.10405535100042507,-0.0018637257354753565,0.0,0.0019847521319977246,-0.004091345235977783,-0.0072285687141625905,0.004621580428718096,0.015952585157980266,0.013038333905193888,0.002986630455961206,0.04705497284317219,-0.0009565192777036465,0.06022209464855855,0.03652502404748065,-0.003349269816004357,1.380955273984518,0.05406784972129201,0.19535409096112294
70.288,0.012905423041087535,0.005859987585896914,0.018399415433737378,0.005060887118490958,0.05632343527501793,0.0015541770764168454,0.007459741409008847,0.01356245098257593,0.027166259122295224,0.14750735575110213,0.003490353254321601,0.0,0.02583738078461407,0.003105693928119454,0.008915923581998404,0.011253043784431925,0.014199457913297065,0.010511928176117263,0.0056487721829058595,0.0225375873986605,0.001317741227698881,0.04364454950788361,0.052720388464147075,0.0544873839338514,1.161594905318861,0.16711960231186976,0.1460248257012228
70.778,0.016088424854018783,0.003244677564851778,0.016093539058190148,0.007619247603290979,0.0652552398328236,0.002246679973920171,0.006731328091012397,0.011957566174235136,0.024146501047521557,0.13317247820070058,0.00046847429153657106,0.0,0.017864269407614465,0.00908006196511094,-0.0006375988902956515,0.015570328281755464,0.018189314276356627,0.01569941316566043,0.0063042564666029085,0.0422671187091265,0.008871409515166195,0.08279453681796999,0.02495317920443158,0.03504724573809399,1.3161697286784448,0.16758944382256946,0.12357541720910561
71.288,0.0013705713975823686,0.003960857638214819,0.03674590808512843,0.007450040876663363,-0.028648712558690417,-0.0011714228296567514,0.00454154251377615,-0.022492329474964247,0.025479155613620474,0.10074876674226364,-0.00044872332639056165,0.0,0.02659989823916571,-0.012044236538096605,0.0036181695537491785,0.012682418495640361,0.034258077777930995,0.025734223136397217,0.007199794682897762,0.0717828688886518,-0.0019040822840726839,0.07887166980818923,0.08407184328745788,0.06289119634193929,1.3662805161011338,0.11819629548258762,0.14198748980389647
71.778,-0.004328074231386244,-0.006429456036387841,0.05118994888233775,-0.014582730597062827,-0.06396033624485012,-0.005967535496101665,-0.002386277682765645,-0.01208939859153516,-0.032585806540158704,0.05640453772156451,0.00017450351581864448,0.0,-0.0034771922130006874,-0.056889430421178326,-0.0021628199708557784,0.01265636977432857,0.04201259788263232,-0.003276013425924774,-0.03142104119060637,0.028801006335170028,-0.01507053683810279,0.09470324210440167,0.20425927713751132,0.011283144455575492,1.985945026705414,0.20825535178571739,-0.00894459007419553
72.277,0.010020869114917615,0.0028032021494507537,0.028638605013152088,0.004666058885746361,-0.002766015171734421,-0.0016868898016332338,0.00229969720070938,-0.009616212706224059,0.02030449103637756,0.10665085101738699,-0.0009729005482387754,0.0,0.02098627637500349,-0.005865549771018782,0.004927179780579501,0.015171279866902745,0.02545707533247901,0.015528187986408953,-0.002510510472932703,0.03477793510307355,-0.0049483422953319495,0.0756980197941953,0.0977302267358736,0.021773732699250644,1.6380980276713397,0.10031339054735776,0.13221217082583125
72.788,0.01215523890468018,0.0008157938478943535,0.018464330913635064,0.004890549727153086,0.007329630804303992,7.540226690838323e-05,-0.002278064214678648,0.0008786523156875581,0.017959109631411427,0.12537137604964788,-0.0010958913977206523,0.0,0.02034137706886386,0.00646228950451405,0.005153936886306199,0.014117186263960177,0.013836140805292304,0.009829599099355497,0.0025452393750891467,0.008116297968867791,0.00157412404709382,0.06541305618011715,0.06522919000110647,0.02763740784155092,0.7697987278040009,0.0961131516971673,0.17859013469093032
73.277,0.02106635535594094,0.002941325013675718,0.020279948041512938,0.002037270870478958,0.02752198022785912,0.0005985112998701324,0.002546784412278901,0.0057603418354255686,0.011981750287995797,0.08466939309772469,0.0015896477615930807,0.0,0.027793735350651827,0.00040998103185038666,0.014306071385249568,0.010215852240230737,0.016930542903006034,0.0002791203284529292,-0.004725653092039122,0.03150988320814495,0.0007054872865126966,0.023742844210606066,0.06252990497438927,0.04330187137956407,2.252471151226674,0.09521969157995214,0.13832564451941848
73.788,0.020548100080198903,0.0034318125518328435,0.010650470106093173,0.002443075801151109,0.01902538435683578,0.00020571854745714567,0.0001361875292735827,0.015394901887773043,0.015003729592595789,0.1875707172687922,0.003614506861217283,0.0,0.01618417990836661,0.010692252070443534,0.0008631504880559179,0.009914259189603215,0.00991849182620936,-0.00018240425351805445,0.00288610160205837,0.01633528730975589,0.0056997869938139375,0.01779256582989324,0.044514868814417276,0.05397516615376712,1.0003019995077875,0.19685787479898184,0.21271589637122815
74.278,0.016586012832071128,-1.52487967547505e-07,0.01240541884426693,0.0004260200645774008,0.016378411936645253,-0.001535543920085311,0.0001306549708392394,0.03076245086210429,0.0214515774209782,0.18861501170499814,-0.0005147542991913764,0.0,0.008715335882218424,0.014893011004674923,0.00976408678497554,3.393696872478373e-06,-0.002442990916557258,0.0024471455368381377,0.0007926700407376225,0.024702102934059656,0.0003896970935272697,0.016484110926133316,0.024566379094071368,0.029338291766842182,0.06883660070794463,0.13998112378344935,0.21236158149766915
74.778,0.022472738608155383,0.0030903440281706833,0.018925022722388943,0.006309063503686808,0.07813202344631881,0.002361372241939493,0.006718566917747265,0.017426544285269175,0.024647954217390217,0.1934994785755856,0.0009010111206942947,0.0,0.011768200443272139,0.015373579291975347,0.011585746725206687,0.006135923332884753,0.010750789442718083,0.012804131768726825,0.005346764301186486,0.025066322251081883,0.009647770191159855,0.026185981264458997,0.05978866356142293,0.03308652511080378,0.6905374225691177,0.18193326559698816,0.2587488496225306
75.277,0.020421041408614952,0.0022003702538961234,0.011161611137009282,0.005672472412930785,0.05728203827915916,0.0012890797117738274,5.67224366407362e-05,0.01754119469143236,0.010273336597297249,0.2510851781583767,0.0026832414221623574,0.0,0.0089468754547452,0.010751099149999273,0.01398572225596468,0.005199314605901205,0.0018754725506632674,0.012117193085992578,0.004545303888565405,0.02756970700100949,0.006919069210799783,0.024859527050010245,0.023081735522964674,0.035885926737183785,1.8539540008569624,0.21890360390835523,0.3140097593736495
75.787,0.01817846679869376,0.00010296841443811796,0.010307568265444145,0.004654375027259307,0.0806373039543795,0.0017019652006418993,0.0025368532358343646,0.009021265405470992,0.031032781123126966,0.2465158077068576,0.002835144502140958,0.0,0.011856431952798006,0.02159018554917773,0.005384421102887912,-0.0009153865972087911,0.0007066185089601607,0.007806657302968307,0.007676260035807743,0.028047822190544483,0.006719786276257051,0.011105551297777166,0.013258675331885239,0.04147238468636289,1.4546117885424399,0.16495800615345385,0.3416486166612054
76.276,0.014759398501411194,-0.001159042218412052,0.009279255747315324,0.0023534298781566414,0.12376963525732579,0.0013355842319705147,0.004995480714419857,0.02300451038241863,0.02268807966867575,0.25537811201095456,0.0011459686025050008,0.0,0.02812507120309413,0.008826612782969959,0.004758705539532089,0.002579814556442315,0.00045548092709063123,0.009041314453871829,0.004316702886278604,0.015120727470123234,0.0021269949676185748,0.026221788766899425,0.017284191698635282,0.05971307720041908,1.4604093996696117,0.24627070989420166,0.2691063569074249
76.777,0.019880681861816355,-0.0006274166522139332,0.009752081826841579,0.002070276360950939,0.11687402920255328,0.0003080790179147378,0.0032488636573397185,0.021392420109828832,0.0151568402704653,0.22460071323353026,0.003057594707884634,0.0,0.0012071668936703339,0.014642184851406578,0.0057825038918290685,0.005801200653296633,0.003382734063781015,0.010437547080860879,0.0030917191467205204,0.021561864644426814,0.004132542528209396,0.02954913619631931,0.03723198586677169,0.03997861675743284,2.077964197847518,0.2619983190764598,0.24457652008843223
77.278,0.01173495061300566,0.0015071977079195295,0.004633757434305972,5.37345669879381e-05,0.14267804487406827,0.001978111267397797,0.003878314283851931,0.020457624588931685,0.003489576949731373,0.186046531510441,0.0022975528554819878,0.0,0.00484726827367156,0.013928431109697648,0.007282756767687869,0.003564758510284,-0.006026440684314323,0.0021944836923237132,0.004607756961647908,-0.0025871407694948406,0.002502096379809777,0.0015257986483194002,0.025493337100883855,-0.0006908036368745304,1.8471316456374611,0.161667856573402,0.25236569871359504
77.777,0.01212386599092533,0.0017151618328863246,0.012966609601317108,-0.0001381746008261876,0.0738785645243819,0.0018792456853428362,0.004691890434195,0.02767518714260442,0.004771723540017234,0.12077329346177776,0.0034769569255718555,0.0,0.002930088451078836,0.013923539596508654,0.005185554576427628,0.012140275514561247,-0.0011712366696617275,0.000235374655732157,0.004006510609052778,-0.0008888719696143502,0.0037939338205098326,0.014396220157870985,0.06419459580982616,0.029010461171339725,0.4104270043582367,0.19455736935498477,0.19669752950644287
78.278,0.00915798121410816,0.0008974047007136549,0.009788880865249965,-0.0016825359415823596,0.04012108348310968,0.0011146983073706577,0.003041357760246648,0.01607333137331735,0.015129383599202805,0.15584670872378076,0.0031350754495596783,0.0,0.0035795035943097324,0.00515260731569984,0.002042720823975588,0.012634050841884051,0.003949935799114407,0.0010684492447168871,-0.0022640873449947304,-0.0008054547066106032,0.006692630765602546,0.052918949049826934,0.04233783359560116,0.03678484821346618,0.44306402442441156,0.23552844783116156,0.16966605758837883
78.779,0.01400744871979829,0.0036632721040524936,0.004044195048291771,0.0033206143510563515,0.08517749337984958,0.0033540391228933,0.003899512890653149,0.04633523263993588,0.020613330478994316,0.09356805536127946,0.0026846951642608584,0.0,0.006989373477366866,0.01654914582711721,0.016119862854185485,0.0006766032323150728,0.00338028556074968,0.003164976185205482,0.007174058262288765,0.018607122696143785,0.007526152540596526,0.04073056542949654,0.0063751434996723874,0.04607307697304513,2.3827231126238444,0.15671904377543178,0.13820973374541567
79.277,0.009184172150160904,0.0022602733129770077,0.025544311974014734,0.000993862668664442,0.08856072237893282,0.001383199071692471,0.004361423174958748,0.02819984261931759,0.01974728258723769,0.1868256316219657,0.003632165375120196,0.0,0.019161107418726387,0.010009410979178176,0.009371246423430474,0.003925503662354363,0.005301562664990437,-0.00042859601178443595,0.0059407449188407825,0.020557350761887524,0.00803159065989574,0.09609881435735784,0.04128490248999665,0.052302820128746444,1.5207916922636888,0.29931787615310507,0.13640680610836697
79.778,0.003964217743788674,0.00219083806653138,0.021454430801686058,0.002167455649714598,0.16072322644957246,0.0015571905628955491,-0.001455714682183338,0.01924692948270616,0.01108749406619719,0.16096951342218765,0.0025157755310107567,0.0,0.012244135387264057,0.01921784478697011,0.0024186438262239203,0.013829319292572117,0.0005962603440586548,0.000998034503235808,0.005520039500315533,0.01739019704886362,0.004510210634445113,0.06587489055403324,0.03826493378481327,0.06424017159876369,2.0421639262736266,0.19913330777375612,0.1731147720385809
80.278,0.007603797301930275,0.003978273954195518,0.023367194155917672,0.005123290656604873,0.11491618469732313,0.004000353248425588,0.0023508876272815933,0.017149777829358743,0.010510301369702348,0.1573029547823708,0.004153550340424478,0.0,0.021805295923776443,0.017321337741310974,0.00746432192301021,0.01199799633720698,-0.0023906912217005346,0.013958025245365317,0.0078549179066326,0.03685857252169156,0.006872135662018105,0.06340277884494644,0.05520895688343216,0.020436837273731495,1.44475086643022,0.1954317449524009,0.13455359128326885
80.78,0.007589224555523138,0.004349672405304703,0.038525016863304146,0.010369112792719409,0.09559232338747137,0.0034891497543994643,0.012353797291613476,0.00898345098383205,0.008867718866672319,0.15926674694790596,0.0033891216615642384,0.0,0.01676994440694977,0.006990403598992027,0.01919502414267721,0.02767606086631062,0.023982427874800764,0.01537924298387472,0.009844551023270903,0.029064547931050143,0.006983606810595114,0.0987249891067424,0.07711813636275645,0.02704773995596634,1.3794897523189988,0.20075303015344265,0.12331261006432177
81.284,0.014862917058273785,0.009135877655435744,0.02100707904960504,0.010286845792680068,0.06317646334845294,0.004921025964285497,0.003579689491876548,0.01771979110172287,0.025931178416383534,0.19578081896814656,0.00441375148935702,0.0,0.019431563342119703,0.013727461682991765,0.010538377891540133,0.018392695320702042,0.01595114730974506,0.02146527739448423,0.016515254122229546,0.021332615187956303,0.012482337788833887,0.06322010203305291,0.03874716388126523,0.00887999809062035,1.0650639047198462,0.2934103218509517,0.16445632510572142
81.788,0.015744283499978553,0.009296320483557987,0.02124217383107003,0.008433956837641773,0.036785737966149784,0.004111384540885767,0.007701044443681733,0.013310773309525356,0.024882049007758162,0.19221998660212733,0.006024317876827624,0.0,0.011418129882626294,0.015252103819682908,0.01568165583248913,0.011934359823772635,0.01337205610899762,0.016972709071854875,0.00892584059900891,0.053641467364944156,0.005541498971529381,0.08347343032718361,0.0018762308778035753,0.023699243228972825,1.2863821200807959,0.2202102595711645,0.18786166920358033
82.279,0.014041699383552972,0.0063450213674710165,0.02342497288481201,0.003953831503839142,0.047595055708240325,0.003094727689008977,0.012492588895058531,0.028049496678792425,0.001214654408313785,0.19456813105378143,0.0040996311072773895,0.0,0.00930471792970103,0.011942844495783932,0.007520872568363325,-0.0009139809823036518,0.008774696253278553,0.008652189338887959,0.008497737351690595,0.03507215146342797,0.008671703197759397,0.07445967589358052,0.03156795957240835,0.04489819825041457,2.2275680399471685,0.30745151464441167,0.15176807661035738
82.778,0.011466836685295936,0.004789521586094846,0.020024417013484168,0.004354901271262052,0.07679841288521043,0.0033860125467610157,0.008932649802418749,0.014904864954242076,0.01656472080211618,0.16607175137790436,0.0037938394130395186,0.0,0.011836916689927098,0.014983644889480365,0.007534815241520826,0.009031945596460781,0.01688068396129884,0.008438930574976716,0.005832262903895526,0.02156239562638333,0.006119973950258077,0.06706722178280733,0.03860415732166517,0.019472833014989026,0.8122464983533939,0.24740974239343178,0.1897163057185527
83.278,0.015767878035699453,0.00901739319411339,0.020822672123069454,0.0072549754347577804,0.0275607000362001,0.005046972802596601,0.0055085043697308475,0.010485994168302116,0.021149735509833366,0.13197404066353052,0.005755210644405099,0.0,0.031543915538516154,0.014176669915778222,0.010789923075312194,0.007590110664245203,0.016632678257486593,0.013554305782454932,0.01008835827669359,0.05281233984641153,0.008521864190308745,0.08504157915394694,0.019784458503068446,0.03977576816264972,1.0252359516960856,0.12980339616345896,0.17470126224984486
83.778,0.011213933894256312,0.009264801038839152,0.011503621467797528,0.006689463767868285,0.05677782737309603,0.0035575092184344822,0.007738329344738725,0.013770386486312257,0.01395442182099235,0.14938093216347725,0.004660420397081154,0.0,0.02144099618283832,0.012079528886933684,0.007079496101919789,0.006507934042736893,0.014478001962161265,0.010134286119241009,0.009025875582710325,0.030752484963690246,0.009148422097554485,0.04458817586684828,0.009410878915187675,0.017077368404318276,1.052129120150826,0.18688902875345154,0.11733812882635103
84.278,0.014953359262655093,0.007317257926555521,0.012708688168215925,0.008658032012474469,0.06056539481535995,0.00442794245412425,0.007826662763256016,0.015076081621281425,0.02319486653020297,0.18043027205309037,0.009485005714027458,0.0,0.018703963737714546,0.01416637634874349,0.010289715274378625,0.007906379765861966,0.01438971731251197,0.017010236740181733,0.011327990191053546,0.039714428683580924,0.005783410177815353,0.05051952018683294,0.015632303415469048,0.04059719408285285,1.4047229076334475,0.22871272700214368,0.18256185756983787
84.778,0.006307640415892012,0.007654496831921203,0.012994897755071939,0.008157654908294683,0.04653352933752291,0.00325260800254482,0.005409006613437911,0.009370083755966539,0.023956804915816737,0.09917331218042874,0.005144627624509794,0.0,0.005788212760276818,0.019693369094019048,-0.0005286673845900799,0.012635424048385262,0.010357171052217078,0.017119515095418276,0.012624574882222147,0.02521385740688513,0.00944645135751344,0.041270325235149306,0.019498501747026897,0.02108402334317441,0.9718213555242717,0.10474573037489733,0.08969440015492841
85.279,-0.0017740436059296206,0.00265505940638083,0.00011457773498904927,0.006538548205962937,0.036821481588607534,0.0015335512980709325,0.006971361446304766,0.010555685904799307,0.01905630548728864,0.0744351824937929,0.0043636465499208,0.0,0.011059973645424041,0.007377139330088193,0.0023358362847593537,0.009664011707624307,0.017122511026303845,0.013580791131194658,0.011715364973531749,0.014776259132212801,0.0070987650186328756,0.024344314942943264,-0.007359847215087919,0.0075780261392406,0.54039484167269,0.07307154164680361,0.09514556425541668
85.778,0.01404040141243539,0.005056768612848282,0.005877306495585566,0.00566344169703506,0.051128193841512744,0.003298796570876547,0.002536185454325591,0.019646578718156865,0.009021333404962731,0.0549169877097578,0.0040965970322939,0.0,0.010713032074386807,0.012206423338090789,0.006808256885821251,0.012749451021960201,0.011576102724976734,0.012293566669604683,0.007687889494156248,0.01136464571418273,0.007180730838921295,0.03507204202939073,0.012785911337305108,0.024136453476012988,0.049933199848566465,0.09299626417567224,0.02624148420041743
86.277,0.003871769396912155,0.003641965660149503,0.0006809227407956392,0.0024478596862674866,0.0005628458350990537,0.002366689445450367,0.0037997686843600476,0.014260548256443741,0.01217510192206744,-0.026679321806214424,0.0029058328327154887,0.0,0.016117951712474526,0.003983828989026602,-0.004263077456832523,0.005654136886900753,0.007786004304003772,0.011485198212177538,0.005379277269121653,0.003887991961038305,0.003835835874199346,0.03215529815316909,-0.0010327186982446088,0.019325461987149985,0.6690530332668138,-0.0904921970673271,-0.004439441765120164
86.778,0.006371137309151035,0.004953718759576205,-0.0009882367003090226,0.006395688138390175,0.0741391824172903,0.003853687057582259,0.003659715585791944,0.015367889007531086,0.015075852912777798,0.003917463081118888,0.0021387756760427976,0.0,0.007403613007416565,0.01058199618150986,0.016338845188482175,0.011851942451348522,0.011020699355376133,0.005344040306225395,0.006144896032552661,0.015961771483883492,0.005137447027532117,0.015652078483138866,-0.005882156499064423,0.036404488177713835,1.0749857848567632,0.003805893609456771,0.026676502188718722
87.278,0.00843977109562186,0.0035916170589393066,0.012236273773016273,-0.0025185746963614472,0.002433554969943667,0.0017120688491311716,0.0056140676319813365,-0.0031079606840170937,-0.0005231510355648094,0.018204273374121373,0.0027068183690501764,0.0,0.005746786460534919,-0.013189601716503166,6.60420065797822e-05,0.01906876313418013,0.019927952066162866,0.0016543793026985083,-0.004932706791758739,0.015247658043528553,-0.0018010886012589664,0.029937989463293086,0.045556081784435654,0.00028666856271684167,1.0771188937608995,0.18174725050023344,-0.005254791867919109
87.778,0.008153600175859024,0.005539820177972427,0.00723908051890033,0.004619379714910835,0.09442392130399685,0.001281920523034463,0.003552730978034505,0.011956973224348702,0.014063648763620632,0.036313696883967066,0.0024034637754594248,0.0,0.0011936912005845583,0.007101580290568402,0.004576662691322898,0.005333988880971217,0.015572532451731439,0.007052840214467901,0.006908804243892829,0.018218700269902605,0.006851051689776885,0.015584738621642823,0.034349638417664606,0.031507455809961685,1.2987729612976804,0.11689490031594202,0.05867683791042473
88.277,0.006472742864192801,0.003998437131789768,-0.0023445606974677323,0.00047431439054258675,0.03006617402686467,0.00213722613791433,-0.0006740107556808305,0.015059533724511232,0.0003435042046486531,0.03664392953354192,0.0014327560460339315,0.0,-0.008224538259778555,0.003186047163731852,0.008952603397416237,0.00406658397420195,-0.004041490504884214,0.004911075368000174,0.005083170265607427,0.023571055751504186,0.004478043177371631,0.004546729842405581,0.009517800227238261,0.04422482922637771,-0.3559838164400991,0.03887658343878011,0.07495878571731286
88.778,0.011748623904231424,0.006447382105427316,0.003809308774545245,0.004872272101806341,0.05089986178048743,0.003072680100822084,0.0040145018457661275,0.01584536232746289,0.025833270310482638,0.004106512412433523,0.0036277171603467653,0.0,0.0065562893535863675,0.01031535152550875,0.007026374653617846,0.007418042633191469,0.007691899483688299,0.008610031759686929,0.007404831652619794,0.021749325097009223,0.00622793355511496,0.03248752010785656,0.00584569528194129,0.006131503321602076,1.9536604123228265,0.09580485549537932,0.012205667883647681
89.288,0.023851912632896564,0.005228094088920871,0.005155877183770177,0.008062754077083591,0.08451412883175545,0.0032406431324860504,0.0026512887964616895,0.020534873680162685,0.019868235531709334,0.04418965084007645,0.0018748394132299564,0.0,0.00716800635517081,0.01233048460930968,0.011101680032353739,0.012368372016274302,0.012938175253491162,0.010088146974333315,0.009841925700164273,0.03191529440931418,0.004538361299516601,0.03802855728018893,-0.00014988170660250953,0.03803831433784211,0.9313938513664151,0.04492204091925673,0.052736432708683265
89.778,0.01947677454536426,0.003030624603781331,0.015506225302651635,0.008639717292981039,0.05620369777123279,0.0011404602546228647,-0.0029904579052602064,0.012974512750079948,0.01741530383916938,0.05419833629534754,0.00053811296150628,0.0,0.01658336653204567,0.012326489968942738,0.015907460888151218,0.010796458433051524,0.019131284991098788,0.013452829922739629,0.004139551696747406,0.01767765869799476,0.001289993438611433,0.06040469498587328,0.030946345227485513,0.01671522215647461,0.7251964898476316,-0.0044675386945636,0.10424546947327021
90.277,0.012398101358948378,0.002776417870665025,0.00015004394742769986,0.0021847830766114043,-0.0007147327779030941,0.0006066499455247125,8.929324745907314e-05,0.014567053569367772,0.016400034503154182,0.020495694592676566,0.0004655240778218216,0.0,0.005030173750336859,0.007137666512929962,0.011001783459400956,-0.0012362281899137297,0.0034318636692906245,0.005534022883472727,0.005006042123744157,-0.0006282676808397684,0.0026044614191393233,0.0023795023171210663,0.012037946618057696,0.029874555083934905,0.1392668990160049,0.03619575964903504,0.04145173910575563
90.779,0.018118630235124503,-5.675567599356624e-05,0.004166468769779862,0.003040244966379014,-0.029176757526489815,0.0009737202104616697,0.003145437838004695,0.015715611203347947,0.010117037755905948,0.049048283470234245,0.0028083932165149494,0.0,0.00032782953448525995,0.006283137659980228,0.013303100143992126,0.007022591412262997,0.006272254707892529,0.004762100645459815,0.00527573886179411,0.004653359014724073,0.0021353385437674066,-0.004255748748690838,0.015087439566698163,0.028845573035248387,-0.14987241726995895,0.06180166068959329,0.08537594103126078
91.278,0.014689455366993715,0.00020908026444958332,0.004467213339058603,0.002293563965104298,0.013637160178426215,9.046661228534459e-05,0.0027067813317517083,0.02537531206067033,0.019672530042736565,0.05571736973524372,0.0001295517462128066,0.0,0.007697824787174422,0.004832738035336443,0.014721676607691997,0.0022731845655574166,0.006691874811546345,0.00165672820292543,-0.00040990087625329143,0.022493933403354285,0.0006430569558805387,-0.0026300353012794586,0.009979951466438309,0.031474574268466546,-0.7016909131730502,0.121167169809612,0.07280973406065806
91.788,0.02264551449604163,0.004679697431186244,0.010100219759803505,0.0039417175476332104,0.022118505181883363,0.0037685215425280433,0.015369254271630852,0.03315054591559792,0.008327109599691759,0.04673616801635941,0.002019160103646833,0.0,0.014658372226430426,0.009266791723938688,0.01654658302452617,0.011161061360192893,0.003324092592929275,0.0009596393495126224,0.008266241476108192,0.01566609340932683,0.007514361315628911,0.032535077662068215,0.045944767261549564,0.03865022518060218,0.9020336799507034,0.10752919194306385,0.039161471888617676
92.277,0.013515543011741446,0.0036755346872659567,0.0045242349503461406,0.0052122992224649806,-0.02013273826749366,0.001581862362680608,0.00979665355257832,0.02387847668660772,0.003254559339605728,0.05661648784850713,0.0020864476446232037,0.0,0.005394916971249582,0.008850731802598455,0.01692412653510659,0.016606767242360407,0.0143512942247303,6.0915183283953175e-06,0.004321425502927894,0.022470010355819157,0.005956060343474941,0.013969353322184557,0.022009121036274837,0.016654469207576763,1.2340979679911666,0.09153509167910437,0.05099403518343191
92.788,0.015335617034387421,0.00322716272545263,0.0005659052472486156,0.002387639668856056,0.01284050970170858,0.001116500116524573,0.0063541862002731665,0.02412807731675555,0.004432505794244608,0.006141056974544482,0.001301879129640912,0.0,-0.008289268739686297,0.00865674363597655,0.014395480959878457,0.010093202958777968,0.006001477976959019,-2.1929519416069417e-05,0.0019390808641217877,0.018090995694013897,-0.000266075669784686,0.030471829297420178,0.00034946324376760685,-0.00327969397866139,0.1787081423168896,0.08991374067675377,0.007441099766278196
93.278,0.017822075161464012,6.410545388314848e-05,0.006303089969879665,0.0019715113507363176,0.0017365616707321083,0.0014312544709151928,0.01645319994970885,0.0098486176404657,-0.0030090464362336044,-0.005063052175902481,-0.0006308699233656507,0.0,0.00969247402225857,0.0002803800029689181,0.0114156308678606,0.007023749241462749,0.008923658821257436,0.0043603560890846755,0.0018622311586320483,0.010677157442562134,0.0017466644595758745,0.004143314139122889,0.038753607282886564,0.010071925438362246,0.893245104011791,0.07157529680896632,-0.030421833816083717
93.778,0.01924120089357215,0.005600695412706563,0.008248982719516343,0.0011596275693534458,0.029922992934146013,0.0009400150734129444,0.012208361096129121,-0.005904283263469373,0.007309615925302481,-0.027589287773564248,-2.3653397136461424e-05,0.0,0.004036943842042304,0.0009718679824750578,0.005547636908111864,0.001424260719868163,0.006550572461201798,0.012868265441690984,0.0003200390675631717,0.027401547766681782,-0.0006544500474328686,0.040746762111085445,0.015070912525930048,0.010020236313717023,0.3857139124735793,-0.03981125623481934,0.0005499457859538425
94.279,0.028232599070989003,0.005498587232147628,0.004324819136411811,0.005303722205814114,0.14235893588837856,0.0035255454033941993,0.013593765492688812,0.005068265428010497,0.011423503796283306,-0.0008377809309338983,0.0009989516655599065,0.0,0.010657265973646112,0.010468242732330576,0.011494425147814258,0.004633222404403603,0.013528338189459256,0.006762994153629267,0.010490494970330328,0.036029419719764026,0.001925665827558229,0.023683539431495697,0.006835153517169897,0.029088120402409632,0.6991806217700601,0.09993686626723311,-0.001493823821412104
94.776,0.02307528922776505,0.0007024504951017885,0.0036504317372572296,0.0012342535125550733,0.11203058665374462,-0.00017610050088140447,0.012245848883624014,0.012294131648102103,0.010345521726321492,0.00032580369536316115,5.295317953715026e-05,0.0,0.004854257162077829,-0.004340754819546722,0.010508668571187289,0.004278700192738405,0.010196257434912646,0.00868841974288233,0.0018333538014085901,0.0299494956860806,0.003053676973374363,0.03748756086441922,0.008468779808827839,0.05285459721023429,0.9191866860396833,-0.03304693679299007,0.04377030011907171
95.277,0.029951554168061577,0.003392327626756709,0.008304442132305658,0.0039623561137200865,0.15967158410212623,0.001605018821749716,0.009977576739619342,0.014255136681336381,0.011460136337463664,0.012665889799455213,0.0030064618283106494,0.0,0.008966371178472092,0.0038129664197133458,0.011224286982564042,0.00965123996491173,0.009164897350710188,0.005120812325182903,0.004197690774771966,0.0026447781335395743,0.0044701499196437185,0.046474992408711696,0.03581316016737647,0.01658128078524513,0.9156391152785903,0.04773736245052663,0.03422045664523724
95.779,0.025683812500498112,0.002336644076157868,0.0014729270969986252,0.00386010139584482,0.05631046819167782,0.00021558980133835223,0.009832507317566625,7.849107055570344e-05,0.01236278446493699,0.040539183083684704,0.0019866275578129472,0.0,0.013771339564520618,-0.0005296146104921048,0.01329124408204484,0.004008679506797465,0.011784889280609943,0.013066974864352463,0.0025592276237841804,-0.0005942293932753057,0.002300567244938615,-0.0002729429837276777,0.02920458286710897,0.006821622150698385,1.4603179097590056,0.100717844674186,0.05382766101934181
96.277,0.019713128714223354,-0.00011282847516773872,0.0028898563359515935,-0.002314432460920226,0.036669607207459584,-0.0005489857704973692,0.008212998034203757,0.016007761734347967,0.0016641690236228273,0.007730981404236183,-0.0011167467018871296,0.0,-0.001889457533615668,0.005987398763635295,0.01432310878141836,-0.0023320851006057874,-0.0017188970667361251,-0.0038917245142728123,1.6329311173998653e-05,0.008974424032728336,0.002599875525503586,0.03719364000554112,0.009698878135112094,0.004967235061589235,0.5766709449623253,0.0015643374168913813,0.04608012317420069
96.777,0.02516845618276932,0.006373520653831893,0.013101457371828747,0.0037341594323107765,0.06954913536417635,0.0027585332665920823,0.012865860923427359,0.023607386390986643,0.00686123361140691,0.04240441203140143,0.0036461939056298344,0.0,0.0012541582373380776,0.011221878729026928,0.006921532640260628,0.015019077932803123,-0.002087452185184768,0.007477348652527609,0.004858240881712413,0.0134812896100114,0.008159455892083072,0.024944823802524024,0.04418706968295563,0.028037428974872634,1.6990243728060233,0.08918355501817511,0.05299071879308969
97.295,0.01236530293161367,-0.0002810499549607726,0.005818132403503242,0.0043449673929322795,0.07013349572596739,0.0014116090917552988,0.011664338879095576,0.0004923008158923967,-0.001700900127336066,0.07157420747182258,0.0027245272056983278,0.0,0.009453039681170991,0.00494048300337066,0.008591076218182704,8.921385313224225e-05,0.006190224371555778,0.007728782800314525,0.003153841924770386,0.018386285758727028,0.0009039799892618803,0.038494309120680394,0.021658972448106377,0.030458870208103547,0.5202089422936713,0.115255936567869,0.0479888740313153
97.784,0.009493890541864105,0.003811525568861929,0.0071545495115765325,0.0036032008516806158,0.06284123355875,0.001213680078372121,0.007647758546311728,0.0206463806385693,0.01064540469345867,0.07268778915001764,0.002687439957856099,0.0,-0.0031679216487755335,0.0048940792908443755,0.015067190656117639,0.005133491186089521,0.006927790008550631,0.0012923575554867482,0.005339558552760561,0.02136397147366873,0.006189415583976437,0.042872380491792046,0.01949509807114572,0.006801473316795333,1.2833589355057595,0.0917268410165332,0.09902425874523392
98.286,0.0009777465377777033,0.004368174164269852,0.0025697967124808587,-0.0001602131848575228,0.05388453756434788,0.001820289164192428,0.010020021433341974,0.008161689784772531,0.0028049230898925036,0.03506531529842789,0.0024407908448028596,0.0,0.004468908913154292,0.0028901990775732035,-0.0002705161388922619,-0.0002563549930248035,0.0020139259732786722,0.004271762687621497,0.0008841060758411963,0.02147982741560158,-0.0024063192988290276,0.0002250948518797956,0.016681878988666573,0.015599225224398586,0.5551805030002113,0.08537353612714163,0.014371812295713776
98.786,-0.0016823112250759125,0.003377465722261335,0.0071601138275343154,0.0014654162775893226,0.05095296765155726,0.0014055580969275568,0.0069836042249317495,0.016694090333678625,0.012357865414494724,0.08385350923654467,0.001729736432242381,0.0,0.007878525731728276,0.0011322222436869712,0.01120583863788607,0.006914052958591909,-0.0010392636327247993,0.004654466149354496,0.0019472561002848961,0.022829460730620088,0.005446662432912413,0.02006989994305199,0.014307616912669114,4.19541114702458e-05,0.3252981510075203,0.09839074632537215,0.09240191591297353
99.278,0.006433376365256441,0.002717595616684833,0.013703378202031085,0.005198676950878399,0.06366770310770083,0.0017163684683742192,0.011600173256464955,0.020715789092686846,0.027285490723878175,0.08666917797157057,0.002739203929365965,0.0,0.008697045904635844,0.013667989538601797,0.011725448996139169,0.00407723446058898,0.0024848906276695158,0.0075880677038968345,0.0031902989552570864,0.034555571938646175,0.0017290595270619841,0.05860954853959092,0.02594875139456503,-0.00010788200092324544,0.4677270527880796,0.15102298971444392,0.0892560384340597
99.794,0.006647209898345178,0.00416088348516037,0.0008227657481418355,0.004699292857660114,0.14432867835624275,0.0031066329012257895,0.014640156053389091,0.025950910651912816,-0.007683961610526915,0.08052505288522771,0.0024809401777197444,0.0,0.008410730006998223,0.021443787042919493,0.018511705762375347,0.0024320143750703356,0.007311077201697073,0.000341127435590347,0.004555763568422669,0.012244473476858399,0.0025370833789533196,0.004820803895389035,0.005294424894664497,0.027115609532883615,2.524352571916207,0.1405590611350837,0.08204770927017155
100.278,0.003381264847944901,0.0050750012468455995,0.002786694283903576,0.005603589683664712,0.1614373353412741,0.001514369645359401,0.007536938610730554,0.01784254057664177,0.012651805052939254,0.06614693826470756,0.0028835348974827037,0.0,0.006085265400230953,0.004751437702906359,0.014740825437821709,0.00861870292500491,-8.774766775970244e-05,0.010168963890543838,0.0034933849054089024,0.023798789026716796,0.00933177040677005,0.018792607553966546,0.02219210471142084,0.03555193062982656,-0.7323644693095338,0.1069806633350845,0.05034576717889449
100.798,0.006526557387965584,0.005357255385523607,0.011848742930903582,0.008913702088401901,0.12732940363943018,0.0024292179136611186,0.016419794105487787,0.01339998771234969,0.024466290535349284,0.1359807049998903,0.0011155278708972912,0.0,0.02352025489118086,0.013962143137860088,0.017885385069842236,0.006083193691914314,0.009739656414848816,0.009448627980372762,0.007412444563237474,0.03721746087094723,0.00580555681103906,0.061890988319361254,0.013760226885131024,0.034703092932102234,2.590800592992519,0.07894335443024851,0.16938490633185269
101.278,1.6904642471107158e-05,0.003156347747826359,0.010638135932190113,0.005673622317802661,0.0782434856592309,0.002897195203960462,0.013962983743554166,0.004508628514893963,0.012179427007593661,0.13028604484559372,0.003968000784005533,0.0,0.01433838512205476,0.01124362616542845,0.0100117859825452,0.011022415341353347,0.014924389602258904,0.002155224640836138,0.0015291518634816391,0.016281521855131657,0.0026656847955021184,0.056861658561894984,0.008039956060589607,0.011082604194323697,1.2151298998040403,0.14597048626180953,0.10059812022292611
101.788,0.003241294392340425,-0.0008605205704064006,-0.0008033369967662654,0.004359558176230894,0.1406047929564705,0.002037129302323068,0.010703688788659798,0.01462982546393031,0.0013542462682008339,0.10594497999133866,0.004156410511618883,0.0,0.012134809081076994,0.0030612471027666164,0.008368012461908002,0.0015046469541966784,0.012208202441294174,0.008328060340042026,0.007837709428750764,-8.2892118604371e-05,0.00508832945836371,0.018422946018547492,0.017954877226793443,0.030354122072219502,1.6458184173969268,0.15103524172787336,0.13571463559261154
102.276,0.004290504924037982,0.0015126546493710678,0.00031240883207574806,0.0028613478948450047,0.08035635540788512,0.0015549169197006652,0.01094889632393615,-0.0035883655868488417,0.00875761044331725,0.09567808427435234,0.002196468226300343,0.0,-0.0010317926545081366,0.0014427593473343846,0.01334822546772506,0.01142555506243899,0.005560466779126104,0.003304475398423998,0.0022333881560685845,0.002707937862395052,0.004215982081671684,0.006921108877489566,0.02177973418159505,-0.003662521892907965,1.713091011284954,0.1748097334898868,0.11034883772117801
102.789,0.008980047451978208,0.0001798238481664883,-0.0011593401066533906,6.23051274445803e-05,0.05934020625320681,0.0008029357117235827,0.01172512308101201,0.026275167508431427,0.0031818090475059634,0.06828586367564683,0.0012294603066583382,0.0,0.006275522808164385,-0.00020521442958171574,0.008848459323525156,-0.0018524267113266344,0.010825117858632853,-0.0012607310223709924,0.0020561664571126905,-0.020426195921686256,0.0020755891341869884,0.028381946936250523,0.025180682388218873,-0.016665033217146775,1.5046382511022665,0.13395447573986724,0.07625744261892095
103.277,0.009832275094398777,-0.0003228004458149267,0.0018786420849896126,0.0015130968656040962,0.09073205378062485,-0.0003437989609807554,0.01273691661311078,0.017927937621332875,0.00036285292548489563,0.11158483965396931,0.00173295117632992,0.0,0.012471584422028883,0.0031749735715044824,-0.0004596532440179408,0.009477688267529438,0.005100723767475104,0.00035015401176700657,-0.00013480534581936665,0.02931823909684146,0.00044146463899265585,0.022123766425953716,0.01759062891352871,-0.0074019082676590854,2.3023151208972017,0.13883706439883506,0.12154482122026064
103.788,0.010876402294241267,0.0023117015186787777,-0.005837819196098097,-0.0003182242079554409,0.044070147324532634,0.0015197527467552107,0.014621248716043735,0.013527884894181486,0.00905767347213933,0.15660241415988818,0.0017815495835553647,0.0,0.0029003892418261582,-0.0010268127931987387,0.00820195700453666,-0.00022940705091164563,0.00048257678352026757,0.004094224644486044,0.00042403719279468,0.00430402548092212,-0.0022195129886987625,-0.00032883888050078375,5.828733034532228e-05,0.007184724138450743,1.6884007637849632,0.2556167439132952,0.12648848882865107
104.277,0.005537845318301532,0.0025987071225284705,0.007064362593267843,0.004704791447582248,0.06571274279194061,0.000602832022671883,0.009660400157717403,-0.012256429789788416,0.012272556233037182,0.08667607159251856,-3.5143435956550334e-07,0.0,0.006223875709124575,0.010616599693391515,-0.004005079567371622,0.005176103180676208,0.00783396072264025,0.012066503951013557,0.0063278916169294125,0.046469395485519795,0.0035813495405611104,0.04180239612650369,0.008371258296502794,0.049097720957929185,-0.4444125200963106,0.19635670258493648,0.04082166304260805
104.778,0.0017721689785392771,0.0021204987734655986,0.008989494022453137,0.002584117498205629,0.0288112283970386,0.00011136688626292583,0.008462534737836364,-0.00028257672590070547,0.016305157866891847,0.1579687039559785,-0.0002771089869423412,0.0,0.01534980981159694,0.003661263582195379,-0.0073496826477334075,0.0017343058878628963,0.0015420494015198729,0.01880485049489804,0.006934722076178681,0.038049252399381124,0.0004870730141911972,0.05214479933090735,-0.010946885556307224,0.0410261696267338,2.2699176340453646,0.17286969687024814,0.12495318090442016
105.289,0.02267499887524724,0.00862558444364489,0.01466717652365232,0.010561965373455297,0.0375330826361837,0.00510403784675206,0.012501083808103598,0.010595547673677205,0.023083863258445744,0.1719556262490178,0.006023106944010107,0.0,0.01136860137040727,0.011554138096020551,0.0001608860305847763,0.009940062091666889,0.020522044356441685,0.023002635789775815,0.012386310313610361,0.05119503364561045,0.005714744771406124,0.06459890786318924,0.023719286170834273,0.08016278502494543,2.1454900019413086,0.248003211344336,0.1587448332392381
105.777,0.010649967917013019,0.006604531088525968,0.0020439728671603637,0.010501449221082234,0.03079767128247439,0.002618642445992817,0.011364219919976593,0.0053949832513293505,0.0061304347557892686,0.1683692223889376,0.0058425797294269196,0.0,0.005020744284492158,0.011091263755688346,0.013167910431135545,0.0057846413385776434,0.0132523910484468,0.012417100191037648,0.013705135600058111,0.03704207415946855,0.005082900621247385,0.019786692095945815,-0.007945566531353716,0.018550631931829875,1.3836990075039617,0.13901212558101614,0.17873952739425694
106.279,0.012485916321793713,0.0045309645327312525,0.0005575484903719235,0.007520028007419898,0.04812066501340593,0.0038275693444933005,0.007737212778253384,0.0020970795739553853,0.00967739172060895,0.16605268411301577,0.005319281952451395,0.0,0.007076463449872908,0.011411754080672236,0.015274771256842063,0.006855696670570542,0.011326543397656774,0.011821458614516117,0.008987433299272991,0.011782126840417335,0.003027048845528898,-0.0015218190460568215,0.011205926442726692,0.013121263416309382,2.1537644788202854,0.1741523033123079,0.19320032725625202
106.779,0.015333207387195102,0.004111810361127081,0.005246155057381255,0.005440650979505921,0.04840113463218008,0.0028138299971397595,0.013242136482737404,0.01846355105783098,0.025151296016563914,0.15005495370041452,0.005190752756222008,0.0,0.01169379221978231,0.011110599648079908,0.008099742179918492,0.002075707076438993,0.01122345859017368,0.01030517148287285,0.0068028855075941315,0.04275642555457776,0.0028639667477533526,0.022565916323567334,-0.0072576256001918625,0.06835202674121708,1.0565237013447542,0.22910050924785805,0.11753635512097414
107.277,0.012179820895209095,0.0045268306893074765,-0.0008261281850738646,0.006056521163457891,0.04245251176747943,0.005065658827246914,0.012768071859359756,0.009779448175222166,0.0011222607821760322,0.17934617572714004,0.004368070941448292,0.0,0.0017639234893260319,0.012835839971143183,0.01714655943358865,0.006068798240959814,0.008465403887825665,0.010941838713419997,0.004906903265926935,-0.0069216538935870184,0.0038272234840424457,-0.014237463967135789,0.027682331001664794,0.002273963011104306,0.5694000519556672,0.27309124857882533,0.12661695694236164
107.777,0.009869658341881766,0.004534059391604069,0.004144045589025207,0.003985518653774776,0.007368577526322886,0.002922300054338327,0.006655529712088874,0.00989365319659366,0.009381429746897443,0.1419163086714208,0.0029511944306379826,0.0,0.0025078720588719264,0.00576319130452247,0.013194090801668917,0.006964737892908698,0.011612014954723016,0.006171135802405969,0.0025957659532035776,0.015484688025107883,0.003364178504538924,0.05162266799434901,0.008916095880271214,0.033742922660288145,1.4767792463780502,0.24530924045728378,0.09371793008708394
108.287,0.006002580454201731,0.0034221928165904976,0.004679921495002446,0.004880696247583299,-0.014733662850663845,0.003423106353411184,0.009005580414714685,0.01384485472608485,-0.00043640051352109623,0.17555778008547934,0.0024034461663791783,0.0,0.0004012526989752537,0.009208676439106465,0.01921914524511323,0.010244530890482353,0.009823441289284088,0.00919947669237143,0.0016169410713708894,-0.002856816318269709,0.006064534945683243,0.005096301515571485,0.04868945538686191,0.021395225730900982,0.9072992877067816,0.22390284736016136,0.10632208486313392
108.778,0.005433782189363954,0.006310007570656635,0.01174510161688936,0.005562431226090607,-0.013270126928144388,0.001818869267053274,0.0033335071847282447,0.015457276809182855,0.00983351425153569,0.1202048608198892,0.004342402613651699,0.0,0.009574073983945126,0.0005644333681735863,0.012946077451448018,0.021766273319192293,0.006884912675312598,0.008410315148741132,0.007789259736568893,0.026567128842634725,0.003378257212054196,0.026239688507350922,0.02175767000164143,0.03638688672736561,1.1800796494858976,0.16133070333988048,0.12054255272407396
109.278,0.008142372541070541,0.009132956394757837,0.005997667332847479,0.008704420882237838,0.012182346764466384,0.003521990034672693,0.009394452712369817,0.005744412034759332,0.029899935512038855,0.1618882648374609,0.0042816046580020205,0.0,0.020991836113112644,0.011548088963816022,0.009895227519783402,0.013669498180301325,0.013205232361197089,0.01474623954929008,0.008542093354808074,0.039921145626914636,0.0044691218259918,0.03599973805873941,0.019825921305044313,0.004713120603270014,1.8699105442976511,0.20024671285238244,0.17732831486127193
109.777,0.006767785716185682,0.0025171964638569908,0.014753517406769046,0.011600370587571967,0.09084992516460068,0.0010797943615253273,0.0031857108298938715,0.0008703505725023434,0.020996100770036528,0.19603555103925785,0.0017663323761086622,0.0,0.017124206596420905,0.014804692624814984,0.01537847203986762,0.014232993071447065,0.017252302405566963,0.023097813228248127,0.012927878707676923,0.04586759233376172,0.004178578836198101,0.030265302294923718,0.02795388069327659,0.05261453197616896,0.8236706927144529,0.19615751237231258,0.21205255070502396
110.278,0.009154389296314154,0.0030625214468317954,0.012049073166565586,0.008709059985970956,0.024117864693147927,0.0024690380353850168,0.004072249911251174,0.016538477478400364,0.03039966575203946,0.19298991388302622,0.003482040255491073,0.0,0.027572940995019977,0.013910604858234308,0.012706311844156274,0.0024865100626286544,0.004508255811453956,0.017174029928483808,0.010954680296777007,0.03342800711327556,0.006635050680166883,0.04758918927196887,0.029389277154750187,0.05364469693121483,0.9593570862674702,0.22486090271765982,0.19092537185316982
110.777,0.009449514241672828,0.0037392528241608556,0.02015022343542444,0.006424123127068363,0.011227649386894203,0.003200349670894232,7.356957025998576e-05,0.023740597483993243,0.019690131103417947,0.18162858860407485,0.0006826762866226383,0.0,0.01889933341707573,0.015313399240763739,0.006521932038499417,0.0073054749015666765,0.010991177489985923,0.0116682777834013,0.005810781710377717,0.04262198938627062,0.0057950429668241436,0.05602105411925269,0.048020135178749083,0.027685212222311,1.4775799708949404,0.24636998851176908,0.19608084218774052
111.278,0.008902836237644953,0.004383417444821299,0.014713733941000744,0.00568406287134967,0.03707366950012817,0.002751281988319963,0.006300489924036976,0.01699481788306361,0.028549880705330072,0.08912533270441489,0.002699254357710673,0.0,0.02701013328498498,0.004167074758084024,0.02020766254501041,0.0016068383599518055,0.015836020159968326,0.00875684881358066,0.005773287407869038,0.036756675276772253,0.0079580219211349,0.060076489578844,0.008885404929270958,0.007341328801070341,3.678194057844147,0.07278709986865643,0.12318199383796158
111.778,0.008995326459902319,0.0025691755800357455,0.013833778894265899,0.004203241574319227,0.03564389141179068,-0.00030626537278391903,0.006389577918213641,0.025277280907351166,0.022455097768044982,0.1461648331683501,0.0028983424372465254,0.0,0.006722861615996644,0.008578846932743875,0.01307844312188798,0.008238115082387795,0.01103233410965685,0.008823497699404345,0.0035983293685023865,0.0007080611935946388,0.0052598848146526295,0.07509271172174208,0.041106822622114174,0.03349918059970869,2.3853466536111148,0.15529819763222963,0.15689178001028695
112.279,0.011270691753788538,0.002171451950486022,0.004760889731587862,-0.000492477583105526,0.017972754626227997,0.0013714763496616054,0.0028658796487307796,0.009309382967276007,0.012574192374644506,0.14408937595812654,0.0029671937770167013,0.0,0.017862803327396426,0.006741685924720338,0.0054682309478120365,0.005725421072565417,-0.0014507140804261554,8.124704462978693e-06,-0.0033814152540379405,0.010894393414696071,0.007148122544489725,0.021438786124376108,0.007897897206809305,0.021605608660180093,2.641683915751926,0.14158193279694364,0.1375508932670666
112.778,0.019638982460774494,0.0028970962878064363,0.010507871615586742,0.0069259728196644,0.0313220494688106,0.0028898522591448684,0.0022322936831846085,0.026553185024240828,0.019909535507087937,0.13464188915422945,0.004611989410164116,0.0,0.022112468462769173,0.015927055243324342,0.012725360544953103,0.011050982493991914,0.008198050565867261,0.011078640241748965,0.006287279108064844,0.03976035417338132,0.004642411180405544,0.04223911117783339,0.0279245074238463,0.026464113370713888,2.885461193188007,0.164892136293885,0.16281319174425715
113.278,0.018635241245717558,0.002181358625328518,0.012975564402006617,0.002251357532925536,0.02779800530035098,0.002299111255681293,0.006013846228431478,0.012249049395499293,0.009556317656907795,0.09894396418250663,0.0022376972433419892,0.0,0.009786927213277992,0.006158264296643051,0.018496379895667416,0.009615526750954386,0.00760276234047794,0.002011773969066884,1.6111414356408277e-05,0.008766642410381893,0.003971263173255474,0.021792556308179157,0.027268555441340353,0.047559840272333696,4.144044761136093,0.23887480068980974,0.04067076388572754
113.779,0.016525092101421036,0.0035766014278781435,0.015181843052999204,0.0034586476561305193,0.032256695316018075,0.001094204202798203,0.0004076433383857819,-4.589354256458393e-06,0.028948383549499013,0.07783560952590877,0.0029780401902032875,0.0,0.011900323947937674,0.007820760374638337,0.004105891108038372,0.004955574562425161,0.012902089571380617,0.010198843783876295,0.0020746811654300326,0.044757202065580655,0.0028076626217860626,0.05353819626959629,0.019059201608492025,0.03762870071080621,5.447308076475562,0.0894607486517838,0.09864534485365833
114.284,0.00941278203596955,0.0044379753827792235,0.01720115983745651,0.0019370377937313727,0.03326134533189154,0.00026319140441974197,0.007210581408378189,0.011368326777428554,0.031207406066725254,0.0790284238114639,0.0011710685651558602,0.0,0.0198448015240324,0.0016928491518415328,0.0014556894468148336,0.004687906868313175,0.00971306142571459,0.008394234479012237,0.0001770514337861392,0.07082912895841653,0.0031348751925889167,0.06251283177556671,0.025899602274178386,0.04132554141312058,0.5182732997495682,0.11729606195336113,0.08912291535146583
114.784,0.008385973611631398,0.0024740737250492193,0.008131810957662793,0.004891514371221494,0.03040898438700299,0.0004305480103591563,0.005589429747144696,0.01276100325893941,0.02433901997900151,0.04552012204389325,0.002150327066093884,0.0,0.014457398304995239,0.012570403586420708,-0.000380632183552694,0.011681172229120615,0.004688362132217654,0.008357827991468468,0.004445452787475084,0.047200557098155994,0.004045268242171777,0.013497388829076066,0.02675193212930758,0.024396594538747787,3.068438118238299,-0.0015482408672738582,0.05851593115503639
115.287,0.0043358119043247255,-0.0002811615753741497,0.001940034653948523,0.004276366210375224,0.024692756042590105,-0.0007557743018758696,0.0002339151437881611,0.010037120351283058,0.00879515284017003,0.06842213770364132,-0.0018538377845356607,0.0,0.00908599899355574,0.0029203069060249214,0.006247878569934137,0.01568666457199663,0.004038517381031414,0.00890112584993812,0.003945887473527984,0.020782446623308002,-0.0013539535486853092,0.03479713352252262,0.023232225272629917,0.01846693817492732,2.5472916448149627,0.18716431211168028,0.07919082302807959
115.777,0.003571987355861771,0.004374582281240794,0.0061927421101541005,0.008077522370176567,0.0415989994794781,0.0029414650415940055,0.0032411096329831436,0.019567776343900865,0.014518366707527375,0.10058511163793356,0.005593074040307243,0.0,0.025777815358083545,0.004989738744224667,0.018224412360474455,0.013241249072790942,0.017449038322471844,0.012860756496133248,0.005164951402834488,0.011508804580213495,0.008859783232571344,0.008838537235030454,0.04369030714056205,0.020025082862749916,2.98377559015736,0.18421027426507527,0.115924519184379
116.297,0.00987957514551357,0.005448442460952996,0.02555946011181785,0.012071294818704064,0.018631144247735557,0.004196889443083996,0.0037608557678439486,0.015946447618248753,0.03536210537912655,0.1237078907067429,0.003815116945389256,0.0,0.029396277050184116,0.008103451855032728,0.013210211071925848,0.016546036430089704,0.013466913895064435,0.02188693515639609,0.013294663309004279,0.03949418911211221,0.013243920508587805,0.10001396741194962,0.04515978113488225,0.03374964114962608,3.8528417039221026,0.20653814074626226,0.13444671306058728
116.778,0.007668499126647685,-0.001398307435284255,0.002226650066856946,0.00015114940192736983,0.009987462275612648,-0.0003289818450970035,0.0028663986761516586,0.017495950895195067,-0.0064567336500648866,0.06705421546840801,0.00026474536761799034,0.0,0.012643709589653001,-0.0009937860885403241,0.017344769313895836,0.00626568374455635,0.003878533239883911,-0.003482940282109067,-0.0023413741999152617,-0.004808522543160196,-0.0016372382323201643,-0.004512760114958136,0.027145667804393814,0.02523960129717991,2.4309537277135527,0.12581116258357702,0.0897478235784435
117.277,0.010665099080253503,0.0035175506800145906,0.012786192603574728,0.003351438807292385,0.019237464952872645,0.003136947610656418,0.0007956873402880979,0.026373403863521907,0.011702425668239438,0.035455387448669044,0.0040731846652797546,0.0,0.017107683425587144,0.006153367779910752,0.014145956136138046,0.00690919126651924,0.00848470827468742,0.006078774060123166,0.002587354174481404,0.018378383256067287,0.0074828483703661,0.015078832377945453,0.04887999232393147,0.031245462642789747,4.498480638818848,0.07758765496042673,0.049845941771454995
117.787,0.008319192324720335,0.0024450541055892738,0.005228448398696742,0.006065570441918893,0.007203457265136896,0.0023858055044849663,0.006965691402184527,0.0271881730619007,0.00873531559781702,0.07598865788729274,0.0009810602752495514,0.0,0.012348690066591166,0.01634936783714836,0.022034111812692582,0.009693046336681471,0.006376413589462226,0.007364981441233303,0.0018823527661651555,0.002281991213888192,0.006588384090147288,0.01535036511867569,0.03458583112920716,0.03824689198659276,5.665114852073358,0.22157585956242853,0.024588773366565685
118.277,0.005160940973147657,-0.0002180317648927742,0.0029310863335646055,0.004992290405373809,0.007680342428743293,0.0012437532159637126,0.0036921097091029108,0.012749349664828059,0.02081945612359301,0.0918601452414913,0.0011909416631900114,0.0,0.01821726560116055,0.008603258197917248,0.012268456144669893,0.0015858054877430595,0.005953700920336331,0.009634469414173891,0.005350021149288261,0.020873206292975507,0.005274879333703765,0.016381605190641173,0.012179466177010852,0.04184615392657597,0.016858320759333727,0.17926812985216647,0.07700176665153646
118.778,0.004451545161061108,0.001418395949546194,0.005494806657804105,0.0065485847497684,-0.00952287333289575,0.0015569260293648898,0.003259953212385318,0.02087006313084803,0.025422925401341695,0.10705972573405421,0.0020545437940820543,0.0,0.007004530045014302,0.007510251873386294,0.008820709571968054,0.0005285799435883293,0.005447268330539818,0.010194946544940879,0.014537241808055207,0.038057136911155344,0.0071947474323841186,0.007920683941546242,0.015531409763701874,0.06475562245552975,7.792983555317153,0.17420011135605645,0.09881451397771421
119.278,0.00026692137779586825,0.002142055318611761,0.0003097621130723908,0.0032556831693541523,0.03751493760964139,0.002140581550010113,-0.0020159758353333625,0.017302222846017627,0.011604959109604362,0.07430348089365647,0.001407448262658167,0.0,0.015994778854306398,0.011268402421937192,0.004284833227999008,0.005385453242611772,0.001599970730200784,0.00020014436632210066,0.005103034370785801,0.023841407962987213,0.002611554926578069,0.01203516916043639,0.01227631326882948,0.028372312835545248,7.504011821010818,0.1874547197501984,0.050066726076449596
119.788,0.008637902760738753,0.0022304533490148,0.0013287515439037955,0.005845019141957102,0.02686344382109852,0.0005623404295689376,0.006181293947764895,0.015635479002561868,0.014475485820535624,0.067716165581326,0.004213555849533068,0.0,0.013519271686697112,0.010146132957106715,0.003349049881907029,0.003821016300579482,0.004960426348036612,0.012011191769367003,0.007636313279983437,0.041565642712795704,0.0006024347089150424,-0.0008884733338927481,0.0017329152027108353,0.07043120990654926,5.161516417840208,0.1349719433059323,0.010218879220096674
120.277,0.0084064063657011,0.002939063052586568,0.0015807739032029132,0.0043734368909238135,0.044879563141963966,0.0002855742910602378,-0.003732648645098541,0.011599974720148669,0.024947003231299666,0.046984311859513496,0.0006071492512426972,0.0,0.013741888717007043,0.013073456875604456,0.00606298676723948,0.0033448141402505622,0.0035653091068636573,0.00998089384258441,0.0057963891744089256,0.021098792180884597,0.0065385527526771224,0.023880183368726455,0.01647038213233669,0.010868003016544076,6.503977026415538,0.03823994101877695,0.12174021782824995
120.788,0.008978318206272555,0.0011929939855446887,0.0030603183258075843,0.004305931564464947,0.014373410465645607,0.0021251232835695546,0.004416438082670428,0.006809844515903,0.01934297005971826,0.0451173686238151,0.004680549193094292,0.0,0.015165483365340625,0.010585860794862902,0.004755339365036024,0.006308054396062331,0.009096479461062117,0.006122161670890133,0.0026819325848415946,0.03269304511547146,0.0024847383358397993,0.0601362664283158,0.004532421896827913,0.05898411440010925,7.586873634237301,0.1670271190574182,0.05873934976647345
121.279,-0.0009108341668291872,0.0015591875423336878,0.0008423759525573023,0.002290222078945186,-0.015296628976083283,0.000514377824235395,-0.0009562210471106193,0.002909338946697314,0.00919848380164877,0.08154388034012797,0.0014532199069643194,0.0,0.007469602418693947,0.006807095571797194,-0.0025912162596591574,0.002604918590304214,0.0011398309066213768,0.008848628548328947,0.00796108328023518,0.0167255948409342,0.0031265055335416244,0.023609464135860014,0.0006613206351461974,0.02352365575748344,1.7318265412082021,0.19135805852237414,0.0782582703702942
121.779,0.0006492555831872477,0.0008096959053645383,-0.001998259235953843,0.0012269013251187725,0.07379190823494501,0.0002558480721799749,0.0022830929661660708,-0.009023806336527624,0.0012403935758345485,0.07544946978383005,-0.00015136541823629747,0.0,0.0145298296751474,0.0005248765163918587,0.009482443784253261,0.0035717097801163736,-0.002875614204980109,0.01608326519241753,0.0034991267333425685,0.028888458247625357,0.003874563588030204,0.019242066890812752,-0.014898700509493844,0.02217807758809083,3.9316538607082245,0.15640583538337455,0.12314306038739456
122.278,0.006693692482793104,0.002353003035223002,0.004737195497959058,0.0028989114547174717,0.07773512314539777,0.0013169502531498775,0.0001785947149743408,0.016669497541570114,0.0010747098528410882,0.1604262094352012,0.0014445270150356074,0.0,-0.0012744673749150726,0.00916300524880419,0.006793931437366269,0.0006649630045780124,0.0005115432637233843,0.01376982628609467,0.008761086510723657,0.02972414078534249,0.003823797699427825,0.02049274882267323,0.017219565300369596,-0.016075875028324103,2.205892496424632,0.1934767473460065,0.14684238652436601
122.777,0.0030914618959967002,0.0013053977377694354,0.008301453833490001,0.000815638871477341,0.08777502056458802,5.150004689432938e-05,0.004087653050966106,0.009523612017591275,0.005813206854928946,0.15381079257489289,0.0038400748023491344,0.0,-0.0022159415681959277,0.0029880007425196285,0.005621815332876793,0.00011519677168537756,0.001607401565311171,0.007942839646055548,0.005492681089545571,0.007042213321332993,0.004027962122611947,0.03131611535699819,0.02089149021845532,0.023417320079834138,6.723224001767758,0.22828907539958956,0.15853878806532196
123.278,0.001904053653205675,0.0013270501177495742,0.004872341072941326,-0.0031229541092747722,0.11191478698403365,0.0014902261744148993,0.0035236672708404073,0.014654883846399812,-0.007657930581498655,0.13915548817879553,0.003115001753948573,0.0,0.004556983251729755,0.0027870412071706783,0.0071193399424692595,0.003026473153876489,-0.0014783248686925901,-0.002710871631936317,-0.0009004081596350658,-0.0016611434481086005,0.001605111579803038,0.0192912896067409,0.03794436964117865,-0.00685449230658,3.505136269370671,0.22757416411702952,0.0810873673550164
123.778,0.015845001566257733,0.00029639089667100443,0.007863689032659623,6.730755461334318e-05,0.09756245630677726,0.0003320712502768614,0.008549994251928813,0.010342976537074675,-0.0037168898793468806,0.1115055624612236,0.0012023931572189743,0.0,-0.00035040027638993086,-0.0019781453413531594,0.008919353949650669,0.005296725668218448,0.009367133675475639,-0.002250615224818643,0.0016073587502384915,0.010396094442609293,0.0002620488750562915,0.05271658190745354,0.02306398022286527,0.03053366875412588,7.042565912394995,0.26116866691358387,0.06467876666286815
124.287,0.011608713135149983,0.000444084160779433,0.0015729863838794828,0.0008990691513557469,0.0835577258075507,0.0010005305462663261,0.004418583818433101,0.014293246364801542,-0.003100050920089997,0.1306537308813494,0.0017253194082927875,0.0,0.015602934181010882,0.0055711787343415845,0.01249841907203793,0.007368400565960667,0.0026637589275757224,-0.004466092876263876,0.00010942556026896931,0.00816932012082033,0.006168207282714203,-0.005562666707143983,0.022983975615191856,0.014531203487778803,4.552713922613507,0.20834533883621603,0.09978185288528797
124.777,0.0060924356891433355,0.001882055364007291,0.003802683447845931,0.0010968465095797537,0.11949324499532205,0.001938351931877953,0.00044205839900176875,0.003230979985919566,0.0026114341777137996,0.05811376696734717,0.003185179492030955,0.0,0.00787022572169985,0.004285693403505753,0.0007570146754488693,-0.006395320716412731,0.00453962008575561,0.010386592576927355,0.0012340643327768143,0.02224160051889152,0.0008502319594332987,0.020006853306809156,0.01422899527719662,0.022170102308466267,6.739312322157499,0.15152724478720753,0.04263269406545902
125.278,0.008335881066463723,0.004620769706711094,0.005955396104502106,0.005935128866872294,0.08756305356280776,0.0015700425365246672,0.0021335241734252225,-0.00044013254340261775,0.007023591687019348,0.11592866772975703,0.004821963213648031,0.0,0.021315283504286846,0.0009422242557989462,0.00753938819003278,0.010727818053293836,0.004610805193567256,0.020058054328328856,0.008204862971509722,0.02873704152097797,0.005953102882874644,0.05193648120881202,0.011259217593950304,0.01898867288121001,8.066777793083634,0.21812945663522199,0.12238172616686659
125.788,0.01316299615795687,0.004683322040130188,0.0037423293435846073,0.005343159710192514,0.03900273005019695,0.001510909907667886,0.007243691096883061,0.012533439663889829,0.015110025547112407,0.06123161629460933,0.0007523117115150052,0.0,0.01886801491253921,0.013494703796506802,0.015578020582763504,0.010776804475380227,0.0036639516504743752,0.006429315632061051,0.002324681875617533,0.039558265743294435,0.005939249870980832,0.01399501368153365,0.0033461345218442446,0.039373296532788704,8.562923110726185,0.1707856125966976,0.03271842883953196
126.277,0.014107281453705444,0.00428919323376789,0.012074968692993838,0.004711450548841803,0.024379708314756384,0.0008957337003987123,0.00031331174754038694,0.006957839411725915,0.01675330896986694,0.10180509932396282,0.0008866517132246293,0.0,0.005546100687614517,0.00556306910196872,9.731200439963665e-05,0.014550431489101527,0.008421866213245897,0.009195278006045809,0.008449493852538471,0.034610507135845375,0.004798071491708664,0.03627077009684662,0.005411950801775558,0.026504137214378273,0.15397424954709518,0.06656279853450393,0.15506080783046808
126.778,0.006978792050772027,0.0032572209237958266,0.0009999754531395749,0.008759394437804142,0.06924823887201341,0.0011684545159975671,0.004726939377767678,0.003875500799066994,0.013056662227220921,0.0808285424988595,-0.0007910918843456725,0.0,0.011453675699314337,0.00535716437103203,0.009093342386565765,0.011528158299330033,0.01149637852682578,0.020256434331899362,0.009022415308366042,0.022349038078093672,0.0036309801337889008,0.009443430094759678,0.006159585379701682,0.032638813451282056,4.605325093588705,0.17916385502722346,0.06901670398827855
127.279,0.007828753075681582,0.000663289055426569,0.005528000139818047,0.007191524297029941,0.06003283623874564,3.4854084887303514e-05,0.0034081884538803013,0.00969372915941954,0.009706871668067229,0.10048752146533918,-0.00022639262558510722,0.0,0.008178894951990544,0.005158597962217185,0.0028590196381622366,0.020023261404391295,0.007078103146329475,0.010515604777283834,0.007043943596630626,0.011787761432209743,0.00828946752876263,0.021363929535966455,0.007813519147284766,0.034521533781694515,-0.20972390978884498,0.1835667982178523,0.09628126915323722
127.778,0.007569716856150941,0.004698479711894726,0.012679838118409602,0.005103739086645618,0.13795834959592942,0.0002333460596357746,0.002462555649597581,0.011527533680579027,0.014328673967320566,0.06864518338420868,0.00014173461121674442,0.0,0.0075001839142455696,0.005696514228137665,0.007557270573717874,0.009105524031971703,0.0020316815880547243,0.013193527370750675,0.009725859854135765,0.050120426051380174,0.001272972921631525,0.03210653879485407,0.009413657548544336,0.04097245021778059,8.72464772163802,0.120653214170687,0.06046921874120815
128.278,0.007264873028414471,0.0006709258936570595,0.010104373149727112,0.004882293640555679,0.10013492866709563,0.0019695702517604527,0.0015213965099040905,0.004393004199358777,0.009783418959590937,0.052402746259663804,0.004417757723031943,0.0,0.0045257721847503105,0.008060934813025148,0.007911395792536911,0.008904279366219426,0.0036279447638352226,0.009689463171775195,0.007624820661558995,0.02611361998665528,-0.0007486550189591958,0.048253256454629946,0.023138163012799723,0.000523397735930239,1.3849125037738685,0.02962088189892088,0.0518304448898195
128.778,0.0007101990399537413,-0.0015822841387543886,-0.0030044458421377065,-0.0014519210048806097,0.04725436174326189,-0.0009851418723387966,-0.0049783720208646225,0.014246495002988498,4.529262856362688e-05,0.02554565214063579,5.886432931406929e-05,0.0,0.010852429376351435,-0.0035604003069304216,-0.0069977120475382005,0.0021635460185411813,0.004925827496647888,0.007352464201256322,0.0002636756283762929,0.013947988201408294,0.002567791142189761,-0.026445518176298446,0.012340525458467633,0.026503125329125056,0.2708306223715444,0.023045043876057904,0.05808094545222387
129.277,0.011352992619815804,-0.0006534344692902376,-0.0002958072688521631,0.0026367390329664906,0.0773613401433285,0.0011868918678047337,0.001491251852978217,0.023033466383214758,0.015501523768718058,0.04449260623456311,0.005090154629072338,0.0,0.0022480693568419433,0.00733568690736216,0.00585771858817046,0.0013058369361989661,0.0047399503247578375,0.006054340280974313,0.0020834121983513564,0.004603536412387588,0.006320537869801356,0.018043286904037687,0.009446993280557448,0.03960722934754663,9.119371217273114,0.17207888966077065,0.020538305176530297
129.787,0.00012028823708610463,0.0016601591803044866,0.00212612309546548,-4.2665914668083006e-05,0.05696591733632504,-6.612984858833071e-05,0.005943022093621437,0.011588099432177906,0.01863547388692419,0.07277263886417192,-0.0002795823682476616,0.0,-0.008065521127983637,0.005268856192271409,0.016658845846862908,0.004553042604958423,0.003336921268043903,0.0027858766544483072,-0.0019926858044078243,0.018531386359817194,-0.0028974182999289104,0.01965728782020266,-0.008854572785663045,0.0213021983387534,7.356001801406874,0.08865918376800734,0.11703350943063653
130.28,-0.00047127646605361564,0.0023866339628023036,5.287204251659332e-07,0.001722163793364759,0.0896992084041972,0.002512186787915313,0.0036427548291865174,0.0030250141583242594,0.013923131128815533,0.007080677637917406,0.0020242773696453487,0.0,0.0015935782145475108,0.007224004388454066,0.006218225589154553,0.009440455425697436,-0.001600101804550338,0.009242556899109527,0.0014517639841566778,0.014903271078899693,0.005119966774434836,0.015203067503002063,-0.014777359903356883,0.007602111050393494,3.22728029987449,-0.03923272012879789,0.04143740166751172
130.789,0.002578160704339915,0.0033053076098201145,0.001612374220553149,1.6592300148818143e-05,0.08745136877518307,0.0022751332207224745,0.0032025723872731483,0.016564351517768035,0.0017124629977004827,0.03118871051878183,0.0045755915027422215,0.0,-0.003018754342920981,0.006612573582634199,0.014252276044019678,0.0037845907896076705,0.005185150231971469,0.0018532421054850427,0.0009897046199015289,0.015582314502862588,-0.0015676978184058165,0.006181927335502578,0.011146490273988407,0.02400121589593717,6.525173376927137,-0.012771425669352854,0.03306685763380468
131.285,-0.004585781494661526,0.005021102837569055,-2.114881700401505e-06,-0.0006800444248414524,0.03463516301688167,0.0013135201749791112,0.0033662001129584496,0.013491044713007785,0.0018280064723892114,-0.01838271714760345,0.005758549784394645,0.0,0.006051028792924248,-0.0011168759679464468,0.004219239663138836,-0.00010269577269039888,0.003034372833981293,0.00380509148343675,0.002497092629378263,-0.0013125410649998288,2.76248473680029e-05,0.031535202723555485,0.02934222982875552,0.003844635077978548,-2.180204175212687,-0.000757223300530138,-0.013674029620715074
131.785,0.00020392863182907864,0.007126807184857867,0.01394207421967759,0.003638116064436663,0.10100482731573335,0.0034734495404949812,0.005959842391430547,-0.00220682575046967,0.01321460430014761,0.01075405179784362,0.0036922566609179914,0.0,0.007539767037769208,0.008115995605843229,0.004597513219013323,0.00589723548423266,0.007437919195151286,0.01079273787427437,0.0020566309443189323,0.020050668637912647,0.0036596712629227523,0.06130859649899619,0.02433058356837618,0.015831687126178256,1.6177266151881888,0.023338094159528422,0.03297113824263434
132.278,0.004256699722233921,0.0051771058711647866,0.00786487327832292,0.005004224985641975,0.05641283133360935,0.0034543401482681492,0.002000068499465905,0.009262938170254871,0.010653395052096153,0.03579089491022107,0.0060358537429313335,0.0,0.002451397420372352,0.011419275184195313,0.005410601021919819,0.006318969436622828,0.00822291561509264,0.012801727009089185,0.006965436469415149,0.03287406235398182,0.009275561346014847,0.04443228666494027,0.001422237334056144,0.02214968165187603,10.569334053596423,0.1145516315189307,0.059142753746010565
132.794,0.008339682876798109,0.003894272558222873,0.008877763260755716,0.003447616455275112,0.06679286254091504,0.0019004594527903243,0.00444934735606747,0.016813456470587403,0.0031467893143136572,0.01732231418397738,0.004987399569068196,0.0,0.010071092005159456,0.012301845425231604,0.016602343673697458,0.0013291880057428667,0.00014426622880812776,0.0063520510891752644,0.006115516265005417,0.027694440047886883,0.004768407573065697,0.034367344390341774,0.003354995833081344,0.03167342100873084,0.11473633983725069,0.00026504822525470306,0.05737489215375228
133.277,0.012466055224129514,0.005717724362851069,0.01381161907355798,0.009732406000053612,0.047975860595720794,0.004161289709669964,0.0025565554281849114,0.010467646931948927,0.015510736352296637,0.06071791507719214,0.005437447199751583,0.0,0.02509220943125488,0.02007943300890063,0.006586040520301143,0.016160775711116796,0.009852333808180895,0.015250247870277017,0.010855777460613216,0.02781995390222179,0.008920808635737057,0.03056019685834343,0.030083898674859163,0.030606277536275293,6.391145579356231,0.06765241872651961,0.045703689082605234
133.786,0.007370588674792384,0.0022055818268172343,0.01872471967330452,0.008947290001850182,0.07555128797714969,0.0023947282443012546,0.006536757416914665,0.01459916186606321,0.009230848451806804,0.03748707269992687,0.0034254451664230533,0.0,0.01667887023322681,0.010529492203267885,0.014632675786467982,0.004337697777188062,0.014720519219495371,0.01628930111658118,0.014109318241276878,0.041447295552674554,0.008425635086478709,0.03821185425676035,0.03647137632621817,0.0051439410016140006,5.104378036039478,0.10741224306800565,0.04999409111848308
134.278,0.006864903613565459,0.005396755343560872,0.003310560631564893,0.004694374506127419,0.06720417271869708,0.0030513820928170475,0.004237796040811668,0.009266787597925024,0.022587090125066638,0.0636279605457511,0.0015068250321304036,0.0,0.014399451931890756,0.008708935682359253,0.011038328765518754,0.0024679515058182297,0.003344323056675717,0.010566692288766706,0.010141504243763621,0.021840640837039512,0.009729997423512993,0.005227729377931961,0.014012837316930905,0.024270250829100826,-2.788735175242335,0.1551443937271132,0.024793916655190408
134.779,0.000925612782034131,-0.000545537562001963,0.001925737700115507,0.0011598419089819542,0.06896811822979358,0.0014598242407415332,0.0010455613444378495,0.0025405586680254393,0.0027028897788735186,0.08626213279753199,0.003431231840695514,0.0,0.0037714118535958894,0.004171236237753043,0.0037568727103794693,2.5673943172631948e-05,0.0034664936905763537,0.006363300162697733,0.005479875842933406,7.009314670458904e-05,0.0016334156986076275,0.01767500787998396,0.015864282820810184,0.006357852367649552,5.943607801016505,0.15477200205311037,0.1169208281706338
135.278,0.008820059407669632,0.0042684419388017035,0.008374645562366528,0.0029940502828030803,-0.011151201599239978,0.002288489745075761,0.008871851643957391,0.015430370931952675,0.002059203076607605,0.09107847943313666,0.003431875218021685,0.0,0.004136674872011974,0.00037100625572688797,0.007599452592640579,0.00509964553689819,0.005939393066532644,0.011291721563975418,0.009027770385722535,0.013860206510153055,0.0047432392628568906,0.00040712907522100775,0.028694396835682222,0.015215057333193234,4.744293352735328,0.19095432770652515,0.046342843223569984
135.777,0.013027424730774785,0.0020224846690329677,0.009650197218152252,0.002564619673850539,0.0676606048114743,0.0022530109227900876,0.004699185605608921,0.02033519605283764,0.0036690692720412177,0.029830689658958638,0.005023521802842598,0.0,0.012780165122117954,0.01040376754165578,0.012320576162974469,-0.0001941887325723691,5.50231056807972e-05,0.0037587638361092483,0.0018460023055082004,0.029912934769169845,0.007341749326163221,0.03275681387896343,0.016648729401273363,0.03588983201472023,5.406844447649942,0.11107004360741815,0.04792516787808717
136.277,0.006705615396452653,0.00359425262503992,0.009506304541205893,0.003030247081041038,0.006157262107914498,0.002283139602439042,-0.0007566394881520939,0.00738529875225215,0.006974825123944891,0.08427571914970679,0.0018514920370799677,0.0,0.017238616015800217,0.005782829806730836,0.013667641355061783,0.0001701788700432323,0.005125902824268201,0.008632773310363263,0.0061295280918834145,0.019741138201158227,0.0051399556027716,0.04597569994721857,0.018594368454652913,0.026378976972247177,-1.1938776864162877,0.1805237299447352,0.04815551276793834
136.787,0.018229624290364916,0.0009384592191048101,0.00945179984746572,0.0020041593120502118,0.04865793894110145,0.002587470815059717,0.004381869698472654,0.004193620228292734,0.019204945522174728,0.11635975814945196,0.003688480180574321,0.0,0.0075400863084157865,0.0014680142577864366,0.013864635393776114,0.004178680823941113,0.005052944810695909,0.01142511320202518,0.0015090314599244797,0.007230362822248561,0.006728487949478331,0.03063250760831599,0.03811914958811377,0.01187100290442913,6.894164925064777,0.16456438302745802,0.08336423076927046
137.278,0.008195410868348693,0.0050420953770227055,0.01560581954991101,0.007637329474681718,0.028755433280130704,0.0010853750297236478,0.0048563433054970365,-0.009005720555634816,0.008178967020316537,-0.014799968016395595,0.000839659596128875,0.0,0.021982240892769265,0.0043057148741366845,0.008952636251040497,0.006280191872181712,0.022919317837162324,0.017397887723926246,0.008286934852079344,0.043209965385903104,0.0033149515850324413,0.04261628941483988,0.02267710616097889,0.06445578496699725,1.8781469457131037,0.010045228552750153,-0.002046684198220229
137.777,0.010036481485084972,0.006469268049480975,0.021383205832585073,0.0050723901113484,0.04891662055174804,0.002643562661019107,0.005362059779360255,0.0041647119406386735,0.018163634970634144,0.01801980888141801,0.0046854268185228115,0.0,0.011128104486758257,0.005487920925288988,-0.0008220583337307561,0.009331024110136213,0.01175151439349828,0.020139403888630232,0.00977229135585426,0.056299444979320705,0.004690312107223144,0.06503399066194358,0.019460500868989213,0.013061334572830572,5.991242785626463,-0.026541895016824545,0.09218761060000312
138.277,0.013120371087443192,0.00605268451328016,0.013856254956618285,0.006840317813478125,0.0006991878703210536,0.00416745657513526,0.0038580020764006325,0.00962737774081157,0.020960674089120845,-0.01626395994518846,0.006126289340955277,0.0,0.013802935708433557,0.006583645593938576,0.00545659557385966,0.01138930338376589,0.00673870125701257,0.015599827913304894,0.009945358538367498,0.026223674817355314,0.010221251133311772,0.06099144654932418,0.009660830603999759,0.038374240784118635,10.137759781061355,-0.015857948271335652,0.03037486787213317
138.786,0.0166190233004718,0.0076503620032874085,0.019660950144307375,0.006815600456791719,0.09947154631666921,0.004055375548555716,0.009448729469181676,0.019053217258112303,0.022346788455232813,0.04064189517704203,0.004531473820179538,0.0,0.008271697283702011,0.010455301003879501,0.011809018169820175,0.006168928063722075,0.0015386427712524805,0.016526450348779843,0.013110734115246913,0.028534453308196664,0.005232645161376183,0.041124894193978016,0.0312219934968298,0.016626657372101474,9.02781283991748,0.04058852377445729,0.08162083802545178
139.278,0.012045771866197761,0.00015373323434362946,0.011002990122796498,0.001993970776413877,0.07857935663947511,0.003564267635365686,0.006415118905302477,0.00822947783401948,0.005384639707705127,0.004753172484233127,0.0055545903033011055,0.0,0.019993180734464884,0.00586526132157852,0.0039820152852296925,0.005927945444570703,0.00434894327973567,-0.0005271204379407432,0.004325464311173493,0.007346912806309037,0.0069911019923551854,0.02007498152834787,0.039898705688436925,0.017849760141999474,13.653214372751236,0.10056380557693786,0.0007959327437522792
139.787,0.005727867143482915,0.005910492830372356,0.008346191296408217,0.00704892798472406,0.09887009035573932,0.002294748584443652,0.0036849833900076535,0.012876763153135124,0.015704759262599424,0.013789936994853676,0.004044000230445937,0.0,0.01312945210889887,0.012221614604328617,0.011061133285503934,0.0071697173796563774,-0.00014148798603647467,0.01626960290888997,0.01364643817633782,0.01778531058383035,0.004589367155673286,0.04708132761533794,0.005742691075173826,0.04690272746085787,2.3258905994682273,0.06772465906472244,0.01362775343958436
140.277,-0.0025177683546146385,0.000870080987228268,-0.0010493594417482022,-0.004693847718987186,0.0441229025181389,-2.3965608400599138e-05,0.002382665284114629,0.0010600261190074822,1.750727510165301e-05,-0.023347068316805466,0.0009364685312315052,0.0,-0.008861427207169119,-0.007544738613009206,0.005359240928662123,-3.7109689331505254e-05,0.010396103508834006,-0.0038569681321810067,-0.0004868424340527624,-0.014833227094571792,0.004356207009922495,-0.0017791735267988246,0.020782182216327136,-0.007222801314253345,4.878440309341087,0.047413238335650074,-0.025569056686290316
140.778,0.008774134122439452,0.0029879892077349446,0.0026692302672106528,0.002652148063118041,0.0690874783252524,0.002220369307441736,0.0011093887645779526,0.02292786255925775,0.007075306699594328,0.0016991904919799344,0.003486499786286878,0.0,0.019435005786535786,0.006619656885772978,0.006910854276609015,0.0051922100358924635,0.007684657981634973,0.006257175119595632,0.0026083185878071477,-0.007751848373151795,0.0038051825825972767,0.027904144989243176,0.026811050406112206,0.03054429204127947,-0.12169474647860079,0.050969514638728744,0.011005448104381947
141.288,0.0076339865560253115,0.00354990732681927,0.004862566645281106,0.003737516854326396,0.060136694872717215,0.0022102052243749377,0.00802971304409145,0.028263396351501092,0.021189459762637763,0.03311000076105202,0.00404802855744372,0.0,0.010253115919144257,0.005786400499963578,0.009583678659136704,0.016824969033180325,0.008135925463125011,-0.0014687559093072922,0.004438195582027983,0.009190315711798293,0.005410630670252404,0.013540522350205158,0.010256414803132658,-0.015075527132831133,3.9175147968075725,0.06265934499443068,0.059058533128593264
141.776,0.00551188256860286,0.003711218619714341,0.002225812953174368,0.002329530283292844,0.06696818325057771,0.001135655694984117,0.004026644239457005,0.013229836028438762,0.011473436268792686,0.0066139100060906425,0.0023575765083687565,0.0,0.011231750036622402,0.005508507257878585,0.0008582153766589931,0.009666412588985896,0.005905107113497354,0.006719104530785103,0.004595867139530964,0.012296048914142444,0.005002690465977302,0.006473114976359929,0.011731125160458208,0.01838401021037289,4.090114735598792,0.11277657424216722,-0.0028121683376020816
142.285,0.0004923547577955319,0.004491055677770993,0.0010560064717405593,0.0021457810822000374,0.022017913718889722,0.0012653700902634276,0.004193793231001457,0.012211932549542812,0.0018033812266488446,0.035277981678847166,0.002330313777896647,0.0,5.7625334911984374e-05,0.009746297727165515,0.006475707356117001,0.004628943278624952,0.004460255892396575,0.0033867171589804014,0.003750418903307549,0.007909704582783656,0.005391392690925856,0.0020392098080438625,0.03181232104489682,-0.02932162824223719,8.027386294310839,0.016903454892183676,0.05842999682739464
142.779,0.0022353300611915737,0.005104437462220447,0.0095262162409029,0.007719575554075551,0.05284490515576767,0.0016917922258663487,0.008425588145866032,-0.010304843697882364,0.00878173871242191,0.07175861691870432,0.0025706251722797894,0.0,0.011644614915174855,0.007879382788352263,0.0020848574277301116,0.012980362676862766,0.008631233045299221,0.020349445460036975,0.011804820902113962,0.040921218999821554,0.00713278665928592,0.02448785578488405,0.021214314850343773,0.02904375142524434,8.628408312474418,0.05034477525854715,0.06829504235050926
143.278,-0.008150207530136223,0.0040472553115386825,0.005895784147376647,0.003595628621017228,0.04163382546568111,0.00235388901425108,0.001811949753345893,-0.01122766070043651,0.016859379574780474,0.029374484642703206,0.0028892500198987752,0.0,0.013942436928470645,0.003853832789015059,-0.004949821328873787,0.0022598815793661614,0.002033322496652177,0.017880658787168553,0.0091495953143458,0.04342859467032982,0.002598435581309028,0.0028895380511226743,-0.0018978384245436528,0.019148321685089176,3.337760731783905,0.039831037854444064,0.08737743568182968
143.779,0.003839104399620611,0.005483296354914062,0.013307078077888277,0.00708968618839618,0.05523237862482793,0.002593617086862385,0.0071830569966763345,0.011130817573163646,0.017197311977230248,0.04100336011041208,0.002171845863197415,0.0,0.01629321767554678,0.0027014974928159193,0.014126019721775759,0.007420482134837751,0.006717645804423368,0.017962928165029864,0.012455278176514503,0.03524707443392204,0.007196212176625638,0.017549376079206692,0.04627894387682579,0.04172191121185969,0.4038945149576954,0.12428714477216442,0.056800772708839785
144.278,0.01381871605208991,0.0027419368763741763,0.010814108496321143,0.0052920791446023924,0.04342321571951021,0.0032305127741220426,0.004966666840008664,0.0064408959858968575,0.016569140058631852,0.06141848754801663,0.0001116400475185678,0.0,0.010870165645132933,0.007779731571789227,0.0073734255746053055,0.0026537374331850904,0.0112398993976723,0.01077514125244876,0.011664227677569977,0.025905273169279663,0.005040122204420129,0.037527824191782674,0.0369467567206015,0.02298680777756613,7.288522329840006,0.15282909225956753,0.035130018295274096
144.777,0.008372313857760555,-0.00150743170476854,0.006587855569565858,0.00027690011788231725,0.03284076896771597,1.8369267412650112e-05,0.005900534364209324,0.013245265703482074,0.0012231699093769555,0.07026654911262943,0.0012103322053484036,0.0,0.007908667832016622,-0.0034740650665635513,8.983004081225998e-05,0.007831894259741349,0.007607756269438245,0.00549304374346739,0.0020950897759789157,0.010979873244018517,0.0009094759347863395,-0.0022391340561568164,0.036053923431778614,0.03179673754994847,8.474343427502696,0.08619625912327271,0.0739037504331847
145.278,0.016244010297801443,0.0038789628429716245,0.009811066351413301,0.0014486700491430542,0.03698751009377594,0.0013946346608222143,0.0006006963524925803,0.019095804947651993,0.008069225915454383,0.039932515270405276,0.0019822016522024655,0.0,0.01657878221797263,0.008751547521914258,0.0120091324676423,0.005342967931553242,0.0008388385574394328,0.0015845933045781663,-3.870850585035119e-05,0.02375859857329566,0.0001186090918855616,0.015661468875394862,0.04416028123149878,0.03367046260562185,11.174077748928372,0.15389151615944005,-0.009743392316993385
145.786,0.018191044821299823,0.0012511740279059767,0.00813556710898154,0.0010178341456292838,0.060415948710575776,0.0007046441928047526,0.004588623810183357,0.01625723341635874,0.004506691911717725,0.05412088487778498,0.002344872969096093,0.0,0.008630219529885194,0.005375051753449391,0.005406102605363111,0.010473046267943185,0.009810610036984167,0.0032263966187267867,-0.0022413093873132287,0.01933827291711086,0.0014235853894520852,0.0365584160732108,0.012286706763587141,0.014875006849900651,17.490797136244932,0.034094144099099874,0.12673983609985992
146.278,0.008259675970516921,0.00439508652461859,0.000835893599403404,0.002827961058967165,0.03381357558621778,0.001404846638943792,0.002443714526448975,0.0040337230574082955,0.00801978582034663,0.06154911034420492,0.002639605379407868,0.0,0.013614809926495818,0.008589775558425685,0.0067839498367155285,-0.00650587572716288,0.009885095616230079,0.008906817969225257,0.006563661159663143,0.01799738985671937,0.0020726784338285305,0.03146497907095953,0.012281360309849294,0.046397127137196105,13.696614300815872,0.06527429798998444,0.11245842205927706
146.788,0.016379087295691347,0.001477776916948904,0.005517390460743253,-0.0006280800677306861,0.005679806475575112,0.0014892106651970046,0.002710825656645058,0.010825373564339975,0.00973009999659748,0.009357440646898522,0.0016614167385125053,0.0,0.009096551419306704,0.001534214854575889,0.003241629754147562,0.004919409448681218,0.0010968441339864886,0.0058137673396043334,1.5053307830659285e-05,0.018801384350611607,0.009217888670319292,0.053264383954096245,0.009484648825337472,0.016413190908158955,1.4060904779705052,0.036491230032040585,0.017305397739485102
147.281,0.017273929922834073,0.004484782206869788,0.023973271329131997,0.004995978286987199,0.05415155915557768,0.002573535400948365,0.0034239035064756143,0.016639414242078848,0.024794535501829345,0.051758334265692506,0.0008444486482835923,0.0,0.008973014444646757,0.012428173134903724,0.0022789781625262577,0.006172719720337629,0.008505762501978006,0.012125674231473964,0.0083911528957229,0.04589152381685098,0.011543195095326158,0.07204229377168006,0.018140853223751273,0.03713994872864865,12.550395061155337,0.006362905195560876,0.08274129951712055
147.782,0.017298400154531653,0.0030135485863523356,0.014007692273362992,0.004502714655812268,0.04059343450944693,0.0005394719010884556,0.003783325023024308,0.0002013543673820063,0.018390728276277357,0.09015996476183649,0.002602221262887657,0.0,0.019487597349523787,0.01089863886970981,0.00361910649612439,0.007077518265709992,0.005699777404344659,0.014571640460421942,0.010791049937298522,0.038771345370058864,0.0026201520819118373,0.054993086217285034,0.031387658196158144,0.016461346210615065,14.183182725826454,0.09179698003932599,0.11517871556918587
148.284,0.011364996095004248,0.0011191368838938077,0.0047098306963393914,0.003803664574567316,0.07992187549903337,-0.0008516864587734031,0.0077557603062531,0.013099518107948132,-0.002924839968945276,0.0015494985715508367,0.0016330956729337146,0.0,0.012856270461356614,0.007252277886840631,-0.0072264302128428135,0.007863603651674846,0.01345905094472656,0.010415519991964453,0.01012069508123599,-0.0012369370491560772,0.0029964889932821617,0.03574412658234215,0.030967246324928744,0.0216018264322687,15.71040802762605,0.04254255160431811,0.018550379419931505
148.785,0.016097851855245857,0.003318867743046038,0.012273777663040853,0.004347619672283149,0.09053765436189112,0.0001415378558808596,0.0009833296280539118,0.015518483341295831,0.009456908518626956,0.0478088746808893,0.001941085140657736,0.0,0.005893009443155095,0.013930412813419793,0.007587142217726284,0.002070724575212968,-0.002659368382084968,0.01212657475698504,0.009731438556514028,0.0047117612659594,0.004573828839273325,0.0247717388113034,0.033266627032647364,0.019882534954180762,14.382461577022566,0.12585140532517633,0.05440150746499843
149.278,0.017690787476584625,0.002169993957955039,0.0006144830674463841,0.00176090627830753,0.08340281620493972,0.001462487169702024,0.0017604932827675545,0.01592988195448942,-0.0008621385259957704,-1.5841450139847964e-06,0.0021707616548026607,0.0,0.007099007889201426,0.0004124705397842013,0.012487795102019224,0.010752477688135116,0.00756667181347321,-0.0008225360638887874,0.0071485728352907105,0.02411909341282623,0.0011377664563369423,0.007433979612535375,0.009602647391568832,0.015469903725587934,3.5044719412625147,-0.013942131543957126,0.025654790944619314
149.778,0.022880162116485133,0.0021060967367700334,0.0021643642751422855,0.0018129137305626193,0.13156725463037125,0.00017824863727178733,0.00013842309224991809,0.014979980614719215,0.004612501774759772,0.06494571127244282,0.0008225268010888042,0.0,0.008641227750679846,0.0033513611373137122,0.01849554921385299,0.006590301234354159,0.000484085676736593,0.007435095478436321,0.0035107553701042185,0.01069900765042967,-0.0009702164982518356,0.010626737956036249,0.021615210697095277,0.014060468098240637,5.336361681073628,0.1389966787001216,0.05686511424988139
150.278,0.020104430634459578,0.00439327906836901,0.007206767222724267,0.0013006164710558867,0.16965871801205837,0.0015920315493866968,0.003369039720991575,0.03535691108866626,0.011934467704655631,0.07262870491807524,0.001640515988228819,0.0,0.0035144468694464285,0.0004325053220186505,0.01066837079640234,0.004102860628328546,0.0018976331111138713,0.0037606847254164216,0.004532264175157956,0.018830394424415964,-0.001915813182648162,0.0012622783632204979,0.032125640840359786,0.03633146881865989,14.156044296484204,0.10537500176725895,0.10061428563486652
150.796,0.008130518562567874,-0.0010406521533209922,-0.0009286985089281903,0.00014046291988624722,0.10565927325751824,0.00020185271022969318,0.00026060308582776247,0.019956224454662955,0.01198361556346409,0.0724936586506075,-0.0029992037776844153,0.0,-0.00879445532958472,0.0026184590049029084,0.005692068336070363,-0.0033123187830637548,-0.001926295105852117,0.00974931484775803,0.009844316593591588,0.00417382445798953,0.0025728669199102253,0.02542029123176003,-0.0024897670299593453,-0.018919400749791218,17.7351143143874,0.13583133870315137,0.07303379100517207
151.278,0.010582847333357986,0.004327862787236584,0.010997147475400959,0.001438211300574131,0.1314698073077386,0.0022630594807448268,0.002782959651727306,0.027499302208422224,0.019424572283434385,0.07968275674548496,0.0014293774040105,0.0,0.008080100822431506,0.005783626376111745,0.006568237715598897,0.00036162910961756104,0.0017617924972093346,0.009233028421351642,0.006156645010717899,0.02545929398363927,0.0019376307384242572,0.03465878652587452,0.017088045006061904,0.04245186127980693,6.983955828749088,0.13531054390015157,0.060409607689957484
151.787,0.0046239033983194525,0.0018487961141800432,0.007694864339908235,0.0012591426171285763,0.08862791701397946,0.0021224008481086007,0.002984441314106209,0.005564705574629879,0.015533982935356589,0.09525492781988573,0.0019772274993660388,0.0,0.006136736224636792,0.003792484583972704,0.006694097226379199,0.002082402578739504,0.0027371347597362162,0.01117898959483687,0.004041370662762814,0.01794776848832329,0.004127906955448198,0.07424856550997745,-0.004146834405718685,0.00011712786240922152,6.907303869993128,0.22252958675842474,0.10057904118149132
152.279,0.002207990219519829,0.00392336203160569,0.002159966368137765,0.001929814966413137,0.05244993565277064,0.000672567459386064,0.0010826790233391158,0.013672528997976753,0.00030177450124094327,0.13090959763715868,0.0015353338432731547,0.0,0.011982764648946985,0.007724133272025996,0.01316079418572256,-0.004208521918004952,0.003227595337517076,0.009364185714695914,0.008305202655966838,0.02534116181214769,0.0039043339842239986,0.016709328767294047,-0.003345802844499606,0.03159828167858315,8.877095161940105,0.09975050103076392,0.20100205601607998
152.778,-0.005101724165010512,0.004747263079494082,0.007744217748635949,0.0021763181269806066,0.10832464781470541,-0.000877525972137132,-0.004960996873362002,-0.004956662321730051,0.023359717452866555,0.06998054124668171,-6.377654946980137e-05,0.0,0.002009562615961851,0.00609116682657209,-0.007282305872166479,6.74335804685147e-05,0.006125095996976978,0.014220079985310934,0.008393847267953029,0.03278926425091386,0.0014052050165058163,0.05695525305931597,0.0064959226534484745,0.053406933490577374,12.613790286403228,0.09372445370803918,0.1083468856903167
153.278,0.009621099514154909,0.004388528970484537,0.010124097570696267,0.0068422385588560765,0.10117659274851502,0.001204433874381126,0.0017203199362437031,0.028305397768223176,0.018966155291100142,0.050390099354257464,0.003969523591587391,0.0,0.018443628494498994,0.009004068564475505,0.00900419254952615,0.012412865807900348,0.012761974666010138,0.015861807617060495,0.013294789099272085,0.04823373525947042,0.0009903817783994068,0.0613586061783915,0.008687732563320125,0.06019535395407968,4.04677332114815,0.0783552701810413,0.07353854070906225
153.778,0.012536697874646424,0.0017734833801401925,0.005498870848451309,0.0012578876440919476,0.058487820572610774,0.0013091470241382189,0.00014713328065725484,0.0077354257262236764,0.017308028189717946,0.006516294388092391,-0.0019239574742005144,0.0,0.018199765723005263,0.0025608477507137717,0.005247357494197563,0.0035515212529459305,0.010516865320737721,0.008547380030561866,0.004434018197947928,0.01617250910277048,-0.0007066772492635991,0.007861774325490603,0.01492564966674194,0.016241882331479992,-4.339489992347272,-0.005052249074322681,0.012314029684616644
154.286,0.006416919911652791,-0.0007584527806784733,-0.002747209406121303,0.0015587285358176536,0.03414779731414664,0.0003153793564903165,-0.00011328844092955687,0.005388981952137299,-0.004996164133441925,0.06734728452336396,0.0017813604927777089,0.0,1.0540073333662079e-05,0.007184323007848034,0.0059775289793050825,0.000947300530027709,0.009269983328090075,0.011277902728837408,0.004076977902557327,0.000161305900528294,0.005122843470752716,0.0003422567393244862,0.012462439600705465,0.015307941651482578,103.16189140906737,0.03291071200266741,0.09115165958703163
154.778,-0.0001432660104936109,-0.0014106270407495487,6.432934558772695e-05,-0.006522316482602529,0.06226145244374218,-0.0013547116428885258,0.0027801469935605787,0.004788324889083348,-0.005924693381622069,0.0415652887457996,-0.00108695197323759,0.0,-0.002305620310297402,-0.002874657069565921,0.00720572949176964,0.0022050248701776633,-0.00024335575805422866,-0.004436373975979983,-0.0029542102488421865,-0.014994873885897545,0.0024838026329447567,-0.007106659093727213,0.03148720375772185,0.013751416842422953,97.6387898227284,0.10080038252137764,0.03762396876453302
155.277,0.004992090000197654,0.002378185779009955,0.011321823621459939,-0.0020034219554433325,0.021977995423242504,0.0023274489164974827,0.005170818652606145,0.0045667412212098525,0.0065913386523699,0.042938227140300114,0.003941514977534506,0.0,0.004081243136182787,0.003859042316070042,0.01518145863361057,0.002976800348977974,0.005338293304457851,-0.0017161555507247425,-0.001228343213819381,0.001547434498530375,0.0014079734787333861,0.038316654044833094,0.05140538840994191,0.011269102461696968,87.79465635271934,0.017591630897671726,0.017093014909799312
155.778,0.01211016418688271,0.002898388067660022,0.019364797510450196,0.0039550736130968675,-0.017792336334807212,0.003497057622079134,0.006977051953740428,0.022776103455547484,0.020774667469998877,0.07399658033417515,0.0043362228415699524,0.0,0.018925938518814252,0.01724584499811679,0.008167474147469359,0.010082222876393416,0.009617087567719241,0.005693629829136902,0.002749330438957801,0.02309862520126575,0.0009051548128546193,0.08079198175638376,0.03191106518536885,0.012795571148399599,225.13775791948214,0.1079587761018939,0.08595424853037734
156.277,0.003093172759033426,0.0049844934480900265,0.008924469653885552,0.0035646497954923925,0.0009694920919468688,0.0016715929028327365,-0.0008453939843600235,0.00991925071919303,0.029274283251420345,0.0027571550832765626,0.0026367744231017985,0.0,0.012002906409822819,0.010856988042136622,0.011703426243187381,0.0031007981072033023,0.0018103223678374925,0.010937960037150939,0.00817409338439681,0.03303453129943871,0.003370721860483231,0.06045561277914974,0.005612079017759008,0.027238589287122725,120.58024156790925,-0.015026257418994826,-0.01663293090636089
156.777,0.012205926704196192,0.006039150202606524,0.007934580040737053,0.007161419915406942,0.006676033364603574,0.0019091759401015046,0.003950747577114959,0.01287197531843407,0.03022249091349997,0.07160660604970862,0.00420906598957778,0.0,0.025272420556496908,0.012181397678306775,0.010512625658979938,0.008190272745909956,0.01100673628397475,0.015024487423735423,0.0053754932204595,0.05026489428816878,0.004478331027678804,0.04206027368650942,0.0012452279958250936,0.02811583592234808,54.99060736549418,0.1893434578341683,0.0019581807248977606
157.288,0.005407433001024428,0.004971630501814617,0.01172063290069097,0.0062191232846448225,0.013957652069929273,0.0021559512685930976,0.004625841790077806,0.014715121057358116,0.015572639809213458,0.09988358307124115,0.004439748426987941,0.0,0.021559648521512445,0.014658257167647676,0.006400041212176192,0.008206484519235354,0.00592653571170096,0.008958468769785004,0.009290032183441065,0.033538618579656766,0.008658502507861284,0.04317094084377221,0.0048091276710826025,0.018629869189732202,89.30347046173532,0.13032806581869932,0.09851554471168819
157.777,0.01310834429065215,0.006266709189775667,0.010234760909173132,0.007840801913523357,0.03407589404238421,0.0036078429362431793,0.006980548989224098,0.01116113315818436,0.018835604238735,0.07052446275435263,0.005134723930462116,0.0,0.016745254252302822,0.010536388716708468,0.007927225412317987,0.009327435447278036,0.014278334824244456,0.01675847083005905,0.01051860011603186,0.003930679282531121,0.010381674689373812,0.05667682752586398,0.03346340010549818,0.0029853305910909596,110.04063846726173,0.12153048043049226,0.035649725474939484
158.288,0.01493032002631203,0.007179474747691804,0.008034762709008826,0.00691757031060959,0.07037615936082256,0.0030837582749168877,0.0023901808503944454,0.012602316378936973,0.007928803477536401,0.07149981142537068,0.0020837553461461717,0.0,0.011134691790614874,0.010355321461677093,0.007166524358496176,0.012865268715052074,0.0035933979206640566,0.013092029283032741,0.012551312188598689,0.03765903815667012,0.012996954194342394,0.0172186033246744,0.03512553925151579,0.020895096292802263,147.24971883887153,0.050146284607179355,0.028777985738815993
158.777,0.003109955045434653,0.004423694406994975,0.007221402346705943,0.003699823108777018,0.0983463674386263,0.0033296069346571517,0.010097702728448966,0.00318200012587675,0.011844717305403488,0.01134652220618187,0.0024903863846813643,0.0,0.009546148232759153,0.007832103596150152,0.006160111886079038,0.01419078607901857,0.0032862340437789226,0.01389139314954733,0.004241005784501949,0.02156899979371093,0.00300317459651929,0.0669304719635637,0.019089819833539558,0.03397261280518219,123.84335826084966,0.08123204313847193,0.00629673456404032
159.288,0.010780170158420055,0.008169810916062307,0.010745609718923577,0.0062189095060523935,0.07493127303792749,0.005217421697435816,0.008944459913655453,0.024619162026637952,0.01810078019858175,0.1002712893306805,0.003543863374252686,0.0,0.011716264147298943,0.011314488310607591,0.00875486855632237,0.006551790223019802,0.006987350404696228,0.01663776316576882,0.0089404440273,0.023223628624792943,0.010811839442040925,0.02938218054716402,0.03789661376671656,0.037881614989632,88.89638334943164,0.18196551239051653,0.08115904667678224
159.777,0.006951290797526042,0.004471362039817875,0.009338754947151227,0.0017106521918494285,0.04428732579168968,0.0025096096090239653,0.006364128621010906,0.01919673068119388,0.00848590835816363,0.0552809922022922,0.002435193855718936,0.0,0.007925103094000789,0.010014102288429036,0.007895189257155759,0.0007973544785839137,0.004612464822307658,0.005807743460131385,0.0051867203690158835,0.0211138762405242,0.009319479100028715,0.01098793055159773,0.008889388337403685,0.015624302851356069,12.662491964921928,0.017987222028452217,0.07069656766191758
160.279,0.0233377820796879,0.0019395032562686783,0.0002681748067991989,0.001758497459164805,0.023380766015727313,0.0023148991384938965,0.005995144072818777,0.010128534302380941,0.017230771393575844,0.02637979852035852,0.003661612614556002,0.0,0.014586461917797973,0.005210632649032993,0.010232723401360043,0.010918226711813897,0.006064834167692468,-0.0005006741806060617,0.0025742637303374167,0.02217921582556828,0.004284908188892008,-0.016590097413574846,0.00890130481230796,0.0009163498322978272,107.22511599458625,0.05570343150277238,0.03649028516036125
160.778,0.013916691151609066,-0.0017546678398753014,-0.0053438598741154366,0.001305441579806888,0.05527871976583484,0.0013715913485673086,-8.894593816486406e-05,0.0017391212658832836,-0.006968596577518421,-0.004732451848344393,0.0001619328483826893,0.0,0.020065559144934,0.003921534690914233,0.011823902590209328,-0.0010943639286591256,-0.002459354891954917,0.011479400443566724,0.002931139394618505,0.01142341299468987,0.0034386972371215478,-0.018151914060636494,0.01295644133372053,-0.0023563281401945356,-23.490768646386673,0.03283276260919973,0.0012686035410039678
161.278,0.017780831034047196,0.0048185895698864695,0.015707312248798413,0.0026223175401901425,0.033059028069921434,0.003114712848090151,0.004860954427704957,0.00037274181219196305,0.02270907873316823,-0.02669856922603053,0.004562847079787398,0.0,0.013192172196571863,-0.001870812966172919,0.007373620970209836,0.002469699963428954,0.011028088949181265,0.006410949505942276,0.0037708395928919935,0.04111330628793184,0.005388874021348228,0.04129167747214946,0.018494579227935765,0.044548595444883994,134.06385196849018,0.003959833333126813,-0.005925380841545635
161.778,0.01262116669519824,0.0038492810765782294,0.002757003480733232,0.0019606031695759284,0.02755530837224826,0.0031468089546800404,0.00632542951081691,0.018447425275361452,0.015681811328322585,0.05229393178985706,0.00044352967267292107,0.0,0.010776606966529271,0.009745102713425637,0.008986759062789451,0.004554065027992264,0.0035003394717951276,0.0031949022539518347,0.001322458401651402,0.017016208479890448,0.0025773269467633518,0.006503492974125094,0.012184284159231723,0.024116120056064807,-26.424378998529164,0.07419234601995232,0.012770582839372198
162.278,0.018532951965337992,0.007239360438410208,0.019310504441635044,0.006100516523852899,0.06447078847316638,0.004073669730953061,0.011424755865322078,0.01390794455302076,0.02065729693602869,0.058210829911342306,0.0030006289461552457,0.0,0.013241149648022194,0.013611652221123743,0.015491325096887634,0.016431807816841698,0.004657827755528425,0.009525719842407479,0.004585136121886036,0.026177002669940927,0.001445378435894582,0.059766461409874815,0.02345308798309593,0.05305063971869282,19.22700736667638,0.11592008890085773,0.04428944567719324
162.779,0.016933360147763504,0.005989097242321464,0.006309455295171287,0.004713308955958027,0.01279139014916709,0.0025616108703461417,0.004505143650113365,0.004179179869944373,0.015704387973414235,0.12869552557612016,0.004132594484970418,0.0,0.013099621579171944,0.010765780135901164,0.011138577903773303,0.005711470187792114,0.011335449029534234,0.00660155056059456,0.005051142165353185,0.004708031413491384,0.0056576619797801975,0.06282341983875292,0.013234356748962344,0.0214508990716326,91.26031632325687,0.17316977670067427,0.1396885532928577
163.278,0.015125547499050866,0.005629356045391144,0.018865553197230225,0.007335000891051742,0.04570276791975189,0.003240968827072713,0.0037330662917928795,0.013536691133040372,0.025987047643151778,0.1058608342181453,0.003210086125008107,0.0,0.019797829687176013,0.005634161648511352,0.00810864017952856,0.014948731473726221,0.012585780479390683,0.015609854870900405,0.008916084606347746,0.034648942012698566,0.00949740301949529,0.08089711334359036,0.024086405194586925,0.05889143856165815,86.76517466724084,0.1901164581159709,0.10773213412520032
163.786,0.01760169070166886,0.004953486733291919,0.0186365042068423,0.005470850246518992,0.05788123939596808,0.005745523020217502,0.007723252613442079,0.011770761433521217,0.02957337863292101,-0.0011221112391612944,0.004105657818076069,0.0,0.011153402362644026,0.012076157734018883,-0.0011919384444116386,0.01551410167502347,0.008431742558138965,0.010196985546284568,0.007657623405332398,0.027777441900540878,0.007510080851646715,0.06842491796595918,0.027888153115994803,0.016944589275703914,174.56487007889478,0.02546594973893949,-0.027591409643593662
164.277,0.008520193889320972,0.002231365778029601,0.009948842074170555,0.0019302001092429868,-0.009381147917391293,0.002605901895080941,0.010084306116870468,0.005008046374860051,0.012251176696363239,0.0052111102284187125,0.0036900997074083572,0.0,0.004447620366655928,0.0055671318995383304,0.00459935884260006,0.0063476694167542876,0.00349781767783792,0.010432328144377086,0.004631232334527903,0.01913321742255593,0.011222082749473318,0.04840390207121347,-0.003582026193254877,0.041275772667185115,23.865846361511757,0.08000373958274286,0.03160006172452167
164.789,0.007849248014579048,0.003953643738180137,0.0028177076191065248,0.004686676681207079,0.025897196820521762,0.003377011978341352,0.007302106322515464,0.007873346610565223,0.005039597488281688,0.029929421329964522,0.0032029225072043926,0.0,0.007809019094500664,0.005486651226160939,0.007697251563965678,0.0037215055125403144,0.0142990093049293,0.008125917116147973,0.004896290934491492,0.01687954655738056,0.007982153414245944,0.03632694659317215,0.014922975693858722,-0.00573631258028446,-2.7225103219705318,0.07948318325140813,0.04335047284833366
165.278,0.012293313913699026,0.003950638623992825,0.011539680160223923,0.004139684255452669,0.03179584425014496,0.003762110313856976,0.006838102531743643,0.01576971905242397,0.005633284084017589,0.06031804440865149,0.005103332773198225,0.0,0.004710706227341835,0.0084775423937975,0.010049838655473552,0.006215556754260485,0.009227114002851372,0.01005252277115743,0.0031042533503024762,0.02624606970612323,0.0048076584133740176,0.05097084210657734,0.02627334914821929,0.022032642809023978,141.68171348281902,-0.006802352461254499,0.06579007212701304
165.78,0.008675200241967699,0.0038680598794029308,0.008826541106811442,0.0015983382528322327,0.01291421507094451,0.00277109271280022,0.003308370773438458,0.020139264253082673,0.007952423661201066,5.326383199505671e-05,0.004647591751292619,0.0,0.006037993078488839,0.005920470245452432,0.005608746095306437,0.008136780012858625,0.007085135816906529,0.007155351600667427,0.004944584086400457,0.01594244249250513,-0.0013291725616650868,-0.0019314594784374144,0.0236653305911833,0.0346746879120655,232.3998676081366,0.011143205479641335,0.04230055205354376
166.282,0.003574695906389364,0.0037584441563959883,0.01127248930660757,0.0033404556926254127,0.04476561825156035,0.002000388677362079,0.004658258031590416,-0.005102887723278626,0.00777932691042393,0.06828453127740933,0.0017542109721657977,0.0,0.01480807124581202,0.005822059725854852,0.0024056070714607272,0.010996973199786552,0.005724519720195725,0.008086676377492412,0.002536940927491431,0.007738254357655952,0.0027572699665536367,0.019610529238001415,0.020944856739581925,0.01010126876773434,100.72371951243008,0.07533158305705433,0.0838642375226237
166.783,-0.002431871129891917,0.006503430741507505,0.011774052734885524,0.0032250068210242584,0.03440460640657167,0.0016726056805544025,0.004616922236197939,0.004218258668173641,0.0179706403840531,0.052456425046622755,0.0009702251997705728,0.0,0.023968319524330435,-0.00316303274145478,0.01368336019834258,0.015044602881495573,0.007221632111883968,0.009484414191644567,3.6346122269825274e-05,0.02496884468057399,-0.00023183033059474546,0.05913451242821277,0.025202355866911493,0.0376991133309584,153.7984381449262,0.11744779903379247,0.030246909603719965
167.277,9.778582676174506e-05,0.005347929878653029,0.009509670588202812,0.004112863693016078,0.009691726382120224,0.0034702974404088767,0.0063194662444921515,-0.005583778116436363,0.008304697436731158,0.053055487819675375,0.0016658660419706034,0.0,0.0156856834355247,-0.002769174781593272,0.0017253951390222367,0.009913949664341242,0.00885971065134231,0.014647181426775707,0.007981691131595546,0.02526823577771385,0.005938002501630716,0.027954887540957707,0.005047175911725179,0.02974342734962905,7.3139861275828375,0.0378792701421943,0.08585267940291026
167.783,0.001767143369019692,0.003337816379313826,0.013622967166771402,0.0028524446166874056,-0.007549703055836941,0.003018101597956512,0.00048758201757419874,0.009612440172563286,0.015413476702494064,0.0756645838093777,6.519803289667994e-05,0.0,-0.001200291145769322,0.0027254034636057375,0.011061029851394854,0.006365150132330627,-0.00012816268296015967,0.015185540209060521,0.0036408526142042877,0.020581055895442218,0.005349902871049771,0.03590848092315587,0.019262636794592645,0.024976276048533464,58.055748667028396,0.042563797187014,0.09776391905706625
168.278,0.014120899448661893,0.008933737422916031,0.021372994461335736,0.011054007720797846,0.097939718280744,0.004587449688609491,0.00841704269163246,0.007050343170692475,0.0284481437520958,0.07929585150370826,0.004929618844580341,0.0,0.010774350472021063,0.0166984493408926,0.012817491251016467,0.018050532068079963,0.013179844769230387,0.014919818255142516,0.009562448496931514,0.030509453760933728,0.0033874049183282057,0.07083045033548695,0.03521208680147102,0.035060121230132954,99.961858575234,0.16916104830913392,0.055321455496532605
168.778,0.010533111122289125,0.0022434569857273825,0.013743456201804522,0.004918367644918267,0.027979086643319537,0.004170451756761431,0.004506560864036842,0.008393605490613425,0.018185029655974072,0.04194579444425704,0.004263787400846728,0.0,0.004761481721205964,0.011573507310850452,0.009306048953446293,0.015194458908242,0.007595353697645529,0.010351897236032201,0.003861070760154413,0.016810476753460597,0.010558704664876505,0.04697061283489035,0.013753417280794187,0.017406315803505053,-14.462037341116979,0.07058284073406813,0.04359257492341008
169.28,0.006943275054302191,0.0030964943454550352,0.011006931862107373,0.004205427534783492,0.0814139713291324,0.002554059741156015,0.000252649615305067,0.009306500647071739,0.009146739119113201,-0.00019175388060070408,0.0007233646394787525,0.0,0.013199794335955034,0.011221875081150716,0.014687646785863845,0.0023254405634540475,0.014029226289399078,0.0012540398518338146,0.0007071861044579894,0.0013083646945025226,0.0035612950896663485,0.0006761414114269326,0.04674015893240731,0.016380494060710935,-0.9871224013179353,0.012015360401482197,-0.017750430247906825
169.778,0.007321347656197853,0.0011389664124485355,0.003683074006727142,0.002010869974430985,0.07448084460793007,0.0024915137373727274,0.002984283535075086,0.010154045151206732,0.01228548327062132,0.04950472449499729,0.0035730202222610187,0.0,0.0008090932392368391,0.011466595377583641,-0.0006588202414457123,0.005436919227258532,0.001835221634356645,0.008300808960802595,0.0018566733556837388,-0.002221262378782479,0.007595784731547079,0.005861219809584141,0.01916325211185077,0.025068441432178058,2.7072838598014353,0.15012419622932274,0.03220496977582774
170.278,0.013972876999422287,0.002659117290181676,0.0077494285272520615,0.003114634606118014,0.13420544753379132,0.0035572734162676064,0.008424137724476703,0.014154824175287089,0.008205295275228187,0.0891791591519785,0.004480098975699905,0.0,0.012584980470572249,0.0024582936710794735,0.015198267102290613,0.00814845519770991,0.01190387589161216,0.005548255377622315,0.002702132689486937,0.007979506398513195,0.004444051171780033,0.017250718285469573,0.024812884039061185,0.025448494303606312,29.918875926142135,0.15297728429253188,0.07665865677480481
170.777,0.01692616756146961,0.0026043827426884118,-0.0010938423708838413,0.002010397140619107,0.08996743653864593,0.0028971426217004105,0.005159677781606629,0.020421361679791403,0.00037613763899129073,0.08148791945384073,0.001997068982028513,0.0,0.003160219998167879,0.004547874787634271,0.021685338815959333,0.007200275286558013,0.005782558301769907,-0.0009538533693911478,0.004697761067978347,-0.00942588031370097,0.006214690059709404,0.018785562140797442,0.009264754542635416,0.02014902539336313,11.862254006424184,0.14902991525849651,0.0716209917402125
171.277,0.0036605099595491087,0.003295609365682119,0.00503928614711545,0.000162432326111343,0.09164684812079955,0.0026363713958318003,0.0032790741086319887,0.00902155522909978,-0.0049901868410074405,0.040604043553261915,0.0012917699927075324,0.0,-0.0007438256124347396,0.00555749469406311,0.004036944051652088,0.005979868128980613,0.006206297760829461,-0.004318597402659994,0.004301501858524309,-0.004488181204957025,0.002216337027929635,0.027929920299730855,0.011810837173099664,0.022912785072409056,17.393965832255013,0.0019963883791405805,0.06979457407448303
171.778,0.01678959278431895,0.005409083327387414,0.013366089565804208,0.004710584273896326,0.10889005720388928,0.0023032892478982584,-0.0008598744372207122,0.01620849254298805,0.01366271965977785,0.02757207133228324,0.005273549832972308,0.0,0.02323006496814713,0.013429826452301499,0.016425294127029585,0.00989606275218611,4.98410433734225e-05,0.0031777211887123063,0.005438549996836864,0.02859870226290061,0.004664811792893623,0.027440262133246695,0.02247016407755277,0.02956510439431321,11.327863217937281,0.032993283279237076,0.02663943068053814
172.278,0.011019489677986242,0.0030586184818763716,-1.7454738502748706e-05,0.0007050701482099038,0.10720726371998618,0.0010867132900889201,0.006207185090412153,0.015367030723530557,0.007732855016538332,-0.0027623474333048014,0.00417704795325456,0.0,0.013969001024981923,0.008964565121939772,0.011441202317717256,0.0013006217309255216,0.006089902594252156,0.004598202701426069,0.0006346682790289879,0.008147823209200732,-0.0011294822842957707,0.011175328896539228,-0.011527115989034414,0.05580760583673778,4.616595202647862,-0.018109861799001453,0.016946518717364904
172.778,0.006478382043694079,0.00411779255305142,0.0038456384249083366,0.0030513361837246765,0.07809621396714428,0.002084566458326853,0.002677654311191189,0.005574558790649352,0.004816078629107214,0.04865621104965238,0.001495227761915356,0.0,0.014061604979442718,0.0005055462593647819,0.0014001817122120575,0.002713957352602586,0.004615888969167885,0.01304870819444798,0.008715870736362426,0.012261561742312613,0.00579719834081166,0.01100333366630127,0.022417905282562142,0.03650825616698134,99.13559241272989,-0.02738581560699957,0.09195312093883987
173.278,0.01672616318043976,0.004994325217505336,0.01749706340009633,0.004595926645356428,0.06719594293925724,0.002789544169114959,0.009479062547211602,0.007294214576957076,0.007919406725769719,0.058904876318541424,0.0029464953056188214,0.0,0.01913104803294855,0.009569864026792307,0.009917592675953551,0.011775907970832148,0.007637581454484386,0.009146358981544356,0.003533142469524853,0.04879847129678531,0.0033402674170758795,0.06475063107263543,0.0056260100633379285,0.034684879114198326,220.21922010467017,0.13147547053643996,0.030321375227752485
173.778,0.011860681510073046,0.0037435567622160254,0.008721277301671363,0.0015845065797096998,0.07994035731737,0.001966144844414055,0.0043215801101151065,-0.0023039459772683252,0.016123813827065445,0.05324285529667697,0.001010295796012498,0.0,0.012819342470388621,0.0020185307723146043,-0.0027539110075053175,0.0068144475557783005,0.00482302106712299,0.007500477063527225,0.0071250603972066945,0.017407408003395426,0.006840173501010681,0.029716852402364245,0.023459901466892745,0.02061407076928468,59.32985952742533,0.10820735340304716,0.05516290160341189
174.278,0.014972021315949317,0.005739497830933474,0.009869938555437304,0.006860439089056562,0.05486732523414226,0.002938862568396523,0.005415410055902959,0.0008742338368725827,0.013889858445894241,0.11257560638902245,0.0045063495965410455,0.0,0.018167835013690233,0.005769116347474926,0.009179984880762692,0.010946802924289914,0.010251944287585994,0.011999459453040479,0.010130688252004125,0.037604149765977264,0.00451320937358716,0.03919885904523403,0.006104671290764584,0.0544104518767714,113.90787204587933,0.061910678341279994,0.15584711153394365
174.785,0.016647297558187366,0.003938614219348313,0.015014466376746154,0.004267273034193717,0.04841198091060575,0.0024253878062394534,0.0037411318342842692,0.00020417920484673923,0.0004636465316686489,0.13165568439772563,0.0025943073825363395,0.0,0.024769462330188924,0.00277270882856718,0.010217477727578063,0.006880036349652325,0.013260310960732073,0.009231917692597102,0.006141378951776229,0.05019287489908412,0.005908126446674075,0.05209342518595846,0.024256526043770373,0.037501824483978076,119.59623022779547,0.1941625770080934,0.0955474569131851
175.278,0.01122154632782458,0.0018501576692578035,0.004196152945493221,-0.00168281013303447,0.04155680385836112,0.0003780114054127563,0.004481815705766937,0.007250187000723458,0.007433846779024111,0.15832490834477372,0.002597169130141513,0.0,0.014861127308910418,0.0014034235033520907,0.009668706361148385,-0.0035719465165711018,0.006487439093486668,0.0031947645817245545,0.004037879599694834,0.002063267348795924,0.002609652768975441,0.017902480898976822,0.004283761431397515,-0.005552969788381981,98.8048457600203,0.12056178421608979,0.1839914711454024
175.779,0.006124183176532686,-0.0031487364781981873,-0.0018965782311618873,-0.003706106472909551,-0.0023894703092428187,-0.00035331572846963085,0.00043597047788976643,0.006407998331309719,-0.0030071708259182786,0.07899048175087017,0.0004914069791291331,0.0,-0.0026972660410934817,0.005851521526775657,0.0063737367188196805,-0.002030801832819068,-0.0027628180050110686,0.0015474843046596376,-0.004593108882644994,0.01387728109120691,0.005113479006746677,0.0026771928183584558,-0.0004178025304489831,0.005529407673477836,1269.4828235267948,0.12290872266855477,0.08605366612216224
176.277,0.003703623564655425,-0.0019289174588554597,0.007884553859136237,-0.004347154913461665,0.03222364429867624,-0.0015399394016337817,-0.00018007729266618375,0.007915596983227175,0.004820610218671253,0.10265450591237106,-0.0004509067335587064,0.0,0.009046597714260501,-0.003322249603769067,-0.0007622024523953084,-0.0012446316292917276,-0.0033677596872656044,-0.0012652784815869688,-5.3773365583319214e-05,0.01684971290448337,-0.000672603046095063,0.026019478875272554,0.02376699157217995,0.0016667067329175643,1084.891647330467,0.12996756273763757,0.07163933462736506
176.778,0.01267905869209562,0.0036266378483181556,0.010298947368131143,0.0003740868055305622,0.07122892343653925,-0.00037419665995244055,0.004498075155481664,0.002393595535525238,-0.0037683565901317304,0.16031219256089926,0.0006642938521150606,0.0,0.015415021989350531,0.005807765638743177,0.006882274865585588,0.0019207352975252811,0.006966098264090459,0.007925042571276814,0.0008610441876234291,0.03483537380533624,0.0036683761114385243,0.03817560852611872,0.013192328490530513,0.037090064770914685,3066.5062484595433,0.22132638810758354,0.13333833136403586
177.278,0.0039531476411808365,0.0018816972726944682,0.0002710562827137806,0.000504963643507057,0.08188992269528753,-0.0018942021248388487,0.002208510393192384,0.005874600582513301,0.015973981433909046,0.12942187046494744,-0.0005909696632605436,0.0,0.007142786620029562,0.0025320752005052716,0.00781358066516749,0.0010665537948528257,0.008372226589433927,0.004859171601421264,0.006243745880164097,0.01663661737394419,-0.0016551109472580246,-0.0098753056571099,0.007117787332545879,0.0514871643234944,31.79023446117431,0.17122396248994756,0.11541273671762842
177.778,0.00837796276829028,0.004507177834772525,0.009562786101293406,0.0027616190556250067,0.04358478582237735,0.0005636260182705419,0.005542132278171601,0.0041978142029274,0.013462456150084852,0.10091563831242575,0.0025519836998208574,0.0,0.009191919696167773,0.008421573559010168,0.005491198665361555,0.005504600718661393,0.007240379434840381,0.003658498402599494,0.00339189673656552,0.036713947941901734,0.006319452175343942,0.018691729340709777,0.010495221951038074,0.031086372320787127,35.362577299978355,0.14326913674266561,0.11422470242075809
178.279,3.542200754186868e-05,0.0034070198823799047,0.008965338131392827,0.006214610435885494,0.07909709606339711,0.001150778342129682,0.002140236882711408,0.004737453428625085,0.023599498686459545,0.15993749092870907,0.0007188357640390005,0.0,0.01968389863638419,0.010388805294412235,0.004287788468374652,0.010206669732079164,-0.0014185508140359814,0.013345911894585137,0.006951297148577939,0.04769542996201258,0.004050146273607324,0.04144057296303604,0.01352023982662731,0.023893863518047214,31.851747190985883,0.1467180336957567,0.08789449409910492
178.778,0.0014682277898141036,-0.00257586595170143,0.00127682341325097,0.0015873376553071307,0.08540372165724441,0.00013097373197674142,0.001272495295925664,0.013222526017691465,0.005815723133914349,0.10554731993675252,-0.0004968734870250272,0.0,0.007178864078811764,0.01044169202192603,0.004999236649995018,0.0006186986369052273,0.004525543856662262,0.003583045501687481,0.0023150766843381024,0.0034477002343015197,0.00430204270029125,0.023191814953032925,0.013637833367167897,0.001002606689982559,32.1828190984209,0.13169057043009844,0.14788241165138716
179.278,0.0036428242355784637,8.244864939998059e-06,0.004235416311836503,0.00011341867750726445,0.07385021408828188,-0.0008756534693123239,-0.0026731170088937625,0.006565948614629341,0.011748616332259931,0.14935348475743485,3.79065260039853e-05,0.0,0.009368645507198068,0.006977557586556234,0.0021116719580235796,-0.009251656409692686,0.00021966869034001203,0.004879264421662344,0.0032907029646352965,0.009979972750161503,0.002512050159944172,0.006977563207354773,0.01675054024026999,0.028546081168578277,22.324955994052793,0.25847870559080244,0.11341309853799739
179.778,0.011093863442913543,0.00016631729127411545,0.009341293069107161,0.003279784118946993,0.04084582308442438,0.0012302147759832406,0.0011714049646941158,0.007377778024259199,0.013826489448686781,0.10897511852638787,0.002684590161297045,0.0,0.0031101381064937415,0.008243461855701406,-0.0004791605243791395,0.0097220490155274,0.012147658791918375,0.0038358450469198582,0.0032052672975475586,0.024603941654209777,0.0009966410544725772,0.030880787794135986,0.0038998250060343536,0.024877467190660883,16.183448104237456,0.16864040771090244,0.12900896702839904
180.279,0.006408625334979069,-0.0010046308425098152,-0.0007242428040238872,0.0024229695585877824,0.05946184080106522,0.0011390982678347846,0.006216308195637493,0.01213376305724767,0.004467399634440402,0.15869791374151826,0.0016103976803182147,0.0,-0.0005413871303549768,0.004467696111365304,0.017403218370494945,0.009656653986955999,0.017304857730778455,-0.00028121333686205864,-0.0011570982178296717,0.007807814940802866,0.004359177959435259,0.010470300500519633,0.024457407599756148,0.019945673772784146,13.18437518215603,0.16611032643855583,0.127812369502918
180.778,0.010495898041419364,0.0031205072613060283,0.005416242395967226,0.001570604144421854,0.003318298205556132,0.003060979062478607,0.0038670942124138076,0.004315765208840137,0.005541975180445272,0.05214279419894716,0.0038054546967410878,0.0,0.0052781048758786505,0.0026417692655633963,0.012530671853792098,0.005443077358858629,0.005881806952432535,0.0036753849052567835,0.0004389956619907916,0.0035469146671468716,0.007230605177877113,0.012002087580838327,0.01790721844315551,0.03246648437937248,0.11314174530821372,0.05331991601011225,0.0889782365136076
181.277,0.016930280442304744,0.005102550663359584,0.009883076348242512,0.005904693922507081,0.05724243215318564,0.0045191675786271585,0.00374770605616961,0.013222498810228911,0.009276901514596802,0.1153939318280141,0.0056017673108229036,0.0,0.0009084071979301571,0.011444469176697974,0.02065852673781208,0.0072294634734201635,0.002401892493367766,0.009240502200691673,0.008994181434329578,0.01857950934651876,0.006307028865267975,0.02399680837920541,0.012725305690991454,0.01717940837272631,14.34580702790024,0.13505639047025766,0.1478592900724897
181.777,-0.00252935624901449,0.003153173889006253,0.00201545603303199,0.0025791066806476557,0.013720784655266115,0.003186961610058001,0.005210091895840515,0.00777486023496354,0.01361215678004644,0.12984491755483546,0.0043849644255701346,0.0,0.007517817717558612,0.012702399357560647,0.008390672320834833,-0.0008574967436863686,0.001538521447933091,0.008296196881860809,0.004300809426997531,-0.0016556086886710733,0.0064468725143261895,0.02935191203684879,0.00016247876184138793,0.02082232041994367,11.937456644315109,0.08568610031352225,0.14289991643264308
182.284,0.0038589959951085637,0.005798764134083556,0.0024116630340154446,0.003964322439143586,0.009393852839057555,0.004441315127335604,0.0003009087256160071,0.008718504819198034,0.006952342203898483,0.15272262675535753,0.003087916204202729,0.0,-0.001089181264191531,0.014930845428638288,0.008119045364700223,0.008312988704048648,0.006661806345216908,0.004481781775090365,0.005822500960349281,0.02136211284512305,0.0077649918380143365,0.006876229989019809,-0.008917549653518219,-0.008651328244033196,12.201635221514254,0.12042410462793203,0.19437559855808656
182.778,0.007862454312971577,0.004197393917358518,0.008811808154560036,0.007150346712928875,0.02777736835130531,0.0040470634903034906,0.0038003493660467885,0.016654789371324745,0.015885790228118916,0.23560286172478348,0.0029153588883905433,0.0,0.02076482289816313,0.013212657251644087,0.01702813588551526,0.004440856540025966,0.011581089443806519,0.011095529966013845,0.012542496591156454,0.042545326938204266,0.006738514950214158,0.038550646397755725,0.0073993228504307725,0.010805226701794483,8.448298855657159,0.3089130420821611,0.22936025913055183
183.277,-0.007980076365091838,0.002974830771749091,0.004498733749413209,0.0032155272677017958,0.009374463910267248,0.0010827267846589843,-0.00013048363101208265,-0.011996070242897844,0.018797413135591714,0.1710148599330122,0.0012735105237941713,0.0,0.0007117101711531901,0.005783881094071035,1.967401640770788e-05,0.005348154839400284,0.00868655626828753,0.009585734381642825,0.008744861408226364,0.029552905062658712,0.003212433278745439,0.03008653783533223,0.004599817039443897,0.008245662253398378,3.0912217950529355,0.20269462775800548,0.1898737622097243
183.783,0.0014374165240575592,0.005314109898944502,0.013884463207171936,0.00660152084344093,-0.03206184268954783,0.003196149259029475,0.007591626774558442,0.00788235993628746,0.02685212767986909,0.17012644686668765,0.0024219222777929635,0.0,0.018813695510680715,0.009876389985976114,0.012565895074424216,0.004542094847343364,0.00997401880088688,0.012414250269621684,0.006881165572194782,0.04594588549926407,0.006399161160175293,0.06315745242002563,0.0037399479114732,0.0017861457019311161,7.084713468505436,0.20815911256766237,0.16866920519045028
184.282,0.019394285194442185,0.005826037877894429,0.02270560370356234,0.006996345744680931,0.024018314803272583,0.003768397834001482,0.006650616008249737,0.010770769597174256,0.02065541876340633,0.15539805296843376,0.005305085052556979,0.0,0.0026585439099805594,0.011537729647584942,0.004470129859148128,0.006108631149606785,0.006297290082682897,0.014955303077968841,0.00848085869448967,0.046406984383230314,0.004358281767992365,0.04943539855141254,0.027721314127254308,0.017790033204925667,1.7129521158648604,0.1648101796652793,0.16057488790102997
184.782,0.016036322402767537,0.002974363566358459,0.004882547533578538,0.006015866661789306,0.00037194872796450637,0.0022978783559373206,0.006195755720048689,0.014120526513615237,0.015610011568100313,0.1069818098463497,0.0035591811142392372,0.0,0.014214396584632312,0.004031081855883774,0.010822540983152763,0.0053680062293932455,0.005099089507476303,0.010752463483663597,0.008982780294828333,0.02162251869968685,0.004019994145879245,-0.0022381869808279814,0.010810360593023819,0.01453815852164713,1.7935934098300408,0.151096640581733,0.13710008066294538
185.284,0.015675456854565457,0.003734703386329051,0.009045725778656201,0.006428350989242673,-0.01104221405232489,0.003154614240279419,0.006337984239519407,0.010126881151500967,0.015049724945516364,0.10621026251059183,0.0033361275340231845,0.0,0.009230960579341882,0.008605769422182618,0.0027285667840971986,0.008494807144686629,0.009362213328609441,0.012344200342117074,0.01005612785938234,0.031251814325691685,0.008192721047905648,0.035037370905079676,0.009307071065989395,0.03066597655978634,1.8950851593413844,0.11341158965938616,0.14263725955091952
185.777,0.011844070201331406,0.002736118240816018,0.012557941209744444,0.0034063572610025373,0.07434403045279167,0.0036669544390802375,0.009077764374734709,0.01750183124781696,0.011966026853719858,0.10947976902524845,0.0029236631314461196,0.0,0.013462932732033759,0.012236543586968483,-0.0006524113062463441,0.009473166576125671,0.003777677620292821,0.0058604292889910935,0.007286799961900125,0.016234253172979312,0.003437184958609542,0.024946872145716663,0.02702050368306921,0.04623179882814249,2.704580344813169,0.18981892273159107,0.07841025602032528
186.278,0.015608558109028926,0.003584639186529086,0.01664843801777571,0.005962209541910124,0.07549937760169918,0.004252229635040585,0.008109510757141999,0.016555970103943697,0.021817368637262937,0.1287540778406333,0.004652724472560433,0.0,0.0036322679163518184,0.008581523296894815,0.00916784566283164,0.013986748621857708,0.001302561842252995,0.00902194876565489,0.009753175766555754,0.017373650013926732,0.0022291231928945657,0.04701030007143259,0.04281715658597314,0.015141755032139211,1.3133543551351143,0.19827043920376194,0.1325370283705681
186.778,0.01358278056871544,0.005165042351711812,0.01588255733250173,0.0038704105401534262,0.002064501895144299,0.00318700437362457,0.0020250225732879137,0.007908372120940994,0.011203951012493694,0.09696093361243226,0.0002617407949093653,0.0,0.0161058462722441,0.008576143500543077,0.006601255067919535,0.004543295211655138,0.009420593530669862,0.006170207511825866,0.00492504081634335,0.028424653787895854,0.00019806887745180075,0.03012924741593657,0.04421895993490442,-0.006866702295242797,1.7026464797343768,0.1832364219122441,0.11288166320541215
187.298,0.010320156793917417,0.0031797479410901265,0.012524871509158179,0.007119927135831993,0.016562540265881016,0.00255584162054834,0.005829266804086692,0.005787024675528643,0.013397561035058968,0.07215863875242437,0.003320222272490065,0.0,0.014533893609533121,0.007940834020105035,0.0045789848701677,0.009024049477634483,0.01080926180137798,0.013076057375172243,0.0080441497298659,0.020269054325689963,9.575475377934686e-05,0.014208436977096695,0.02023834354664364,0.02012119819451615,1.9967613371874484,0.11958219964504956,0.06367722552427023
187.776,0.010469644592944674,-9.42281377417312e-06,0.00373568969674056,0.001642208049678978,0.05986164151383718,0.0007717297558465735,-0.0007479917009710619,0.012938482933854413,-0.003850471098353604,-0.0039038674760317445,0.004144035181452006,0.0,0.009928864891571602,0.005172948749770304,0.007139273910557567,0.006099888028238402,0.0025850460510799876,0.001366197908596511,0.004965726828815953,-0.008029112852214953,0.0006498609440573026,0.021310943118578278,0.015465908928037595,0.020388779593657026,-1.3912311219551952,-0.017958026770510463,-0.01297166112446036
188.288,0.0168868901786183,0.0010343224928875301,0.007033193632917769,0.00522461436958616,0.051051635081797275,0.003882434168379483,0.0029655710362716105,0.005613827767459683,0.0149963296516639,0.016764703803360703,0.0036619873972050477,0.0,0.012346987710706615,0.003205957453358074,0.017845499019041478,0.011461973449495951,0.0161089147237226,0.0026903652679104305,0.0048679337153658755,-9.283937279378687e-05,0.007675851721975412,0.012756327247528272,0.026017034866379445,0.009912392568784716,1.2052220060479848,0.017494479959866676,0.030957977369555228
188.778,0.01367569946843369,0.006819226945116975,0.010274831359691457,0.007244651928182719,0.050233004594306026,0.00525361933706043,0.007153280015011263,0.015257872082770138,0.005983276744333244,0.07764004034906646,0.004273879790102918,0.0,0.0023433081321867556,0.007830513373959227,0.010321123839264139,0.005038697952740492,0.012587334192104706,0.018892555165361233,0.006202912327553158,0.04635769473110093,0.008390359539155236,0.03147480439287848,-0.009691835782206911,0.05538843300841178,-1.007119767826894,0.08641064842415025,0.09453347385285303
189.279,0.005269540835771006,0.0038192243310768187,0.006730667143067227,0.0025818251171473594,0.046353557234004555,0.002134234106410583,0.008297945997687541,-0.0007290625864620912,0.013395122742084507,-0.02786511570249706,0.0013816576848560914,0.0,0.0030124234829622116,0.000571995655585425,0.005576319985180132,0.004474272946617076,0.011124706945843192,0.006567463375223566,0.006150012195912498,0.014015319217022655,0.002448613492659649,0.02210478530186865,0.006046102873534813,0.06034491818508788,0.5036536541388471,-0.053960559378698814,-0.011475339496224557
189.778,0.009658381155542335,0.0066437944266968755,0.014057835197675566,0.008952864475658101,0.0541574149137396,0.0036059116925798653,0.007348150315804568,0.0093202007556086,0.025885357051234178,0.03629296370989122,0.005119414348843922,0.0,0.013681152152548299,0.006688227514224047,0.018660405970939868,0.012036524634579281,0.011886180967741702,0.018293653379533963,0.009907947173135808,0.06164565153530707,0.0012173393530975287,0.047421046936150735,0.011141379171032145,0.03758348195759484,1.1953206362799729,0.035189301534778554,0.036366960193247866
190.287,0.01906374067278936,0.011184677771145742,0.01557113205770155,0.008951600115206747,0.025320365753450397,0.0039706807043569225,0.007830988762570523,0.0059467586504223,0.02084766177860865,0.06613918968591442,0.005840137849473506,0.0,0.010811687488716387,0.012136846243162597,0.01139105123254416,0.011117618589932805,0.017511962635024365,0.01384081408598043,0.006210165213018572,0.04963206608774938,0.007606241526864192,0.08028481867836423,0.009345607866051915,0.05032775461482191,2.0670114484823117,0.09399511910221667,0.09427375053444262
190.779,0.0037192541077292764,0.0020947451866895786,0.005582885321024652,0.003994330794241755,0.003238360767666826,0.0009191878321433424,0.0072279405443474,0.0003376194220720948,0.005926468004305305,0.02854166880628557,0.001627593966624757,0.0,0.008168219525561234,-0.0005517891578660191,0.0031949191059000483,0.012597069502672994,0.002999359543149549,0.004331357234807257,0.009427966423886576,0.03955940272872666,0.0033258293310278655,0.003991533923804433,0.010589694276208374,0.056883547649337986,0.05081107962403817,0.0018735396974280116,-0.005091690884077692
191.278,0.009343318628398142,0.0012649079786735114,-0.0026333831980034266,0.0012261464614909366,0.058166302401378316,0.0016811575294033865,0.004986803969199397,0.008278678198038262,0.002006702757826945,-0.00235736952779531,0.0029096300507184037,0.0,0.008054328998466632,0.006978231320462727,0.008395840062131382,0.0010721166970586297,0.005052659031465191,0.006309319204721027,0.0020146647070723917,-0.011919885208290397,-0.004648407416551118,-0.007120520927485652,0.00030496715135507394,0.004471436884120207,0.7952784711889233,0.028012275076065383,0.0019415747936824487
191.778,0.009623931532333464,0.004277610139603792,7.73795081846077e-05,-0.0012440281234708528,0.06672021411051132,0.002433956736124058,0.0033423694702334607,0.012341698591667281,0.007711168596089376,-0.023235898720635355,0.0026043471294987753,0.0,0.001764173208600997,-0.003949775678521783,0.0032373282623003883,0.004904055576180025,0.0006501623873299303,-0.001257927894219225,0.0029269222568930006,0.0009292355746617117,0.0004705173383352784,0.01238254384883601,0.003218058417889752,0.02188710339304571,0.1997482194490586,-0.057156549897304725,0.007415234162766442
192.288,0.015092565039496922,0.002579825807060303,0.0024671257512293363,-0.0008373576609068381,0.05945295960552157,0.0009598105517269369,0.00794183335065842,0.010707173629612573,-0.0009210743249450395,-0.023573633803116837,0.0021930120521262723,0.0,0.01229819306093237,0.005888016032876086,0.0037956735779113514,-1.1645484247689778e-05,-0.00047488740191004914,0.0001361993439427166,-0.0002804022062287517,0.0013205504173461908,0.0017559361510011116,0.006483536038062657,0.029892709188202863,-0.0018633182637938976,3.6964977318428827,0.006076354273927646,-0.0618658512545078
192.778,0.012263461833102979,0.004394878796797522,0.007991555096701838,0.0018876917822625453,0.04888297808506899,0.0020072878340620347,0.008568031766285853,0.006459722485193531,0.0020131509825694724,0.0492056200487668,0.0012877265205958263,0.0,0.015335690867973456,0.005550107270774634,0.0031475799357920933,0.007474877377151614,0.014691790460430365,-0.00251846935809682,-0.0003624158632302896,0.004896158431808385,-0.000395624663526076,0.020180903655209168,0.026241929680426306,0.027608526775612416,0.8275748403529561,0.11266282407111873,0.026928833776228876
193.277,0.009695887294880235,0.0036816040570826596,0.01578073881213532,0.003092500138771995,0.03789556102789065,0.0012781946602961128,0.005213836606424833,0.00580637813862507,0.012745547270567724,0.07771056842306573,0.0002942642049275867,0.0,0.014001487679747272,0.01285206506130524,0.008747088075561314,0.0005058568461496298,0.003965537698289021,0.005680911948335019,0.0026498380743929933,0.036072924481733395,0.0006231292763149604,0.023681390599535952,0.014594350103034648,0.03943459679471899,1.6162491094826101,0.14292016914273986,0.05989312733140007
193.788,0.008191480875994708,0.0024641039285889926,0.0042781518625719835,0.0004977782280006635,0.05509038409244735,0.0018332938727073091,0.007207055831589389,0.00578052910704138,-0.001224889795339211,0.08930649682101147,0.0021182651231390964,0.0,0.011356785247971192,0.0013963437768312135,0.006111531098991765,0.009890050704470323,0.00030831668482362114,0.003069194202369637,0.0014908652845563948,-0.00030527466814575814,0.0020141749419306685,0.0411110652297731,0.009690017673984218,-0.006601468170360517,2.1312776917295677,0.1473523659764374,0.05763529621635288
194.276,-0.0012581736155239246,0.0018079723912205606,0.0037323494707151264,0.002796381463802762,-0.0041499211274714865,-0.0006641438944817087,0.0060188345120690025,0.011675863042489947,0.006122950547792976,0.10792824257683985,-0.0004015817474407722,0.0,0.013993530147429099,0.00574859100889818,0.004395637124277352,0.0025462750937828853,0.0030878260584419497,0.00846386579521192,0.006853702675292038,0.026630898198356165,0.004160315242302678,0.006493257796706508,-0.0032936134470618198,0.03569028941586982,-0.10815322717331699,0.1680759787864152,0.08640198789707838
194.787,-0.00024463011016349575,0.002781886320601247,-2.9021245456252673e-05,-0.001019365744053658,0.03897341522909637,-0.0012720326763277715,-0.0030551912830436064,0.0023176343782485022,0.015944354284406544,0.12407548934495506,-0.000708118567820543,0.0,0.006833676633398595,-0.006076279681056136,0.008118330445768386,-2.4039888307273728e-05,0.005549847775864276,0.010315385828821102,-0.00038952427489003324,0.023673731287353048,0.0018047588821500768,0.015667676397142744,0.009934567035895738,0.04263950424500065,1.5523371114075244,0.19597088169598637,0.10489481331489392
195.278,0.009865769447140344,0.005306912789157396,-0.0005558499845876297,0.006075625281408765,-0.022147409171637752,0.0015853853620516822,0.008819475481622463,0.012233463972123866,0.00877469873217316,0.1304253919068313,0.0038549914705691105,0.0,0.01880649054693418,0.015781197429160877,0.010698942598126569,0.008257301630034117,0.0024709259438231413,0.010966956644881886,0.008941701954167347,0.02575694383112464,0.004817604156613381,-0.005824722279760015,0.013748705034014297,0.020695711338164096,3.0277441839693755,0.20867606860097274,0.057711326040301165
195.778,0.006882301972427511,0.002320486307278494,0.009280983463206563,0.005618791376212919,0.017786826085585513,0.0013191731691167743,0.00651924862233311,0.00873421065579525,0.014493816555040716,0.07534092073851306,0.0044102537893218096,0.0,0.013293180000325207,0.007105128833897928,0.001703269599129932,0.012567056966482339,0.005575355791978818,0.012039825195891623,0.011137968573326799,0.022952385294272893,0.003782668278572196,0.027868713385702064,0.03420435514020321,0.036324590616886136,2.365747310561909,0.16114652023758894,0.06734471666493164
196.279,0.007157466203035916,0.002441756956565604,0.008148057423541891,0.0038911014586356404,0.05117184723820507,0.0010304260723712553,0.005376582805182511,0.019943310704899065,0.009408286517526796,0.1331408233657158,0.002533342563559887,0.0,0.012544037110957149,7.882495137354857e-05,0.005532307490609353,0.007302747182489489,0.008724570226185042,0.011540608541642525,0.0042930875796434965,0.0066442898310577906,0.0019258918890575423,0.01265997489888264,0.04752841559909321,0.055970656484747236,2.183999109257781,0.16409877852823465,0.13979370484147574
196.778,0.0028865785056449316,0.00026636583728990415,0.0053305059709506,0.003409920417826184,0.062892260322233,0.0018067577156129764,0.0048223464786819195,0.0009534142876405368,0.01040422225140297,0.14996874671230906,0.00029003809860427855,0.0,-0.0012154381396978406,0.013408932266830091,0.009440388306897701,0.0058494158784950035,0.002957785517700678,0.0120433407604544,0.005333022599136619,0.009508146378683566,0.006293356267715996,-0.007420997510179813,0.03304725651545974,0.0338150190927879,2.6842877301116834,0.11605279352639895,0.14686783338759662
197.277,0.008288677695101623,-0.0005638004968131343,0.011954776876339748,0.0008411771806001912,0.03175600244956136,0.0008567728879809303,0.004642773212231838,0.013729998051547097,-0.005376127922285956,0.11715206573541795,0.0018069623590337522,0.0,0.0021931118798780326,0.008985072148571532,-0.001916559169227156,0.007713048510723194,0.0009414833585493335,0.004025342118926983,9.648477785547142e-05,0.002737463035678762,0.003154130727945175,0.014382300690992923,0.0350851142732904,0.028065155211617992,0.8907019899821285,0.20431805839995051,0.06829888161942171
197.779,0.008693136371848225,0.001965752963704414,0.015245714085571582,0.0008697360352384707,0.027187062392151823,0.001758837909462454,0.004036617957333897,0.0026712528714735607,0.0032274032203039866,0.17603556958666355,0.004308386730861855,0.0,0.007352982153802362,0.007492955695307078,0.01710902560834558,-0.005585281627901238,0.007370120660713428,-0.004051579497308404,0.005286829021704356,0.02250950730527691,0.002806065616293606,0.07525137964125113,0.03255227122108501,0.03356925877430971,1.9592964936997497,0.1405268091650803,0.15026063502554993
198.278,-0.0003156629659998412,0.005153218183311641,0.007768567615017984,0.0038723358751439445,0.04194234866109681,0.0017558385266348607,0.00011793734847459528,-0.0008525324885149513,0.016734960954463814,0.16596076290994322,0.0028103002130525252,0.0,0.010888517765320188,0.01107305837854326,0.0008972522986132136,0.005256833257196556,0.003939234691119225,0.014169687549714559,0.005640847881131129,0.049042052381867915,0.002923121005438201,0.04807214171420595,0.009857552387203166,0.02193628695032391,2.5634725410263814,0.1584913055789836,0.14719502470230242
198.778,0.0035475729109254615,0.0031690995936601773,0.01564539273856414,0.005809146385409562,0.04508598493644968,0.0005999331736775967,0.0007813750466283149,0.005781174912106336,0.030266210246082805,0.16607972368263324,7.015981693078798e-06,0.0,0.01067015469720036,0.0075012029560468175,0.007899865776181804,0.010011704447656446,0.012340433861763443,0.013045493097916609,0.007151004333074957,0.041753686033632935,0.003372644530607305,0.020625057300939453,0.03872778729970211,0.02224765960571551,2.40251516517988,0.13225980563293868,0.22862246496972785
199.278,0.00029312882984499554,0.0032531189913531304,0.00782978552021036,0.005255644370030931,0.019968881377992385,0.0011588072962715368,0.0007124255935860547,0.0003862573670364829,0.012071277902362659,0.1983953532096909,0.000577908814333196,0.0,0.012033222822366891,0.009958883116785139,0.01052291754492386,0.0003115369803781644,0.0041426042353949494,0.016275189798192067,0.006567939990342232,0.029533406287999144,0.0011310555011596964,0.03358957413072596,0.019282890728911574,0.027361542200192344,1.5201542841103497,0.10305648756748552,0.24585137928214074
199.777,0.013940785827767815,0.0012677159669542118,0.02240767321240508,0.006560435151011581,0.05683973315819837,0.0012963447302191122,0.0059469388868455516,-0.00299904177004112,0.005022174251724086,0.26042446194993046,0.0025514331175179646,0.0,0.01755140274576099,0.013658936997756374,0.00462777464035361,0.009223900852304345,0.009299268250751891,0.01009304808994322,0.006203447719967571,0.02592453648660127,0.0026662667790566807,0.042207372496320096,0.05505085193618796,0.009549212586406562,1.813395988677925,0.2348409101321638,0.28760781243723693
