Time (s),ROI.E [],ROI.C [],ROI.A [],ROI.F [],ROI.B [],ROI.D [],ROI.000 [],ROI.01 [],ROI.02 [],ROI.03 [],ROI.04 [],ROI.05 [],ROI.06 [],ROI.09 [],ROI.10 [],ROI.11 [],ROI.12 [],ROI.13 [],ROI.14 [],ROI.16 [],ROI.17 [],ROI.18 [],ROI.19 [],ROI.20 [],ROI.21 [],ROI.22 [],ROI.23 [],ROI.24 [],ROI.26 [],ROI.27 [],ROI.29 [],ROI.30 [],ROI.31 []
0.257,0.21781447709368362,0.03601751316385989,0.024700259898089792,0.14627002066687697,0.010763666893027093,0.14982838018200992,0.0,0.0462162918577028,0.023782962417041628,0.03166163249959079,0.044213599519235584,0.019954509452974147,0.025894280403737917,0.22998258599006885,0.2440081337751964,0.2455907360115017,0.26723677590559164,0.27674752378304895,0.22404734930798836,0.2046528796002179,0.20778601051215026,0.22810627912366674,0.2282609877389727,0.17873787830626794,0.23758397537540796,0.15812689178536923,0.08351082172652223,0.028647385447031378,0.012524980429971603,0.01058539728974988,0.00999720041232008,0.015334020811473935,0.19931645474168774
0.78,0.1988278692043016,0.032687585101272155,0.01916303803209211,0.12378816489097641,0.009729215731472026,0.10352980335317306,0.0,0.012188245770407427,0.010895531714174985,0.026959632802540955,0.03729199680928443,0.01696497597362719,0.023568708261958754,0.2076326048991524,0.22690202027488213,0.23912583762481773,0.2008659255310579,0.23432306802348998,0.21675142051533638,0.18888991634173954,0.20303385269861202,0.19796093574060086,0.1893263814995561,0.1574007028162989,0.22637751841352674,0.09392522456242904,0.0886060329216691,0.04096153072608356,0.00522340363710634,0.014434476576405848,0.012075040237595511,0.014932116086667356,0.14011905324068955
1.277,0.1750488551401141,0.03160487984875656,0.01720453243658197,0.07650945212597464,0.007241902290491,0.07097526898317547,0.0,0.020371581741727013,0.01721631865278728,0.01472646352492437,0.020820418045570672,0.018883962289071785,0.02695458412137173,0.1814150990261529,0.19805238942117112,0.2190878515769669,0.2051865456509322,0.2146152767064797,0.202049687806095,0.16215771185563863,0.1692031420817117,0.17962505992821556,0.18010642703678298,0.14497374305116378,0.19858602455247257,0.07744817598730251,0.10259482825054485,0.022872821789740507,0.008510176979797371,0.00671748352447035,0.01004942225080008,0.012114477388254635,0.09184252349820493
1.777,0.15484109886883507,0.023209745316609416,0.01321112793411155,0.0947551193554807,0.0047249526829069525,0.05672121878451745,0.0,0.020087987856958388,0.015992551873008472,0.021452637383645248,0.017551119853518784,0.013239461220047552,0.018341712147539314,0.16722313286977988,0.16319703311957678,0.18739234253167533,0.1668348788760879,0.1864334658396212,0.1603623370030555,0.15480045132139944,0.1535419342510659,0.16235108272100457,0.17373347965513566,0.09922492570733833,0.16803972943465625,0.05231546228083062,0.02685079128896269,0.0495046790916739,0.004350263331338844,0.007723253348871655,0.007077048046477011,0.004292123450656429,0.09252949531338646
2.278,0.14643861972917072,0.01948580116494127,0.009006472859657624,0.14312279528247746,0.005481797316434993,0.05530342886861324,0.0,0.005430038348424438,0.015866855821998746,0.021707136707629342,0.010836551676194574,0.004952296489096615,0.02351115178295603,0.1604754115938486,0.15142889255773742,0.15992375699957592,0.16514627612408275,0.1794450194393678,0.14569458380749017,0.12054816468102904,0.16167239642583886,0.14468338880661727,0.16964120350638992,0.14038994261606177,0.16592394813364206,0.056496025584792414,0.027740733408368287,0.04927092722604605,0.005558266506672855,0.009983132439911287,0.008763847043708238,0.005414171648451187,0.17719391597461248
2.777,0.13070588208532838,0.021757441402324915,0.008819715578453064,0.07815181700142981,0.006388811883332542,0.05755292448794079,0.0,0.026695097403499488,0.008459678768669857,0.014469403820898145,0.017295220566820424,0.0031830885644856827,0.016878632369843608,0.14560404515858544,0.14660942217772469,0.1191895769125537,0.1554448003468973,0.17030409419157563,0.1257080923535051,0.1354163651503046,0.14712920102395732,0.1250239232138286,0.142281205715838,0.12248169482004354,0.13136314207507133,0.06580726827071638,0.05845551352810809,0.03564153061730089,0.003675842401893899,0.007815900131612395,0.005502026756116413,0.007632331695325469,0.11429026461288556
3.277,0.10484619738305032,0.004588832861279419,0.010502001944533696,0.0506681429502778,0.00423186410117079,0.05977452399707211,0.0,0.02653948108770889,0.011038399248537986,0.013722617124516123,0.008407670390753463,0.008058159355283277,0.021843259185612866,0.10796033207004005,0.11108404797094991,0.11878311220772049,0.1107370679838986,0.13895633306127,0.11010794290510527,0.10630758252111999,0.1118777205654499,0.08940213152790691,0.13830135208522396,0.10005301556884388,0.12883583008225974,0.06425970613791378,0.013517190348765569,0.014693425752656421,0.006522263095977694,0.004713466399617555,0.0043861257318339045,0.00755907292345764,0.08435838131040678
3.778,0.1010087937327145,0.00859555768888203,0.011834460298041374,0.07688794481451619,0.0027706181772335354,0.08351102073066785,0.0,0.018889921261041408,0.013328171424472735,0.01118567280132607,0.01766351118942826,0.015336578852806405,0.019051426109304007,0.08210853006221419,0.10380479421752656,0.10796415017624275,0.12085862606548142,0.15106181680727254,0.1291653345078868,0.1008792148130984,0.09606809308708984,0.08483732017931009,0.11660021366957998,0.09294538696807925,0.11900611484707443,0.06674807794695195,0.04836116928067142,-0.0018466658830387128,0.0023637955008485355,0.004034989960778589,0.0027240518800951737,0.006827907034395189,0.10235812756068022
4.284,0.08311313081079778,0.014418105391232667,0.01370616186889425,0.05364033068750449,0.003041819129623655,0.019869929236193733,0.0,0.021824575379528588,0.015674626225407377,0.004260871875524584,0.017333242071035752,0.01471920320793373,0.029989369823592935,0.05707163026558534,0.08882220671690551,0.07754839226683888,0.11270216454265207,0.10432961559689403,0.07722661038115579,0.1029700347819141,0.07479433113534083,0.09366541886359459,0.11595789136977468,0.051517463124396375,0.11105831093703626,0.004206338516192971,0.0717042909612948,0.02451091432160354,0.007375547998507138,0.001992139507196496,0.0025092122896334377,0.0027707116607072705,0.062492410526525315
4.777,0.08248865104389302,0.013548535970935765,0.009693746896877747,0.05148960242627929,0.00613126075074953,0.04039151448837622,0.0,0.013024444396433616,0.0033381968857368266,0.021588855881753893,0.024820731655131507,0.0064650367319095126,0.01370150822743204,0.06965257422296642,0.09928127691184101,0.09202925512666046,0.0819769860487583,0.09440200415178751,0.0708585396489087,0.08147501931526463,0.07866580228122814,0.07533421343869245,0.09922093040258047,0.07319501292388735,0.1175259652908806,0.03376924658410114,0.05109855373963371,0.03784647276735862,0.0088697299489796,0.0074943008536729055,0.008567868042980186,0.008264873538135606,0.04361749728926053
5.276,0.07580245199210592,0.008675370582072102,0.00672996749584627,0.042581665523319635,0.006807322920518184,0.0003398436493447449,0.0,0.01804889335288293,0.0142573573831918,0.028756628203660456,0.019220114133510047,-0.0022426180932842306,0.007246865297071435,0.07338295779131798,0.0935080674769281,0.0748551784842669,0.07786574078266087,0.09764696017169854,0.08177556631022016,0.07823276781256151,0.08402799267521036,0.07625927245144762,0.09784953696520259,0.10361268518685537,0.0998903902521085,-0.002244144135996693,0.008231249870392825,0.0332154171419632,0.005622875805098965,0.007734151499448603,0.0039937508952551295,0.008999624062299314,0.08724417949847525
5.777,0.06530322303729735,0.022638876699359788,0.0062273865754749426,0.09627830889989243,0.004648982812708652,0.013679782210227557,0.0,0.015075385074013308,-0.0011525161476107879,0.020424836621995932,0.018057589850876677,0.0026846885878945067,0.015354529776465254,0.06850002502223476,0.08627414618502148,0.0655201307075782,0.0644245262732836,0.07080187687535709,0.09644497628796316,0.06463126723108592,0.07929797340340412,0.06445316603125632,0.08355125851827182,0.070695382598006,0.08308981452031648,0.013151094498221716,0.08136694588688467,0.04097955596104698,0.00044146823667187744,0.010655996723953867,0.005386740365744001,0.008985146283914587,0.05387625085103964
6.286,0.06140240673887989,0.012255427604865733,0.00938566050498106,-0.043283070110716935,0.005965503364008839,0.02645471209454869,0.0,0.003769346314428444,0.008749624757303093,0.01428568275941371,0.018113888548957065,0.011106387836048332,0.019538880517021295,0.04715237220452281,0.07674453018474021,0.07200464287827431,0.06352153887645845,0.08429309245591073,0.06810671728024419,0.0722220394883483,0.06330111594102074,0.07555592460707115,0.07574527014229492,0.051750783898986734,0.07687197498198886,0.012326364331334522,0.05584351455688249,0.010657717825891897,0.006690682697610285,0.0065348386839605725,0.007196027137199718,0.00632578426858239,-0.021066917464301886
6.785,0.05575945647836204,0.009459757788222454,0.013831703948353263,0.06920197510285361,0.0046900569321313085,0.045169717105265295,0.0,0.02163379413635752,0.015263821528967882,0.008745001003661898,0.009834089478925348,0.017408016315758397,0.030141399336665323,0.04639881008649648,0.09344640494019273,0.045849972033079965,0.03637436259309038,0.06887908599790483,0.06707385937320809,0.0653251354420216,0.05754061011589929,0.0652620082231806,0.06015874209760184,0.07604784831728385,0.08138037122680561,0.04365228362830256,0.047762377280802196,0.018553550138035373,0.005676308697082701,0.0072225787456299435,0.0071658691238907475,0.010517117039229768,0.08765876362287875
7.285,0.052357560181054134,0.020247825594401463,0.009542144408569327,0.05717630316613483,0.0020622358805258397,0.01717312953320662,0.0,0.0176473400412101,0.009834289558464,0.021871789968366286,0.018104162170846018,0.005404231730022973,0.01669843351568604,0.04219655408942554,0.07564630418257019,0.04471572883352261,0.07340475395423222,0.06844692399940981,0.052972864284047586,0.05321384328822695,0.039351057087077895,0.05976066400230436,0.06625901196385414,0.031175733372049395,0.09672783158877936,0.005936107347196251,0.026909760716566845,0.04931377620784742,0.0019969539027534693,0.0024888397618534792,0.00812788980350416,0.0008349617415280439,0.05482929739372536
7.785,0.056147534828531104,0.016236528441012133,0.0050780241846330254,0.0030084920394781284,0.003370473628655899,0.014831935598168262,0.0,0.009137824853088582,0.005368862711744455,0.03005352398038846,0.01946847475365015,0.0008934888526964254,0.001682754988049206,0.07991440890111105,0.05986457250409775,0.03394753382679732,0.07519485307812274,0.07076851505510923,0.057813636690881486,0.0454825156663419,0.06750011008385692,0.06163150488039612,0.0632086966466922,0.08421284367035159,0.0761228390685059,0.02301057725966702,0.009161440741256974,0.034694675036431415,0.0009871759398370902,0.0041774936232625215,0.003510361149308269,0.00456601391930262,-0.008517050397458356
8.277,0.0458001012045231,0.011322856766498978,0.006992568295045742,-0.02112656943135367,0.003957980213591536,0.03474203145281307,0.0,0.012067189401879473,0.006762022168292881,0.00825306706944253,0.015677829395539508,0.004137151724079797,0.017102410009834635,0.059217346018394824,0.0529807191405288,0.042748791626008774,0.058802509519448716,0.0645040919412058,0.06667517102327884,0.05870059510196665,0.05281040701837918,0.024199045380977408,0.041887964881456,0.058423910630819,0.12131717890615464,0.034949943088662866,0.0677638196777967,0.015343075954529536,0.003854750821900834,0.006793741650809557,0.002463908578067707,0.005669210671008016,0.0037192935883423243
8.777,0.04125886901693562,0.0003080672150743935,0.009407173456585326,0.019329371763524856,0.00244960762413057,0.002991667255806414,0.0,0.018708124584925222,0.01102176241764689,0.01393263669095861,0.006979670161792939,0.01262132819453041,0.013938433978887093,0.053698773105196794,0.05508697148205984,0.03455024938187634,0.03551974194232725,0.059398844260569544,0.0515552545235085,0.04859697236480424,0.035139589029375376,0.04368775574899303,0.04939810638793771,0.04881196573539031,0.09561998974399562,0.011238258159665246,0.04163432554251457,0.005534847104823448,0.004066837084345263,0.000787789787264847,0.0020534318499337376,0.004554858574667528,0.039515133640053636
9.277,0.0313980148176506,0.00467832813315968,0.004666827644659207,0.001934633062232948,0.0024844665593028864,0.03842479589842491,0.0,-0.008904315767716518,0.00442174251363665,0.013304975347882228,0.00354728330348008,0.009488876409785761,0.014882013277595007,0.04068048207585801,0.057211814008696474,0.04293238893540114,0.05018805820056432,0.043860591511545935,0.042560167395247796,0.04342678857494889,0.03032072465645117,0.024451455644596328,0.040680293712593074,0.02563283225149594,0.06853954805087033,0.02984785994722949,0.04761242298908446,0.024075594440111023,0.005754388590420779,-7.925506432433154e-06,0.0042641910550415265,4.208674922037889e-05,-7.7805834266633e-06
9.794,0.03257487627764576,0.0040071737524065044,0.0071012604193917,0.012529186675129674,0.001471465271773552,0.07628854099983018,0.0,0.011383146168070273,0.007413455813176853,0.01716706987085721,0.017551893080012808,0.007591915102629838,0.011560082088439554,0.03844692243427391,0.033496720128538424,0.04180836819064578,0.04640326311965429,0.03367938257493251,0.049479410252379806,0.03764024936456645,0.02595567556668681,0.021478701854295863,0.0377657629353592,0.03132059193703066,0.05627179904723718,0.06646038516626039,0.0488237093139055,0.025768600352964074,0.0007101469429733261,0.00689768282574132,0.003855324940906435,0.004956607352581547,0.019147180858160945
10.277,0.041972911923688204,0.012004908890874431,0.0030841433235751074,0.11385173116613626,0.004263621927493573,0.07271520438755309,0.0,0.019139001786617385,0.017413534168810578,0.02945537304113406,0.013850804413487896,-0.0031473074639061225,0.0058377467912070465,0.05723645214108147,0.025436679149365204,0.03502032421446029,0.07034777606967724,0.05394701037109099,0.06680331672255627,0.01985124817420452,0.06529700081952979,0.03624993810607491,0.06129494171907373,0.0720995391422122,0.0556752431963348,0.06663177189597473,0.04285565550860134,0.03558504772947023,0.0037341321081492615,0.007805361578088956,0.007618424447904794,0.002694850730591268,0.08294740669049198
10.776,0.021003591521749722,0.0008132981845320898,0.001499669983146685,0.04384264186554653,0.0003277316895540127,0.08116284482476417,0.0,0.005703904536799625,0.004278623030708658,0.007926828848456545,0.007889882002736442,0.008250106991365618,0.00522314952036687,0.02640981787382451,0.04909754242064663,0.023457795487724198,0.023954674481753802,0.009322305381792472,0.015920024430734304,0.018121602859053173,0.04101501356175153,0.007143796727667537,0.05590594260690387,0.02189621225992677,0.06182194591518578,0.07544638564599786,0.056693189435383214,0.002102366326166709,0.0036698795179522584,0.005125915817222397,0.0,-0.0002464017681436096,0.064045405488183
11.287,0.019816166000809876,0.004892236168710252,0.004551556120726748,0.04952660716971856,0.0025533755089644193,0.04573812287173838,0.0,0.015757845794505808,0.01294956088433922,0.006737068406506442,-0.00015260322040174074,0.009119161914151434,0.008431298394130676,0.028155529734374293,0.004940237586193616,0.010406815927874886,0.029006124320603736,0.04028128674739651,0.019716149487927548,0.022018681955094332,0.02365213092098805,0.013634221181727127,0.03730892013427344,0.04474740245482205,0.04313615593116149,0.029186310285228688,0.038828133238060024,0.0035801416289177363,0.002068846428202097,0.007460448456774848,0.005486279793376779,0.0021609190781973616,0.0857683619052003
11.778,0.013753448890765576,0.009522555513739803,0.007745035373404829,0.05171906144124091,0.001771175593428438,0.05439703594951974,0.0,0.005220058928094312,0.007685510063021656,0.0013246604449619276,0.023931755812080117,0.016605225493286507,0.012092289254983849,0.012827298264535538,0.03904219154843815,0.03328868974017788,0.020289868442040563,0.025717631599304357,0.032576742400995236,0.0381044608524537,0.01851565759569842,0.006893055130051463,0.025590506594529525,0.013314936217153114,0.03621106880945983,0.037628705940149706,0.031311346936714536,0.019743894552076886,0.001774509344956277,0.006226777057020312,0.004291971871435105,0.00548359667162142,0.07915035938079172
12.278,0.014381375611534663,0.0009216074305715658,0.003456789846181233,0.10654915384040607,0.0004939967899927069,0.04873898444032786,0.0,0.00438125472206735,0.003942289024318121,0.01165052510433352,0.00454317604647897,0.011160350131790887,0.005825920487506011,0.025919226626448223,0.030959332265063824,0.011132226927278022,0.01775544980901767,0.029054211647821467,0.01025596972296006,0.025500697976028643,0.04779756393863247,0.0054535134519266,0.01734134614005671,0.017178954407329673,0.0374434016612265,0.0669166926286552,0.0054397166454391915,0.01563951322167183,0.0028080712116492156,-6.054660865916857e-05,0.0015036951686117864,0.006209100148655711,0.11764377546589921
12.788,0.018802207205800274,0.0026056974358647294,0.004783254825376687,0.09377539102540003,0.001574743656102388,0.06796059347691005,0.0,0.009981939133439963,0.0054802872827409005,0.014935210460447363,0.013293164222823832,0.010583385139916343,0.004821883837180042,0.03231629298803178,0.03344385580723517,0.029193330869780574,0.028373403089153197,0.052480364554147604,0.03065463475356925,0.02404378253563611,0.017286845270392422,0.03188439073736085,0.02390988870610847,0.032542575123078184,0.051641506169401344,0.06916042761748427,0.010224742721689314,0.0313919037447818,0.0005784698332331555,0.0032764643802553972,-0.0002520297487173937,0.006426823760892246,0.1342847404627767
13.278,0.018973975249781744,0.00306406747642369,0.0046391581709118185,0.06933313193854898,0.0031613066268687167,0.041407395755837906,0.0,0.023796206386597994,0.0016348452611761241,0.01705545630491551,0.01585395355009292,0.006595595121100183,0.005066426345513338,0.014595862785419692,0.019731162957951617,0.03164230147930047,0.0310890855842067,0.01452739537206741,0.015242943805701537,0.024391988161466108,0.053061389555089336,0.023330621939171077,0.023561544537238605,0.05306037375085768,0.028886174098088854,0.029221189737871914,0.034285918953773746,0.018583971462872006,0.0009376404543362872,0.007783162785405655,0.004980609155667991,0.0075114168737996185,0.11429217924459596
13.778,0.012426790384132386,0.007967948366911143,0.0061389140729413184,0.04616500008655215,0.0036080757369108415,0.13423613236948673,0.0,0.007847026226598849,0.0015194486667153694,-0.00019111508931458687,0.00613413328112019,0.01323306597853754,0.01747906612142679,0.03357894139439249,0.031060132521014645,0.02690770609241623,0.0069742624035604205,0.030640048158407623,0.007414687159772775,0.03688420845881766,0.03639829367763457,0.010541659574626319,0.010813473713327007,0.022304340509828664,0.0167917858124853,0.12394772329269554,0.03280547818662343,0.015982481176237833,0.0072176043842292325,0.002299892154658143,0.004948909636226728,0.0038878977789090965,0.09373004987961651
14.289,0.009001339888191587,0.006596811798823827,0.007297544988696119,0.03807309338276408,0.0004935475234060427,0.11886393122557179,0.0,0.011683753835007945,0.004350012627758647,-0.0003013409327669884,0.013137827601411724,0.015934195606631386,0.014924194591737456,0.02173378494176993,0.030718715430869684,0.018877934508641322,0.006511596809187544,0.02395061629399795,0.00633147721904615,0.04056002015292692,0.005834002723787033,0.019919884169875342,0.006584506192650318,0.019334907421237207,-0.01383838187992136,0.10404205702852651,0.058658212363316704,0.018214915465590273,0.002466963029870065,0.0002644547438014929,-0.0017793424954281147,0.0022339373940101514,0.07432665516466865
14.778,0.010101914258580575,0.0003132116178589826,-0.00032444254411581364,0.07198432686591019,0.0018752709821222195,0.06156881729575793,0.0,0.0048724967386205055,0.00548142401551013,0.01767551508330067,-0.0019218916389823044,0.004839961161349019,-1.1523253030625008e-05,0.02341732830125926,0.023563637083612456,0.01778696387929863,0.012394211508693813,0.030564627118575122,0.03378340201674779,0.011694145712404496,0.02974471916521599,0.003200196993185625,0.015594471952365112,0.002504260279119946,0.019804454004403095,0.059598381242118505,0.0007159693683442394,0.030418979713720113,0.006471158491415011,0.003947764418151849,0.0036116050449663964,0.003379878938444345,0.08883728607655658
15.276,0.007439298684796235,0.0005352811365055245,0.002980038206053695,0.08470323500884702,0.0022656190078937455,0.10099687225099231,0.0,0.013565766450420408,0.005401091462893356,0.009252651266085508,0.015478302294351732,0.005177017527118087,0.011373807886220985,0.015295682535509322,0.02740854673358234,0.017111702392609694,0.03256420741349402,0.00830882754301457,0.00601811637181921,0.01721404260338113,0.0077658181347427324,0.004377999399789695,0.01319584139287479,0.0004556018124883223,-0.003490782837518312,0.10458517122795231,0.049671246032929946,0.01797758333515528,0.0022865419780038173,0.008625069616765652,0.0028180162557897726,0.00416608941127053,0.10154887363723386
15.777,0.004350817170133942,0.0010968499451709805,0.007722039977626766,0.06440816925949629,0.000706532201978578,0.1443881886197667,0.0,0.018083235168417693,0.014796563119078976,0.005479288500738891,0.017482916605940275,0.008921302081883907,0.014140584992849085,0.0036820834968627064,-0.003230797282770513,0.018495803086440044,0.009161603955141543,0.010902684399881001,0.024591807350250076,-0.0006185649467567126,0.0016542270285575757,0.008378707214278283,0.010065075116573272,0.005172951821300649,0.03429247686590248,0.12870784822946899,0.07353937394817756,-0.006923553249279972,0.0008666373649973471,0.0038200198411268912,0.002031118720290032,0.002299007377609542,0.0706416777019932
16.288,0.004981404394302607,0.0036777497790830564,0.007075178099129497,0.017404789410473725,0.002989049369274653,0.08873012758113524,0.0,0.007063685438417634,0.00908267471207457,-0.002696153972768134,0.010334451030641,0.015534369786383397,0.018472665291122237,0.014310935820929085,0.03305864334958631,0.0028428440073708667,-0.006128699608357258,0.01254615681917629,-0.002062633006237432,0.03759717254829275,0.005283506029935755,0.017965652941340574,0.0045644513807299465,0.011835538770930009,0.023887712987216883,0.08535497403487848,0.043796507235986805,-0.01203290706483425,0.005646746806080862,0.004418196593154932,0.0014627296826954191,0.0019628625645473144,0.04607589997643423
16.777,0.009641993303589117,-0.002101340054471316,0.004071827866722196,0.08145023107376582,0.002063166696683284,0.08834246807419667,0.0,0.017513711925200452,0.005761293111900422,0.016419803062517616,0.010755801366105768,0.0068517145713918445,0.001713605765546994,0.02622483534478581,0.020942243265589088,0.01782281638279119,0.025510097947441624,0.031940240283412226,0.017551308452715166,0.013460683180752742,0.021236215753426334,0.02015864934910213,0.007550851855455325,-0.012324927463560778,0.04027428088327462,0.07893504158953686,-0.00666954233527774,0.022002928777306183,0.001973120464494294,0.0026412507974056076,0.0029241938449039956,0.003203435400685569,0.10051481438982195
17.287,0.006817611721882626,0.002952637542470049,0.0023372909932883354,0.02741034255913476,-1.4824283067371054e-05,0.08612258899954577,0.0,0.000202950019691362,0.0019889077835250906,0.017038098957991025,0.012992665721012157,0.004529869788155867,0.0008166810805545267,0.02361818019327732,0.02979796171639708,0.014192229506915217,0.011793438153784792,0.018888708361304032,-0.0002138294541563022,0.011752668276901952,0.018525332906787585,0.007882438817557812,0.007356053761738316,0.03726206930220478,0.02494098569223356,0.07644311866588188,-0.0032544999756756,0.03425225310695326,0.0019253812768046134,0.003626381393581032,-0.0015413008415133035,0.003612930369321285,0.032066752243784157
17.777,0.017780645203588175,0.009942229946789812,0.003819787003466731,0.016132887675948622,0.0015938351454116817,0.13604734283085262,0.0,0.010599570580374737,0.00451824422190401,0.007824183644775686,0.014546440130476311,0.005664730832269819,0.012025296385647226,0.00762777512530497,0.016544852043231605,0.020795490832307834,0.05720173461556356,0.014806963691560827,0.014563811020718655,0.032622937394367175,0.03926462333918295,0.02130345368113451,0.011883964049838233,0.054647318991603806,0.045029908432764214,0.13156746692948443,0.05221531712137219,0.0211417019344864,0.003210547327350127,0.002791084478982164,0.003189411825667851,0.0017368994395370672,0.01472347571666361
18.276,0.006728435916429835,0.003682501591433066,0.0077197641174206275,0.0329149489997013,0.0030037976740876957,0.08459637162412147,0.0,0.020600479608878005,0.00793348116188248,-0.0030336231668757923,0.004938085826606308,0.014315913035993987,0.01483211911639533,0.025596152657758196,0.024180057752933474,0.02481768567187783,0.02128877691561701,0.015586239020449862,0.023032141410983448,0.031960855566824466,0.012405163404494338,0.03334087430721141,0.024200501178682433,-0.0009111113796442124,0.0166369461912726,0.08320419042106145,0.029643032551384677,0.006926501223378529,0.006487674829181436,0.00336140069206708,0.005378099806781053,0.0007594120221971278,0.03465612672909203
18.787,0.0030404996298879776,0.002922566031639509,0.012275391178861934,0.018947140546667494,0.0017920766730127589,0.045458580538334264,0.0,0.01212210196457772,0.01301712925109488,0.005569380190063832,0.006316488284239372,0.023104845832199974,0.025867273258025267,-0.006748018577799301,0.01861353275478684,0.027478830095313454,-0.00337336069727959,0.014888251348473084,0.025175779728503763,0.0019086665040603035,0.0181613391518391,0.023350107363657616,0.013377966963831731,0.006921401604352395,0.006031994894693885,0.04725298026829522,0.06629695946962127,-0.0009738595713421552,0.002908834173078578,0.005615065083608005,0.002416350225998501,0.001760120820317559,0.04142650584138755
19.277,0.009016847462789575,0.00682237072201953,0.009049928452415514,0.005273299421789782,0.002601824851647918,0.08129607688854394,0.0,0.018273420256423922,0.014372750713056137,0.015056884645635992,0.015260652549296426,0.014149788400938612,0.015783699639937362,0.019473736478375976,0.007822917429216175,0.006771435572820296,0.02837041458918886,0.02669807568226162,0.029855722655928257,0.027970609618406916,0.014710246786233587,0.03247838122479082,0.023323988150154563,0.0030357618159592183,0.006598493142429382,0.06647596944085435,0.007816730748104423,0.030808492955288157,0.004272170171110758,0.0051171844170684,0.005931778325524133,0.003977000001140674,-0.0005567206828189344
19.789,0.006038335284926455,0.0039084286816625,0.005455278949381183,0.0259599888599916,0.0034496160857558937,0.04830735745925078,0.0,0.009349225509713104,0.011646294795251843,0.027140160031629505,0.00449750560469074,0.00996988132028425,0.010970306303151418,0.01887008658575682,0.008100707890002418,0.013031347098935303,0.029161656880355387,0.00076033682667613,0.012655784379836091,0.02364814293921305,0.017221630882052707,0.017890203220151203,0.03176189851146576,-0.002556504150311931,0.01708187796031991,0.04069781322183239,0.009087340566693419,0.022223660493763005,0.005502835305754688,0.005552263735472598,0.005955646565495565,0.003964933122281385,0.012713995605150956
20.276,0.009720787130462906,-0.003348424155830562,0.001838055829358477,0.05221111930832418,0.0005207839414405147,-0.02011790068293416,0.0,0.009482700886514714,0.011999214999563131,0.013075938834960813,0.006249267991191574,-0.0009481997550436412,0.005058541152091855,0.0375583108470263,0.008807234606002088,0.021015425011169375,0.015101792430633872,0.029611344835599535,0.022497087976000946,-0.009975269579607902,0.03415040540377475,0.014225943731727888,0.02614774097790156,0.04891383866779933,0.019554593063741698,-0.01957614121041978,0.007656607108736874,0.011993837220706072,0.0020081500525531695,0.0020310146213099772,0.0028299787873149592,0.0008491257998632695,0.06537336795231855
20.786,0.013740981099180318,0.003047677821205329,0.0036107035177889656,0.02673264007407056,0.003110221216358425,0.015160177851100104,0.0,0.009756278046339118,0.003063608782630858,0.012272325188395434,0.011067194425120283,-0.00033710506645801046,0.010383860197232156,0.02073820912537462,0.013914140269790935,0.03678185860943574,0.05094269095358779,0.0342076419568283,0.01619952017689194,0.028144535587002653,0.023992250620404276,0.017166722843066737,0.016458223343330487,0.0286904890727765,0.04301702292597447,0.018688472636683835,0.02568340711390237,0.007942316749490527,0.002967524614419814,0.007863934511710368,0.0052027571426020965,0.005163893041680204,0.06386191233662043
21.279,0.012904254210703629,0.0077696954711607,0.006819128591182813,0.03324637152583801,0.0032375975532264764,-0.006320209824936656,0.0,0.01770148163464306,0.005376889843434497,0.0012551664474906342,-0.0012766689450884098,0.01580919402173774,0.01716137030415175,0.024860299805646077,0.016627294511210998,0.037230980784055324,0.04614793423711054,0.043457241745111064,0.025757524059827702,0.015282007702363452,5.298216221797868e-05,0.012411581366937,0.017415073793288893,0.033444989332314046,0.02108312037883081,0.019267505798097575,0.03555186239735571,-0.0009270691150381579,0.005451786252669276,0.004405796461177785,0.005654508282881517,0.0022664731209404397,0.021791378838964016
21.776,0.00920741567088834,0.0016734433190701348,0.007049760451942667,0.01295194151074018,0.002244704819775008,0.039414536628893486,0.0,0.007614198071783041,0.004041824740777964,0.005377437285455414,-0.0026436106901607205,0.01499753142489879,0.01868812499163909,0.025799727281636486,0.04718103436207054,0.0229642234155173,0.028577794877068245,0.01858334192731606,0.02338638667594652,0.02707443051647221,0.020925191107665154,0.018695913493063397,0.020117264478286562,-0.005464599703488732,0.005202012588000651,0.03285512250216878,0.00025421716516715306,0.01122500274114212,0.007519363382717061,0.0038583165674774054,0.005334745966101173,0.00030501473390758964,0.011861349280144507
22.286,0.00856374513940451,0.004886659654344143,0.007679794535942886,-0.006162339086224433,0.000814847384988925,0.0016842534332513273,0.0,0.0103186742492782,0.0018134017192146337,0.008689890683369802,0.007818279196145023,0.01440433397768834,0.0215735067728473,0.0023774816195404236,0.04575058009194588,0.02278027791064856,0.01395256499981065,0.01871126359171834,0.008491205438946482,0.030319334078335324,-0.00016955010560232842,0.01908310334368175,0.00686464798220739,0.01099996576258418,0.019998595964462306,0.0061974194614861375,0.029834497432907302,0.020118825881868287,0.005898719010204669,0.00127482764610609,0.0055388692665604205,0.0009244834014638545,-0.029547898916186057
22.778,0.018089418669841067,0.0011353927017610822,0.0011802350866788912,0.021371672901801225,0.0027432862492376723,0.044253508585233345,0.0,0.0037932061555022924,0.0011176427360187957,0.014226869099331019,-0.00033776726052109314,0.006917992663645055,0.006076148080514247,0.026080338151478387,0.04085147583521061,0.014315788078867981,0.033322821633186915,0.00018779539661823398,0.0342003204036312,0.02814700258698515,0.035501592025195976,0.032871199454092406,0.01381072665968365,0.030910844965527498,0.029616516963565324,0.04228475026500201,0.025616776304211223,0.021973568423065245,0.0047355423592156404,0.008192249429927786,0.007096553204616743,0.00013896408235032886,0.04169947462461848
23.277,0.011627037884450289,-0.0007971651080190365,0.0047669888915123325,0.05090494906597175,0.0019087898632816304,0.0393525554070551,0.0,0.012362702236594409,0.002547975583772421,0.009816230222328484,0.007048575601294029,0.006442259990672064,0.007521912960961785,0.02629556637585135,0.007216050959685946,-0.005094303752283659,0.038532896239558544,0.009741213446688445,0.020677181274876798,0.0340588739129811,0.02500301837185304,0.012148505218459855,0.02489719157198408,0.030288284986899453,0.033618532248948,0.014522918468320403,0.0172104086193543,0.01253252625668498,-0.0014447741691559575,0.0027703921052956945,0.00329792132597679,0.006507899061407815,0.03788745198138607
23.778,0.002535422570463956,0.004538891923386061,0.006676784134604693,-0.005448642735824483,0.0014419940895311855,0.026062563146713024,0.0,0.004589626186967297,-0.00031826409741606107,0.0030689241913222447,0.0055162328366306235,0.015304696669059113,0.027517715758774725,-0.007583099972743669,0.01604091169713032,0.011727325021973541,0.007769965758949498,0.022176510336778657,0.0031103167184412554,0.016891046925105072,-0.0012505389412293595,0.028456147624567236,-0.00020817064086009276,0.004568328580989926,0.027463863298362808,0.017389958833720097,0.08596305696775058,0.004007246538271119,0.000963808437192932,0.004037978077310574,0.000930912107648973,0.005130746984724189,0.0333155238262725
24.278,0.0016335696612074636,0.01619071959719099,0.010265607585417334,0.024911536846526246,0.002318209404938645,0.010848196557876376,0.0,0.010034567206532955,-0.004402929114497713,0.0027991104653641383,0.014095808280755772,0.0150196499659072,0.03515213331618292,-0.007929778485616256,0.02758766455954737,0.013689995985333008,0.020676549746763036,0.0014890421580682628,0.0005875386600860064,0.025507870049035104,-0.01694109390808954,0.02318066334706138,-0.0018469070553344422,-0.00296298348919189,0.01693654232090615,0.003191367082301813,0.09742449129474316,0.021694478887378476,0.0013874673871202285,0.007379215798356287,0.00380123341900615,0.004060365607857455,0.018682336871917598
24.777,0.006581865256497795,0.014956602362881719,0.003765487254558176,0.05940800594016105,0.0008763242660116699,0.010698527022435133,0.0,0.015559925659988028,0.006432728941995204,0.012041453721541468,0.015215941677558442,0.003173297860837357,0.010644947952415666,0.014176267320084208,0.036121959062383545,0.01647491549120768,0.036663467579732725,-0.0019208042813757401,0.046350234403547116,0.018427106591854554,0.012935958338121034,0.015672816821752932,-0.0002607872398059265,0.008161610213844067,0.010867594916549641,0.00926108612540429,0.0430787845591143,0.04037079682519042,0.0028980763849022952,0.000872284692498036,0.0016411437350879235,-0.0017224865559718474,0.0847902332323239
25.284,0.019867536178906443,0.0049118349002747405,0.004284863405219086,0.036067746862266374,0.003284382242417885,0.01836959889213472,0.0,0.01300777809053003,0.004048151347456029,0.013444235728367728,0.008978802657915444,0.004179224178630545,0.007891137185609945,0.043241192563669574,0.04095090274256352,0.024925315902297972,0.022102006013992002,0.01978699746255151,0.03408202393551052,0.009799779025825352,0.016150767080385018,0.04311332609711596,0.02635234782831994,0.031697875829447275,0.02560349830321763,0.02779910707159095,0.050360205538590504,0.0259205617747644,0.002435550434515501,0.005997165129442466,0.0047984230282652205,0.0025490143438048683,0.06725477270723365
25.777,0.007427887531847162,0.0004334493912516385,0.008670479670681004,0.010349435727002117,0.001025962732414892,-0.0016062571763898277,0.0,0.026172538655606647,0.003103869238927729,0.0019671641363052748,0.00976782674213833,0.012771817999953469,0.01826670816738609,0.016279783388511576,0.03867437358328294,0.03221696398488988,-0.0018425189417252646,0.0077229871425813215,0.01883899017761743,0.03641003584517534,0.02297795196416231,0.017273302332519547,0.01592775333129091,0.02810145454292948,0.007226392019258652,-0.0088893010280967,0.02953624003873647,0.0024436834998533643,-0.0004212508708221161,-0.00018306343375688834,0.0015900817086859844,0.007122146817711699,0.02166172590164842
26.288,0.011231539575348105,0.0024631064995132195,0.008273390093605852,-0.00852610167544419,0.0021574486032179727,0.028116438484358942,0.0,0.016163419410752673,0.009362375372731416,0.0034956237756625006,0.0005791916958005545,0.015924514475065456,0.02538460425028448,0.0199530460562734,0.029613237410288106,0.0247070656614262,0.031668812939354404,-0.004795977659968453,0.01720146247853192,0.028719054565133007,0.0031348036897104856,0.0260343915504978,0.02641907245975902,0.028929194498401648,0.00977950127797395,0.019640529504233107,0.06375912622986668,0.0029418228964750628,0.003805085332717328,0.0059846763057592655,0.0029999013590809322,0.003939343793808524,-0.010913909896861305
26.777,0.0032956804515448454,0.005535953020537687,0.006680955267478918,0.016277139506865403,0.0003398835409888142,-0.008990242746462998,0.0,0.003665525396996329,0.007250766355195443,0.007630418880307092,0.006500848642543257,0.009546607930106664,0.01985041393847813,0.009458425058645588,0.010481554058425607,0.02731264540857608,-0.0133560653869165,0.01625471487821444,0.01130314571756833,-0.0019078298716791854,-0.0021995780976059825,0.024917916618989754,5.7823840547209694e-05,0.01602247916010174,0.02190217588355948,-0.007402348542835208,0.03286412991256325,0.025500076882540496,0.0032828964402584486,0.0050048238984679045,-0.0017196670779099919,-0.0018346608908810691,-0.0041254718538334826
27.288,-3.6673792978391155e-05,-0.0014819795879646715,0.002115118867675725,0.043594148078764446,9.318626832925401e-05,-0.027280578163123452,0.0,-0.005378785457411552,0.0007068699536475566,0.001533901920120471,0.009305450760120171,0.007624641133270548,0.006164165784670997,0.014545150362121138,0.020597574524396988,0.0015134032516188084,0.012479585651623933,-0.008466686949356823,0.008662242100841969,5.749461895908585e-05,0.012473422085267024,0.008343580877308947,-0.013823607542571115,0.007003506362647161,0.007442850837014762,-0.031407633393004834,0.0037685007876940503,0.018638999999855507,0.005410208782204685,0.002472306731990533,0.0009186445010637203,-0.00036571681233442676,0.03050976954184461
27.779,0.012446276404676848,0.0020185949090311445,9.776226326527841e-05,0.0009443659260599208,-0.00026662572582557856,0.013579730812235269,0.0,0.0082456727574054,0.005987513909923038,0.014251029425696154,0.008168098910859466,0.0010199132144435242,-0.003029138188160555,0.031460591735561025,0.019097594967498115,-0.004475528502810127,0.024340781591464713,0.018286882994641807,0.017253692641296357,0.0012604270241968736,0.03950056610891322,0.011461660462092509,0.030120381739786567,0.06336895747340915,0.0029890208182748188,0.01765949681715941,0.04874634292729561,0.012612913525893847,6.472085420429685e-06,-0.0008004554994072347,0.00015406013671926538,0.002439188294019772,0.019665460940623596
28.282,0.008584910298447778,0.004180071958234568,0.003885290623875922,0.03255823619241566,0.0010526172978736514,0.007895092132471011,0.0,0.013091150256245158,-0.0006290677636360089,0.017746575005831842,0.007672404055669971,0.009043897759374607,0.01022827331602813,-0.002238587307428297,0.023258912404471754,0.0102805971429321,0.018771124711114064,0.03450451145084674,0.026183051598666674,0.0022378489219129975,0.032965435240919404,0.012969594913935926,0.01056041585095484,0.05722951726081116,0.00042212201664934296,0.0009063711157263374,0.09382232737402456,0.006040515243849152,0.0007841154202961411,0.003473498444857151,-0.00031278202435525333,0.0027255373666771558,0.028813423399380308
28.786,1.4262030602758856e-05,-0.00329343117500055,0.0030946158255520805,0.021773559311298908,-0.00043547964202329,0.04715039659421389,0.0,0.003889854847873586,0.001883702541696566,0.001118294653957205,0.002193341910215523,0.008682645186972036,0.014233652510018777,0.003938003298839401,-0.006540528764048753,0.00411108020173987,-0.00759634426792628,-0.0006761142162805267,0.021951084961226264,0.0012686813872048821,0.007891583400035962,0.006745400304367708,0.009931165789640867,0.025948957733778442,0.009756766988110207,0.04448400341858209,0.056427101707720355,-0.013319694225840529,-7.240519620772691e-05,-0.0007695691155802283,0.002896283456156815,-0.0017819946206244202,0.04964023197519291
29.288,0.007953990479170357,0.004654752912097032,0.012373309273977907,0.031750814260910525,0.004332226801121854,0.0393354906890777,0.0,0.026589621922628735,0.012878441798700723,0.009862333169759683,0.02287851709992644,0.016436514863108164,0.019335629571448673,0.006232567900520078,0.03013665883237304,0.013868921174516316,0.010587771554663018,0.002345959266022357,0.02040102768442851,0.008733495379792821,0.008421914143322749,0.0056279948900931345,0.014673241005578978,0.022007481014600913,0.02671993780602241,0.0489271194934938,0.04649281242553957,0.00023176727875959266,0.011029793806622057,0.007948171449796945,0.0018783404003094382,0.0019477571259593181,0.017769648466608702
29.777,0.006835759551207746,0.005908064542049323,0.004080570912812641,0.03552128570351115,0.004729119463444596,0.020096870962643905,0.0,0.0008549078792768517,0.010948988012525146,0.020410800035715715,0.015339329682755873,0.00548482558373264,0.006332773300215844,0.003889274353888756,0.006593099060309345,0.004236647370555122,0.052634766015134116,0.005404925579490492,0.025008681920813448,0.007555737010581617,0.013672808991518034,0.026464284912297333,0.005528899769204939,0.03322230514066644,-0.0001523990478602597,0.047830453486734814,0.003660422921908762,0.03500847742253487,0.008713076555564242,0.009693925217611091,0.0044140853245171335,0.003689349925119348,0.023435830755798106
30.291,-0.0005934931981596123,0.008448436377026773,0.0007359889703358098,-0.026043460785809946,0.0010252509002704898,0.012617267303536722,0.0,-0.002908002151781992,0.0003311963700300885,0.010311687447830765,0.022284443946588538,0.005633939584227089,0.001486324647554471,0.0017709240594761602,0.004318759028461384,0.0013327681781933368,0.036961133573709296,-0.01276920459115672,0.017997860304561127,-0.00508089837875322,0.024201262084524788,0.0034307703992836978,0.006838237830525113,0.028478774958069098,0.002503162248909762,0.022056211926166375,0.018968613282535397,0.05351904084776733,0.004103190941254198,0.002972798839694716,0.0010810141747696828,0.0009046727343372466,-0.006347641543145528
30.778,0.00802292552547309,0.017480736379780815,0.00031687669841324847,0.039464848537522024,0.003912477180141873,0.05191554891746754,0.0,0.013500210491062477,-0.004549676679184526,0.0021771719348162534,0.019981447152318033,0.002233003205163433,0.004856570519107724,0.04174225467282352,-0.008103622991916576,0.007687138067410536,0.02553682462128117,0.008010286650746996,0.014033507203750793,0.013763675982400381,0.024686289406300778,0.0009172863162183797,0.02227841567793575,0.01875634965432977,0.004824112002790135,0.06586959985115004,0.06217852320224626,0.052107963350864255,0.004160732756143731,0.004990135474678114,0.006185956836743292,0.0030668950055749663,0.03765543450322303
31.276,0.007801517197448838,0.015747121142881938,0.010287507897605875,0.043233070183624475,0.0024547113022091666,0.06620401886037953,0.0,0.02399957886955344,0.009832393996699799,-0.0007738311974175562,0.024997839731051567,0.015737110077274,0.02477651914386527,0.029504158640485875,0.021865226890962975,0.013433719606895737,0.021669904251592372,0.014487516732599542,0.011698921611903489,0.017047313697279885,0.020184717141706946,0.010045853263663761,0.03421194730955507,0.032761303697652226,0.024199661919309914,0.07587927353094708,0.05229756049054886,0.02533614047726807,0.005672041390478033,0.004867498062640448,0.0028760418171145294,0.0010628950902931199,0.08630241055421331
31.788,0.008351090387754438,0.01477681092702022,0.009819054114183413,0.09021703219978056,0.002567591417949582,0.07897285122479332,0.0,0.020002154185951637,0.014247287754358856,0.006575542308036611,0.01244446437470666,0.017101393542762584,0.014991758598522602,0.029795462010113637,0.026727749739626508,0.006870115601609228,0.017669220530577446,0.025564779804124724,0.018779605471369493,0.014550087867106007,0.010337551916933,0.013418071444963209,0.022411957590955815,0.02195020145870551,0.0014347558757640641,0.08580633265886786,0.04595198933327666,0.03228438380893882,0.0071413425430062695,0.006509538354842461,0.0031999358901072406,0.0009918694228345955,0.10798948080839203
32.278,0.010297032088870228,0.008866547322464446,0.00455214426999138,0.1563333278816467,0.004509210763320086,0.05853930729347008,0.0,0.02191826028404345,0.012950748782966917,0.01162350934649053,0.015330787576344897,0.007401316113563839,0.005164706135882351,0.012673567033196057,0.009287494794206739,0.008343289573994939,0.019791492370040364,0.010994935862248496,0.03390402351856163,0.018343350044422852,-5.8630643370745e-06,0.005796573170279326,0.019466911468053193,0.033550966486817664,0.03902230907993978,0.07623289759159152,0.00954861347822449,0.04515210970497221,0.003610111427132673,0.008013231646333212,0.0032285816585801604,0.00865685586485482,0.19226980561090534
32.788,0.012934683223428329,0.007306428932579862,0.0024409680392915934,0.11304549069026763,0.001874389166936369,0.08570839470354831,0.0,0.005149461178762625,0.008477583680512709,0.021722223389537963,0.010248594078844932,0.003677975812890516,-0.0031544519486315257,0.0221325436042442,0.006966871259575809,0.030675615027969196,0.01768356211094908,0.012625858548469116,-0.005956652971473085,0.01643344481762128,0.02137829448327426,0.00352332797338022,0.032360756115968656,0.04209234488627805,0.031141159356622608,0.08128393478744304,0.006984653532587403,0.04879975582457519,0.0041486797822173896,0.008218843879629628,0.009221552174076149,0.005206123089836686,0.11975607113514032
33.277,0.012604031547853415,0.012992517894235056,0.004389364808289128,0.07808115977852215,0.0035374330403705025,0.07143479744284482,0.0,0.009301132382356157,0.012464456008089526,0.006918910548355011,0.006845120943358459,0.004222263960081142,0.01171470430504705,0.015363639846607368,0.017589016584726513,0.030876052692116903,0.035520887465916896,0.03147786541047631,0.0019044320984469853,0.02247494557986959,0.02305676014222627,0.010889700123917935,0.005831682758713533,0.025926617596700726,0.05706389811936933,0.08344480518582036,0.053014119558080816,0.022218117836819113,0.008662154156430428,0.0015648195858470135,0.0027035642814744725,0.005934969767482085,0.11402177414681099
33.788,0.009245821936236298,0.00686901636962652,0.009490099281935026,0.10954420411186107,0.004414424961119229,0.10409091471217329,0.0,0.015849725226441267,0.017994131023643178,0.013283296444020914,0.00931534872540026,0.01732546386616092,0.014483472793716316,0.00897676918273024,0.026798889352592167,0.04502345481162199,0.015908533655498658,0.03192167458439974,0.012093800684465104,0.01580029129723993,0.00647368792739946,0.0169134591721532,0.0009753541852437204,0.013122747131500781,0.018397397323227534,0.09896159645135429,0.01878671200306754,0.014296176710115707,0.0068682700708189645,0.005003909554306024,0.008644814118196568,0.008273226862656979,0.10710022615193308
34.278,0.0067771966412380055,0.00555082960331999,0.0032515647353558844,0.03426979625330124,0.002502152562548913,0.07162492724366058,0.0,0.006476687632635273,0.009934141544968444,0.0030346081931590134,2.6439208087153725e-05,0.004815978675851967,0.006175723298861178,0.02855208273418355,0.012182681754637952,0.025458684253268447,0.03516447400115153,0.0166780108712619,0.008030214590394815,0.021448412757153146,0.012271740249735144,0.018932409892146555,0.016288905100438362,-0.01730005132500198,0.05402708813434105,0.07205025846690928,0.008204243789874293,0.044658506256850763,0.005372894763113284,0.0009911541509830446,0.007478677191784673,0.005828548702423736,0.08640228188913604
34.776,0.022080334424698825,0.0029188775699521678,0.0028783092583845476,0.07624684538888843,0.004717182091429798,0.0444001727792949,0.0,0.005648951126929775,0.009777191630981896,0.021583962046662172,0.007112148998761163,-0.0008223079483332812,0.0026164684730656616,0.03266194309120597,0.022325209223641927,0.017252788674309467,0.02223460804094031,0.06638165938065502,0.0183558123828752,0.034198462265957845,0.03739953429897629,-0.0019725099152266175,0.018894700242973593,0.046783206682719715,0.04821904019777732,0.05091630929179854,4.0311811014971625e-05,0.037800474092918,0.003925440869451415,0.005835518793529792,0.006532662670820035,0.005492293919179684,0.10072249501978962
35.288,0.008403717132263414,0.003851088458117269,0.0017310580353369833,0.09367929131264652,0.004285433610683435,0.09043406396566755,0.0,0.010720014117306465,0.016765294871143286,0.017565394710651532,0.004589893008679691,0.00045380247175871207,-0.00277978743236749,0.02446837360140003,0.028746236846970974,0.013849592469024053,0.018921218533242253,0.041337218064123805,0.031000249783037215,0.005247697694531233,0.03101213703207801,0.0164427474392723,0.014130869797909729,0.022015438063524264,0.013664219509443359,0.09850317928680906,0.031157250342825255,0.02460945365731098,0.005089669865748959,0.008033043297518182,0.0022346693327337753,0.0021659081198819956,0.12221041337911849
35.777,0.006640903493743218,0.014979823801329234,0.0072263293669015734,0.05913698294372669,0.00407431014845867,0.049080151748484256,0.0,0.006181891441180037,0.01220431997265537,0.005963672410504873,0.002671432650112844,0.013954121810747275,0.018762447911806774,0.00888671149567563,0.03552206844620891,0.01336919912864595,0.02207414934551552,0.03179551939508657,-0.0027996591518653843,0.02169083944061772,0.012144203214701964,0.0129070927451753,0.0066803121424030484,0.020264786332252836,0.033531397526879114,0.062241597400076516,0.07142789269491848,0.013001724453265338,0.004289303507660037,0.0022291138503792588,0.005714197529072525,0.003933581148256449,0.09691648340586384
36.278,0.005123516620541139,0.013066561695149371,0.012303066454980017,0.08598932769157351,0.0036332056537036763,0.05423300985099776,0.0,0.02559021839676012,0.010487625873914393,0.006745210187340383,0.006019650650713357,0.021133401650487927,0.030177470942618873,0.008301883830591357,0.02613136232714374,0.030048115269590767,-0.0020238301758803614,0.028831157231243226,0.02278952053669965,0.012678734519455026,0.01271743030743519,0.021917268309562005,0.0007553477514755983,0.007273505859048189,0.015467031829023559,0.058807789100638296,0.06510340650883696,0.023309752419528547,0.006133927453195677,0.003633024623710204,0.0007081671330992339,0.0019269787470005155,0.1004492341793081
36.777,0.004214022588409929,0.016788270853614697,0.004625236852726093,0.09730077088161974,0.0033146196029094272,0.10849657202695395,0.0,0.030477606374046007,0.01313409331977488,0.010311859515454255,0.0007385676245603514,0.008801745896620942,0.006611065895315465,0.02747436266774365,-0.00624436072410012,0.009644083333352248,0.009117723741139717,0.016511747621097726,0.012307731004895473,0.010084768692615959,0.019758348986133722,0.00041186664426515375,0.001112203752498447,0.025643225501146467,0.02148453861210219,0.12840178096988167,-0.002026938773662619,0.05095645429528397,0.0011630501744260397,0.00740316221159495,0.004816147432071836,0.003850809631974879,0.1034394332465861
37.287,0.005458139202869497,0.009820514678980794,0.004289183587839094,0.09033563698705843,0.003121006074402919,0.08025075066507585,0.0,0.011713671865990719,0.010194246808365302,0.015503590842762654,0.01755481586266709,0.0022633357137737996,0.00448759490201561,0.03275508415721439,0.022897062685298494,0.0020312473016565994,0.005966158621530279,0.017755614162496183,0.009091894757609154,0.01405227216079977,0.013102750816049922,0.009177074321379654,0.012008627677364889,0.01858772930467439,0.02794615878018373,0.09337026692431895,-0.008768283594320768,0.043848553926010024,0.005560809780809984,0.005074554383231681,0.0001385500221104524,0.002299876892001689,0.105284257457564
37.777,0.012574071354623791,0.02036075584182707,0.005319666196424177,0.1944208359796427,0.004672789620124562,0.08404913316616165,0.0,0.014462688977328974,0.00945378433146346,0.01025945312497287,0.016813274580910847,0.0070301546166200305,0.015179156216359301,0.02567157980465867,0.010695921689704688,0.023211653280711987,0.02110688223372749,0.016164861666502967,0.02823219571181779,0.002165336314161453,0.037638184690668965,0.021743505538472846,0.021997304986213363,0.02875194323116947,0.014410858219306535,0.06768157811794867,0.08839867509230943,0.03780318568620207,0.005066477627964692,0.0003733541266261931,0.00035166625610461006,0.013193975903041366,0.20131648807455593
38.277,-0.0007104799549034141,0.003108845789908391,0.007067510347264644,0.10576909727722687,0.0006183901401045789,0.06352236101507829,0.0,0.011765560049237853,0.015543255793330246,0.001473286265455741,0.002212126177283917,0.016144187283038545,0.016050924903347454,0.018502420378697728,0.00829532215645048,0.006762857529719821,0.0036544944858738484,0.00877686150086693,0.004318502516225872,0.011533004317969602,-0.00046180707490189155,0.010548793146372856,-0.0066246687441289835,-0.0022266386064416902,0.009805351907251205,0.07419232309960862,0.01202559975266368,0.006586296087167841,0.0008413800227979166,-0.001643689335331784,0.0016159635857353005,0.003096537196126315,0.13895809141321244
38.776,0.0050887732970039895,0.010297108761170015,0.007863454660728356,0.1268903176314452,0.00010964362547202605,0.01855456997497131,0.0,0.006492773836635135,0.011651604645846785,0.011037978740791035,0.009994411712250304,0.012853861595350798,0.01640658580711011,0.009454637590966689,0.03168056272497598,0.04155602620813172,0.03126317416769661,0.00953892823337539,-0.0041403313639552675,0.0025046060052945035,0.02416087404797778,0.009484124189107764,0.019147521081104804,-0.0027727624100175557,-0.012523305639351633,0.03275575766002619,0.015340905178531044,0.03848091903123006,0.003845029167663499,0.0034171042383710566,0.0013618530486432005,0.002830557234068782,0.13623504359794955
39.286,0.007910139936315804,0.009103033820442275,0.0026962000323850774,0.03293612644571266,0.0016400495500618693,0.037199155549923646,0.0,0.009350688511163809,0.014539806665414347,0.016245582581452415,0.006068403181640683,0.004093622229439695,0.0076686911311585415,0.017123917158953887,0.019259817871261017,0.035215633668897794,0.024021361397799132,0.014117136726993133,0.01726182408121283,0.015671420251525806,0.01924564527040431,0.00032928976039012844,0.0072349267610336675,0.02453313823754124,0.02726990659099334,0.06005600886149091,0.0054071219813143934,0.050787852010626404,0.005525564638386862,0.0015524277748886575,0.005005408632277094,0.007092377554677408,0.06736900318590835
39.778,0.012599194718687142,0.011310385991280253,0.00614643958892901,0.08771940996471458,0.002871423874475094,0.03560526921574309,0.0,0.021124969216745035,0.013851663764546308,0.019234437587028416,0.005621052264970778,0.0043041699019621266,0.005163045214866617,0.011495948372241365,0.010955780760576682,2.1320949212354296e-05,0.032756622786200944,0.04189830945140755,0.0010887563368365272,0.011336390629308371,0.036427277872305895,0.007167757677281341,0.032144696297883295,0.04871437503671879,-0.0005954144241307537,0.04586907193701352,0.015581276581016216,0.032828416271214515,0.002171052243324794,0.008357812155389206,0.007735546047701866,0.005329992037552627,0.09181494801410736
40.278,-0.0013280319230058203,0.003109977883278806,0.005894300188753134,0.007461252426262727,0.00265049899733216,0.029542440062883743,0.0,0.009275100245130865,0.014409140983391395,-0.002550597246987961,0.011501021659443183,0.014594589768561865,0.021053271387349002,0.00329598684891286,0.009717679477425866,0.021049822872233667,-0.014467989728345133,0.0038800678744402113,-0.009507593716221055,-0.005547408385938238,0.01824102990571136,0.007015556132994748,0.01130660786468618,0.010511048781831839,-0.006491845080360075,0.044089498291440404,0.07236906315034108,0.00019249400336220827,0.0038821198612848523,0.005234779660882769,0.0022268567653613656,0.0048132181071018874,0.011496919001509348
40.788,0.01054996484592854,0.010595261170280956,0.012298221137302041,0.023589084102521477,0.003232180851879222,0.05892294243337058,0.0,0.01206044383014731,0.013567154805293892,0.008041579228401518,0.01663139425120558,0.02132836522177886,0.02726105176940204,0.01466067582111435,0.03316890913460416,0.025362050054385632,0.01728174526568708,0.045407121949849194,0.031140246358952576,0.022830140640888903,0.01013786322787036,0.01736423033960056,0.019458467937012013,0.018595048368671263,0.0007100703485420866,0.06374354480070893,0.06081054798776894,0.016399131487817173,0.005663976926174077,0.005391637348190769,0.004559902083650382,0.0030958055487429847,0.022751104968572564
41.28,-0.0014975773907462374,0.0001482424961298191,0.00046387250413153886,0.011563999243874336,0.00038397005516227077,-0.03029245792238287,0.0,0.0034845860453319153,0.008541657508061226,0.008825163808935305,-0.0008601487978474971,0.0029814082482974105,0.01602897727137428,0.005836148375597247,0.01617624695109657,0.015535014598442268,0.0072244959121371445,0.020358060482531217,-0.00874536774075978,0.007655756706242033,0.00027287970805361754,-0.003945269262632948,0.023090461363531677,0.00810951642792899,0.01666215888591197,-0.021279093236701338,0.0005523499912495121,0.02598673535696154,0.0006972853374631351,-6.79426998279877e-05,0.0015704271124331157,0.0051799484274226695,0.014920719153875188
41.777,0.015964510115891287,0.005310224396308318,0.0019871848096531712,0.04830304346316069,0.003779378087263455,0.011658843898769578,0.0,0.0064862207847421905,0.0075799305724194325,0.01442968874091675,0.01146660597827587,-0.0020935604103635695,0.002591715011317586,0.023346115398687476,0.013465802761927036,0.018027899890599934,0.03565356266335589,0.039435862954071185,0.023251203776696164,0.00619496806894907,0.024863845873913246,0.012357409988006546,0.03969441662356916,0.04244861180717738,0.028106766059771412,0.018012510705939577,0.014927961890026417,0.038985081813400754,0.0054205797601510446,0.006299947827883141,0.003003187686487905,0.008083581305782565,0.03187076929411552
42.277,0.012159553082693633,0.012098378955158787,0.004013410956818615,0.07709137163095603,0.003142982950684756,0.029632187077745967,0.0,0.006520023594936865,0.00983199241086834,0.006547451340233525,0.010789731630625013,0.0075071444354564065,0.0050775309339702954,0.010442801229378669,0.020243628708898818,0.024541271258615775,0.027706674916782616,0.034299398135954035,0.02863882259881466,0.019303307484252755,0.008827934365945896,0.0045523186085943915,0.012351960435347767,0.02780854549075547,-0.010089600276200927,0.03241324014847195,0.09166714599400391,0.017602853518027355,0.006748479765543667,0.0053630847218326646,0.004250671763083337,0.0034802919778976105,0.11757545022822763
42.787,0.0065228925635788595,0.015973389280541456,0.002704185191471129,0.04868714149543069,0.0006185800328972369,0.012245102302123941,0.0,-0.0036220053476972865,0.004890438442343958,0.000954006645379362,0.013036877144303561,0.0061213830614669515,0.007833089859891049,0.01383772730514726,0.021175342828365678,0.010513788695081776,0.020879127157072862,0.025990944238124654,0.019663605213962758,0.00011741091125712191,0.019992682879649715,0.003933316135464392,0.011375771218927378,0.014416012514237075,0.04152790814077265,0.016441126369369483,0.07411322741735725,0.01307588746666185,0.0043451702949299014,6.104245410732216e-05,-0.0005533153203738972,0.0009882552462558715,0.07607281322073312
43.278,0.006575377318643795,0.009944541201025127,0.003764212090469253,0.11550206757981167,0.0022161984502146862,0.0011910902325010298,0.0,0.010600277708038664,0.010862131955611847,0.017572494895590388,0.0006348587678508919,0.007566956685688012,0.006349557486507302,0.012649223521167466,0.02266868387512342,0.010911206976496024,0.012462072870916592,0.024117066419326236,0.022156345774256417,0.011142157245708417,0.011329211874851282,0.022747292719612625,0.0052971726981031865,0.0001353546305832714,0.02243127988291081,0.007510037494179822,0.04676828737866674,0.02205885448461743,0.005151982363687997,0.005226638462251188,-0.002942487102544569,0.002852754052608204,0.1255285144128441
43.778,0.0024618147918949035,0.005577950972239096,-0.00295248219569786,0.07295333908292315,0.0016381250146582501,-0.021235223021819814,0.0,0.005400383282178526,0.001238478441413893,0.016095062936434635,-0.0009094128788698472,-0.0027606394746093497,0.0015941344121188712,-0.011014445833493374,-0.003756375129182384,-0.003975423575616887,0.028228921203829794,0.030898686677431706,0.016282862756951302,-0.018209261635761687,0.020252604762167305,-0.014337288764693977,0.007591518412369932,0.011319266380575524,0.01622877361141319,-0.018607491066878916,0.02677708818767071,0.03434114037389032,0.0028474464951484812,0.002938836146109051,1.627526879928526e-05,0.005124755984490725,0.08114387021050652
44.279,0.011493583530586614,0.014042995385910279,0.003899569036561604,0.08145421259166669,0.0017566095078169542,0.02285375556197573,0.0,3.379764385258468e-05,0.006324536554137683,0.017695172110183646,0.003291767783663484,0.006911173749731455,0.01366121105995224,0.024453430900456305,0.01622376355524014,-0.0015000442989790746,0.019231623148036163,0.021814272713031546,0.022479463632946187,0.03655501111152944,0.016977300908690575,0.0018705044760105446,0.031200267308413895,0.045794589749265306,0.02666211887993362,0.02157517701205193,0.11468697496781774,0.00810253382960037,0.00022979728038560426,0.001671484918657585,0.0015423539334508726,0.005783698864148594,0.09870870929568251
44.777,-0.00980065112113826,0.01808380577323318,0.00682836810842197,0.019181349082187046,0.0005166405727974272,-0.0047643609300037516,0.0,0.016985008752217888,0.0013928514669452772,-0.0009216468127888128,0.011106664277059152,0.009587607646586345,0.02281685554468089,-0.020427656558530766,0.022469975704905616,-6.091662666361579e-05,-0.03287913917816093,0.0014005457344382832,0.005176332000229379,0.023390233253015914,-0.005435047706386494,0.0030246825728606572,-0.01843149995996467,0.004897430095283373,0.013345583502226763,-0.015098331822260008,0.11646418477253194,0.0008810198486954125,0.004282100177497174,0.000666849875332625,0.0026196366478896224,-0.0008084511541178457,0.053925064298478084
45.277,0.007336004672581333,0.022793244484284717,0.007475009072208548,0.08560788559435892,0.00205310295360883,0.029822477091797736,0.0,0.006553678012143376,0.002036211468451176,0.004553289828164559,0.011679871094729306,0.01782482629670133,0.022572623700596924,-0.0025404199201092084,0.026460501061645148,0.015221373271043948,0.009199388917704329,0.02392902908308464,0.009632743767403255,0.010966042638562244,0.017301510214202884,0.008991650652211343,0.004532703331610304,0.016606591711696407,0.025384047568065816,0.012265987557875595,0.10024708464243538,0.025178299038072203,0.006729680549511199,0.0027012550021766777,0.005547444477745806,0.002489648554135249,0.0916163866818911
45.778,0.0021588416791503942,0.010518178854593867,0.003933692247106085,0.07866701486012019,0.0022943742042816086,0.012628042191592005,0.0,0.012542778130021488,0.016141776898385828,0.020051104208773617,0.024669231683586042,0.010310216220044709,0.0005092092612691299,0.004774493527384746,0.0056035221493694635,0.005017797024742187,0.010731386584365442,0.02080949585801544,0.03674790656156305,0.013571156868461897,0.0023957348907705403,-0.002792751278852626,0.020372351118403707,0.010251031347880865,0.0024519410005201772,0.02515590834217629,0.009175312716249598,0.03857697946967377,0.0011762125485937267,0.0063056636420106,0.004834737924611595,0.001936531705306336,0.1039323274035168
46.279,0.01055336216771781,0.0025673027019404463,-0.0004412392762337435,0.06559300178044412,0.0008833927226050791,0.03952081676245916,0.0,0.012765854095209849,0.009761074753230839,0.015854682743448062,0.01406554364958797,0.0077112262252267225,-0.01244723485392877,0.010919174513407523,0.015401041368443554,0.006105331790626191,0.01521553742579728,0.034574578065341255,0.036192293953998825,0.008501982324720481,0.03366366521070192,0.01576263100917578,0.02533621052249643,0.026933407437850557,0.014497182334608255,0.026046850322856325,0.01894171575958107,0.021612116924020004,0.0005706025189292186,0.008332878268113651,0.0014363897385137713,-0.0004038361878268501,0.10528859521962634
46.777,0.012900352195439202,0.00440490232546992,0.0009957508953611209,0.09389597688133144,0.0023318534690104174,-0.005984481719729719,0.0,0.019865300787401865,0.013174526648350247,-0.0009799589625502831,-0.003774803181040237,0.00937227909640111,0.008875883323633291,0.04071746296950077,0.018398888129376668,0.030429607248672337,0.018337303208700632,0.027297483079069408,0.03224163583532199,0.015431676965296312,0.02458310409285149,0.01754306496484789,0.005807182388715258,0.029752343179070072,0.017337252203820843,-0.012569244043040243,0.01479410963303667,0.00868579995587844,0.0016857661302250731,0.004915982229817077,0.001128896820556193,0.0009071183747735249,0.13264870038949567
47.295,0.013076016448190963,0.007433612354121347,0.004146384273193509,0.11766572551574724,0.0017352919367207653,0.04586087066734469,0.0,0.018562717591817185,0.008666051668844661,0.021598112512137696,0.009405683992268522,0.007137965756400327,0.008851987612869244,0.02855626667099527,0.013455864266227375,0.022500473325778095,0.02709993486326301,0.009859258059238459,0.025333421675968155,0.004375832976868687,0.03850476705256106,0.019960798829057685,0.0387639111004607,0.03166155410067578,-0.007957706017042902,0.0393957709995193,0.03184933881385673,0.028347194903831443,0.003801277301660317,0.004618445722105339,0.004202744213717649,0.0008242741216700094,0.14580759251497363
47.783,0.006124421567603941,0.00034690641937850394,0.010636275549841695,0.06835750104252214,0.0028050535505923465,0.0030238890005351363,0.0,0.008491401223544288,0.020837524596217606,0.006805510343483865,0.010441009667949423,0.0192772998857162,0.021998664335862207,0.02695684342435072,0.027242353884410906,0.031179061239160488,-9.717939916392487e-05,0.006830989235919332,0.002573033530975108,0.018024808234094733,0.026652176827908047,0.01963424008788842,0.014659061117056019,-0.007893587409010003,0.03295712142866293,0.004171127819822342,0.027323116999227758,0.012999736567798629,0.006726138473732211,0.005229177661547296,0.004387908153799451,0.0019621713464501793,0.12881991422665867
48.286,0.010791314327557117,0.003037843678340233,0.004980848697875709,0.054002127135016086,0.0008695533238661158,0.009540474292421173,0.0,0.011240256530943616,0.011375589039491046,0.00846169766038492,0.007373068729987837,0.014206374130231833,0.01086677017426255,0.025156085781696945,0.01929222254537275,-9.893364917680576e-06,0.017605018748924794,0.036251310372513015,0.020892295527745186,0.022219306498673853,-0.0009824741879008165,0.03341842368434451,0.017548690428609934,0.028088445065132497,0.014128138901148316,0.015785687433681955,0.04504292508185806,0.029659566813160728,-9.419411108138273e-05,0.005708424582579802,-0.001162861175418886,0.002515319262159233,0.0730912953646773
48.777,0.014506477599047454,-0.0024073675588540348,-0.005015520091458985,0.039604651992848246,0.0010084055698345931,-0.011094231190492314,0.0,0.004447212103953361,0.008545379205914581,0.011919826754887335,-0.004499780972320994,-0.0013574013544244785,-0.014250448617750917,0.020150474740427183,0.011445836894323866,0.02049097172839883,0.025539924963984523,0.018045316196914303,0.031210011950149937,0.018651402159698415,0.0485864501489174,0.014493977062914182,0.04006411323418225,0.04706654876533395,0.03736287638911996,-0.01588831921457861,-0.01169206510096875,0.03337082136514152,0.004378002389984538,0.002098195219542426,0.003403367475546261,0.00709910468235175,0.06751528354145092
49.291,0.012618886318194699,-0.0025802232173664195,-0.004207714473043648,0.08366461293388174,-0.0006325110174297323,0.0019152794380423103,0.0,-0.007548281128134839,0.01004516691782048,0.02064615462378592,0.0013689997695720412,-0.0008556388271898524,-0.005993412442602934,0.037842362792941196,-0.014308023552693795,0.013276782924423379,0.013943548077540696,0.020001618138532955,0.0418976004007519,0.0023021753234555033,0.030433839039649795,0.01686647672317112,0.039970039135437715,0.030953686314105118,0.03954453085871982,0.004896442866744849,-0.0019888993959237067,0.021185346437399243,0.000967643615049133,0.0010182494580053803,0.001158332326181059,-0.0019265761461475612,0.09563454609946762
49.777,0.015346754592539842,-0.0042001858109662685,0.009175320332169713,0.000135535323816358,-0.0005267107876200889,0.05882709238496324,0.0,0.008443420069703738,0.010042995129655048,0.018142070949767223,0.014802833527724988,0.018717402683490245,0.023267602751821725,0.012183921623545561,0.024521926982817157,0.017794459520347864,0.00024293283378408755,0.02588210084144242,0.049438262162057205,0.04266405464298426,0.01601104949312986,0.022901106405874897,0.030287886549818666,0.027281921357827563,0.002390561906631976,0.07759534149545405,0.08579634478701934,-0.016984115362946403,3.66310431983724e-05,0.005377951127807682,0.0003547092188196401,0.006992274406591108,0.025814089789778113
50.277,0.01244366204666442,0.00812550650185765,0.006135828065067577,0.13567245087666124,-0.00028194075121399195,0.06364234738179682,0.0,0.004991417921118804,-0.0017534929662253087,0.002526261814184699,0.0049676909605650505,0.016459335588981584,0.021116764469903467,0.014448754644182488,-0.010902591300304045,0.020626407228156594,0.02740632719054708,0.009024398850342522,0.032974368081074144,0.020625122120480698,0.012163849982300502,0.021802503503674468,0.016071467417088356,0.01756082701973512,0.045523186921500355,0.0755091393434665,0.0573112157912585,0.020551371949086072,0.004133640867714292,-2.454848281278554e-05,0.002432031340059752,-0.00028507961247141965,0.12493157348815398
50.787,0.01854305930018955,0.017763322375743566,0.00661124368292429,0.037644192534686184,0.000790858353377411,0.11310870199273207,0.0,0.00046911781302482917,0.0049694349195258,0.015238413769636158,0.01382158500330216,0.009271887428834972,0.025110326477615744,0.03269024139707996,0.008479578066735906,0.025624413915010323,3.401312024471923e-05,0.044963489156480844,0.041861531519685066,0.038565239203436734,0.006557483754961965,0.02034759799397394,0.011027118129154509,0.02898507058782721,0.04710797210061285,0.09389754493553715,0.08997465663217961,0.03014557945520869,0.00029375055848563085,0.002283790635462261,0.0010076721329266298,0.004007288398921958,0.055891265092276196
51.277,0.015568728310711323,-0.0016332808359371142,-0.004986069244065904,0.015866055421660176,-0.0006779114245825358,0.02924227972359109,0.0,-0.003922103806140676,0.004771415428581615,0.021440583077034954,0.001527464555804854,-0.0053363716273820486,-0.00016106624911865682,0.03746689430815115,0.0008544086356701803,0.0054414029592672886,0.03947465422174609,0.05184329773369998,0.03201586801161405,-0.0008442554454352446,0.026834781562275607,0.011933543446431657,0.01832323511621763,0.052410130166743917,0.03558189249245561,0.03223866090381391,-0.009864865739924957,0.02371315103832454,0.0007078179546392982,-0.00018099420681888867,0.00112948370950268,0.002140743946705622,0.06084901427398063
51.776,0.01701445639314074,0.021009976435580762,0.005034937271246094,-0.0304090387781521,0.0002271324647172396,0.06514877911466631,0.0,0.0051612986823969175,-0.01179671298550523,0.005960141757306532,0.015138208587297244,0.015800437407672178,0.022994380706171463,0.04312534587199799,0.02116776729919345,0.016853869823730723,0.026086536391481882,0.04805084278401767,0.02610740810849544,0.02263146302860608,0.013645394270812735,0.012746210908466487,0.0366042055444226,0.004536498294409669,0.022729848619752756,0.0649424705338046,0.11484152568230939,0.011277388242399376,-0.0028556961774185026,0.004721624475636231,0.0037125291599231156,0.0025165055478057405,-0.021016854124496578
52.286,0.0069976555110664185,0.004496615128662228,0.007576990654774443,0.04799275133174397,-0.0006595445773727597,0.03345044610273628,0.0,0.006153589390260542,0.005167690784187326,-0.007300887991176678,0.01469343069351905,0.015841161055176068,0.034293726843399285,0.0036553896541907517,-0.002440571746036206,0.014233318912206873,0.005058737228895628,0.008314925734381744,0.019289797443311125,0.03652214861422935,0.027919605164937675,0.01562857410928767,-0.006908126036033228,0.014656353401132386,0.06746032045606822,0.04090523760717102,0.08387003354521118,-0.002250783382219168,-0.0016877923752258404,0.0002961882491808285,0.004460575495966139,0.0037880069146199484,0.04800496867536543
52.778,0.0206452541787668,0.007894376807941864,0.003835408295060226,0.11741198909697585,0.0009877440307569433,0.05796713866477304,0.0,0.001261863220019904,0.0024530230195327304,0.013981298074841775,0.01575943550352818,0.007765508983983227,0.009184781862252052,0.014663897794197295,0.010811856642455377,0.008219477912475888,0.018432567195049834,0.027699666505293888,0.058197294371937165,0.01074253908377272,0.02642752920888573,0.03074923424703811,0.01944781860620985,0.038504654050217545,0.0628692269771604,0.0591708364696858,0.051170676119947134,0.030465322931202507,0.0009382560544858088,0.0021622141629382,0.0025266482880787955,0.0034330345865647293,0.16220400817832256
53.278,0.017860771434044728,0.005363293019870596,0.0007303612580545844,0.08294782992561839,0.001854146178411898,0.04260771901690415,0.0,0.007862925825253523,0.011978789605772071,0.020601253988806256,0.010802061884432638,0.0035035469583291796,0.00017699651705866347,0.03420279575381164,0.02141570180514211,0.017591235802436878,0.014150947884324487,0.024026849337767348,0.043338915427807934,0.004222071097394319,0.05628756731442259,-0.0006115420898734828,0.030027085818728098,0.027500124408783987,0.07192205433658179,0.031795794680204395,0.04823325340628914,0.031002785280079142,-0.0031590408006553212,0.001468340433644723,0.0022317141833275433,-0.0005298441520971856,0.0811095469661289
53.777,0.008107606571728945,0.005219125845113506,0.00799831879171517,0.031921737917920676,0.0034639728399756113,0.0769020936341408,0.0,0.013625193729702601,0.010229152846593776,0.008592919191702969,0.01629699856241637,0.012911561692424358,0.023395437978164946,0.013658451958855757,0.02082173812936824,0.025814828333336152,0.021095599567371986,0.02232724593795128,0.017809639223461435,0.010422413508118978,0.019402604984164767,0.026585003888219272,0.010640874246772503,9.476933431215132e-06,0.03287006763733125,0.0892409734949756,0.09176719020991657,2.0236873518052383e-05,0.004036372040366525,0.0065375819584986205,0.0021413776103940364,0.00528229959409058,0.057919756217176974
54.289,0.01454022473104732,0.016945648376882415,0.012384352401815485,0.030944291189537895,0.005331091186584463,0.06990669307933127,0.0,0.01717715485484522,0.0011262014965556105,0.0012128580001592231,0.02815538159312043,0.01761823002842666,0.03224048124744811,0.03338065574622491,0.018508875009881954,0.0423827098589865,0.024625073478897558,0.03612351031178661,0.050813806465063706,0.026897202783183236,0.009915016128388817,0.03990293929585992,0.013177071145427008,0.022141828116702404,0.0446814025522254,0.08456625365716941,0.10550841143064567,0.01158078847575652,0.007109029579931215,0.010925318045676025,0.007426088826014405,0.010143100140354824,0.044195113551315376
54.777,0.00984286944180865,0.007857051150839756,0.0092835099719235,0.0702203497780127,0.0027424215200737797,0.045445054002013444,0.0,-0.00539183754760898,0.013057339168431844,0.008969572796367066,0.02090999427069859,0.015864136932113953,0.023668753001796942,0.024331294055725306,0.018744422633619934,0.023592517166298236,0.03241395446590125,0.017392991298652096,0.016203961457828136,0.02108181721404728,0.008661753256375587,0.022062338108536653,0.010829669734967273,0.012490217088220339,0.04537613622297803,0.054749936304579055,0.028381683100555197,0.031660705076040005,0.0027051243866911784,0.006506629652842792,0.004810093472535863,0.0008986324583071524,0.07093679200961454
55.288,0.013279173310574587,0.009750049377063781,0.01215809684517905,0.00814057115286557,0.0036197802706359377,0.11225231406018452,0.0,0.01028510239319548,0.006213811756258953,0.019111342057433728,0.028552601955505373,0.023680946479472362,0.020211486686387236,0.030283498828656316,0.023513167489492462,0.05343065058757473,0.009861197597705528,0.03233738112559701,0.03754053927052651,0.014176603103663154,0.014085255710646723,0.03391822021052475,-0.002316748558424241,0.02112195593229917,0.03115704722539841,0.12648314207443861,0.01379665378747187,0.035869848343076216,0.0070863282515667035,0.008931729346531385,0.0052473568609831215,0.011608432003563957,-0.012889246561967741
55.779,0.02010741438283948,0.009461080548294653,0.0038763862118044888,0.017953312658631333,0.00517437196301952,0.06219774155092014,0.0,0.016495120046254103,0.008392247934739278,0.022527871174923404,0.017221829607887092,0.0061019120622264516,0.0039231665549930815,0.03452029982793027,0.02090807128486757,0.015475871665606019,0.05190098077953046,0.024147867097480423,0.05176472373170233,0.009903060211594497,0.03823890563045598,0.022813035179433838,0.035805981252863064,0.05687185722193931,0.0164829397508378,0.09332560675720768,0.01879765362094463,0.04716154010713636,0.005362572820028467,0.0080310261346379,0.003974573754965337,0.010026109910351659,0.031067248447852924
56.277,0.0032067563752311416,0.004072420751111004,0.008065125520341516,0.0026403497704917366,0.0030985757566764915,0.07970012086247436,0.0,0.01149899692814948,0.01201213737775136,0.009872740145094957,0.004494311327990631,0.014243731165308419,0.020691662467437425,0.017576862013479026,0.01783194118798572,0.024570999560809565,0.013962213823895168,0.014812352569899725,0.022565088720195046,0.023846348851620545,0.023392464480752544,0.013487793989268356,0.004690179584453306,0.0018426061191164978,0.025874370105851682,0.08351403268662098,0.04790529518304205,0.0071292239146145105,0.0026246375260185364,0.0037762466505529284,0.003346848811421523,0.004893608961650098,0.005499394969258562
56.789,0.0032090711390320354,0.0067612183442767705,0.007511475442326521,-0.05178647833562924,0.0029078519266681176,0.07491608398222999,0.0,0.024664779817625396,0.01900886676163743,0.005780793116284472,0.00515168078923091,0.01855052376099526,0.014794931027254224,0.014333796604598034,0.007984444122016003,0.01646915148846387,0.013042607080565689,0.011675319443721906,0.02353948899712754,0.029401263228292545,0.014809706827875545,0.026692125480227882,0.008666219997475058,0.023983493066565553,0.025882619963201646,0.07347911171111506,0.042567294245625324,0.0057609256063329145,0.006500765545146685,0.004450541976583246,0.0029055669244574824,0.006701387871085193,-0.0476969362734849
57.277,0.006716030628039366,0.008858379362860533,0.008264293272495256,-0.0451846342519825,0.0034910509815235047,0.09963516700137971,0.0,0.01974116408372171,0.005412575092595097,0.016521435461055254,0.016464052377140194,0.016075005230293413,0.017283326003525903,0.0033855887333260897,0.027296777761139934,0.030048215763178947,-0.0003121352102436576,-0.00021833904634743466,-0.0011206512341062648,0.005594118977033151,0.03821079806352527,0.017165022445419512,0.0012853644628933534,0.02080339962672719,0.02551968691562802,0.0880828073321419,0.03323654753443198,0.02611832688210297,0.0033037918654876585,0.0035797331237567205,0.006524364221824832,0.008818515371353199,-0.019597509038788777
57.787,0.013669815868373743,0.011650089140471637,0.008148917645863705,0.05314523469988445,0.0044600146246178704,0.07095410529078061,0.0,0.019458278906230517,0.014909164004709914,0.0213430444512858,0.01651870469131516,0.014007828698362318,0.021924615716713492,0.01708880749862953,0.0222919778844113,0.03067388012398041,0.027244410511587595,0.0364621942401696,0.03404813284861323,0.015623614832096335,0.03836733286359887,0.022568053061548597,0.015062462897044151,0.030139947235748515,0.022312073589574797,0.0945435932194565,0.02602943357162362,0.042087859788246626,0.007192463789326884,0.005178775954349298,0.005548216283148258,0.004559711207964561,0.040245642586671175
58.277,0.005498620767073778,0.005488577237084902,0.0029087245728876207,0.10074327041887048,0.0030962345882036314,0.045825119414878324,0.0,0.008725160891361881,0.011485902317738174,0.011048641240509497,0.011191637064161755,0.005567645039523185,0.006612203841740198,0.019347013736502643,0.007855508117805598,-0.0008506662495201283,0.016770238079252323,0.020202532031095673,0.01393889801821391,0.012531203001875381,0.03558040265768086,0.00609924151186915,0.037575625269315786,0.0201821067809199,0.00061819626122962,0.051673237333501085,0.04962804202901749,0.0185525384644125,0.00568776477974855,-0.0021310020763383787,0.0035972579262463188,0.002052446229102338,0.08832024718535413
58.776,0.008744978471365747,0.014091547513304001,0.010727205328584326,0.08298968216194198,0.002516673355449898,0.11276705415379887,0.0,0.020665535408888092,0.009568654295713888,0.01466742354423445,0.010952407529665515,0.02362662246182521,0.02456675941250968,0.020232597602571612,0.020571744828712955,0.02969227358118076,0.039080130863010064,0.018400056974346844,0.0154867292984909,0.01576960709825878,0.02471259301119362,0.0014440004456235615,0.011154403366422497,0.020449880972039,0.002503238886554014,0.10880043888771072,0.09899948211049811,0.00708014727016176,0.003707258968079996,0.0032585211897424417,1.0576055034991096e-05,0.006918215055488937,0.12123414317901088
59.277,-0.0008708134605991043,0.01617413053994696,0.010991263321971315,-0.009808852191659015,0.0027229139600600458,0.06949991512918442,0.0,0.005908972826601226,0.00016736499027138847,0.004643933881531414,0.013589101068348573,0.018857869864747454,0.03251077477406479,0.007511178131608085,0.013328327896143343,0.011584538230073884,0.02159352086150439,-0.0007680389090319403,0.029301487125987045,0.028604311445897156,0.011565567312001888,0.00010776793396117314,-0.006210052054072494,0.010586581921187757,0.018086241152444893,0.07356497934697222,0.08128821757363666,0.03564952262954837,0.0008756840660413145,0.0027666033376396687,0.004949726748802787,0.0011840722077727534,0.001176611795253315
59.777,0.012344664331562838,0.008186316927715358,0.004095232805921355,0.05854393473570192,0.000884608274224065,0.06446375029311469,0.0,0.017681620521312544,-0.002606071101319993,0.011537152565608142,0.017074695298452024,0.003951144554632295,0.009571754381303478,0.04520777351386498,0.026922872465607508,0.024161866764947283,0.027950623569003213,0.02355362507510203,0.02855626759005649,0.017971211125900145,0.039088981197112425,0.007151746898188855,0.006468242892976073,0.04550509450840465,0.03182142192577031,0.0714244739791655,0.02242976744726005,0.04091894997383414,0.002988643704762696,0.00414744373829949,0.0004813901699837159,0.00422632371348627,0.06816834847921176
60.277,0.004074313166789304,0.005059182815640628,0.0008557558107638344,0.11355554693978417,0.003337445451889594,0.03469568514581272,0.0,0.010868100440098111,0.005327272041119291,0.02458419707388369,0.010960565667808833,3.2306962972850485e-06,0.002951907200095686,0.029551029058282337,0.0018479395193414863,-0.0035722153645600346,0.015180707413294754,-0.022331516306755977,0.008512306497985681,-0.006009964531815969,0.012546243602360698,0.018934216742455157,0.023418336596379628,0.031288050100162265,0.029141240159961102,0.043618388417708334,0.016391712560287937,0.038802597430963065,0.0038992745040781177,0.00011824236979831012,0.0037443747272694347,0.0022939049909510628,0.10821348415800162
60.777,0.006650490677729147,0.001664718459658358,0.003025765263354752,0.05265526935948985,0.0014058427200725886,0.030841521848903954,0.0,0.014890334119985723,0.0029926484593584797,0.004386584213152909,0.013764598110549968,0.005486366922042682,0.011446447970063217,0.010530947705940328,0.014310500721611922,0.012181596917957309,0.010427993253817948,0.015294571631752706,0.013061465494372617,0.016792740697644287,0.04070209910488799,0.012039742580451554,0.023815472612875373,0.002926808606915329,0.04979727090103131,0.039431461466906494,0.06374836035813031,0.009591314801766436,0.004009160220796813,0.004556607195977034,0.0015502421775966614,0.003248026574292823,0.05146263542192271
61.287,-0.004106412427015472,0.00044153041424152263,0.007379672251480222,0.030762078774604972,0.0018320468570651857,0.0682069119624471,0.0,0.020730758043660105,-0.003022718887064798,-0.01409592838036453,0.019300395322960986,0.015444592455268582,0.031589564827257804,-0.009556249222692737,0.01340473662319377,0.008917129767457186,0.0013912669478226402,0.030371670804873678,0.00791541056456418,0.04283973177898833,-0.0051917747041758475,4.028392237563783e-05,0.0006044602377571932,0.006531864881736356,0.00013041024678903413,0.057954256030369744,0.10884452844111199,-0.011653942702067021,0.004976412817734726,0.005945909778888586,-0.0012147224904113015,0.004394019411917105,0.06856287629240475
61.779,0.0003722783587887391,0.006264323767279819,0.011510844512605579,0.14768136533633033,0.0026536995379933415,0.08973425958747816,0.0,0.016743704049273302,0.004751294922802649,0.012571765237519657,0.023256936869867236,0.017745701004330205,0.02374911860514386,-0.0031575333598791006,0.011526250772294577,0.02140096281616309,0.0008697440126741721,0.014451816930566859,0.016752513290168806,0.028291257606461447,-0.007951259209587173,0.016845840028868513,0.01804996567186932,0.027270577149971012,0.0028456705185584542,0.09089282930621662,0.04339364239774213,0.02314878625286516,0.010207872010605983,0.004047670767058545,0.0035215241040144583,-0.0005676759489670674,0.1626794401910081
62.278,0.0045310602394756485,0.0032064406079388525,0.008104114541287033,0.12381524172300146,0.003042911151644021,0.04290062489085127,0.0,0.005977267080360514,0.010664542252721208,0.025640283307086866,0.010555859998604311,0.011500045687166954,0.016895403857754194,0.009264417716567603,0.01740076686334408,0.0038376380620267496,0.009075804132017822,0.04329620680363483,0.013728757858054271,0.018807526036420677,0.010541615939213343,0.007070031743873186,0.009570508106205845,0.0331023264888732,0.019502540040459204,0.03986329305948942,0.023881933859784425,0.031150635186082954,0.01117651968041911,0.00513713163406252,0.003491297962945768,0.0036440689116913204,0.18888807144254924
62.777,0.0058523373136975775,0.0033179911813163046,0.004185297672794375,0.11228593007982487,0.0018121498270221895,0.040260975248657446,0.0,0.01817098369569737,0.012424712944023412,0.026458113125851387,0.004244367476681284,0.008358393954081453,0.006770721579882541,0.03222389163833146,0.012486164710800024,0.0009783843542962632,0.034238667546135707,0.0267208491724838,0.018678392179709277,0.003713705072033192,0.03883156013794996,-0.003458138708925852,0.02508318939387039,0.035306951880095305,0.035272647915413256,0.06410550548924245,0.01347917751075578,0.026025668544426055,0.0038751223281267037,0.003194010887556878,0.0024484683811809545,0.0004797737778927748,0.1400690744266118
63.278,0.0063502185756880505,0.014437028765354317,0.010776518622629596,0.13133263054461594,0.004321165767086514,0.10876636364330028,0.0,0.017712400958719975,0.012335572436618729,0.014154508424824554,0.012775202029449251,0.015625237571906772,0.017936372231232053,0.016169401919622323,0.017705292589665952,0.017071654355344346,0.016849368362122644,-0.0017826308330698003,0.015674682672337993,0.01402738752161195,0.01433448739105322,0.007988252137394927,0.027235382074431654,0.03284535276475359,0.062389035977099175,0.12455399008758407,0.06979230125938081,0.008175980846733042,0.007567708711111637,0.0059434310406433185,0.0022333604882344114,0.008351084850304114,0.18102827246232284
63.785,-0.0008649365814264498,0.012011717751224562,0.008872592460206758,0.07595631994981353,0.002673369001511882,0.03060766252639964,0.0,0.01572261188555577,0.010959097567227348,0.012176960679522947,0.005471455266773327,0.012512692186884047,0.02046924412718907,0.02165821119641944,0.007577218432239536,-0.0032954840657966654,0.006073755500575996,0.011186003535323043,0.001689261880336162,0.0181618338937276,0.017070573965516363,-0.01225888827916554,0.01622715836333063,0.02576411160332996,0.028444819771724122,0.04435224186541451,0.08707956762500016,0.014206199034661193,0.0035346361597534243,-0.0015938787091622374,0.0042339869217566635,0.00731563943239234,0.09698775786788377
64.278,0.010410847692803184,0.017911353579569904,0.008984768530484324,0.14068989649310806,0.0016478190247316358,0.0670062904364014,0.0,0.011060745048994075,0.0058319803783970685,0.013576727153525462,0.01203848609409504,0.01581663234625023,0.024333251584579076,0.038257790092622215,0.029418490865236346,0.012664094331157968,0.03203618749102849,0.00904022902017529,0.029177066217575664,0.0058869837744146905,0.016782549103193243,0.004854541581086964,0.0023446522376648475,0.011748663812975582,0.0513840150645496,0.08203466994852826,0.09715119923417435,0.032263979757665165,0.00816878068460953,0.0029538824439176593,0.0023819869174046774,5.958958086776613e-05,0.158674455638967
64.777,0.008584250529372705,0.012441316045030341,0.0017228562058000621,0.13753326657891027,0.0006029807899594436,0.03063113860973696,0.0,0.00887785773896175,0.0010165273775427554,0.01506374185351883,0.011907622590119897,0.0020109190332635095,0.007326912627283651,0.03618909382779631,0.012060759029951738,0.006849311067918321,0.02626707149006495,-0.005833132684850039,0.04486720437345084,0.01998517614502831,0.023849253661481985,0.017106385941102746,0.013829241873088087,0.01340381541792953,0.04337576919458,0.0352982993662477,0.035800933991820244,0.05465849140228411,0.004903848307186748,8.573209138281382e-05,0.0021246147231764457,0.0006515474252902898,0.14701735630910392
65.288,0.015918623696342896,0.017065632893564185,0.004441475538498317,0.16137966793244196,0.0034997784679373463,0.10131850860577057,0.0,0.01315743376836279,0.00994128999020686,0.021647976716904053,0.022494188986868176,-0.0006892983158333868,0.007950252812204914,0.021259229589119216,0.026220130364107887,0.022425230400518283,0.06756768759844917,0.021089093877899673,0.024189295687709635,0.030103999552168248,0.02641837521900843,0.017071042137253047,0.04283133679584456,0.0374882911026948,0.021681464040515405,0.11879694467507174,0.0454207993151163,0.04885080536651101,0.005505321898268808,0.008191504497775793,0.005783516060790708,0.007337602197709548,0.19091620908163925
65.782,0.01512620389069701,0.01881506650104329,0.007459513128811131,0.14863896310099423,0.004295023635957191,0.014409082952382532,0.0,0.01613366746293207,0.005461949644331138,0.014802334463460406,0.01093241419369143,0.013943824998207848,0.013780153985130448,0.0580495489339934,0.001410902428216635,0.022093392948159776,0.03895282104917462,0.02484425140323264,0.02077467145185639,0.019957345850634935,0.026697185512009704,0.0007042300364410649,0.02200534421060995,0.041140764462034955,0.0629239862460338,0.02372561454060786,0.12794047421527588,0.01062535029524547,0.00812228059795368,0.00889022216564613,0.00591872739118513,0.004552638044508556,0.2036981701534727
66.282,0.011745380951948542,0.014649221063007856,0.008172203569511847,0.13704797890217754,0.0011291656575241585,0.07739648005087608,0.0,-0.003582449928256153,0.011166788790964227,0.005723507782531763,0.0026112334072272967,0.01600347641546274,0.03293009887644192,0.02585123267254058,0.016163941897717096,0.03654375407766819,-0.0031727288467726256,0.020990798385126016,0.0038035757876053854,0.036792260840166686,0.00897966157695915,0.02183581270194309,0.0220820069246646,0.017900455613383097,0.03692439021379401,0.06915891822967424,0.11388759286472898,-0.0046482959112357555,0.005623803630453305,0.0055846073669968705,0.0017580008015680617,0.004548927557695167,0.1649837058226829
66.784,0.006179019729130365,0.005873040715298426,0.009625750790028307,0.11186706277018063,0.00031440654101159494,0.0324863853322195,0.0,0.010316429103123168,0.008958000494638808,0.00891923930074351,0.002704559113928922,0.01980808052829784,0.026613947742958183,0.012201480451450255,0.0269639748712204,0.01468404861116804,0.012482576816142501,8.490962913500654e-05,0.013473570212616474,0.031045243692507513,0.010279348278887476,0.012233025131325431,0.02089068632195841,0.019204585941242476,0.031867645243827174,0.03264001057753717,0.03870115211190793,0.022813902164474778,0.004545653937155558,0.0006223753869860954,-0.0013669370688875826,0.0026153136001371225,0.1763161317266702
67.277,0.012951801370508019,0.002660084031770988,0.0038571783618174204,0.14328251582431467,0.0014101564724337797,0.038989789548353165,0.0,0.008046028105475144,0.00878757440702995,0.01938716634445565,0.010523456346714226,0.007400775959846099,0.0035637557621070112,0.03385799813723491,-0.007943499440654271,0.006803015607369109,0.03537523955493894,0.0022779554196046357,0.00017298764017658065,0.029435636568968,0.04266721872610856,0.01942375894902319,0.02275193487351965,0.03243747789698507,-0.018534960306782283,0.04668307346545399,-0.0025688953032533095,0.047776969293559235,0.005375043728342414,0.0017607528670952595,0.0012246592285714247,0.0020839951632743146,0.17714183893747404
67.778,0.00983034907497898,0.0163094012629619,7.875901802294945e-05,0.16160665156198933,-1.648969824276143e-05,0.07267730989811215,0.0,0.014204661996869983,0.007676347804623029,0.02346319543553874,0.00625502701678453,0.0005569342855537128,-0.0036914113779802954,0.03796075563996895,0.0016061732070840444,0.01448484672534885,0.04185809863045246,0.00432620170848003,0.022242433705019857,0.008082034395408786,0.029581548449413388,0.002278896142313507,0.0303506820471923,0.03531581585865635,-0.00027981767429780647,0.07138565511088549,0.05643050417158251,0.04144297519097864,-0.002777816434901018,0.0017646765063986977,0.0042154509794796935,0.004217643541633464,0.19763070532875399
68.276,0.00043139839644258193,0.01075345460244471,0.006206671293213066,0.10879400026135963,-0.0013614743988689924,0.03574096222781842,0.0,0.020337158073466474,0.004447933201438724,-0.005740481222134408,0.013779027704583169,0.010670919261643588,0.028345026225265708,0.01744041167246584,0.013470919790508398,0.021169039096680314,0.01571201828488887,0.009684960866739527,-0.005458456750122308,0.02895408744758919,-0.010430967562611158,0.005103476807787616,0.012788248890241698,0.013825246442306616,0.004109812132900984,0.041342426593656514,0.10186597174130903,-0.0016467001321600239,0.0034175342198800064,0.0017310895815698172,-0.0006512013523077812,0.0010279576797395484,0.15479275185056196
68.794,-0.002289832846926875,0.0036521211623040005,0.007176796290426374,0.12247515337021407,0.0007925181384110037,0.016873681434259664,0.0,0.018584200060683967,0.010162489267098231,-0.00038402719173411074,0.014415148521643332,0.012609417789717392,0.01694397026750458,-0.0021869652402871295,0.01636950142451149,0.014863335341383135,0.014001363772594689,0.01153987052413067,-0.002696522094474708,0.022151449026870763,-0.015655401853195017,0.015556672571510683,0.020726325129519187,-0.005569989021946495,-0.006945147248054178,0.01879156882537667,0.07142583046102574,-0.0012956531257861947,-0.00035878071478142584,0.001317121339314322,0.002733002846765326,0.00416121880592011,0.18093982023231883
69.278,0.013614068209668368,0.013739113793331812,0.008160265373186128,0.16422189907549423,0.002965861253180169,-0.02902557249502169,0.0,0.007944875017606963,0.015346817138341106,0.01680909119260858,0.016834277776419822,0.011444513743484284,0.018604154722740164,-0.006408142149710276,0.019501659419632104,0.016008145693482738,0.03571045905277165,0.04708064458025274,0.0176480294997537,0.015185377605213326,0.019957557676923043,0.03903997121829864,0.03038355872022409,0.00742603941283513,0.01595645897984697,-0.026908599059173352,0.032335351569175885,0.04241498112395372,0.005293662643549055,0.006534489669844834,0.00012385817948151414,0.005668291637482295,0.20762776534822275
69.776,0.01472809297819807,0.015179826568017744,0.002580494926707085,0.11503279326654037,0.0011744914729639162,0.04454473188794922,0.0,0.008875060990109481,0.004754394614685354,0.023174088903890597,0.010578769450039533,-0.00045720125519041135,0.005684949586927986,0.028280586684468423,0.01677897799190489,-0.0005971892224128096,0.038391688496589256,0.010480891763398777,0.04213188960594381,0.017187552393135415,0.032597798040087916,0.024234538779826877,0.03341757888139801,0.05042195854839687,0.01269146268233244,0.03412713187325759,0.06843848502387648,0.04364345172579207,0.0008777142520323283,0.0022597290691244915,0.0036514264683295424,0.002943367981817288,0.16689807381916108
70.288,0.01547528007387881,0.012272163738048967,0.0025435344807376815,0.10031539330833492,0.00010173697727263707,0.006790719387243655,0.0,-0.00463851411118028,0.005587771079681489,0.017077518268949522,0.02183812862017063,0.0014008496243332128,0.010438384342817979,0.0216113397930056,0.004783547656624166,0.0413495856148177,0.028024553117051675,0.021335730467831708,0.03153752253626172,0.009179052177225092,0.054450485253499006,0.0032192637907439547,0.0405417480416763,0.03722244377624613,0.010841458134527762,0.001198424174269688,0.05917813070865531,0.02453401298119475,-0.0015645071044703427,0.004105648373809363,0.001084510920908183,0.003583653325401764,0.1228611841979199
70.779,0.008341140829928529,0.0180692989099993,0.009775561521440202,-0.002168387933096807,0.0006502800220490017,0.015924458936864925,0.0,0.011989331455108452,0.017940155802268765,-0.003175321030942045,0.006576865816100592,0.021763267871177494,0.03429568099048698,0.024721327180816367,0.05249823900327589,0.015387425632254903,0.0033502159534035438,0.030144468466191048,0.01800228189105687,0.030207651308687865,-0.0019682504682693933,0.028073366576209693,0.02462822222294314,-0.015805183687334343,0.010566390679042253,0.007679995540997625,0.1095164862267087,0.02224378792170095,0.0005475109726838468,0.001501033019594655,0.001970393727119875,0.0009710876362863894,0.030049193197948396
71.277,0.009321957284946426,0.007488927174084457,0.0027250163178302892,0.0008432619739820208,0.0002355484665335229,-0.012325791727831078,0.0,0.01750765789983709,0.0027992797586884584,0.008948133078526025,0.006392965967640864,0.009247035723168784,0.006896717815532132,0.0446552789289448,0.01283348936293875,0.03575353565808721,-0.0005436482169922722,0.024927396872073244,-0.0012567959582899496,0.03800910020558389,0.0007654307376604284,0.028373854009664624,0.02919878031574012,0.02673157442329,0.02464417563669908,-0.008733318448124625,0.03660666381052658,0.029475855048633256,0.0027411189492535515,0.006464661750883744,0.0009418742387780613,0.00894377432838297,-0.009493136766516523
71.787,0.013305787308200258,0.0018407783174456932,0.0035117552645189936,0.06256778583683942,0.0020868621506671906,0.023891553373548726,0.0,0.018099087630638163,0.00622722277704135,0.026906596307122232,1.998430972133449e-05,0.00894011964135944,0.003679662549924286,0.03257941179625907,0.007216900701624557,0.021134557909954322,0.007289988917639811,0.0540132490740424,0.01991302330322292,0.014896435258663236,0.03571875118716082,0.026543060626024146,0.03836146547263259,0.010583002734149537,0.030207691964525028,0.020099296087528563,-0.01524576926874541,0.039047084797468795,0.005655572288586122,0.00857332184922933,0.0015845568929981533,0.0015386074650746131,0.07668394644664822
72.278,0.013651224360734395,0.011629259294012687,-0.00014001603204077416,0.004974803950118306,0.0004681953926774014,-0.010187992881773066,0.0,0.008906639117757503,0.009516486786755703,0.00928033303742619,0.00915322611267654,0.003459345976819311,0.0005946136259341803,0.04245849960762418,0.001273538191497762,0.022374937890375344,0.03739140238001933,0.017248519354309204,0.0378642323720408,-0.009004291551726454,0.048327500158923585,0.005806141624717051,0.049849574504774584,0.03172600903959488,0.049021440451128336,-0.020636251176612566,0.04164579877075342,0.025447222450623423,0.0020168983703996663,0.0044074184147883,0.0005916266886627385,0.00034770461669603685,0.018091123924356856
72.778,0.0032001436329113656,0.005401587790500494,0.005227251598672798,-0.059945284209276896,-0.0005350203482180276,0.034965676323337025,0.0,0.008261750378501164,0.0029765454720270743,0.00010666966836466963,0.013025889504927914,0.015968721918808253,0.020648440484385747,0.009783654229204705,0.008733688093689266,0.024834866856181654,0.01575931757794877,0.024480103547097665,0.024786260151284507,0.009873801959438655,0.020923718304958996,0.020764969634109478,-0.00469223917997594,-0.02088527029113258,0.03353685597525042,0.015418303238622266,0.061717507059408074,0.006532024529563306,0.003621422960652037,-0.0016508719894724373,0.0017603444530013006,0.002726486878868756,-0.030666372700968406
73.288,0.015578166293664748,0.010686125304541232,0.012038036211678557,0.019531617769216757,0.0007256287678598971,0.05295193959534573,0.0,0.019234590400559068,0.012093700929692619,0.006675703051145699,0.004008651631403721,0.017803773283428276,0.024888578384699708,0.025057016105583054,0.015473928849888938,0.03851011945931748,0.020535199304465256,0.025231001735086717,0.025367305297304125,0.031661946937929016,0.027255672919628243,0.023760839965614226,0.03770118217560096,0.015143402729245914,0.046161703834333045,0.04793256326088501,0.04985581312688379,0.02180027409991411,0.0022987952968572295,0.0005394399809377275,0.004187460060253774,0.005458934585777885,0.032382423817164746
73.778,0.013675092168757752,0.001868753833701427,-0.0011009943294733467,0.07668367305518875,0.0001796170407595133,-0.0020992897247483046,0.0,0.01773539189704124,0.008145095945756223,0.01697377857752759,-0.001372728412737309,0.00013349253119196086,-0.0001509337180696746,0.030181761216594192,0.010906186944281328,0.02717438514016712,0.005288731925131717,0.022991768813498056,0.044416831516503566,-0.007867712381581118,0.043012193701262885,0.02927259362860814,0.03725458903096069,0.0043370283885714065,0.01799903266209718,-0.004316396176780505,-0.004201173355764607,0.0438774612327068,0.001264157486150334,0.007518527830361582,0.0034475905277986498,0.0007920580719622796,0.07670861708379827
74.277,0.010771559149702039,0.009124859130476216,-0.0014450511330997623,0.06652667658681471,0.0017494703363406684,0.05281129120234926,0.0,0.008654668421070717,0.005798912585348663,0.0142156398013234,0.006564434621862449,-0.0039791700881685425,0.0008802152921569192,0.039666617770402514,0.015221887412832539,0.01942472549736516,0.028404178283134966,0.009950244949477162,0.02350616533026813,0.017091899099409898,0.05260215030091219,0.006551717700491764,0.020100077722244182,0.013875781242319777,0.01723044429804841,0.04493703223834484,0.046730442499873494,0.024358891291279088,-0.0014140805229781303,0.007336297558600131,0.0026536003058897375,0.004798181511805552,0.08501951906351718
74.786,0.0033611628207040082,0.003688710527176672,0.0005135079449563214,0.04213117366118337,7.2142281110998935e-06,0.02361477787363902,0.0,-0.0012371464625731763,-0.004716696889852701,0.01659317978532369,0.005582245760314172,0.0046913336757034236,0.00691802676474403,0.0206288756041172,0.0013720489905460465,0.017305585408217593,-0.010198783089344689,0.011422347323649306,0.008450099785912817,0.009731023954219266,0.020353366160051723,0.010631051951460283,0.007408471323308265,0.035115214567245485,0.01822470270035918,0.02834133289319324,0.04609757762461986,0.009328590023587019,-0.002405145354851532,0.0014302180140043175,0.004681671087589831,0.0050167860042563675,0.04633420821946382
75.277,-0.0011357243853330164,0.007509093432675962,0.009940689492624786,0.006077530863581849,0.000801606462439098,0.028659696972577052,0.0,0.007950602465362186,0.0033991225425729064,0.00876342541669631,0.013587742914136258,0.019635635871766557,0.03275161750863264,-0.003473305207195421,-0.02322939484493325,0.00993738035136056,0.007884753330591252,0.0193064335126796,-0.0017073711325783058,0.01784414909979577,0.002069160634495509,0.033189105321972924,-0.010964042592344238,0.00037837026902471987,0.01603261760767895,0.03785004163135945,0.06616733699517462,0.014927435809961614,0.0019741475541261333,0.003023753725783398,0.004663545061531925,0.002955428066783216,0.01761072752601898
75.788,0.004896477130420971,0.0013196200031401419,0.006333653250983709,0.03671146506332588,0.0001702577401894708,0.009190521916170346,0.0,0.004338351648707874,0.005299551587339224,0.006539237522683322,0.00965837166723238,0.01706123738430974,0.02307074385278996,0.011385386355503568,0.008114237800706976,0.022780615573934175,-0.010856470834303886,0.03527283179549133,0.014293483320891637,0.01448538541050788,0.01884123344025298,0.026998573229837092,0.004359379965944741,0.028663514110331828,0.014868525477056239,0.02235564371669099,0.04425942749083157,0.019133902198918088,0.0057418055915585756,-0.0018976865439268979,0.006068312236608894,-0.0031341282342397707,0.039124047119839585
76.277,0.01952917704751029,0.003022907680871944,-0.000662259814503503,0.060857814347954085,0.0011042879706692692,0.03206495858029622,0.0,0.002676323004879853,0.004107437837598256,0.02373661918288849,0.01169927430929683,0.0005330847847339967,-0.0058835848018338075,0.0455243933979902,0.0006515663404562919,0.02134310168053424,0.03534990864136109,0.014596189823188912,0.0455927076970771,0.022222777206353097,0.06459654848940109,0.019146339621731914,0.023522506795363607,0.06458666890264646,0.02332246392537966,0.03661282865416301,0.011713715455400007,0.028238939324565542,0.00637660401621723,0.002104119775432659,0.0036223754911707978,0.003821282406803914,0.05796447527923073
76.788,0.0033286607185501723,-0.0015250736298330668,-0.0016521883068177164,0.018861226768281506,-0.0007553038402469285,0.04620819736569006,0.0,-0.008577866035825308,-0.004632212059180514,0.02159681077131808,-0.0012380696820244793,0.0039788765147831424,0.00013552036091681396,0.030235908018057554,-0.0023462503207365847,-0.011671586931133357,0.006602825886517429,0.009760787289902973,0.026948998722793244,0.000334814166661867,0.02547640572085222,0.0025240590256512254,0.028462845287657017,0.0475853211630679,0.02584695970243104,0.03960447770290927,0.009809563856887108,0.01973815947547208,0.002773160980445462,0.0016670228748238546,0.000910494870271104,0.0035898495242201837,0.008919512930699808
77.277,0.0040722244129293705,-3.6100393547969813e-06,0.010138603675439128,0.00194553220121083,0.0015134228642313164,0.09258234203586345,0.0,0.00802006919657584,0.0018594793951851537,0.010287307524738889,0.002443159680047735,0.02199412215577456,0.023923124993420062,0.01484617963638406,0.004328158777508345,0.030307271913600085,0.01457059695871606,0.046737215228404995,0.0021031740507529216,0.021591425750355137,0.020390765062453638,0.013694801483044148,0.016135358556834203,0.02759932504776916,0.0020639948376884733,0.0798828355770403,0.055976763206110045,0.0012639847621510223,0.009300755177644181,0.003303055228323091,0.0023849817567947636,0.0019124026116177258,-0.0006050731028626286
77.776,0.0007858950924761248,0.0005786422016624989,0.001983413205229305,0.06677298421129223,-0.0003986057214919367,0.05466975497533321,0.0,0.0019486727031752613,0.0006039230330080417,0.015793309004441695,-0.00018060465124739242,0.011663589635175567,0.013146160886579956,0.01345123254616626,0.007424584837511902,0.02424421980906564,0.02224735053120947,0.02804629415216696,0.008984265208469117,0.021327117565382164,0.016312253795875014,0.012083771845398522,0.011599834366049035,-0.00499871442350477,-0.008153498659443743,0.05239762414623133,-0.0006822372953000059,0.022624294620095686,0.0045109211699990185,-0.0004954084653106012,0.003871869666939619,-0.0005580623931573707,0.03388322954522114
78.287,0.01926887851406738,0.006171459996118011,0.0004315507294858567,0.07729897351424857,0.002006598804547697,0.0543087249656487,0.0,0.009259931523401342,7.475478598507801e-06,0.016976146873297435,0.013079918352394007,-0.0006304955984931917,0.0018585855414520588,0.04398282357314072,0.03113948978834814,0.020042742686436774,0.01577114653741999,0.028921163025002503,0.02280049448589875,0.02209942145300979,0.037091141304078847,0.01709225061151701,0.02518310182275786,0.03688691162676272,0.0029084163449313656,0.06412425886214908,0.02216319659144206,0.030042993220176346,0.0024558414690517235,0.005123751493583966,0.005878746541756733,0.0015501917071239592,0.09051778274224681
78.777,0.025339959188908672,0.0036490045678863165,0.00815717966311886,0.118295851629168,0.005609179844725025,0.06769421556141135,0.0,0.017199603404788495,0.018405451383897167,0.027241025268414976,-3.289995781005438e-06,0.006487396746107851,0.010359305900855719,0.049551714273988426,0.03375730290949013,0.02614386117809867,0.010601911247482054,0.017440566755728158,0.032362161694504094,0.020839158141900477,0.049887847862396764,0.0428551741237228,0.03830935243312346,0.05382961057950498,0.054849832931934746,0.07382260939211226,0.035489617530051386,0.018339836953114218,0.007923431223975796,0.007812642161373912,0.006935798046774022,0.006511206973757441,0.12589442224625694
79.278,0.012220904556710696,0.0043364993929809435,0.008866626103449397,0.045477939512526884,0.002627985237948341,0.03775278965964062,0.0,0.012896385677585326,0.002126322291731161,0.010730095328232724,0.02226757004049925,0.01129040793772385,0.024092223316951104,0.0107490252849234,0.02438795497861759,0.014265426019512379,0.00018961481613899317,0.037785449341730594,0.01652467686137226,0.032629739730242996,0.01900875667368215,0.035694204391783606,0.024621449329881827,0.043200633641974705,0.0181172648753766,0.04270197382481094,0.081510776475411,-0.011655849893166143,0.003898930397137353,0.004444359134308972,0.00286796965221662,0.005851443539299569,0.07023922340182723
79.777,-0.00035334666725742953,0.003819742809359026,0.008542492839782525,0.04936448277279214,0.0023150422436177777,-0.01746425427073991,0.0,-0.002838702446948077,0.0043426013801794025,0.004659719652992585,0.009289506649926003,0.021687850698787984,0.028804241167987108,0.013566624242814372,0.022938402167765375,0.029432631247122143,0.025921816090507786,0.010007382297432345,0.00915607492683528,0.009106165695631645,0.0006939404631056282,0.016447358438514116,-0.0025803862479389945,0.015094050930881992,-0.008437813305553432,-0.007021894476085665,0.0707410502910346,0.01422888961653305,0.004679707123035405,0.003927618558656321,0.0038730416482253656,0.001229914442153052,0.05700380846165744
80.289,0.005163225149434815,0.019015469563152487,0.009623434469827278,0.0230939278609166,0.0014180413468076409,0.005268495872096692,0.0,0.018912036833888073,0.0009332241317842177,-0.0007695200545910003,0.005038038296757077,0.020146523855415814,0.024608536387975007,0.01377824889082783,0.024544942212525126,0.03418033053691338,0.023300969317809155,0.013855562066742797,0.001061244689356304,0.022088431594123308,0.013718561418278246,0.011918389582857406,0.013735618631446263,0.0031060848839594593,0.028246538976446346,0.012418719152212404,0.08171390393156254,0.027573333061633027,0.0014750560734568565,0.0008509545936735639,0.005681190615250085,0.0027245891578076523,0.06823753752448669
80.777,0.018387092810153112,0.011673516241260886,0.0036067856517397077,0.1204009530051751,0.004817041810577248,0.039004705882305805,0.0,0.01249207056342984,0.0077662638707639165,0.02787034868750385,0.012496728242124926,0.003759727347252269,0.009387201641235627,0.04522960999047389,0.03410082450268921,0.006634487168967483,0.046839970921627394,0.033436124424230586,0.05776030473776973,0.0032665452879974575,0.033726429038582896,0.018279210479922623,0.031371096001171654,0.04975311646101765,0.019162651213538585,0.030947416178541014,-0.006755793510526915,0.05099780056889866,0.009255266891259615,0.006376136022521749,0.0071536260883177175,0.0047493361465091605,0.12129223792461344
81.276,0.012822455633987609,0.0045911112814969604,0.0028326130046061296,0.08403315197500275,0.004656638154128799,0.05823588959887906,0.0,0.019742523438373946,0.006499097153960321,0.019019839301839488,0.0013038535101540408,0.004479104913520595,0.005371443268786526,0.03575251835409846,0.039574290739876485,0.025714993308799686,0.04031745940683557,0.035430274959305154,0.036314677767536836,-0.004713666622461123,0.041792805083321095,0.02296525618403909,0.015236531714157068,0.04913124412515495,0.014036593701311778,0.06141717849270879,0.019970049863048202,0.022299581046236323,0.0038900318567020578,0.006462255207971888,0.007903819465188774,0.006529761129402042,0.10527122851853271
81.777,0.013877675488635935,0.007041390811158396,0.0074490735294769584,0.06993929027324482,0.0006121052303482467,0.0340087485064952,0.0,0.012362009754987625,0.01004005981644654,0.008771159058675659,0.017687255916983627,0.011612759037538938,0.020467161928618777,0.03156137281700373,0.021376850402298645,0.051758369212548526,0.029496787567310286,0.0269090825316449,0.030534230332429545,0.012254843958798653,0.0022407099075994028,0.03216249157723925,0.022616235017836855,0.019700007931957676,0.03916985693733481,0.040835896231381404,0.08695272907467165,0.009880845732513594,0.0018777638374502133,0.006358951221306947,0.0006827871816002369,0.0015191452172802335,0.07717370932316099
82.278,0.011911155482043936,0.011592870572558134,0.013778349129981755,0.15681526478340974,0.0023882840051293163,0.04672123298217977,0.0,0.019948914380765258,0.010801599712823113,0.007885373977510808,0.015445489715032098,0.017903967331247203,0.028513512780394497,0.018321812017791112,0.06558475348379914,0.036527212589434296,0.033584984731956306,0.03880187010519464,0.02626218110980304,0.019779969742768033,0.009370984582815198,0.015283143125751318,0.0048117757795459615,-0.0009729521203493698,0.009669820048506484,0.04072006056577204,0.05357198711816189,0.006025339901706205,0.0016802005236629762,0.009519216105516903,0.004966550355645217,0.006595534388181757,0.1465976714366339
82.785,0.009405882824023565,0.009111255838454747,0.008521878375258193,0.07074673697664757,0.0020397708906048683,0.06688565700165255,0.0,0.010025886346450885,0.00017256682174675818,0.01715279747368117,0.016913907028143032,0.013323137636406147,0.023592244827515953,0.023534133322168582,0.03321414499368402,0.026109268719795718,0.03331676460908348,0.006967748638923153,0.02098220776845912,0.004303575040499798,0.01934859796843613,0.022876851808590472,0.005191028457802556,0.018064289517248366,0.019346047887713606,0.07251633558909942,0.04665568511006428,0.02013209601073608,0.00024534513787585353,0.004666093732712842,0.006039984211412489,0.00010971723920511396,0.08878520868060329
83.278,0.019133758391663657,0.012229133517864709,0.0040369160381731935,0.04224533736642037,0.001970651046053678,0.05849594348445865,0.0,0.03421121998043326,0.0036881067093554863,0.02676109911109016,0.0058871654278309215,0.00889037644076059,-0.00034848092807157697,0.044877392540285645,0.024959041041891936,0.01683348707095391,0.0688913034193689,0.01173303999805088,0.049315601626471854,0.01745330547620878,0.03974354422684724,0.019617334211041608,0.01745286007761408,0.04741361722204597,0.033730847758790226,0.04304635382896015,0.05168214238512958,0.014801761192885177,0.0067153047118833605,0.00348794695660534,-0.00014875738190925066,0.0010214208042913118,0.06377221745703866
83.787,0.028293015519069358,0.0017575155122570932,0.008361495701727905,0.12912915889092616,0.003840925600135458,0.062329867518294724,0.0,0.021684733650819427,0.014581087226008434,0.008369591030260354,0.011884362755271438,0.013895835521306316,0.013596318783357902,0.040452297664315934,0.04276221527411204,0.03300032823649501,0.032460627551732374,0.0483451429434071,0.04440891426973376,0.03691151295359592,0.04644487128702935,0.03575333448190139,0.021493260439380543,0.05004334824239358,0.04339903193781772,0.07752350985162493,0.05076138193948596,0.013947183551301074,0.0028727401727936704,0.004712984983205617,0.005688872204487609,0.007795939246193525,0.12499576138517005
84.278,0.018298382367357317,0.016707609695283593,0.015723151466781195,0.045158925638402396,0.002035632223219365,0.041556239271533915,0.0,0.01992404758829841,0.009994234361817485,0.00013103554387404703,0.026117999969852486,0.02223711728594089,0.03677192030637061,-0.0006516055813143036,0.04703882505282467,0.054046249553931024,0.03743201259823764,0.03068870350115229,0.042592224346978694,0.04493649027419364,0.01224644521032513,0.04210225324582924,-0.008561037889411179,0.01130877898272517,0.03600534449650729,0.04424893561081374,0.09966159896724483,0.013503978855242016,0.006211422594569844,0.007857923745676768,-0.0006895912386169278,0.006149489728517655,0.03251476681855564
84.78,0.01391899131749707,0.014349579011540034,0.010977792873258178,0.053282885873391896,0.0033216307638199113,0.07470612601237663,0.0,0.020994302352144754,0.008236282984861249,0.0069434807863472,0.016819259690542453,0.013531731907304523,0.02425333906242687,-0.010016473363371185,0.025529162938165147,0.04732454433409197,0.04136725725005924,0.029974693557950956,0.0458335855362272,0.022037593078076997,0.02499736758773908,0.026474227367896282,0.012957227645950895,0.02756037980850688,0.019348669119969485,0.0762053321020702,0.055725748519228895,0.034022978717080946,0.011522686904471863,0.0029880226727704044,0.0052110249370667374,0.0012577060034685752,0.05638780895914576
85.283,0.011473701775081547,0.004883820110148497,0.005350268518097959,0.029828745516090924,0.0050817046276730405,0.04651710900466761,0.0,0.01617078138329235,0.0104758572912692,0.025659376748602778,0.017710122744793066,0.0008185601036433217,0.005374007303318545,0.01257994217207584,0.0122462981528811,0.02542105776237498,0.03870717807522789,0.019506038097231216,0.011846197441480315,0.02161790147360683,0.02237340595791276,0.024703819651131505,0.01488318251901884,0.03127009529808158,0.03166354960036835,0.05189877859357526,0.006556127836688784,0.02754555609515184,0.005631664046191464,0.005916329431581274,0.008272054300734959,0.002020009970511971,0.026119946254176685
85.786,0.012411850526169915,0.0142349036958123,0.003689151391931121,0.0561368847918054,0.0021630746273972956,0.05051931127543699,0.0,0.018620998405200928,0.0005312440984253577,0.01964600805843834,0.0052745731734539555,0.0021542358396391794,0.011512382136285432,0.03972289212877112,0.04136187229511061,0.03443844042387877,0.02803666235721518,0.004937953405593053,0.025260085071082253,0.018093682381488136,0.026043384650312015,0.021682711670647555,0.012894397423638114,0.029742787345564976,0.02308040176487836,0.06480075613038437,0.07333963615418537,0.020358936633270194,0.0016625511434764772,0.001946631156549405,0.0028443234401703227,0.008421311704583309,0.0566732604656183
86.286,0.012278297392411671,0.019301803849795525,0.01164035942680411,0.002299346056144822,0.003955711582378077,0.071430404899201,0.0,0.02937790667186503,0.017331289391668475,0.0070355918865304705,0.025158472840536822,0.012863431089614795,0.02526254355402627,0.021390523668191386,0.021467083997044625,0.035673545825608166,0.025212010170447306,-0.0004526172127697195,-0.0024796594104851653,0.016650314746853388,0.018349123180901455,0.005872707632767857,0.02767668659790352,0.057620867979908445,0.030570823021176228,0.04552097596583471,0.0942972357448404,0.00385248546627489,0.004356091174210445,0.006826502752399032,0.005589179622647126,0.005267425862404414,-0.02890534990487239
86.776,0.006849329628578508,0.011272356069509272,0.012746835225097284,0.05912698924654375,0.0027721570969216408,0.018511712598665856,0.0,0.01689852669397249,0.005749682357243381,0.004477596673787871,0.017295048374785654,0.021010526705545665,0.02954204980264868,0.003966337726424308,0.017433899207820628,0.04187813396779156,0.03263916048910617,-0.0029662172190243682,0.022661081518590535,0.029591150437872926,0.0007302061684220288,0.004677257981320519,-0.00030911465550475923,0.02285648504063031,0.025446632530169322,0.02056838948163185,0.060818662890000805,0.010912423209323927,0.008967995325382144,0.0036163207960167643,0.0024725454260105125,0.0038927543132804268,0.07018105226956671
87.293,0.009636111982778727,0.011137543177727272,0.009813944919798926,-0.0031726203549313804,0.0022198649858934344,0.08657790206769231,0.0,0.02020374762929251,0.0013409857544127764,0.003828298521621942,0.015765164530651476,0.015056795913604327,0.025100712111353226,0.014981282358448573,0.03333886751555568,0.03501561256501243,0.017087923092524337,0.017818282692512455,0.01876398787448134,0.029812907033580055,-0.008324576065825826,0.006440939362593447,0.004044490558673586,0.033476243632758855,0.026510463172832652,0.07502858079113484,0.027216542937338543,0.027132533300420907,0.0020827547056532173,0.003979605618875408,0.003414395625862014,0.004686483130876693,0.000580420108227198
87.777,0.014636773738661436,0.011936165918753443,0.006679958218079232,0.10619931214529794,0.002626055866328426,0.05570557270117163,0.0,0.018596267808354085,0.009715998716947241,0.021523364919850442,0.015084464021837855,0.0053709735320277684,0.003191913142164332,0.03379195280459547,0.010564121509052936,0.01477286754548439,0.037556338684483805,0.009154540822303525,0.031200261693390113,0.01480967258941026,0.03486028234521629,0.007062967820547932,0.008966995703357536,0.03927206206352811,0.013846616302793567,0.048958201765436055,0.046416651567905594,0.024797268729873752,0.002460540653804332,0.010410963562358669,0.004248439306312429,0.0030879923144572215,0.10519854544684712
88.295,0.015407260622745531,0.005929992498583409,0.005113749927965562,0.06108787738908636,0.002935372924456259,0.06331071851055836,0.0,0.005679348079413215,0.017668003871178107,0.01967553523350661,0.0024596096642583378,0.0034517767134052526,0.0038304938775841923,0.034524396759544364,0.030749341081423912,0.037466108984962505,0.02377883421147818,0.015346391238742705,0.04087436237915737,0.01504652677204911,0.02671993829578136,0.011715050485138847,0.03765480996593005,0.03937132534047186,0.011605661668968132,0.0662019347297855,0.022345548102138325,0.022777178374417652,0.004766981108002174,0.005640948823826204,0.0027061354807348236,0.0036592669446908537,0.08466815564305488
88.777,0.009018895748748066,0.016453124358926492,0.01170835097071137,-0.002022633296581895,0.0020425473415710514,0.08773388249445922,0.0,0.00805511245879165,0.010898219150279435,0.007708013090731838,0.006359212250409274,0.017589683053465557,0.022872759994033678,0.013303477456051371,0.02663041862889637,0.023605989963726454,0.007772958385213481,0.011679584824120598,-0.0016728648385866316,0.026955444085375833,0.013499253922864553,0.02849691834997253,0.011086751456424897,0.03498957340977463,0.007344243155439246,0.0826356546948342,0.07963591457768686,0.014894961606989408,0.008699662318047455,0.003066242294347233,-0.0002399941648625215,0.0005901447882500422,-0.012448755488193977
89.278,0.009545121126359158,0.011348326275979821,0.006520144755237664,0.07996988789834414,0.0021301326315131923,0.1006839648068823,0.0,0.020609370191030117,0.009034869531131771,0.005416351089233032,0.0060058814406734546,0.007869774365987783,0.02028098761467824,0.005584098700756621,0.010215671791404575,0.04956453014424348,0.01611034200645339,0.01123474962976166,0.027479264953308945,0.009819107019201807,0.02836834271426282,0.015637378964720245,0.0032066260027805936,0.04072203730463859,0.029512734007628758,0.09897465820482418,0.02330782484250393,0.025525514420468402,0.0006571529530874531,0.0010449267887205481,0.006815685318028353,0.004836562624363796,0.03854035205088546
89.776,0.0109122404061336,0.007554451957805377,-0.0004622657039944091,0.07118332140943823,0.0023815228544238217,0.01598035672701808,0.0,0.0140948247742444,0.009436799526671386,0.01828513515919729,0.0015813496974605302,-0.0013683454872058247,-0.0015963921592019596,0.018734420086467824,0.0007461726306351935,0.015994009824989806,0.03199202795460316,-0.0015155644187973883,0.027758139163814706,0.0035540027699551085,0.033515956539766044,0.0163171562001466,0.021529727686635896,0.03173195588392067,0.050210935088627236,0.019059435447134856,0.013529824042955448,0.031199356215830993,0.0037751894576532716,0.0032694602763886204,0.0015584108721717596,0.0020931700079638237,0.11631354445132101
90.287,0.009405167796413247,0.007276337333727811,0.001344135011570881,0.11080536956036745,0.002657516447061765,0.04021780643717043,0.0,0.01323366485566091,0.011879996109709039,0.010955638358093824,-0.0048323562836774395,0.0029254110188445055,-0.0016842842815325296,0.016419729875980192,0.035472353600199354,-0.002565577854719576,0.021457908091485057,0.0012911916133116145,0.039845175519149185,0.008271991281999973,0.039077895004789545,0.0014480419294898659,0.03043496092930872,0.03430707285197041,0.053985505857886924,0.02855475609615764,0.030709057356070782,0.02692097829450474,0.004894541054666148,0.000814638110573518,0.006458886028426989,0.007622227435234614,0.11066358705646888
90.777,0.007858957621052234,0.004830239130971319,0.0078046680383341465,0.046024137912796685,0.0019479669889897358,0.009580805245358752,0.0,0.01967449383733115,0.016674860778591018,-0.0006777993687747396,-0.0069438233850682195,0.017863003465044713,0.01959908670965848,0.009851238913649262,0.008526006757906093,0.017701567905423033,-0.009445983811642019,0.01784862069519137,0.017097648225650575,0.010372368673964948,0.02790363044227526,0.013626787432116236,0.016971968655778685,0.030199504538545287,0.042210383012632365,0.011045574027926592,0.05037310569002182,-9.75460775209938e-05,0.006314647677793231,0.0010723337325286761,0.00500414713371348,0.0026493412529480062,0.08519738834907616
91.277,0.0009923418841869716,5.834216554560992e-05,0.007920487250999938,0.05738597762551482,0.0020402150858788524,-0.02678516696117961,0.0,0.016888818853995884,0.015913397288344743,0.009774852167327389,0.0006226571657444707,0.011529360772386811,0.01698046299066358,-0.011775700308122585,0.0012553837736147086,0.004691763552056856,0.004847930703057868,0.011271196099731253,0.03329988360936486,0.01522733915517263,0.019612364177121755,0.014232666328766056,0.01596357041360231,0.018175480913183342,0.034998504823977906,-0.02299042439885257,-0.012858592826393348,0.013838553869863011,0.006453574280099401,-0.00044658485300653675,0.0022887709728602683,0.004769119824974803,0.10450029454479169
91.777,0.01054740922837508,0.005373576669519644,0.0024089647852380955,0.1313106864289617,0.0016838813548362124,0.0004998127170553233,0.0,0.007064898986811457,0.012465992007147885,0.0050444545759902645,0.0016513944178500716,0.0031472991240617636,0.011706736334114542,0.02891764720788305,0.03110017613690314,0.013127376345544532,0.005448119325160213,0.013786231877830665,0.01847629953934791,0.022603733532725632,0.027203597196754317,0.018020403291322713,0.023308998255175586,0.026376901980323577,0.0403322677798346,0.003163536814456271,0.013791050941837538,0.02160356486497377,0.002579722851513895,0.0068847039262935625,0.007076148138388248,0.002678931339847021,0.07573521134998001
92.288,0.015682444158930154,0.011740918776229752,0.0011867626738029855,0.10566609359500621,0.002527826388670887,0.042176951391101454,0.0,-0.0024452462233668488,0.011432623102133506,0.017969090364755545,0.005827379407280242,0.0015846748788978502,0.0057659624775002315,0.04025088808494981,0.02951309542026158,0.0126394611367079,0.03807207410275724,0.012436995690699294,0.03142169008450013,0.023221268621214503,0.03575715401888421,0.012624413220779538,0.0380646027775013,0.049973359838033304,0.022229158495812494,0.045713076884493796,0.004684331071388953,0.05068255002855453,0.0033937132614401174,0.001335710591481091,0.008636803795585964,-0.002052491576558046,0.10674944687729583
92.777,0.008213302386318549,0.01406829391344785,0.008237952373936985,0.060108223239257415,0.002814102075902522,0.07143845924661812,0.0,0.019524146728292956,0.011485278652101841,0.004681059077661959,0.0036182727704376443,0.013059220172104062,0.022242178294740685,0.0022731956020624593,0.03044417804531894,0.013318996533630714,0.016373665369841917,0.016022794362395447,0.02179876167493905,0.006918495811487481,0.02138133578033109,0.020853349579692003,0.027413206228053162,0.035012370608973824,0.035862869635171664,0.07100330524234535,0.061393029877152124,0.014945196203632456,0.004198144483240821,0.008745574907703632,0.005544237786118954,0.00288646091518959,0.06467686582202327
93.277,0.004393298937389948,0.005322902651113986,0.0064588661116908525,0.011228791973711596,0.0002752498394735369,0.004110475278850286,0.0,0.02660201786032039,0.013284390271265222,0.00553880445607008,0.003519925090282143,0.012320968102898329,0.012699219904306345,0.00620038438164139,-0.0022757088834235127,0.012735908524529611,0.017018366849796168,0.0020650989125665913,0.023146187276686932,0.01725854946307645,0.007760308455034124,0.024635124278960235,0.015263568938187264,0.01158037199750442,0.049959800488459785,0.002021032351898695,0.01797640208946288,0.0138626062759135,0.002115119467894445,3.388135070300604e-05,-0.0010726358367139268,0.001704716672561185,0.01390822035774011
93.788,0.00158259587213348,0.0020186103966020235,0.004907075554132758,0.044085330066778984,0.0005108728834283449,0.02878371590553479,0.0,0.012184814724668574,0.01571044231258145,-0.006635596930088101,0.002893432388666816,0.012070556658054359,0.01919774747052356,0.003367944806227474,0.016385326751635097,0.01785916076952891,0.009895640288825258,0.021777660422753267,-0.0014002732093012355,0.018340570036889887,0.02435380789353789,0.006745025281348209,0.020110391417394805,0.02853501334900442,0.020127856342444198,0.014332008085296848,0.017672819165059455,0.007282252092391126,0.005767444619136518,0.0016837818165209792,0.0038580083192027684,-8.415201023917178e-05,0.030694662818863322
94.277,0.008765400041992362,-0.000427698007702344,0.0018055266084709845,0.07416128810118619,0.0022968164191476104,0.012591576999589234,0.0,0.004325806140911759,0.015230006859269814,0.024091455173942126,0.005986960039797544,0.007860592730810046,0.005333409473442374,0.013234829344630878,0.0003270466863143722,-0.0054736384947858315,-0.00035583147895615694,0.0034983263384606067,0.02839613744918216,0.030810416742101433,0.04422253952679913,0.024374084428662113,0.04075503699041486,0.031635054352588614,0.04889411860200002,0.00027844150693330695,-0.00019628154996165784,0.02612202940263709,0.004446215826247856,0.0018852417574016602,0.0020931431853441493,0.0031947858059513798,0.08068794122908295
94.777,0.010941062971386159,0.00802608390989299,-0.0001657003530101355,0.14646742470595187,0.0020336365265928016,0.03821979843801783,0.0,-0.0017699352855383183,0.011703482958646726,0.011425778119796122,0.00342749550049865,0.002371678074352449,-0.003198951691820485,0.03132493192225897,0.0160040231959555,0.01398703773535883,0.02368312429513187,0.007659415976171374,0.036397212697064245,0.00812668944717798,0.027813100265572096,0.013608274222948564,0.029567358992674764,0.01886857516454432,0.007655255871958547,0.03269902182246166,0.040843114218356215,0.02527923462551762,0.004497892011370798,0.0023401758665002504,0.0026576295976384616,0.005744032209201457,0.15165423398893452
95.277,0.005479841040166678,0.012556190239908414,0.007946363553711325,0.030004367164722812,0.002349435158239626,0.0691103517147835,0.0,0.020328768955971,0.007533095172553065,0.007185657063682251,0.008833577942763108,0.015347588003176163,0.018242591938793264,0.020850186999855785,0.020953109837169786,0.0026643308695453627,0.02481162053092621,0.0012186765170284855,0.01035731064513445,0.013147666242027355,0.028840788835567992,-0.00793678175486223,0.003841281604454072,0.019909133345821405,0.03338507624053016,0.0661900015971277,0.07627390127942317,3.7934585702550614e-05,0.00811974479476271,0.005225279919237215,0.003783650845317322,0.001991583689674943,0.02403050356698019
95.777,0.006783521506806673,-0.000660337135405237,0.00895373707439859,0.0004108670377841348,0.00017330109539089316,0.014234916098191278,0.0,0.021298174500627553,0.01313021493086029,0.007015477850199141,0.008776746800742665,0.011128460122963708,0.021582632006820444,0.008050568458017405,0.026405482208489886,0.015967496712816474,0.0003112386466113726,0.011613567637205318,0.010550163175949171,0.03251573371978259,0.023514437867102955,0.029713589732349378,-0.0012630147592147855,-0.0022418786424465396,0.027164075199415435,0.009058830322474258,0.022913138598456013,0.009675720564992127,0.005453685251405912,0.005171711446838857,0.0005492111030249064,0.001812677329753534,0.019756434538500667
96.288,0.007807787685094437,0.008597770547413562,0.010585152674099655,0.025410076380888307,0.0016513023662759843,-0.006421949909864033,0.0,0.011562533964088533,0.020823665669206813,0.009931656565558852,0.00735135214187185,0.014934194028979655,0.02824322668118865,-0.006159255659675061,0.017679288866557973,0.012877202339602678,0.006540520933036454,0.01590773507326544,0.031983102816131266,0.020929357275512667,0.019848831579755463,0.01964626475351585,0.02025432820738488,0.026508911066466096,0.029226878123504475,-0.001994153364014977,0.035109440149027435,0.021786574571575967,0.0034192179496036453,0.003592339124669649,0.002872036889095344,0.004243237561231634,0.03190305950661897
96.778,0.011876818067359575,0.012569134312745789,-0.0011830040064111317,0.018518395619396937,0.0020429923271617196,0.003591473855845995,0.0,0.010306769602953274,-0.0016480582771860846,0.010915784195089493,0.00487326378691704,-0.0006654603316222867,0.006505231329145799,0.046449544729687244,0.027518077239952896,0.026163703726458584,0.031725284616718155,0.007670231854333569,0.0032083442072010507,0.02734736279861095,0.023977127582986136,0.019420300524292285,0.011960930401868904,0.027097837492721873,0.03239297754826681,0.011512174367409044,0.022243947519510046,0.04695944712298934,0.0022146945966962494,0.004732036976295519,0.005611399313161624,0.0013780344560032141,0.0009831312559953212
97.278,0.009732294352696165,0.015719174254870506,0.0002537172047639322,0.012584932077425353,0.002105706578644723,0.018620690465328868,0.0,-0.009500194396699772,0.014839181698435892,0.0037901432837263447,0.012848562338761126,0.003041022661382761,0.004433503724756174,0.038440639379394216,0.037446514654719286,0.024403473625496053,0.01989533664398251,0.013142530266618538,0.031463115313787045,0.008348206220377054,0.04590184789215608,0.0017334071544587786,0.024476446850875633,0.017709881768737744,0.017859425461414266,0.007930381557986473,0.06032459764415828,0.01645314725565046,0.001707805004101194,0.002044416418110176,0.0020916036394054535,0.0019155925013872158,-0.001658068201756311
97.778,0.006276320347439751,0.012185970264436758,0.0059187955004905216,0.03049081421068205,0.0019958323290493025,0.011468974521690491,0.0,0.010866931265120115,0.008439605242837529,-0.0017233253015661546,0.0036358799465531877,0.010022226628141844,0.024244578984298305,0.03406296053321593,0.02352460993629878,0.008764307769349397,0.007243644365982252,-0.0031791412862313254,0.026804790775984765,0.012511007299265098,0.03363135573180005,0.011191636459513505,0.012446723409443802,0.03148151976045898,0.034906636127301764,0.01784823669826481,0.03289456724800361,0.005725679184538008,0.007962145598539817,0.004792986449879553,0.005010739465970344,0.0009146185650175414,0.01668863052511209
98.278,0.002204779405708201,0.012144294709133235,0.005648512083263392,0.028079837850970756,0.00044552343848640856,0.022496928070449833,0.0,0.006485423974284561,0.007208267424745561,0.008886518243791568,0.002514186636454666,0.013843888813793665,0.019386879213300273,0.01693420769337464,0.022367260619917888,-0.01883018395443084,0.012702668719802763,-0.004267652274493228,0.03432129178233377,0.027908020372890124,0.0006253824952990003,0.009356484127174521,0.009312450311190915,0.03717242105750454,0.019544651326024773,0.03305585796491579,0.0530723729756356,0.016748040160427063,0.003909822241846281,0.003700229402509271,0.0001448093396734602,-0.0011536484722236978,0.008816716884720455
98.777,0.009739437122985029,0.01638055836253992,0.003107758711352545,0.06833179181773752,0.0020535885132230832,0.04623884782159469,0.0,0.012790896203449377,0.00043775791324542616,0.02160233708530149,0.0033942582959075097,0.003952885611233945,0.008404017636771278,0.04113496814762465,0.030115348401185352,0.020533705572734928,0.01100684232014211,0.037266143555734724,0.015283889777255467,0.024619029279714533,0.01816959227934474,0.0190426456205828,0.007394657776329532,0.021753801741882968,-0.0033729077962441957,0.042916889076587,0.049152599160518534,0.03960199200089111,0.004377025517670475,0.0024285822018834118,0.0018741843259273757,0.0024586067813114313,0.06470890145005523
99.277,0.0021757168795315056,0.001497157374429527,-0.0022393588481816784,0.07687191963749601,-0.000402481043602127,0.02647081949187674,0.0,-0.00041764830545216867,0.011420665078010088,0.003925032221341975,-0.004460171512644512,-0.000115620644979605,-0.006004798810182205,0.009208911495049921,0.00948016491388983,0.006137631222620247,0.03396709115626649,0.012018060004741305,0.002098873877286525,0.004183574824478833,0.030808361846101695,0.009263397974638293,0.023037227350288833,0.010583454264052524,0.020189495264246057,0.02424373132473008,0.0125985448278366,0.013428035063560934,-0.0018811990806611174,0.0035951422084938545,-0.0006935444910049823,0.0020125560547903307,0.025823932626567358
99.777,-0.0003460841635057365,0.011385803087985015,0.001499476546495848,0.056991872723470914,0.0015599580694803756,0.06202624564259672,0.0,0.006591906467662483,-0.0011256632054883343,0.002137613452259088,0.014885852281981334,0.005505483509650234,0.008200248582434462,0.00836552002879129,0.009843944236582166,0.0002554090134393532,-0.009590758502825194,0.0025908455945313057,0.024886876369431096,-0.002005117677746745,0.014579648178121456,0.009368132780821176,0.018382846765046736,0.0001997160098238482,0.026907530703683284,0.0633220467298022,0.066773102134058,0.009673928149194324,-0.00010988275315670058,0.0025387601160808434,0.002242845183210648,0.003987108907088668,0.039655582105892116
100.278,0.0025774727514194964,0.003401944493658767,0.006723091552659553,-0.00823181340600942,0.0008023300895602628,0.06724576226957141,0.0,0.008597722609936447,0.007598833591213866,0.003950480514156105,0.0034218675128868847,0.012037735185705207,0.018618809325574064,0.0019756504375669577,0.017146086582763294,0.021530994771667557,0.0014926650668055212,0.01879500640196371,0.012269300273494597,0.014793324571140791,0.01783314242196053,0.03232190527432744,0.010135691049107906,0.009770208699669424,0.025447609936933742,0.06686678955581328,0.05884319421003866,-0.005996488230947571,0.004287014391022047,0.0036663744052045657,0.001095784749581483,0.000630064029686792,0.012385602668120822
100.778,0.015591789505761544,0.016243764934602885,0.005693395893481703,0.04698067470263348,-9.483444583945381e-06,0.046122080080728246,0.0,0.009552345672480601,-0.0013982711562737376,0.0010918739758716692,0.0034886455033472374,0.012491185231519446,0.019383270980231536,0.01434542228477787,0.02767946242714002,0.027568173584319927,0.028738147617328087,0.031637924447693234,0.003109151399336304,0.030392038490558566,0.0291151377360576,0.025577869280502503,0.011033832088850462,0.030464577076790806,0.050665702476734055,0.06427223392654213,0.07751281960497684,0.025746141005562013,0.001585217068658505,0.0004717430581852477,0.0017027154710650516,0.0017391150255584226,0.025762910090254547
101.277,0.01377200176570728,0.0036203812304329043,0.0040496075103743185,0.057170590328214886,0.00023938833158040638,0.0522603551089894,0.0,0.01632118601328248,0.013059318784646312,0.010008607822156321,0.024625365829390684,0.0009669872356407826,0.006347828165113868,0.01930422644816596,0.02571340027245773,0.012622628933488447,0.026391173388680043,0.03238840994714287,0.036893825236260114,0.019201435258417075,0.03280051922042927,0.014531550701793993,0.017332195518934626,0.046178656542962444,0.05823419156770448,0.048542157670359194,-0.019582322518404693,0.0374213177110271,-0.0021989987330404883,0.00383884399814616,-0.0007514643785923404,0.0015788345821653965,0.04225392747603147
101.777,0.004892358913891035,0.005242472081991428,-0.00046291837052451167,0.04918133034657727,0.0006099300449427149,0.013947830662858207,0.0,0.019707301040324168,1.899337425922354e-05,0.005526204329625623,0.0062949888147998375,-0.0010040766151574304,0.009642238814745801,0.01476186528395248,0.00037607821530769985,0.017294563736021108,0.026171364632296308,0.001833148114921441,0.02819583591755658,0.015590824039264407,0.022825217768550465,-0.006078562388869707,0.02004497263301801,0.044509701719977236,0.029817350218810695,0.0019666656723248527,0.0356299669507594,0.019445741454885396,0.003745259557565379,0.00279146365080851,0.000528199470739589,0.006303303598346214,0.06754793665859198
102.279,0.007710060986603949,-0.0006663812543189733,0.003636576131092536,-0.0014191077798040657,-0.0012328729040953224,0.029650095289998332,0.0,0.020723727500657187,0.00877310924636397,0.0037296914432031992,0.007877781671847564,0.0047733240726594815,0.01254315795924526,0.03461411022012958,0.016461763271714117,0.00694107564635295,0.007732946108191058,0.03434997151380168,0.02106636243917767,0.01384920741304818,-0.0008398910482222003,-0.004842222277472998,0.017635028274166745,0.02931054630830928,0.04270925743395563,0.038941563831976646,0.04538997615715275,-0.0022934956955537717,-0.0001891524797913413,-0.0025120203332377787,0.0009020622012136616,0.00031216986993940144,0.0035935115803980215
102.785,0.0025970122487104317,0.006616750237057212,0.0075514241021015505,-0.002905182376216153,-0.00043468779881731796,0.056437322758936925,0.0,0.021983011756736146,0.02011355893822933,0.00392252160849893,0.011121614464580223,0.012648619341599455,0.017978810336845757,-0.00047596992081898294,0.01869063469873133,0.03471668517511426,0.024614221238236176,0.04885978878486599,0.02362463228121562,-0.00045380883197156216,0.015251733764739582,0.006342342320866926,-0.00036217296332519106,-0.004449602293608969,0.012742368724003854,0.057401920957310344,0.06121928888047229,-0.0009224963387862951,-0.0014550721470204947,-0.001539625814576044,0.0010371567580506034,0.0005639936963616858,-0.00474563881719562
103.278,0.010419222959286323,0.007294728625572996,0.008814402809184087,0.09087867778991492,0.0032215785779472475,0.006893956705306342,0.0,0.008360631547104565,0.017785457889363178,0.007459815295551962,0.010120046463477006,0.014309897587335512,0.019835263337378933,0.03963771242920756,0.012906659665651386,0.02225074121346395,0.039125990887928286,0.038918107454531004,0.02204492496865743,0.017834966653106542,0.005325472802325361,0.023909568449830037,0.011663034825401616,0.026637852344258292,0.037811176243960146,0.014071150451679665,0.029943976146551907,0.014068673403098387,0.009273249912559895,0.0025769884363151477,0.0034313430891323815,0.004179339315981831,0.06401988198847446
103.787,0.0018404044829651203,0.00697582649336863,0.007057578588428738,0.09592345420059045,0.002958705106042558,0.016358083009458128,0.0,0.005222851291455952,0.022503628321779476,0.01926478013791954,0.0060433457811803854,0.006323846118750882,0.012265194104605033,0.014434918022040655,-0.00979369279427754,0.017366266929000583,0.009018224430734998,-0.00564253760647169,0.026236107198034053,0.004122856023371368,0.01572095787219883,0.011577716784780104,0.004525826009689304,0.03151280317288431,0.014996339481469723,0.02730584823519931,0.005427432634480627,0.03523948712471309,0.005067047451492193,0.001316171869800238,0.005940021468407507,0.003954492679142373,0.10611717294154471
104.276,0.0009866616558670551,0.009394101645463993,0.0037969934595485904,0.09431896023000073,0.0040433120537731885,0.05348311267318768,0.0,0.00016241878545350603,0.0193666317675846,0.002578260627509798,0.010563676525314055,0.005391461810324336,0.008191184163815542,0.02418572250111835,0.008625762697827997,-0.0006567660345583608,0.03490925806920471,0.017398733570984103,0.011335213704199593,0.020539350914517973,0.016932301767633745,0.002712787295984531,0.010294883685248868,0.0335356257419652,0.010415478800547438,0.050894726212325825,0.03685740918941329,0.025434721308766783,0.0026963216626402263,0.00860736383348264,0.005103639928511971,0.0013631461432799797,0.11764928474595741
104.78,0.006227245773838342,0.005737870741741827,0.009782308957503455,0.13556576368078396,0.003522378414281277,0.08155311236946908,0.0,0.020376883946716995,0.014240561588599356,0.006691671618289842,0.012706245188824088,0.01430944351213339,0.026565706928446016,0.01965181712608366,0.0024911923389208837,0.04100582388440701,0.03698057337275839,0.038855104046322836,-0.0005942451412059348,-0.00788161344080007,0.02088856216082817,0.006850720128193762,0.02194981610329337,0.027760092171079165,0.05061439214544902,0.07101278410451908,0.07766008727494504,0.004756593101333408,0.007517820267782228,0.005125002998916405,0.007574623625378051,0.004066321705016287,0.15390131827071035
105.281,0.007804231256688286,0.005613435579443875,0.008955990951275162,0.11071488413242987,0.0028387884366229774,0.07575407848512372,0.0,0.019244485527924952,0.014928916151790494,0.006860197892575745,0.00547005906554898,0.017416347471961687,0.015471566969076051,0.03121510984986443,0.021871916832746568,0.014700247031634162,-0.007726446729712345,0.032007871813954286,0.01865630084191642,0.03297950884727039,0.020226943018353812,0.012631960298580143,0.027572834513464047,0.0006445458414945292,0.04446632189570189,0.08358295021210482,0.03220954119935546,0.009593859344231426,0.005126191973740425,0.007663828995703804,0.0020562125139731817,0.007638580496463531,0.1417811121635004
105.783,0.0027833379311811603,0.009689693118943356,0.005154769271266996,0.05283429571592997,0.0018543037158346265,0.037470029185516666,0.0,0.008307736098286165,0.015575338091875297,1.0802920520841829e-05,0.01135969009975388,0.013827279751497846,0.01161836126474742,0.010246921521087842,0.020223590437536198,0.017729037804108953,0.03456635521396453,0.013807027163609407,0.0023337002967013937,0.012168962544200865,-0.01247357595911855,0.01646174348369895,0.006013667105613888,0.0385112414131467,0.033335868536901354,0.034538277254477084,0.010382990463351323,0.026515586582862485,0.003413747736021727,0.00493338763212636,0.007047458718919582,0.0002600039581883465,0.05878438308989437
106.286,0.006740016826199575,0.001634995232890258,0.0027225991383435263,0.13662903358584744,0.004049850775305885,0.033019006663164256,0.0,0.0062748000023361864,0.006025824085268971,0.008505830181078963,0.018339970991039057,0.005593776032906796,0.003775055914934947,0.016613957275948592,0.015782164803156775,0.0211234642315923,0.014449099570871359,0.030071784767421873,0.015402803242863378,0.0010656029634630525,0.017857299487831896,0.010489810108357533,0.02405847447322308,-0.0016574035924145625,0.03427647002242726,0.024664248953812643,0.0376518193578758,0.028525255597018198,0.006801133098705942,0.005452266955708951,0.007725021355384819,0.002161239439899482,0.14643608904678967
106.777,0.00066725516638733,0.006276678072574129,0.0035615028273056717,0.08241724523284902,0.002648375399749765,0.025648114418140522,0.0,0.006186531414143566,0.007079025278399269,0.005200592735012886,0.004582166254595165,0.009586368647081829,0.010530471617813106,0.016538026655606924,-0.02173250008427773,-0.007404552462193105,0.02157836214510722,0.011435605521344906,0.016408679919290726,-0.002391720251690258,0.011939675625839242,0.011442299036413514,0.02940575365115007,0.01922107992467275,0.006071532971310083,0.05144915990116453,0.01866620922577648,0.01037349559990039,0.003291148453503439,5.0700000178050075e-06,0.002636015472802423,0.009006283493677797,0.09045016696776118
107.293,-0.00019470077365630755,0.0015297370052191985,0.0019521792529869947,0.03734188483257155,0.0011217773353262917,0.017916006095664235,0.0,-0.0023982876659796133,0.010126547851638234,0.01055290927847225,0.007497539638743834,0.005653800181903098,0.008256364179264586,0.007909678870146016,-0.020390944966468986,0.004769734419949433,0.0006956784454716133,0.009136072406477291,0.0008615436529844028,0.008804774484218673,0.026540991216828163,-0.00521164738025877,0.004632576916086875,0.026846755033769477,0.008107133757058706,0.011333888000562137,0.026188200265779088,0.011677986126658518,0.002785507932566252,0.0009135620231812034,0.0022606365315832426,0.0009902033727985347,0.008477817170589307
107.778,-0.0005600933354024329,0.005678470765364758,0.005694165931812486,0.008873110267901479,-9.950766415302612e-06,0.0282868762646315,0.0,0.01299094883347645,0.003599461853363497,-0.009001381859317325,4.5185549223459506e-05,0.018642504788755194,0.020069519751142222,-0.009974166237199452,0.02567486538567531,0.02124849742342537,0.0028501581488259626,0.013613410858856761,0.017203805631864875,0.011117147715704101,-0.007812415251722433,0.03228493694192506,0.012571374675220444,0.003402708099635223,0.011100007166778742,0.031081236970789013,0.02639632979020936,0.022061721643984497,0.0022853778509701484,-0.0008678842996495016,0.002019915510540905,0.0033732907320078963,-0.011881805051052914
108.277,0.010134832940404641,0.01034751193371555,0.00023685003425949475,0.06788461475862993,0.0023681797546276965,0.02617819529056636,0.0,0.0006172231581455342,0.0013321808996473636,0.01913804992703858,0.0018633589003675792,0.002767782780522937,-8.597955442474228e-05,0.006980067857358027,0.016506041527573748,0.028577810667343113,0.037484287574129575,0.022417183802013133,0.030348286268405193,0.01970123339912241,0.022378182112871736,0.02093525281394362,0.015360390206289714,0.045084643307146524,0.03661860148191852,0.02847536219057283,0.005147027208748108,0.03948761139168256,0.004699872589317891,0.0012713893668181446,0.0071423354012042665,0.0008616492337264455,0.06131152499449437
108.786,0.01188378404012965,-0.0006672038447945066,0.0012983148898324491,0.06614946135404616,0.004224806852546056,0.033050929172828224,0.0,0.008666366041528295,0.007336688723525062,0.016939360212920865,0.006634197931751909,0.0013628745458242185,2.3882981401562182e-05,0.032537233776829856,0.017073422849420546,0.029788400085250896,0.04307879007639689,0.03820049605780618,0.030250579374981833,0.007555988760342561,0.003024793895215846,0.014588039362699822,0.008254338675619624,0.041992496120499746,0.0373047426626453,0.02556689944552368,-0.01996948836853258,0.029915353289168643,0.008986586815281982,0.0056408605548144515,0.004683555756501889,0.0025207053640836146,0.0597324482507152
109.278,0.008835409383963808,0.00037765111871249096,0.0023175128048743407,-0.002896924522649105,0.004212712261583567,0.03216164921067365,0.0,0.006337675026948378,0.005804406680308899,0.003488714409830385,0.005610687399423924,0.00958034203269243,0.01995304091542595,0.039004255264107675,0.012891791972370732,0.003280796891000286,0.02213414876510547,0.01107862277687923,0.01898013577578523,0.018906533874006096,0.02097601537975281,0.02655096559575285,0.02271197207545761,0.02636060300099133,0.02408731266141757,0.028708811572693695,0.025027852083607048,-0.0036093055232076154,0.010474490562995004,0.002661826923648788,0.0028192652244616576,0.0034308286991632277,0.013937074569527207
109.777,0.015291823849777106,0.012267141754432649,0.009456570190388614,0.017482259694040114,0.004355847391596273,0.06514266287875822,0.0,0.027176058320600455,0.00856670198939229,0.0005510355009650488,0.00996462224988247,0.021390075415285717,0.018720030211743743,0.01788585098400218,0.04638992918741352,0.018527737084902858,0.042596890847199816,0.04612399617440207,0.03188437584234519,0.015354750819465048,0.01887215155468955,0.02231699751257141,0.028335968532279703,0.01242145169894627,0.026170324146464148,0.05541262141361006,0.05126821440651763,0.017201582268143147,0.009107433063383871,0.006186585312673114,0.0032499812185356144,0.004422174091423806,0.03253665891120567
110.288,0.0003141546754242087,0.0019153656706842723,0.006374627074617062,0.001126581758808055,0.001734428479211754,0.02578304245769358,0.0,0.02596245252077341,0.00384581068172528,0.004619498009953932,0.00663456774504097,0.01447075184598042,0.017125959008134295,0.007201185178008108,0.03723228492384732,0.02996794627309809,0.01644043278321835,0.020001370240186594,0.006889234214153901,-0.004305064824236109,0.000518389467869497,0.03675651097276918,-0.008106969971615164,0.00476541690292867,0.025389317995316883,0.031371631216332366,0.014743193626612262,0.020490588330306814,0.00822120109419212,0.0032730294995924588,0.002561735395164453,0.0012018944209030242,-0.00226992622075784
110.778,0.014244884911176306,0.006692229391412818,0.00114236464601239,0.0596780531602197,0.002010677029288568,0.06469245157250651,0.0,0.011588780087293239,0.010028585148958498,0.01132274156280552,0.0026146324025006847,-0.0009302649987900547,-0.0031935682547302546,0.037337867208977533,0.024458260611387662,0.015596318261921049,0.03315639770238449,0.023567837148509473,0.03681239805950512,0.015830978190821413,0.03545894307164055,0.015273501226692857,0.022962239558140543,0.023143263584350683,0.013913750086861604,0.08293805574985876,-0.002461630472763278,0.02955119807808363,0.005111685777913451,0.0064984760498174214,0.005214442410335875,0.0012616935444558484,0.08150711812355332
111.277,0.008388878077142633,0.0072484373684849855,0.00015900184118618,0.0635902178947546,0.001238292149685419,0.0014483158361666404,0.0,0.010420872556781407,0.0034553829839888348,-0.0006379105882293564,0.013763627527399019,0.00038995796189566665,0.009007775037891382,0.011343671561041178,0.03156005375060423,0.017395249799657637,0.03540285535579082,0.010762796833177133,0.038642115107857034,0.009446356078894276,0.01735819255126881,0.007225079318857109,0.010616416896498016,0.019276532580357414,0.02197234700295512,0.028458962643422563,0.07250276277837855,0.015745240595972015,0.0002798040560002086,0.0031477692139387507,0.004273477511520839,0.003631635735898279,0.0696525227133498
111.788,0.006205128394156613,0.006524485416533532,0.003672344327864237,0.11234973901030981,0.00012323297848516705,-0.017815809418366784,0.0,0.012502684804112924,0.011667982159088042,0.0036366842869450925,-0.004005281072735386,0.015646511286126,0.008744232171527545,0.04249310283041233,5.810157611317672e-05,0.024982959097050738,0.005072198657457704,0.024986815041621476,0.03011953037730354,0.016431096950115676,0.028268393244036676,0.0056990486117956774,0.017702375668702895,0.019454483205537294,0.006692137720560251,-0.014537769423499297,0.04945315808067547,0.008743456751340542,0.0043453476647104935,0.0010490949685112623,0.0017112151350230824,0.0018407685442902316,0.0910473960421442
112.277,0.010638924528175364,0.01832196057126815,0.011945819206314011,0.1095647201376209,0.0034266294005905174,0.03455965830255255,0.0,0.03335298081860791,0.011961369474664345,0.0037871610904375726,0.00801960988153609,0.022505684072849284,0.027649668496383544,0.017780838827357176,0.06373801570621407,0.016310560056603775,0.048464168758945915,0.04549224815708872,0.002692052665064507,0.02997501143295695,0.0119865383889158,0.032706138801095484,-0.003952900236159399,0.009820363017827224,-0.006815460273484856,0.036484163612028116,0.07313099584107678,0.01972639752527889,0.006047628687018434,0.008754597550483984,0.009642751244853509,0.008047720563388937,0.15006739413643255
112.788,0.0071653742038086145,-0.0010739656347015971,0.007997436782728217,0.10744904479806337,0.0013943292137113933,0.015741709778760597,0.0,0.013692562716149562,0.0011983729317206853,0.0012044086215818753,0.007395904527771252,0.02039467723603149,0.027084069529780846,0.01767858065148723,0.04148935900802809,0.019677493764071022,0.027584226156747927,0.03009288692727319,0.007970997132851914,0.014778453012363333,-0.0028889685869605093,0.03364595422371972,0.0003923022768013947,-0.01732231176253042,0.004944588378308297,0.015803189292682058,0.03326892374226037,0.00010894082281386762,0.006476748026634174,-0.0023067023038155377,-8.605483156771402e-05,0.00227167760382251,0.10692574966531734
113.278,0.011095594531659786,0.0014999085503020016,-0.00028868113133912084,0.11224761033990734,0.0025859964362580333,0.025180788236285147,0.0,0.015540331186464506,0.0061355504729948985,0.01392252437397282,0.003676781025409975,0.0019668165873473324,-0.0019035930141941013,0.016514832597093482,0.03656236392531013,0.01629314077813151,0.031098006433201347,0.01793992404061597,0.001268423133437655,0.011327391855257423,0.02977349359990594,0.020720201964984364,0.015061800191524677,0.015453977218045803,0.03909340506312133,0.01685923632679328,0.004598187643655459,0.01897835376155898,0.001959698942754693,0.005866546775647628,0.002684483133562866,0.0006465836026978892,0.13883427308418733
113.778,0.020857453311719766,0.0054181816799749385,0.003490262891757468,0.11411991689126702,0.0035475816020260776,0.017810061949951203,0.0,0.007279867298201476,0.002144348430587825,0.013384528282588293,0.00014127368919365606,0.005732799198653385,0.011225849005846155,0.06310329374735704,0.014563079507524324,0.018446416034548996,0.043195896079415284,0.03222742715954656,0.01814211221874316,0.019737259669428256,0.023419353329032354,0.021921661051199734,0.02442499355848895,0.04282353939590984,0.03845650832393738,0.029472364894541744,0.04600174786822711,0.016743291121946134,0.002525931926766092,0.007188434611935577,0.001581801767101109,0.006730342660243001,0.12313517705759988
114.278,0.00877249223538976,0.003624817168534943,0.0069871228844460434,0.06790025446682378,0.002795338296157942,0.07729788830865757,0.0,0.014167819027046707,0.003528826660950503,0.007055579247330635,0.017926689586894657,0.013523591486623777,0.020020210558208417,0.018075845955575674,0.019902395568270392,0.017063815786823495,0.031157387596165917,0.0075534343266804435,0.027032964531493058,0.010724963155542593,0.03235456147714134,0.03506680674350595,0.004781563707198608,0.021787075171632024,0.03008366858566626,0.08936543940496379,0.04427679701952235,0.008176405949553489,0.007076260172786619,0.00724808218405792,0.0029401593772853682,0.0051509322827938435,0.06855292113173946
114.778,0.012654307628405605,0.015227209550964288,0.009350982389312706,0.12170312200184692,0.0032741242798023187,0.03168449988343988,0.0,0.009899061093451794,0.007672780894757356,0.008531626954202096,0.009193227366561096,0.01700062806372471,0.02053014351559348,0.0035736890988564366,0.042117497778171975,0.03878061153456416,0.025035309848226814,0.020930732622495212,0.009324410763787634,0.034164704842658676,0.01206377676629192,0.02070541239213387,0.01578288491897958,0.023180040191926602,0.010279786351353454,0.04000192567080926,0.062122647384622115,0.018512494879222553,0.006606459924977234,0.004479345880136757,0.005796956767481566,0.0056931134639781585,0.137043006003194
115.276,0.005964076325043409,0.007350902551419837,0.0014425635050983173,0.10265189048969232,0.0015112784872188553,0.029484394336617852,0.0,0.01551880635675215,0.005738579171516764,0.008379458194081904,0.0020182314101273757,0.004736323526889528,0.0007872472670985806,0.014031903148886976,0.04460728564468391,0.018683059143665148,0.009804774216545237,-0.0021985004121431403,0.024607482919603664,0.01779438185433063,0.03318132583785172,0.03100858669567886,0.011641321172842427,0.02872570593301099,-0.020067163880803464,0.03706227779914678,0.032629858532419904,0.028484680819948392,0.00437781378121208,0.0011719642719928123,0.005024938930409242,0.0005429791942276828,0.10532915690149114
115.788,0.01931605743218837,0.014204166167037992,0.003451056848788007,0.18536136065188583,0.00262666950755637,0.07880453206525642,0.0,0.02468364648125627,0.011422350652164853,0.02167518104847129,0.009416929178168162,-0.0011210880823060115,0.0032255880699134432,0.038586885724831724,0.014525638059355648,0.032798641132974114,0.0477936497229602,0.0015694154163518532,0.007255792386023375,0.030440096057526015,0.024224072287253578,0.022793629577067764,0.038616568737507954,0.04768023911559714,0.03532972601812776,0.09878218642614496,0.005274371008969909,0.04555098630667883,0.0017385446444826206,0.004082886062772453,0.000659417947275439,0.007031398167654769,0.18614432382989246
116.278,0.012156417495752848,0.012434430743406479,0.007847742574228054,0.11826805075021975,0.0016515573839558095,0.14464822217711532,0.0,0.021433310978705464,0.007694636978065247,0.011678586000071605,0.012891771067330804,0.01050399602604059,0.014709718562003454,0.019462213812086033,0.03793972605212084,0.03345700377874715,0.022745506579622144,0.022859221838279212,0.04181608734868233,0.025472797648823226,0.02707050917788268,0.013524779862532633,0.010256498826115538,0.01513744913264964,0.024836270203271095,0.13891851790533125,0.07317305513319086,0.003523576962152112,0.003979991209424252,0.004100121346627951,0.0030594444540446874,0.003626362543306655,0.11386811879202519
116.777,0.010952119169310623,0.01663262598445567,0.010749689791081124,0.07968654219018409,0.0006688149281086375,0.1149397089814437,0.0,0.027873530443592823,0.015900150714347302,0.0073424287100933875,0.012491426245340822,0.022948745621187937,0.014130692984035657,0.010107288005382067,0.03967322059011614,0.021888358718726703,0.020570781053327585,0.02252234059861251,0.0075142687526918205,0.019298351914124188,0.020679477139192038,0.033894047977542974,0.00462865602710596,0.026534412132460505,0.017803485909635246,0.12244918640999389,0.05472431437354259,0.015698151031939587,0.0039672096345193765,0.0031658981842846417,0.0037959015194059817,0.0028582847413778302,0.10019202349726546
117.286,0.012224304440637703,0.02272464781619676,0.007518642927254491,0.13947692070466042,0.00094988747986272,0.07038096283107065,0.0,0.016630605499378108,-0.001500563252387901,-2.4692465976276286e-05,0.01351092127013693,0.01898994622337166,0.0220792313279213,0.00984700621736023,0.030929386522456203,0.01614763351765317,0.04494659603530314,0.029132054798474583,0.011416993876766151,0.01209814732362218,0.03329421823483759,0.028972142205601098,0.02277726813396645,0.02148464042070951,0.03362757968009747,0.07271660238247879,0.06681760538287945,0.039978722312767306,0.0013014595545510572,0.005412001777593852,0.0012865054571492562,0.0024947192973207655,0.18560932621375267
117.778,0.009469466555022676,0.011401830854458323,0.002120738240354032,0.2167971983795106,0.0017736067931303655,0.07137669681463778,0.0,0.012830115902914725,0.006769589649827204,0.01881552542983053,0.011789717390628856,0.001565164715386018,0.006712871222256476,0.02271275895566625,0.03267767533268617,0.019705854511387177,0.011633868041934082,0.02433959967217206,-0.0013354715894538403,0.030034356860489785,0.03095406352403859,0.006536016424869625,0.012565302213805597,0.026335829636736696,0.029789435997951676,0.09592297098225015,0.031129842068191454,0.03330354251508646,3.1131109288562827e-06,0.006656292360701911,0.0028328230291334543,0.0032814383631605925,0.24390761434860433
118.277,0.012019716097410201,0.010013514906875756,0.005308085065957166,0.13355482371011043,0.0012891194470348788,0.06289877410523409,0.0,0.02230963126212099,0.010264689752796954,0.0021398202657967155,0.0017194167650112868,0.004708971339951323,0.016352664141143596,0.02479196963839111,0.035634278417504266,0.025429505699399488,0.011625113647729392,0.01757902072110569,0.02661036887349446,0.015288703922393504,0.033680788167084835,0.012827911363159868,0.015503124006923984,0.03304815966592717,0.03481918600963691,0.06884875039311253,0.036678633273901196,0.017737580814671493,0.0007109450024896484,0.003308465879066647,0.0031298690899193293,0.0026842948975098423,0.16569369197532954
118.787,0.007309703536556554,0.01447060287842699,0.009035180071110318,0.07859036427593682,0.0016107552781833064,0.059976584641451655,0.0,0.042468462088743254,0.009474886496220598,0.007072937341263045,0.011037512027768457,0.010734800237285867,0.023050979441065298,0.04233035545243068,0.015393713067139951,0.02864010888271864,0.03293878958103043,0.019476510212127086,0.016328971010085236,0.02020764447366699,0.028978896554890037,0.008761554351689406,7.625739550618617e-06,0.0002553201081645406,0.019730855935636504,0.07174681202911637,0.08654704442876987,0.013785444855626989,0.004028667562617642,0.003745885035812026,0.002108936768126032,0.0032496105740807656,0.08286611217735497
119.278,0.0056491849245256754,0.0010996585409052476,0.007016786823123391,0.02944312567657126,0.0016614078802064138,0.056546028323054616,0.0,0.0358098422657651,0.007991468102724116,0.001103323718789759,0.009722297606921752,0.010633953556407595,0.022120992454124893,0.02838693913855972,0.042378294903835025,0.004518668544484734,0.027153713817560817,0.011371037209079804,0.013712355009790476,0.0022418511840364606,0.025797553980881842,-0.00612935835580781,0.0225344780707931,0.030290147750245494,0.03873452893473296,0.07384160118552534,0.01759283610207423,-0.002431955228462443,0.0055577703515373115,0.006146945021634746,0.002166253062462929,0.009025964565337047,0.048074471002945755
119.777,0.010732837334183775,0.0017441227368667535,0.0051338619368596124,0.08722814095334307,0.0014426961305272724,0.024262347567875864,0.0,0.03877586507269422,0.005229792314615235,0.0048439327124400865,0.008606377895032366,0.010625126930566128,0.01296488735297372,0.01905947002947311,0.02523612236969476,0.03131184495624977,0.02889899421303367,0.034869999710786616,0.02920343053872192,0.01976845712414574,0.03179924616311145,0.010441750912349215,0.00053535988083995,0.0230088921353489,0.0004707218600161059,0.03957973223811459,0.01985480519266655,0.02177006270143478,0.005031890312062966,0.0039188420772412755,-0.0009409709117572964,0.005276447980666585,0.12221700103044332
120.287,0.020356827350152196,0.014498706622516074,0.008332703997682954,0.17631121106984177,0.003769103138254575,0.06812812330708642,0.0,0.04636820693766237,0.016339571771509867,0.010800188699305643,0.013665786378379525,0.004568360126358469,0.011090076375554925,0.05435181958422268,0.026419844222313107,0.02990924712512618,0.04719633408723495,0.04930706612832977,0.011031962313419772,0.020474206463437068,0.031093306784649496,0.02273045933534106,0.02169671000652984,0.03441355167283953,0.04129428822373181,0.09750904705270687,0.02602188679739716,0.028741010278137937,0.006416227149197064,0.009921748074266431,0.0014458639162809503,0.00651277456560611,0.22750413311937318
120.776,0.0009282702021253742,0.00021167842733434456,0.005445368408603061,0.09947424356265355,0.0007721973481677486,0.002454459884544031,0.0,0.021574198753388653,0.004772362489835131,0.0008752821495271075,0.010032130547086682,0.009731002675848735,0.01918445232704488,-0.0012021963624379633,0.009022292508463274,0.009295939364632399,0.018510967502861297,0.014406662703708209,0.0009613883291087439,0.03041110198333121,0.025996013157711047,0.01280167696707245,0.0028134547630037057,0.0260243547973135,0.015917410081120967,0.004443099161466608,0.033454180779290334,0.007223210960701066,0.001735500973914911,0.0011130511816837827,0.00444402997795866,0.00326424605813115,0.15368511715800362
121.278,0.012844364254735476,0.005898311452677719,0.005775218606265459,0.10161251591932226,0.0011953756884023462,0.039321475215210976,0.0,0.02484765226017378,0.012283882867713758,0.005312264585877593,-0.00031392182092204285,0.014618333526829112,0.014531137763366059,0.02235834439942024,0.02958828700816812,0.0386901126543261,0.04155973396100291,0.015757754281447118,0.02741713124450978,0.033097306764883476,0.011261465381951816,0.010776255574963955,0.00692465886659049,0.014480477297415549,0.038896185461639456,0.033028483371107455,0.011444615546511269,0.003327684980589931,0.004459685752346648,0.0018702556194540078,0.0060261580962223,0.00010810089499715364,0.11786944048447831
121.777,0.003256360946181717,-0.0006532596945266311,0.0019998320482680844,0.06881256139327303,-7.498262082652203e-05,0.00011516554601908773,0.0,0.006245522396872318,0.010534955298114783,0.0010333165962594579,-0.007771168225651361,0.012759396402503145,0.00994845428496069,0.007031208956933032,0.016718832408514506,0.026576778724308324,0.0031900171149440585,0.018406293837564546,0.020212735980685473,0.0038792497466877494,0.010376218104895613,0.018535543375739535,0.0014112961797836275,0.027149891378053587,0.0126965811788759,-0.008141687065430716,-0.00448039011952609,0.015082001146094608,0.003561592172435242,0.0033910641278788855,0.000393676315672815,0.0032939978220937753,0.11206765205045927
122.276,0.01104855870702164,0.006483100980331576,0.002266417635586518,0.07925681787933873,2.6244114074591334e-05,0.024839504370897082,0.0,0.010225226144739334,0.009281864582560634,0.015107679024437336,0.01784805762622868,0.0031070706467869447,0.0037749560734460616,0.023214075259516173,0.017327788380133373,0.03160787336367861,0.030561851863570515,0.026876923729934273,0.008245067966553934,0.028434695884362555,0.007682252414151084,0.02371120127034688,0.012664693233049208,0.02339140743019008,0.03459695796824915,0.037307442327532865,0.03740058798097641,0.025377638884986627,-0.0017883192123843107,0.0014358703224600327,-0.0018718041596621836,0.003929484717087561,0.08866715106960774
122.777,0.011380178811540492,0.01604547661618443,0.0023365293465067785,0.060889117019516395,0.0016311857993324022,0.022281608601879783,0.0,0.00857034253886201,0.010958207742977668,0.0151604345278096,0.0036431908083260343,0.0037714931116744057,0.005522371324275365,0.013016006410198719,0.028108353845317752,0.007472948714615513,0.043586004591726436,0.02305607000995768,0.014496980674705085,0.0047304759902101695,0.0315376654033259,0.010605924008520274,0.024189938701922927,0.0404108836624249,0.02684838944284334,0.04124823909537325,0.08149188067688556,0.020529302529696536,0.0019395081402268641,0.00424238618280057,0.0012104770925946116,0.004167092275732154,0.07177423046119982
123.278,0.00517012501056779,0.021190395907259484,0.008307807224526622,0.0028111750291921053,3.250862252685703e-05,0.02307799165987528,0.0,0.01605171499673552,0.0031141014292739642,0.0016444846056760764,0.011524365509406692,0.014376595031480777,0.017723016414489305,0.0014390539345303186,0.016132677935687956,0.00880079422022595,0.026202893440323147,0.008678560225493442,0.01004484764861553,0.035020377294258144,0.008221455632844925,0.019910293178355503,0.001274742361429514,-0.005134997086314731,0.008494036563634854,0.025377926391555724,0.11641371107104798,0.007504030296836506,0.0022000931550367328,0.0014740504642655112,0.0032391941336546905,0.002417138617790295,0.011618387486221599
123.778,-0.0028914188307586357,0.0013165802162195645,0.005842632526853047,0.03299761366296712,7.143186554626505e-05,0.020624770550380003,0.0,0.011955103364874653,0.0025543515281030247,-0.0017738784296973383,0.018451263142843646,0.01720742267641473,0.02356543700449959,-0.005796344552329735,0.007864423893060399,0.00043395268325803737,5.5901887074466345e-05,-0.0029018539994678963,-0.005567428929394904,0.017299085940189182,-0.0026983056330434135,0.01815968229088688,-0.01568381502071318,0.027146734852924532,0.020515227388338504,0.04910616689665455,0.039741784810353,-0.0020065477995509728,0.0011700599373994556,-0.005625384406530744,0.001614944987903908,0.003337492538573123,0.06839566743998471
124.277,0.007722099414742022,0.01055196057898518,0.005001039725834774,0.028448953550227894,0.00024582121198459157,0.007517620887520565,0.0,0.00890976151594856,0.0073756417944462775,0.005872148404207475,0.011857775707877003,0.011037943953037758,0.013280929847260833,0.014764639690904826,0.034917431873834184,0.020169218482051214,0.0180325063629669,0.0035639618024673543,0.02091919283867818,0.008187098802067489,0.010950770503330357,0.044298465165844424,0.02444170789130328,-0.004556235988774674,0.008775613212731749,0.026891271864348,0.02945984368337006,0.014265133100816786,0.0016275713037476362,-0.0036013793889015737,0.004241786028075596,0.00014068182262979447,0.02883026905445028
124.777,-0.006163426374880274,-0.0006047589311211783,-0.00473756833691982,0.01412644577401567,-0.000566580765458909,-0.02453495618659209,0.0,-0.008584210833379914,0.007562349705038853,0.0024640471049710037,0.0018351311165359608,0.004356954746694558,-0.007073265902329427,0.014788202346870727,0.02098336445419679,0.006632382008658144,-0.003440323714203939,-0.02146919559880341,0.011186887824136404,0.018240248462521362,0.016906189672123508,0.006832712181642525,0.010557430299938825,0.01368150314826773,-0.0012609676682298551,-0.002960363251923238,-0.002666380551372753,0.025294606183331878,3.521841930419196e-05,0.000668862574548562,0.0009651975601925934,0.0038018532597629685,0.03775848544982551
125.277,0.010631713492307368,0.009383274816354856,0.00044738624442310185,0.08604172526335081,0.0003441907741475184,0.07435440118518982,0.0,0.0018952741564433994,0.007440404839758446,0.0153913019047837,-0.0005176494691526947,0.002542679227624066,0.0035079376396112373,0.03955561295718454,0.007453752007284126,0.000519298144365172,0.0260752906673913,-0.006480035460396776,0.014228042719280394,0.008538332121076577,0.044052921900619796,0.015229183714921539,0.03171871305839041,0.01740117650288759,0.03775160852503359,0.07636426025143023,0.0239217783649304,0.02143483527164494,0.0005279794765466503,0.002644828419757252,0.0011282726381931427,-0.004065970353327976,0.11364462755061791
125.795,0.005641367666034962,-0.001679936350548992,0.00013783454826263962,0.14692385253361448,0.002260421671408196,0.03164073047555342,0.0,0.013394629655691822,0.00012944009854536212,0.013624445743495844,0.013497648576976683,-0.00013780628295849412,0.004774758372558409,0.026181297728156343,-0.0013319837985871187,-0.009485984873722469,0.022611730158258604,0.006137373144099429,0.0023127871282018317,0.015359667267112067,0.02771082987792044,-0.004379191401474128,0.029426621152223293,0.02027987284743304,0.03012717203857045,0.029799388636917227,0.01847002157613135,0.023069945225807357,0.0037169093093314706,0.0022992644547540405,0.0029116901855828926,0.006120002604436795,0.16265448487686787
126.283,0.006235314867362064,0.010382746584040505,0.00981634477897778,0.10441089622636862,-0.0011296097568747594,0.05343194696021368,0.0,0.01383650456228398,0.0027195469012641408,0.0004510962637426663,0.01843717456805771,0.012081250033380151,0.024656527136018756,0.0162444205350167,0.018053250404365267,0.015427482021116426,-0.0011551118846098675,0.022511076865519015,0.018051903748723463,0.02479786205761286,0.001872990690084744,0.017963939311466563,0.013756768729403162,0.02871876147860205,0.005252463113723082,0.06833471680724375,0.08987302097665625,0.009617614173539507,0.0035357598856680214,0.00030406496004842693,0.0004580564662926082,0.0007672283106045486,0.14380264402055976
126.784,0.0025210447749746965,0.00015724931693801003,0.0072827923347510036,0.09109411304180269,0.0021850575483610113,0.004060621205424156,0.0,0.018595076609079938,0.012258978001928676,0.0033196100911323167,0.004889076126757063,0.010144686046031774,0.003956634749691747,0.03520290154722712,-0.009931058424904785,0.0051352578524016266,-0.008114622880886019,0.01175649578820628,0.0006173499409931033,0.03506684535688498,0.011874477541050667,-0.005007809505155565,0.025852120880956383,0.016315558966803055,0.01973610781440738,0.0018084907126819645,-0.012618953637504274,0.008749855117055986,0.006136216075122474,0.004008401837945812,0.002768064597348688,0.002831625492435832,0.10005782630703332
127.286,0.015276203971350232,0.002322958586795604,0.0022898303141976164,0.06495317014820329,0.001081264453241376,-0.015813731274521025,0.0,0.013691226877097295,0.004885414661209803,0.004734939150650305,0.003051590145959876,0.003626051447284417,0.000523329765927668,0.04307523055298729,0.031845840578820124,0.029288667686284273,0.02576716476359302,0.02032816368815642,0.024192551972684006,0.030310395181418547,0.04153144238843681,0.01768042304364972,0.03549174725834099,0.02674865220969735,-0.003100390267801616,-0.013610654335430796,0.011509401849813004,0.027403711745321805,0.005565175290763214,0.004845225398657625,0.002494643345673297,0.0016316791089707084,0.06186150101060926
127.785,0.004816779457369675,0.004461192197653686,-0.0021054167221970037,0.018360197874764343,9.259736246866868e-05,-0.007692978561611898,0.0,-0.00883279726934927,0.002568359887920926,0.009035623974660937,0.0024892500482363096,0.002385333574762433,0.002365921028898966,0.014676998091758273,0.0018487108441677424,0.007556942588394897,0.01846997943874678,0.0068839122689120106,0.006654595593809919,0.0220594449386991,0.024734161793081383,-0.0021374865078709394,0.02544722043441944,0.013091959462185339,0.0028514629688884035,0.010788257833263733,0.013965127872194933,0.030775096555738145,0.0026865443870174024,0.0017718021176478934,-0.00015771645469585865,-0.0021990712175918585,0.0472204737039345
128.277,-0.00015593241894728844,0.005095780907989631,0.009551688702152134,0.01984424142878331,0.0015405308875258298,0.0013680309130435016,0.0,0.005192211200743206,0.017563959530499478,-0.001745076959178352,0.003991137861327921,0.01973573728921569,0.017904195057876732,-0.0025663273631043888,0.003202064850702851,-0.007511950455000642,0.0013508213086309633,0.007074447674263763,-0.005371748961091562,0.03862121005556404,0.01867765002467918,0.013839982249092251,0.01062477691604708,0.014889207360332621,0.023309765859295093,-0.0015043468692112225,0.04255483662142797,0.0012449839547188876,0.008570292557606628,0.005065091667972228,0.0017707931342264545,0.006420141835355743,0.026094428175651344
128.793,0.008207486193870227,0.005564243931593104,0.011427098440094492,-0.020861967394745357,0.002915608903235347,0.009883490181192577,0.0,0.010780739042276478,0.005095125491378449,0.003456639541554981,0.0029379981937531835,0.01671133926240506,0.025850901138686478,0.011683299879174965,0.02325405992578908,0.01636438038099973,-0.003550775583967008,0.016712940120289226,-0.0034641978447428534,0.01772928644283659,0.005695371295369085,0.037058419393159354,0.016953765951388765,0.02187591360499926,0.031093456082228133,0.046675731854983145,0.06941296256284202,-0.00585750458133419,0.006391711534070258,0.002596249791913495,0.00625234085017269,0.0037052862853357935,-0.0038175971410324624
129.278,0.009452389790339515,0.006459656620635128,0.004780389283401232,0.023250883421651932,0.0019022110339981385,0.07463099907252997,0.0,0.009809089223563786,0.011709891836732794,0.007739206661144693,0.008895813935652069,0.005570280651584419,0.0011994782008340184,0.017879764651173493,0.02605749511554843,0.016063512918593186,0.03530942089583212,0.018149698573747583,0.03618973005937859,0.015142450376261704,0.023362719976535933,0.000131564047305858,0.026059423527448316,0.014138354944321153,0.025054082461344315,0.08276681590985564,-0.004443225222652624,0.04064240813367554,0.004802890852524293,0.004533464892218277,0.0024873320465482996,0.00040309004435131146,0.02841100872159683
129.776,0.01084904650497232,0.008042042938655847,0.0031865797650569437,0.01754763773062954,0.0024364658189421416,0.04266846266441036,0.0,1.4987481834482824e-05,0.012203684943069558,0.011134917834014818,0.00032205807970605335,0.0002679071560933134,0.0022235087595192738,0.03363823413779429,0.0011253070688102414,0.010476709070073687,0.0347409650354036,0.011886585358496139,0.029050631275340508,-0.0035713744273543967,0.03383246807898179,0.02392766686000706,0.02818331981283495,0.023655695539094253,0.0275823749151797,0.04132861105048769,0.025159738834167666,0.030302910024211052,0.005473567668137399,0.005356883138547075,0.004820068338437182,0.002337633622204389,0.03352416112324997
130.288,0.009046281675082908,-0.001615240747069261,0.006294498193090962,0.02640777282648659,0.0017078444823128986,0.03896733753143639,0.0,0.003637921188761233,0.01522044933696056,0.01565012774097979,0.014207481347037108,0.007102225016161823,0.0010997517559992842,0.02924670653159772,-0.000552945811646167,0.013201876084275645,0.0383292842566182,0.01002427147500454,0.03464541491755302,-0.0002848473296053887,0.03518006543698304,0.01819592974035917,0.02173555763984086,0.020570148489672292,0.02369603542286141,0.047360619614638735,0.040857708825348574,0.005626861998623879,0.0031307681932486045,0.00763199369918904,0.0009343328213173111,0.005676917976829228,0.029174840405221728
130.777,0.009250719295421655,0.017528350762191666,0.01211290514076663,0.0010884890410940687,0.0011379020173780318,0.089115651919914,0.0,0.016425263144012527,0.0112970160094338,0.0010774743424984262,0.01581272416091247,0.019695827819347776,0.02586919679736556,0.016229901827977802,0.02529737715775327,-0.00420793535534132,0.05742538959501355,0.0074807564125283065,0.03600719239816017,0.00687752835915106,0.014813381912168517,0.019400800230747695,0.014047715986872147,0.016837474430413567,0.032745329858149944,0.10019745846100703,0.11807031344395483,0.010373047016578858,0.005295556148609146,0.003302663778759051,0.0036295018019116424,0.0028026653399312205,-0.02212209128443188
131.277,0.007913945153088967,0.012491432933183862,0.008047132716998166,0.08042144197136564,0.0006648509138403177,0.048006854074194236,0.0,0.01085313385576655,0.007274787629358745,0.009535656544872963,0.01455914603405193,0.009282908770496031,0.008331862864778598,0.026111315106778058,0.000215034482306933,0.0037949484210992816,0.06136589091084844,0.005561781269667479,0.030058637757758702,0.018680124718232417,0.03286921160281177,0.019571489363356592,0.02054773666508405,-0.0055969619442393734,0.019297894467795364,0.054372973693822935,0.018329815868574732,0.02652476086186008,0.005370626023230186,0.004499451111839457,0.0022866657036639017,-0.0003617532581907761,0.08711034863588094
131.778,0.020050392964083258,0.011617413694691749,0.0072548555760610185,0.041517152396996077,0.0022154794384836446,0.011681428199809104,0.0,0.009106368898948588,0.02350633544203635,0.02573097385520043,0.0056655435216818525,0.005027315987305053,0.0011888289910766305,0.05165705651969118,0.040694823212472364,0.019696871451984763,0.05250522291042788,0.01382286787512522,0.07661004462256382,-0.007266261797784268,0.047716953757136,0.010475763911346773,0.04522331050776383,0.03486633728784679,0.04786263585322216,0.016516277887953474,0.034123506785948006,0.02946551825886099,0.0009355798469021767,0.005151954441608727,0.005296837668702399,0.0035785677223030866,0.05594748495517232
132.287,0.014230484225949308,0.008857636218775035,0.0035081862140192957,0.002401983906747542,0.00014671832942494454,0.005292692757947341,0.0,0.009723508456632146,0.006475483175494425,0.018716499581803245,0.01490900821361956,0.003205621907271938,-0.004313095414493686,0.009809918444618199,0.014973733539185807,0.01819460589940973,0.05836210296886938,0.023963078747151603,0.06407832309964681,-0.015520207455461451,0.03595573458885443,0.01107807251727005,0.04310708404858514,0.038009492834675584,0.03691239756482104,0.03523840676140842,0.04221796052840652,0.013233206215560553,0.002664821312965885,0.003218546078636454,0.002739371522828082,0.002202372806221,-0.0067934080252735896
132.778,0.004108560850292038,0.005649550568607944,0.010217426876995159,0.006048975355594975,0.0005392657488647145,0.015777241392570092,0.0,0.012260184197122818,0.01613274524136314,0.006336556459778767,0.008288849568116962,0.010061389838269352,0.015561621839829681,0.007647161002655233,0.00878694346309364,0.0030206225635636,0.05070153072665522,0.014724359053643025,0.02281462640493142,0.0036731152606252855,-2.4614809056256654e-05,0.026499252055674636,0.016350702300498583,0.0030613253938739033,0.023808558573289652,0.029859241801440863,0.04194828660463548,0.010673208973645277,0.003230435081549659,0.004364850963651908,0.0016682435456104414,0.0006673973685447685,-0.00509042559605693
133.278,0.0052156288751107095,0.014810704787592239,0.012174434788889882,0.0037153416310165255,0.0017819826875711637,0.010262235334621535,0.0,0.02057256202999792,0.006820963450253299,0.005505109411769856,0.014379588853128823,0.01745415889759518,0.026830718330495364,0.009888150570957632,0.02976145318935619,0.012029079022219736,0.0462534091973223,0.026382210205169575,0.04133701893284445,0.00604481950084979,-0.010277560912148721,0.03168259939303442,0.018316300519917648,0.0027936835058670595,0.009150628797923036,0.03856108781943467,0.05950832220359073,0.024685364076341334,0.001565179226383669,0.004768565338446622,0.005392172768941346,0.003809833722922237,0.025475972765290646
133.777,0.004467616970941289,0.009435245357801022,0.004277093967682978,0.04836041128174266,0.00047396985768948104,0.02156584718604525,0.0,0.010253277493043776,0.008348359531810982,0.012702430787797656,0.016626807184392575,0.004861378372359224,0.005374415859335612,-0.0040407655968446666,0.0232900124732971,0.005744204983137927,0.04813721842500869,0.019199717301274365,0.045457458986291034,0.01066189087838654,0.01121405970850247,0.009557674207672043,0.00257558250014759,0.012027250879926015,0.018168377885601023,0.04948836195397942,0.0008731940199366781,0.03195314229997386,0.002693516613867151,0.0031190736286033083,-0.0005030501439684678,-0.0011419812400958879,0.0653753827193481
134.288,0.01226329080022159,0.014230419672242789,0.004365651055786717,0.04354338426587039,0.0017819807587474274,0.03203848263210074,0.0,0.01632952627923404,0.003097209217589872,0.015438043971728162,0.010606037686186929,0.0031280170840961717,0.004676701911150835,0.016196023362413273,0.020838006385221396,0.007759742415889912,0.05664453687898562,0.038020129621911807,0.028600876768340517,0.0025293884967963103,0.043626919697966456,0.018576650562488087,0.019712218499383528,0.029459831306976925,0.024768147206361397,0.043525151136334976,0.022134570040487127,0.05003554395836376,0.0071596171950886215,0.0024841165910140612,0.004427911450942357,0.0008224080209976439,0.06235450353375005
134.776,0.012296783399424098,0.003961747402807735,0.007623526944407163,0.030210244084083675,0.0012850544883255123,0.019320121243638126,0.0,0.020590281290808872,0.012509283165100638,0.0018404805937749943,0.013955103994021256,0.006177416073379243,0.01359430306367765,0.05428803923103848,0.013728899429012452,0.006810950572225162,0.04093739831480373,0.015706070789161627,0.04687154293159715,0.01364573108025036,0.04049867407565889,0.022934164109198008,0.015069351552259604,0.0052499406908893915,0.012479415087118412,0.03470234293504989,0.09662180370466435,0.0006788367081754636,0.0046490816107092785,-0.0007147870917291789,0.0034882377105715213,0.00443349341994845,0.04985889903531463
135.289,0.0036744620434182324,0.013967280871409228,0.00998476897174229,-0.011000361309988023,0.002099034298018906,0.06223969164022845,0.0,0.013805433874259867,0.011645130117272437,0.008628944132010251,0.009703269042080163,0.012751348363271858,0.01090737693096176,0.002706585863027673,-0.01665403007573157,-0.0015625008803085735,0.036146794592178205,0.019988673051248903,0.02189374736737013,0.0032754211329927307,0.0352962992446434,-0.005455606774549468,0.019556104797785967,0.01232720926738976,0.05195034944367088,0.05846453915762994,0.0640090155723586,0.004980566918809049,0.002712753248364992,0.0106573023562001,0.0030385635464141862,0.004675801103676681,-0.024786032796928256
135.777,0.001036873545308684,0.007707454080148801,0.009883544946639754,0.03697846174888889,0.0010804497732296763,0.06473676981190446,0.0,0.03256056622322051,0.012218091061975423,0.007164468049654145,-0.006721350565316809,0.013851139025277424,0.024991037571857368,0.012061888470932439,0.006410427392994082,0.022054303015537145,0.017768779685262952,0.006657915604018246,0.02829390638154964,0.021221938602747716,0.021996992948429613,0.0189611031858298,0.007039497030226585,0.010779388685089285,0.0003882630803344024,0.05757891005803121,0.06246407983155396,0.015511463973538238,0.006192865150048797,0.0021106293684282646,0.003170438230582251,0.0038456649765473278,0.07423984303229778
136.277,0.023332081146819585,0.017647462099346794,0.0056933800649290305,0.07865782417575462,0.002607922176784347,0.0396129774651683,0.0,0.01334517558485084,0.016058553728054058,0.011564821924910148,0.011279547685592955,0.001568953589817728,0.01418639289618135,0.021081351852280102,0.03064209222847276,0.019225740338524082,0.057927731787273784,0.028824857436271133,0.07852281427346378,0.013966727115917026,0.018325056747358025,0.035133795630220115,0.050493125774070266,0.022795100372448543,0.04415672616632727,0.0713071101496323,0.03510517539746724,0.045139655236104255,0.003922513641654274,0.0069922240876272536,0.0032936597423550195,0.0008877401691727642,0.09760972147609254
136.777,0.02039532829012388,0.008546717466318153,0.0032186306623000296,0.08604011676551418,0.0030475104765741,0.030733797971548633,0.0,0.028318956496213188,0.00546879672654283,0.009233434844559504,0.005453755005038923,0.0009257629933808449,0.007973324707557062,0.03521294377351326,-0.008383840984647352,0.029534517515555834,0.045385190101974116,0.016597311487951412,0.05580690201790318,0.006485550091245683,0.06214375187870427,0.02674699760905451,0.03945339082308232,0.04344792639483609,0.01223149417632426,0.027698434364721792,0.07795855435027702,0.014663871028658931,0.00671607959419274,0.006073012297134414,0.0082014388579621,0.0021735216660516486,0.100792536025102
137.287,0.020531834391083272,0.017860480794478696,0.008263500287077941,0.05390111998274372,0.004124336176715025,0.0024693150058820354,0.0,0.033122882674350644,0.010392304239185036,0.0081723738527678,0.003144587172705929,0.011526214719709833,0.019339843394877602,0.03754444035150684,0.02618121876720206,0.04105517796278208,0.05758714333444579,0.018014576045953384,0.046653259863902355,0.029058402203944796,0.03785045429340386,0.022711116947724055,0.0353128574695774,0.04212541925230426,0.04752554450940986,0.029713452701742717,0.10296599413994442,0.011797705982659784,0.0054166594843726495,0.006340896696610911,0.007003793161984615,0.0069277340735295215,0.0847244489169086
137.777,-0.001846826893432531,0.0029900965232766167,0.007016446490397646,0.06704816830589308,0.0022049609827061844,-0.003517793776397848,0.0,0.025798753303905193,0.010876885224436405,0.01169926695035885,-0.0044005323028672785,0.014263108353331938,0.011289080062754316,0.007248195830796791,0.021713151126156207,-0.00842772248741119,0.02064233290840442,0.0014059003761445188,0.007239977952432298,0.012188518824051562,0.027401445801303832,0.024494261529758275,0.013112834812061405,0.003994329457560494,-0.013673065982286622,-0.007096458734388446,0.017165073555750178,0.017881620515326428,0.0036000099499740564,0.001528328759252619,0.006608950046299113,0.006713293174533484,0.08583645759091324
138.287,0.017024731893357205,0.022999362948175582,0.011630315927610822,0.019356751572712366,0.0025602483800158823,0.08435457340687903,0.0,0.01798025039872145,0.008124740581320327,0.006905145345586818,0.011424856873202917,0.01719755504407515,0.029893201958861776,0.01943740469781049,0.04449578118898932,0.01207772797514196,0.030675748492790415,0.0236490038377314,0.05309169489052553,0.020218576376946355,0.017669597424068314,0.031659986907858054,0.02564307021332164,0.027660619871957587,0.03119955130449752,0.09962653525463097,0.0980670898043278,0.03679910490980878,0.008003889272108794,-0.000488039912698305,0.0024359733937590424,0.0027425293484671614,0.04031156625039959
138.777,0.01860646760776729,0.010350572052071579,-0.0023356436732040802,0.10068685367554693,0.0010184780784771317,0.022284011212895,0.0,0.006043354651562013,-3.1947062986410444e-05,0.0160763334422133,0.0012778006085875974,-0.008317419217632438,0.0049598082334526596,0.04816080667468472,0.0293527375861505,0.014459120424612055,0.03672850509291355,0.012820718785519561,0.021439639454406464,0.01314735530243026,0.03800871618453545,0.03452355578330824,0.031225811336505968,0.04974399580447928,0.024773618949629008,0.02730072884233379,0.06345688763393803,0.0396323653786198,0.005364385518346317,0.003465121639111009,-8.491972483381233e-05,-0.0004409192778312229,0.0973441041553447
139.287,0.015024094260760117,0.007422144668564171,0.005395795758425342,0.07859443180054713,0.0018227425322524964,0.06316758883762497,0.0,0.0070912106786908185,0.01895153387871076,0.018199899867086894,4.115648881471601e-05,0.002336596406550232,0.003040383082684811,0.04322980831618683,0.023390559244326467,0.0315211180929534,0.037440654589374,0.01505280659501411,0.03948508579237524,0.010015819398344266,0.02681336130582238,0.028362810799958945,0.0355234962469959,0.04072525326538593,0.0559377838448111,0.05778894306474277,0.02304401464103305,0.028088077064004253,0.007534127128213012,0.004646205340206219,0.0007323521562175228,0.006176573850231578,0.06735191580196019
139.777,0.0012132905376942668,0.0027483946535837543,0.011169115677742003,-0.0011026558467348085,0.0013262926086622154,0.05789239906823363,0.0,0.021354204572895732,0.019900297059332932,0.0056145798437212645,0.006534102789529835,0.015191582023902382,0.02823744598226474,-0.0028875704940163767,0.03011404620086101,0.013368066993540224,0.01463708679371898,0.02579512702502343,0.009993182967247377,0.0034373387456584775,0.004796871318656475,0.026315889272218104,0.009074059085143735,0.03251361726691461,0.034175392134946934,0.06721096255117436,0.06738667772350486,-0.007009292121871905,0.0031209478770814025,0.0017322065917363925,0.0033116286747175714,0.0061487226575839046,0.006635773892909879
140.277,8.490392103100882e-05,0.004434260042772995,0.01217875996444027,0.030838372061737333,0.0011854715160389468,0.07355664411797058,0.0,0.02187678424750764,0.01558521224203906,0.011206153159119702,0.00714920797954376,0.01594476903463161,0.026047690713172762,0.013571046066145624,0.03705618941145379,0.02503652094938318,0.004983264774513397,0.01941991680166173,-0.004722687734824819,0.01659924289444214,-0.005675531789800941,0.014399200996359081,-0.001011514479093703,0.002638804802566087,0.015652318366403777,0.0577131494400381,0.04860326291501058,0.012126395458266584,0.0048926504387312095,0.004344054363263578,0.0010376936842046427,0.004127790639048927,0.046949295186723077
140.777,0.006447318173214753,0.010630801558346892,0.0036758050710107423,-0.0008028661072702204,0.00013179135651785102,0.043452419911743916,0.0,0.014124059986350525,-0.0036705094654321604,0.005785170187022752,0.016171545823760698,0.0011360598072401146,0.005293579962129529,0.027686143805973118,0.007583086304069228,0.02180436753083982,0.03271147160209197,0.005856705093640911,0.04710645839056723,0.005558414242614789,0.004305424716732425,0.013886869666239133,0.01144547936035336,0.012811466368963763,0.021550270000830218,0.0523007054134506,0.030570454039184604,0.03742855295568635,0.0012119878777495467,0.0003288848489846475,0.001122329428722369,0.00242648455005755,0.030634080180895352
141.287,0.000973886145299665,-0.002048442224734714,0.0018910581458530594,0.07123836785759032,-0.0003153245204737017,0.02725878117964562,0.0,0.008802155461106964,0.009816971910250797,0.005650118109009258,0.0030194552705043857,0.00508594469680594,0.0025010389631351278,0.008793070513565935,0.008098051460730265,0.013708332621337293,0.045701179799079374,-0.005118920634438948,0.0419189706106746,0.011919683086651584,-0.006755205105738023,0.0056011130805030535,0.0022265371736172697,0.02410955470853179,0.029040476534969092,0.04477414096345958,-0.0071541682896536125,0.044340867699392994,0.004630123450338125,0.004846183905043947,0.002536078089280852,0.004819660184420845,0.06252591414018717
141.777,0.006214181010420365,0.00023636077387745972,5.044714327411055e-05,0.08955825950476096,0.0004617096589959264,0.03330826096497815,0.0,-0.001547344207873393,0.0020968567569546247,0.0049751023632053195,0.0023008300349566667,0.0018819397285476985,0.010207539985761302,0.02118100349122217,0.025696254979817063,0.013891068359266505,0.024535256416840727,0.00027996676281820854,-0.007592066158864221,0.013544185853968209,0.031495774855844934,0.009350021465156254,0.03135028486084115,0.022086951573536358,0.0012080770937871793,0.03544433482183349,0.04197766401694429,0.013567827338378339,-0.000681360959434703,0.002251034969025605,0.0031758017594251723,0.0039053228036426157,0.1247740500190382
142.277,0.004830900452193942,0.011364391885565662,0.009402389587401163,0.03412703768607717,0.0008535779380310108,-0.004356083887970783,0.0,0.013111158895850503,0.012382485720808092,0.007842750781240462,0.015312111757098441,0.01131592440201622,0.02432858942978123,0.020734212022343268,0.028560276146418716,0.023212655362868068,-0.0023673895305397386,0.017159927268826054,0.022810708091157247,0.01583411613642783,0.014170374828952994,0.008394218167099525,0.01760738455888811,0.0306561869583055,0.030698988338047965,-0.006116681629081737,0.08275039970773625,0.007013591524853024,0.002482274424538253,8.104088451761292e-05,0.0035892108000163633,0.006800125281571459,0.017665513834842664
142.777,0.0072975587639568015,0.009251877410651416,0.009137740974175837,0.01317575527120051,0.0006022271633779897,0.06824996933659769,0.0,0.014821045221263733,0.006547553974004231,0.012296671711626458,0.01594757513929683,0.014305953838383624,0.016523198349340074,0.0018288165891540997,0.046823262799777436,0.019734529570505192,0.002160833198601378,0.0044577133406856085,0.012244019765998973,0.023132351857588135,0.022546284768785115,0.03086148296776862,0.018540835935877846,0.0098945197635061,0.028482220127313777,0.05259895721025188,0.05236997407154227,0.024009449220643814,0.003799156189028335,0.002307435993363982,0.002559125804449989,0.006311828209984988,0.02700886356386176
143.278,-0.00019407081303474496,0.00048806437953237983,-0.0001064990726442642,-0.00236409256360876,0.0002800113097896744,0.025801276098491564,0.0,0.009278938448773694,0.01696476970282472,0.012219283785207187,0.009074537361088592,0.001968526445992115,-0.003709355449731644,0.015781598977341382,0.02241481140164231,-8.853306972218677e-05,0.003987626183316,-0.009772487460098865,0.008310314928671887,0.018929545935255008,0.03250074741553712,0.001053589024415485,0.00882963979711011,0.01620486849843942,-0.010735713191533363,0.0017800231800619729,-0.020468545346509954,0.038823460852549466,-0.0012552775318203343,0.003044725759502602,0.004534713934512903,0.003913004955012007,0.03083653049469615
143.785,0.01013946170675184,0.0016253551234661431,-0.003073813505361304,0.06426303168670386,0.0009072641335497834,0.05502959471391694,0.0,-0.0025253480809024785,0.002629978062648857,0.021675312562094953,0.0051727457035948676,-0.0035147753961863562,-0.01204433443360403,0.04224893144323173,0.018847373444302606,0.011950659334963039,0.03767687171743364,-0.0026121931132157706,0.019270556827154926,0.01930103360194749,0.026303419489109872,0.005829397395913039,0.018135422649750647,0.022853189777506836,0.024919066643369632,0.05329855012509321,0.016509998290867363,0.038532003308738176,-0.003255221772456197,0.002272799816241029,0.0030624628216388465,0.0008067179830120098,0.09086119361408085
144.276,0.00821975594340694,0.004068790833453243,0.008871733943508571,0.04016068832461244,0.0014643440825182802,0.053677157943891184,0.0,0.012469285251709549,0.0008511545931467365,0.0037798943964785876,0.003130964261474813,0.014205632996624327,0.030827266269001948,0.0047428536467463535,0.007124980687306045,0.024908134702777827,0.01725894371341093,0.03175705940976843,0.010697354852380814,0.014274485800006526,0.027657307242478415,0.017126762963479612,0.011097752076306842,0.030537980387950466,0.012028655281652412,0.0628874344066303,0.07223812495419613,-0.00531103350044031,0.006692975169467517,0.005125510827857621,0.006216615882846096,0.00267459011621727,0.0454875735295808
144.787,0.005955436268347722,0.01259788060980504,0.008882515751525837,0.003970914811910243,0.0008537698062574141,0.060766994449953586,0.0,0.02095087151208322,0.008752652671960041,0.010436245908643112,0.005705479615084935,0.01364743121007367,0.019354528902860286,0.01669127590899134,0.024273750136158578,0.021402918877244236,0.03794245193085594,0.018781168063685544,-0.006223479653290244,0.017735956356919026,0.021611986485806256,0.018283180876536496,0.004582741391268897,-0.0032700839629852285,0.016809436754604,0.05216145509270299,0.10989425380888661,-0.007559976616615092,0.006319277826866327,0.0036964224408302664,0.0002664944873696516,0.004661830165749309,0.014864064931944048
145.277,-0.0020482759051979596,0.013720444089953892,0.005898761839643166,0.026019416925199032,0.0018899341362276622,0.08286409622168718,0.0,0.020388832580573293,0.006691248844549246,0.0051813373977076475,0.0027652748127189363,0.012629310123176916,0.01692952282242237,0.009551026279611017,0.008485467453715744,0.018001186928438252,-0.008081984814432267,0.001932048080539946,-0.0036661019514928938,0.012915539226717822,0.011384334602908355,0.019535286356356762,0.010804646280312405,0.000540924471185677,0.011944049298585847,0.0760222293940917,0.046099941783045675,0.03332327564889776,0.011770646355884758,0.0025192865754431713,0.0009383902654946104,0.005290539438988753,0.04679675770362116
145.795,-0.0007363447248024219,0.016602364276384052,0.010782814158523543,0.061761094469419846,0.001381911823299819,0.08028743475345351,0.0,0.0011713409783483432,0.010538870656439136,7.875576804136659e-07,0.012371664084003187,0.018164266315945612,0.03281392095929219,0.015700512424230345,0.0005056928489875666,0.027079333479535526,0.021033948769771032,0.00967484743853799,-0.009916492327911502,0.012752521437952587,-0.004766397728964924,0.020613438271688354,-0.009623320594962237,0.007997274711886793,0.005370161130754512,0.06864917152091354,0.10277399659012704,0.017142042850645193,0.00496406641667599,0.0017354743386715442,0.0011241606249186744,0.004647398284756633,0.0637831771299732
146.284,0.018367367763377985,0.020403543714916796,0.0009233891299270974,0.10195333214133093,0.0009706217641769285,0.07673439721154299,0.0,0.006912147913474589,0.008181324287409149,0.021552964214691217,0.02185760870616773,0.0022940568893847157,0.0015604642244763348,0.0668289036136291,0.018342241468181714,0.022686371944722023,0.024962297206994614,0.023257130368906438,0.04795778771250101,0.020531593716747218,0.03117448783007839,0.014281107916615066,0.028720490029742467,0.05335819626228377,0.03000661067277798,0.0974544962017762,0.05254493792671089,0.05546390756544464,8.459751106934736e-06,0.005687579091459207,0.0045341874939669605,0.006919515797877336,0.10922901307165553
146.784,0.0011021627517685192,0.010436898145091762,0.0008856927620396616,0.011467566959836941,0.0012413450446552266,0.07631398131698067,0.0,0.014412435840984141,-0.007164949756068251,0.0013239710029759682,0.017648394970565008,-0.000978282621849057,0.01628357142176351,0.039565455469439584,0.020520271590723553,0.018372524460674028,0.019239412203027457,-0.010799862654085737,0.01223441476563163,-0.0013199040420584385,0.025438601982933656,0.009416686851219418,-0.006101336837820919,0.02409899284512479,0.0022536463223701893,0.06634766179054107,0.08765212963526912,0.01685764142633154,0.004128807656560129,0.003842305578192257,0.0018632712167568042,0.0037054711472238383,0.024586852387318853
147.285,0.012646431212750291,0.011216220363012163,0.010992053834887586,0.013828327301731332,0.0008998142355830972,0.12545720661748555,0.0,0.018496054148724655,0.010990684183719655,-0.0069190841498116265,0.012136356705254002,0.015908673074156797,0.027947625524877704,0.04273274557089981,0.03187127629792393,0.03460056110363326,0.03140058018595346,0.039467120436671006,0.01686697398906143,0.02516411111276331,0.01024692532580433,0.01700133672852695,-0.0018195189149502512,0.011076554598907742,0.006174085166054666,0.09624579062500052,0.13735512141000178,-0.0014136662275287505,0.008422962576018865,0.005453550586351995,-0.0006995650564255478,0.005178235772351767,0.0012249871928298353
147.778,0.010100505110569506,0.01741587510732616,0.006262405571559737,0.020808597202472887,0.0008067232068789873,0.1179175389085983,0.0,0.023041751932905186,0.006509667736704353,0.011501525655893833,0.01136371000533111,0.01331452637269993,0.014415515235048281,0.041731483845246914,0.02028720856596805,0.01995841107872705,0.02218597936823557,0.007911287103163918,0.00736257080797007,0.03074383327094673,0.01436980437822972,0.019896670451945774,0.004975954265819959,0.019263118124259664,0.016911941861351174,0.10937480233090505,0.050051711496694816,0.04622618207152706,0.004032183649714033,0.002764048938631404,0.003764202019110236,0.0021867427109968163,0.011784608987352979
148.276,0.008436719505198208,-0.0018227692979156072,4.444277652388768e-07,-0.00021846569365468,0.0006074524165504971,0.1493775937608589,0.0,0.003740206490005379,0.006890505236398634,0.023637606456520126,0.015112790473229354,0.0027878720174530545,0.00027394659564828044,0.035887786283071085,0.003074843928007143,-0.002158807615264853,0.015216312657129888,0.0232882950146207,0.01930095081687767,-0.0105124062576135,0.03396118834483577,0.0035192127224861047,0.020930624146669775,0.01924595640410549,0.06179858356145827,0.15212622120858527,0.002256300273377984,0.017366950313911694,0.005159427627681988,0.002088872436819343,0.001485073661830223,7.584612510271492e-05,0.02428785671501637
148.795,0.0013992885933259373,0.0001119446859039888,0.0013330987161128368,0.007898229659691943,0.0006982371796870029,0.10547630584822526,0.0,0.002105512812692805,0.012295267653029143,0.015320489229229791,0.011902446205519992,0.002503030671303728,-0.0005914493885169884,0.02395217366672031,0.0022320407993388857,3.873278936180111e-05,0.0017885630593432902,0.015121258984914562,0.006947083882554806,-0.010881988774040178,0.05270492857548787,-0.009461797748554376,0.02367466622991627,0.03833858818662922,-0.004613440348807974,0.10999509004793473,0.01741668930996261,0.032303078159752835,0.0014901442549385849,0.0002509760603290922,0.0026065379001623747,0.006860808185521771,-0.011477213035088306
149.277,0.004058177296685606,0.014221104530372689,0.013680718819456745,0.016757537058855625,-0.00042648425309258934,0.1247454129258011,0.0,0.024884862708088054,0.01710184079333863,-0.0019768246246183,0.004832758201463213,0.021652571253468592,0.03504152219570151,0.008338558298920893,0.024826800230708608,0.02248613368497855,0.00605227586790431,0.052641047623018335,0.010255821415236609,0.02052793356480728,0.004898004180328999,0.01670819133165423,0.008887147959887716,0.019466872924216293,-0.01070262457791377,0.1190271109585335,0.09323565948741772,0.011883489680868617,0.005092705438131138,0.0016586930835072735,0.00235248783858594,0.002369464021513381,-0.014890879662940427
149.777,-0.00729440780336151,0.016643890879908526,0.004065730792068725,0.00010923549840600316,-0.002367782137471145,0.08247131947607073,0.0,-0.0019071640915929802,0.010369221366251345,-0.0007775481051092363,0.005416501303400794,0.011935308220789963,0.03148025397390338,0.0002633912528559204,0.011862921343298504,0.002986727902224957,-0.010370773582556145,0.02794101281220533,0.00975591194590946,0.01184484006087607,0.0009787569465790086,0.013964137517696028,-0.007784723528202845,-0.02184424385955782,0.005011590360531914,0.06012102564222444,0.05717509500248967,0.028816239927220936,0.004612033301387784,0.0003825660559053418,5.6534464227124757e-05,0.0004031133781733791,0.0017739743857528916
150.276,0.015539403686072923,0.012280392392766638,0.00091733270956504,0.12269816177837409,0.00020013448824560107,0.08328994548034076,0.0,-0.0033465184963838417,0.00920620784761074,0.01407088374586429,0.008903391525736494,0.003359819425218251,-0.0014162371196600244,0.03210997416744293,0.03419049243666345,0.04028826325812468,0.03525283618891968,0.006400430912461405,0.02847839327371341,0.017455377383072013,0.009203902279936543,0.02887257427401185,0.016788063460376333,0.03474254895192066,0.029876865785035168,0.07687552047462955,0.025134532252401785,0.05088305807202388,-0.0013028551440486525,0.00035895199315651497,0.0015433379193396162,0.002266633835116592,0.09293128826581451
150.777,0.011560833655446974,0.010954175784120479,2.1097114034184142e-05,0.07966720128296867,0.00021453146045161855,0.10922418077301768,0.0,0.012616935564545935,0.015439754670832482,0.011598574176003025,0.0066199473145736685,-0.0027666190315280546,0.002058654314569967,0.04944312102282644,0.0236379834195539,0.006524325138896176,0.011754878554257168,0.024291853098759184,0.02582748009052166,-0.000744541387841383,0.04414195079507068,0.009737571824032938,0.04148803805856172,0.0293642672714918,0.01581395382477343,0.11455794802253855,0.03571594874966345,0.03692300987047582,0.003744447142141171,0.006574650415207664,0.0018314072812837497,0.003512847763593575,0.08615362701033412
151.288,0.01581804081700683,0.015368849277392106,0.0025834347666431196,0.08277917888765442,0.002776524198278546,0.1334002337974847,0.0,0.013785991740322351,0.00868402176149479,0.0131853907864656,0.01063711117824911,0.008241554410505758,9.872081572088737e-05,0.0447422042421975,0.008943166004204896,0.020081180664721025,0.02438164028456779,0.04011989753274995,0.013539078989829404,0.003904264550378358,0.048889582352240814,0.016493532537717945,0.020816444031218767,0.04252941984685884,0.037865902025997294,0.11925162609102694,0.04783654950269391,0.04387985640079233,0.002841377271628513,0.0064199020807951725,0.005356777318705901,0.010668079623330532,0.0889409048417583
151.776,0.008075735767739973,0.010472345861397985,0.012261094344261628,0.06820868949940759,0.0025314088731916095,0.02978652444143398,0.0,0.022182037292429072,0.02322168264169258,0.00216116699195965,0.011116486786122936,0.02105558383411105,0.01984522730713159,0.008963396984664638,0.01521016289064969,0.02712737675468666,-0.0035844356437080248,0.03666067214324543,0.00903982436658328,0.030701403200322348,0.045477395822539825,0.02061862242544558,0.01846727292450959,3.601878258978504e-05,0.042463510128674505,0.028907332388050593,0.07033928066687008,0.013028118792139937,0.008014372244875145,0.004636705698032981,0.0051888885882399195,0.003938456476753172,0.07989800194407592
152.288,0.005322076865512361,0.017031353506884714,0.012684790015893075,0.09660261173190648,0.0021784998517272954,0.041058349468933664,0.0,0.009224808206842551,0.01304800100911141,0.0009954394286963246,0.004319636171575223,0.027604774632968843,0.03509181663471727,0.02819473543399934,0.020594672509585254,0.03331805031449744,0.0026355782949907193,0.03834456392021653,0.0019537693218710578,0.016389500723696517,0.01767897157763773,0.010059705816181265,0.007530106609575123,0.006037930496503239,0.027428075994786544,0.04287209929626476,0.09674996479923392,0.01726757400134262,0.0037741888777370726,0.002778445628596081,0.0063217883667649275,0.0043231751232071704,0.09435308340209261
152.778,0.014037879523449055,0.016428655339538467,0.005421582454479639,0.1780819718958336,0.0038148353098367512,0.03135024509433099,0.0,0.0169306059292045,0.017290670773492108,0.018497718398391014,0.00039607924478988023,0.007496177245187177,0.0066772648045702486,0.028750076846665494,0.0019870759620416976,0.02088009791770183,0.02285370576893348,0.022547874098970324,0.01613411458453245,0.011749935228273589,0.05162402962975821,0.00932323836840126,0.03659461066122584,0.04719523934067886,0.024985973533010367,0.02942473396034078,0.025304272698009393,0.04130046457085936,0.007462019515471407,0.003172807992728924,0.007239269294733359,0.005610083084796047,0.20769831674854447
153.277,0.02067432398738919,0.010103906700879097,0.00570525902466549,0.14364581619294367,0.0033613436797877536,0.05571528027563271,0.0,0.01473173460915119,0.023225977685360222,0.022559160469496336,0.004302064004152754,0.010382474616878735,0.002935695467649252,0.05608608562569025,0.014631439383955284,0.02010924554468111,0.01732627219417059,0.05634306773949311,0.03334755108347489,0.015216793584773401,0.04838677776142892,0.016403372095393578,0.03089987407355538,0.04618890452034577,0.032286749931467636,0.05197106267335014,0.03357804258753526,0.029118973928809598,0.009299068000612965,0.0028488004086673455,0.004263980999765612,0.005424882575912549,0.13195613853740995
153.789,0.018431923813057402,0.020534388047230418,0.0038962026221786767,0.0930839819928666,0.0051263143382088506,0.045898590316779564,0.0,0.00897704531035359,0.009406399126082042,0.013564599016190098,0.0009203001349316267,0.006586965698918183,0.009847078959484163,0.019580855751766324,0.019307662789271728,0.03212629332195428,0.030617139159093774,0.03323998322963832,0.03477847520489806,0.005566383437071516,0.07316392672337667,0.014334742000929048,0.025178957272440607,0.05215665212538524,0.0546634702132062,0.04760300349131105,0.05961717570770909,0.038246061833003414,0.00773089962396923,0.00865871886747465,0.0055911358041719535,0.007201839702315072,0.09047753430296503
154.278,0.022232858662743195,0.035108532631917586,0.020540682595586793,0.05312872819901315,0.00492288415841068,0.07770742648378025,0.0,0.028505464372494592,0.007576607268393075,0.020439303234957438,0.02478123072487895,0.027566217508139642,0.03866657020344029,0.02686758866841078,0.03669937188282376,0.04491763715569142,0.0007729833092590715,0.04636204315889206,0.043749292884690406,0.04377537423984408,0.034829809621707536,0.0232646519758021,0.017613110269268435,0.036163598161263896,0.051257673804955474,0.09814233778357533,0.15049645473713263,0.02958111052822814,0.01233460185588968,0.008318828382160496,0.0076380018573366714,0.004510642107580631,0.06129663710331526
154.776,0.01588297005948032,0.033346934791409044,0.015332514622693492,0.08524775297781428,0.0038611507121157256,0.10175661885903373,0.0,0.01266874517676275,0.0019546790849415334,0.011947062288105804,0.028870150258507914,0.02256561309227697,0.03471966304881727,0.03256275105395116,0.028792615147337376,0.02821461206562786,0.02716426226030291,0.02156785207224,0.01268661465116894,0.042441836830453175,0.021405867761104855,0.017531699102396606,0.020764403193549937,0.03369255646890363,0.06788636558531279,0.11419172842653083,0.0629980971262998,0.06669855906243846,0.003917686447284113,0.006314144856442632,0.006237098034867139,0.011087843804726919,0.08302777372479132
155.288,0.013328299784713902,0.041301175321912666,0.004995782510993939,0.09112222420689578,0.002652589635225183,0.04143513110775852,0.0,0.006911599490262672,-0.006587839714320913,0.01658001525314688,0.02176998546067274,0.008551632410001855,0.030846571182712966,0.02482235174379035,0.04303314985381862,0.025405556103059,0.030975021153780685,0.011374395827836031,0.02277658276599401,0.016783716542791916,0.017572439541032197,0.017384480448956845,-0.01478425951407165,0.0326031704895815,0.07160205454661166,0.05634015583914358,0.1155924319025815,0.0725390879521327,0.00018405160070243933,0.007791876858727125,0.0016559928431985056,-0.001307825618038241,0.09852580028031557
155.777,0.0035875599961338375,0.01928200247136489,0.005483995516365301,0.05336254508605205,0.002639882558659691,0.00014090811972264773,0.0,0.0015036959149733833,0.0026167110776867905,0.007362408392991123,0.019684467978703886,0.00840288112229351,0.021754576698696564,0.025555274707853026,0.009029059896537418,0.016642664501644273,0.021340963263239143,0.0004371763883161005,0.02276131189706602,-0.006204021215725507,0.023467467511738612,-0.0005226484796226712,0.005033457130828436,0.022983663343023174,0.026182429946857343,-0.009131494351834527,0.12773489347468714,0.020572098936576286,0.0011604977498845719,0.004412748818383969,0.006880956235536264,0.009459074829365907,0.06718575520837752
156.288,0.011563021850732347,0.03062992873261625,0.01000078729668932,0.041489331838325816,0.005057791387550523,0.020989614633707562,0.0,0.020667674067590562,0.0021546559617341664,0.011860044642372605,0.011042344386138964,0.015004402361585777,0.030193879783924595,0.053018161701900095,0.017152290924105713,0.012360457935969458,0.003193268756065842,0.027954527195654146,0.0005858083535192903,0.013538604486338562,0.028530681581887676,0.012156828115043856,0.019305279958491586,0.04849046472530903,0.030580516079118106,0.025732632188790468,0.10474872443564888,0.03355461201175321,0.005657271670959257,0.006628376965197886,0.004199741821803051,0.005109815534388434,0.06023810406182776
156.777,0.0031514138330541834,0.021813480013180116,0.014468643624371896,0.005682028844662138,0.0035160727894548577,0.07969008917730055,0.0,0.024051455618973355,0.00548372715965361,0.006049610157741549,0.017417990954754003,0.02184096333371007,0.032121699595296566,-0.0005706955469743161,0.0203206692194031,0.028067868830216607,0.010556300114598753,0.013041650649280838,0.012387980519339826,0.014037313493249198,-0.004624042194765448,0.012533030013898877,0.011648703148323284,0.030827634773737476,0.03233686457857239,0.07116631563793561,0.10127356641065759,0.02521323324099235,0.0057966247401863855,0.0054735526641494425,0.0011166745082301706,0.007565829749274595,0.01683440166415691
157.278,0.0071491903674395195,-0.0002638628309838433,0.008584402529296086,0.08826983488071968,0.0018029676032847166,0.060856470066421205,0.0,0.02336305507372325,0.007823264631511489,0.024581713983767482,0.011513377533369727,0.01464041317060999,0.011098882289364209,-0.0048538188364202735,0.04067880227995407,0.015040701490551494,0.02888211176948803,0.03875934129206192,0.024884374742231746,0.025583043059254316,0.01719265123086398,0.002365858077605274,0.018058796431929983,0.011113983498901948,0.04092604396436241,0.052388728245327115,0.033277889776662906,0.01922436538617682,0.0036914092118817475,4.054788567248948e-05,0.0038937492870908964,0.005826924296831193,0.10612944979138328
157.778,0.01247009539871713,0.015868215904756698,-0.0008299079789587958,0.13500332921655328,0.0021019438385166426,0.010650140036447289,0.0,-0.0018469869841209235,0.0024627191390816203,0.019665895477548552,-0.0002613609929340009,0.005595608033063737,0.00012158015018996466,-0.000468251116188263,0.015539848198551955,0.009324855407620215,0.042204849694368635,0.02892563990827786,0.016270635779407423,0.009696007771326202,0.037431493207040284,0.009660935575250416,0.03265661819743378,0.041986233791264635,0.035245897468256626,0.015624916386648029,0.04555877885571066,0.034483926539222186,0.0033128358324495365,0.0012987868906364263,0.006736592010105707,0.006977559611255058,0.13054883413003873
158.289,0.018300072108756137,0.009315065886481504,0.001237702203445719,0.20026428558980738,0.0031855118432647473,-0.013531115361464813,0.0,0.010753425924552428,0.01323908339411674,0.016643722648587416,-0.005397409224772984,0.006410683365873298,0.002282849407845628,0.02918454359641356,0.010128660586805187,0.05152869568165902,0.046791842755632196,0.03650460986623234,0.046976020409353544,0.016069426918899028,0.06002416975109215,-0.00015686620452048643,0.022341063369488292,0.03648506587664226,0.03360344889892242,-0.014311428568211788,0.04068120039331371,0.03762274977686133,0.008797320822206507,0.008753223143675791,0.007479822984623668,0.005174045410910672,0.20814623720143277
158.779,0.013696633913934329,0.0012268487163578337,0.012129745231871776,0.1339116588812061,0.004319469064088155,0.029901341526556248,0.0,0.024243816636709364,0.009407324183800227,0.012874371488678104,0.01507948596900819,0.021522993726909457,0.02122312160299501,0.0035829234750104195,0.026127800381722032,0.041035805279471635,0.00032009131382269195,0.03403230239876188,0.036899583606240245,0.0314054079946891,0.03814755084423416,0.010793817455838569,0.008151403342759664,0.05594257672871611,0.017621215975897355,0.03795422588736428,0.0677390590927839,0.00015330284056797294,0.007093071932976788,0.007454687794460934,0.002117386539325634,0.003677068969381594,0.16775878255122179
159.277,0.016206822606600172,0.011271038386230614,0.012407541399505922,0.06500279755419329,0.004446559239149995,0.02491352741473824,0.0,0.014530165192984315,0.012952344633640771,0.005197711443080864,0.006379121159871183,0.021884126461445077,0.026065457681219102,0.006454874511616745,0.03647274033453575,0.041886158292793865,0.04369410054297609,0.016343761204600862,0.05845406257378182,0.04232134480841658,0.023622543003801306,0.024011651407797242,0.017518381376961177,0.042342834281338594,0.00026035930051140964,0.013100173341413097,0.06635203847516362,0.00799585618895128,0.011189207643431082,0.0044508878985262505,0.008722093134177801,0.006053374966315421,0.09490659688056927
159.788,0.010178807150131216,0.01952330234881981,0.008959446246489538,0.08706092092292496,0.0024462302212569413,0.011599578961507618,0.0,0.029911168635403863,0.002935413035044015,0.0017235637431207056,0.012888839010926544,0.024509476925482138,0.028773680439997236,0.013133962848928062,0.013546243852973998,0.020869263469100383,0.040783490995825164,0.019235287233670732,0.02548467157279898,0.015171852928967418,2.7568515206223547e-05,0.01608426353404569,0.03135555856717595,0.014151098156771763,0.03550791696362997,0.018360752983228642,0.09277550964704391,0.029511429341383743,0.003705460754070479,0.006281723756409421,2.8591251753279185e-05,-0.0002066303610914606,0.07020061527165986
160.279,0.016763293416243656,0.010198276997312839,0.00014403097088718246,0.1633171781933547,0.0034923652564442472,0.02736736323183386,0.0,0.013788443910698767,0.011587525511733948,0.020429426960989715,-0.004800634238975684,-0.0028299501511966593,0.005455120364338,0.029568763420536427,0.019406490471268092,0.01851521583096292,0.037317717312163524,0.028572589553391318,0.03663782729556641,0.013402652379282988,0.04073966932652348,0.0028787592999259546,0.033556203886679466,0.0842444109011989,0.04255972365784917,0.02744904903535969,0.008334925752055055,0.047271444685061476,0.0021124138005109965,0.005005908632365993,0.005393106349190223,0.007129115980425371,0.12068226418846671
160.778,0.0017421017074384262,0.012692905392219726,0.00406779441173671,0.04073481168572455,0.001664662417318984,0.008733775219164467,0.0,0.0024357503082308098,-0.0030847064684002045,0.010652461509664465,0.012343156103379322,0.005218423971491858,0.01994266631272823,0.010211722228369078,-0.000542267228659517,-0.0056160478359000045,0.010628197473503558,0.014847932473747471,0.032431109264887424,0.0012982978555558823,0.021783394994939895,0.00011901707609993151,0.011021299967287112,0.040235524705643164,0.015818646444795505,-0.006858398554161107,0.09598958927459052,0.01429607836910997,0.002961662862928531,-0.0004922548641313094,0.0053418189388879074,0.0017279616059975179,0.06468919838434481
161.277,-0.002077373718128249,0.011173758145430977,0.008111682335972021,0.08528387099266686,1.9604737245727524e-05,0.0009010009354730894,0.0,0.006053289539299166,0.004208599987489374,-0.00704574656059854,0.011374588017104142,0.026901123849159082,0.03056899939538258,-0.011273293751584004,0.0067742328886179525,0.04963670980195931,0.008635406997549716,0.022036553242974443,0.01883710690557573,0.018117051171628026,-0.03365009857948004,0.013353504536074966,0.006518082088352564,0.019717522397028685,0.017127672999626642,-0.0030792590720468993,0.08748726580501519,-0.004019948838561989,0.0025185475641471174,-0.002293360200179726,0.0015204669195611619,-0.0009544401944197347,0.11388225432951028
161.777,0.007053225039046898,0.012432002360345666,0.006037093521021231,0.05235487454234182,0.0011576815120581951,0.00036189290111832476,0.0,-0.0010258033328869617,0.010150090295472109,0.00912911075911266,0.015952767974247974,0.01436677290805401,0.018083264990455306,-0.003312160622688817,0.02166731430507792,0.029667249924832537,0.022072715403565184,0.011799988541286558,0.03317856272940888,0.026405022259745788,0.011057841713562522,0.03954876898143249,0.013729318974424032,0.018102738359806414,0.04153037410574241,0.005049028913330363,0.052246740386518976,0.020169622504730183,0.003843814219160104,0.002360709417532574,-0.0014486975859672852,0.0038625756103831043,0.07098685805226501
162.278,0.016927303202031733,0.009351911037050492,0.0034140636630720133,0.06213375084734402,0.0027027044679118735,0.020030087197664907,0.0,-0.0010348720157354627,0.005393229114354615,0.01382833796791307,0.013533159283901301,0.012752833803435375,0.010193031639493998,0.03693209022134663,0.01874336773235205,0.00855001107750181,0.05215921798078552,0.027598737421318447,0.015796145269812212,0.02455739159475088,0.0374897970966119,0.014251171217581378,0.019051165072902214,0.0450825942002055,0.014656531821808884,0.022202492495972684,0.017681645011899224,0.042928421631698695,0.0019192931702337597,0.005817074167494987,-0.0005205341957783785,0.004174723134616953,0.06265564454692575
162.778,0.012374706072352923,0.00916836052523947,0.0023099233952073987,0.03495806906463531,0.004584067603968543,0.031967762953540424,0.0,0.01411796963208612,0.003762544223153578,0.019269589137145757,0.012317725620996535,0.0023830040549697,0.014591893676912469,0.039251536631298205,-0.012786724150381387,0.022440446152059552,0.03381280134764728,0.002737906854225672,0.06927839434590484,0.030232211269312904,0.03530822506588699,0.0028063344291243486,0.02596362305695535,0.02886425747477351,0.004482583902672794,0.03882452196984931,0.04533761249304117,0.034427161361158753,0.0064408702087715985,0.0035974136222687173,0.00677346061206663,0.0070316136149406626,0.04224093933295711
163.278,0.011925791297375997,-0.005306877045910708,0.006561921635887757,0.027798187457075154,0.001903108202736157,0.05200557983289663,0.0,0.02537378916863112,0.008480495432032963,0.0037858473818929554,0.009214510761325278,0.008895797666589727,0.027070535477713258,0.021112555177558123,0.015399062599760378,0.024296753579395283,0.021804417536610405,0.016013194408273458,0.03095127064280222,0.006259281904412253,0.020460556351440114,-0.0011634082019324754,0.03140361769915263,0.04046488603788712,0.015075106401663667,0.054368460020044765,0.03624924069815291,-0.007588322571527205,0.0055965914054080836,0.002203597593933499,0.0036570906302434546,0.006065674176809843,0.06007414553349486
163.778,0.014787698593209168,0.015401771276652149,0.010907904218350445,0.0358173209567165,0.0017347736445804428,-0.0011465822938829086,0.0,0.012503223775999297,0.006498116907922852,0.004629347672489563,0.016839073556035672,0.021795240295747278,0.032399990085673874,0.006972922418689965,0.05147092866610052,0.062409008320860195,0.043889757722426405,0.027692322483457245,0.03602190531799182,0.023482702866034277,0.016679761595411267,0.029593739182924263,0.0074622729947656915,0.02997966187158737,0.037863932068317986,0.00027904155114677454,0.06413614986075407,0.012804898404643704,0.005969046808344264,0.008442471945326177,0.006215188084099422,0.004636380772614126,0.03125151009399155
164.284,0.011295670966948694,0.010189432276829136,0.007120237246022354,0.046631325674605324,0.0012955183752236567,0.036553473809323965,0.0,0.009735695995300496,-0.001612953273131674,0.006105479369687044,0.014605980940864688,0.01960429074388451,0.029936671656888958,0.01189395922391522,0.021766897992141297,0.05127396076836958,0.025331142525165346,0.043465168179001666,0.021095846167942155,0.015753909081859793,0.021391557417926258,0.0197573740461921,0.015160711307281948,0.004847017283564434,0.020718190963384873,0.026515810463856263,0.05947077659389299,0.02199799230144945,0.00204021685479414,0.0036092144215094262,0.003357763549374072,0.0023057654276299575,0.04194229440462431
164.786,0.021376624224700665,0.0015931005976592522,0.0057998660745492495,0.11427621724348974,0.004341864269783659,0.07319971054602814,0.0,0.0035740744862811863,0.010036909389505355,0.022837143894473524,0.005493227310841575,0.014650583683499406,0.008072197177546552,0.051630178093507395,0.043250117338784734,0.0404614034724107,0.04474517615725943,0.04084543405968557,0.055110567743220366,0.02095837902026004,0.020851990976688946,0.0280218125746388,0.029120517077343578,0.02169021170542966,0.02246083748690759,0.0769620396552174,-0.018018150827646545,0.033151368279739614,0.003426857861484718,0.00414626584550086,0.006001998298294312,0.007670973918089501,0.12529507584346
165.279,0.017767411886492973,0.007012240913694022,-0.0029786334730161567,0.07645974312647645,0.001968741648285159,0.03050484515402564,0.0,0.002441403225250443,-0.0009195501651333861,0.009101206833179975,0.005547877915083376,-0.003416008282602684,0.003326054953160769,0.03705232373157051,0.039478330165489364,0.030558798102165937,0.07389942730769251,0.027089295526639832,0.026794739543291365,0.02555186183371157,0.038829279293644485,0.0041908153485558895,0.027161537618041662,0.06252819335583562,0.06971042267579575,0.021209064348315376,0.03891271074829586,0.018243976078163877,-0.0012251181268629922,0.007295531562277009,-2.3211313450320896e-06,0.0005400381012474272,0.057363452237287484
165.777,0.019683878505829283,0.011450300155506505,0.00884162389494495,0.124240735916316,0.0011647119498824012,0.09215899576470053,0.0,0.017307463143893722,0.0003514141593207415,8.203130206810679e-05,0.009243532416498777,0.019698706577420382,0.03121048646310193,0.031762097874818075,0.02944546474230187,0.05796525948341833,0.040751464774281,0.023222960320688855,0.03751309070042718,0.04209708021114835,0.018112815503310033,0.02557747242849886,0.0059040279940555185,0.007263279866718846,0.021975432647524044,0.10031428114525762,0.10636391560610868,0.0027671096691532625,0.003798110148441782,0.0020913837282374942,0.00399125139579255,0.002278044816736193,0.14578318101503762
166.278,0.018362998752593493,0.016039336985457325,0.01062827343007857,0.0688868615705873,0.0013784919224406743,0.0799048455881828,0.0,0.008686403630964422,0.00569460806996083,0.001240483217677351,0.021069525440299112,0.023503975189355878,0.03116389442700838,0.028622742523807306,0.027091558636666332,0.057541880097859155,0.041569149991587256,0.05127172147497967,0.040290077265239164,0.017416614268270594,0.0009273343846942914,0.03973517670821968,0.015527511268524299,-0.006303409960161459,0.04733379869096401,0.07133607485476012,0.08853837026439057,0.03407931770080068,0.004906416174748125,0.006785606791100434,0.0027693001650619434,0.005196028833808712,0.0779345915760281
166.782,0.017435499489831086,0.017675716551879196,0.0001875232393805513,0.03771394555163596,0.0012659892005578482,-0.007008199009074194,0.0,0.002229575469738487,0.001727795422798103,0.011469797229994706,0.00772589728931714,0.000540178498106005,0.01489244990040703,0.032054016843232586,0.023467712288931578,0.05680382668461547,0.05982736539947532,0.03270205180730248,0.03729395862375222,0.007280711311528394,-0.01248789784458452,0.032051597926947985,0.024471332375047502,0.032819957352631615,0.02188569144963409,0.00644785366352727,0.028801842109114708,0.05662239654699179,0.001630634833336492,0.006003291263027531,0.002998894692051518,0.0037810632197365704,0.030686036931398725
167.284,0.025183092209385326,0.007805663575468096,-0.003197078199612136,0.07403075672707239,0.001663960367669748,0.018539950520328207,0.0,0.0004979959445043038,0.003021054643448243,0.022538320024327537,0.012170804582906728,-0.0013890304237012677,-0.011770132946547121,0.0500196726437544,0.03567402644765254,0.03418915594405023,0.08295402749338043,0.012476321338137109,0.04051025920080103,0.03947810750348855,0.038006854703171326,0.026389728934802955,0.02765781810819006,0.05342117702954721,0.03600876003927145,0.01185865471422563,0.005594387395066595,0.044063204841260646,0.0018204500891865938,0.006774925832336213,0.0008431418919951617,0.0011390695896826462,0.061503687840273207
167.783,0.0131754457867791,0.005716840760048504,0.006289453715035198,0.034434948901693845,0.001394566508605538,0.0551611833537654,0.0,0.023938409706947047,0.015501989252300948,-0.00021093763388941745,0.011206000843088553,0.010291911933392402,0.010541504387345227,0.022645633113801803,0.034721620904934906,0.022868064729115893,0.03510750628468073,0.028235668264486192,0.02811013356038241,0.01834471027069818,0.014238922468384938,0.015809362297275305,0.03156645452845102,0.037423742682615745,0.04334680666232468,0.04866301732502168,0.03532400847921054,0.00624349813558824,5.205774426405697e-05,0.002722683283074453,0.0037953625031526797,0.0034676239536806444,0.049298397072167544
168.285,0.003620295353730833,0.0066858498391468265,0.009642642150092803,-0.013135639845611863,-0.0007519100296390868,0.030651672761120744,0.0,0.022352473174460912,0.005849271277202643,0.004774307757654816,0.014301242631549482,0.020461866464165278,0.0272163725772153,0.02727348335537843,0.027879015534478503,0.02186374542045553,0.010443958359023559,0.01750333556354951,0.008816821933720439,0.020378472397452975,0.009206800569017947,0.010002789533996494,-0.0045215517767119824,-0.0029454588454638523,0.03138370003032122,0.021159680689788036,0.052116982401540266,0.016495066617645618,0.004987147856277333,0.00017229768388319378,0.0036637613429700054,8.035625153547148e-05,-0.0017556924787198057
168.778,0.011450680815262305,0.006882315267622162,0.0007425618271426531,-0.018715715846691797,0.0017035070475924072,0.04432540332911919,0.0,0.009197890115189374,0.004883367129371382,0.013194751652335128,0.0026231604462884687,0.00584561959760662,0.008587886691410567,0.0385006876371289,0.03694848404129206,0.028853366315083527,0.03384785099535223,0.015504126668057358,0.030109834532810485,-0.0008887058732639865,0.02767552475359086,0.029862359656891872,0.018082852208328414,-0.002879823970148546,0.013084822088623166,0.05168453114850358,-0.0006461867330761813,0.03413164936358703,0.003748710391047922,0.002580040993413714,0.006484066334420089,0.005804039076903988,-0.02229368036244792
169.293,0.008312582655544689,-0.0006634751836802545,0.002710765204955509,0.012463981282671748,0.00016300411262141373,0.06486033746595989,0.0,0.002987943250177271,0.017981785246565494,0.015814659798616265,0.004570187752814531,0.008975762309516603,-0.00031780922555970216,0.020809436246603585,0.009419286602018894,0.030991554444210017,0.04380795622951985,0.01485238443011328,0.021702701839930557,0.01821371700826066,0.015786920037656624,0.03053664749449373,0.011065143308307959,0.01370636174091679,0.03190691426165887,0.06010315934609263,-0.021823616452567834,0.03699758932355317,-0.00013386277096465925,0.0018775048788978565,0.0038048341496016128,0.003610963028850408,0.0006827692972798894
169.777,-9.893373893277095e-05,0.00340248189995999,0.0027068590998116085,-0.005692224463289021,0.00010193703674233332,0.061867593529931764,0.0,0.0007418324080314054,0.0003804139000500547,0.0031358744685376994,0.0009864214228362603,0.014560907871100922,0.013466174365651921,0.012117278663809858,0.020079605440000276,0.018693117615672574,0.03508632355910555,0.00045922555085206016,0.03318487360531788,-0.01585515755934288,0.0024909406356678795,0.004919368767882998,6.346870475413177e-05,0.022618412787073997,0.00751711349135797,0.05060481750817469,0.04122648074731516,-0.0007060109436526208,0.0032172268502360505,-0.0057422960388040225,0.0007243569135820222,0.0028247543339154175,-0.025307851178490912
170.277,-0.0005281092713271992,0.012098631819318787,0.01081013910703217,0.00970345668894158,-0.0004210220862337106,0.019284464758666638,0.0,0.013268988608701751,0.005651047256879036,0.005097902379689917,0.010475439719479642,0.02083771175335391,0.03476894309704756,0.010061323700630315,0.016569688553852855,0.018809563869147533,-0.003190368224967769,0.021960651007600848,-0.0008503361618575938,0.003503117664963772,0.0014139630010148157,0.013166892184753025,0.021615333853217112,-0.0059696682970688695,0.030530885124593905,0.02925024738882694,0.08879794620330146,0.013489741773171231,0.0030395349773437537,0.002493612254101016,-0.0015213403882770793,0.00346383120860444,-0.022208010303494233
170.777,0.009605078993744352,0.01629884444038937,0.00560225980520574,0.033139940753821547,0.0017931186799097266,0.021977562493834275,0.0,0.019251729757715896,0.007347476976799064,0.012603226519997688,0.006240265034799097,0.01832742807720613,0.016053540618646573,0.021245057398101782,0.02785891069963916,0.029392078600362997,0.0235008897033084,0.04022793843824991,0.03605980153152161,0.019310445618710786,0.008788970519319572,0.020971049679678444,0.009102883747884464,0.001238533085833619,0.0460952663276838,0.034486663769711,0.0519091562086572,0.027716165682313186,0.004274944149847945,0.0017459870468513924,0.0031382474550488166,-0.0006074908460533714,0.014588353740793678
171.289,0.0062047380358252625,0.011031626738444497,0.009154995563245298,0.014495662167628497,0.0004573014693053414,0.053638646604296535,0.0,0.015579339215007005,0.010022868109780493,0.004836140772346978,0.0032020404921674385,0.015440388318360046,0.031061098415144775,0.004587797891548705,0.0019796148526380476,0.03092960939512875,0.023332249081728287,0.02941872523987821,0.006861478072362365,0.019279346953880148,0.02096202676291066,0.015925020042872842,-0.005631361456767362,0.023319823862598316,0.04085751132246069,0.04902020836135994,0.042020552254864105,0.036570191260000474,0.0005876864044722936,0.005125939783076958,0.002919843006060507,0.001978804539479597,0.012836598256824924
171.778,0.004339115230729091,0.005469486195349766,-0.00443949720694196,0.02183035736344993,-4.481107899307913e-05,0.018283410595585123,0.0,0.005967559739875587,0.005573911570642791,0.013005122620311088,0.009173644920083376,-0.004981660736043117,0.0020602108735006132,0.012760724627736619,-0.0015116819347645394,-0.014506984975683083,0.05503420194701187,-0.0155717921404609,0.02542537566558262,0.0049536775969971445,0.030955025361791993,0.004640992763753689,0.02801849153226902,0.028469817409917345,0.021359979616080663,0.005180433516060544,-0.004840869518534879,0.04851453343942995,-0.002992342760830851,-0.0015565497722055798,0.003957900834136453,0.0005871759101395981,0.044609581211094367
172.276,0.004398127874171442,0.00012011147201494032,0.005013971758870899,0.03254188822442978,-0.0005833647181730329,0.03600413644278408,0.0,0.018962019320295172,0.005275033782826467,-0.00045986539884641944,0.010034392287965536,0.010767413757641578,0.018466653684734314,0.023328678592953643,0.014308804022549537,-3.1980178539550395e-05,0.0224883548864928,0.009394252538718421,0.01526988646771009,0.012381324275895958,0.01896239808227158,0.03504099776438229,0.00669122808196545,0.03630750212108796,0.0032339995325083976,0.027685584124021344,0.06936666610269598,0.01011677169559607,-0.0015851300417076498,0.0014610746825337619,0.0014034505901117926,-0.0010873287682454879,-0.0028737052747300974
172.788,0.0011197153760122253,0.012694594255116638,0.007438008803445612,-0.001803031223613567,0.000805134715935818,0.023191487096445564,0.0,0.013138727154231136,0.008376462495389196,-0.0005939127447522336,0.010659426997063544,0.01688944777025457,0.01153067375480033,0.011199552667442162,0.014227610755532983,0.00177325073009689,-0.015088120457066029,0.012079247089424452,-0.0014583703402377417,0.00995284775781189,-0.002684632478114533,0.010641921542779193,-0.0012971569942711349,0.0313510292190938,0.027368195512902458,0.03180051688186114,0.06962497202059519,0.006258831388986329,0.0018342342540122079,0.0007197043270316915,0.0011489583296151456,0.00420013942178549,0.018887485551710763
173.277,0.0012239324979171984,0.009021110546800949,0.00500183112700925,0.08427397500550561,0.0010070491497488937,0.043134856388871164,0.0,0.012792556683868654,0.004888399980993087,0.010615480664243473,0.010606987670159065,0.00984449742266212,0.01310057579263054,-0.0011611890624224188,0.010885664161446562,-0.0022771558775482657,0.019460630156586535,0.00547263762826188,0.003748469726281652,0.0006961381322601587,0.0042995159298941715,0.017897406107311144,0.007943452791690349,0.026174848536990782,0.033421371393586065,0.028838079684915995,0.02915440980170674,0.036309041284114704,0.00019311745738991452,0.004139318471847988,0.005715573532174712,0.0007960139199946778,0.09919185722298376
173.776,0.008421122489399899,0.0008171645155420562,7.229133986755824e-05,0.14570114909682283,0.0002334075556267122,0.03590416236375476,0.0,0.017193236496118192,0.01098691767511957,0.017129110169161996,0.01067396858729802,-0.0020788087751329692,-0.008422398798404944,0.024267046583882956,-0.006632308257554339,0.015101226383340395,0.02538360099887352,-0.006284830309878758,0.0029170109397899198,-0.004921373167696554,0.04459843026276401,0.008654166286620565,0.04279048302483276,0.040748510774167565,0.03469926316563295,0.03226823197003211,0.003913500340427017,0.027008600050831243,0.0025819846702527104,-0.0017449174755137377,0.0009837753939512341,0.0014150045347850497,0.14094133141573137
174.289,0.018091175789374855,0.016453889073477675,0.001287491873929178,0.1261931977889182,0.0038619458455373926,0.003983898363859156,0.0,0.018240673252478336,-0.0012754555379187711,0.020023168507808095,0.01849942352489437,0.0014525622418978448,-0.004524952036075658,0.018055457856654793,0.020140925946115468,0.012930135559550445,0.06513116508512813,0.0135155754847625,0.028136477758055306,0.004335419955796728,0.04107327340670171,0.01876982073716717,0.03456996025701829,0.0424063086815587,0.03267577936976878,0.012380564774660277,0.0469433245464412,0.03513266004522125,0.0022520881535931475,0.00880598670587283,0.004897086982620071,0.005634186326422447,0.09308613628486795
174.776,0.005499829826812997,0.022803782384275797,0.011524304802406439,0.012800416476218962,0.0019545500701149856,-0.011795750193507424,0.0,0.02270571633453525,0.007827938142378362,0.00010630545158875011,0.02203162392555267,0.01935281662430028,0.03008111145664142,0.011347509126776255,0.01883743653542733,0.02342842940644399,0.027203680112914474,0.018850764707767264,0.01256835251443349,0.01935026996686909,0.013804090504988945,0.015936837544687093,0.0181394528747474,0.023020962250037254,0.030706634055746387,0.0006559751719170227,0.11402065380923876,0.015043145155712374,0.004961213703329229,0.0017906918814257265,0.003392227878683814,0.0031509404689847994,0.0357686388089933
175.287,0.014156944709061455,0.011344001215484309,0.015132432908645998,0.06395427187275679,0.0037360603008976946,0.049644676280848093,0.0,0.023341188570187736,0.020498432050839236,-0.0018801819324501543,0.018251363222803987,0.025756668524959257,0.03503844812171596,0.02411688381289145,0.036069216537644874,0.05139934491890133,0.037077532600929636,0.01925908299960216,0.01502616757213099,0.04728674343904033,0.019023216083242332,0.019715994805481456,0.019695234233422617,0.0280267270292705,0.02730299915765658,0.04854721679102903,0.07870445069709565,-0.006690590221394742,0.0024610249275853753,0.007013454028767527,0.006687679041676946,0.0032425930524665526,0.05333612649911061
175.777,0.020854618505256894,0.02712467370108308,0.0051385815055524165,0.12287683185338046,0.004645302257356763,0.057540210705270496,0.0,0.013054164554356507,0.008029089771796314,0.02560516871803315,0.018531743123659114,0.00529871631234604,0.010023530720275215,0.02867513029461837,0.02292426542973171,0.021714318058213875,0.03656146661575696,0.024843261043635732,0.03036145661634128,0.017872753513263617,0.03409366128186695,0.02577194285177062,0.03449963757502873,0.06401914666333756,0.006725809620366955,0.07461221685766042,0.05696857000248687,0.05961812473858191,0.004637462385902811,0.007048927371194043,0.006881210895811191,0.0072742460164040715,0.10297932661992364
176.288,0.013781582816290204,0.013776493285540361,0.003949992112393434,0.10687833382484052,0.002655867168875971,0.053005151441765486,0.0,0.025833163265893525,0.018357876979681,0.02380618795438779,-0.0009156896446006503,0.007418848838334237,0.0026691977906972064,0.037750841001574276,0.02032799666865948,0.011160449795990776,0.03994102660617352,0.00798501187161525,0.04107454215808011,0.024524470722764053,0.0367875766712832,0.014914429723470853,0.033724056515431394,0.04320988496798974,0.022637926532407936,0.03957911824247183,0.004286797103873578,0.04313013887566123,0.003646410757312054,0.004611319296653385,-0.0003194747827067509,0.00802867526879461,0.11652153611514343
176.777,0.02424792287379844,0.02209962387409852,0.008558451923093074,0.16258461400905075,0.006401438255820244,0.023676439153575757,0.0,0.02230922907214234,0.021010199850153385,0.016581909368511272,0.013394782003215592,0.01140290899675788,0.00972903343298162,0.03077174721723381,0.024580448525737,0.03642868077504936,0.03917803904730144,0.020426586651006086,0.048524305045590695,0.007058968813223094,0.046163871244995845,0.026119478133743046,0.04713640668024618,0.08410284790290162,0.05368899536871456,0.02155810055176144,0.05789430876831194,0.03407342257771386,0.005122973199184424,0.011205577725119788,0.008696946781420354,0.00660846432653617,0.16335316056715143
177.287,0.0021911637122811723,-0.0018520829185648799,0.00040030701480449235,0.11694085389527839,0.0017837084352713274,-0.03886861663426433,0.0,0.0017784914621472836,0.005569162966333819,0.014916627031934027,0.009770297643891241,0.0037335949829380654,0.0057675074353745566,0.019335827921017866,0.00022261504579021305,0.02220165322040316,0.02173679264643283,0.018607202969515027,0.007197169867235848,-5.423937851531975e-05,0.04059822810417666,0.01508001708651874,0.016265804054968004,0.03652747538707323,-0.0056181101168131485,-0.042825701341873544,0.01381066916026157,0.012660372937192695,0.0029210905876492894,0.0010506103227193465,-0.0011507283993787514,0.005913739363693567,0.10555211558543018
177.778,-0.0007486175444622743,0.006748855713723869,0.01084363790635115,0.05725383879804314,0.0010652790814738731,0.0019344438543196052,0.0,0.019297986055306856,0.01828467046298893,0.006104617491653415,0.004396815676193688,0.024884115675828662,0.02910435840648006,-0.00889546313742163,0.010995505331420134,0.024971646557378848,-0.00755671936748966,0.03210121608303923,-0.007953039041640568,0.016301520306413863,0.012096869077960572,0.012730377659413107,0.009014578486318387,-0.008529652273374898,-0.007579255916374505,0.010231577754990414,0.0415134379803422,0.008537567590432796,0.006339447426910634,0.0015671847510205846,0.004583146128121794,1.287988355816129e-05,0.07918003164729608
178.279,0.015438746126235064,0.015991003991678188,0.010398325915201737,0.10614930967002788,0.00447391409817733,0.06374405814040875,0.0,0.01934513001454879,0.017055721954044523,0.021035453786988175,0.011359323628414153,0.014920345300350376,0.013731291938446948,0.015957608476224523,0.027074246640876615,0.05049978400696718,0.04053028649350403,0.03507036683778151,0.036367520992797275,0.028285630861470873,0.02106256133371212,0.007397372536327406,0.024165043469069593,0.04955947416969813,-0.0004562038431146521,0.046195191904503365,0.034132933863164405,0.03038273237386952,0.006172587092897559,0.009096615934933603,0.0013414680464758147,0.0060154889305410715,0.09702192853960837
178.776,0.008270346377408195,0.010644093157893301,0.0047622667959994446,0.14229471671772786,0.005516956600193338,0.03825365793990502,0.0,0.023896587164847945,0.02290786324590875,0.03181370970076619,0.01156685977744672,0.006670679264512587,0.002852274248701311,0.026152225069906002,0.014695057444381134,0.01990970890345428,0.014544063212588313,0.04017141533146281,0.024004954069773606,0.02913351887115497,0.005001132775688507,0.020488833426192673,0.010883064952515625,0.04513232023535439,0.007995531410470491,0.02322519970424214,0.020675530826244466,0.023048694332738106,0.005473837914143799,0.004362804396098861,0.005647725737939847,0.008733182731311394,0.13651924249568012
179.288,0.0053470961791030076,0.012139483970564618,0.0032245586840930146,0.07617501475542743,0.004415424029734608,0.03704390625341869,0.0,0.017579128492974425,0.011788242572851784,0.027379951510392894,0.014199192322016593,0.006464624639833947,0.0040219870831460685,0.04450769960264355,0.01619081797729942,0.022538591747443527,0.02614071061422519,0.00034839867172308637,0.01699762221090391,0.012650551337019542,0.014342110150012534,-0.013206286815553947,0.005112230078074119,0.029496696283875048,0.014268561513245997,0.02737867819442997,0.035133730181418896,0.029251090787237248,0.005618153597117927,0.0067560539127950875,0.007269313399696638,0.004878262048794747,0.07616970510172405
179.777,-0.000609123353373817,0.009725826089579483,0.010291087785099401,0.034106955383985324,0.0037718191400847923,0.07648364020672602,0.0,0.012778797390960626,0.014208175277761467,0.012731500339513108,0.0065235723644130605,0.014251219655716726,0.033289843484924295,-0.0047563952835416035,0.026076702756811065,0.0122493091600961,0.014405881002750138,0.02002794954405377,0.01252144596429003,0.004945302894450673,0.017098506769827552,0.023230870608900837,0.01402748144635756,0.001119931543946563,-0.013407127584909511,0.05952052885224665,0.09202456593677807,-0.0009426822659398466,0.0035272032092972146,0.006936603061754392,0.000553852545137407,0.004206702013432774,0.02024400329997653
180.288,-0.0028154774399999838,0.020569117818146732,0.010017366214539367,0.047563314360388666,0.003425796034203194,0.00861311592002557,0.0,0.010094307814583314,0.005487046065159604,0.0038338235281170415,0.02233676735187036,0.020873614870425532,0.03095567647119849,0.0035043375583852614,0.025948836785714028,0.03804888377110921,-0.013110322521926057,-0.006976510973537539,-0.011439605714398542,-0.0002081612368730408,-0.0015254695206257359,0.005315910617698817,-0.007461362960990902,0.027389409969868297,-0.001423356342281954,0.012846312908315118,0.08552573971348797,0.008922776523549438,0.005687728313547749,0.005413742763326388,0.005227622982921353,0.004801622840061493,0.06335050277194136
180.779,0.014540946694391703,0.025399112286748838,0.006235241330596015,0.109121473067957,0.007443247364262413,0.05520311096170439,0.0,0.03566183666783513,0.009482674260180313,0.033795552284697244,0.009316318758770335,0.0057198070071462275,0.009149283012596503,0.02438067773864192,0.03208960880359006,0.03369900620559441,0.03862405842436609,0.020317484198346558,0.01805010077825638,0.019859383322311318,0.025153635876650305,0.01702199449045807,0.023141397731414055,0.04702242088510185,0.018157372753770103,0.0483417658366877,0.039716866493532975,0.05395298853889251,0.0025874714673734056,0.010750255089857138,0.006599560865450387,0.011091783046811445,0.09384000679317175
181.278,0.014444253566727558,0.012903582761156863,0.006048240461647004,0.11581851252179201,0.004240915336419172,0.08898745252150614,0.0,0.01564891310846952,0.011950598365508068,0.02300409486544373,0.019685361080122324,0.005217864964085593,0.006628752223615062,0.007547598333616818,0.03420055290535429,0.023413023972969918,0.04137529149300575,0.025446917192437253,0.015172789011884387,0.0050346102081940515,0.03168644215172172,0.010814255606655528,0.025404787606780856,0.03896995134838839,0.008800129381676567,0.08238388894184086,0.049307678207620054,0.03207147198535186,0.0019525132565077993,0.005346449392853742,0.005071697217448665,0.005860853233796817,0.09150900888819019
181.776,0.003550840760796214,0.018099311965711948,0.0036227273110091504,0.13851300414780568,0.004179130792672568,0.04294458696058936,0.0,-3.852306607416924e-05,0.014474863584022371,0.013962795054049945,0.005651946738923271,0.008162428627394549,0.011531712954645418,0.0105500431227695,0.031966760504199304,0.0036790371871294673,0.022840342001622053,0.003837102191913343,0.003530333580942261,0.003968552517511544,0.017263192118260183,0.0038637285183678164,0.027031332935306518,0.03762216715036172,0.024969043212917513,0.03642577293601156,0.07840800314779688,0.00683393113334924,0.0060426749243083725,0.011955940014528283,0.0036385759514361445,0.00692045031218816,0.17678873592857058
182.289,0.012909299876017771,0.021622282283270955,0.005895533869622098,0.16776404837695535,0.0036670045261144556,0.017800734051595126,0.0,0.010831800159905581,0.006332555672338624,0.01796270911055872,0.011810517993123312,0.009572607813573232,0.013663704998623004,0.030492562009582013,0.03930646157126675,0.027060597818387683,0.027884075079158695,0.02362430983316089,0.016964924588190416,0.01655112583395021,0.02722562326700318,0.0051023527309689435,0.035883579604528815,0.04547637370228979,0.03438039359081199,0.02032189939589979,0.07775353929196555,0.005280111606831458,0.002861186370426365,0.002191485681266274,0.006895271495989312,0.005744535229295077,0.20766593164741406
182.777,0.007421409798534624,0.020522744592924316,0.014955993339743026,0.12855996369710074,0.0036876362619533156,0.037752130385912026,0.0,0.009151025116165347,0.01893398499622815,0.012582289640230013,0.030925158598705153,0.01906975412942868,0.02687619495295811,0.01792576487896093,0.02944591190818699,0.013925808162169054,-0.0026740702230294527,0.027462986567306197,0.026550229447840207,0.030918278645214816,0.005227134616332762,0.02299113560610316,0.014172232538820898,0.014113424627019377,0.039504990764604904,0.022574449365431716,0.12790174831375653,0.0076981084118440115,0.006949088263453731,0.004709527349349345,0.004278913811671555,0.005205321162898523,0.15026262156488188
183.278,0.0006753582941071471,0.01857950744095007,0.0056231555244352725,0.09193260380128299,0.002791468324252086,0.034213731419215535,0.0,0.017097315317341728,0.006554914244336517,0.007527886691995256,0.013025091933355281,0.008831318953583677,0.01002425977764708,-0.0020836325762780845,0.0008510843922186174,0.02446440581060254,0.027075524788503984,0.02128740968032207,-0.0048021984017439035,0.016100470501746622,0.00930997878676469,0.004849799285844579,0.0011913411438668608,0.01813663701448129,0.009295763426314533,0.025044126843801102,0.05506905833046139,0.021876106911822304,0.0019121528186093544,0.004575573497653366,0.0034194781788197282,0.0050388928279916975,0.08764548601652707
183.779,0.0012683436916398796,0.013282202055955634,0.002185982401546997,0.07353011952917969,0.004083501100874908,0.060361768213509456,0.0,0.012380834654286462,0.01314592410896573,0.01796084371663254,0.011020473749973999,0.0013740273122773783,0.00015891022423922786,0.018253616503018388,0.010255206753824445,-0.012582761690934672,0.015644354872505144,0.010488111260426548,0.0006954743017042954,0.018364663736503545,0.015129404692877614,0.0009814566855541461,0.02651892813131724,0.008295255940139919,0.029312918528901576,0.02691649587349851,0.0200267451548485,0.029698236013302213,0.002755518468314855,0.010556871363996884,0.0016235920400689368,0.0025376055647577467,0.0727500492994699
184.276,0.007061520987588513,0.005464264822302336,0.0010161044461587203,0.0813678183967357,0.0022346544962990596,0.05167577938654759,0.0,0.01818899531366024,0.015053501900077192,0.008888485247841292,-0.0016437163374051459,0.007853108457983317,0.0031589612480977677,0.015185256628454647,0.008166027926683393,0.021400348687847418,0.027081965949495784,0.033846407671532505,0.021864448610664264,0.00017437506653793935,0.02021273774323126,0.0019584931653652345,0.01025539096371508,0.027453531713141233,0.025246645702627125,0.03772619927469822,0.03044912324312472,0.01123531019257676,0.003227428904069984,0.0033087671707824028,0.001466317989504367,0.006086234789038778,0.0595688575400025
184.777,0.018727600386266263,0.02103392682349775,0.010117186797072691,0.0849176134345462,0.004429348525233818,0.07629061139679277,0.0,0.026324579381644845,0.01872349112204216,0.020223586928120967,0.0109823119099124,0.011103441731562582,0.004656174498245095,0.025364175557942816,0.018352665644196214,0.027448036849849512,0.044548804894439374,0.04876864912278151,0.022310791611480665,0.009581101565788045,0.03754957738198931,0.011229114246659191,0.03347236357196917,0.045089663664082826,0.05324717819196265,0.04673422480261914,0.0819100246632592,0.021428110683597918,0.009566861652098349,0.006315272725874992,0.0033057575678403926,0.005271565578595219,0.09042321212657026
185.284,0.011335515184093465,0.0001821368903948067,0.0031912041773430786,0.0016111976117399462,0.0015081127078201348,0.05325325280590867,0.0,0.005806320560982321,0.007885964478898538,0.011346196818593854,0.008384680254609027,0.0026802431978071952,0.00413269643933321,0.026546763153751325,0.017833710421136774,0.01686048362736777,0.031011920596145597,0.025739597696986985,0.02989554815834222,0.021853101124287823,0.017496359883181743,3.9943373904185364e-05,0.01600887655140422,0.014406902435584542,0.044855110062055205,0.05530226858850878,0.021006546846348395,-0.0066530429225374246,0.003924937926770892,0.0030386570151146853,0.0018152275065002861,0.005057449634080054,0.020121165324497862
185.777,0.010138940399239604,0.008116053507736223,0.008239671960851406,-0.001888294446209971,0.0030871264605559974,0.08548461024336511,0.0,-0.005881610957665793,0.017256472901674882,0.006263634757888178,0.00948250387247866,0.01746341366753519,0.015378670573335109,0.022533767726034142,0.039997963280623654,0.017602409251129755,0.026035636971248232,0.020616318705664168,0.020141024484983495,0.03945859157376514,0.01376038883150139,0.0022423306624411317,-0.00040670674019866517,0.0005596070940867576,0.04531343614287695,0.0627830341527059,0.04185972676645964,0.012228277517166758,0.005984921064510656,0.0037169406097450957,0.0014489036365633457,0.006556990626970104,0.004872028226261912
186.288,0.005747398830033087,0.005581323920103023,0.005339241745106407,0.0033711362165218437,-0.0004347899507091091,0.05816704926223575,0.0,0.01015714691086567,0.003968166126469403,0.00854196711511216,0.01209236328119443,0.012756308276123889,0.010577662133575253,0.013876503083964311,-0.006401481887174296,0.022901924436232575,0.01632427802488468,0.022188670692159164,0.0289912212192787,0.0042197629588152565,0.0023322384051715802,0.010176644270092561,0.010483015146228573,0.00399482619610349,0.055899853254425265,0.04690124087300506,0.04460086351393433,0.004511748011277285,0.0013615572067033725,0.00460791423238795,0.0010979398618828973,-0.0014034622263038791,-0.001347063138678626
186.779,0.01923118708895468,0.014446300330418457,0.0015692856492450606,0.059079091966664735,0.0029290039585559502,0.017340796887424875,0.0,0.012576172203208546,0.01628746448197926,0.018235138235391017,-1.3753668247319615e-06,0.003177794225832156,0.0020835994275750216,0.04606174321129841,0.032854760250548634,-0.0007038211251271406,0.05762954260131732,0.009718265479781458,0.017215867060667932,0.02203641530866465,0.026176295305879328,-0.004012410543064486,0.02457183158327888,0.05406838419100411,0.03644883660307875,0.0017610394929464517,0.002523934100551377,0.03745818345221763,0.005351656048329842,0.005810538067409122,0.005919955491093783,0.0019520095003753863,0.05613105378778115
187.277,0.009496647698872039,0.015579147693595018,0.003541292637990669,0.023605287932048587,0.0004561856420573966,0.06628658878161305,0.0,0.014981161936073795,0.002767692796573086,0.012049001542001763,0.004384328424600222,0.0021205086572523854,0.010744718925562904,0.013179465547464747,0.02038943231198261,0.02040407165360453,0.039840825870449355,0.0022267844382918797,0.002798469147966068,0.017143170009471267,0.024836202818117083,0.016255288877629843,0.024585548097757513,0.028337604588001282,0.011453163950446238,0.04853757312134303,0.0742668714005965,0.006017515507200539,0.00020446048535786737,0.003117661313030224,0.001898686069375826,0.0034732245503706774,0.037688514459029855
187.781,0.008043681276662738,0.0297153504802166,0.008601313182070774,0.038919841309246236,0.0006589916756344688,0.026731749590607434,0.0,0.01718570756768018,0.005491626230732215,-0.0002693453822084074,0.006272200053033062,0.013533760179607324,0.02261314198378888,0.026662131331606324,0.003725019804590788,0.023662468245980464,0.002529268233343978,-9.477221005677659e-06,0.012347364603962236,0.026475901489337095,0.011836763580096157,0.01229803630476033,0.0035781191882276507,0.018583715590229102,0.03722442971551589,0.021563061972879626,0.16657376456348105,0.0011417483176197338,0.0008079722640041207,0.004813685162950609,0.0006247816891691125,0.0006323110676248699,0.04096988452751543
188.281,0.01009619934073763,0.026812423668930684,0.008554111557239626,0.044577175169366774,0.0026440900111117755,0.06315513750084562,0.0,0.010643724860447339,0.01731008247495907,0.004831719716638269,0.009248628768497339,0.014171356832270767,0.007581305437589745,0.03936239636305845,0.005798454566003641,0.021529529665615024,0.017499426545133524,0.011083433819937807,0.0247151424557897,0.025374198342159704,0.008956066742403594,0.01780572845194081,0.022905602424075834,0.017280174596941825,0.007011598712021724,0.04537944743728255,0.09181326273666589,0.03039040322986796,0.0019755793905693784,0.005035208549328238,0.006403549986679032,0.0020511143336859913,0.039464221145620905
188.786,-0.0005423796346372564,0.01055607368965778,0.002333738337632656,0.10475485410007149,0.0005534052177828956,-0.0034964895291308244,0.0,0.013254660748467916,0.0020396996034653986,0.010636070607720994,0.006912713477489111,0.003857436325041616,0.01009458862664655,0.013376259670961312,-0.0010378306934048483,0.0005991501751465805,-0.01581655730087837,-0.0013439837305656349,-0.00016986144949074927,0.012101166095721426,0.0005863026619779132,0.0014064559836066053,0.0033966616868355563,0.01697162457853986,0.013308045331808039,-0.03710968727616583,0.04156804991586902,0.018083620535916178,0.001566763343994859,0.0068746277860628315,0.001290305081105668,0.005261673344944738,0.1037807349736775
189.286,0.015989553646651368,0.025446850149700793,0.002695825878362755,0.10588077213643007,0.0029040989963034325,0.05782454674071715,0.0,0.016837623852036954,0.013331391243723274,0.02090196124739573,0.013985065197376469,0.001140254978837486,-0.0037365421725793794,0.0437935780639425,0.01061805032628686,0.0019662608282885507,0.053968808847212904,0.01825008967255755,0.030524241914547518,0.014947488242967693,0.028037985993383717,-0.00012283889003994044,0.024939266398404734,0.05469639071631327,0.014924575873054253,0.01980013082330015,0.06753031567088937,0.04614926040886581,0.005378342068811232,0.004259153338588125,0.0031915085433115616,0.003776064546920171,0.09559402459349582
189.787,0.002941968448362433,0.0017769207882783055,0.0032049139821224517,0.014904877452446095,0.0007179943441859924,0.0003899101707470157,0.0,0.01604809285726494,0.017637884963267375,0.013125551844536619,-0.007145564735813361,0.005470433860500019,0.0006262672956450637,0.019511186118065987,-0.003825046583201051,-0.016252874135182917,0.04785495036330136,-0.005548746646722762,0.02067658558739474,0.024855089052463985,0.0215448997924209,0.0018358050381396898,0.02876120090886303,0.028724612091607815,0.017405967916140963,4.831920629009018e-05,0.0456243212165345,0.013175761867594045,0.0047134355549792095,-0.0009030809161716517,5.253575647694375e-05,0.0037380866934913124,0.008529392064535546
190.277,0.004145838850196424,0.012232774676275425,0.003919277584593571,0.01131275614029724,1.1671179151435368e-05,0.05097218116032692,0.0,0.02243755009814881,0.008805653005089587,0.0030485589664558986,-0.0049863594501660035,0.009878737262316518,0.008393288896178174,0.0006859314607918169,0.010359552851928409,0.0032356934954925107,0.030768968880736994,0.04298620428993785,0.002128335642279093,0.019993413406206237,-0.004308914119784877,0.009486484536479291,0.02010778545864806,0.008535078354081481,0.017164430856312703,0.04443725893569049,0.030389814463291226,0.014081334488507078,0.002211034793866141,0.0031654653178710525,0.005136559968237279,0.003039294871522473,0.014856989124553448
190.793,0.005934441786345993,0.0038652784487559545,0.004365994443038878,-0.01611631415028294,0.0008329067976746072,-0.01381921859549727,0.0,0.009689819889946064,0.004692048995607638,-0.005202457197798584,0.002913378151949545,0.012003279421320902,0.0035921854318527284,-0.010568290406507717,0.006048427576939103,0.03467299940990442,0.01897335026423626,0.02860369932798729,0.012148461409970874,0.023548717015969795,0.0021249456836823595,-0.003904201578406672,0.02579600036280727,-0.0011811724233606246,0.04338005975866003,-0.02076657083904666,0.022106006171024158,-0.0025268418997889245,0.008176789911961614,6.723078132466701e-05,0.004121626848353655,0.0026473142922246876,-0.017227447518487413
191.278,0.012344233854029213,-0.004886369806198024,0.0010426046290121242,0.07234968264810855,-0.0011316113069926746,0.03974591709923063,0.0,0.0045654505635215935,0.009149764378136,0.020184523677421806,0.0028543543774853363,0.004229684507421325,0.0009675255595652234,0.010422535702348586,0.004872237006643574,0.01569809663394366,0.04744636048690629,0.017115631393530936,0.023514137690968006,0.022512706545919497,0.028832093873580676,0.019926386063364027,0.04400602907478887,0.02931061175776221,0.010219542780072902,0.0042269299505678475,-0.020238180273799207,0.014705963743435378,0.003127080899055811,-0.00040459938266895567,0.00012256021418547802,-0.002557689888021659,0.08599363386915058
191.776,0.0034123974864484615,-0.007956660334722273,-0.0025349279323164386,0.020741731611564725,-9.920849642834417e-05,0.05915612520145295,0.0,-0.00021519639994178614,0.009341712819087621,0.010127912460012453,-0.000772181710052398,-0.0031184734754559794,0.0024589390000437626,0.008560867668977077,0.019650915169410497,0.029535677041654468,0.024866987054938068,0.0056004967890018326,0.006544191838634849,0.0058067401678625315,0.002381832955644598,0.005300722933392487,0.01358863438452968,0.012502514169349235,0.005094328544001102,0.048924336985843184,-0.02925902336710699,0.0038483242960827874,0.004829187813276327,-0.0017219544189517762,0.0010342656092640645,0.004566266490756683,0.026805907927044053
192.276,0.016341936624886533,0.005390048144816272,0.00620554951695281,0.01742607309399551,0.0031381461020223954,0.056256057606637884,0.0,0.02958743698071475,0.010560697335496375,0.006994405075119917,0.0014643359934363408,0.007825950718101915,0.011736220664809664,0.037159408240584495,0.017555019677456783,0.006654388620663667,0.05441476343977504,0.015255646105837205,0.041970611405643087,0.010887359818312795,0.010161007131098175,0.02367062213970636,0.0217807940277135,0.037603703621352035,0.0016269344116422355,0.04006819443881371,-0.0008656044964428244,0.008737204874375515,-0.00036708393606226,0.004056655976551388,0.006811092515472538,0.0011730881003089754,0.016560701568031824
192.788,0.014107739998815708,0.006102934904379003,0.008180639790654193,0.03326903239635701,0.002742780594997686,0.060981120327349994,0.0,0.034400585296633854,0.010395913118352655,0.0011374508854172874,0.0007172656936533816,0.012973544763010119,0.017468787733064216,0.023965854257264847,0.014419573927909353,0.01531322007190569,0.0489673035597212,0.022588479149957777,0.013393515647338476,0.03186300007172385,0.0032477365222702333,0.026589157040399984,0.011529164498906484,0.020480626172290895,0.008074757382822297,0.04778139686750822,0.02950996478348324,0.00233698315828532,0.0041878050412296605,0.003602156552664783,0.00852922382821376,-0.0014180591931500456,0.022304775039542694
193.277,0.019073585944611584,0.01478895204341323,0.004733045408463789,0.07021730602954475,0.0007360073070620828,0.03911823730966583,0.0,0.0280075421025074,0.010097003374586019,0.012390028079399026,0.006070955150048304,0.003945112815862885,0.0017662431932721273,0.038699984517178154,0.019230383733988398,0.024049857513693384,0.06019607969575703,0.035069602822345176,0.017189061052839356,0.04047629223683121,0.008219757488919663,0.014581495177135894,0.011052095594427404,0.016753228950683482,0.04222495567999084,0.05424407304138231,0.008485234611135825,0.0373990757215556,0.00112166710207053,0.00547052503318761,0.0001457476099424388,0.0001919015773972702,0.1120902208456637
193.788,0.01584260266455063,0.014611812538482568,-0.0008643920058699877,-0.0007385602235390051,0.00032060967636679283,0.050262495690778716,0.0,0.02142637157764855,0.005794768418150455,0.005647923520080156,0.014854442234641975,0.0019397784966892193,-0.0015564420891034322,0.015121262524994145,0.011549281602758366,0.028457206669153457,0.05160840445144676,0.02792807386883496,0.0414843599677944,0.007548801610743292,0.010151888798987225,0.017458327727834684,0.019901389863824715,0.02799215829308712,0.027193645591530143,0.031452017934628346,0.03103824513495878,0.03812159384408229,0.0042056929671351944,-7.844645957890961e-05,0.004010261401953618,0.002855632421694512,0.02903350369054838
194.277,0.017971674469302153,0.012211097226988049,0.003805021236117995,0.015648557885099376,0.0018375438890386292,0.0481579107586381,0.0,0.03249695023404986,0.005859744170476116,0.014828536671153275,0.013813002582579415,0.00518187862638217,0.006415900448408593,0.021051219035257498,0.004961782964177882,0.031418696999939016,0.05859141763950612,0.021388559763203512,0.017223725239794582,0.006474768903726349,0.036508390187250724,0.033841068291455126,0.04013885544030723,0.029328953959450413,0.01899499416531403,0.04156440820613008,0.06349115323023097,0.0009432256427703138,0.0023084551635171977,0.005646208066281315,0.00190676039281744,0.001826895255441262,0.04733588924527156
194.788,0.024482918888125153,0.014092186153161448,0.00986095649733427,0.05050607978445171,0.004719173328733171,0.08005116788098804,0.0,0.02185399461122018,0.0112544918074399,0.011367678671661994,0.011524942323144318,0.014760993453959538,0.011124677291752571,0.009543292654881248,0.03345073297955683,0.039251586980978,0.056776730914373505,0.04226054809800589,0.01840953378213605,0.018026434494333488,0.03809927785765283,0.031151821092189065,0.03816161996768537,0.01926893335058379,0.024195169492084594,0.07715448620301507,0.04883714370556346,0.01274030022475994,0.00754193469298685,0.0077858010777956356,0.007853321747256009,0.004533263627449521,0.046877345723103134
195.278,0.013518225081344684,-6.0728273594519184e-05,0.0053233959995394745,0.03133124760718872,0.0010172972882395693,0.049194172963186275,0.0,0.029913831499776507,0.009028082159587149,0.008628886962997191,0.013659218375698478,0.006900687605485232,0.008187123048229166,0.017731930646350536,0.029963321497392816,0.037100028725682445,0.03842915416415769,0.018053786808990765,0.020615055548356083,0.010617192533490282,0.018727290314449568,0.045121837756145367,0.0033032689707365886,0.021202853639879837,0.025603570972364428,0.044334594449426765,0.0012704330154739373,0.0024393170563114614,0.0031365345465795454,0.006873553008681611,0.0032505394136894336,-4.112627641219802e-05,0.015210683468325338
195.777,0.020110141038633386,0.01548823570320385,0.004829016786191274,0.005497342513526605,0.0023196519266092544,0.04098109412948987,0.0,0.02157008296902502,0.007454068408178379,0.01630166353914125,0.011337223079732941,0.004516337448107726,0.007473953971551897,0.011174531691554771,0.0334654946031148,0.029578197185951307,0.044627608945635076,0.010035506348487882,0.029181645306521932,0.023483315973847948,0.02885082666388054,0.023329386411544036,0.028747821220247466,0.03444070057652258,0.02728274301939777,0.026970784785594816,0.042399970283380745,0.0251773336040582,0.006834389224158841,0.0033789155303496944,0.007490751476000127,0.0006906602358184459,0.025295343066488358
196.278,0.01683180007432356,0.0023226978211550106,3.1059718777480354e-05,0.08074146836041918,0.0018204076632054298,0.01570974713029726,0.0,0.010011676983090146,0.002429234046665435,0.013440136984797485,0.0038566369877302323,0.0006202266340762981,0.003407000260282808,0.02099205633126658,0.026496607242352827,0.031558924113699455,0.03622954805368374,0.013405108442814508,0.035824192038278684,0.0065936438504810594,0.04035670680698689,0.024834866921386763,0.02709612913695845,0.03683471652514717,0.016941758700345953,0.011576727419052843,0.012861357987192188,0.016000628396652377,0.0008608966832137338,0.0018949924983574533,0.0023214633980690436,0.0037931208802287173,0.08024238009618823
196.775,0.017031245693681363,0.01695412635975557,0.009346769582516092,0.02503768780240098,-0.0008305499191729868,0.061467213350626076,0.0,0.020886988078434005,0.0034768973897215893,-0.0003714916762289672,0.018903588816106258,0.01421791649616165,0.018382316970020844,0.030549976423500328,0.02480873297746874,0.02364423011849365,0.016485915533934817,0.050138520305618495,0.024509439263043466,0.01414642857668238,0.012014894133420525,0.053155827495045334,0.022844718131468888,0.021351941319392997,0.028066274442538404,0.05174163536405553,0.0695696414846141,0.005377368774809176,-0.0015549375731033713,0.005170366918326688,-0.0023041471134575948,0.0006448679638564062,0.027719853581855664
197.288,0.01284821495939748,0.006719258823518107,0.008797308010272053,-0.03425126559891304,0.0009083370831965872,0.07823422690300044,0.0,0.005239808725147899,0.004694790800108484,8.443277787699889e-05,0.016622827218264618,0.01219875192043991,0.02330947207360114,0.008891312319433341,0.029209949353767826,0.019891445990403645,0.013188584298017558,0.03018609822361959,0.03467830833483948,0.021400682440468017,0.012463581040752906,0.03491613176685841,0.02211712399581392,0.012593949675390187,0.016498330329521742,0.06330895653377205,0.06046894463032161,0.0036085350652273703,0.0035310772299965766,0.0058453882404220555,-0.0005199482883935062,0.0017061733657991515,-0.007351825594924191
197.779,0.014217777801471343,0.007029936044917904,0.0027586470647655344,0.06803688918390466,0.001718200699510753,0.08311587009301856,0.0,0.011284964737633876,0.0018296871926731454,0.008714215618476509,0.0013225240104511207,0.00196560213047086,0.011578673472595878,0.022686931181329504,0.023999484031559992,0.021253158435486065,0.011911771241257158,0.013978516737892488,0.035974748050744486,0.03388075591051163,0.011412232824791646,0.03836705913674818,0.019138112883971842,0.02809801100451269,0.0061711261578903725,0.06507166440285143,-0.0034935743493345215,0.025172649064636357,0.0029410996075454753,0.0019755263387383286,0.0034062446169060194,0.003640805593132554,0.07012563314344718
198.276,0.025220922413587317,0.012458096274048217,0.0011657885374311409,0.06348359727700197,0.0011680009563848582,0.10260901896619838,0.0,0.001721129114591781,0.005694172963309134,0.01567229980936342,0.01668283641649824,-0.000515653339598297,0.002363810829686783,0.022444487006746842,0.03203155876553145,0.023255768055664667,0.03800634429205069,0.030455406260868362,0.06108723198075148,0.02742745268452819,0.03795238383237806,0.025478268303276347,0.042108926627451165,0.0331869270883649,0.030261175737484422,0.10594358046839474,0.04410923144466954,0.03297728194736652,0.0009415904530516209,0.0027994626947370803,0.00534568462780413,0.00496689658898485,0.06701914613185708
198.787,0.013395229217902618,0.017056549485782224,-0.0005457512171594217,0.025375091182392243,0.0025315414388131234,0.09181639080585696,0.0,-0.00994612505502827,0.009758519984389882,0.024683912341329016,0.00867347180345391,-0.0031719174850960855,-0.009230320948962806,0.012038366116447926,0.02176538385584466,0.012956142007769409,0.01978029357961163,0.03896073607656111,0.04313201900467923,-0.005456827525716286,0.030155902759363636,0.02798286588169137,0.03280510559327399,0.02574445603913406,0.014628196053838754,0.09778478902951115,0.02336684543117808,0.03386786801918632,-1.1813349418487115e-05,0.009317345094426135,0.005451064518166483,0.004604211285378361,0.004792780912453919
199.278,0.012418188810536466,0.019176781668238236,0.009067984999954612,0.03497646506753385,0.003957294725008401,0.12068033439956571,0.0,0.008613002103359768,0.007379387290746807,0.008241481686329544,0.011022249827226256,0.01383071421750837,0.023600643961186316,0.01800091348748361,0.017696584711563674,0.01859540070977847,0.031623015002294294,0.022726422944140182,0.009529911937183546,2.7027875366816523e-05,0.019714566652751352,0.03915353957779981,-0.007989702263876564,0.03299428473335748,0.03920503726404343,0.0983220442832177,0.06623286253444838,0.011859097134073727,0.002848510527520265,0.007672901752169061,0.0031153208228199003,0.004452110187764984,0.030665439066840022
199.777,-0.0007721372111286252,-0.0011611215438460942,0.00604524446378556,-0.048352700592833336,0.0011516525192463941,0.07065800955764566,0.0,0.005230168147082465,-0.0040165325390728165,0.0038970009929768933,0.010249820668710885,0.014168306507749482,0.031038276317389073,-0.0016249814223519964,0.011817739961228773,-0.0002604457992302756,0.00021779276913819459,0.01777360432061157,0.02601300578789765,0.015781312502860342,-0.0005109040749443962,0.027260199184608428,0.009899292444029697,-0.019290339217466174,-0.005936667239173216,0.06047663583906254,0.04556063660882809,-0.002450090179558809,1.4766715847119981e-05,0.00822963197349692,0.0020996273509486523,0.0023295907114283827,-0.057577384989060246
