Time (s),ROI.01 [],ROI.02 [],ROI.04 [],ROI.05 [],ROI.06 [],ROI.07 [],ROI.08 [],ROI.09 [],ROI.10 [],ROI.11 [],ROI.12 [],ROI.000 [],ROI.03 [],ROI.13 [],ROI.14 [],ROI.15 [],ROI.16 [],ROI.17 [],ROI.18 [],ROI.19 [],ROI.20 [],ROI.21 [],ROI.22 [],ROI.23 [],ROI.24 [],ROI.25 [],ROI.26 []
0.258,0.24501727358018047,0.013487292844360368,0.049563407045811685,0.023018344141428726,0.13230485821969032,0.012115593062473576,0.013531166516370012,0.04441216504185438,0.032748257573452184,0.14870959587529736,0.0071947632886863785,0.0,0.04017448748513716,0.02814699297610532,0.03408954170299003,0.03754829246297485,0.028670669494378884,0.02837516750849961,0.012744112037983306,0.06368357238494825,0.011468557649611098,0.10691288341141786,0.09822182259967199,0.07390919335174305,0.4012179862951188,0.17423658186102295,0.1546159894088346
0.778,0.21753967486016973,0.006990194063718783,0.03999185522611964,0.013953992677830908,0.11578688482293559,0.008532741773347428,0.005836621056494503,0.04522498747369472,0.010194985565882648,0.07758886333565336,0.005818824398536468,0.0,0.00798117487871919,0.01908002915822875,0.03346522516660085,0.027841030541669632,0.020361732201404685,0.010869254117014822,0.008487071838740935,0.046904844503123946,0.009441699989195872,0.1358141264600838,0.07593340242894829,0.12561925139743743,0.12552974602814918,0.180479653081702,0.06420031470360268
1.277,0.19172013336092802,0.013014365116005063,0.03475979137202959,0.01955207006576736,0.05993461696783627,0.006840759776988094,0.006214967444484016,0.02527027403933986,0.04026871790172554,0.07778132551448334,0.007972903270209875,0.0,0.031841345246063864,0.02002783602210732,0.026185736159285652,0.027901638085860846,0.01931474914226723,0.027338610633439175,0.01885397295835569,0.11351220643989116,0.006222205272908813,0.07669419755642568,0.05802773465531261,0.16124331380246076,0.37941833370329775,0.16066613911144614,0.07915567571919657
1.777,0.17497603376998477,0.007782613867278393,0.024787154977398803,0.019390780564554073,0.06454855011304925,0.005445724841566734,0.004221442019611633,0.025416407429226396,0.049286156548821895,0.08526517227393379,0.0027222205766665192,0.0,0.02524980731146826,0.020912536207697348,0.019274058264432826,0.015401935384712327,0.014512051650157353,0.03533299938124376,0.023348402141814252,0.09596977845400365,0.016953780804286937,0.05644778014751554,0.019649093296675035,0.15498838266132012,0.5246854455798152,0.14367236367254213,0.1173470185672899
2.276,0.14850815650980762,0.004435995468299078,0.03460103804355661,0.013003090871243085,0.061988878312897615,0.004719109557701366,0.0014557375820099389,0.0027256612263431867,0.037895949082446714,0.06558145793754414,0.005035360683353894,0.0,0.022358026803501015,0.0044878213764434245,0.018011245333193003,0.01735049247124415,0.01936038220885715,0.01964760580413923,0.014295796075799984,0.08727796774688652,0.008823244119688338,0.081458149197991,0.053321837167801076,0.16402649359353544,0.1972905976895948,0.11632334474231734,0.053345425391786404
2.777,0.13768635040492477,0.0026773673864489518,0.02207338558433769,0.009061233428852532,0.10803587018962149,0.004552259834423346,0.004880568187126313,0.03344373185848266,0.019158218398049646,0.12688671128593343,0.0041867543294354295,0.0,0.007030724768150183,0.016823967495177207,0.021875949630614476,0.01705467499307578,0.014797526142468138,0.00798313270386839,0.009341034579135073,0.060013853635103385,0.007150368810775619,0.027408552189300783,0.077349787541454,0.16912135940478498,0.27130897567409956,0.17937499331565812,0.1418065037495607
3.287,0.1253810888996345,0.0036989313359283146,0.015283844813562803,0.009260787659548478,0.11039777791139502,0.00362571920566975,0.002473281241179995,0.03797658896983117,0.0170027655560931,0.11762230451004281,0.0035499659749809774,0.0,0.007991427204598944,0.02117728558101154,0.02408231912107755,0.019289917603686934,0.006149023973143692,0.010384609421297514,0.0032503728573456078,0.04242722436819869,0.006732898624580921,0.05390098309526141,0.04765408941944746,0.11712190849308002,0.6006532992992338,0.20693067230796205,0.15003146695796632
3.778,0.10687186089264676,0.0078708954419633,0.02565314681971426,0.015839508063858497,0.061086843983147135,0.0025592935016219773,0.007847598045661295,0.004977922036312598,0.03308814721216418,0.14160537711437304,0.0031737789675772,0.0,0.019558841057859728,0.016044783697343423,0.016850545948142646,0.015998420821273764,0.012015313973793941,0.026658322823,0.017075781513208994,0.10796988684085389,0.006881909587026272,0.11113478047383792,0.025606000983180777,0.15104487506788442,0.5593431456184941,0.0816890629045484,0.19850142420108036
4.277,0.08507375729556295,0.00510232935357518,0.022387803992004882,0.012825777623111476,0.07416065140652332,0.0008906609554717084,-0.00027545432934057197,0.005122078465348617,0.029196177691027572,0.09527340157062407,0.0011231464612952275,0.0,0.008638110757928474,0.01724423370127557,0.008260461869444014,0.010767280157177893,0.005703695489261576,0.028955106170403356,0.018913787868379058,0.08151550303760302,0.00399395032493085,0.07792407276098687,0.03966277335072695,0.14857786334758724,-0.25094057194420666,0.14669173726390647,0.11187708406691049
4.776,0.08629999716717507,0.002764798709857136,0.015750585720786688,0.005444159974505184,0.1214083616238198,0.0021905488730900495,0.004314130761690434,0.013194965458584468,0.013808834906608261,0.11348879790546029,0.0013200702729485089,0.0,0.005735009363058253,0.011633970800994051,0.013163851086230275,0.007287355456018113,0.006908166687324667,0.011930536138665744,0.00646535138285021,0.026304099589339634,0.006470916674655763,0.09712393407590052,0.03719432125776002,0.0959583710073697,0.33076972160939094,0.10981463916193399,0.1561382772752425
5.287,0.06889459262932045,0.0018579852263113366,0.012626653802304853,0.002995248035714754,0.06587435556623757,0.001098397973264805,0.0024137257046521845,0.008745007423144404,0.0006312064902963144,0.1537641921687351,0.0008508864705738832,0.0,0.0022276869400726365,0.002155140458741108,0.02442649883596701,0.00984321426034336,0.007061661587794241,0.0023488592109240443,0.0037624841902821914,0.02141621521742267,0.0022186611198824263,0.018874376892872385,0.05440378388209078,0.07750149936071501,1.3312277841336695,0.18568304171914687,0.18441808536236234
5.777,0.052577777981746454,0.0037444199159947715,0.009013903277752167,0.007555269667486895,0.04755432673824521,-7.384237977827284e-05,0.002875088529152962,0.0063264863548108405,0.028557074148049512,0.11878966433599286,-0.0011543079208976275,0.0,0.013339125086239864,0.00853203610050861,0.0028483467213109826,0.007342096387209334,0.010010469510705958,0.015804128581459208,0.012921640730356364,0.06182998958623786,-0.0032837054918273467,0.07882166660063974,0.006740908532321729,0.08443876391949619,1.0353914447430637,0.1495911882421685,0.12564934140163966
6.277,0.047824466018536876,0.005392793646784828,0.012921110338797878,0.009776094591842895,0.017394864366337446,0.0018597203861419182,0.0031890651713127375,0.010514004237676613,0.039091336979956995,0.14169947087914944,0.0009807868363788223,0.0,0.017171015551216348,0.011732638604689148,0.008168939705870019,0.01091490562847232,0.009125446633770785,0.020126461799357086,0.01325302866410179,0.08575006134172211,0.0051677781338783,0.06478238576288214,0.01037844279748819,0.07010803487522974,0.7703477969507732,0.09940208307477354,0.17289519937355569
6.787,0.04433496407843339,0.00852596490351121,0.013326563937713533,0.011806503782535229,0.002577557892628535,-0.00025637858583027674,-0.0017014280526256266,0.003246318256555542,0.048557694173249275,0.17631375083938144,-0.0017484430644788705,0.0,0.01444667567528308,0.012018722097447533,0.00936233038711972,0.014080700764781186,0.007089970884610923,0.02399969478540761,0.016956622854216497,0.1023179735432282,0.003629344753028246,0.08436257075848734,0.0017375984267822956,0.09243052409001246,0.7467651366361604,0.17110329039893016,0.19843131787783838
7.278,0.0436045422028272,0.0038647361930392956,0.009204894244829998,0.008590244820205735,0.08659972189038137,0.0006124820111502989,0.0023838576323034237,0.011825295610974859,0.006935192371546889,0.18999535650293792,0.0017814918470441651,0.0,0.004068698628980168,0.014092095284431184,0.014644200768907687,0.00816178212211768,0.012019519465786905,0.019266830511334477,0.01178975867806381,0.02645910162170186,0.006808337676891666,0.0502290921392078,0.031703861912014346,0.037736230159257374,1.7161001985016366,0.15341343039923977,0.24584644890698482
7.777,0.048188343951706125,0.0023400317524169072,0.007302125297275167,0.0036386295421591045,0.02839185807096416,0.0013898272090633204,0.00623504515676005,0.023191206069640036,0.02337629237115869,0.17394778889107665,0.0025806811276621014,0.0,0.0009627253146861119,0.015576405866705063,0.016069128725451607,0.010199406902508257,0.0011352874358168696,0.0027299324501279644,0.006132689068669467,0.025227001207001,0.005733883387496387,0.011159998880728226,0.029348498598229283,0.03359764517397344,1.472681934444112,0.1919997317168529,0.22278045296322666
8.277,0.044738512595691976,0.005051239822147363,0.00922203025733432,0.004352652504091414,0.08035193544632104,0.00202710327782429,0.0025631385131046533,-2.4464797060380125e-05,0.024232419200980217,0.1590270413878857,0.00021153770347284178,0.0,0.00998586044983353,0.005253889179419804,0.01252817966383672,0.0073808898676243915,0.00022805430833482222,0.014901857207613448,0.005098091183756834,0.037165253072194315,0.0017632315206400026,0.044509195079321974,0.030108870542665776,0.062073391385789996,1.8972821735127523,0.27000894662505354,0.15899110870166808
8.781,0.03424540949887322,0.00804065778179338,-0.0008458515651214937,0.005913058112255655,0.017407484799447096,0.0014350759458083963,0.0017818871148847573,0.035964310530586095,0.036988646611738514,0.23971787857070087,0.0003083217993119184,0.0,0.009597233416675403,0.016119811015889957,0.007281691234508258,-0.0006757044428327853,-0.008194822161436018,0.01014817455507109,0.018112740378323194,0.04919944188858589,0.00796053727475167,0.01070694265869139,-0.010875762075524282,0.07494817500206079,1.6315033397391379,0.2920730233616218,0.27460786623650296
9.277,0.035020828273888124,0.007685176138493847,0.011683989990718228,0.012701883641578544,-0.025536584493262075,0.0019458351012842867,7.700174246454867e-05,0.008268018162927174,0.027906751032215543,0.10686185830438238,0.0021269393296276147,0.0,0.012182317724945912,0.01239172673903616,0.014580231455671186,0.007751538940598843,0.0067771474660427745,0.02675348747440146,0.02389918574151681,0.0820443226471311,0.012205961220912453,0.03348903087419411,0.022524384118212462,0.07098199858086238,1.405352387915326,0.08233966308985256,0.17770855090453408
9.785,0.02175871631485379,0.007719863131800515,0.010514087578558406,0.011681769957939509,-0.004225224457334112,0.0018862180771280544,0.006961732881757172,0.007144247697878131,0.012851047887925612,0.09300706681056177,0.003284553680846765,0.0,0.014875635540766888,0.009455326328703849,0.01009003694749454,0.005825281516981359,0.013970995570835443,0.02231820973651572,0.012544850180596954,0.05168924353328699,0.007923825935520322,0.045838137219710355,0.02235000652685794,0.02881827402090654,1.1851982067988902,0.04573756937138482,0.11457049322562843
10.277,0.03223562082858996,0.0064324771401462685,0.009226304153375196,0.004729793074322536,0.06980194258076412,0.004484483157612798,0.004440770928577492,0.023046617178268284,0.01112611556080429,0.08954122354224431,0.00483264686034862,0.0,0.00942954287550225,0.017253071344016862,0.02361340329683866,0.002778267926331538,0.00040407588019752223,-0.0014524373831852528,0.005879310847203001,0.008643337778374364,0.008940738957633157,0.025188363084588036,0.02955279200682017,0.03322121506674005,0.7981488266197061,0.13970847766691938,0.04744974235852745
10.776,0.033077281365324306,0.00809257885136253,0.007703408587967333,0.008241803465282697,0.04782444848829077,0.00415528563508145,0.007236898491007586,0.025917387572679144,0.013742518015900464,0.09247201119970319,0.004870628387151154,0.0,0.02205519333841578,0.010592291735862363,0.004248008190771694,0.009821369828217364,0.008804735790174769,0.009632492263879763,0.016574116561717013,0.0435808885786517,0.004543866279355125,0.02921428927234795,0.02621151754911906,0.06445692920946954,1.2501009261564364,0.07422894514539237,0.1262066271945391
11.277,0.02620808033123437,0.011182884429448677,0.015980214283379146,0.013810786260275435,0.024811895433261507,0.00481454762021901,0.005060619582945179,0.01298212205967568,0.05051137499128379,0.11387994804176893,0.0009746091501636691,0.0,0.028936723773339407,0.021765265391516037,0.0019486125084952938,0.009610730563655799,0.010613969630467148,0.026578285808872212,0.018239561139203022,0.09320938933221745,0.008745239122198278,0.05307794563871262,0.0013131755626140718,0.08093248337000261,0.6858249455882052,0.135481048224429,0.1222745476778032
11.777,0.01993571886377648,0.006153306988799649,0.0199663592473559,0.012986155318439245,0.0077968838886457404,0.004212963855298692,0.005124408390921746,-0.008460722824656628,0.04281628183965131,0.09617629566106735,0.002410023435336289,0.0,0.02025389460245993,0.011438018220001138,0.007499627231934183,0.008561730419069059,0.010823065654542649,0.02757856937905758,0.021607497892106368,0.07766518944645727,0.00964206211409962,0.05098572677019628,0.042620827386546926,0.0628594659630427,0.4591396486284655,0.08496983132375278,0.09947949711833591
12.277,0.010561818588182505,-0.0011074216873086103,0.00283602746563938,0.0034630521985545,0.004613243780227747,0.00123539965715511,0.003997668075097157,0.008159349611500053,-0.004601433742568779,0.01045720493521728,0.0028133314467280635,0.0,0.011271702390434749,-0.002122531622857347,0.017640503364534037,0.009289504524054366,0.006847631304632487,0.008510065775408639,0.0018633128360593264,-0.00048165407475309893,-0.0017410235726339535,-0.024335328964032375,0.05452056452465845,0.01764208941810573,0.9992183511489305,0.03998261765320402,0.011776870606187534
12.783,0.01822100354754175,0.0014743569652634803,0.0063456966650946205,0.0017135340679954448,0.0305598284574272,0.0024241025110559398,0.007799775385365778,0.011597227855074235,-0.002303611409319992,-0.007488958786150278,0.006033834746814656,0.0,0.0038929754858911337,0.00646604299835656,0.019712324124334647,-0.0004144456729400758,0.001329957841614859,0.0016852960748398784,0.0013018069212106789,-0.004922034489995391,0.004136865192333844,0.03451534990184129,0.044439439772834925,-0.021644864148656028,0.3832374691683476,0.007638167042113491,0.0005032008031497252
13.286,0.018077377803558132,0.0026660269768004063,0.01094620353396852,0.0027591827227034568,0.04919626334305461,0.003138922826407653,0.0021731310562158592,0.0005090615887262235,0.004225789745322961,-0.0016054826122703899,0.001626035134733208,0.0,0.0025831571406086567,0.002317324476617717,0.014839398350219024,0.005002410377236469,0.009126171210690474,0.009617282045143368,-0.00026470947997025247,0.025360436606708833,0.0032809785167009645,0.04910576507753195,0.04081897747154377,0.01283631921781714,0.6752262454731853,0.007186938422913435,0.006082891628409684
13.777,0.015413908845305987,0.008018016764659179,0.014352499602707023,0.014581099457928261,0.002726103300002063,0.0026359137264518537,0.0062652276530119535,0.008338636422785472,0.04171725021461205,0.04424762783314382,0.0012474162244856765,0.0,0.03138361502393149,0.010379027613414348,-0.002691392263079785,0.013377159966786322,0.008966817484739965,0.03472259391373172,0.015907027452810186,0.08275200563520425,0.005963554265812848,0.07147426090804775,0.009042626419588532,0.047696302981596585,1.1700461922677377,0.008259055863459423,0.05500579885904375
14.278,0.01699436204056061,0.005761662169665941,0.011074677451535751,0.009395855402120616,0.02576375412643024,0.0016660653471090962,0.0060672275210366475,0.00276958413956208,0.02160922931570174,0.03424850446275755,0.0021618901975639865,0.0,0.013300357680560761,0.0017947487495778732,0.00027832983518366985,0.011627752956027596,-0.0012508660264316167,0.028477267384373107,0.017617761828458492,0.04518567511866553,0.007764978133956737,0.03166681043683384,0.03522835654986712,0.04658224255899074,1.2943648799396115,0.012904138987553219,0.06303748330322907
14.777,0.0071290734686571084,0.00016009589546766008,-0.007430452783525191,0.0010370296442681792,-0.03473559841014816,0.0015551990044915158,0.0002144943267405667,0.01145487836407273,-0.0016787399502544492,0.03544175929723614,0.004266966905377945,0.0,0.0016753718552667883,0.0066595485443411324,0.005476654597378728,0.0020642239665483973,-0.007083530915800514,0.006164318217802159,0.0036225360178651217,-0.013178234405873483,0.0032461661597503176,0.011705353774801188,0.011736469508344234,-0.0009351894867331797,0.5786649546622704,0.11252672499325107,0.026722004177315534
15.281,0.015429836256657944,0.003434844511471276,0.007683820956724024,-0.0003910617454696483,-0.02167069747094489,0.0009870463138559533,0.005088374825095742,0.007749700325091459,0.0003183146217295718,0.029195872092900397,0.0019335938894214748,0.0,0.003992103795179445,0.0048696344896444884,0.008595613530766376,0.0004183755678119182,0.0010399285420653994,0.0027140187244135603,-0.0032364551189455267,0.025316502296426992,0.00014488826881677052,0.04832540021922109,0.02308166171110367,0.0021548854326790714,-0.3171579935255229,0.06340657475186187,0.06474079938781425
15.783,0.011671644509760548,0.006229103533035867,0.006425006733816863,0.009118129530523713,0.020033944948299773,0.0019378968121957507,0.0015935887773464996,0.017338324464909564,0.01984873934177253,0.06331685974025737,0.0012440474663196286,0.0,0.007877950436541038,0.016775209571418186,0.008029249922941887,0.011665610365464034,0.00422872935243876,0.018888726697962172,0.012121057525286052,0.08150904100005266,0.0021452249331971682,0.02186906540121652,-0.0032927714869272003,0.05645789788018993,0.3307290974310867,0.17541449456847177,0.01649769517416811
16.284,0.004396047626471273,0.007775691633826465,0.013135215317957565,0.010809644591973375,0.0462886176888815,0.0023189535279897902,0.0036968566415028358,0.008094840741155422,0.03415060926618573,0.05558643186100666,0.0036171015569831156,0.0,0.010216210942999958,-0.001404237579055183,0.007678383265319994,0.010645765642327299,0.004862135762023722,0.0360593807868894,0.015777682741872488,0.09014371857877557,0.002969788202896089,0.041056069827637445,0.007987693517176077,0.06243548730407976,0.9506846138428198,-0.02346431630767204,0.12718465353016867
16.777,0.009789390035483559,0.002887356153701189,0.0026638932052250107,0.009278156150497765,0.07277805007835189,0.002917564235341345,0.005038846524219243,0.002451055186521414,0.020035443481327523,0.01341044711423359,0.0025911029548606745,0.0,0.019497554310503314,0.004445418004374948,0.007430033823776046,0.01339568626054037,0.007356090681028809,0.018771681293726167,0.012583844401112867,0.027821235361992547,0.007599058908788091,-0.0001830542816760531,0.025688076255381494,0.019755699710425997,0.6633042425299707,0.033685272343769196,-0.005293509128422156
17.276,0.01636147964437056,0.003938218586256048,0.009174815486571272,0.006894322011481544,0.08888426829214562,0.0035213637593959203,0.005460588570520341,0.03056030070650373,0.0054204756691035,0.026738076869566012,0.004252814567414802,0.0,0.006670944638900247,0.012913602327475477,0.024319108924059446,0.010221521534123205,0.0012724478703193237,0.007845087800603247,0.010887043015456514,-0.005235376306136257,0.0042568761287665935,-0.01502944196152304,0.046430975992571635,-0.0008982421780205555,0.3212667322508281,0.028141159487567215,0.04329960735431829
17.777,0.0181485206419723,0.004174144994628387,0.006438450217228234,0.004610137425552747,0.09525259708020398,0.005168184524395676,0.004517093223382332,0.021895412567332916,0.019850930467960864,0.05363651893353727,0.00425559481065929,0.0,0.005830248678800625,0.012200832774172119,0.009495243182823862,0.006387722384591922,0.010205192292516629,-0.000527544948666508,0.007172786183260041,0.009475604986160496,0.006971066636604408,0.028606681508214066,0.03796497714821469,0.030411299519714035,-0.34096548396166315,0.06455435136758626,0.09709192366833345
18.278,0.012721360372725745,0.007256760968689812,0.011470082917310756,0.009286678818393757,0.1371729131561961,0.0020823137156063395,0.002550377766196219,-0.0047258495747464465,0.021410184284857702,0.053041369360951884,0.0025173791144189016,0.0,0.009303673809863619,0.007339913297322525,0.009696583895925688,0.006799248446545073,0.009624884411169954,0.025651879431134332,0.009049590314004789,0.07299103471758311,0.0010806805718835155,0.057067223040627064,0.016956831085060967,0.05783725396478788,1.2976648027957216,0.07006891176128772,0.10372679577842275
18.776,0.006298975290068095,0.0052519976564836665,-0.00086736099458236,0.01074725171340648,0.0825926863035474,0.0031786805266132844,0.0035746825729996595,0.0049129935818864835,0.044840253171340126,0.041079708765042314,0.0025821063132152153,0.0,0.004951680523044705,0.01186751201669812,0.004581138499397816,0.006876870753400972,0.010946991520553184,0.02807537424544994,0.01611050799938671,0.0688718563009805,0.00688603225268782,-0.012349136204265322,-0.008118820273336385,0.10092377381879487,0.988581003734138,0.02822241539101779,0.0746054280046352
19.277,0.006865530737765375,0.00416680745858711,0.007313883742104803,0.008700144410500993,0.10996379207007957,0.0018081031577867517,0.002994291608917739,0.002811071009301134,0.017048242622252307,0.012707355752424479,0.0027061370705542672,0.0,0.0001925761071187604,0.0006867947882981727,0.014001702780998592,0.002304060370078343,0.007049590458979813,0.020516261254576566,0.01876457504932368,0.03631636179349942,0.005829735813003804,0.028935821471633396,0.025037531540789526,0.04503453616493036,0.7186173623047251,0.04137884005438492,0.05602244062159229
19.777,0.0136231907811029,0.0012102613996801167,0.0013212530311406444,-0.001271496457355908,0.1456487479080217,0.0036886125987957543,0.0038943423002541127,0.03489840167671784,0.0018353397906125646,0.03223426092122308,0.0023767158150312063,0.0,-0.005863477641424984,0.0012203624624101412,0.008544692926075126,-0.0038623304373802438,0.000556825686596402,-0.0008535486228347774,-0.0010293860206731526,0.015263685678961974,0.00460717449463453,-0.014741751501870008,0.04127117205078293,0.04070026758657026,0.6762459027235723,0.06726424796743873,0.04344805786810082
20.277,0.01544771259633464,0.006521905783627775,0.012445614648963196,0.00010131816798906735,0.11120363663229853,0.004534109235846278,0.0033180509579830834,0.005151995084348081,-0.001424592660382778,0.02233761470539878,0.0036185345102952935,0.0,0.00950412877030114,0.0018285934766614905,0.014778575070017244,0.004836919291594951,0.004145807908480206,-0.003787460458470618,-0.00041696400741325315,0.03504554382820129,0.002147027910612961,0.0009457652855848432,0.044383021775758966,0.060609526683843035,-0.12125574243125613,0.08966462516032858,0.05630282731456865
20.778,0.006290659703674661,0.006343263375617436,0.014712766277934731,0.004578595979962154,0.07136744369768727,0.002238507424793356,0.005338853207292172,0.010657710872947477,0.015438051138488914,0.03419923177602954,0.0022695864958479275,0.0,0.009671004252553218,0.007984672531295901,0.003606357460728617,0.0005073783927600963,0.00709712193741071,0.01274788109949852,0.008083522054938775,0.07839539779511169,0.005986280746205788,0.04770573013774143,0.03281536583493145,0.018818885082273803,0.5527403164669362,0.019202730670939267,0.054101071326465786
21.277,-0.008345811170436871,0.003952847239763281,0.008459224885143463,0.012519465770973662,0.05090759008207573,0.0022270696060137122,0.0028712217843203575,0.01180921188699393,0.03757974074081561,0.03965593888303117,0.0024854822315242913,0.0,0.016199762431414876,0.014235782803292723,7.681921065186119e-05,0.008116247113608395,0.005663980409981521,0.031612234943449294,0.019956504851476323,0.07079116939711702,0.002841441109561455,0.050259552347847514,0.006601855312299036,0.03843064103324841,0.06313112921617739,-0.011074738514572512,0.06596755715623542
21.777,1.034756376364908e-06,0.0034793489946177403,0.0054114402998001665,0.0087012360590973,0.07267657562623313,0.0024546500393184457,0.003124464952044382,0.019356240720624182,0.012774074782733836,0.08172480993749166,0.0011863736578388126,0.0,0.00997496126164112,0.013801277773602325,0.00922047169629797,0.0105410636884433,0.006856091576221346,0.013935021851585619,0.011745883126854862,0.011699582024934005,0.010889458736824188,0.038631262003548494,0.029681312440801192,-0.0013188142201628393,0.7120922411197715,0.11977277024037121,0.11206140936658111
22.288,0.0009678713067824655,0.0016369913812218724,0.0010556188734728747,0.006025272797812436,0.08884537097600345,0.002066994127655797,0.0014413605062348204,0.0035317570539753077,0.005105192369204664,0.06057091516862141,0.002483186750129175,0.0,0.00966036611751023,0.01101545479033692,0.01803765948614124,0.0037457701508996355,0.011687414928731262,0.011246991360141598,0.005759413365448653,0.006488207260117277,0.0007984371675564196,0.025916969184063096,0.016152741798491993,0.02743392279714868,0.9264897384670655,0.0636222621174344,0.09768597516367071
22.778,-0.0035139294687643076,0.0010735416143583375,0.002444527951749763,-0.0006667875629768081,0.10657228320800595,0.000936311118969097,0.00030967444210883215,0.016860542339572557,0.0021307382333450677,0.06300068017949938,0.0007288738699534348,0.0,0.00020399040082761364,0.0006016470955541806,-0.00015363579859688323,0.004148480069004754,0.0015306731628934739,0.0015281892845030061,-0.003922493137356719,0.01854733119003192,0.004057150600717521,0.020700023738772767,0.026188939989183337,-0.00038441980147356535,0.17411808330522244,0.12812509940289302,0.068554634902611
23.277,0.0029324496896057633,0.006495626150422885,0.01238536740065022,0.00707050297151071,0.03382832360347989,-0.00022578872760026995,0.006435232929173244,0.0056275897031387665,0.03448958694908214,0.04482540299494794,0.001344070539207464,0.0,0.018696676382389223,0.009744124541784303,0.0022966217698190882,0.009151173194102453,0.0013276874941805345,0.018928647744999947,0.011435939896385257,0.10077930552749682,0.0005635770678886847,0.05051182777499102,0.017619513709179045,0.031663435438628616,0.5612879393924002,-0.03091889971661833,0.11117072463215029
23.778,0.006529302084086384,0.004530502301742246,0.012789932170534988,0.01052403305560956,0.006826610486190863,0.0018972356035863818,0.004919086398793507,0.0056653891082113555,0.03510735997682917,0.001989735534249672,0.0016961182554197593,0.0,0.016869856534382444,0.013395214087043812,-0.00877131078191918,0.004658986332909726,0.005890118508868026,0.026257955118972255,0.018205109579128898,0.07128416841022112,0.01161684145483123,0.10219486877549376,0.011108420341188233,0.013651527231506432,0.32451187915867874,0.048455022588640664,0.03689570481946472
24.277,0.008100833113612364,-0.0009756001194632489,0.0010765676143197121,-0.00017726325444100715,0.01075425483352981,-0.0008899622525619559,1.7712408895527022e-06,0.000390012407522317,0.002941779492573964,0.006818510049638046,-0.002525761120205237,0.0,-0.006043125083877619,-0.0014688745336122512,0.004177899345726575,0.0028076390469482485,-4.2986040455064156e-05,0.007688683436488492,0.003975463153465008,-0.0011522989234996695,0.0008876456903555435,0.01728710709425127,0.04593219620772382,0.00502065871259212,0.3689934839061114,0.05354336559873841,0.020868179322452458
24.777,0.02370463266741029,0.005790436780842641,0.002696943943255252,0.0018802877514982209,0.14444743654764872,0.0033217635492391283,0.004045708366354851,0.02700864341038079,3.5380019728985586e-06,0.03449830256656082,0.0024061124665023612,0.0,-0.005188937280232419,0.012059989310635774,0.01742855747530806,0.010957018448031732,0.0013070762441934683,0.0017991027484893687,0.002308262581328367,0.005893607328605044,0.006277442569769861,0.03223677802849726,0.0241785750544311,0.01851375034688761,0.20105866167362194,0.04570446108751143,0.06781944646015259
25.277,0.012811256975571334,0.004234397520898703,0.012816937504616223,0.001240677631326555,0.039317004949214474,0.00011289719612394192,0.004870136350671683,0.0016498448860568398,0.014130234195111379,0.01073544534481889,-3.491908118759635e-05,0.0,0.014450523753013847,0.0024522933051993484,0.005483361867630692,0.00982251823835439,0.014409127421295041,0.002086401393494343,0.00019851459374596968,0.04876248629003782,-0.007059270871400099,0.05694526121298754,0.0479100619167493,0.0012620099883554284,0.3375383881586529,0.03243756595735115,0.036355566810111845
25.777,0.013142099428219213,0.005395476214009277,0.013255580461045045,0.012265962937790278,0.02213286498860972,0.0008926688709426298,0.0014268664888165553,0.0036554273113938007,0.0334843350617949,0.025520085468366968,0.0017449089577081815,0.0,0.021195040816840944,0.011903400427695776,0.010308546171460545,0.012201782468181368,0.014237260237433155,0.02154935275135082,0.01711878656055151,0.08476671089177018,0.0006026767650022542,0.07128878326222672,0.011001460981473065,0.07011968878435074,0.1917159565062681,-0.027582578979494433,0.07830237914194034
26.278,-2.365158130990141e-06,0.0014238360368960994,0.007469963147219677,0.008624671020664007,0.058575344353978785,0.0010465738857615055,0.0044969066672322705,0.0046686830858113084,0.02203019527087557,0.004061735448537944,1.964198316798326e-05,0.0,0.01804029179077293,0.004015215840420749,0.0008120821365947167,0.0057653163085303605,0.012266931064313988,0.02268403423421737,0.015412960598421349,0.055086752213723326,0.008477842144810142,0.038261551142160496,0.028416706014577617,0.0546818455593414,0.683980979321997,0.062429704943218936,0.007886350439979692
26.778,0.012776400091348927,0.0016396419628706275,0.0019146904841261816,0.006688209362587204,0.1039206705920374,0.0010101217036070174,0.009506017697451238,0.019504757503078674,0.004720184056357155,-0.010561257094571954,0.0014086229001126008,0.0,0.0104118715585396,0.00218518932219775,0.01518898916043312,-0.00043041365249939657,0.01562926404426455,0.00901004566242144,0.014688945034445702,0.009725141278663984,-0.0010980019112930765,0.015851339840188234,0.03327149942569096,0.030586080152120113,0.7470967605830652,0.0011043747037936004,-0.0009828849932808652
27.277,0.0164085258930314,0.0003106679655669024,-0.004988802716836225,-0.0013913050961718418,0.06937253809203081,0.0013870760484309696,-0.0031507352553245315,0.029209249822151073,0.018640452195697987,0.0801620321396787,0.0014134251838860458,0.0,-0.0014329083510272996,0.0034367997967365608,0.005650120330711329,-0.010585745008561864,0.0039008617808638456,0.004734253119363887,0.004301260310736404,0.003666663699843594,0.006325627428098964,0.03970408193060362,0.0074915279309575806,0.008870471225121855,1.2974221631323422,0.17876669684628926,0.05571762093630199
27.786,0.013290145288712833,-0.0006707355108146654,-0.0017570240024057896,0.00607455427431661,0.02418139029350255,0.002971953317204267,0.006320619649532617,0.014941385752072208,0.012183070859761258,0.040070752800318896,0.002574864876588731,0.0,0.00793359506936302,0.007218464532101351,0.01956967150822948,0.008666573095761965,0.009858038303268998,0.011071864195382254,0.007138191498048411,0.01422095848151811,0.007745721560413208,0.005822736003679734,0.031823259144978966,0.03441448341675375,0.8234881880630275,0.14412766520833806,0.037285190402825706
28.277,0.0011136739977132136,0.006076448616557749,0.0008052933317569123,0.00979264691674481,0.05330040439070763,0.00076044227556269,-0.0018442922783471019,0.009606463124453936,0.032070633715360466,0.008132285836037468,-0.0014368046496174216,0.0,0.025693956383426485,0.009455844957598701,0.004121195391967587,0.005401812948311171,0.003258692284336955,0.028717085931442943,0.016939283646179467,0.053424469786911545,0.0028965407046636143,0.027048181071964925,-0.011052033525223638,0.03224190920053701,0.7237004361509536,0.029549581677171827,0.01164975959822422
28.778,0.005243701890116346,0.0026000533940519002,0.006766715487138774,0.008356404256096175,0.05963824849422463,0.0019736903408500263,0.007621811656816567,-0.0022169199579892035,0.021488081381785838,0.038814333640728074,0.0012379046903252253,0.0,0.013583947678113668,0.008625352163856794,0.011645712939503717,0.012747329022371712,0.005925845634521437,0.01915663774537152,0.009955696913784914,0.03349785494705917,0.006906687924069554,0.04937509085114498,0.042517171468681815,0.036349755518137,1.048472921607407,0.06323259944602738,0.05221424568397662
29.277,0.011048379123100327,0.0025314618659449833,0.014415836866538289,6.89357100602815e-05,0.07413187799486799,0.0012048317183661287,0.004884761034023757,0.02081200817197177,0.0011764766322850215,0.022711136487030555,0.0036402888297802044,0.0,0.00325423030626479,-0.0018555810584282514,0.016855263676823978,0.006737436883519548,0.003032241921321739,-0.0006488982268627484,0.005134878442828674,0.0034405333883705414,0.0020776818895131867,0.05874369991576075,0.05857120857173613,0.010720834476140808,0.6553011497379525,0.09200885956291266,0.018637307760024657
29.777,-0.0039824440162222,0.0005305491470382781,0.008599230822374973,0.0007353913187362817,0.11674030101399813,0.001197236132946619,0.005679059893836917,-0.013487126234588052,0.004273485521541907,0.0022466341209246925,0.002602548901376127,0.0,0.017469965033414227,0.003433080857289368,0.00046555435956944244,0.005658977556006748,0.010654649197750754,-0.0005182605461898929,0.0013256085834536773,0.006797785057698988,-9.967127685368871e-05,0.03257997513320996,0.051116771784884295,0.005430084625451673,1.1231303947340403,0.10592025777407552,-0.009305670747697295
30.286,0.003149667119079189,0.005783102232997632,-0.0025164353946725065,0.002426286149124281,0.05122960806384599,-0.00015985604216704692,0.0011257592774833556,-0.006517689081048126,0.01662761306800421,-0.025023676103905625,0.0006965331850480603,0.0,0.008618779831957874,-0.0037233455619508104,0.0028873934685245306,0.01469874286485356,0.008233106041665406,0.01838732609027552,0.004146564644620322,0.048495824262837425,0.0017188848088015548,0.05276695745753276,0.012999130098606078,0.036823506796294876,0.2008582586851767,0.045653175897333295,-0.025370277022528455
30.777,0.0029001508142836746,0.004808975147265036,0.00843633627775939,0.008418847470003519,0.0054985652918676286,-0.0009476854347987082,0.007524419603457565,0.020128045206328923,0.04386814441898821,0.062289092032267686,-0.0016437944023987752,0.0,0.026147321482677968,0.006246164112150586,-0.0005077348037746687,0.0031543611240246305,0.011593290435739074,0.02091565326353183,0.016061482889428023,0.06735316767563489,0.005096509022312312,0.07571343367460182,0.00011711720724511693,0.08136114389219563,0.7914819428890999,0.037912049305235555,0.10380619290742005
31.277,0.003421297560944733,-0.0010558879552147787,0.008124729974293726,0.0045181191295826355,0.036468009914724715,-0.00038538542721387053,0.005918884514624074,0.01327519712929055,0.0237634596965252,0.018652646192561295,-0.002989477382714913,0.0,0.015904023444241768,0.006384138801910323,0.00847766685879705,0.008259498123771252,0.012780281222267022,0.005349597275673126,0.002633741602363115,0.01943707893720896,0.003688192159215975,0.045390812473013444,0.033587618246655966,0.016539947600258925,0.9191327524450927,0.06075939499216999,0.04328191199767902
31.776,0.005407658185503099,0.002977690155604531,0.003567713193984109,0.0014389299656138667,0.0678086957962735,0.003147388565025541,0.004914960500503205,0.016446917153531367,0.010048264493058377,-0.01632518815319644,0.002034303421749029,0.0,0.015267740177991724,0.00581746957969192,0.01630610587980703,0.011574954057078092,0.0051134268733852425,0.000756804769615664,0.0030266250004708194,0.008723083997435,0.0023030819771979036,0.03453016123253094,0.023500842353732183,0.04871548105692866,1.3253198740387733,0.054532030002348464,-0.031904688881652696
32.278,0.004829067314188025,0.009258746571803055,0.009320083398495133,0.008091643283865442,0.09615039840105288,0.0027644694482780795,0.006482686001948806,0.027478399970311852,0.049437456662315624,-0.024704916398019246,0.002857415986840385,0.0,0.013116313166008269,0.017569019411397727,0.0076619747997651606,0.01003975586690054,0.006732793015859381,0.015842238943986658,0.010236899758342615,0.06617775607289442,0.0019901443121813954,0.031066678570772097,0.0032948761117311005,0.0869564558951321,-0.06964663244308254,0.009191016263255981,-0.02201466295403851
32.778,0.009004285164523116,0.009857026614632407,0.019174902949343434,0.01554055569258819,0.11859555044004713,0.004321099850754421,0.007346752738038994,0.029643155711943262,0.060643462286410814,0.061432775687852596,0.004153959060681767,0.0,0.026843585537731886,0.02309685101574295,0.0015986154183780432,0.011473042817493237,0.00686285174098642,0.033915053648910794,0.022931027965843825,0.07096637347405386,0.00870181167275606,0.09101716581137856,0.020319852961247702,0.08983439009840839,0.7648479639848487,0.09997429154286043,0.09699912291242331
33.284,0.009692338424902512,0.007778912933122281,0.020121487083615504,0.01130678314946264,0.08367521436245089,0.0023940808136026135,0.009501518446467539,0.012779543799970228,0.04489486450904826,0.04006205678492499,0.0018661878031373338,0.0,0.026711471266703583,0.00728686625521583,0.004312401253873222,0.017417319692259826,0.014700419432474968,0.021576884568317432,0.019712130599704374,0.05045631894630321,0.008913947469827838,0.0535368679101116,0.05306741810635822,0.04346205149990208,1.6110183532910818,0.10457590841350128,0.024731848143897305
33.777,0.01697651140690899,0.0063305922671669556,0.005713195778513479,0.003094500355395455,0.04035236072836335,0.002523441571915875,0.010453931919727195,0.024774324099100384,0.015585421935708587,0.030080127227394227,0.003584743672784152,0.0,0.018542183367655212,0.006633906483145171,0.018199554412973277,0.005439128412273692,0.00988896138953883,0.0027412402827751686,0.0005955507417476454,0.014807615619399877,3.8761052109686206e-05,0.006160476752734639,0.047248522309246255,-0.007316955304903833,0.8636206622551267,0.11480005299295333,0.023148959996735618
34.288,0.012740286782374892,-0.00014604396953802855,0.013643036334344617,0.0014801065397204607,0.121611081788302,0.002465271121361887,0.006764149115776685,0.02391747521722939,0.01164379135851987,0.02115148089182114,0.0031194891561772712,0.0,0.020521748782748355,0.005921934727417358,0.008174974239334151,0.0037576996987255134,0.006845355347401175,0.0017268567664336936,0.00025197001540749913,0.03033919363187125,0.002194006289857543,0.033915194776844376,0.05527702398029398,0.03809264479289083,0.40993518784970767,0.036491372008493644,0.05603064016843333
34.778,0.006705712266201773,0.010342232310643832,0.014290284193473555,0.009465431535782231,0.009908353319823591,0.001975455829440212,0.005428713462773986,0.007070025272650244,0.06560116429519765,0.0548343642579399,0.0031367128666900026,0.0,0.026122540375036942,0.007291125014362615,-0.003359310920334969,0.0033156037690557096,0.012503728870441103,0.027807695967461955,0.01369218190369814,0.09009511999457369,0.002117476161028763,0.06752935584526741,-0.007985689689374922,0.07609496249116375,0.8078231455046184,0.11454384920906609,0.09720465313866133
35.279,0.0046504844242184935,0.006986208536459138,0.01347662408819749,0.014998622609576781,0.0351380811188845,0.005306059087456595,0.006816941221420488,0.005612614187967559,0.05043522511973158,0.0763752461875309,0.006113266519876644,0.0,0.023923539016738108,0.020233005556396986,0.017041145644103414,0.011628476149051197,0.01369559214462302,0.03141957830734697,0.012047284873813058,0.07017971970104639,0.009172977477143855,0.05433359724994701,0.027191415174387133,0.02829555376356885,0.6071466988713355,0.1256998462628772,0.07030257274453335
35.779,0.011907624749525713,0.006770360446063697,0.010090894157343586,0.008195124604931037,0.05151353341436282,0.004228226619107481,0.005677803880043574,0.011620660394690185,0.024444142327878265,-0.0008728775030408957,0.004103274390054175,0.0,0.01657661491993689,0.007261131961293707,0.022395232409367482,0.01216143697619882,0.019284292684943128,0.010606067553182115,0.005146524702505071,0.011656111580532204,0.0014369499671105527,5.380462533990416e-05,0.0546193706547534,0.04144799039138316,0.8017287281325832,0.04827983034999372,0.016349116590213267
36.282,-0.003757936156106415,0.0037649411992039766,0.007642642898679395,9.623554619530455e-05,0.07844858407724874,0.002053979590933475,-0.0002376505891368391,0.0248380467177376,0.01517833118166415,0.07013686362874229,0.005587070528409999,0.0,0.005868354180706457,0.007873038972969143,0.011420384014391242,2.3342052206395157e-06,0.0008036600863316913,0.00037521383437967185,2.3804093571449364e-05,0.004905496758231095,0.0027275436634252633,0.03131626893119658,0.03492138477249572,0.021467566405321086,0.5809069392248541,0.11448115793140197,0.06071562643296799
36.786,0.011924359657149596,0.008244652643990819,0.0155516772199987,0.005226838804493405,0.12393946870533905,0.0061659787134462594,0.006332201406249704,0.03180745559032903,0.0332221055511446,0.02373239128340844,0.004964880178674808,0.0,0.015518859688361902,0.016019448024774872,0.007480497971783145,0.005753537552351693,0.008948061219457305,0.006075229597258489,0.008733643840194252,0.04472822341388059,0.008641627252290947,0.024850196209032234,0.027966706309737868,0.04246501792433267,0.03130988747457885,0.057969797104475126,0.04053182834472658
37.285,0.005122797936539527,0.010878769693899403,0.012825114504432232,0.011019988200596798,0.07155753699318909,0.0037935558465717304,0.009808365989707506,0.018388444222652806,0.04083090140536354,0.028066329967885707,0.003643678179547891,0.0,0.03530823060566179,0.014842601587024162,0.007080642329056851,0.009054946083987877,0.013071321714762423,0.022430363382647436,0.013943901582239517,0.08705879983403171,0.006221969339681528,0.04584044671498289,0.00042232477523078865,0.07580123858646656,0.6187747186421672,-0.03884634448090113,0.07712339886062809
37.777,0.0028067994786507397,0.015800204557582055,0.018137581748137486,0.014136673865821034,0.06494023358340252,0.003977371987215898,0.013457445292466745,0.021563193247252463,0.03927990727761578,0.021652216656021017,0.004917846639241043,0.0,0.03513426637203283,0.013223169727321281,0.020619957653392217,0.00985563530683974,0.014652376680787949,0.02344956565037772,0.01934684741104636,0.05877785239010995,0.010416917393929706,0.044300773630958294,0.0452018739090131,0.04588107089301388,0.38723611256293416,0.010287063054938053,0.05221392403209884
38.276,0.014473312189482144,0.012986257873920985,0.007590252647154653,0.008908208886259933,0.0593249410943157,0.002049477299900843,0.0073809938745850335,0.03174625826568143,0.03669644836092899,0.00800852605126349,0.007234328905678891,0.0,0.011863362375685079,0.01734639886016948,0.01630977531148146,0.009586758429371633,0.007416032329487141,0.01620288712081893,0.008043274706794152,0.03231188146820427,0.004279639640584446,0.01777530468759536,0.018340104799767984,0.002791858772027516,-0.13192451704558572,0.0438378541102224,0.026226953552459093
38.776,0.01397435011142611,0.007710546699891059,0.01668028061002661,0.004913228502296598,0.0716435365493182,0.003219415711758514,-0.00039727556170368454,0.023670619228856788,0.027258780674208165,0.018139455067792486,0.004119487172994123,0.0,0.023058579471169426,0.0131691252087634,0.01524079085713056,-0.0019143552537153735,-0.0001371518523655083,0.014119896457860064,0.0080068427171186,0.038811426046534314,0.003806895701764453,0.062228173218324016,0.04765236310902736,0.042644051058928704,1.257943053562132,0.07379305066293276,0.006177071114290367
39.276,0.011538044138385595,0.008684793409756095,0.007142889795026867,0.010520225278335205,0.000731958900330762,0.002257108795487543,0.005430909725769878,0.02577366921904046,0.030337116308199928,0.08134650189858653,0.0023002236846630243,0.0,0.024481034157164558,0.020493370969295814,0.017675208170557954,0.0040072337655937445,0.01088779927477312,0.022472164751567655,0.008337378885938947,0.07684162789870858,0.00361535258687423,0.05825463315192132,-0.004795179187060121,0.050425450375775116,1.072785542786853,0.17540634326672122,0.08113154301783379
39.778,0.013550443698980072,0.008951094546798275,0.015476026798570372,0.012589666087349323,0.03225290801587074,0.002778186421958893,0.0044294416185537665,0.008894586194253538,0.041499352221029205,0.034555380903931995,0.005191378171594188,0.0,0.0257006765476874,0.014258850888118216,-0.0010600302491605522,0.010280778582240926,0.011798204189165292,0.03337762277326603,0.016814386412907608,0.07283909745157502,0.009491922790995444,0.08629721799516647,0.0045787899388444915,0.050519584856979896,-0.543995855677078,0.08102930764750253,0.041195821204865375
40.278,0.012537005295681254,0.006029749060608367,0.008216808942142146,0.012316829272616845,0.06923719197953464,0.003240642313108004,0.00790918564546565,0.010592316820175278,0.03896371758246821,0.039350573221817065,0.0018259700117960055,0.0,0.015678635090607462,0.012927662130070032,0.006490525044257569,0.013437202447627293,0.01041534358904419,0.024614356220754863,0.013799950434584365,0.051134354185066164,0.007526171208894732,0.015576337249891782,0.026728681823296636,0.05084162947852809,-0.2726286713574221,0.07385845041074628,0.06382925671337603
40.778,0.01623750315749739,0.0014677694447056053,0.008838277813126107,0.00448513275199736,0.01424644124664189,0.002960465745208077,0.00163374188694664,0.012907043933029081,0.020899743830650946,0.019881479210802577,0.0028165046749468415,0.0,0.009254717638032364,0.015131625779043313,0.011970294943916045,0.0040762788156133755,0.0023151928299673706,0.007436808153376123,0.004478659908994614,-0.0019579118531383834,0.00303418536028694,0.05108105685206481,0.03410836201905128,0.023624606822403985,0.38134413868301614,0.02367285101864875,0.03668859612583541
41.287,0.014441522621110568,0.0011832610851426888,0.007856380563049072,0.005108178900060116,-0.01693916399978268,0.0033023874480603735,0.006669361290902313,0.025798686577683222,-0.0029936432096575372,0.018391106679021493,0.004508980747112941,0.0,0.003474492873332286,0.003124182147273296,0.01969389721705147,0.009527394926818845,0.007744188663372868,0.0066968667883510625,0.0057505844495461195,0.0008563768469506179,0.0017179286797683578,0.05193522252262754,0.03985926987364194,-0.0190955643968543,0.32575757133873035,-0.0031775015969707763,0.012014934245745186
41.776,0.009278674626561689,0.006527765543485801,0.015927087929706377,0.009164750494458175,-0.03183392024869285,0.0023055895694946696,0.00492746999159122,0.0068292457227869426,0.03223176574829813,0.033395111063555236,0.003838991381209839,0.0,0.01355924312357426,0.011880381459398747,-0.00020221200784868018,0.0077323613309629,0.01724458127620884,0.02547889769558481,0.012411211571019216,0.10071773287673108,0.006286178810937387,0.10052759984268794,0.010609522963641855,0.014150951544140812,0.29758203908237263,0.040742702279877765,0.0691761505248718
42.277,0.015754391838528427,0.005856452867396147,0.016787128611562823,0.016275477386589722,0.013121614011982434,0.0022334157932611728,0.008237620926534699,-0.001392735206531002,0.033508234892781055,0.05826313414406658,0.0028446033150219437,0.0,0.019065047568641743,0.018013647558003814,0.008935915520423636,0.01094397092084553,0.02121631692123866,0.0373811154007198,0.016620809526412844,0.08994060251712793,0.003321164365154841,0.08933011644650454,0.015475798916169476,0.013356947247265787,0.9004006674565682,0.08480754068115112,0.09475083816091737
42.776,0.010755349529860202,0.001338755091049707,0.009766783491995357,0.0024640119755082544,-0.038259639835486775,0.000560630920248703,0.008007706846987641,0.0021954583913649105,0.011992461211867093,0.032943675257899326,0.0055226814626514,0.0,0.0027320418380006924,-0.004056336384067142,0.009956276611774683,0.0006754421686790618,0.013427251494042872,0.011097806357415118,0.004511096017813504,0.021295577489965394,-0.0016051953737822567,0.049228074852379816,0.03866752258383666,0.0005223918535751843,0.16247802891520255,0.04864815405732292,0.04009832510669264
43.288,0.008980028878671952,0.0012126715370673366,0.002841504973594323,0.004848363718233153,0.01835908691608151,0.0016256782154077454,-0.00019249481024028383,0.0005416192469843236,-0.0010512774174290386,0.10756876258931963,0.003037023294949346,0.0,-0.00015014910714963232,0.010610954602880177,0.012711277895468064,-0.00043776013586191784,0.006216713750884031,0.016032001456198267,0.007950142629319666,0.004478356628102749,-0.0016920920666806231,0.058999859087355215,0.030192194249103944,0.029756194960936462,0.35563590712823884,0.10861050620352082,0.11415357801200114
43.777,0.005750930240422421,0.004956606667728324,0.005594915055559018,0.00895913298846475,0.0016749552767466058,0.0030489510258129467,0.008686788853616255,0.00799374746737042,0.025809149873732996,0.026501803849974536,0.0014248800688657023,0.0,0.02095503292188462,0.013382627497458603,0.000877250506683282,0.002197319154953825,0.016189149974136185,0.0185034674985058,0.009829060833578308,0.06093348170690253,0.00410925945722551,0.05829752724496748,0.005117079350259084,0.025143011073452237,0.879917783458616,0.005772356041754031,0.05313232086666537
44.286,0.007409024779434536,0.002709368562983641,0.01331298970936479,0.009319014077611426,0.007457771824479806,0.00108748984863351,0.006640361715853751,0.006014012589523318,0.028151557158816416,0.0474605085076087,0.0015447159099256343,0.0,0.01965405719409558,0.01980458510096834,0.005511511725645379,-0.001048499021677422,0.0059997204739842686,0.022084258069144824,0.00976544676338295,0.08317824006465904,0.0027120411855998455,0.09909654175240173,0.0020721601914038793,0.06385624171024161,1.3219621696492077,0.021384513274131167,0.05145998572407511
44.776,0.015752561916562956,0.005023078440250097,0.008691363762547808,0.010136020550622125,0.07716243031696654,0.0026764917768319946,0.0038663547412542926,0.012424048494192664,0.02758694935998656,0.015756327231444447,0.003334332661295789,0.0,5.8391319446942216e-05,0.014277601534731392,0.009410915105765676,0.0009848771315535529,0.012626251945870007,0.02416786184028609,0.01380017279564403,0.050676691637953235,0.006449569351808456,0.054653480727426915,0.01019124288125508,0.052833773885675187,0.24806958453143438,0.04311773789359594,0.016832475410117904
45.276,0.008177431078231838,-6.7733767357930645e-06,0.0018997657401304653,0.005285774970093298,0.08719689582733556,0.002962212333214715,0.003091860847178183,0.0028969621506765783,0.017178265577733127,0.05941560037319615,0.004470761606452187,0.0,0.002722451578092936,0.010932327286528555,0.00694232500801448,0.001647198068602969,0.012811179140838411,0.006105993746503832,0.004690430099328778,-0.0043877483943789725,0.002723505825714744,0.036713299259876035,0.028505251912491578,0.014016003064579539,0.6657790579600629,0.035323967753232016,0.09579691151857089
45.776,0.019748190534121985,0.0018055621510595428,0.005420390293872351,0.004209274167267093,0.03846367566244339,0.002466438983087559,0.0030857259297230864,0.02461513829434177,0.02008948382822877,0.04632645514378975,0.0028154567154352193,0.0,0.005519421394735832,0.007896346290991738,0.016347811605851376,0.0059578046537631345,0.0067149345985811435,0.0039161378751651444,0.0031340977755842936,0.03590117598662144,0.004872265654145867,0.018778464995321386,0.014190017782089661,0.022160299282811546,0.9349812596708849,0.0637012091404713,0.02822509958747822
46.287,-0.00031290294368031845,0.002018396598468684,-0.001023219855061066,0.003381162823279549,0.02469734169054175,0.001345400438628799,0.0032536132043679312,0.009579407290557179,0.013256702410634277,0.018736296223986912,0.0018691255804693973,0.0,-0.005395639465305023,0.010277788523534512,0.007538660383980621,0.0008472992635918149,0.01174391789494959,0.0018599014239771199,0.0016306524526898375,0.025514468573564566,0.005400762953709831,0.037361421240523336,0.018894449420797623,0.03925868389088222,0.147157580531149,0.039358945082948384,0.07628993161076555
46.778,0.0038287406217285226,0.006072049855418882,-0.0018688255738725258,0.012012640766482076,0.02453617890918272,0.0012747308569756722,0.004223378596666166,0.006048750185656634,0.039966793443051554,0.07189498595814874,5.497440592379293e-05,0.0,0.014243810018807259,0.016356199634096846,0.0085413403738365,0.0064141522040232005,0.007518745179313644,0.0259323100131787,0.014657169182400885,0.06655833579549403,0.008991087294808294,0.04395152008930024,-0.0033643861232888774,0.040403803890299905,0.6294817468688445,0.01310584121931993,0.12021122508764345
47.277,0.006420699049114628,0.003889703997202106,0.016703070265744514,0.012606928447896579,-0.011651413396197652,0.0019564009509417503,0.0013803336108484962,0.0070231324161225414,0.03979380751094187,0.04488833281302816,0.0005666010548227969,0.0,0.011268044513592819,0.022299989774760918,0.012314167054846078,0.00011927966644898983,0.007756678854600395,0.027862664959489584,0.013992502971147208,0.0729546405102263,0.00657901061461845,0.07127108358077683,0.027126218365144766,0.033748301757980985,0.470104116279993,0.11182375194745091,0.05890699555535324
47.776,0.010059656338024131,0.0009040368432039219,0.006536474028171534,0.009883528908698565,0.03564500782364408,0.00033140193111330017,-0.0005980323601258111,0.013882720331557722,0.019460657359913452,0.05172957348077096,0.001131187662030237,0.0,0.0011269871541212378,0.009825211645163229,0.01831153055619591,0.005139558696060821,0.012657391831016057,0.01685815180923679,0.011923927250668423,0.038110602854973336,0.001220734513228539,0.03582304360023571,0.039009141817929326,0.021773846541979867,0.7697770508624447,0.07081457554321692,0.04965591499362229
48.289,0.005456955674713054,-0.000878030438184424,-0.007219900190321313,0.008089290415460281,0.0007749697742451547,-0.0006021528755752149,0.0017369835267748905,0.016050104840790516,0.011932543162427247,0.05643671731031723,-0.00023736672035327665,0.0,0.012092102524126253,0.006739305178911801,0.01233129088412122,0.008421497677386954,0.011368741700250292,0.011911560667975126,0.006467225008518629,-0.0029753329559857114,0.0025780539220332456,0.01728996453094838,0.01933148505246386,0.004637191966092439,0.34581523615250753,2.327482241364649e-05,0.09563686488334783
48.777,0.013280137343554396,0.006226610280030967,0.0066111903430695305,0.007151979710130441,0.022557813321553023,0.0020962173303190794,0.006193571633658618,0.012656564835982424,0.024641729822491208,0.06490202393503604,0.005264486779008727,0.0,0.015237648734080535,0.001287911428544672,0.017475161561965304,0.01419285405161353,0.013604590610327197,0.006532228992523093,0.002113399750537695,0.04647914088500899,0.001206156575517244,0.06818341194507316,0.01697970946308548,0.029298298070461585,0.40026452958319003,0.15027806387483447,0.06323711893513534
49.277,0.008401197347433435,0.005509831812484269,0.0008686229779951633,0.009208475070692114,0.0790140263032687,0.001818951191538732,0.003939938713636464,0.0037564552160804757,0.044353021494727675,0.05094553507605571,0.0014248986667160643,0.0,0.004503464143391676,0.01587645636512076,0.0006276914395195623,0.001123120301958258,0.01445596929022383,0.02352580211506829,0.012723491792279577,0.06868742455977737,0.0035903957007359195,0.04249531512312284,0.00017097282839174306,0.03130064907477012,0.43361136867034383,0.015809146194400322,0.05646134071825123
49.777,0.005353041662515549,0.0032051446239831326,0.0013477748374174647,0.00818513462542162,0.022224262663478496,0.0013974606597177799,0.0059575933109151675,9.838630801535597e-06,0.031773325142106276,0.05173231948845124,0.0012681378285271778,0.0,0.004306188941683161,0.009168958205450621,0.008113248489522865,-0.0027848316448218836,0.011893287846542668,0.022075554722708203,0.013811425641618313,0.07512725129973542,0.007298631333998028,0.025442772472906876,0.013356000376916078,0.04667872896135416,0.012214765810418976,0.05460696470694528,0.09917526348891897
50.287,0.00681466415633965,0.0016821387167279685,0.0009874686560252019,0.006984769983400318,0.045248440398871645,0.0002660386932241097,0.0023330236546231,0.017743987227259138,0.01790265185439384,0.0223931053391048,0.00024472704061492324,0.0,0.01473080806462069,0.0024642082906470605,-0.00028975836571376693,0.0100533827026272,0.0145860244094518,0.010717974781258703,0.01138173290160718,0.04315223054497883,0.006006178480293906,0.07301811449792919,-0.0028169634532543265,0.007774016295434396,0.817406658057791,0.01438324731200471,0.03694012328204462
50.777,0.008146102589169512,-0.0020012967774427214,0.0030021925394380874,-0.0003665030305833259,0.111781167301757,0.0012739774913259362,0.0035158422820897968,-0.005902778993378393,0.009118416017263323,0.028338106834985173,0.0013327111264357942,0.0,-0.002344214267653672,0.00024363899164282646,0.004563598461982742,0.0080747842816185,0.007015731935443952,0.0012181346002739593,-0.000734659533094148,0.02804468631209255,-0.0020414597795779094,0.01642374366508527,0.04679851290087482,0.03643610744991255,0.3587100059294284,0.00443749376847558,0.050168169668577886
51.277,0.005519148469366264,0.0019496981957676225,-0.004298944368035836,0.004038749458502391,0.039410922650359406,0.0005943966436526546,0.003165689658015204,0.0012193512510810089,0.037861046643397636,0.04320098255878167,0.001547822293514762,0.0,0.006478813333624286,0.014517975446522127,0.0021469104776134836,0.0031743019716644156,0.014810332721439853,0.008534137127150617,-0.0006404435900696361,0.03866498046414611,0.003961576698690696,0.0577255972043321,0.000981636553587438,0.03650113747007312,1.3032967594313762,0.06207321445155867,0.058104220863273603
51.777,0.009171050017668032,0.005636751380098769,0.010156995071228487,0.00798197475613578,0.08537286109161918,7.890242079979698e-05,0.009250746781994024,0.003385537038943213,0.03961647013851396,0.07167761158037439,0.0006578399728086975,0.0,0.014514237107229341,0.007701840051573872,0.0004841090744925141,0.011941827150771469,0.009221846384452795,0.017381717002404075,0.01150905343613864,0.07310597359286658,0.0030217014215015263,0.053333590756927535,0.025019756041365845,0.045090020121485164,-0.2004204302611926,0.07790571002168993,0.06701510184195254
52.276,0.011443582463585417,-0.000880668999294943,0.015471971577692081,0.007166108705656792,0.13614538033447637,0.00146866918230652,0.008439901160825738,0.016799797786818896,0.006275093941846017,0.07485418396346878,0.00022155110356525097,0.0,0.0013097260833607857,0.011907381556144942,0.020493314449253824,0.005160863605534783,0.013842456375943763,0.013544337366048226,0.00743055466801599,0.009833826313460897,-0.0006288778047341493,0.03773183714883756,0.07306438613216956,0.015217533847671197,0.5223653708203274,0.20412617073960945,0.04956100087255506
52.776,0.008525468938345446,0.0002000409567712181,0.009566438267926525,-0.001590409651605803,0.09050901696403225,0.0011351024326941308,7.332750705839963e-05,0.01696519975685714,-0.009605802689084326,0.05410868322921673,0.0023844129385667302,0.0,-0.012095777847540382,-0.0015302197000829042,0.0034428790190692204,0.017138882762281465,0.010411882899477443,-0.0008365092684639825,-0.005487556764512635,0.0008377149455026149,0.0001076071582821997,0.029498734499302334,0.06486720925290068,-0.004572094554734765,0.6068099577644395,0.04944248685564541,0.04561870628595954
53.284,0.008961813043462923,0.0016838927295813018,0.006406484277849621,-0.0004954781435488826,0.13619936983965986,-0.0005373359336041793,0.00017367597832050637,0.03264958741092921,-0.006125344865345819,0.06852284925984961,2.6885632776625715e-05,0.0,-0.005486901607963953,-0.0008949548917742663,0.010896592037168924,0.008968637083871567,0.009785025566763748,0.0017409511561608628,-0.003971682739935677,0.02259893382521276,0.0002484153876599756,0.00788073217314177,0.043609712947874656,0.013892615939511754,0.8013914803948163,0.09242799118519895,0.08590720099502663
53.785,0.007959132890245477,0.0033983747433533745,0.009037695943516784,0.0046992796179063144,0.11986775532215047,0.0005040346260539127,0.0004147079243039253,0.03476277351124706,0.022415324940954433,0.040587345101199074,0.0008813206315038836,0.0,0.0036300987761236367,0.010254358123719687,0.00909686663021492,0.0032512920874132436,-0.00040325336733046537,0.013019006169115744,0.0067989826973091725,0.056081006197490596,0.0033090740411869956,0.03785159737844507,0.028131539729387176,0.06971547942410362,0.5549162846532535,0.05717153411849372,0.0851741325811146
54.277,0.004962702053478899,0.0009439896150443936,0.0016213759550013167,0.003078783421995008,0.05051569061541057,-0.00020289193919983706,0.002169258358859391,0.004554249985920601,0.008220601698975153,0.07744416187085305,0.00026125803038950824,0.0,0.006349685383511106,0.006468186216023472,0.003456075929577218,0.007140409871873383,-0.0007266978929573949,0.009545101651162624,0.006116198318169098,0.019177232717462717,0.004399586804578217,-0.018417046692032906,0.02970633278524686,0.0816515285578903,0.1940478564444643,0.16989096552115152,0.08391340065621344
54.786,0.008718539431690226,-0.0010522582864538482,-0.004912468190266244,-0.00011348560262170528,0.07261114107493703,-0.0014904696646934944,-0.0015297329430534264,0.01286587453964446,-0.004572179978657686,0.05208333286748684,-0.00035773510307994923,0.0,0.0009503616977831983,0.001647409864001948,0.012652781622891912,0.00225245955442021,0.0035407758043497096,-0.0008694333017874679,0.0017284669661683425,-0.02691912197154353,0.0003821921854359567,-0.013809757022593308,0.03758737115722586,0.007141666702291482,0.3935751121864147,0.101850277456707,0.06074843008008499
55.278,0.015295870487102375,0.002109046524884945,0.011256649404991234,0.0018953080529685634,0.08993033925760298,0.0006771817871084149,0.0065468726371231975,0.012388854585235339,0.013319338694598162,0.015303467122000154,0.0012102244746431832,0.0,0.01369689023701016,0.0024073183255169956,0.02119876866792685,0.0047535391705764915,0.00435118652220705,-0.002096174410096487,0.007934205566483206,0.032937008962714384,0.0019764612189571173,0.0005117846474282192,0.05819602380915324,0.027943099573961575,0.006567028155973198,0.017206765543822396,0.047057944287100154
55.781,0.014002523631789401,0.0040959953392378096,0.010827452214977206,0.004586475272351918,0.0509190591969248,0.0033468324736118,0.0048869485450183225,0.022633389972608196,0.016178932516590482,0.012201029687795987,-0.0004108756174665864,0.0,0.017063323999041244,0.015504436737112876,0.01682209637731179,0.007336580806083951,0.00020163571814098386,0.0029950193578594303,0.004529962598503003,0.05705521107051414,0.001397990348660646,0.02843938787830202,0.03585194762281307,0.024804637038871043,0.20351617385110962,-0.014918659682774529,0.06450121653558187
56.282,0.010644649984963098,0.004305085681776017,0.006948287711326398,0.006942400817288249,0.0279577579362542,-0.000587864867677091,0.0016411284254150666,0.015462085687875542,0.02590561459322721,0.034374253180506256,-0.000386317320101509,0.0,0.009394373856739321,0.015482486876788508,0.009248805189361466,0.009976588645329429,-0.0010185489994819512,0.01079794422214403,0.013939008422678329,0.04721499207884625,0.005209455933207156,0.05696168965387219,0.012950938103280869,0.021180273464287806,0.42384892241703004,0.024448791970639934,0.06476923545220906
56.787,0.0156792000147444,0.004257734679283073,0.01266922492382951,0.007172050404081505,0.06873340646546458,0.006129062202235014,0.008481067753311684,0.026615861029446,0.01695006985371215,0.01191656210313576,0.007281149577612899,0.0,0.011999671765583107,0.009589020063162498,0.0057872126711388016,0.014325438485665231,0.006154099621847097,0.01664079031259311,0.006439759461495567,0.03319558057684273,0.010542311086771875,0.04039758644076522,0.04090711716559633,0.04041273396580979,0.4662186325613518,0.05292189140669554,0.026076039486061648
57.284,0.010765208054019183,0.005474889391145598,0.008465037329908467,0.006622172515724075,0.12189538038526365,0.005307661636007,0.0071801700163401285,0.017325400581368753,0.008098599859494704,0.09069500949684046,0.005090407482503813,0.0,0.009383373104785875,0.012658102948782767,0.00840928748254598,0.00836486525019398,0.003775351800244936,0.009180652108840053,0.009146356797879968,0.0051799365867865686,0.00831238221881155,0.00298111706441448,0.0496091183305695,0.041403258138143294,0.07315493485932287,0.077295153406357,0.13475249929546274
57.779,0.01827079896501647,0.0034701859238809767,0.006326520059379308,0.0002249750789102329,0.1606668635750758,0.0037829336311613485,0.004439945772548634,0.020439592711645378,0.00425532201490867,0.04156405629704627,0.0046311205677098555,0.0,0.009917821542744544,0.012231578662510624,0.005707717996336319,0.005227331816505914,-0.00013719378581199978,-0.0011212166406229212,0.002113108981520722,0.0005010692099800386,0.00969781383536899,0.001399148585105124,0.041170598429199366,-0.003962382420933294,0.0013678198683382183,0.10859103472641754,0.04354880728860138
58.277,0.009931713127624886,0.005323847371623204,0.004386926793399195,-0.0003823261771868748,0.15057562425716273,0.005199614994049382,0.002617926233242427,0.015711988829729497,-0.0012746252900059027,0.06250489165102464,0.0031605178083715492,0.0,0.0064106987276775496,-0.007322636357406064,-0.0018642113419836273,0.008614906749233786,0.014763250684579832,0.0026904163362957323,0.0014116536914678987,0.008884024190592468,0.004435833248789158,0.016546626377679695,0.044867824336389535,0.04120865913651,0.7871107558869045,0.11186997845151811,0.04405878510485205
58.777,0.019743597245546165,0.01021567162346337,0.01743750330467734,0.012431557589701483,0.09460570850028466,0.004388401722081229,0.005945303839492106,0.013061796222174541,0.04152490626087167,0.10364671069742214,0.004178936318077211,0.0,0.02679721816414821,0.0033740831732677083,0.005601560586551621,0.017350362010363222,0.019449586206903378,0.026584180049092666,0.012826289720115288,0.06856175759978399,0.007243016601500124,0.07311033184762641,0.042601155541578985,0.05227756802314431,1.454584650457676,0.09741882946995228,0.1193213564883569
59.276,0.016357729177063546,0.0074103888316619055,0.020251594442321916,0.008713711473220908,0.1504215099392204,0.0037891251019283537,0.008195297972011755,0.011142958331970364,0.016399705921643613,0.10683132041926208,0.004575823511369445,0.0,0.01477326102646807,0.005313703258433727,0.0014733316774951507,0.013557409601722196,0.012677243870394202,0.018213497040046652,0.0141930836782526,0.056904705330266384,0.00996699346148495,0.050475271216050326,0.043250391325791726,0.04290864158390041,0.08867500948138496,0.1759153573602772,0.12344196492912442
59.777,0.020249613384139425,0.004195068792611793,0.01981022160387948,0.008466177048238491,0.12458313218884175,0.006130631246411975,0.008447819815011002,0.02239259102677265,0.011203999252064577,0.04453545379725603,0.006264709553073157,0.0,0.021442133530987995,0.010243962019653233,0.007386088581311118,0.011645989426707972,0.01609205579614966,0.017585412281644577,0.008534536522100377,0.001485022265274853,0.009870690491418296,0.0578899682706333,0.07039301973241553,0.0008478956416870151,1.0144168420511261,0.12688011829454524,0.018380480206207413
60.278,0.01856597472363033,0.002492294722030061,0.006683055338926121,0.005558514585017531,0.08044262155178752,0.004061178640525761,0.01142962192540793,0.01989044826818088,0.0006847551002631052,0.06663171176958443,0.00420607138930184,0.0,0.00873303149246845,0.012598501613776271,0.016895751670630343,0.011242736848230395,0.010634554668097965,0.005630717154689756,0.004520007866792238,0.024106830800717342,0.004439271541702037,0.0002883812007841536,0.042940354806224795,0.02214221208333608,0.846396662785172,0.12034112055253193,0.05156726975260122
60.777,0.014085309183377769,0.005526631144684378,0.012169564924508859,0.009426774351155737,0.05163179498071966,0.004644791839943607,0.007828559056962437,0.013422463889250403,0.03600695249527431,0.011139189167383356,0.005545267075047786,0.0,0.004455939935765553,0.014541234025183298,0.011164777354442301,0.008139762442510908,0.010979592511541798,0.015459018203031246,0.012962405575233411,0.09418377821114829,0.00914715374745622,0.0625426526530652,0.01830465440701707,0.08999460401868316,0.47126603618615803,0.046029041683912336,0.009530091918339036
61.277,0.021994553984367223,0.008038202476034872,0.007210886389216449,0.011764670867917383,0.030823108102293856,0.0038664866949104227,0.007213999058609207,0.013909742366947107,0.04236050759238696,0.09330033379289088,0.0031054868626368805,0.0,0.023558828186119866,0.01753771209660878,0.005301010226828994,0.007615398737728951,0.008152323318621646,0.01874869929094757,0.02035663364325222,0.0532809482223521,0.00874558770560073,0.06597530382578964,0.00546079185555845,0.06899983073294506,0.6061536752644463,0.1919548489242476,0.07387582631198751
61.777,0.01879335821675657,0.004372533811156094,0.006253073666720266,0.01306523219099628,0.06716533584429075,0.00391761391971571,0.005782602164451741,0.011058993784923527,0.026453865944961324,0.05554686865410557,0.005635963597081865,0.0,0.01705423892155363,0.026557369637511798,0.01738803548309891,0.00513142731840343,0.015029825888869659,0.01852119474458632,0.017924735079106364,0.029215452230040965,0.008062003135578848,0.05024226004351169,0.008338265703925945,0.051762085251256224,0.11714814496669937,0.11713723860313051,0.03437606304409855
62.277,0.0288710682009057,0.006152324590405839,0.0025174244247330294,0.008214274247998176,0.0782870568997958,0.005060090670141477,0.005802439160403504,0.02380628535421592,0.012600623945715374,0.06213786455773008,0.007493879152324922,0.0,0.010554664362255587,0.02051824501802044,0.017028043649469273,0.010008570185588412,0.005728791268860766,0.012957380639327427,0.0054249756253759145,0.02106640427409002,0.001832333611756746,0.03666606923208956,0.005417740183907762,0.03766347224837751,1.1641085980947654,0.028876693444663596,0.11004712828229035
62.777,0.02064096419142164,0.004457529151992703,0.007486294609472611,0.005748473319720506,0.011716935596736876,0.003298262219832581,0.003060917115435349,0.012557464924625146,0.03602253019339835,0.03866730234603108,0.0034471042579948506,0.0,0.00765879878799249,0.013060580817406143,0.011203973716429724,-0.0015673885441422548,0.008615183222524603,0.008911104409438724,0.011571320156993229,0.06873367359293708,0.007957849972792851,0.024239717273169495,0.01340653981694615,0.04584480557724374,0.8318117702225021,0.04022808587974463,0.06606704269990524
63.277,0.021721006653108454,0.008140268185272524,0.01451985019690017,0.013102622220643251,0.03839606901712356,0.003678174529689868,0.0045393883782909004,-0.0008995294875351543,0.03593392043859849,0.024222502610488958,0.005537423688092426,0.0,0.02166099872905404,0.022933813691113334,-0.005368114630534624,0.010708537228779498,0.01763619471942882,0.02248142383918661,0.02056150557988473,0.08660373696420452,0.009696693003216239,0.0811617994038377,0.020955061683705006,0.075332628877365,0.8291703299723677,0.04279267748801278,0.049652861093138344
63.777,0.0075036140809302924,0.00020692626835017538,0.00759223106314616,0.006389006229199525,0.04487203938843931,0.001707838734426713,-0.0017000521172003057,-0.00571358165699545,0.007847527853429955,0.012128160584543933,0.0009317275191027666,0.0,0.011396616289479133,0.003770418212445717,2.5284320567909437e-05,0.005431369829678388,0.015638713982985747,0.013797831209353352,0.010661323981671543,0.012062086039033358,0.005587770390930077,0.015646980147977167,0.04795789573051286,0.003958002797076996,0.9648504387198833,0.004338309279886195,0.004145729564129169
64.277,0.022914986652865833,0.002745668550959485,0.012419219243109684,0.002590418268092333,0.0991060185079882,0.0034055317253694657,0.00450168626544469,0.015298425878352824,0.007551121689638342,0.03177503181155094,0.0015343966994488944,0.0,0.016135314662471763,0.004481170751278595,0.022106771329991778,0.009938730899328676,0.013189029578863629,0.00023464822305280573,0.000575876942679174,0.010476200841946948,0.004942709066780901,0.0390265869472335,0.06054524795647419,-0.0011364966490159092,0.4762912487321343,0.08481227924569154,0.04374979773177843
64.776,0.010618473776788635,0.005398105715023876,0.008980225507910899,0.0016009934570424442,-0.023062817906229865,0.0006985143956583764,0.002642536410497247,0.0034572610797070718,0.01741495565473509,-0.010549417099174134,0.002605667362480421,0.0,0.004083141572059059,-0.0003730286572870715,0.008281602586509725,0.0011422855795327532,0.012668659792535997,0.011142541150752088,0.004749958285797315,0.04263005160796668,0.0014993459414022847,0.06924520304430856,0.012324182384774292,0.035202490538875544,0.46248635111062514,0.03991621582074627,-0.0275282368631297
65.277,-0.0012953438455141234,0.00803753200148336,0.007079942441282103,0.007490654728496576,0.03344719435915266,0.0008035427410722524,0.0026097676009442967,0.010465178355549743,0.03565546814511381,0.018198742888931804,0.0005850646343531788,0.0,0.005451795124773594,0.01440800436098254,0.0027347199918700328,0.004652568247214013,-0.0013794933425699673,0.020508684230747618,0.015211181144546526,0.08000626311098623,0.007990935212973976,0.0708356592182409,-0.007156237316838204,0.08037119641949352,-0.3365085602216735,-0.013270312262260019,0.05410874774049366
65.777,0.007303464923943485,0.007384475251033361,0.007288628332278269,0.015105513272237426,0.04457260650291258,0.004342364499045772,0.008477474105108202,0.007620296770847162,0.03673990647051944,0.031123984518100677,0.0038332128987213763,0.0,0.022930882049826625,0.01843450927387663,0.012727853953768206,0.012075906889357883,0.009352886886834453,0.024333404761724832,0.022992901413752456,0.05479622052832141,0.011937896743983564,0.05684711238412693,0.0013564680546798683,0.07521277585200516,1.1757080817334276,0.01743895862658553,0.07734925625510262
66.277,0.001997422674680127,0.0014591633949009662,0.0031338038592200225,0.008795794949518744,0.028317360808742656,0.003481126213441194,0.005470946178942987,0.02174884198839664,0.03632323892458775,-0.03328876399614864,0.00276626811991408,0.0,0.01283025208736586,0.01462958080839377,-0.0003118893968504349,0.0042427394891913165,0.00755196195602594,0.024917208752967084,0.015230542553951338,0.03722298162521208,0.008327189513501348,0.004488986584524174,0.01740733619112093,0.016452581104515477,0.7792457793370656,0.007047244030951828,-0.018527690366105052
66.778,0.013147130655714904,0.00228561934985353,0.006537895519605752,0.0037603156885683644,0.017079885595011807,0.0032233874484187113,0.010389596694936071,0.009898764344370573,0.005241271530046754,0.036154422882399305,0.00209352660599863,0.0,0.012400553886243055,0.006364697981895775,0.005524339543330732,0.007689132547113593,0.008787871170601548,0.011922733070890945,0.005206424901749104,0.030582106043076707,0.009186143733909205,0.011173891085012995,0.029756542739693782,0.003956421222472997,0.9468767710677539,0.038903648460325915,0.05328152977184494
67.277,0.011178282190351196,0.0041612360260684985,0.005822247564680609,0.006509853264294385,0.03852769789987258,0.0037225305042412316,0.002750874087743762,-0.00326130928409848,0.0297978556112285,0.0623544002216647,0.00460539290364673,0.0,0.00892013811948021,0.0073381105724008725,0.02223099304305333,0.0106056713810773,0.0180551267347585,0.01020079182319782,0.006312399924699475,0.03629621429607305,0.005085984918882253,0.03371949903674699,0.031185820137147015,0.07584718657162026,0.5858592228382473,0.10486226714256393,0.03354259489194534
67.787,0.000639127951625371,0.00116522230912761,0.0005407045508169084,0.005725589274458767,0.0038383317108965495,0.0022911751618194492,0.0035270325197067657,0.014108927766647891,0.010182714850289272,0.04169129982938313,0.0011452864694124652,0.0,0.007516277302127193,0.006377958502010002,0.019519713397905338,-4.796634961925223e-06,0.006102043773007542,0.009364787308639906,0.010834125068678906,0.01697310154945628,0.008318970627429232,0.010836846395629169,0.023657494957951893,0.034789267265038094,0.531374273525602,0.05956770244652814,0.08458670703814296
68.278,-0.003947186630926237,0.004932412121414106,-0.00018966869520871063,0.008571752157041038,0.02101724211158147,0.0021813282800852464,0.0006464033845014891,0.015501096047823341,0.03026832567745626,0.0004614058838030004,-0.0007294954078793861,0.0,0.006971126141701025,0.011291552005117703,0.0013384431453505733,0.009324118310222024,0.009196525807494872,0.017533984788693037,0.016209467193525583,0.0372276352907312,0.011886892677563203,0.02128291229475713,-0.009080871529162355,0.025044807923196973,0.737702264539361,0.08157903014489976,-0.012079599374128305
68.776,-0.0020912740370733034,-0.0010496160056269153,4.74171738021444e-05,0.005945946345151842,0.04805706964333912,0.002022072504158983,0.002800516563355116,0.012569860548877074,0.015787774107253873,0.01567072404866953,0.002263038307112485,0.0,-0.0014944846454583826,0.008322515694811813,0.010462437427003783,0.008688750616740216,0.003232735567004461,0.013870194175540092,0.011010634151298522,0.013609813331768491,0.007599253268421711,-0.004239836694855852,0.03650798518102024,0.03362282805067847,0.6726066057268842,-0.08620669663601513,0.09127226536338859
69.277,0.010182733429413246,-0.0007082494333625525,-0.0010212462294888211,0.003631505147197286,0.05199131901280299,0.0022589330599723464,0.005222616393026163,0.008648364190525979,0.013295014275531654,0.0026382076592325367,0.0018061861795752576,0.0,0.006510322617176433,0.016549963374855994,0.008704991248885185,0.00685005794124069,0.0026252469086453555,0.003679968928627323,0.00380590295355328,0.013722593388875583,0.010397793597399398,-0.0015781087011206801,0.00445493059770811,0.01647378486653667,0.5568750496558839,0.07273225931076159,-0.01539737902293081
69.777,0.000563407934058953,0.002660119508316794,-0.002841795046183047,0.003834185191405473,0.02568933014328211,0.0025600459058616513,-0.0016899405231142505,0.011888565226048154,0.031189654067438385,0.04290946439290875,0.002298296523092065,0.0,0.001171407119429857,0.012985992510296964,0.01888589768432456,0.011082025392922013,0.0024794150029229384,0.00744553042242771,0.005523443887893652,0.03093047147996068,0.004904742782110197,0.02476766152320072,0.008820049972140621,0.03749177634126894,0.26560243446666526,0.08967638620499783,0.03522355536471224
70.277,0.008863427572850939,0.00563491878882275,0.004849266654539155,0.009660104237134917,0.012177589063113068,0.001590047313395136,0.002788371152984613,0.008786389808318643,0.03415385458403192,0.055098380764125675,0.002310441408352456,0.0,0.0009121291214579727,0.013413517584095794,0.002512867085147107,0.0053609026488029635,0.010915615762199356,0.02300571040789383,0.012182516268079362,0.07067175667557202,0.007489543944650128,0.04697373653816285,0.0019477363601530762,0.040588299751450875,0.5671337788819227,0.057031264037764026,0.09790750916497731
70.789,0.004859654481292507,0.0047821878183040446,0.012200765006135282,0.01064187352519824,-0.025411571876809383,0.0006541748976792892,0.001430789885849317,0.0014813504303003665,0.048536862520690345,0.07927436972912687,0.0005180816553687549,0.0,0.01309343439022227,0.009383583864726869,0.0016368254275906761,0.010091221913360461,0.01299626964105652,0.02889092606519619,0.013048800741714923,0.07139774787902455,0.006460878464092803,0.09266783523794811,-0.0016529324055562223,0.05084069180696829,1.8843565035264396,0.16211705395532128,0.10809243575863824
71.278,-0.0027349671135529145,0.0025017265647521237,0.005565993537423333,0.006758354527079515,0.000745870407140657,0.0004330418901987457,0.004451314203343092,0.017402598815075613,0.018079145673689793,0.005338619894136815,0.003765254265362697,0.0,0.006643485648796913,0.004587155266304165,0.011185266723380128,0.011457183133833619,0.010536106971124245,0.01235791218231872,0.011719395681348586,0.005747572669497362,0.006780527068207873,0.02992272612494191,0.04159532164169456,0.03466190361644222,0.573199592493148,-0.0280000539070793,0.06062553006440474
71.777,0.003929973117825017,0.007041127681691555,0.0011014238617725698,-0.004329837941247857,0.005919896416211956,0.0011213473318761056,0.00409313570471373,0.021314104352460842,0.00308809718671236,0.050477538364277444,0.002859145975628681,0.0,-0.005152986230839739,0.008780988051889859,0.007148432395882151,0.004333281410584972,-0.005343303994669823,-0.011041265917270069,-0.0018088877972063737,-0.012089470939443781,0.009122131766374698,-0.0005450134825991313,0.028299518405215687,0.01581242161861076,0.46351622867611336,0.12790196706653123,0.08375870802674378
72.278,0.0016090573871624977,0.011176989263370485,0.021110073529066263,0.0018480749215296858,0.059670585585894734,-0.0017599428895030617,5.941296804574802e-05,-0.01251934184578216,-0.013903336278805379,0.002551423634257282,7.257291193855775e-06,0.0,0.014924840982020857,-0.012532753997306577,0.0014589331074140056,0.012474758790298279,0.020099195523073068,0.015493624509019487,-0.0007839017667024966,0.06129701161928623,-0.002325455539556097,0.07337353642710902,0.048942488102233686,0.016585374718617353,1.9369954071220064,0.02588232593102367,0.031550966368699807
72.777,-0.0012564468919787517,0.011074747603339822,-0.0009825877494644055,0.008528254581910382,0.0027814638126343436,4.561831693865221e-05,-0.00034786846782054406,0.0005337893492093102,0.014963076906535174,0.038481437074368054,0.0013455622630620312,0.0,0.018189446145133382,0.016704485994957153,0.009700032804610586,1.3323978903778257e-06,0.0027212710978350425,0.020651659539269705,0.016106692113680807,0.04239987399611633,0.0010436134212493929,0.016072506399184575,0.00037408450586654386,0.034408073590827364,0.8447039742860806,0.07867246445602472,0.04255653447320278
73.278,0.004624815570883799,0.010294634534014049,0.01789899827535034,0.01101872298637271,-0.0432058465278772,0.0023515136503111304,0.0038990947153034086,0.011396341850676818,0.024845738104002025,0.04768416948833637,0.000662172563313523,0.0,0.010094879691088068,0.011653600148174787,0.008888710291985605,0.013694413892678623,0.012112775811862271,0.020737927371456796,0.015164805808045724,0.0764767384250082,0.004679246046512116,0.08444282148946225,0.023007997376682295,0.047830293327423584,1.12712860140995,0.07014207457818537,0.09773317958604846
73.778,0.006637802004115473,0.008595781306844607,0.007934556332589436,0.004176326553071388,0.04883077219054488,0.0025435309984340147,0.005281110382034682,0.014049900237070671,0.008048927232861923,0.028538757885665813,0.002680440719036937,0.0,0.009165777359002328,0.01348565139008032,0.018042547796075257,0.00019725352810078873,-0.004547732603408644,0.011811455173669168,0.010001158734738703,0.0019267544391475546,0.0066222683276654605,0.03670273682752042,0.04904676689382324,0.020187288833027586,1.254625889521487,0.04174507686371402,0.05044395331553344
74.285,0.010182442715270414,0.007474303061704916,0.011443368859850343,0.0027098155940732363,0.1436817812931536,0.000829479691371678,-0.00021389176814291976,0.0019426553881511112,-0.0003842463118559067,0.03383247911307091,0.00142651854117108,0.0,-0.002973303867048422,0.005571549951982123,0.020789948654284348,0.005831011763984661,0.005717535422358184,0.007629013493865922,0.004163463734796938,0.004685884797529901,0.0025728007418131136,0.06734734235336265,0.04608930670894899,-0.005702887035906209,0.513103337891187,0.1076933092386534,0.04264134992397107
74.778,0.016566917053304975,0.010439654011948966,0.008482281570696975,0.004443294585409259,0.1842083811803877,0.00046526901123952296,0.00508713307688532,0.0005165624442640437,0.018288311738613883,0.04449701798612156,0.0021042820430916312,0.0,0.0030809059909278702,0.009466103498454045,0.0018607544113316546,0.004870417746071266,0.010369343359079256,0.009770396149383024,0.006979360856520547,0.047447367532642566,0.0009227507456074591,0.047421145014679845,0.02283399967673363,0.01411822096274174,0.41822106972833106,0.09273887323412301,0.0807358205194033
75.278,0.006243997767146718,0.004410811092834815,0.009574093544376274,0.005493434578448639,0.11956127694270542,0.0009771389321343998,0.005180610295029762,0.02240642112320518,0.03265487724471638,0.05883354643341894,0.0008874192876618988,0.0,0.0026166421782895617,0.01393741899729481,-0.002877204822558521,0.0006685352842393757,0.010740512699223352,0.01753231694170861,0.012424038779651073,0.046546656581816316,0.0043449034890128925,0.054047439048876524,0.03199765863437035,0.03615031414196775,0.6116271938229617,0.09892183056665803,0.0809280840633085
75.778,0.018504512409370018,0.005142130152594465,0.00885528255868727,0.005800304406146462,0.13547353395592407,0.0007576742743482561,0.005199904816660214,0.0098035171418813,0.006633295954082749,0.038551680959184834,0.00357927009296191,0.0,0.005543971752504287,0.004474632661799352,0.010493254136620313,0.00841699594725213,0.009077730381581035,0.02385776691636998,0.010299049504186999,0.035678482695926154,0.0032201414211430347,0.016533929731437337,0.04048975772995425,0.012656672892580786,0.9725328284879371,0.06470593517943182,0.0891292680065184
76.279,0.02303144336127347,0.0010057481739910996,0.008065266930433223,-0.0013664546950293158,0.09015379063074552,0.001678953623702843,0.0042200070292577095,0.022216538763877636,-0.011330680282576062,0.01727605069098775,0.0016910521348952232,0.0,-0.012494203297089421,0.001637111607955597,0.0056914954078325026,0.0038552852455035354,0.004579359493181334,-0.002422081278605209,0.002613498309282066,-0.013006702159952203,0.007180770407475341,-0.017700718182111344,0.058194437334994825,-0.004408287586706691,-0.22415327007305755,0.042580790383205405,0.04873313622667284
76.781,0.02100861703657502,0.001227069464395939,0.005862485056359555,3.3780714604325006e-05,0.10109235764384905,0.0020147071356342496,0.002970978085420584,0.013241888053650426,0.000644274314069967,0.008094613471228683,0.003436470504055293,0.0,0.010278487204721,0.00025072444550485953,0.018339118227762928,0.004486077133989891,0.005936208232634196,0.0003432171719783099,0.0018770774112408302,0.0005416655350831898,0.0051407356842246765,0.00019076511586578997,0.049037519913338774,-0.012448823705455326,0.8644501097744196,0.05758265746912028,0.02368303122866171
77.281,0.012856275014136644,0.0026346929598124167,0.0038728850764563057,0.004961299235797746,0.1299927629409412,0.0005688310149549894,0.0033262764139278295,0.02230420319475232,0.011221846015115628,0.015296018115179106,0.00024914930205545226,0.0,0.013293371685944596,0.011741783391760779,0.006726596072555815,0.0042937020426606866,0.003018458756817851,0.00674889349662343,0.012194912104805545,0.03094978916834265,-0.00047243390659823775,0.02258179024018622,0.02392704498728248,0.02597119294904209,0.4728430248786431,0.0008037785681106885,0.055027546915602465
77.784,0.007866614216325238,0.0017522594305327797,0.0008512393727838063,0.006071597593857283,0.0964964393290737,0.0009786568377429861,0.0014420573189345034,0.012170996459336624,0.02000756018427201,0.040925629643841,0.0021780444804375683,0.0,0.005668094526555651,0.013593016485926888,0.0048615764714105645,0.0055448476304684495,0.004791354412075295,0.011803579690652967,0.013919171386380238,0.02393981881876874,0.0001233364903816233,0.007700989540583474,0.010998386301610395,0.0132551827431451,0.3839817003111864,0.0362016998457894,0.119681076740521
78.287,0.020021372381761743,0.007086037332224354,0.015956489721903406,0.01174554954793639,0.16630784846546598,0.004004322102073348,0.009770059747968197,0.031066177111470653,0.023106664787313328,0.0640562353981563,0.00269964465797725,0.0,0.014651111339417933,0.016443395461265695,0.012660827878090175,0.012776967867297935,0.0017365230335959748,0.021979057190973292,0.019025277164601635,0.0587778341622277,0.01224747631754475,0.05938670600392806,0.02082115844356251,0.052150482253965715,0.04390549459165304,0.059031232162506005,0.10393896953680007
78.778,0.005074968221856251,-0.00232740063483224,0.006723591006696547,0.0019133468069096728,0.14371626341149046,0.0010676065959544154,0.0029283909921763015,0.019886676861283214,0.004219234836674238,-0.017961140501257643,0.0017899284998315994,0.0,-0.016730928717520133,0.01220705182259819,0.016183088332160044,0.005748406425909909,0.002504499494498648,0.0004104627342521559,0.00024448805780119537,0.001852836558937712,0.0006293204635001591,0.003031576962997134,0.0589957621032504,0.007131904253173759,-0.3247981593037168,0.01207788873434549,0.01589712708180969
79.277,0.01283454474913426,0.0015048506165727463,0.020889503513776796,0.0009558171058691206,0.1665330462232279,0.0029756522547093405,0.005081066009208216,0.007383417516808633,0.0010369501111977125,0.03902124093051233,0.001831169685904312,0.0,0.008857199267427602,0.005192908002358278,0.016461812842828872,-0.0015881286960149064,0.010062257036520032,0.004794980914317802,0.0009066842344084478,0.03057399807821709,-0.00047433606638865874,0.06089496610685265,0.045033689380288226,0.037700332209849266,0.9817780106134314,0.07363216224506569,0.06194530095680801
79.777,0.010859161190780392,0.004930993678144511,0.008455092717151452,0.005968809271179318,0.10253132640837877,0.0027922990430344413,0.0048518256513560756,0.018305143936665377,0.026602054934495935,0.013621397672046705,0.0016348898182718327,0.0,0.017326206582483815,0.014505226356102725,0.010342578090616235,0.002043181743827523,0.005893853585587626,0.01120062136745908,0.0066298669070572165,0.038376402255535444,0.001426695929464707,0.011489436423676887,0.030115654768043783,0.008939070970513581,1.1011299667154493,0.018384431162295097,0.04878659838952796
80.277,0.0012438740043134646,0.0037471692512992044,0.013001022861657803,0.007535474494988572,0.08437748387069412,-0.00043612108015258735,0.0022064879673178647,0.007144958625908403,0.03343852321999064,0.034810684397870065,0.0006384346117770849,0.0,0.013413777644653522,0.01567864909024956,0.002722465671071729,0.008947123840430164,0.004344264076969352,0.010907714062422077,0.01630887565141055,0.05361470798062389,-0.00038093983852214376,0.0032021834644691527,0.057669830254688435,0.03890139080760019,-0.027434128692488437,0.03224743701613522,0.056240500484813855
80.777,0.004094326251573418,0.0024855508083711517,0.011397206766302846,0.003617569886948473,0.11200363841244287,0.000854934675722262,0.002339473174643722,0.020890751209940557,0.04055573973891412,0.04306197871107627,-0.0009377480561290091,0.0,0.007943550793032654,0.016988407181707806,0.00019526945659543226,-0.0001992232648528577,-0.004929646689462646,0.014025362434408072,0.010028732332614672,0.029726566182564175,0.006860875052136142,0.03487170711390152,0.03444257568767004,0.028931245348258125,0.2978122003528382,0.1122317403050088,0.022173569539469664
81.278,0.005898504723291077,-0.005368488947378367,0.0026351415195569067,0.0006081582858792515,0.07620772379170766,0.00023842445706322922,-0.002606226857900873,0.030058355490239774,0.01869490997365845,0.030013376564008848,0.0004263833035723648,0.0,0.01732652984542486,0.007103788382556218,0.008786320003310527,0.007967860200274112,0.002939682961438391,-0.0038540170599466643,0.001483248980361053,0.0019411511682928776,0.0004960193951843166,0.004777411873837296,0.0470111414609507,-0.003059535257705374,0.8586663915038486,0.04904880632381196,0.06026375818050996
81.778,0.002769842453212558,0.005672407665274888,0.004768647344648119,0.0026002217981133686,0.11932358108848155,0.002785514458716219,0.0034622708182078807,0.008762440751162939,0.038618727354874274,0.04952962938706758,0.004780744520115347,0.0,0.015246586662078109,0.014217214366554275,0.005641666771107663,-0.0025918844481150802,0.0020104659782406603,0.00823114402710568,0.006206511795711219,0.03600589694805799,0.003933964367648208,0.041171788075727356,0.01183103954078406,0.038455068436370365,0.8964266497324606,0.11685572605744804,0.016091712541581253
82.278,0.009556921696623049,0.007763773553634339,0.00583159070752593,0.01209669647732625,0.14161319551510987,0.003429250823602773,0.00512631706061778,0.006465644935837037,0.06270389598818082,0.00017115291926557557,0.003302282047462128,0.0,0.02975806876327672,0.020009861227871406,0.007707835105684553,0.010242040008468697,0.011813868272899469,0.019253099293696414,0.014624297831160999,0.05350361362224847,0.005193913700979234,0.03351187186213969,0.010831197140055076,0.061469146060889865,0.015620973443852795,-0.000673083568511819,0.024523718463427407
82.777,0.016184489472528134,0.006859595516557072,0.017348765811519846,0.012777626253414031,0.10403172465367451,0.004733092285544358,0.01204562032225756,0.012869006725534652,0.04283095151147622,0.05334972610707818,0.005153880004552487,0.0,0.0237423519421293,0.026971629303759403,0.012645977920378812,0.008808838849993861,0.0012052922741196644,0.024395778233698474,0.020247642912415507,0.04971313243595578,0.011256523937523518,0.05703443909025672,0.027118953019787045,0.09046866963951042,1.516482213363284,0.06722293039172401,0.07874990644085689
83.278,0.016975858161661427,0.0020362154983121637,0.012345244548608567,0.008546833195975068,0.06838841358715401,0.003476845418617951,0.008616217999828509,0.01790968669806141,0.033163395685376025,0.06864347794833146,0.0037284520027751106,0.0,0.010515516487869902,0.018963745888681126,0.014496752146377358,0.007744205668240499,0.003996631444066798,0.011280779921283264,0.012964658029730607,0.03667403984430872,0.008148711223388155,0.016772265277549128,0.0525710114763883,0.03066349302950794,1.1103149602950055,0.08165427043616247,0.09921697979188532
83.776,0.019754863803790382,0.004755167886505544,0.014349613912862092,0.006846114963124712,0.06344730941830963,0.005445179812970394,0.006872182066829309,0.02380625835032567,0.034743412108498906,0.03778410709698707,0.005026092568057141,0.0,0.015690429862952222,0.014550258106396726,0.015010441917776262,0.012303139923264263,0.009709585797910588,0.009438510033224106,0.004407829662579789,0.029598359681937882,0.006396427884770499,0.05171323824654425,0.04674201783751001,0.05991308658768559,0.683983302079739,0.1123187542951308,0.00901346426917065
84.289,0.02332035754660684,0.0062998503138519835,0.017672755873446307,0.004282069961031074,0.06107008078761243,0.003517525428820657,0.009369342407959025,0.019414721831048795,0.021087913991608222,0.07441888980670348,0.005202509923744368,0.0,0.014610807134237002,0.008454372225531805,0.004901647940166254,0.002985902601547151,0.0072361857028282114,0.005991435968308259,0.008340293185690512,0.048191739494188084,0.00783850578157627,0.050881435968653486,0.03694431393583919,0.04755144269350047,2.3217956030032374,0.10298145885006026,0.09871534204935518
84.779,0.014803934348148997,0.006237574398577969,0.004284230543470657,0.014479513752930029,0.03431688706821342,0.005194811198716754,0.007494104631441633,0.025444131464890073,0.053725463761181445,0.1126239382159542,0.004825678257974831,0.0,0.016975054778615814,0.018164031324152115,0.007425704176909354,0.01164817109866247,0.007984519438180007,0.024837518119702348,0.019480293379181394,0.0862435219138575,0.007934791843089598,-0.0029167817201758636,-0.012089405359166553,0.07096397821894694,0.4176339139882393,0.131052642992198,0.11501818998732297
85.276,0.017334939862975723,0.003761075760011232,0.009872118802208438,0.011039762099864004,0.16791862692902285,0.003708961666256673,0.008195219550536748,0.021150163423867704,0.03240670836701852,0.08805247434104262,0.005325034526479358,0.0,0.01822873558478075,0.022368468486558043,0.011723050022044199,0.007853719285521947,0.0018583350463130517,0.01332496753349647,0.014920647143332882,0.0361591624062614,0.004710818668036217,0.02157220786393095,0.026422009620130034,0.04904444855876554,1.9555880859264283,0.11413848295503667,0.10571607997298701
85.777,0.020615805468448996,0.0031908677469517665,0.009472230223194931,0.008623158307642887,0.531874111569589,0.004132755852500488,0.006630571156235178,0.03311420495802291,0.03163220619092812,0.12570812462139597,0.0035927091360374447,0.0,0.006660190742508857,0.020706090817537492,0.014426681932134082,0.011047451931160381,0.005172198512796013,0.01034346990807596,0.009486584785125865,0.006366626183314924,0.008457315584520793,0.015556730734429829,0.04543809744621741,0.0656401161189496,0.9557474481469974,0.170277218293198,0.10842418528146651
86.278,0.025951208306108108,0.003417060610759487,0.007120115031802951,0.004043373568289813,0.531009065953891,0.0044311113810113064,0.0003400045957070029,0.009469762360840987,0.031591238775470765,0.08004110314767685,0.0003067176069175088,0.0,0.004826383413421497,0.014658729545464494,0.016221321597960713,0.010586313514780406,0.007821735011765798,0.0052871875421213466,2.914459498255545e-05,0.02299545879205949,0.00430785645517736,0.006895022154433273,0.03669685436218494,0.04998050775225521,0.2614353682830386,0.09396703922706755,0.08357390641551923
86.777,0.017181967993308074,0.00866063396871855,0.015172813224522222,0.012593787082846879,0.5133755018912504,0.005513105835216453,0.0049918568797439585,0.0221490438130082,0.04916164964520085,0.11763543182710198,0.004243804712509021,0.0,0.02626769808526045,0.026287307455898076,0.018880965541520474,0.003978366845876149,0.0056404453963621185,0.01944702448457374,0.01509162532977546,0.07019661434880643,0.0075321276164758205,0.04157698393603709,0.016185075606941036,0.06346194420712951,1.3262727476993457,0.11857033945025085,0.1758734957309156
87.277,0.013235546285860414,0.006739195628677045,0.01297485636767392,0.010702494084202461,0.5180333761092947,0.003154574957609156,0.006408509395331752,0.00964552729668709,0.04444313280946338,0.08553519210262157,0.003713214566084314,0.0,0.02530808812539205,0.018874762438436415,0.004384142975879382,0.005841090717174977,0.0005933581286612018,0.01751113323992314,0.016588403705413386,0.06311270374456289,0.005806021675439425,0.057160399709741495,0.0067248801841004015,0.057935023227643205,1.3135913097359104,0.06718713928969106,0.10952698645077744
87.776,0.02006116473596212,0.00600595636267207,0.0029823800970699755,0.00890594659721129,0.5499593445938028,0.00511816749143582,0.008662788968657947,0.03358235477086477,0.022410923854019202,0.07330853649384261,0.005947325663091338,0.0,0.008671177213466982,0.021893159825331222,0.02121576164148785,0.00904985118757662,0.00248701339438626,0.012174789082081666,0.008794299111842483,-0.004448862250879959,0.009544929925582705,0.0006292217438775081,0.019711978322443945,0.05026702740132477,0.8454205673072045,0.10385399478008728,0.06157142880579267
88.285,0.03031715378633858,0.0014677670959117952,0.01407339869109398,0.006444916044720786,0.4379160105907278,0.00337341798360278,0.005371199445813692,0.03259882555352632,0.021575719630017903,0.08696400880120815,0.0016333922809564738,0.0,0.011359799885852763,0.027472583392427894,0.02119891154919742,0.009385045392771964,0.0050622101627270984,0.0008714653074230149,0.0016126155715596054,0.028223780919304043,0.006058417725397011,0.045955792650652624,0.027005806685034005,0.04333110035827453,2.9383707516983035,0.12238736033374412,0.0872620255349023
88.777,0.022044985400001806,0.008383632744731603,0.012227578097493428,0.009697637860129454,0.2151693393064853,0.003468349553033257,0.005137182252647162,0.024814358064217733,0.04280929938435907,0.07999090081012637,0.004542523597249348,0.0,0.015219164028254562,0.022598282245497193,0.011031469416417247,0.010252479281485207,0.0033208162804349082,0.019532194561194722,0.009732973998106348,0.05387297390932515,0.009314997037132547,0.07031183619220858,0.004660845752091705,0.05884762039057854,2.1397330362057825,0.10116426612581655,0.07987198194832675
89.276,0.021363016771157314,0.008667872152931843,0.020059555620386627,0.011305086017342201,0.18375252725299293,0.002470528163588355,0.009500686216902223,0.03279169909399133,0.053652513085721366,0.07320778318129577,0.0034345044671632336,0.0,0.02479974539068515,0.01696975839612329,0.015150593109760043,0.009631771437859173,0.0025951508282272837,0.022623312657643942,0.013972475841513463,0.09871165705757527,0.008511643183015477,0.06183750563323769,0.013816395505678068,0.06816602472292034,3.086424080950155,0.13326971243053173,0.055217874703919284
89.777,0.010778299656981143,0.004557528887217979,0.002773958159375676,0.011411595095927748,0.16877013806896124,0.0043548495208548844,0.0013599795274709433,0.01485440988332754,0.044976346023251505,0.05475753702425945,0.003964400788264836,0.0,0.011512316854758465,0.018613820668883563,0.021663673523234544,0.01043914038815576,0.006197861459143931,0.015133283266286907,0.013284020431478404,0.03020685225298852,0.011651060365620155,0.0482421899537909,0.008085034521864652,0.033161925734749804,-0.05696823340018827,0.09630433132732844,0.00524523855498595
90.276,0.030679976798127347,0.0027406040367684214,0.01828768513208647,0.007154169877488104,0.1644809645599152,0.003367297178329897,0.004433311447354351,0.015568615476117697,0.02630831606248267,0.06617973140845806,0.005154379540741643,0.0,0.020855544536271094,0.013323231593532756,0.023539258792333723,0.007745024069689445,0.0036107967422654564,0.0017281229848004544,0.006829791886255206,0.015783258194226105,0.008740926592990406,0.059446184039955684,0.03844002316106701,0.06722857594586656,1.6229671387161302,0.13263806614379822,0.04261521426296911
90.778,0.014715345763547825,0.002251840793385938,-0.0005488517444364073,0.001386577993510136,0.09188094514056168,0.0016941748827632513,0.005199889324050029,0.0026240360521412117,0.005615977092202542,-0.02807211960113454,0.003494055296161467,0.0,0.007502693861457382,0.0048088919737145465,0.006442262678091982,-0.006516411551705323,0.006935573787663089,0.003636706184573385,0.00335904383604004,0.02393593136127683,0.002584149082515344,0.019152802507060675,0.023657655509898137,0.01629012742893978,1.6507490140162158,-0.008636854179200652,-0.029592249079367278
91.277,0.004947758488230733,0.003421151757601035,0.0080564636093057,0.004935420616772773,0.0453786188461564,0.002093383122358788,0.003876055263489344,0.0034297717925499288,0.02012300277738835,0.05125314598645464,-0.0021776862795080103,0.0,0.01527673948756089,0.0006995945931573317,0.016967375243814684,0.009058849749250539,-0.00045927046042038185,0.015320192291839133,0.0069720460694165905,0.06637971769197458,0.0019898821882805093,0.08416798427307806,0.013448493468331463,0.04693951409931828,1.7645989269233826,0.10613125088533398,0.04080441879062447
91.776,0.001965613409940011,0.005395077117421277,0.003571322308124347,0.012732132790074263,0.1174113171507649,0.0029759019262522945,0.0026651940251943658,0.009515975487208362,0.023747684416879813,0.07784347244935515,0.0027191915644467313,0.0,0.04240646624448971,0.010513283490338228,3.295077604012664e-05,0.00016742808282227314,0.004848017940330562,0.02663345933517558,0.02515694608991144,0.047596545203140044,0.00805980128605355,0.03206073034876761,-0.010812486068454237,0.06836881210092498,0.46647436070544723,0.13369294339199744,0.0962082986121413
92.277,0.009920152715775279,0.007457687963884393,0.012101678793645529,0.014077091445838772,0.29987467764523124,0.003212425090903312,0.0065750244666629995,0.015441238292692689,0.03548785159334522,0.0355073555806151,0.004202061945827258,0.0,0.009221958684388158,0.01488516691245247,0.013181132978812416,0.0007575654171711278,0.0038299256484377055,0.03139752835970974,0.02341335272110447,0.06587010465526798,0.010785669227272738,0.06640428676658625,0.0074512026264051375,0.054032052381694236,1.6611885323394384,0.15802696438030178,0.006604191356167661
92.788,-0.0004926225066827591,0.003241931010112824,0.01765653788000234,0.010502085493304836,0.34637602148364843,-0.0013441763740612194,0.002560720969065468,-0.02231301873081223,0.0040158494335532395,0.07149067536846157,0.0002989496819066982,0.0,0.01853340582357571,0.0011942474351949541,0.003553293421320955,0.005921202508555344,0.009024039048346961,0.03356759451034657,0.015905380512506166,0.05680625555380638,-0.0024903423984664256,0.05175138111482195,0.03700897159003094,0.004486804425334968,2.404971353796125,0.11863349665637214,0.101290151290679
93.278,0.007232536331182342,0.005675429517585588,-0.005652519699232278,0.002028506278643171,0.35348380720309364,0.00026159728534434025,0.0018552410565562945,0.007793119019993846,0.006102160855422117,0.005889519919993619,0.0033893835039402916,0.0,0.0004520762174441559,0.007641944012135309,0.006419771021947776,-0.00220070731719962,0.0001148176151051263,0.010336905444175348,0.0033801324923414225,0.0007462955240986107,0.007516101559245356,0.026812785573957797,0.01417810607635299,0.022220809095397333,0.9786609416258257,-0.0021973215054778648,0.018664555456390612
93.777,0.0008218712673774155,0.008587074464715704,0.018987099848472754,0.008738035921886916,0.3291598605220778,-0.0005239954969381966,-0.0008032865409616093,0.008708692803772202,0.01754411879667463,0.03198405589097933,-7.774726998697504e-05,0.0,0.03441860486831809,-0.0037453135638156987,0.0004997829188125144,0.0012186366943322856,0.009370200264423216,0.031309973946026824,0.01583052582851575,0.09275032383374747,0.0016684610898192852,0.06497691688343767,0.0330211563151185,0.04743066103130149,3.270809780695039,0.09840656271062567,0.0004632720141976584
94.276,-0.0035542957310671715,0.005898057097945879,0.008641934501010433,0.011551721175388708,0.2656366672993901,-0.00011723779936244618,0.0036358774010654626,-0.006380305651113648,0.04069079626322809,0.00886908760242663,-0.0011020672364191898,0.0,0.019649454382769646,0.01023289291304792,-0.009879454868051318,0.003306006789250982,0.011193818412882322,0.024878969159038557,0.02415364539420653,0.059940468278477564,0.0028752430589428085,0.015185432176546203,0.028438664513392352,0.020791212570696608,1.054953893462694,0.018916750788304203,0.010386114570761653
94.777,0.008129636532307888,0.0014751212474394377,0.0026547274557795243,0.0047226214735222385,0.227383760053199,0.0002734564782860229,0.002301394203400463,4.4900023396590465e-05,0.00011731798248166022,0.045967159168145255,0.0009186519559020342,0.0,0.000856544446849632,0.0023713403972991506,-0.0028025662076523314,0.007171751496316343,0.0022603956787666576,0.015565121071219053,0.010945731887229013,0.012267620113885156,0.0035279548052804155,0.027668590966128285,0.021866863416023556,0.002206407460948623,1.223512173493749,0.14070501813374808,0.037736272401815436
95.277,0.015017733968528107,0.0018194072450052495,0.022398621990245143,1.949640249409825e-05,0.1770371361843554,0.001237152962768979,0.0007641825255623058,-0.006727547776013956,-0.008518414141956804,0.021128829060485445,0.0025066682555549215,0.0,0.012071071183702431,-0.012306081084376337,0.0016654762407083534,0.006569757200615253,0.008901175681447068,0.009120205610200464,0.0007826190029273801,0.01592880125008584,0.0020634373420082043,0.059361526015087956,0.06861877554879123,-0.0007387907046451813,2.176205602018227,0.059043172096062996,0.0024973338611167834
95.785,0.010518868545147528,-0.0005593472569096496,-0.001124886728171549,-0.0023521479103494982,0.2309124588617221,0.0005876051166941962,2.0329218653363842e-05,0.01562905089411024,0.002355556691492078,0.0393825059362224,0.001946790786264976,0.0,-0.006001296013401735,0.005504858613250592,0.003120130009656547,-8.695945869481228e-05,0.005202041376028021,-0.004415476598531912,-0.00032369934165679714,-0.007320325403384605,-0.0012913940975022872,-0.022753340132663936,0.03244787758193878,-0.004349332593997759,1.9739040052629777,0.1379880047723658,0.013323552360500129
96.279,0.013697894001350193,0.006631779531195681,0.019412340261317714,0.006429635629129816,0.21674438195126364,0.0019474308691306865,2.1917175887886026e-05,0.004289323898641704,0.02368044155109451,0.04141124347532273,0.001962510521289358,0.0,0.007521120894281361,0.01312783092974324,0.007260969712300524,0.002417448346363469,0.005836603573578532,0.015404929540525416,0.004443488964119372,0.11456938880452743,0.00333262531323672,0.07624776174339461,-0.0016854432576786772,0.05232752923648284,0.0553553924593475,0.019249322572081437,0.08673022579676111
96.778,-0.0016414915223701664,0.0034887323914715345,-0.001989800927778684,0.007965739995619593,0.22788981588584345,0.00012053383306129823,-0.000367476093330658,0.0122116745020789,0.017961566566619815,0.034774052433965,0.0032942846129324246,0.0,0.005749306132627363,0.013687757621524955,0.0038127859431464958,0.0075254738037955436,-0.007068784795115781,0.018868908557544476,0.01468300108679888,0.03289961305774465,0.005616170837175813,0.006658518972180536,0.004896481819637221,0.030508328693577075,1.4525045241971457,0.021377140538946213,0.036601295683419036
97.279,0.01008946665412845,0.0017298035258606493,0.00952133504040763,0.005563322068140002,0.17410055364033633,0.0018596329814217168,-0.00031645525413950446,0.0024186663052977175,0.019382597338596815,-0.012814632581743823,0.0035677381062184047,0.0,0.010068711168145695,0.010288330987719621,0.005654429540203931,0.0013029601579321653,0.011871995236609093,0.011599053369471413,0.010458519905833616,0.021029800351940037,0.009472063771281911,0.0009139768550253078,0.042475758123316755,0.003298741455829329,0.5018262565922093,-0.0017134680348371016,-0.002238474704741237
97.783,0.014698691736705714,-0.0007409076086759211,0.007201129577028434,0.00273779084761623,0.176359503281728,-0.0010973595552908153,0.002871514940254438,0.002761611402119038,-0.0033721642379480345,0.04245148604448228,0.00010558904722676228,0.0,0.004457345618349473,0.0026551759533177083,0.0094414657138616,0.0036162732399724075,0.006985400986013597,0.0028106656473524325,0.004242258290178534,-0.012918770563297372,0.0054116581408557045,0.03345935286422524,0.04178499375678804,0.018365102204174276,-0.07380807705266015,0.0751690251058939,0.057289412466368185
98.283,0.007699226711135806,-0.0014375074364011283,-0.006507879922367619,-0.00042408099969911485,0.08671599721537745,0.001219661210916883,0.0027491978030236472,0.018454996859588707,0.0008251252291882501,0.002421930579481527,0.0021237220509615702,0.0,0.013199580644278633,0.00618022237258749,0.01300201436762917,0.0020137310668490722,0.00031323683233813884,-0.0011031619614397792,-0.0022109241951226745,-0.0364101516230393,-0.0025683885715427975,-0.014346432558164434,0.021100016891868186,-0.049900608302543205,0.9362717407659157,0.0006663486802145222,0.016873339594088734
98.787,0.008329218642814872,0.003762397530372137,0.013747933761083329,0.0011016917652471884,0.05315569728014682,0.0025478246401425203,0.003463991228961518,0.004652761052793759,0.011310111669427823,-0.022544151612767932,0.0017933675816177161,0.0,0.006085427624329406,-0.001816224634499312,0.006678320073780728,0.0036052357276907944,0.004906712970768653,0.008660878770733777,0.0014386987593930794,0.04049772684975317,0.003901173919833506,0.07625424992818833,0.0349508063519536,0.003489825394454111,0.1945025896689159,-0.0766440885953635,0.000870517940732634
99.285,0.003741435953065174,0.004958043443339894,0.010746920772643588,0.010121251459176103,0.04925759915213881,0.00019256653143133186,0.0053362945335258954,-0.004352518223843693,0.029656454177057277,0.03863797502609977,0.0004776954376472373,0.0,0.018412310631277233,0.009858442478041315,-0.0072493602942624155,0.00689399950378794,0.006929387151403114,0.029021813261716416,0.014568812179940376,0.06310081644733878,0.006220113857050136,0.06742896672185678,0.003649864303941265,0.02166366948771426,1.247110337608264,0.03877154012822678,0.06747223485053516
99.778,0.010268079556954001,0.0021805533689645117,0.01379146240274058,0.007726659963558136,0.03452154342370646,0.001674274963116991,0.005107592218946754,0.02943136157998524,0.00915194437375766,0.06007997212938161,0.001257955198404741,0.0,0.019674425301283667,0.005554722554329269,0.0020308325686535403,0.010103087648287067,0.009507878500995078,0.01805443147898628,0.013229578020401514,0.011808028939736778,0.007015578521187514,0.044496985357397247,0.049397682255871905,0.00985082123707305,2.3390205810974063,0.06524363374164643,0.0701386102876269
100.277,0.008892112390767285,-0.0011061363240750543,0.011694824812537878,0.002296653927302484,0.03775860810284129,0.0024672830404885594,0.004096936979351797,0.03156204416032598,0.00140524281331982,-0.002487085231972137,0.0007688044567158212,0.0,0.0005740573258668052,0.011068601188661417,0.016423634625913786,0.004344305044814907,0.003485629947357472,-0.001561718654484472,0.0025140806692952704,0.016868841089718426,0.002026522850314296,0.010357668947500722,0.047025554455696235,0.010512410535460292,0.3878948158486478,0.042567931164869184,0.016635887730771844
100.778,0.00375096088100969,0.0037704953199802355,0.012130221846678162,-0.0021687859548977753,0.019354856235757105,0.001383140286796333,0.001285827223408292,0.021768060832462757,0.008121444501844842,-0.005791774149255418,0.0031393760988951474,0.0,-0.001476147409371608,0.007105164625607003,0.009347986191485339,0.0013028799932894564,0.0020747230563723084,-0.008842761630371303,3.67570379984754e-05,0.01815166068875947,0.004699230861148833,0.06470251205856957,0.031577690606095714,0.007364069445488446,1.3305839527333636,-0.01393516786345889,-0.003286373085472186
101.277,0.0030944888719484235,0.00847539604337029,0.018298390896317074,0.011435346512038029,-0.002675991976545778,0.0018993300375916456,0.007125164947590644,0.016289436328720656,0.034776760980707484,0.03132471048464019,0.0039526131953612105,0.0,0.025976114305585798,0.010118262896655704,0.007202193066863412,0.012378276181769994,0.009666709499141965,0.021882873623981097,0.013625526186344711,0.06159428770222768,0.0019468986799213352,0.04282634299314893,0.028827606663510884,0.0061477724073099515,0.7468261453943359,0.06352093908281087,0.044341283771830386
101.777,-0.00015081227996061728,0.005278273887447321,0.020198606606410235,0.009181013651936337,0.04601081230734864,0.00024056818003222768,0.0015817901649033811,0.00796496239641223,0.014603529913744402,0.054327608474413834,0.0021063300521650978,0.0,0.017879556819123454,0.007116884466214891,0.0029644233861334033,0.009017669451515447,0.011442401627728914,0.023748071937547348,0.014392733745972448,0.027587736824920283,0.0056125621140669085,0.022592510045159293,0.054801111517099765,0.035035725774060916,1.8229458948430268,0.04799055548469498,0.07114403156657075
102.287,0.004778990517167796,0.0005732370021501308,0.010612331625470733,0.00865866978108166,0.04983249994407435,0.00084317219858308,0.005271214399410685,0.02675835257531298,0.003811273726942014,0.050664801573486365,0.002517347559273443,0.0,0.015298364114131676,0.015400329789185664,0.016471381720414697,0.01100262045902121,0.002879308214597637,0.01958958750294685,0.007535305354553414,0.0020998976152178136,0.004952513538615142,0.017729302411876372,0.046950353851416105,0.030550803573818622,0.4465423716695315,0.1111569420107265,0.03952102503252072
102.778,0.007736895358205744,0.0034651398935166664,0.014366661530841462,0.002618523128699717,0.09564492776844795,0.00155944350528735,0.005760603039529644,0.021046922783803622,-7.538416672780297e-05,0.01381450164910948,0.0010712186216915419,0.0,0.009591165027499978,0.0012644263342680665,0.016498764920742977,0.006412640448545644,0.010700351969448105,0.0039445552821250505,-0.0001023394587729491,0.012549640568889624,0.00261956910670674,0.00473323596229086,0.035942327682982035,0.01242514778508383,-0.9041160950073305,0.023616515588815376,0.014366671124029402
103.277,0.001397976886474581,0.005090276010406685,0.013111748411193327,0.005924086902586393,0.06709831750693056,0.0014471083327993986,0.002079227013341155,0.021368438176989718,0.03289147144800865,0.0006906661482613258,-0.0009078458689409405,0.0,0.012469391584629393,0.013237481079238982,0.0064266147012387075,0.006050195258771143,0.005017216027741778,0.01262588810848844,0.01016272027303861,0.055579682861777356,0.01020610438431421,0.043266802142056394,0.006746346673619868,0.0815707361670788,1.5396000129972125,0.04711227028170237,0.03858679097790907
103.776,-0.0006140179104937942,0.002663595025603762,0.009590108086170349,0.010236415328261165,0.0829194150108294,0.0015744974581555187,0.002578489814245978,0.029845597435728857,0.03220200441330315,0.022278108266158697,0.0012994360074485597,0.0,0.01882959699430385,0.014138888745427949,0.008582002510629221,0.0053820300934921805,0.00458461516503578,0.022401100213455073,0.017843348578450293,0.040936694408607296,0.01059594790041578,0.03148518775449981,0.012069544472190063,0.026165769384527974,0.6155084496672655,0.04150314417910724,0.026601791408081332
104.277,0.005403844190002818,0.0038234280659588246,0.011485984131013389,0.007030918377333971,0.0757878331436368,0.000717992498528491,0.0022064195024389076,0.023682368433359902,0.020263753298333152,0.04510120406365027,0.0022953858360465263,0.0,0.007596439018748939,0.012521324369184138,0.011193377495401797,0.007012135075601591,0.007379089967570053,0.012080785885078259,0.012022770010126447,0.011007707781984498,0.00839681709234457,0.039013927667433515,0.028053206201060783,0.04772475489054487,1.2017539463534381,0.17642457782625226,-0.009207753714367205
104.786,0.005681695156003704,0.0019978004091510794,0.007704213245348797,0.0006179629518606889,0.04733706388216283,0.00027313908012960444,0.0012072355364923094,0.02279147719126663,0.007561558712345604,0.033672309543065125,9.839775817938814e-05,0.0,-0.004670262968190817,0.0054861022957821805,0.013321066637963714,0.006095807681718341,-0.0027296612176392595,0.002294651712513115,0.003354279410823185,0.01606124428490537,0.0060353297368263455,-0.04031791948774469,0.0393275797419409,0.042847169308617546,1.3975680166864728,0.07748070257354334,0.03724376115204915
105.276,0.00044832786080091773,0.00038340361899880977,0.005623115057131024,0.000860753496326378,0.061178957355141006,0.0012867288159970612,0.0006007680026590219,0.009358300293935437,0.005044506636108701,0.024901727982264588,0.0006380099396473675,0.0,-0.003968876173291614,0.005251536016182102,0.009388183288928058,0.0035341892711013966,-0.0012394197718353997,0.008110575459313827,0.0018876112573375811,0.0268690121600601,0.008326334599288845,0.004635593282546554,0.017448853470636547,0.02446739133569102,-0.594771359253526,0.05751006905587012,0.02795519608793909
105.776,0.018533320216607415,0.006966195090529381,0.01482469803655062,0.009524334194865923,0.09737577144109821,0.003556926805379957,0.001934073292938887,0.03549273608263493,0.0248148252071016,0.08353421698162761,0.002648300060633674,0.0,0.015246679113670794,0.018709421042681876,0.014392977300765082,0.006286536922428313,0.0028676915733948267,0.011769960269365654,0.014359117892995791,0.0691771108176607,0.008513168894148063,0.08192376200848359,0.013108441932862269,0.0801727025719023,0.394548042789158,0.1308374042404826,0.09394324514550344
106.276,0.012594310810423183,0.010680359373967947,0.04298038619618645,0.015250107616587702,0.07704534725436664,0.005529671988524552,0.0035465836691078666,0.012063242620185906,0.03733033381934611,0.0651737032267152,0.0069662782288264676,0.0,0.018539839245262608,0.01736789756236839,0.014435574863779665,0.014415667675884172,0.008578437480736435,0.0312680662711248,0.017227547723074936,0.1250372849285675,0.010871735231820384,0.15709827957107905,0.04210767741793487,0.0384166398777863,2.506539046415,0.08190213310239465,0.0376765817892874
106.786,0.01222005809028428,0.007675324926440847,0.03433354655133129,0.014043322184441194,0.06579678751360886,0.0040478778288241994,0.00880544566218235,0.007148766407919475,0.02789856452146076,0.042118798498423475,0.005491356257588483,0.0,0.017290258403492683,0.011687511137611047,0.0066666698303558996,0.009232437172066574,0.011280462226832015,0.02925090930204378,0.021449119859990293,0.050278366478840986,0.005223150403578338,0.12233834796141042,0.05493439406732356,0.07171253848397365,3.1880724345360973,0.031059129857371436,0.0908090626674943
107.276,0.008820259229127839,0.0021176994300547806,0.019490399166485015,-0.00011984585520604288,0.04499155748663116,0.0031414357856158334,0.009285013016418943,0.037387095287778976,0.006464620550387095,0.011507696416511556,0.006765871920205549,0.0,0.009066608220350629,0.0036802341747826407,0.012248281880452249,0.011108181115199461,0.001931033876896246,0.0003027555791744232,-0.002985158503301942,0.021304280770726595,0.000937904517087647,0.09022893374995672,0.05677270780780213,0.015268106568659269,-0.29276804883862145,0.10942328593857202,0.015053641561874491
107.777,0.011424609415242053,0.01011851088229646,0.025730926743117832,0.007477427298333653,0.01822956906706678,0.005384977445206745,0.006945414305621558,0.025818304642478324,0.013940972704212289,0.043645180456061576,0.006990143958913593,0.0,0.008592121064634394,0.0071528803200387086,0.008392128612735061,0.0066896788205570825,0.0054617249027800446,0.011034583122278882,0.011595660518618068,0.06532053124507325,0.007983162797681203,0.12283938541652792,0.018826590950887144,0.03368307556488387,0.6748283497974648,0.03610439034014065,0.024832842762056995
108.277,0.006419212776209144,0.008370135999271739,0.020733861638387967,0.012136127413341965,0.024699824572123726,0.0034745941381741736,0.002905397403083065,0.016113060080253903,0.037329958367118846,0.06990990994852123,0.0036346953069884605,0.0,0.023709310204530567,0.01381443695057451,0.011210333889202092,0.011821249864242139,0.008979109341347298,0.02287159467457045,0.01618703810516213,0.07686306003618693,0.007510363444299963,0.07671381075398413,0.011039924680958225,0.0606786762445822,1.7535715779862573,0.08199777502074936,0.07611674780934773
108.777,0.01996006762187304,0.006398127406193279,0.0256554335639257,0.011040667038865208,-0.0018947790470125489,0.006042665163842442,0.008012214028495128,0.01613204715753504,0.01599920978454457,0.040550821352026964,0.003500345052035681,0.0,0.008526733284028955,0.01966818058115423,0.020758123033874344,0.00869633928643333,0.008677864763402278,0.014517290211850723,0.012864142512804672,0.019429895823760764,0.010391850894157008,0.06948222866105853,0.05990644527993048,0.04332359566235672,2.1333092106016256,0.05619580685312189,0.050936361335148096
109.285,0.008298026828198782,0.0015737360320630888,0.009327269713368462,0.0062390254881648744,0.06321828255386909,0.0034130970885287225,0.0005906174490759688,0.023051044825915603,0.017589759719567288,0.0377059880081835,0.0036286731352943025,0.0,0.009556477262715857,0.009057833386117273,0.015898172091676648,0.008949338759136172,0.009669989384428875,0.007670495118903443,0.010447092310483711,0.00013407181232980014,0.006841851332410302,0.030148583341338814,0.0245094238231329,-0.01411171460422738,1.4980711046463184,0.0804049382684385,0.01951744573643186
109.776,0.015725122227354008,0.006168806022002209,0.009677324469702805,0.006774883625215776,0.018370793126996392,0.0051293666742955255,0.009475449674366922,0.01558038538492142,0.015264585701120674,0.03569440978890101,0.0049598449963203775,0.0,0.015151996684575536,0.0069449008342323225,0.01632223952757897,0.005636828792281825,0.017809806017179897,0.004599798830993738,0.008224566577618083,0.022779275686157854,0.007353102922780036,0.05296122237994033,0.028500080889786377,0.023890756580708453,2.083559312720159,0.02095228773082672,0.06867004550384655
110.276,0.010736790154536284,0.010420752049104486,0.00807066336334489,0.011039859228131393,0.001890454699962272,0.0039477374211129386,0.0064411236525216695,0.020182474976665286,0.03680595376535281,0.04217225233398112,0.002303630559626151,0.0,0.02717718774818373,0.014468832088978213,-0.0028091613566744522,0.00860500773566518,0.011216486733583523,0.021699334235904828,0.012379971526254472,0.05024477852577218,0.010415168739232896,0.06381871971263602,-0.00163319116759364,0.02412017818431814,3.8707080534740816,0.023391548964011397,0.033535753169589344
110.777,0.006415031304312744,0.009169654217063164,0.007487201304543497,0.011123380059897848,-0.07203493649312137,0.001865693318808483,0.004001645574797643,0.004258691404858561,0.02070387995947529,0.020683965002036557,0.0025440129861284,0.0,0.01850041263662084,0.009244885574504263,0.0020724131943453,0.007709104453067982,0.011303272745993697,0.025862945345018547,0.016712968851358166,0.07193288080596745,0.012631609301923443,0.07625048387840783,0.009568050563847503,0.04070140917786609,-0.6228635700983003,0.015974499887015953,0.004772250167416062
111.276,0.019694459910083395,0.0034254290391678454,0.021888224215673057,0.0071696783640474064,-0.014729781573148481,0.0024494807786583704,0.0035976112335677725,0.02182123060640351,0.017265744748464772,0.019358178125081102,0.0031772173183925046,0.0,0.007034711150093588,0.006115308061881919,0.008311959524797635,0.010897246400478726,0.019166517305537634,0.020990655916713424,0.006946913258143798,0.017045701199002252,0.006866832332957856,0.04480580556510821,0.08561823477472301,0.029547614798393372,3.577709294697294,0.06768179466243729,-0.02692555160238727
111.787,0.012698707844833993,0.0004682763853752711,0.011672636159491422,1.2903178691651355e-05,0.08505845570744903,0.002447593489754881,0.004942048747668231,0.008549372179115567,0.012897024004367775,0.043779142606588654,0.004625866755354667,0.0,-0.00569231358023853,-0.0007999459332490218,0.006171344201112567,0.004574749799373581,0.008585698820585632,0.005275096955846202,0.0031860970244650738,0.034524305807525454,-0.0014416540694828356,0.045326349450170764,0.05627695790857066,-0.010347530441046207,0.48315696847742035,0.0980191878756302,0.00600591888667653
112.276,0.015031492839205277,0.004175678177087654,0.01072276728039581,0.0019211768441987857,0.12826093434465513,0.0014750727341737789,0.00468204595667133,0.0034965819362794107,0.002642539744660114,0.03471732930506026,0.0028716275635218332,0.0,0.0059476197046938505,0.006414069167106797,0.014648678671066348,0.0004434697534476589,0.009657303856775263,8.650188172724119e-06,0.0026221527519227172,0.0493326668679834,0.006090861633219939,0.06500829226928284,0.024183462437569653,0.04708414384596403,0.8769589112738976,0.09041444065118355,0.025334182985896025
112.786,0.01721059603580873,0.005586276002961502,0.023616805245137366,0.004236959911697207,0.19004965770883583,0.0007389976451123468,0.00775787141094075,-0.009587872723555324,0.020777257419256238,0.05525006997500803,0.0033127278091319486,0.0,0.02203843933020583,-0.003575486237877814,-0.0006534382503078541,0.0030952609951957416,0.011817661954977604,0.019346041287721893,0.0065658908436326815,0.08288487090563194,0.001873364477750429,0.13659089457575116,0.0329988288355717,0.05616830077046431,0.039415172918935995,0.03478627243953999,0.07604166564221515
113.277,0.010299199314993929,0.005103913494166179,0.011859097921653631,0.00908741377654549,0.258139724604003,0.0006141561490268983,0.0020715305519523066,0.009222197279590137,0.03269998851995518,0.09373027173668588,-0.00039681300945662844,0.0,0.020054246253524786,0.0034577700337209993,0.013862563180421703,0.007901542276521805,0.005305383062191053,0.021717425608065073,0.01677226219030745,0.04014745276973242,0.006584080857630658,0.08180304415651471,0.046234076981443724,0.04093253386767133,1.497567500938502,0.05594508969566258,0.10177740774452115
113.779,0.016904885238154154,-0.00023310520206441514,0.015817149926662537,3.7129315804463096e-05,0.278280319538901,1.5791818633206282e-05,0.005307718867526379,-0.0032133638841848446,-0.005711633958723954,0.04755077970623477,0.004608133130559392,0.0,0.0019398496614630673,0.0035590523871293933,0.006317090313530623,0.004361558395320752,0.002780732361210744,0.004597193236158997,0.0002076766570386438,0.013599794581570186,-0.0022389121050894836,0.05844972222300657,0.05384154370308406,-0.018175321281951057,0.8612134600299908,0.08221409865386424,0.019571647462195186
114.276,0.008148066215698677,-0.000938051177774385,0.0033693207070484873,-0.003878423813053962,0.1787898678795898,-0.0007436343251247114,0.002523839409030422,0.005680527294931208,-0.0015337366391491086,0.08943602651171689,-0.0023711068777753264,0.0,0.0034926165485640514,0.0045845129131562475,0.009320420388224306,-0.0036216372703271973,-0.0009757019364981191,0.00014853045641354657,-0.0034373763134605715,0.029684497327078833,-0.0007088467747163816,0.03069609652659701,0.02703294116632785,0.0021147176706692566,2.2387556915009674,0.10966726310365113,0.11560409582390693
114.777,0.007325660589350876,0.008370692341053832,0.004745859855880063,0.007688523608135323,0.1582806520840955,0.0017702527581420094,0.0001133756116443521,0.01614737625891716,0.034526243951522796,0.08274685750654101,0.0032145770454367747,0.0,0.022251814266272565,0.011789459745637342,-0.0010365516379800808,0.0032551596102864014,0.008491479488406173,0.01556656148452935,0.010580488650071088,0.07915399441498924,0.006764938182657518,0.047734533812945366,0.003961271781863748,0.05653969411990159,2.9455492210560448,0.04741812893661756,0.07457845757234442
115.276,0.013937174217981036,0.004947045452903765,0.006170971710120051,0.01269807106581221,0.16039837368843168,0.0029704144975036244,0.00203457119299239,-0.0037871086946778478,0.02523627901147824,0.08746814266496172,0.0027077141247961022,0.0,0.01806415805924734,0.02085718976767416,0.0036307527680662284,0.012289636956347222,0.009079696414458015,0.022384050172349564,0.015344595080922473,0.06533322845695405,0.005859590157778017,0.04432760334943043,0.016078172780657703,0.06154321376372224,1.2261739980979653,0.040835949848601255,0.11156865122649502
115.777,0.006077234059611606,0.004239008505148511,0.01589798869234749,0.007955228845545883,0.18048144860716755,0.000806212129231427,0.004328025910812926,0.018511351834422488,0.020778678890543453,0.16111296650515614,0.0037402548940014702,0.0,0.015380901773478008,0.007611689587771223,0.01018413060726129,0.011343582854219197,0.00992449718747251,0.017677686652232863,0.011699260727117862,0.022889549920097698,0.007589578275531181,0.0821585099388537,0.04703080457112404,0.01036076867033134,2.7865271558274634,0.190133464445872,0.15954086905900358
116.276,0.019470447299776136,0.003439377013412761,0.02174107707907646,0.0010695347981085597,0.14640658956732375,0.003460558670472183,0.008946505810876243,0.01227429684488107,-0.004053071630681038,0.14811099763732932,0.004419364700085598,0.0,0.014352303553051747,0.0005082013186662477,0.007656403661948014,0.012554657909955328,0.010550915769879644,-0.0006706456135224258,-0.0010607045848568546,0.0043980218718305195,0.0021184349312618916,0.04968743066513824,0.07422142892697807,-0.00658064391500456,1.6039378380320295,0.20416824581774823,0.13619824429515212
116.784,0.012137328002225025,0.0003045828569502853,0.008125407467619352,-0.0008958925195387228,0.10771765077580735,0.0009654590855623347,0.002610751150987695,0.014042659966473924,0.0010195838819727525,0.09356082587194389,0.001931157018338478,0.0,0.006685900998581219,0.005510431593908316,0.004630867936540132,-0.0004856058417966955,0.0007088669487914683,0.0008789642636045421,0.0009555531191123,0.022869949004766722,0.002366493473949007,0.014166907175202062,0.03597647250459546,0.025055680854891658,-0.10135330179154954,0.08032000527242077,0.11150284712584395
117.276,0.003400283551092168,0.0050280168672634275,0.00495172181334807,0.006579882201322567,0.0800637266242741,0.0006923089314280822,0.001839390809775445,0.004146343824830521,0.04499867888973178,0.07624572490145799,0.0010846338959753941,0.0,0.0045100501800439475,0.006711161302895056,0.004012934669049356,-0.005245273229239321,0.00843830457754454,0.020717184551014164,0.010777864917091819,0.09073748877219219,0.004332597671846416,0.04919589489750892,-0.0038865101549019117,0.033466238338416526,2.0094391093859945,0.05545476518540811,0.04541621200994285
117.778,-0.00454033265484388,0.004108825298729534,0.0027237865313289853,0.010379120549689567,0.07081707775014255,0.0006610016754106616,0.003315363220225956,-0.006141020562949712,0.0265561456626685,0.056299853284384,0.0002543888572707428,0.0,0.015888799336543788,0.007024219779733862,-0.0013793412345409364,0.007677976734911186,0.008576149137207573,0.02585046061976908,0.01899350749009347,0.049355295553313944,0.006611444497309763,0.021396593084855624,0.01423688037600287,0.02142853552222106,1.5985576447558223,0.08839848459521525,0.02369078197926948
118.277,0.0003567207121862649,0.0014222502395037327,0.008353865427480572,0.0020071760562689416,0.06792809027021966,-0.0009295993015869617,0.003064388178089875,0.015567103129380542,0.006724418724530748,0.08814998357423451,0.003454968033035344,0.0,0.01578886348185746,-0.004779716685171208,0.0008659130223683877,0.006910467618852449,0.009741660316869651,0.012432819072556833,-0.0003381836578683363,0.027982708976579944,-0.0039178372976827035,0.006127895111305194,0.04795476314634823,0.01308347733599588,1.6509427692657883,0.12342381876609769,0.07729641653310995
118.778,0.01084981120374477,0.0020573438400141356,6.068047843216994e-05,0.0019025891298872753,0.15286529257278533,0.0016343733942142762,0.005347323584809176,0.02265685905134665,0.01016848969993367,0.05149682078537501,0.004100936992280882,0.0,0.009826234343185308,0.009414192413637026,0.013074308954208634,0.008704417402679975,0.004931248706866768,-0.00638482868049494,0.0009609831115584167,-0.008906563230399907,0.0032809460353986466,0.004516486354052361,0.028187652025982095,0.016749725236738455,1.259369331707203,0.09770519087431886,0.049651899618522136
119.281,0.009642549866433512,0.006225803680256919,-0.0001814076241650067,0.004277083273042902,0.11444613021529068,0.00230299452501263,0.004523353385455239,0.01631862492034639,0.03192455499342158,0.11850939138413456,0.0035218650074842765,0.0,0.012872559158913707,0.013967285706136277,0.002091428708832994,0.009342274903309753,0.004103351409975387,0.00598278044465269,0.005967821886866583,0.03231808753032565,0.004545831788521283,0.021575170521332003,0.017958400731712443,0.06330548101970691,2.4731676852745856,0.15309028423121865,0.11402596191405996
119.784,-0.0034000487141984054,0.004461041706566847,0.0013823507194690666,0.008183293725677405,0.08633612096965519,0.0026392299000016317,0.003969069662774603,0.022553092523243154,0.03982373280463961,0.076327929358426,0.002101494022659979,0.0,0.006304050793554242,0.012279345076732362,0.009424635258638412,0.004873852063096072,0.005177003378162659,0.01898091617977268,0.01190157430967217,0.059102519732745835,0.00830882638369259,0.04051217538227592,-0.026164605791869813,0.08271916729619909,1.84967188905557,0.039732368567439294,0.08577194163150739
120.283,0.0053611754227868,0.006937824517436675,-0.0013897848343323337,0.011727518460445261,0.09557590855807939,0.0033419236552255675,0.0027646752518481667,0.00444466178512046,0.026187381256011458,0.06752640354614915,0.0029029654418738222,0.0,0.013101523517013103,0.01249735337294838,0.013656015429150398,0.006986738314069096,0.009389547138636994,0.020377255078972693,0.020571718240703276,0.032645444549260494,0.010841782085124986,-0.025023543926851913,0.00929503462839047,0.075853067069433,1.4988019768034788,0.026662370717372114,0.04614982547065363
120.786,0.004433934513655704,0.00010380737874394394,0.005099418433740911,0.003317609591977492,0.17074063612011522,0.00019001077890499292,0.0038019475153488382,0.0238944289394805,0.0031632135977873923,0.04237693666151977,0.0013757311253272818,0.0,0.012704935263123409,0.007121629361005459,0.004767848862615017,0.006733608712827643,0.004573280648075354,0.004094559361226644,0.008149665554321277,-0.007009207294622981,0.004215421907730381,-0.02842115123781318,0.049499638781253505,0.030260040747205223,1.308106102247451,0.09272451737219992,0.0004148771202327046
121.277,0.008311803442530843,0.00631803530786447,-0.004576789983318334,0.0017382612943417323,0.115654536453614,0.0024962999651654237,0.0022778140518252307,0.013299555319606953,0.011121703292599452,0.08372000869220815,0.0012314727214107362,0.0,0.004962535815516119,0.00553624284258219,0.008734332589291955,-0.0030086389502247393,0.006698089206819437,0.0016640479113887616,0.005394312561900682,0.033446995346260444,0.0057507960164417055,-0.018502950508009253,0.006039499555159422,0.01750213968068581,0.5468342877511678,0.05531064347446631,0.111117290088795
121.778,-0.0006215372462922153,0.004167190146860138,-0.008071894376341968,0.007322899560838152,0.023800874902808262,0.0015191118917419343,0.005980748645304848,0.0061556508808756315,0.03617115768301642,0.049412667649521125,0.0011470271997762146,0.0,0.0070794035275433854,0.011832822255522221,0.0014728187832955663,0.006783478941855212,-0.0019450658948254123,0.016759600258349248,0.01316212770348276,0.04577972450234825,0.0072902520686004705,0.023496543444979305,-0.01877597480350767,0.034157052893552364,1.0814125361207407,0.05444652101969537,0.09033860396732155
122.278,0.00435557192897042,0.0037253011430447604,0.0006060510613772125,0.009016139715410649,0.10559326632236982,0.001625145272351179,0.0012902656913547125,0.01388210980933667,0.03778365874922159,0.10114672429479178,0.00220252524676779,0.0,0.0013989053232972852,0.014793510785422957,0.019749385192898608,0.013558589637161169,-0.00920638696521481,0.020654141912729043,0.01520263303045308,0.021058106377632304,0.010752732723941024,0.0054398455659511345,0.020605182945285454,0.021651008612109206,0.5340924724693943,0.10474246012045992,0.11019873158897876
122.776,0.009370501208981573,0.003078844180491188,0.007529331769605163,0.007803981114585004,0.20336398455368987,0.0024978527678205915,0.001561181940842843,0.02009737842525778,0.010147747426799383,0.12894068181651208,0.00306238230272277,0.0,0.011421264534698463,0.01594919965081914,0.023015186015354225,0.011182090168728247,0.015119251898491429,0.004649039363521214,0.008308085465091411,0.01811402386998702,0.008961394588072687,0.03142115567860523,0.030732525645454645,0.03487868077754521,0.7712729781980032,0.18753992834169686,0.1328820000569104
123.297,0.009526765235564193,0.0035758005618422724,0.007817651598875125,0.007177294778522706,0.17132151045819627,0.0019799428954071917,0.004972199649250056,0.017811394818189854,0.010134651566019628,0.14926935601905333,0.0025576641801683484,0.0,0.0080264162472564,0.016155553585499523,0.013216958977881006,0.016313379189252245,-0.00037310237179531534,0.010046101159452186,0.0071647778644796335,-0.008808856866173748,0.008851281355011066,0.031959226190968394,0.054264350486992456,0.03060608238919567,0.5770067731201818,0.06465306164326923,0.21908015533631103
123.777,0.0060093829434129525,0.003701748325440686,0.002334213787871812,0.003905425897137502,0.1205699001119146,0.0020321157270687396,0.003714498084843063,0.01699663887122715,0.029256509884573664,0.18752319850562324,0.004593383066738082,0.0,0.02296666566536306,0.015472351318659159,0.007766098854217411,0.01114282991477526,0.0008058399987515703,0.008180581572767513,0.0010487426401864966,0.035295105164531555,0.005301556065637001,0.03176283028879454,0.017887362264218273,0.06078225343067804,1.7598426755133392,0.1610301486658371,0.23166371914771666
124.277,0.001222570736412161,0.005808213626294431,0.010693861983865292,0.011465966412808415,0.021088114357538518,0.0008021099945541972,0.0004619068126622567,0.005559014682028994,0.034040535930650456,0.2510568931500906,0.0015101262453664755,0.0,0.02266471218965567,0.012676790260110754,0.0026891960025552716,0.015103260289975294,0.0048688026845028634,0.025777920111196836,0.018536687025393718,0.056141609684981865,0.005243300827640062,0.038209315415277764,0.013041940277286548,0.06625182363366268,1.4831303954478208,0.21082026877177262,0.31364015717462657
124.776,0.004225680680573743,0.0005718188131882216,0.01959383943723189,0.003031893797418824,0.07399877557906841,6.792688030134086e-05,0.0020233064678331168,0.005895697382552065,0.0018294448499923568,0.1926616068439267,0.0005990282285177793,0.0,0.012696802414550084,0.000307582042665391,0.008224577832737192,0.010553784167932425,0.006530941122199983,0.011006127533455822,0.006291448658863975,0.022038936973986813,0.009641404458252689,0.039942579498768,0.0750165449685484,0.02078274300646709,1.9860908480167079,0.2354552965481831,0.1962534399546463
125.276,0.009243579380348855,0.0007380305926224156,0.013809754680736233,0.00024320772989912213,0.03987467788765719,0.001043592004943087,0.0035651063517162488,0.006968281168522471,-0.001232302015682534,0.17276291202332952,-0.0001592529641201237,0.0,-0.001189523669792174,-0.0021827489570876847,0.012418514191541764,0.009033176549549405,0.010594321810821108,0.006590438795541774,0.0009836599261516751,0.007732940837070511,-0.0006783442953557645,0.027858178906842782,0.06491881892772228,0.009804259171754516,1.6107365183271205,0.224225734314684,0.19728988924585256
125.788,0.010706569113727504,0.0009350238180741703,0.004955140827664376,0.005656027781586999,0.010708782060733378,0.00307648487784905,0.0006901339322093727,0.020709995853133233,0.016211921735817723,0.16694002092538196,0.001532500552938798,0.0,-0.001533156546674449,0.01837346181676242,0.016828496053008277,0.001282618535536187,0.003743249784453797,0.006287197996752612,0.006581760948445824,0.01307220924964801,0.006476739382649334,0.050194705069874064,0.011024906914294835,0.025121738591134094,0.38009348921398267,0.18109449527484134,0.19376108390978372
126.276,0.004151656010061629,0.003909688916289838,0.002828061485918088,0.008743060904522175,0.029422842136380623,0.0005666741762758406,-0.0008848948825655079,0.017311440042938633,0.046714457396307224,0.11672221848967998,0.0007548853191296308,0.0,2.7903590233768758e-05,0.022219013317223008,0.0033549689400053638,0.006839230209098953,0.005617307060280026,0.02382957798678793,0.009692834553283824,0.0506007729000258,0.00446619971370546,0.04723404366869806,0.019076555431212845,0.05335732268031857,1.2820449205753344,0.16963825591950898,0.1225082146852181
126.786,0.0014479454966134083,0.0010582593300827584,0.008350385781648803,0.010537327000250535,-0.025484506329489072,-0.0011183086859725359,0.002497496501148692,0.0008835252578185713,0.03263742657634126,0.07658131237280032,0.0008353217168336568,0.0,0.022005798653317823,0.019450455164173965,1.5056848489225438e-05,-0.002466350654944926,0.011648045932078178,0.0253949215436093,0.015184196735620097,0.05579797431635841,0.006020543724813825,0.06727225061776286,0.012601513607418348,0.052593533821589815,1.8198827094675631,0.07534114022963992,0.09175932558434147
127.278,0.015202414305830941,-0.00027063430087184926,0.013206690628332563,0.0020710071014699207,0.04346213838196513,-0.00017466912077469663,-0.0014802663640227497,0.005462277396595116,0.00047922856165422253,0.04091205374927754,0.0011564879729327078,0.0,-7.175208917284234e-05,0.004948920334097029,-0.004000605392456947,0.017349052356358523,0.013553134855367478,0.006454151986124852,0.003456738879908887,0.013215154710040223,0.006658319568527025,0.04824965804818412,0.05008476201538047,-0.0070369942491293755,0.5880042321456,0.08489795642122544,0.051069280362901
127.777,0.01817449022881291,-0.0015903135997490168,0.010901213354325064,0.0014397934662452965,0.04685769911684821,0.00022842940318729688,0.0014631699634840714,0.013596492669272438,-0.0072922221084497744,0.04183285209445973,0.00289487122375691,0.0,0.009812998733496158,0.012021755697862303,0.012616534168276634,0.002153922984515419,0.009137502632325307,0.0012807258294100612,-0.002704988504637742,0.0011584545063181909,0.0009425225944337471,-0.0001348931572791364,0.04786294083678147,0.04447697169155893,0.18070081046777733,0.09061463271146371,0.05435747507891118
128.277,0.008618823578385651,0.002471730495300937,0.009492425663587179,0.0025909650516282526,-0.009240031514751822,0.0008036544550954741,-0.0022378899539021134,0.0034373887929831978,0.007670012243525387,0.005831822155363726,0.0019057876178997211,0.0,0.010328042098810181,0.0024104825270640034,-0.00038302200351604,0.015040588397095095,0.011584948299755394,0.007317795680080375,0.00400014484550462,0.03487435952574782,0.00027566263461189096,0.05641532041843821,0.01282694744578333,0.04091926304592678,1.3901239411900912,0.0017042863281887645,-0.000692522913414244
128.777,0.008531477231512402,0.003305095999940583,0.00977728517708592,0.010422637155343922,0.0023892508442031044,0.0013990056067369645,-0.00023142916312134823,0.009886418211688584,0.03296727700909549,0.07121882948278115,0.001095717547019966,0.0,0.01260140946777436,0.015229313920076018,0.004354011248845845,0.010183073322000502,0.008054701287620447,0.027917411562777873,0.01257120102922042,0.07576775898317631,0.0071007569619276675,0.03976816500658758,0.013208085444447385,0.07058468831112799,0.5412000516506893,0.08419890354932198,0.0869615352960956
129.277,-0.0009675801435034916,-0.002026525763525301,0.008912339171673563,0.0015693898933747702,-0.02289365789565551,-0.0009475769443330484,-0.001379408308607628,-0.010362683161175335,0.005556620953060737,0.00818739867512465,-0.00137072675735436,0.0,0.00718519905463621,-0.0005568367463970985,0.0039045096297338345,0.005258861572954248,0.008063427200210511,0.014678739113312134,0.004451407642932091,0.03334491446926903,-0.00262820734506948,0.019667909120563796,0.04348725031833013,0.015918131508146922,0.42235784549796895,0.08988779944596974,0.02411875205136901
129.777,0.021791265474785507,0.0029080687511662835,0.014814268003688113,0.0013189973444192081,0.06223194767202976,0.004743952263101198,0.004846591937132374,0.022793093667436384,0.002295395460468316,0.027458789303336048,0.005088515179558106,0.0,-0.0012403933235745907,0.011611776571806056,0.00785061575554775,-0.0008740875450035694,0.009890608635422937,0.005203675559407149,0.007432657671961628,0.003534452229086498,0.009476924543745128,0.04170516776007942,0.05132735157617754,-0.01151619649144635,0.747530024426676,0.029170482821000456,0.0264945774348675
130.276,0.02174532580061633,0.006091309584104863,0.010838930158401176,0.0023898209000607906,0.010181962440200566,0.004128560573963961,0.0102551146256016,-0.0007702293138112539,0.014102522577547417,0.002261499322875585,0.004780657136319343,0.0,0.004114653024314118,0.011494505200012333,0.007883999740779937,0.004151223060487968,0.013198957773707819,0.0007071333486214699,0.005766376048293142,0.029580369476618663,0.0020509990782937105,0.04821714209860542,0.030394928227630878,0.007379132519691292,0.6895455706679957,0.0066734682275317505,0.020958196847015474
130.777,0.02015387497171145,0.007656481681836086,0.02117787066847219,0.013238963484510171,0.029325960913081293,0.0034683006993783266,0.006376768574790935,0.01597954965143284,0.06112435626047152,0.00914231640650426,0.004601807124834503,0.0,0.032923709069146836,0.0195446738744267,0.011409444963369222,0.013998507505831988,0.008899458735239969,0.02196525184855696,0.020736490584430594,0.12508739479725972,0.008542181917562496,0.09489839347131235,0.005633242200636574,0.08450246741278136,1.7903892506903418,0.040272160299066315,0.00019235267498896928
131.287,0.016113381354990193,0.005953449927079563,0.022443235932067016,0.012777577895433155,0.03918816235946578,0.005313250561058774,8.100208171688752e-05,0.020433449811749056,0.046053788370004047,0.028523002958210687,0.004298373413754142,0.0,0.024198097562526638,0.020873130425263012,0.0011098502347382823,0.011114640679878262,0.007824112867603476,0.023282392249670315,0.018736202038292505,0.09202644558199954,0.010526330867719012,0.08662454812285209,0.03164876946051493,0.09025417516896211,0.48829341319815595,0.0016793956544636122,0.07094332149337104
131.776,0.023458968750152985,0.0008967773026167851,0.020964590520141956,0.0045614706167528395,0.13111195672628265,0.005917116034536902,0.006463421801406908,0.025556936038004303,0.029292374920277482,0.006748631808554421,0.0030188754998282984,0.0,0.02350378356613008,0.01691561697603416,0.016885097577856487,0.007848743193423973,0.003508989878246243,0.006471886929707419,0.0072141015175563325,0.026853726351635344,0.0070918831857452996,0.0625853984607681,0.05790317495753921,0.016948666314014694,0.1790523378463843,0.05542729725663595,0.03628298904804386
132.278,0.028812726063808178,0.00417494890569761,0.017452871222331686,0.0018090839858797107,0.13059619225330313,0.005047836995152045,0.005354253771640705,0.02985174628166134,0.018146529262333563,0.040438615044430415,0.006097760230108453,0.0,0.013183267570214945,0.012874378790242277,0.004587028700384283,0.006767182099984956,0.009474424840143445,0.0017645408990867991,0.0012119000732452793,0.018245048383458775,0.003789657657057843,0.05050673849919758,0.043830096300843814,-0.009003290727864792,0.22743680910638572,0.06149606861866396,0.03442928783763319
132.783,0.019806121363066018,0.009522158975116796,0.019969023132133425,0.006264089217037798,0.0005945712184519008,0.0051959015180102494,0.0033479463620203396,0.0020784050393127646,0.04427730738455521,0.07874637955436574,0.0018743353382112385,0.0,0.022183388815335083,0.0015724682271952806,0.009721839979297292,0.007667198671032665,0.013394769840089922,0.013871357646813326,0.01027137604529861,0.07088848405476211,0.004261548003891986,0.1033459568527113,0.02731807462855214,0.045977364660885596,1.6265630476050397,0.13811964758825887,0.0864972411082495
133.278,0.016766483962101373,0.007882294576138532,0.021576491399041654,0.012567715009180264,0.00827041536074876,0.0027770650199725818,0.004962908748297273,0.011097266867501792,0.05197494085273124,0.05164094272196555,0.003916526268676125,0.0,0.034233290822862916,0.022738916977573066,0.0023125105676143247,0.01326678771930582,0.010747015078576434,0.02792937811669199,0.013799316098232265,0.10742882198820637,0.004624531502863373,0.10268842968043893,0.020315191541289846,0.1070893840032464,1.6189584405645285,0.04142266189939809,0.05195406910558633
133.777,0.014133659683735235,0.005385129773128262,0.018859659376955593,0.013212222146639438,-0.010150335966743246,0.003803209852368981,0.007745621811209401,0.01393684238022794,0.04178483358052283,0.048131159038834935,0.003944739019755961,0.0,0.017117618199899372,0.021138695782866628,0.015568280480846842,0.009747072227358301,0.016960682920525702,0.02631411936507133,0.015314688883297997,0.057429823722382985,0.01089655905313414,0.08959095340344997,0.03849048821756211,0.07929687930505944,1.3785443668855772,0.0713595064747388,0.0661587422670519
134.287,0.020560845854282594,0.005004803971582552,0.012964010923946372,0.0069142503644247745,0.046169978910382485,0.004248279595805828,0.006285118636235192,0.03589731086844829,0.036836665889092755,0.0440255671937144,0.002712181658079547,0.0,0.009165309908113773,0.025688620017517448,0.007274531525150071,0.0033217777844715976,0.007792078230965683,0.0158790667238623,0.011162477996744522,0.02683837047753796,0.009275162114595044,0.030678248032227507,0.035000685654349994,0.01578153878616731,0.19684165975418277,0.08670723047771592,0.04334026388807904
134.776,0.015469257674375209,0.0036838461128101676,0.004804394889594304,0.0020099361444437655,0.051757645642891044,0.003501414968880586,0.0012746136218594088,0.020217344968975145,0.03267044293962975,0.018516548350165713,0.0013198760685948778,0.0,0.012816642601698812,0.017503516670472865,0.011989082091471643,0.008150671681555036,0.0021480726318741953,-0.0004051590842280439,0.004054950309920936,0.03082697949186827,0.006703475788797653,0.01718437969321087,0.01709154820956146,0.003295088607795402,-0.2398937799040705,-0.017614527788083867,0.04987627777516891
135.276,0.020097186679045895,0.009006149138625132,0.0060770535877691,0.01026672003037735,0.02322301449852641,0.004025585811655381,0.006578207178808586,0.012814450675751779,0.06061591373613802,0.07003210658966814,0.004876991971939097,0.0,0.03061604147661088,0.018579772463948072,0.014305925669312165,0.006312702756507271,0.009374751119120834,0.018741822836583058,0.011734116482977647,0.04680892182376379,0.0056292198628740305,0.051481893376955315,0.0014422813425401114,0.08143867598841423,1.1788476126879932,0.06409907081822742,0.10747939276153076
135.779,0.01357024381310949,0.006692005048601183,0.0118296242348263,0.009339671093833567,0.06609956122856196,0.00337889049067354,0.0053253255311063894,0.004954023987870199,0.04484557414547864,0.036371006873507465,0.0010009374048755434,0.0,0.022323204099130484,0.014681899377268033,0.006246476082999366,0.007377119414074692,0.009052424058272602,0.015543052288278434,0.019060754266275362,0.052906653577720765,0.006889979503717994,0.0729452815462359,0.005644331124831529,0.03260760197534179,2.7647480451098128,0.1112579743985651,0.006135253844470099
136.278,0.008588732753576935,-0.00020136565190681248,0.008578650554062955,-0.0031594012958092075,0.09079651109396202,0.00012214230954440709,0.00331522067957986,0.020458478472362353,0.0080077812907761,-0.027338129753019743,0.0005012373916029791,0.0,0.01652589708649344,-0.004918894707559605,0.005957366141614431,0.0032824005555957348,0.009880528945408019,-0.003019419340687623,-0.0030302552171935374,0.0007975844000942976,0.00010369643836788876,0.0015037688338031513,0.03265583109816864,0.011781558650447643,0.22523245392147084,0.010931347831356198,-0.04874816360527039
136.778,0.010371119728059383,0.0009260883814636706,-0.000489436869897021,-0.0003353010155322298,0.1188055897860038,0.0026922849042961437,0.0079453471282724,0.01656764375713843,0.01629054732793504,-0.04248944099834213,0.0009664281314921582,0.0,0.022377705842508328,0.009118029896530823,0.017292615974569235,0.005359882927628086,0.009647197896461257,-0.0037219822288892075,-0.0010561279920455649,-0.005897009887772786,0.002668396409897771,0.011518976513682166,0.025926575943279972,0.03163619697643963,0.49535312735917625,-0.00025183132761961156,-0.01970814856387087
137.277,-0.0018487922060107503,0.0035315040630829603,-0.0012099098176320039,0.0033542712751787034,0.08761332936546895,4.407235134807184e-05,0.0012655757970544172,0.015944275554701407,0.04853950637144932,-0.016568270786264987,-0.0008590915223860305,0.0,0.012271281596488387,0.010397227478331059,0.005271939127849753,0.0028464640108404196,0.009148043670799256,0.010121171270715022,0.008719623987756824,0.04802268565809875,-0.0002073880977564226,0.01866080326675767,-0.005639961862839523,0.05440393204125411,0.35130692398603286,0.07311366971994204,-0.04354697171364824
137.777,0.004132074853547439,0.004661157572771301,0.007900134402595963,0.013504150267866442,0.12921717072336,0.0020302601949116826,0.009518968527937184,0.0011347482143138703,0.057443608980720866,-0.00757804209137064,0.0020344295332388324,0.0,0.03308484529440208,0.018785251568143473,0.010513464735907217,0.016246951015359626,0.016308989886064232,0.029232455184529525,0.0168586841115245,0.07406581546117937,0.006740001553589422,0.05127666118062579,0.0001314305110073209,0.019726510302547944,2.2297344365613343,8.814318438838909e-05,0.019547650693188763
138.276,0.006356984163961689,0.004279010240685138,0.002370945644970265,0.004815017734911794,0.14334040363003492,0.0019216046664262021,0.003262348526510627,0.015650200479997423,0.022810521137205903,-0.004520726730098053,0.0009478388488622192,0.0,0.013469872930848812,0.011409384159467064,0.015888019658477633,0.00676958444660433,0.008452660993641824,0.008746215302177278,0.00943845409155658,0.004088720832616827,0.0010581203121670718,0.021898849892619383,0.023050355423336822,0.033596639390733735,0.9115615425653468,-0.03597089932163477,0.010484285738183163
138.777,0.01318494123060878,0.0020789207747751977,0.011568926190224028,0.0010623547760683423,0.09672104417093069,0.002408630654317323,0.007466334779238611,0.027304740217140442,0.026607996656769644,0.031219059747165726,0.0032166909209594796,0.0,0.0038068540042235873,0.014050749399172925,0.01134733991750841,0.008818237935367661,0.010824041479452902,-0.00390666419437065,0.003121607175266875,0.017847826194893984,0.0031064370335108817,0.03307878327814672,0.045864598292562064,0.030136707843712262,0.9558453755877421,0.14205221337149393,-0.014612376955758273
139.287,0.016881822198220413,0.005694243713077396,0.018962936235562364,0.002837602686095656,0.10193121115484936,0.004329244341985166,0.006560795707559635,0.01240911526036185,0.04313904461414281,0.03808331436433676,0.005214876021276368,0.0,0.009733636661984017,0.010919063706903142,0.02507517570850207,0.009453897829234528,0.003560739713809022,0.001925240520343868,0.005382344921630443,0.04417890521094658,0.004292493704272761,0.08515123856971314,0.03507038759784562,0.022101562691129978,1.0079974870210069,0.09633742499939993,0.06363714459187883
139.781,0.012181462794109418,0.007559016640251108,0.016399972465296692,0.011202155718169834,0.025767867614947485,0.0029227314685498227,0.006093899068762756,0.02966244843293834,0.04857350048245924,0.0405950540359997,0.0032650798714702455,0.0,0.02880355877236453,0.02227836243372773,0.00844112210344088,0.005147935591105611,0.006161656735866263,0.022788877809762152,0.019043080017259344,0.07412188767815163,0.00507611157547671,0.06688407643018532,0.0029995539555012756,0.0710717195271178,-0.03482891268638582,0.07729774948447497,0.06614969817007509
140.282,0.014206097321565612,0.004901791478771366,0.011899448172671155,0.009417064049187424,0.09325729170444025,0.00284342683309897,0.0018529606769655828,0.017961696506540444,0.03756628383612962,0.04277987474733938,0.0009267583322619563,0.0,0.0157623484799837,0.014346930443681308,0.017909711913356195,0.014020234494931108,0.005912290902070317,0.01898918795336047,0.016335265534865393,0.030103621630612996,0.008304642529306941,0.04831979536405673,0.02671184872084596,0.027367198277147727,1.4876747448726497,0.03708872314953368,0.05779490633948338
140.782,0.0172275033796376,9.915928302292312e-05,0.001923980709914382,0.002676662886584894,0.12741412903608093,0.003336664886735068,0.005399810619338639,0.0182432239238358,0.008816481967524433,0.04103892744763156,0.002607503875165545,0.0,0.011070157515560545,0.008870804508805636,0.02038961151873349,0.0026429491935761823,0.003938401028683958,0.003824195482480244,0.007486790388993051,-0.009140680971261746,0.005471600149490979,-0.01193997078568762,0.03976056276803414,0.019269924490505266,0.8346704809289054,0.05719321631044675,0.04018933007992492
141.284,0.01947174909035219,0.0024039266857358295,0.0007119812069277452,-0.0006364008930714422,0.12326748275837175,0.0026921694128703272,0.0034287678388367983,0.013458269602110337,0.012473522630103475,0.03939611887343884,0.0006657227591720499,0.0,-0.0002669214977286429,0.010598630207536186,0.014099504981109382,0.009296316800051404,-0.0026808961700868776,0.00446966303079051,0.0018093730105617338,0.020289680206127588,0.0017838442148175736,-0.010990493371543914,0.020017262186323343,0.030240493419075157,-0.7244108538070742,0.07530150271509618,0.07097967252672602
141.775,0.0004198074323610127,0.0006230084323969104,-0.0016878585584926826,0.009094530155653573,-0.0015288974188759877,0.00011641294372746466,0.001154184004463349,0.01263455493099686,0.0319146269951696,0.024395445117547595,0.00026903975251485766,0.0,0.012183054096783226,0.02517587845331014,0.008392867412235636,0.0039686620154376785,0.007790324039517686,0.016531225104318318,0.016705974522346373,0.04343863181754223,0.004931863280475156,-0.004042447357004389,-0.006461885473039556,0.01629121342579008,0.5264308481629654,0.05873220593655408,0.021708817114254875
142.278,0.018151498255987365,0.005371431230737368,0.008127051045295547,0.010736789516864086,0.10973065761322526,0.0035497606125918534,0.009104803968057925,0.005876251185228905,0.029025491597366396,0.057358784989446215,0.005524788193311019,0.0,0.010989121124909185,0.01971960034113208,0.012339572064327106,0.00306930744896247,0.012873254154053965,0.02235406191660378,0.015746962489366984,0.05106224212023767,0.011287232587158212,0.052702873893097676,0.017902017631851123,0.025178712492263108,0.7620476744763955,0.10127870607998005,0.05571450892682703
142.778,0.013183667034348426,-0.0016084021617568877,0.006548254452834281,0.003307951187580521,0.08892715736381218,0.0020571756636689155,0.00558660961725302,0.024904530982797286,0.009518643056339603,0.050624744664355764,0.0012638493728227113,0.0,-0.004268736195494615,0.0031449245956879407,0.017095567872938127,0.01684211876915506,0.007912229559672745,0.0061133355029892224,0.006789999428914515,0.018421831868378667,0.007770919689164053,-0.0013792141075501365,0.016881269346739974,0.02196434982670386,1.9751318151311597,0.0927607222444851,0.07237502818520525
143.278,0.028967525026573158,0.0022350316455462503,0.023970958071610548,0.002689897730460124,0.049708177483504846,0.0032054940749690125,0.008954470337802254,0.025977545864428145,-0.008773064894305252,0.05406214405231932,0.00655390946891892,0.0,0.008110495925519672,0.005046264820747768,0.018696595756835584,0.011214251026687107,0.0032443278753691886,0.0034430602902678375,0.006716233430999867,0.01963959384071432,0.0067688408501420235,0.045402766742785795,0.05483675521938061,0.08345170820948834,0.16625669330701826,0.03627411953246726,0.05603165414738126
143.777,0.014338114811683208,0.006362896448882881,0.018619359766712616,0.0047868591534522345,0.0359143278819347,0.0034959956581806736,0.008495956283790936,0.016954876282947357,0.024376388448097124,0.06303055333241779,0.0013374485955389428,0.0,0.013671065370906678,0.005451305906492916,0.002012962931945138,0.010238446077560984,0.003951052308730578,0.013864498043176446,0.010926420069899296,0.05770182435414098,0.005215191817885464,0.059723239965230004,0.023522270221954224,0.056461652739882386,1.8719706291592637,0.04494582994635655,0.10239022667479025
144.277,0.015047073049253203,0.005266400177850801,0.014997966634027984,0.009418780631841804,0.02031826275402073,0.002945582061512182,0.003281818437623218,0.029596894788519543,0.030553803385240937,0.051022667957564716,0.002015962299884306,0.0,0.014653543163518232,0.011696137991685751,0.012769884396265467,0.00785526186188329,0.009153032316009701,0.020314046713396934,0.014629963202873731,0.04744501437422373,0.008878052517150709,0.0730762057190777,0.01395350956576408,0.03066073547851514,2.374564653346518,0.01785220560136717,0.10756579235228772
144.777,0.02152845785725954,0.006190592132989514,0.00987334858266338,0.0063327734895204804,0.10866550287813358,0.002579725706090983,0.006071625259217069,0.03169081864101059,0.009034596062624373,0.08188179540967853,0.007287548130790384,0.0,0.01182229517525099,0.012929299852925085,0.008302361738098176,0.009446552955331717,0.005399382631894707,0.011816878897579835,0.0114102058847013,0.030431306940208337,0.011697474100831867,0.03738521239680723,0.02808279393185492,0.018889882151349995,1.148243479922191,0.072630897269582,0.13503814882237905
145.287,0.01676092451808161,0.0015285586954062655,0.010264036901886443,0.0032065959183861736,0.08101721893017046,0.0029362176045436526,0.0009310769840032735,0.0220202342365811,0.00875951919032473,0.006138983717020303,0.005269694045880173,0.0,0.007170338544118275,-0.0008978321699972235,0.013896793430021545,0.003945938550474234,0.002758519753743118,0.01271510483670166,0.005345922834064178,0.012339439149185632,0.00860082838206264,0.061015596521041146,0.017104670472193877,-0.006796314914631063,1.405516229917446,0.07976330016003498,0.030148681452264986
145.776,0.005169716609579367,0.003672415827029215,0.009945810901229363,0.001258060583740359,0.08646845413530695,0.0009618281672362426,0.004293362321428382,0.00019747556937854276,0.009716458604653411,0.05687237974744493,0.003982606789012208,0.0,0.008599100308183444,-0.0010258517136430064,0.01420461483227975,0.003902117237763968,0.0007291161330474536,0.0033003229872176714,0.004551924461842835,0.03495172275331118,0.002360376580635833,0.07114636084187521,0.04012050681706139,0.0221832249951409,0.09234026071912232,-0.0021588286692578885,0.11627055038075308
146.287,0.0118818250398629,0.0018304229125520436,0.007950902045697221,0.0009072590832984102,0.06767485721722671,0.000981068289473548,0.004539707308220106,0.02042371599804875,0.022585570294998542,0.03399036555592551,0.0012241935865940931,0.0,0.00028077545371444837,0.012218416826753205,0.0024349122564703064,0.0009287754533411859,-0.006251702146028128,0.010095543920449729,0.010402435569703187,0.05517812936566998,0.007219821422540474,0.04319735896038657,0.011473929364441412,0.031974209689503263,0.8473081607729667,0.06373840150128308,0.0420702139086464
146.777,0.005134573900596452,0.0027801295412685284,0.0033074005097412052,0.008038257322776349,0.06655092191339754,0.0019713115324335164,0.003476413422802215,0.014714800290103778,0.03262355146392656,0.019982438528459313,0.004044188463303343,0.0,0.010463882037896737,0.012218649228116767,0.0031329432458585805,-0.00030839886457912795,0.006598588596024796,0.022972627362419385,0.014604890392048885,0.07948530267403983,0.010983303531648558,0.032139654845722065,-0.013451925905798395,0.01618412850036713,1.1441930009054344,0.03400737312593298,0.057996804297819435
147.277,-4.34923709821114e-05,0.000519236137662546,0.0012088338746590913,0.001065473103285071,0.10176898949379137,0.0013404526525071538,-0.006163973032270338,0.019200586319677252,0.01188256702669095,0.017834143626950464,0.0006691931701674198,0.0,0.0011328165719502509,0.012557946137994384,0.009441674051530565,-0.003940391654092847,-0.0034555395014914453,0.006115716018882684,0.008594210243582654,0.00898419010262023,0.004173114533879005,0.000987260502841899,0.019913986405453533,0.005760679395845642,-0.9209792173128412,0.008007128630129144,0.04686368885188825
147.776,0.014299581206714306,0.001126358230960022,0.007960707215826392,0.002072648959151087,0.09917683295966233,0.0013570817233944763,0.005021030945506247,0.0132244466968744,-0.0012814731860012333,0.004619125836050019,0.00185441245677367,0.0,0.017409433711606016,0.0022309373763438932,0.004633415591138645,0.0030822493971330417,0.005793415592268447,0.009646252766473441,0.004584123300165098,0.0037919606917198095,0.00011966138944431553,0.040843627660762286,0.04453263842209012,0.013210323385403795,2.803423108769925,0.03883680551187161,0.02073519224883618
148.285,0.013962169600915855,0.005081508153066986,0.012789638341037213,0.0002158925797224323,0.11302455105900473,0.0016574659556960734,0.00656993057424488,0.00966611639519181,-0.014180141777654223,0.04823049769341455,0.004092388049987378,0.0,0.009899166625957578,0.0014997187231960704,0.018066799714830183,0.004213827869557551,0.01178431394463509,-0.0002931277374052738,-0.006724902728309426,-0.008588839911040577,-9.06758739693085e-05,0.0628785931554591,0.05650486077679633,0.015272020638274923,0.14355716014849546,0.10162871732066017,0.06838570156580101
148.777,0.003660440420978199,0.007476038708281573,0.011254207017811062,0.005286792416494138,0.06728296870162648,0.0003177614618602237,0.0015353037268238574,-0.0001987014851260024,0.017162249333228838,0.05891137549483849,1.563978143204849e-06,0.0,0.01634235107723381,0.0053799695714950805,-0.0014554090164195321,0.006117100038132265,0.008563768109525907,0.02011756773760146,0.005037230256290097,0.05571550273109146,0.0017405257167670844,0.03645716657181411,0.009284928258648021,0.034434345341995055,0.22340968932866515,0.1080247420355029,0.09062512282413256
149.277,0.010634450381578025,0.004482031027319266,0.006761623256622332,0.010195588978130153,0.08219736376983687,0.002379141767158272,0.0007287350176560316,0.013910887021960775,0.025946501745120254,0.09905265251887313,0.002462347361991273,0.0,0.0055229872057018774,0.013768313624675035,0.01528397106171423,0.001234853214923338,0.005992261202775357,0.023460716756391525,0.01564319849667958,0.02891709778422438,0.010039317408169924,0.07232325431066483,0.00571858946303178,0.042770867189884855,1.5912838943210021,0.13144141679811722,0.11326503012765637
149.776,0.004851322372798569,5.437014621029008e-05,-0.0020233578834430005,0.004646432116443377,0.012592040931624256,0.00029825805620081015,0.0011688302465644985,0.016937588480623263,0.009916731273335986,0.09082746645957894,0.002930720922816911,0.0,-0.004371849312640208,0.004473382574759892,0.0035361265940308975,-0.00041174539405918706,0.004224329700938789,0.01837044864438142,0.011153713549347948,0.026904055308812264,0.007510084096596922,0.012220731294105086,0.015542187664073724,0.005909413574682829,-0.0707708231408132,0.1934465535810521,0.06486749417946575
150.287,0.006137315184849672,0.0032116283687547895,0.005203441927630085,0.00480912220157109,0.016734448701833167,0.0021708092928553278,0.002596329941737165,0.02106677469947765,0.026172345775539084,0.08299402866346843,0.0027033819123048943,0.0,0.009703174360735268,0.003847042284762794,0.018964559827654447,0.002901020894928616,0.0023245963652520564,0.013579056620919173,0.009795515219397713,0.005632725934495842,0.006395898289949665,0.014438901347153494,0.024048930592701634,0.00771279987621327,0.009562274958903468,-0.008221404750488678,0.12423858459813758
150.776,0.0018831926903070942,0.0006886608041804949,0.0073735113954908355,0.0036557808935899754,0.07058026545919319,0.0014058438428026982,0.004333927481179105,0.00910070561456905,0.013002720926419277,0.04722031243270494,0.00017028826053490614,0.0,0.013513733645908809,0.007567529164416916,0.0174698481549449,0.013349299781527242,0.010136391809497151,0.0006498091923052785,0.0028505330496993012,0.010586701166427648,0.0035824180122733125,0.04996528244919487,0.017519249491780492,-0.007593683208015724,1.2676898031902735,0.08904129557399516,0.04566935492269967
151.279,-0.008666947320149124,0.0002692830449028022,-0.003010836655912267,0.0013354088878508486,0.064159117569446,0.0003281387677317302,-0.0011153294340939075,0.0038431278856319376,0.01462825327873923,0.0350279691566332,-0.001956243251830608,0.0,0.007531974993801927,0.0019473984149303055,-0.003987977286794556,-0.0001048007683058243,0.008264983993116112,0.006062942919644657,0.009253699716284997,0.03461755495838318,0.003992935286678946,0.029518345034773116,-0.013249026303766266,0.028269778512277428,-0.024588707037180153,0.04143046703983571,0.10190269701596129
151.776,-0.0032696303404200345,0.0008481756878671065,0.004559555754178905,0.005954249004328586,0.10364579777490968,0.000322546969393316,0.0009117475449318293,0.010893917796424171,0.03278824235816564,0.0988091616390094,9.802978392969186e-05,0.0,0.011431290082459765,0.009545198038714328,0.007586258530098779,-0.0005821582400813986,0.0020700314873141256,0.021989341943494497,0.009630664903716207,0.042262504228612975,0.007511926013179876,0.02666710308224729,0.017747386863708046,0.03704929159801666,1.426662482483987,0.12415078969375436,0.11723529500514795
152.288,-0.007641948274029851,0.0019160142784849423,0.012241904458066433,0.0026410806834285825,0.205461635110082,2.4393110015838167e-05,0.002212644693736609,0.0009115489689381004,0.00892808295390926,0.01666252411433745,0.0006822086527953967,0.0,0.020853580867478103,0.0075409313889466065,0.00014577992826424573,0.0016075078832994455,0.0003546433507386739,0.011766763957556043,0.007706636797039412,0.028392073247733168,0.005986890748305692,0.034824010817660865,0.045582663164761214,0.017274297170534997,0.643985787787493,0.026635940352246413,0.055631572591774675
152.777,0.00446555987027031,7.199556982717331e-05,0.009505857604510233,-0.004515074334736812,0.24166420776089917,0.00014485564529513327,-7.9514088081394e-05,0.015293856760353877,0.0028412412771179215,0.0005852890684891622,0.001078071075835489,0.0,-0.0042882712700578,-0.005437026593160844,0.016308671459170407,0.0038620484646525615,0.00019892027199396855,-0.011288955905882145,-0.00488263730973598,0.022911042061429042,-0.0010591703514316278,0.016995201457060283,0.02871706738381514,0.0002438076637626933,1.2883697221555066,0.01954550315655392,-0.0021949444186286035
153.277,0.0005096487378991916,0.0013009436549901963,0.004320962899974573,0.0016082063388446208,0.2277390865599764,-0.0020395741644581985,0.002158056152333366,0.003592799222143487,0.025823689419847605,0.04847643526297538,0.0010721590192429833,0.0,0.006114288848391595,0.002582326930480032,0.005510914594073302,0.0033701371813683397,0.005609803455937744,0.00384846866676977,0.0027854177615832124,0.05372333730934131,-0.0011250760930792798,0.059662982325239824,0.005782052409815737,0.03500363380737207,1.4408264032741784,0.1309835183973995,0.057870343155027267
153.788,0.0018358586843769144,0.0071456748449399725,0.007420446762980594,0.0022700216800547995,0.16986513902820152,-0.0005420702193772939,0.004096685683054144,-0.0016651810985970207,0.0320176209989754,0.07420557277525329,0.00038737769838248845,0.0,0.01863191206660512,5.0580835793250656e-06,-0.0003748626726794656,0.009341138599354227,0.001577189602715213,0.011116439844147844,0.004675063029971962,0.057858983790873085,0.0018155828715211676,0.08470748946064448,0.011685993630853368,-0.00600832997088988,0.5259376636370289,0.028669858511379216,0.10688108863266316
154.277,0.00815023048199348,0.002079674643120432,0.005141569898950163,0.004632073893073658,0.15018312494052397,8.25225727242602e-05,0.0038810241860515486,-0.003259907861684515,0.014941408833698277,0.08108158051187933,0.0033966773952198064,0.0,0.0053579790860533725,0.0075763124815774,0.005690398990341835,0.010153176737397069,0.00844375015224599,0.006534843348112831,0.008936899647122163,0.030053832445029616,0.002056008290868909,0.016725151490880632,0.017635425523314548,0.021868676066002058,1.276271131022587,0.09644038753467482,0.09878775079646335
154.778,0.010339516775266969,0.0036084016419801663,0.01484321248229147,0.002832765676255188,0.19438582821595554,0.002951695768110025,0.0062793238598252785,0.023221422820407258,-0.0033321161224944256,0.03750187794310852,0.003106917837759599,0.0,0.010980695523982014,0.009395999591710539,0.014703488738675621,0.007417830306169802,0.0005269993994997712,0.007645588879900354,0.0033035831751050816,0.013582032923265644,0.0028105863113869465,0.020148223844387796,0.04647138628405733,0.03922929470457777,1.8449264946165558,0.019610690961457535,0.05225967262352147
155.277,0.010330846083037255,0.001517668927782057,0.002539798266425046,-0.0005305116785620148,0.12072665409677757,0.0029650555430875748,0.004353484312121869,0.016016280598863744,0.009918646265510256,0.04977507582285466,0.00383481190627973,0.0,-0.0008529554721429674,0.0021100396729514716,0.01378705862345833,0.009177050348486229,0.0046027656495832275,2.7287805175424784e-06,-0.0024141356024035086,0.001526801498222359,0.008046620456752867,-0.027411396514445765,0.04780406041680857,0.03727424951583675,2.419035139804776,0.0682037334625752,0.07055326807044499
155.777,0.016173991469824314,0.006392273015325496,0.01056079982180207,0.004657086488439333,0.10203956196763583,0.004575996268150827,0.008123025920123934,0.026112632183420633,0.01900380989114647,0.08941946072719015,0.006203611388824451,0.0,0.0029170820693993336,0.017142270941012814,0.00899501757672583,0.00764070201926464,0.00037216472571784847,0.011306655842180243,0.005069744326427968,0.030431942186748388,0.008015257333708024,0.07317259674935164,0.02947454456967121,0.06432999803823555,1.228801837413429,0.06576766245413368,0.12597759555376287
156.278,0.014411228236624328,0.0036538320245308358,0.011438729232070132,0.005608364142047271,0.050798429687358225,0.0013019310870948076,0.006686393078701816,0.014290803691582346,0.028268153149281747,0.018437266818677047,0.004026468191818174,0.0,0.012269186614452893,0.015997059144695285,0.0053126171385071514,0.0013914590515990606,0.001984255763724073,0.013689955108401845,0.009173100758350377,0.03041048069441284,0.007241502380335305,0.07692350234367668,0.020003806689510704,0.04839123530684709,1.697855727197277,0.07252163674186203,0.007504238978029836
156.785,0.010343468963136718,0.0051707481281911254,0.016943838397056786,0.009014811733562136,-0.009390344342784998,0.0021855315238010326,0.003739782176604094,0.006527136523732376,0.02083131605014193,0.05046787762291621,0.0064653822548706216,0.0,0.012075655122822162,0.005418844344022218,0.011360382124310503,0.013144314872116473,0.0007393619359655001,0.020790001396555517,0.011495829289913098,0.03330261184928667,0.006721353550048063,0.0824055796149996,0.038820486533782006,0.04052388590785978,1.1651638169409715,0.09493227755440325,0.08685489136743196
157.277,0.01215122926884929,0.003261375080396395,0.015036390710098243,0.003838975564620268,0.0422523497881284,0.0020447443239140196,7.587320177609844e-05,0.023668161498648123,0.021017999742615496,0.05767163448315264,0.003922940246136889,0.0,0.009451139639078125,0.011299295033013444,0.01407350312822347,0.003883786894464019,0.0015478995297204948,0.008029440167985577,0.004852747061419553,0.011694875409764901,0.006891506641519879,0.053295293898991326,0.0372740061944124,0.02082259966616172,0.842757460296893,0.12295892837769853,0.07895440224413412
157.777,0.014918687508535724,0.00035593914019302266,0.013074289757556477,0.00011101981016245652,0.05425985817651993,0.002107585702399952,0.0011787621909858828,0.010501312015518453,0.006589917855669904,0.019032878909187614,0.0035158472004616506,0.0,0.0031752679529095493,0.005919759343125263,0.017074614979478327,0.001195195569898034,0.006118249936926689,0.0015469688709380286,0.00043159542371661903,0.018877461819311707,0.004120619171911267,0.031410712945361956,0.03260586300413068,-0.011611152847268305,1.5629191748506266,0.014469215350144908,0.012085254433235838
158.276,0.014945939147527388,0.005989541958774186,0.014019061740362911,0.003550772223050426,0.05063539636075742,0.0025204855838786345,0.004589283930573149,0.01779357558171902,0.022337230476643218,0.07952920556409797,0.0023763388065379818,0.0,0.013830585643339421,0.006749917059945818,0.008328333413000742,0.012513854280041049,0.0036911412224807263,0.005722226921802499,0.006966696567761714,0.04531725907882958,0.005618397966835622,0.047173558800327885,0.04125688183971703,0.06125331845606301,0.9605596953342744,0.0798299898248169,0.12623381012274087
158.78,0.019707029272264497,0.007695721613305619,0.009441079717732809,0.013038289965503764,0.01677647910399972,0.003799022975481958,0.010041210929759917,0.021248002594850053,0.02670421758084102,0.03407518603766968,0.0045640751476046446,0.0,0.016511580500797596,0.022031820497108345,0.008702557538599833,0.012874207252973426,0.006226157221647447,0.021770689420451288,0.01604899720636261,0.06197315377653126,0.010743779051352983,0.04347226694377856,0.018230372041542382,0.07040471083457892,0.1007224761845171,-0.008960086136388467,0.06608790777680501
159.283,0.017058759086498235,0.005619366792676487,0.024251807621011673,0.012932738259256829,0.010828049098156746,0.0034144270439783997,0.007689741456541503,0.00982569453226177,0.03113070718608111,0.12343882134125274,0.003748708105151903,0.0,0.017874723477393325,0.016074712944464525,0.01133471441162482,0.012690844231450865,0.009468646773461,0.026075846958615187,0.01800628356886127,0.0850807082663063,0.008872520090393457,0.11629574705164047,0.016436761369678702,0.06383732925408357,1.998459007880515,0.06372258934078932,0.1578678968330864
159.783,0.01556503164808893,0.002698513105342271,0.01707682447168114,0.006585436581938659,0.03366685080351199,0.0022991553043980296,0.00907385394244299,0.023682656358575128,-0.00011799107712861693,0.11113118954804417,0.0018091475706930825,0.0,0.007580595338219357,0.014213488227226899,0.01966683153679041,0.0160804665789926,0.007168138570866125,0.012214343300635604,0.007567165305063423,0.044618240117601085,0.006014228179308503,0.04968954810337387,0.045085254958729136,0.04936999378274817,2.6013142249808974,0.07523260481865791,0.15167200992465035
160.277,0.015495466164453676,0.0038473132254616504,0.009295054103404775,0.0030761683912587864,0.03346365179489299,0.0031495341502678215,0.003148974045599396,0.015014936688469148,0.022910475545278735,0.08864711778737477,0.003635875156056868,0.0,0.012501562054317903,0.0111141862616673,0.016105984102777807,0.010220135222752258,0.0017002950810558232,0.0005334387114570259,0.0032548089519245245,0.044821050082391976,0.005668929030409463,0.018068471496894667,0.03834330927554813,0.038094500947446756,0.8608463796315201,0.1326067060225119,0.07222508840799004
160.779,0.00427529288206274,0.008143863285547078,0.012793552487934338,0.004716283204333273,0.06020044401395425,0.001910432931419557,0.0035934169153618426,0.013834322646470108,0.027699347274520437,0.10585812542796484,0.001004344580105695,0.0,0.019437412957624366,0.012307395220644548,0.0018284936964435916,0.011501609633698404,0.004170536888830328,0.011704045966644608,0.006205771947131032,0.06561910569062822,0.003926229032343385,0.08648511303759261,0.015487632241685038,0.04239956713336136,0.7065171041817078,0.10924177432261659,0.1542976584575919
161.277,0.01153515505657412,0.006859473985850509,0.007311501251922612,0.008894470175130844,0.07714758278508531,0.0023468703414120063,0.002700803386178497,0.021478417494011335,0.0301645572598517,0.08434059604769449,0.003503951518401141,0.0,0.012430907657577737,0.023146608967476515,-0.005711243833702462,0.004519000959071517,0.0046990103296395535,0.021614435458654064,0.016143835321302254,0.04704647416535276,0.00986547833031761,0.04499994547548922,0.015816957378605383,0.050377538242043,1.6565087159322092,0.09761526143358396,0.08368812635131692
161.775,0.006227571765386598,-0.0027436488870130125,0.007657079175203084,0.005054409573310776,0.08636786343421363,0.00206388692564437,0.009486103936697125,0.009443671500249629,0.008868803302096578,0.07262212823043927,0.0028265509941037374,0.0,0.012675268850600076,0.002942512877174259,0.009665294529387254,0.013871036853522136,0.013231694305665535,0.012122655664701762,0.007770019177842396,0.01663361186323076,0.003919535847571437,0.0035340836825661823,0.048884762342365634,0.006254582144216109,0.5264304425800712,0.038744917119054006,0.10197699475028896
162.287,0.014834464393720282,0.0029138600964894786,0.013640992253267651,0.003935617501513304,0.09039306549873709,0.003010515826045972,0.0024677677597551998,0.007849464681277398,0.007318300038123363,0.067127531025932,0.0018881569246828383,0.0,0.016694021294554166,0.006643087813306147,0.008464741957843835,0.004588026827668055,0.012545603931638439,0.006503275065252588,0.0025372568490872054,0.0005605275986688744,0.002660487251163873,0.022756028031767215,0.045586158582127556,0.01873689408925822,1.5226485913601744,0.19264593114549808,0.01157685319441667
162.777,0.016943692095513167,0.005435231505493739,0.011400773164788859,0.004214533967255266,0.04336500803444286,0.000784161565809001,0.001875462188660004,0.01819741451263553,0.01957933744775173,0.05021453103485282,0.003286581171543041,0.0,0.010018351515059849,0.007814496670176257,0.01367078691791163,0.0067660289366491,0.005858657646698227,0.009820285538933828,0.006278097703462083,0.06859608524150845,0.005251327941395827,0.023134210286585192,0.028388719262547348,0.03655300038890566,1.909252531540988,0.09817425054612593,0.04700837637286886
163.277,0.01145586056909149,0.0027570378551538223,0.010631399275135242,0.009467189256385103,0.09681606165889003,0.002281804248593236,0.0010433920973726368,0.006472928685073547,0.027032667588989215,0.03231484175645463,0.0006907951357848845,0.0,0.015114548607366662,0.023414626782096666,0.01722171549321363,0.008049240330088274,0.00031691365814421035,0.016661755695468065,0.012551836777478783,0.05059521876956379,0.007573370434863182,0.039966519318941775,0.0009831072046176052,0.07399295581570653,0.3568329569823957,0.09517942217750097,-0.0047057386810019225
163.777,0.013576858555776119,0.006083529948116089,0.013856539387065091,0.009652447344415315,0.076311123232454,0.0031902300119630357,0.006461709560505537,0.004140388407100333,0.03326968405538755,0.08197268865137618,-9.487301567139472e-05,0.0,0.01834674745365711,0.01171867906857416,-0.0021707122006571562,0.0048792354334679326,0.007605210634296928,0.021070213507079067,0.017657868405753934,0.0490349662677399,0.006063845770719848,0.044708073503860864,0.03027340184241479,0.024931360905014043,1.0911745348451916,0.15315236916567204,0.08541233607213113
164.276,0.02231950770341652,0.004318502992428173,0.011215380841900978,0.0020818267355975522,0.15532219078428552,0.0019287983957706081,0.0017894349578669653,0.03157844391524637,-0.0005784508704609035,0.06642529830126102,0.0008586496192703051,0.0,0.011773637264490178,0.001515243540443401,0.015700047775133414,0.0046121255271806385,0.004842805434867311,0.0029924022318750156,0.004452332215071307,0.011431127335628358,0.006007338469443132,0.06223614901208301,0.041322505202622734,0.042437439331468096,1.949955150862999,0.09825507404475647,0.07881293718438882
164.777,0.013791216389625492,0.0012816427450338594,-0.012113587534258136,-0.0009851636837684547,0.11602513673738751,0.0021735871815563345,-0.002966559415464845,0.030784183025390773,0.007556903634436637,0.09607723264512791,0.00019130627370867693,0.0,-0.004527940492710384,0.005907163790003431,0.006466452554214551,0.0013731902393060017,0.00041698536992066163,-0.0013377394848197277,0.003369900967904798,-0.012821116246451793,0.005014573362917261,-0.033919507248118784,0.013996025254463747,0.02896614875323943,0.6773904413926312,0.06383694268122951,0.1730913834432921
165.287,0.01488640395137654,0.0017443956485577324,0.005075618490291032,0.0033939360910549077,0.127410362183434,0.0026403465567905893,0.00471420227951252,0.0264785853051446,0.01156831793119932,0.08012058604246315,0.0017482314912881823,0.0,0.010403256211988322,0.009714882746658215,0.005680095954446739,0.01194177314024148,0.0029880235349238806,0.005348240491974403,0.00347552641580407,0.019075454307269545,0.008171541176747416,0.03807697765999785,0.03226562506545147,0.040316349713861964,0.9149703891546284,0.13445234334868555,0.0655544387821664
165.778,0.011635151348927774,0.007956170500773997,0.006713786505122685,0.009281628907391202,0.10093542028522794,0.0016385297004141135,0.008333497965327742,0.02326587231804906,0.02606008892086939,0.0469234214827064,0.005696654178463154,0.0,0.01629397305211184,0.01222342109089119,0.0058598906717230925,0.006625844820416857,0.003704057962921686,0.019051738650489706,0.014988109941250658,0.06321656470586076,0.006340803852687787,0.04433474293072771,0.00930482820027834,0.021092008875169918,2.467461076382026,0.05408533499150325,0.10083195788512452
166.278,0.011297491924034972,-0.0001140575622172289,0.004861123577150272,0.0050023009385838325,0.11945250071027852,0.0014398530549840792,0.003985693697318879,0.02242543735209171,0.013496815695781348,0.07828483845362771,0.002326608951521246,0.0,0.007901438622117203,0.01651245289841364,0.01597176525509062,0.01184429488173212,-0.006025400284717564,0.010130416528041983,0.007329044841715148,0.008389561279545562,0.009254817644306405,0.007720243592350346,0.025149984339122727,0.03761086121642924,1.65480498023763,0.07551072038711146,0.13672232867074247
166.777,0.016174782093139287,0.0027053992773831137,-0.005538955659863724,0.002233830009225512,0.05991728184132526,0.003371047338366873,0.0030645432283558523,0.03238478599258004,0.006583990201576758,0.018976773869365495,0.0041926693893226535,0.0,0.008915697253589991,0.010019318840661269,0.013778517463480083,0.003431282599367335,0.002484761582136742,0.0022377151381399447,0.0073547812047477686,0.0058899652734454595,0.004885530925029808,0.004147114410920428,0.004663587570603004,0.04368187640299835,1.4495160880949365,0.06833452462980759,0.010515744916172095
167.276,0.009906287851660226,0.006803576586479282,0.003682750453566879,0.0022578501197740722,0.037020123654390696,0.0017728350572710938,2.678801366115708e-05,0.009122104308138231,0.021949411453614894,0.10265617184525369,0.0028875982819994853,0.0,0.011518331915479622,0.015680847778666688,0.008850971103810298,-0.0005228645631850227,0.007589138608847307,0.0034294395972988933,0.005462597436054413,0.05686705258659071,-0.0008007772388736046,0.0022116179021049597,-0.0074557361733330555,0.04716146432197695,1.6984552892148888,0.0985855908572518,0.12298953723020471
167.786,0.012304410179198795,0.009246823571137599,0.009701335438934894,0.00583672695471654,0.04498147438245631,0.002600151038199632,0.00399653829676577,0.01708460396712882,0.023209376696106565,0.05818619876410924,0.0028085953373885525,0.0,0.009808685262126457,0.016337236694401232,0.003519881440323551,-0.0010984041908482167,0.006595150170221785,0.014134377110223025,0.007097548015871378,0.055425993154185164,0.004978044246967731,0.0766642866516842,0.0014913108276871818,0.02459453426812566,1.573281428364327,0.10916604419779648,0.07699869012251968
168.277,0.0028106227523628674,0.005459015478579233,0.012264167462466197,0.004256133085438658,0.0007245361027121049,0.0003821551527829319,-0.0010260622535727387,0.010693897627802098,0.024834849085700647,0.05933477227579848,0.0013619591219421485,0.0,0.002708310401621481,0.0024680717137508003,0.006885456836391079,0.00942348344316326,0.004671438993901196,0.01679424173547129,0.008253135012281044,0.051173585593834364,0.0075244288113547825,0.062136756081867826,0.025469752523886793,0.04693384779436676,0.7291119780550914,0.0855422959015616,0.06457821415894097
168.788,0.0021189750413063216,-0.0018605571011723273,0.009430288790472752,0.0038325991168885543,-0.013123994811753926,0.00039782457696508114,0.0013158360107885798,0.014198821256800491,0.015674198232025007,0.04125638188412014,-0.0007011479731722521,0.0,0.012977350322448141,0.004532447061938928,0.009968817143355478,0.008354370632703927,0.007476497401696036,0.0034502992936874424,0.007837083042775783,0.01784404627065903,0.009826674195001384,0.04006365590602966,0.039701049569728156,0.02281196846403856,0.7180809305222615,0.005615420354261372,0.09122611105236414
169.278,0.014403456184639377,0.0054224226373813045,0.013039321694268798,0.00463492129721419,0.06735821214489711,0.003639229788249646,0.005921992244317126,0.031602424555860494,0.009054302313540808,0.09540761177133639,0.0047284441824123865,0.0,0.019643339067132014,0.005771027204368575,0.006473800884392849,0.008592091610086948,0.008622553596668787,0.0034888538743127187,0.0024741968697285202,0.028814336495626404,0.009290970147644692,0.0651760514070323,0.0250408015614798,0.022582994349343338,0.6865817066558124,0.050928658863194025,0.08173494254525598
169.777,0.005001193878231178,0.006111402478248319,0.009198919439709151,0.005885828925408656,-0.0028981444108484196,0.00048343221659700607,0.002511616322049203,0.002689015027937336,0.02686137217028433,0.09547746501928484,0.00012037593204665707,0.0,0.019405321862238298,0.013888491652258002,0.0024705249069756196,0.0015428873944139448,0.010295180593832307,0.012019425101500118,0.006665345007215928,0.0636258590150746,0.003562956442391512,0.03145928638179948,0.01645870548473673,0.041619447433237575,0.31993457127567365,0.11479617594766237,0.09850281227623792
170.277,0.003752973524375106,0.006636343399005163,0.001201193120871579,0.004651151417160833,-0.006354046559646509,0.0009968372772752368,0.004664896772867932,0.006990737107119671,0.024554974399862203,0.03295324596366877,0.0010401714720709304,0.0,0.007584307963833221,0.010531202588369714,0.0019515142694715279,0.010932974552000223,-0.004711795889292908,0.010099514945395474,0.0121093102243717,0.06042924217656206,0.00804870170187902,0.036844594338699466,-0.008499949545995858,0.015360569910071504,0.06702933558411192,0.009055358739613259,0.05873921801803794
170.776,-0.0041331086823300205,0.006300610008956225,0.018183353553046497,0.008819580031136027,-0.031720360885546695,0.0014934673615311193,0.000811931936715968,-0.00504022389347794,0.019268890969373523,-0.03410923225329573,0.002042973221584119,0.0,0.015738254217055356,0.006687028924514504,0.0021313914010501205,0.016433085300755445,0.010326114299062779,0.022842487935957206,0.011272226329785558,0.052774032547062005,0.004449977632881448,0.0710364141646593,0.051435089270782615,0.023843797983818294,-0.09578338969769058,-0.019916713578345246,-0.020294398906051475
171.277,0.004436609036550213,0.0034618580274722783,0.0038426237260860995,0.000871816084381069,0.07123278063968917,0.0006969247326677786,0.004255133090263981,0.011266292507272076,0.0002249531162904468,0.01692183113716923,0.002720150191813559,0.0,0.0017227135696735306,0.006026002715957028,-0.0019256341941798428,0.003462836973424692,0.005677208819357745,0.008224828543580903,0.0031416032998221387,-0.003417722251526291,0.001058310739036555,-0.020122685382586873,0.04771563399107921,0.005975325107172588,0.5313798356404135,0.08306321933599423,0.015243102028339152
171.777,0.01411877281718286,0.0047796796368823405,0.015080443523202099,0.00416667732031722,0.10375547481943653,0.0029160339051050774,0.003343025311268176,0.03005049182816949,0.00837060508506835,0.04596194975417921,0.0021862341079127165,0.0,0.011567938391795134,0.01681368483271109,0.010171956384128475,0.011291392709864673,0.003234504387317832,0.0017924643175182666,0.007044966392265142,0.019593781988814868,0.006878953304412423,0.022526334369194843,0.04349939117547153,-0.013642418512867334,1.3590549387723903,0.14064121891025605,0.05583907450671028
172.287,0.017202777463592295,0.005955923187388759,0.01731286059449649,0.001094494939008223,0.09616523116119705,0.0021894300768952758,0.004661950312666777,0.029200797320087277,0.01283360814851503,0.030012590140322735,0.002401791773258928,0.0,0.002222352837875355,0.007591133899935715,0.0127286088130873,0.012413020194815157,0.009217317809154708,-0.007251115124645174,-0.00021187879821639463,0.02324755671474232,0.0059539972817502194,0.03735666484098674,0.05949798781742265,0.02774949105050417,1.0094468035764914,-0.0222980398488942,0.046182761777028604
172.778,0.004242858703134351,0.008181963717912903,0.025184115752464487,0.00945830956777538,0.01611289116846098,0.0012371848886080022,0.003314517280135682,-0.019778896265282873,0.03904368030444968,0.054576237448449326,0.002744014978779367,0.0,0.023668408391751425,-0.000993701789880371,-0.00012074036822032923,0.01054385485121357,0.01737500094057875,0.025640317047438514,0.01540625115103788,0.09237992898804089,0.00154127026083842,0.0993352899458035,0.028319223901587125,0.06657586118748227,1.443990930958888,0.05874376114850625,0.1234783413490003
173.277,0.004403934361839959,0.0023367143353112785,0.019488979059795877,0.006274003143423629,0.02162954249484324,-0.00029781121231656525,-1.849729340181726e-05,-0.013784589553629087,0.008901237881082588,0.04644267031024275,0.0019197259331808535,0.0,0.00895470554301214,-0.011417197268784459,0.012108876177917552,0.004672786746479217,0.028866438995274163,0.01989777895005473,0.006581433835657739,0.058634197896689826,-0.00018000429835952206,0.07894726970032105,0.06340797379649657,0.006823224640496517,0.8113086332448559,0.10981064152862165,0.03230769220600916
173.778,0.010126594789318958,-0.001734679379241566,0.009737596685494966,0.0010369983863771255,0.017439495579744464,0.001002186284343357,0.0009053291334081159,0.027262389321945413,0.013300982458502513,-0.009914351166675757,0.0018883198392237643,0.0,-0.0029652398528695776,0.0005643325369086537,0.012716624215906622,-0.0036334502471275436,0.006654126965470601,0.003653714680374148,0.00447459670833122,0.00845240679654925,0.0034356163682152446,0.04160831983334836,0.04278405709773409,0.004679928675617194,0.5263567710788253,0.049704830996306855,0.009850297308741708
174.276,0.004150966795803621,0.004621361753036358,0.005167708852529014,-0.0003623148741768957,0.01514482562793509,0.0022949663178433582,0.00023582623938623194,0.02071574504311274,-0.0012301245192585842,0.008856012588082727,0.0021976220711615118,0.0,0.004022351100426836,4.909782602859254e-05,0.004190127644013638,0.0032286310858129275,0.008543976242087175,0.0035990312275861465,-0.00024837561690268194,0.04164858950779679,-0.0001511469025223624,-0.00908753998192261,0.013034973074778447,0.00401290309925696,0.6414830871988335,0.054798629334083214,0.02711642813761237
174.778,-0.004791670414521728,0.0021901101780468046,0.016562474785581805,-0.002503719009813675,0.016444794808694197,-0.0016023784368657714,0.0007165359124265589,0.006727468134653182,0.007527277418795566,-0.013243845556053725,-0.0009233960113503532,0.0,-0.0033651686556980275,-0.0011418995871166633,0.001954791911730979,-0.00013552555939290448,0.0026165925040752347,0.0003642449269277897,-0.0035009193148092805,0.07362565432868316,-0.0009920202531065274,0.05569602541165967,0.019276324777966168,0.009238547197799976,0.03621864411104963,0.05030900386935998,-0.02325999369982786
175.276,-0.0006989217471002432,0.003934103569980405,0.01797009358859534,0.005064206079184936,0.022354172022654654,-0.0008864583183689655,0.003953644442505987,-0.016436678663444122,0.005605748290875362,-0.0035941977166838008,0.002276911169193003,0.0,0.02130242644702791,-0.0001262515526448539,4.6954587641266415e-05,0.0029011036238055592,0.005369242129591566,0.017260231022625524,0.01320538746171784,0.06569878906446325,0.000249605503078343,0.09339926253045086,0.025105438261070093,0.013334156958649807,0.7566420405236591,-0.018746103908942983,0.050487876329258094
175.777,0.005819907380373184,0.0011739882206419237,0.016408767308101965,0.0010079008087160433,0.03718771487098828,2.695444158545617e-06,-0.001932702220977255,0.0038958463277472253,-0.0027128925493476418,0.0009979897021556489,-0.0009135507776287571,0.0,0.0030754862372653334,0.0032382343283012425,0.007027058824510595,0.010050412975744761,0.00019691056011963187,0.008436965595201256,0.001137156150607144,0.00044391557099793315,-0.001955302545160893,0.07510732247687918,0.04671346977111541,0.009717896458135259,1.8265020837154564,0.03844539496523266,-0.019159956171091997
176.283,0.009789897133555943,0.0013442557667568918,0.00026187054840193865,-0.0009416461871567157,0.037121317116691095,0.00011572121447760775,0.00018342599628753966,0.02412719694094203,0.0072273791456992165,0.07621711765430278,0.003844992692365099,0.0,-0.0009139290687396517,0.0030171300922548342,8.072835797450138e-05,0.0009372453642038209,0.009341865764310467,8.067167287358357e-05,0.005452052901568528,-0.00502355245598123,0.0028896654025160813,0.021639153430321748,0.03229150281834704,-0.03879723825242927,0.6877165105329927,0.14392391249810138,0.0880173347911221
176.777,0.005488736163523628,0.004004728858336051,-0.0006733814101763567,0.0001409002288465891,0.03648493347490226,-0.0003279661754406697,0.0065132916041612315,0.013619082599671293,0.010565169213172413,0.07351099601767723,0.0007598510214654588,0.0,0.0033598506294484237,0.007308953805491917,0.000452875122268706,0.0014329140362685617,-0.00070893385505562,0.006100051202149845,0.005227209816128234,0.03981340010633934,0.003071690171927027,0.03956199829687964,-0.0009488355983999846,0.039277333278649226,0.000818789716252407,0.10902141756965301,0.060252185217522354
177.278,0.002482714114970865,0.005559394701339561,0.004778223871917805,0.006612275493710007,0.033403282952532774,0.0002582137689179789,0.001292450951627567,-0.0026274975384965988,0.023273596099370943,-0.023793406298143083,0.001089488048320601,0.0,0.01956300654381185,0.010884488480195863,-0.0019184132089541098,0.0027243326588255235,0.0069324368755922135,0.019951941033078225,0.01243877398220253,0.07199793091823663,0.0034316256979226856,0.02179080393326265,-0.00750714476696059,0.029344129353554495,1.8010510759500995,6.465175575535194e-05,-0.014145567113395147
177.777,0.010670991984786818,0.0029939115906747493,0.023109499077950808,0.007307639615246124,0.02408371402981582,0.0010806420609562725,0.0014692997158583057,0.0009198658329949553,0.014483184074612819,0.06614008881477267,0.003066866526127917,0.0,0.009455064438063676,-0.008963750680257567,0.006455371348307798,0.009346475295562953,0.015160166770780616,0.025222707020316683,0.00855544550666651,0.07122846147424593,0.0027120860113683553,0.11047881927218262,0.051038975156500486,-0.004107825823453173,1.8704472145779898,0.004336185139551401,0.12059228943593034
178.287,0.0079198908134971,3.992060210074402e-05,0.007752807351345862,0.0032736669264107586,0.004705671156372774,0.001662179713101855,-0.00024697072350104266,0.029246480677308315,0.008850247985160905,0.021828922132345028,-0.00010357022991483099,0.0,0.006274272276927423,0.006332763623748905,0.0025120972918035805,-0.0010569964841906218,0.006430385573638572,0.013698710397024376,0.006650312917338761,0.019425862291829927,0.0020847689426414058,0.047999824337872754,0.03948906298983762,0.0011750245878090933,-0.006161969123989901,0.10318268537679494,0.002259979811359602
178.78,0.010135212467357184,-0.0007211621221975568,0.006316760491194904,-0.00013259186560956094,0.06700634543702375,6.931180686147655e-05,0.002968203776740731,0.03327196008242288,0.003500569785648362,0.06893207443831918,0.0026017305660097447,0.0,0.010713086882178499,0.006519071722756694,0.010450058585888343,0.004139150864578487,0.001431030209136958,-0.005786986758908744,0.0003045628606401863,0.0005104918783478061,0.0008836714488897931,0.06296757602883912,0.020313295420689027,-0.04257699436688286,2.2839129928286646,0.16719710017508482,0.060396929509127506
179.281,0.006688678207772443,0.0027666675894139586,0.011530878265540053,0.0009818804360861738,0.11483719937609149,0.003855084944474722,0.006151359273929004,0.027252007049930034,-0.0022664014342089005,0.06071797336957067,0.005094092975049936,0.0,0.013805154274013836,0.009042178243531884,0.010304179519334917,0.003168346953757022,0.0052263818357813135,0.00038499338835791167,0.0003439181994467957,0.024510837368058407,0.004701247926027379,0.03269003755180794,0.05500571500624665,0.013992685772443276,2.322520434512272,0.019117380202486395,0.08996838139709872
179.787,0.014042771809446242,0.005457592394940668,0.0058491708439432155,0.005703266431602128,0.11545198670835313,0.001980629510405814,0.006825371971807219,0.020691069795740438,0.013020124173089759,0.041108972141741786,0.0034420985782062227,0.0,0.01462071691256712,0.020821669609248156,0.003611189882682587,0.009666964804155017,0.004368402749548744,0.011311509417023578,0.006148155593796716,0.045718267984972534,0.0037890346246252015,0.028595190329399823,0.011490096292126644,0.0665544645261894,0.7800692326940305,0.00390762946828659,0.055619542961702795
180.286,0.01011538138870931,0.007617780564031534,-0.0016063371954829994,0.007259697643600308,0.09075824731008308,0.0021259943798738546,0.004394650931854607,0.014150007217872676,0.02328066578327233,0.06456495276081764,0.0020218156154080693,0.0,0.022265765486637532,0.016099818570763695,0.0014326631700786008,0.007872882775350261,0.004893092473937224,0.019447686735120956,0.010206869541095181,0.05031684276628212,0.007557315782184025,0.01779078057401513,-0.002100878159693259,0.03615854564753658,-0.14853637079217202,0.04038760703124317,0.08041635001229548
180.777,0.016016801222111993,0.0033413723337282855,0.01106678834021578,0.007887039510582365,0.13911547618933126,0.0017204343310276563,0.0058205829572418695,0.02401434933227782,0.02667175077422665,0.08328656928351964,0.0026769797702626153,0.0,0.022683456467602236,0.01460392282900246,0.01620747340377512,0.013674668282862222,0.007002021868888577,0.010977817735052537,0.008119146270924756,0.046503948010281584,0.005074793832706028,0.016124764334508223,0.020827502664648313,0.03804998144474097,1.9578617493577943,0.01566209028740348,0.1766653842585511
181.277,0.020987493704290313,0.004076046512394476,0.0020740708382910125,0.00045839942479969115,0.16830207241251632,0.0024513648586676554,0.0031095781742857516,0.030782504945001864,0.015872771602583283,0.07679906398630347,0.002642506964459458,0.0,0.025583559266044907,0.011330676854575776,0.013620417281015307,0.001373706618398051,-0.0032710609804404386,-0.0037999194803391523,-0.00033224359927564617,0.0032305482237153893,0.0036643887532032244,0.009778152896817771,0.018305932062330693,0.04029115307312981,1.0623150959499075,0.06016585512931127,0.109606928493734
181.777,0.015427002497695127,0.004051004242617006,0.02046505881853513,0.004127698039863277,0.1401356015781215,0.0029658027282196573,0.008499797591323558,0.028119168067736747,0.03215134243275025,0.08076757198257856,0.004318375734383637,0.0,0.02676605881126407,0.011176492469209386,0.01755583782205076,5.270438420828007e-05,-0.0016757269192822649,0.007385075440918914,0.0076641150898302144,0.05133951700968685,0.0030848222427081753,0.05679127351388704,0.03388522185158358,0.0222059493932422,1.79781638154735,0.15015857238498592,0.10863412039845333
182.276,0.016846267824121467,0.011333969192926173,0.02421395524538745,0.01423026880567859,0.1151373538500087,0.005191448773119937,0.007415792662226344,0.04333853483614628,0.05019586084534486,0.11063795839214022,0.005137573314959336,0.0,0.03324826495290422,0.02059199622997142,0.005931263517348365,0.008969719953383143,0.009102654326565263,0.03055649125532349,0.015312062388986495,0.0711519306982973,0.009879026231945425,0.0713951990396855,0.03818738247084543,0.06939532786296852,1.2462016826428197,0.06809058194464676,0.14496749654314345
182.787,0.02066906447288988,0.004765268942029676,0.01359878075077114,0.011256689533409489,0.14791498078835968,0.003460104821853578,0.005133352920354553,0.021559615616280624,0.04349912565640321,0.09501792965109565,0.0025212606505051914,0.0,0.013187624700686384,0.024359307568496556,0.004418900289162737,0.010071247762828457,0.0011889311355361696,0.022335361692889362,0.017394402866187503,0.05316346559587798,0.009386963967620513,0.053795934900956265,0.02149708872822888,0.05136936089158446,2.0937144407663264,0.10508038971144197,0.09308964948767376
183.277,0.01632351194324112,0.002979416673399214,0.014230038853263984,0.005427273184156407,0.22709740377728618,0.003379923143438338,0.007672101733493134,0.022892493947423338,0.017624049332944407,0.0954828189532716,0.00399147562423735,0.0,-0.0005092963020276799,0.015211282823540447,0.01301894474930533,0.013155409240230355,0.007260256285751931,0.00795304363390386,0.005798613218147419,0.009797384949310666,0.005674070568464932,0.007816634830305648,0.06575521884127869,0.041779951189091294,-0.21193592011893164,0.14102602882323093,0.11857197005146178
183.776,0.019689545147341645,0.004708188977731291,0.025053054270815247,0.001577729090363889,0.1790249830275632,0.002442541966734026,0.006884907439007124,0.02004975817731576,0.02066707384149908,0.04984954542193477,0.004812078319032763,0.0,0.0116659044081408,0.001084059453509839,0.004676625953379285,0.013130755984477356,0.013437058180911402,0.0010558404024976027,0.0010795584437466915,0.0302498217518247,5.87793509809421e-05,0.07754053184099123,0.06069751031855641,0.045802380624326,0.8688528271047825,0.10222691635885112,0.05111285688286811
184.287,0.009673909411007778,0.002974038451604581,0.01880958399030206,0.0020141022573937346,0.15725885886273375,0.0022876165438841054,0.005110622904992734,0.026365350373209907,0.03977853859332628,0.07612140455279781,0.003707603846493802,0.0,0.015184439536581596,0.008719347790962404,0.0006234084224597576,0.0019092024568741184,0.0056978081181513285,0.005636485815482113,0.0029274508203493373,0.044861015634538516,0.001258710256751421,0.056686298546438585,0.052565171277671116,0.051210702927042,1.3558752006203054,0.12041603496050265,0.11575334942096219
184.776,0.013034372762472624,0.008261389555569541,0.010322868862965904,0.013704216160273518,0.1292519603948319,0.003350425014563559,0.0050121048005267186,0.009358410477740199,0.04295948082317355,0.09369848549979906,0.0055513480928793555,0.0,0.02978628383790437,0.021681877420503495,0.0023430312588342047,0.009310008695676724,0.01511368731707746,0.02599222523638643,0.014626277535287176,0.06559266905094789,0.0019662779559244917,0.08478548687177548,0.00042615562839317745,0.0585824641069263,3.4794706218723688,-0.0008949687865352739,0.1775731994995334
185.277,0.0015685578249406821,0.001462951421302609,0.016054533489337247,0.0052637030000555465,0.04436914441546633,0.002040534136440464,0.004488352796339724,0.023963380244213267,0.02466521351371781,0.07999535448990594,0.002109676242528968,0.0,0.023563493421586215,0.0054962086362592985,0.00550094955025825,0.008502176356591604,0.0057127439668795445,0.014214557341894007,0.010715441955353578,0.04675369558662328,0.00045544516902988884,0.04923434148850709,0.04834352731190819,0.04221035186435237,1.8593605881085695,0.07075593601155106,0.10285240977441235
185.777,0.011442340083755737,0.0019911660257074747,0.015105871487170127,0.004530583169383606,0.11233499084693434,0.002576845304063924,0.0036572758372784256,0.028248215147358997,0.01666167694928983,0.1204492990451793,0.0031484280537740564,0.0,0.0043561477816972515,0.013620555780857134,0.008367545175929593,0.008664071533821847,0.009729500098015875,0.004172709753836705,0.002840634637951725,-0.0007512178579310875,0.0029667423186070913,0.05534907511417295,0.048331147686398415,0.06611059812997058,1.032375039230246,0.20721160167951302,0.1505475031473938
186.287,0.013658078344422477,0.0035592387100728956,0.014350556428594181,0.001976154133421174,0.08017122683692522,0.004335130460055265,0.003560829446707472,0.03488375895457226,0.006555354690463747,0.11108111254412756,0.0032936731245720614,0.0,0.014524181537370536,0.012531589322738365,0.016364691904466003,0.005476283493024394,0.0027952446628498485,0.002517703002811705,-0.0004787290480611524,0.018688672194777666,0.008916874126789102,0.014328999486885936,0.051906637515440925,0.020370592136334582,1.9361588421718288,0.10688483254439612,0.17373545620164704
186.778,0.011265142540943514,0.0050017945830013325,0.017213615878057874,0.009037598001705375,0.0869070746944639,0.00247889351443712,0.005872307883542294,0.020708711174741646,0.03592288332051799,0.11345744302950951,0.0026027223203095046,0.0,0.018042046199477534,0.01582423942084639,0.013646421583556221,0.0037623426289689825,0.00798434314707812,0.018589139275978172,0.009174444862852594,0.059301118118462524,0.00576984303075331,0.03779669053690508,0.029504313816442376,0.07999975749956753,4.453182581261987,0.13706073167044686,0.138096470419693
187.287,0.011917538117284765,0.007065442605582063,0.012287389966235863,0.006855506718406681,0.1545210277432361,0.004080130145720849,0.007409526303742414,0.035652816776126806,0.03404268484976595,0.17751357816702815,0.0037876191013512628,0.0,0.009822871437853646,0.01775043784150665,0.0024503552918843773,0.010500890237675805,0.007385079997896536,0.011734649212747434,0.012840687342029292,0.05225173936582966,0.005765665493435774,0.018711865044993108,0.03839501600908107,0.09111397776303738,4.6937231864689934,0.2376961133378025,0.1820844996017082
187.777,0.019093696793603853,0.0008550453300120534,0.009026395253840904,0.004290069157884332,0.12415973886847037,0.0024200928774316174,0.01076953371253839,0.01938579991692695,0.020661943887554626,0.06481806313618553,0.00436525644089932,0.0,0.01473562424266116,0.008419352971580552,0.014659161481292154,0.00781362165361193,-0.00016713017880939834,0.006919301252251102,0.003530569361163069,0.010908399317469918,0.003331093731020083,0.06303896425621319,0.017821860123180492,0.041350057610266534,3.0389332292382134,0.11159957053397959,0.0476268198948487
188.277,0.014692222895084511,0.0049485690179248126,0.010368217574219572,0.004208154971140925,0.08950428963633487,0.0033708183861166797,0.0035874161136928867,0.022496899808408688,0.021441542230640556,0.08833252025558151,0.0037965307539312163,0.0,0.009246247542777425,0.003277395903854667,0.009608530217602588,0.0011567555715331313,0.01229648715891882,0.007291041668009914,0.004481826600704092,0.01763273112302005,0.005958085920764963,0.026766545349989092,0.04166027535156327,0.05189015137834999,0.8313080089656094,0.18565334313597207,0.075807399260592
188.777,0.011810833766220946,0.00992428252619281,0.010115820719641615,0.007670819884951037,0.12616235550659527,0.00444305873831575,0.0044763446348682935,0.018137806443380783,0.02961170843546032,0.14082631220507583,0.0026494478268212435,0.0,0.01897488168322482,0.01438340904054793,0.007071946537508933,0.007019203463710165,0.006284918886491622,0.013911107217398093,0.010638781262531202,0.060671864490443254,0.006955036786564577,-0.000527659423254752,0.012031811774821674,0.0785432600693206,2.829828673748643,0.15902662008451757,0.14804836247068656
189.277,0.010699503608091198,0.00916238497564122,0.01778133674522338,0.014183654637196293,0.08726773875285664,0.0035688489542903103,0.00766978846887615,0.022280273085790066,0.05002173093323172,0.06520610629234165,0.0045231374235592805,0.0,0.031495090523599945,0.024394823406321993,0.007451389889481985,0.014281804588381464,0.010069876529447432,0.027825109675622357,0.016804261694531936,0.10090710908684357,0.005522361597082478,0.07493236223299365,0.01580244642902621,0.08115078464232572,1.9803181161460617,0.021320797054293537,0.11574226894468703
189.787,-0.00385953822068505,0.004139659938143017,0.005588304188613961,0.010506084510754752,0.12399808323478687,0.001277787815978417,0.009147901694042004,0.019620066754481493,0.04174129097470194,0.04271308743899096,0.0002666449847097602,0.0,0.016287364326769877,0.0034004873268519706,0.007051373544645088,0.007176631843453285,0.015239860704583105,0.016921080418932432,0.018047599809300256,0.057125789899195145,0.004267958097828357,0.043250824781152254,0.004926295496770132,0.020286425024340585,1.6455149913990654,0.04055927497692722,0.08957449049168019
190.278,0.011396447944712155,0.0027683948955427684,0.005914084234625972,0.005342826602804455,0.1859562572167879,0.0025761827291704282,0.0024109670981920764,0.018217804108860685,0.012642367677709364,0.10454168372381514,0.006012490927932947,0.0,-0.0024581732557542183,0.01464645001963067,0.017527202369500908,0.006554171059746932,0.011197305247585507,0.002185911897584027,0.008187046020500166,0.009038361007468902,0.005457289133222964,0.03327432485439187,0.021052983400431942,0.040830643157438534,2.173972888677528,0.182993213521346,0.09758568039211162
190.777,0.004166379540217822,0.002777025326823684,0.007845832809524141,0.0044731080857952745,0.17677394712260533,0.0020147502552540705,0.003146829784408311,0.010877712959647347,0.002715564853724856,0.07422058684161457,0.0028445287962805075,0.0,0.014850424409294714,0.0034313254499382484,0.007635432657003791,0.010583661817273066,0.006730111910591041,0.0060952088542575835,0.0038620561182466937,0.03319658832462696,0.0042025056950656375,0.011611560636113485,0.03137325629888081,0.0191150489411102,-0.26631485539638355,0.11053376660084711,0.08260111988004883
191.277,0.008696177648078784,0.007641364130323408,0.021178169552102753,0.007469622525460108,0.14389746007318796,0.00245985695380185,0.003292287785385766,0.001927482295991047,0.027161686918758525,0.02685406121367709,0.0043216985552595125,0.0,0.011120771612524035,0.007086990797228184,0.004908976287656534,0.008977302514958993,0.00724876232808724,0.010937025167726525,0.014935552448454912,0.09254882451885768,0.006502919626722027,0.08150761147193204,0.01692286653651684,0.044204017142633084,1.2583799258028534,0.013645793820052902,0.060604301060358495
191.777,0.010257165774183931,0.005835454122614232,0.011955458434515093,0.01007703739099424,0.07973303256492892,0.003386972164708377,0.002695846315289707,0.010544754284025211,0.01510965690274586,0.0589429609045575,0.0024424707592480095,0.0,0.024807608010109044,0.011840304244703264,0.01046742340960989,0.005851718877662478,0.012545816339124683,0.021473597214818476,0.015518946234025454,0.06822702527173712,0.007457009973396522,0.05052952845111963,0.01065820958456302,0.08659944290877174,2.052834571624063,0.1125330320399086,0.05823442176841169
192.277,0.003276774508167889,-0.0025451517736734567,-0.00797377295400115,-0.0034963371770409877,-0.00013413764929990187,0.0025960915556477067,0.0009643345695115404,0.02866369761508646,-0.018254440703444952,-0.04320496794540326,0.0034024353689967118,0.0,-0.009101502565664549,-0.0025755117017364293,0.033020825971319015,0.004832518224003125,0.005272841288766757,-0.008753858511746794,-0.0007836215556071088,-0.03231400707045758,-0.00016197294176132626,-0.016249829210127156,0.015266248621943708,-0.0025191784438533594,0.02974141848214981,0.06971135064895885,-0.07584886146455945
192.778,-0.00520593548514087,0.00453049133534201,0.013799723839739915,0.0023221331024124857,0.04457175788144733,-0.0004930732027830313,-0.0008088596101603569,-0.0007806403465662358,0.003926088319673258,-0.0009453179086133411,0.0013992531939730274,0.0,0.012423711921639963,-0.00244946176372377,0.004442496337777443,0.008947289840338497,0.009459641674921488,0.01171294426068127,0.0027544206460365346,0.052103728821256044,-0.0018286739978203975,0.08696776916984668,0.04108195977082119,0.036372753156241264,0.21124537757120485,0.06614889880683338,-0.014091362869316702
193.277,0.003586271018085752,0.0011532789562123719,-0.0057292631458134066,0.00570396639648432,-0.008474434720619211,0.0010538036983801743,-4.733963511457721e-05,0.002433826745433956,0.01716274239828662,-0.014080431198179994,0.0007731515686730391,0.0,0.007819768739548948,0.012860094271457815,0.012095808843436591,0.00252421305090461,0.002689560770668122,0.01109868620703762,0.006708134821056298,0.03225289691136272,0.003041262082420073,-0.01727015027835757,0.0013439297852551675,0.04935527809958594,0.16889872301116432,0.0029556935940963707,0.031759975262441564
193.778,0.00332414620509525,0.002978064091546168,0.00533010323628117,0.009103725769071988,-0.029541095948062132,0.001880172663265266,0.0014931190039589664,0.020895533938438158,0.01848855323960479,0.00137524423852977,0.00011634682777963244,0.0,0.004832284491313096,0.021783881223066577,0.009906222264615863,0.0010081986922077962,0.00023580272962542612,0.020900072102702217,0.014916851888734912,0.027012083545945476,0.005634331345277525,0.03236381921728564,0.007404551449877642,0.037288382721548795,2.0846788536477554,0.01801233873330753,0.023448757833583977
194.277,0.013631080186064981,0.006211668164985557,0.008434805735628567,0.008411219667816968,0.013228206028703733,0.0033830212739847814,-0.00016239708767617906,0.017586994270455687,0.022313600560168304,0.014291663004116205,0.004088552549301699,0.0,0.014429286500754424,0.014927366857207188,0.014558576644669863,-0.0011165581537584536,0.005176034941096065,0.012315811072637345,0.016065163702976074,0.021891782967328365,0.00744017123137583,0.00035638552923572645,0.026073133049583908,0.006103277360442365,0.37734146451202916,0.013911390147390611,0.022622197057114594
194.777,0.012273466648203848,0.0018551318218680344,0.014645137320525463,0.0011014678885502471,-0.002677387640495496,0.0022040121595180476,0.005009922106566339,0.013487963793072806,-0.0046587446125556055,-0.005154754024930533,0.001887833628675542,0.0,0.0066658160177336,0.0065427052164974235,0.012222705677015255,0.004667802593350659,-7.369269724277507e-05,0.0008281092224331955,0.006865645911686131,-0.00929259216933322,0.005351933789890989,0.01692350640389182,0.03891094935367769,0.043532316476490175,1.5231018347818384,-0.008208776375025215,0.014938232131456387
195.277,0.010331564296623583,0.0008067260451216614,-0.0007433538945931853,0.004497498272097302,0.04272743327856455,5.350730089696918e-06,0.0026660111961921517,0.006822003747368577,0.00952904152148766,0.03931896418956978,0.0009390194700524579,0.0,0.01687377574605982,0.011676102631594503,0.013870337542560856,-0.0008360247146047181,0.010219212837300254,0.011186270154179178,0.005942414529508958,0.03900041884736624,0.0008766609617451645,0.050450422953163314,0.0003534216884797578,0.029118274704410283,-1.1664110937339436,0.07096150749662455,0.03557438441155734
195.777,-0.006298243747130728,0.003009068637399599,0.002276849555677751,0.010379711159713615,0.024043292161490693,-0.0009898106083142736,-0.002397484054895819,-0.009165137588776412,0.030313083166815226,0.018431708199890654,-0.00018291091194614704,0.0,0.00870015269712118,0.013881127048883245,0.004567685364611213,0.005530300898202973,0.0050284951832284186,0.023664941074962243,0.014654673803932374,0.06214411303622433,0.003969649980215373,0.03676549581913315,-0.01034293088857271,0.0005448695725026055,1.8219786036001722,0.04543072552314372,0.028990788425198016
196.278,0.001026615536341982,0.0011223394860560016,5.5074906742963525e-05,0.006171454502867236,0.012362245909369698,0.00028828435550584615,0.006019086390064425,0.017039120812003792,0.01128592997587836,0.05451438597613562,0.00079665482701183,0.0,0.006243656400821709,0.009035952893681335,0.005394977358765628,0.005591490879109891,0.0005558027112223386,0.018503295593599676,0.011901085668782889,0.01830262628068158,0.0070514372092957455,0.05686315036121932,-0.00043261717968628874,0.023081850825601418,2.376804430370123,0.04610915094950339,0.10171557845479014
196.785,0.01270406414547933,0.0023094759006752016,0.015632685432569484,0.006808893799232864,0.0646370568715116,0.00016110889004104803,0.000698241593126088,0.008709635968670002,0.006735475235376446,0.0314659303033275,0.00023674197037771132,0.0,0.009386483930602665,0.008672631371299633,0.01326118278265941,0.01571701050855477,0.011529957867180987,0.010928362922592689,0.00632497409897407,0.022077920702333872,0.005056819897928015,0.06470157474983988,0.03230927540985243,0.01258831315220162,2.1529718476948507,0.0002485777218929206,0.06285671339215829
197.278,0.017293723417634035,0.003878234109599035,0.012134421935818398,0.0070943709361920865,0.09692899861497195,0.0028437031379566677,0.0007937341436768361,0.011975002453425544,0.014010350829785625,0.017973285203997352,0.0005094614518781594,0.0,0.03295409786678648,0.01622431019251996,0.00401615813008061,0.016447184792410877,0.013012042964100991,0.00874916329551725,0.002183289928686678,0.04852552626163608,0.0026757756044515414,0.033334600120767555,0.0289927842433921,0.008166444155517191,3.3526462368529386,0.11533898249485816,0.00022107186968794288
197.776,0.00830964668489448,0.004866651102268762,0.011803897778209997,0.01030892810476706,0.0009614823973974399,0.0017595609497030424,0.00505818956616732,0.004598713461900353,0.020994800231699105,0.08249714082053507,0.003000893915421243,0.0,0.026454584409676584,0.018198390540560203,0.005192933235627967,0.006741705046281213,0.00491087546136843,0.021178496971316275,0.009263481742419132,0.06560642454181387,0.006337128669470613,0.017045223723114636,0.01575819938242908,0.0016789365716332887,1.8538999824320819,0.010580922792069203,0.11552962660793793
198.278,0.0015406362010422965,0.003171480208881254,0.016049479663110405,0.01076535369882496,0.032875323354375166,0.00039042450787029443,0.005859000379084898,-0.009297507789806337,0.030770921535319195,0.11963156024241793,-0.0018141971258723729,0.0,0.0201804153727084,0.009392873397165434,0.009246811332857584,0.001483043756181689,0.011134749446337609,0.02712239854296857,0.018824489445434377,0.07369632099872737,0.0034944627164743935,0.04540157998526695,0.0306886269410282,0.04549452248861559,1.5471460854343313,0.1549918947657051,0.12083836215455267
198.78,0.002218600423049278,0.0015369681555234141,0.008627376324985794,0.0025310304617752574,0.0563480384108406,-0.0010384395689039874,0.0006360628572077504,0.004715649948057796,0.004320823465293167,0.029906689906696995,0.0019018560426079315,0.0,0.006041667884253065,0.0034151871888092288,0.016479370975094294,0.003634451206535332,0.003990736293747073,0.0017943853104765367,0.006991267907982178,0.007362698421141045,0.00048043087707642695,0.01737749682585552,0.030548693252022235,-0.0028823249005314766,0.13659088598260322,0.0233135445482797,0.03191129592147164
199.283,0.007331816334194234,-0.0018703876177931281,0.0076292317398030125,0.0001930836040650962,0.03574187900083953,0.0006162754126731186,0.0020099390982302057,0.007054863652213055,-0.0111759946837512,0.012573443713399053,-7.025276787357692e-05,0.0,0.0009935631549596122,0.0027725374775686854,0.009692137563282485,0.015928290728555634,0.006904702034844078,-0.0031406631685988065,-0.0036342531384046355,-0.003920281925092375,-0.00011304843332511131,-0.0028250587477507572,0.056008764397541495,-0.035408543209564845,0.9973359523568247,0.07131213238647727,-0.0003790521746989389
199.784,0.006525972597252458,4.535983332331397e-05,0.017362000880436136,0.0065597268462737725,0.054947628755609774,0.0021357459715714484,0.00252635704626678,0.017098712349226903,0.01190788252683086,0.03652772596020225,0.0028577759138803467,0.0,0.008686381145742786,0.017416465785797086,0.012809637488552955,0.006576205830182427,0.00898011765267497,0.006351303244088914,0.008710093471037652,0.05510777525519155,0.004038731008240951,0.016095023111449374,0.03467801748158202,0.008309192093852991,2.2075932288469633,-0.014121734897803941,0.10634517703285112
