Time (s),ROI.E [],ROI.C [],ROI.A [],ROI.F [],ROI.B [],ROI.D [],ROI.000 [],ROI.01 [],ROI.02 [],ROI.03 [],ROI.04 [],ROI.05 [],ROI.06 [],ROI.09 [],ROI.10 [],ROI.11 [],ROI.12 [],ROI.13 [],ROI.14 [],ROI.16 [],ROI.17 [],ROI.18 [],ROI.19 [],ROI.20 [],ROI.21 [],ROI.22 [],ROI.23 [],ROI.24 [],ROI.26 [],ROI.27 [],ROI.29 [],ROI.30 [],ROI.31 []
0.258,0.30120120684813134,0.03455001141296265,0.0196101676160602,0.39085180926244584,0.01336915081327223,0.1712447126194644,0.0,0.029429435183212404,0.024817653896123452,0.03440397783355576,0.041067565213040925,0.007509033960163081,0.02521831823856781,0.334684387539933,0.35357274385565335,0.3293583243427849,0.31650181748771894,0.3200045002256411,0.3134434482695573,0.24937068958379785,0.2633972319618699,0.31961892994540825,0.3236321070220435,0.20127565422352445,0.31162409704410804,0.150930409225983,0.06149407036594044,0.04761545915429774,0.015890955674983064,0.01828743951952246,0.013296707821099405,0.015259213502210855,0.4251224176469916
0.784,0.26150691814091864,0.016157364337281797,0.019356696895072332,0.21990728300722354,0.009913360351486244,0.11247176698778201,0.0,0.026522173251903917,0.018432929016460865,0.02545386317956702,0.023971580512499795,0.016884181618011158,0.032190109175289555,0.300798736173176,0.3169256129218024,0.300864957498071,0.2776649184403892,0.2893124930127746,0.24409563104754126,0.2195406490008029,0.21554307170449594,0.28252661385922334,0.2947009004577114,0.17260005756895172,0.27783910696515446,0.0997022392261134,0.020110642439258513,0.02653660532098418,0.013029903453203926,0.01287398965524017,0.010652796394757393,0.00937736953421235,0.2853926714695296
1.278,0.2470757749684098,0.023418315347839582,0.01803031635117601,0.23266461832928947,0.009734020558615566,0.13312527554109374,0.0,0.027660205009505317,0.018833891367300137,0.020518948443010845,0.027693787098870534,0.014424964977205714,0.030488704654935996,0.28255053771276184,0.3047302672267877,0.2901548535504408,0.2463786110967087,0.2708570377989804,0.21252668376556486,0.2050274739339401,0.22694571144628253,0.2659579798930257,0.2645638373711795,0.17438027792025038,0.2564944940932352,0.11835906657550649,0.027295370356258848,0.024305271076793405,0.010828221411697212,0.020139328896868737,0.008975424011908005,0.009081453402523526,0.26202999504052665
1.779,0.21373606682568597,0.017842903984046067,0.013824722321203377,0.2671331791396354,0.00760875710031554,0.0958307537934731,0.0,0.027595711632018904,0.01331156980767989,0.03114069215821394,0.02264078958966279,0.01314540085894647,0.015689159322222625,0.23406944666235144,0.25922642537171037,0.23421105248566296,0.22461678168049648,0.21961113466481275,0.1994463792588433,0.18405797240407404,0.21079349416947146,0.21713183426497798,0.24131809168724144,0.15287847577309893,0.25091573483767576,0.10257379434591961,0.03332787020906907,0.03623407806800648,0.008845628590510253,0.008808828905006212,0.008558728341075019,0.012704742456252745,0.2890743504950868
2.278,0.1924062161219491,0.01519605886014426,0.014940399482522973,0.27863157800642724,0.009300010527122813,0.10289193715837804,0.0,0.01762582881950762,0.017200832740282675,0.035963667051733025,0.016134214071303762,0.005926711306261206,0.022653822824088996,0.20416232395177675,0.22816762967206125,0.21253728959285073,0.1865129353607621,0.224071396584122,0.17990161259513,0.14537998760705376,0.17127237296006326,0.19096100020838117,0.22369878141702146,0.1525983902411505,0.2108374845221103,0.0809625861502271,0.012842142116202817,0.020490913312531913,0.012847921369813102,0.01301406714859533,0.007966143815007536,0.0122788065728647,0.341086363528671
2.778,0.16922923281767882,0.018810044140767774,0.010257053722426954,0.2506981156658805,0.008469375376867908,0.04805240261723314,0.0,0.022324765367060535,0.007231416157601621,0.020025055931052547,0.007525187318093531,0.008459794062788902,0.01725534220897811,0.194668943713299,0.20874341531509083,0.1844459151193821,0.17008159062991926,0.16812285592375842,0.14316162666924376,0.13939621017213455,0.1778414158221621,0.17818727975578813,0.1945925105923921,0.13739224639021894,0.16862647562319855,0.05925089853693428,0.053999752074241014,0.014990683090332975,0.011806129373130561,0.008797509653220698,0.0076587670167454665,0.010297079337704719,0.2728505409336783
3.279,0.1567214470848877,0.013773532216774863,0.010467943707004346,0.24857467239572034,0.008239633900306286,0.08763874201157555,0.0,0.018548003449369133,0.01710243432709912,0.02059265077987342,0.014789006708802574,0.01051974981937399,0.015423062167334724,0.17066803762568022,0.18285137107382818,0.16874744937323535,0.16414900715926692,0.19704976551927855,0.12942008229541704,0.12248558642950645,0.16422112414696843,0.1715679221742628,0.1819172646999548,0.12882493773998305,0.1749224418784016,0.08323829316546894,0.040011044347409604,0.024504813645457025,0.008560368700637177,0.012039846637054728,0.00906874893773521,0.009625790399708057,0.2845956545452609
3.778,0.14191206583254976,0.016966141898667807,0.012719686879739492,0.20657632088692968,0.008489252424852297,0.07955139405248801,0.0,0.0154358419428787,0.016815492621796015,0.016973811983907402,0.013446730996298754,0.011268244332659312,0.018776650293748372,0.164095810610661,0.17851229789057416,0.1553423199579281,0.13714120388900747,0.17296066937023363,0.11644746378808953,0.11459973210685895,0.13811005108856375,0.15232054931235517,0.17923505508482168,0.10965542045591294,0.13857780533277161,0.06672781775507622,0.03116606283532394,0.03366153605437647,0.011391818619871645,0.011410304147822879,0.007513580692211576,0.004047268917063515,0.22129131335450092
4.277,0.12443323821123832,0.006915124770756373,0.009976106398311223,0.1623151120528679,0.005407181142809358,0.05363700434571637,0.0,0.017495091362385983,0.011366432965771042,0.010097827647249839,0.018945766660871485,0.010554270149687583,0.020837557666591594,0.14784857415593727,0.16767667824995053,0.1291006268725423,0.11650472127716816,0.12785390220805912,0.11192969441962088,0.09915964362995543,0.10915295967197128,0.13342828734295553,0.15201957317035036,0.10805781267315476,0.1207653170885024,0.04524259603199505,0.05411011955769864,0.00840973335940165,0.0050785500784897315,0.008162931232042016,0.010321945073583454,0.006050389287075042,0.20630289057170725
4.777,0.12089370626486802,0.018318032682450084,0.017042867866493137,0.2044909646907718,0.008343790487494025,0.028822955189733424,0.0,0.0361010126629189,0.014487570525892064,0.01571905383462711,0.02420317323048826,0.011879466406065225,0.02775489279036762,0.13228706598874318,0.17326922457892743,0.12024776848904987,0.1326937460406427,0.14679584808175275,0.10561008804989268,0.11625989851267556,0.11757107362701963,0.13946415386901131,0.14194816888893957,0.08605876043895529,0.12055739106073843,0.02664027004834006,0.04050873481965185,0.03389096436558893,0.010684777896118923,0.010475769193348278,0.006534937100994157,0.008487918849700413,0.19039917763598593
5.278,0.1100492938365226,0.01267218295364126,0.0068058658075214815,0.11072280520832672,0.00524764293298197,-0.0238235965093457,0.0,0.010832965836517293,0.018067310492338624,0.006887656205589281,0.004724985421547332,0.009140988955653642,0.014412584183561847,0.13187407412340552,0.14646303470192937,0.11765954846027049,0.11929469541219011,0.12792703989079937,0.09959886727581525,0.11952362973909972,0.0972480651507782,0.12605720923175945,0.12003825597656444,0.10049211518367782,0.09052301289003248,0.0021947687837094304,0.024072256235796383,0.031874163646076044,0.010405282488080229,0.007141544075082009,0.004192927929540349,0.006665801199202128,0.1210540607304447
5.778,0.11279957006727644,0.013127092867861264,0.006652369980420092,0.13843640949240474,0.005526576194273409,0.057283683955578105,0.0,0.01607181290176917,0.017704985755825218,0.014231545505368558,0.013493614310554215,0.00475694027165132,0.011296005069682948,0.1347360432186624,0.13838047758470043,0.11444195805875453,0.11954470114446349,0.15015898838445707,0.09513824034523682,0.109321634955719,0.11041013668027709,0.1433281068879826,0.13476203305850307,0.09410863234971087,0.09806665551314363,0.06294203548626083,0.021108814379614534,0.045837665544335236,0.0017088349831098242,0.0075723408346511,0.0068797352140489414,0.009370343633810667,0.15167144789532425
6.295,0.11115283416014236,0.02415359308504534,0.01295521945669066,0.12555501692306667,0.008351096452134023,0.039757984736946764,0.0,0.007607078758419514,0.02431461376033703,0.012482581110224449,0.01606436554562422,0.015588290929898435,0.022403103920012404,0.12877749258255647,0.14955735761203928,0.10732771179492015,0.09180970704812666,0.1414364345111232,0.09289703901489425,0.11554582082533993,0.1215803850563719,0.15017106925686546,0.12066942483825387,0.08655349727966213,0.08148935935626588,0.018853185776263378,0.047617335677225994,0.035665380193482574,0.011635676412600464,0.007303972317204464,0.00691706261524849,0.007842879405525142,0.13555975351725058
6.783,0.09458651437388252,0.0164710214913082,0.0060836691958532614,0.10075493802517714,0.004735976671286228,0.01679749492392745,0.0,0.007871915703376552,0.02698341473926539,0.01250674614546731,0.0028508604860384523,0.007150453478594169,0.007832584472742472,0.1286473849053395,0.12314745986978325,0.09388104390467279,0.09482633628417343,0.09935988941229265,0.09030877612014405,0.0885267661989438,0.11580461163351959,0.12145481130152129,0.11450635869991597,0.0770201866570872,0.07601824101657605,0.04017744385626455,0.0041834296649357885,0.05772023402557859,0.005417087024908762,0.008305062793306194,0.0042147481217612755,0.006410683824835642,0.08332329949810324
7.285,0.07989159860935188,0.015470938426468446,0.0074918114186317535,0.09290526518183988,0.006537851173800982,0.04062236164659929,0.0,0.0005485732132038191,0.01539648071199632,0.01327984088580215,0.008092165528987394,0.007539103372487775,0.009787986626012962,0.08911756488731944,0.09399753140466552,0.07507934725883088,0.10015427756301422,0.08347132296584132,0.06073772794098027,0.0926589787896241,0.10513362210124486,0.11607238572401443,0.10284486414044153,0.0625306580450109,0.058858549834176856,0.022894423917116057,0.002557591543107533,0.051986175187470327,0.008623527598644107,0.009229183597956624,0.007607615532099258,0.006074972845799671,0.09581680896464369
7.786,0.054946584727967936,0.0045213843363286444,0.002862000053851957,0.03938341031176268,0.00466700782572202,0.047859075242375156,0.0,0.00527336228186128,0.01734485224984607,0.008116623138251584,-0.008821392085420137,0.006930808272004171,-0.0010840629716884962,0.06654987985974578,0.06374091956798694,0.036785992852049,0.06045979679401899,0.0646130001117726,0.04212840025443239,0.06182566660179473,0.07628747909588297,0.0640882163782765,0.09098772020220394,0.055780190067314675,0.028295163193487634,0.06147386719437003,-0.01882594969790244,0.017986456283571418,0.007644313038099982,0.007265494987544227,0.010418250448317058,0.010354414316869438,0.025886648859777043
8.288,0.06022778313315571,0.011140102485562159,0.0057901247429009576,0.09041501276871843,0.006092953362437735,0.042823915294001424,0.0,0.010703774002622356,0.00939442644712335,0.020546611371363443,0.009793815749063177,0.011026886094924285,0.014035103641679455,0.08189539994727907,0.08961622175660248,0.048699223068249496,0.06567803975192013,0.058730826909791194,0.05271100617262645,0.07602895129542436,0.07304037362994996,0.08941002720472155,0.08315301951715649,0.06022119604808529,0.039726809334498646,0.04635742829992571,0.02968968541260361,0.02543802706991921,0.0031075269925186725,0.010514306285984428,0.01192574498691172,0.00958111395367856,0.07715076186084031
8.777,0.04362022020058933,0.016055994266005822,0.007284746492417782,0.02687838995001066,0.0047716539747219705,-0.011440473428050928,0.0,0.017583657778098165,0.009848404468239159,0.0003094423621812198,0.00240882430649091,0.01252828768197307,0.013336348616932217,0.047936364209757096,0.06647549848724439,0.03537885345917069,0.05318839831640342,0.0606839627661214,0.02134162548440731,0.07246794711667585,0.059625002635377386,0.07033729620847176,0.06242107251128091,0.029524213865685513,0.025193675065405888,-0.008522162542533754,0.05340432112380881,0.009151774303142218,0.004481283015693443,0.005299539734963922,0.004632105577999856,0.006679460544441539,0.0372587135621392
9.295,0.04444418468187451,0.018596647289407787,0.0029866977009440267,0.011270238442950381,0.0036649918044448487,0.045380335858175205,0.0,0.0036849066883871996,0.001374478024675086,0.012864303508758461,0.0038564094254974874,0.005220149884700779,0.007866676097227663,0.05838161120765029,0.06918893448889966,0.013230233029815913,0.06653791794112537,0.04145598381413897,0.03736736264033234,0.0559789314023935,0.06978625539770045,0.06587202632755453,0.06944580513860595,0.025009732901484425,0.029856321259918554,0.04367016275729075,0.034949600009276875,0.029009943692927382,0.007395280144405521,0.004310533448473011,0.002094541381578113,0.005980175486249838,0.011142468208578418
9.778,0.035730904602959905,0.01527107301977056,0.006346131198950281,-0.003440454681310458,0.0022919702035850862,0.10299747339942303,0.0,0.007008440530629404,0.0008542212959600338,0.006625883444421911,0.010572483054019307,0.009673525930183915,0.01841368248797738,0.049405783701655076,0.052515746715190305,0.03566988112215695,0.030824334592287624,0.02828043487476529,0.022383706558103116,0.05906412548880906,0.05269098163944114,0.05499350011757887,0.05746037671182544,0.041056938069998876,0.008563927704988547,0.12317029999094678,0.07204782286913589,0.030759906447526016,7.148286367080296e-05,0.006081496751715622,0.004186332525020495,0.005188428047119445,-0.01851404219387135
10.278,0.031969961820601675,0.003488233423155206,0.005481379380344609,0.0003275550231520941,0.003735463704761331,0.03428563176642014,0.0,0.014137641862521583,0.015294023464547035,0.005234592651053369,0.008261259253875936,0.007312585766963758,0.008193241848004313,0.05184478959822625,0.044401131315779906,0.006829713490776167,0.050134281857220866,0.03354131534657534,0.031145504739824657,0.049910981049143474,0.050199368393110906,0.06505385395316302,0.04755146492457752,0.034250201756873,-0.003887902675602459,0.03304610693182752,0.0030047812029766374,0.018543097091243643,0.006833774175851816,0.0021694875702277677,0.007009980930011945,0.0039670698240630775,-0.0009522756708444066
10.787,0.030662852846990107,0.016994412111897072,0.0034899439780630343,-0.029627502191284835,0.004527126525848266,0.027134148976872465,0.0,0.009022035518348851,0.004389238900138579,-0.003007740708714858,0.011353331290002598,0.005765126014070249,0.00794052686145673,0.0549573299133958,0.04191707880776159,0.00870498470387533,0.04288111295485739,0.020301100196851954,0.036573511707503066,0.037299640124443444,0.0630554030401891,0.062195325086604275,0.04589792648811577,0.020429856216676645,0.019583806134303116,0.03160001520283217,0.04902796419699781,0.025305170355160223,0.005111080849474733,0.003236594489197606,0.007087937745489237,0.01026822339956847,-0.027595676266140835
11.279,0.029174703730645308,0.01094847534379354,0.0019025493634921187,-0.02676213012558573,0.004003565941846731,0.03325653561237408,0.0,0.013769121110778914,0.0006878584946628827,0.016082424967576052,0.005595885554521169,0.005968359940186782,-0.00018387347773828365,0.05076918311916433,0.06220423923869041,0.004643443254928156,0.049601773970788215,0.031948279440932086,0.057001274417868376,0.04505760927347841,0.03702274682420746,0.04581832459590567,0.06190482964258729,0.03579912466612756,-0.008582068243097044,0.03988333011291814,-0.0006898547936227107,0.03396503774736933,0.0033053560913481775,0.0049970352583428804,0.00537811855304772,0.0009172690128362742,-0.04719245046121283
11.777,0.02004435521388047,0.0029712252357275274,0.00161648734996744,-0.0177471128699126,0.0029304269544299867,-0.03000443711260724,0.0,0.011582888367944326,0.007573466760620861,0.01530822642736609,0.012107928889004346,-0.0016396682519437776,0.0064968146757854875,0.045817816639531564,0.0254634060918973,0.012713967976925075,0.04167670793097263,0.026938368865686756,0.02872988408755477,0.018185776286632833,0.03510004046652143,0.03958223054045593,0.03340719927942126,0.007729244727384165,-0.023586354962074743,-0.017544802494216864,0.01989911500218589,0.035069789527786645,0.007836551359075777,0.004735834372989644,0.005596342079052752,0.003327061141487005,-0.0026270858987773433
12.277,0.018046054754616632,0.008032485115084134,-0.0001294728560452713,0.08051634646362356,0.002750656640132594,0.003317277447335039,0.0,0.016727745905487826,0.005298004628121988,0.009046317113819488,0.00874291038120884,-0.004298982459242955,-1.5125772741187658e-05,0.04123937085671672,0.029349240142279694,-0.0013244380984138709,0.027722319911340783,0.013531615187910184,0.03752715639576862,0.0443318361200176,0.04067273659693311,0.020613392645952373,0.03430314206067548,0.02440407209086473,-0.012621834305131613,0.002356526432780766,0.03664734051391191,0.03407173656062111,0.0025316447820109885,0.007141236541678604,0.005518055761151338,0.005363455996731427,0.08995397273642636
12.777,0.02078761365080404,0.012599942004408707,0.0018287538149223922,0.14986145813626756,0.00324565589615888,0.011340359303313537,0.0,-0.0030452251154509495,0.013256031765436292,-0.0011835292612858983,0.009641866130034416,0.005828495994529265,0.0012188731462939731,0.029814090625975342,0.0317991939680262,-0.006632325514696939,0.03752218925975866,0.035109696895473615,0.03412352594892464,0.02019244623050319,0.027062685932209153,0.038651983811411245,0.04668321604594533,0.02600482751107737,0.0008212290240707605,-0.003478100515533376,0.011986486586954012,0.028356909860556584,0.003451466013355185,0.008927587451078954,0.0047577029435187405,0.004522870869844339,0.19782902465230906
13.288,0.012841356988610822,0.0067935229315682156,0.003926562690456885,0.12382795443646746,0.0033804886395743207,-0.0014873509615120626,0.0,-0.0014908382988165056,0.010989240491669631,0.013952042947928386,0.005796584958369136,0.006841479542432118,0.003885232694808829,0.03483930178559506,0.01748509271805803,0.0011512437259149823,0.031420463337489,0.011304611037925537,0.04172312161206348,0.0173362015215319,0.029606535997326038,0.03559209815929975,0.040891450753686484,0.013603224536267909,0.005918842598518224,0.011220064860660997,0.022228539961501276,0.013664024168994829,0.007902859239535456,0.004211399170637006,0.0032076153964494406,0.009546626517717328,0.114592086723354
13.777,0.015341771579828363,0.00931563811043822,0.003572584677727593,0.056854367584834635,0.0012434437090589777,-0.0215906268494055,0.0,0.011014714111004619,0.0019571922939679034,0.005656762708131814,0.007180669233973108,0.008970159369382317,0.004057500615895416,0.02903475596177533,0.018722020866813804,-0.02087575591677773,0.029007784015650784,0.03075186060218857,0.0333744282060757,0.04326678614370922,0.018764959466673135,0.0313185597427582,0.02949326902805321,0.0238447329618004,0.025238418179840193,-0.012682496969953137,0.048247920850084364,0.010036849733403188,0.006146175136731147,-0.0002821716915526512,0.004209201288448259,0.005269012895885312,0.041746087274746914
14.288,0.010602029527710478,0.009399737968558693,0.004698651524363457,0.12156337483431084,0.0026587381611550558,0.06892760615130276,0.0,0.0011634080440659914,0.006117308607653347,0.011019591626940906,0.020740712570359848,0.004833369273901442,0.008987993373362969,0.022800396455116275,0.013846328876684836,0.004284216142602084,0.026837671040040936,0.03547833359694973,0.028005676157373937,0.030633095954509807,0.027198172113605937,0.03215019231831929,0.02223484867715152,0.013303285487001255,0.004753328997414752,0.07320671664701964,0.00798452792839668,0.02099898925505567,0.0063715846360679175,0.00396547354997364,0.0022493854818818534,-0.000772465640035473,0.11533172010296333
14.777,0.006237098066087081,-0.0034829927669655014,0.006458453023962003,0.0990544503147357,0.0024662451784356557,0.0011149604419723525,0.0,0.008223044036918526,0.013828416883292338,0.011268112333027562,0.0035762596423540923,0.009003885789371403,0.01684607971589907,0.021642771107207994,0.012731561474930847,0.007835629476450856,0.022549663336653328,0.026161222873448145,0.009616021495219186,0.024947867998782357,0.00853470782647829,0.022998489465917454,0.01724611450128149,0.009890947134434086,0.030300528519410848,0.004219191657199454,0.010045078281313718,0.003384635899962428,0.008234059256682944,0.0004687034721450678,-0.0003917427123090747,0.004278825072743974,0.11610265322769765
15.277,0.019520004779450137,0.004559015304492212,0.008617131678200314,0.1453082579091888,0.0032766195092230332,0.006157532672945267,0.0,0.0017469612429679077,0.005225583670244647,0.014346642986355589,0.01756493700344499,0.01622056929327062,0.013345590086433724,0.04808089917590965,0.010565268530827248,0.0078068912326234195,0.05484761112551366,0.03772640980936379,0.03313892968128133,0.024085156629201222,0.03308144530560289,0.03308320848512948,0.02485489714416737,0.02794960203174794,0.0490685232076423,0.0041021655693992696,0.012668751439453093,0.020744320168593247,0.0074246367402360375,0.006143526223833515,0.007153882919888203,0.003437517598867845,0.16344494558493516
15.778,0.010517986295893523,0.001454581287588154,0.005551837647603107,0.12385496729894685,0.00037216587454481535,0.05272347719918187,0.0,0.004259692757024841,0.006076957825650486,0.0046663774733380296,0.012955034381806394,0.00802707596151015,0.013154653159283297,0.025086477433751392,0.027282834618693862,0.013497327370960415,0.0367682977988627,0.023536051479583,0.020028068113018552,0.02782930516271496,0.005724355050821802,0.017334016351652673,0.0036443167458677893,-0.011642549935089074,0.022186613275073933,0.04174587120875538,0.05292043237885087,8.217688838686468e-05,-0.001841023773114899,-0.0007700797303696509,-4.284972877724046e-05,0.005222902534821798,0.1380192181258138
16.277,0.007283556623576192,-0.003229354133443681,0.006320362556208516,0.23558467429081864,0.0026191925440180305,0.05888655634649814,0.0,0.009293159899010375,-0.00023181395641691578,0.009942800640545665,0.0013629002645549268,0.015493447619331373,0.02086391536103052,0.028040312159199426,0.01571461457494724,0.001265392669393313,-0.008677671625827568,0.013697652539462703,0.030511211677722,0.010542960066739744,0.009589301812865022,0.025856001756769213,0.006397640305791193,0.009863911710103656,0.041420950245547,0.058430851096363104,0.0012043380245817892,0.008201902384965671,0.004396114725643595,0.0008079955189531831,0.00552786702912649,0.0042309998020624755,0.23152107009223571
16.789,0.012589042766697018,0.012034323272647397,0.006643070368008568,0.2379286822098069,0.001971186850120965,0.0993158390557345,0.0,0.016375601195649094,0.0012181832700550086,0.0027095988931974215,0.016308719533661885,0.011491611970821238,0.019759102834822878,0.025206348406682285,0.02199843204102502,0.025601097182332354,0.021504808331179705,0.009985205941646185,0.03426365666040672,0.02691758878873215,0.02307430976964831,0.019325023744994986,0.008701166101972432,0.006155998166542506,0.03972705059729555,0.0993683701047059,0.05944598304149227,0.002391774812026569,0.003835717007772179,0.0028485585768853053,0.0077634587606414205,0.003855677393332614,0.29799952365995563
17.281,0.014216923471938836,0.004696482455586694,0.0034787208693736653,0.2391973503593055,0.001298795913193492,0.08634425611670934,0.0,0.0024092076446196597,-0.004727963471728529,0.003721236952761945,0.008474744159456801,0.009004922003685812,0.014332502483577165,0.011808028267809897,0.005734704289258566,0.011644554759287284,0.023535044357690608,0.009414324804135467,0.03657147726092041,0.02087866155934799,0.013699192989805778,0.035266401763867306,-0.006180915073753285,0.0010634104554631933,0.058421090487604355,0.0829180618019679,0.03030342696713365,0.02515865147960167,0.00235947186097963,0.005318665046655081,0.0060734034303594284,0.006642057607568784,0.27724884137567324
17.778,0.022296992297117707,-0.0046911648604804675,0.004157721268932764,0.3174342957936196,0.00267111559953255,0.05395999454362259,0.0,0.012678402849415767,0.0027471101261035595,0.017152188114593122,0.009077026127390178,0.005459673788301285,0.01206992371461195,0.024638761597242757,0.01326380432169067,0.029171536053161435,0.03207449674539085,0.017009203297325363,0.03375756308764762,0.015965693980874635,0.016249314739241957,0.012075417520333281,0.029388877539695452,0.025744748320500836,0.03790780478175083,0.0824767675577659,0.008363632928178155,0.01317079525297603,0.0039696526791658596,0.005762066375954207,0.004929955627048181,0.005535670990838831,0.33378360595375917
18.279,0.012098530417483098,0.0074754336074890765,0.0016044234582716604,0.27250907710444155,0.0016726987895997235,0.017212039419697973,0.0,0.008512134958876809,0.00573519156860939,0.008990120012845909,0.012837969530879127,-0.0009833983147117342,0.005557938794263056,0.009642681653775605,0.017897920557310376,0.02721048247847816,0.027190435992457927,0.02800476621188235,0.028335572216358185,-0.0013703819734938744,-0.0041162912853189605,0.023559338633582002,0.003073571304926113,0.007087777386848924,0.023929624935877705,0.040829443390751445,0.04438964506775084,-0.0006776070606476276,-0.0008953690047963995,0.006892128712302734,0.005638201850878963,0.0074261080184644,0.29819849027949075
18.778,0.013548529062995984,0.011369671104792388,0.0021856022467806094,0.21967790604998536,0.0015007186196574034,0.034955773217591225,0.0,0.004903811669424914,0.0013956439024212677,0.009466010518279354,0.005688588486272962,0.004682964514874286,0.01180636236810238,0.010312638321088533,-0.00018346576915474243,0.02998578185360449,0.02367429703116574,0.01458642143322862,0.04052258890364676,0.010891647064803944,0.021000451418435574,0.028671802177382445,0.0033487550911243443,0.012941702483848311,0.0334799214270934,0.038833044488715794,0.056722335257609315,0.014044532160930443,0.004256363986449966,0.006062580968861104,0.001517378354115231,0.0022886105808585184,0.25202664048401463
19.279,0.013832642013314094,0.009406438916060503,0.005020852567034562,0.16607187745192684,-2.8458879029438e-05,0.03058779491732285,0.0,0.006817055587900502,-0.004038242463994744,0.002778982492160728,0.010712506721453394,0.006490279558058275,0.013291520385933515,0.023824374191827296,-0.0026956619318716088,0.025116605846056964,0.031290729708541194,0.025332437011917536,0.032829404995009664,0.0018158124900258753,0.01726614366368748,0.016904410998600385,0.01276393696332502,0.01301061923471057,0.03901750291772177,0.0407059874687084,0.05690596145994999,0.017413702887316574,-0.0009397799278832095,0.0016121603388032275,-0.0009242123238032328,0.00466475539263532,0.16960071861617304
19.778,0.01623475774791477,-0.001575697880813012,0.0038744087230561395,0.11940694638978501,1.4229484509738811e-05,0.08416821259829096,0.0,0.0037653367684315764,0.0005481401115940277,0.0077212633137503615,0.01387103024359008,0.005556375247891623,0.009503262594983039,0.008039309556869528,0.00027997414120320294,0.029641581663644202,0.03437197845630379,0.030960482210787173,0.024781661384284986,0.007651219722659429,0.015661679957402152,0.02788799824384046,0.013162527463211716,0.004511420696687109,0.05322432251364053,0.08006656193283317,0.050139775217013294,-0.0001832564079454976,0.004581901159237182,-0.0022320679762272647,-0.0029486834731092203,0.0009233740599175417,0.13576361206248444
20.279,0.020998296321289946,0.008266903642674373,0.007204499341667556,0.12016601999145692,0.0005349867734632475,0.07865813984029309,0.0,0.003815475387986439,0.009182280141372278,0.0017618909552530886,0.021625921408568134,0.014744411156416677,0.015417648156027643,0.020135535254687604,0.013303986287986798,0.04115084261998374,0.026928467687228216,0.05910322156510945,0.029214216907787464,0.046311976806196295,0.013209460414958024,0.003291295029738094,0.00739094097121644,0.020909602010694944,0.061691591958617856,0.0538483750932702,0.04528309074204806,-0.0008013142119178142,0.007209579941783784,0.0029182589063802187,0.0009197433845837961,-0.0005202620123061752,0.13695164642140206
20.778,0.013038718865077643,-0.012088494669166446,0.0010310797076422754,0.12525224177066024,-0.00042757964478773723,0.045877138854965784,0.0,-0.000744174480075479,0.008986886752727772,0.006852725945809293,0.009423256393838727,0.009073189865345612,0.0025123521107296098,0.01425883542516312,0.006585548381829614,0.04029634693359171,0.018741705799991522,0.013031176510583648,0.019923480479772385,0.03290005254011031,0.001205783824970409,-0.001093466605679797,0.0028906815474222637,0.009985836885969036,0.04781790946765689,0.057408745908883146,-0.013570723797160964,8.017284195282815e-05,0.0014989348127686225,0.0008981040393934239,0.0024819710693095246,-0.0004922289742415203,0.1460849034942872
21.278,0.01585019042817257,0.0023464447809065443,0.004070709663526292,0.12794208401093454,0.001545180228969541,0.03160920920606374,0.0,0.013822485406889266,0.002759239510201613,0.01655357776970759,0.01733774931194158,0.0007754657459816996,0.007610478789648072,0.0007133380626592727,0.024479208699153234,0.02959549522353274,0.02456780908051403,0.023934406879566782,0.047908616272197044,0.029983718139639823,0.0029400540414175544,0.01239919920675622,0.0009604992037739757,0.030562538850643486,0.039084879908233526,0.019004251620132383,0.04508946862192727,0.019172587403974744,0.00736645597292936,-0.0007084970382223047,0.001551500982261966,0.0026298804573821177,0.1822362754128294
21.778,0.019640833005583454,0.0015920524223044118,0.0026544882265919926,0.1345249449601658,0.0011017157548837081,0.07476655741781754,0.0,0.0073834109742782735,0.011055005273127302,0.017447749600490545,0.001219338114886133,0.0026640766886230865,0.0022359897040678403,0.006704924768854095,0.021519194363702143,0.04082250338402227,0.02266492475616236,0.021640178106825007,0.03724642431682609,0.024379301450855196,0.020260980893010455,0.024496787186275813,0.001637133926488546,0.03384807350970438,0.05250707563319246,0.06300359882465323,0.02111598257732221,0.01926055799881649,0.002458367931748476,0.004185583808275643,0.0006986774465233059,0.0024429441543880282,0.12499078829523971
22.279,0.01675073375047383,0.002473278513253673,0.003022721471440204,0.13277825400345827,0.00033168733319054004,0.05613931279003869,0.0,0.01833162496863206,0.0034985041045512964,0.011159698624850039,0.011193485655747511,0.001985323260287786,0.009849886081852503,0.009373308449711154,0.02530728757710772,0.027206496763652766,0.023290253802697575,0.028708537155036632,0.016735935251745104,0.023568528264053167,0.012535466977357551,0.012944714672867105,0.018956065369263666,0.010572164226292407,0.03531987805487052,0.0749676339375865,0.027591150157882115,0.024899763247546912,8.863085559748664e-05,0.0073812351243320645,0.004578204399540458,0.0027810243687232425,0.11243371402874738
22.777,0.01682670162736384,0.010578103759228144,0.006508425914262107,0.17342693366490247,0.0018880627629648949,0.047672799770171,0.0,0.012002803726377433,-0.0004911684490211856,0.007017620052540848,0.009212649158888647,0.010448147367379092,0.011650634977952799,0.01641349602483306,0.04610487727536578,0.0567691270690274,0.03772747253609459,0.006645304031012584,0.04078462397415224,0.0003656801074149385,0.0002329187314512859,0.020591638986880482,0.017138341293864615,0.02063380209582247,0.04809321694404207,0.06641535632505266,0.03172363035965738,0.009709071739428409,0.002611529816293279,0.007086671959241637,0.004487136860533349,0.0013933471701854637,0.17469388998757526
23.286,0.0202463550895035,0.00751269313214412,0.00436427265250609,0.1760864059770061,0.002106036748218577,0.118870015964661,0.0,0.01785548902569946,0.00853985089973345,0.002699658184553645,0.0011835846728202634,0.00473087548043307,0.005505607948939463,0.01950835136886171,0.0501736376591449,0.058072245620327534,0.03284869563265687,0.02743596616665992,0.046672493205806166,0.014833614688495998,0.026667556000262247,0.01299627468285046,-0.0014656658147381688,0.026940491860259423,0.05351092553247218,0.12325534409254557,0.05069795639178506,0.004932741362926181,0.0057760325365544376,0.0017860802510053478,0.003856093315256833,0.005682882181786546,0.17623309509433618
23.777,0.018475827812688653,0.0018375446537801242,0.00983402902551224,0.16959939517680353,-0.0006844543444824816,0.11861317980724563,0.0,0.010340544976712388,0.00412377439166147,0.007043181629870333,0.011234367281215237,0.014319110532948763,0.023911784360024838,0.014396272051939362,0.03765410111776186,0.06448494280783038,0.023928054368633545,0.017999241634108785,0.03470256432622067,0.01056068229662835,-0.00331836324113577,0.023448258813001315,0.005613899411546579,-0.00011815481917165932,0.0552023921189873,0.1136813915257723,0.07187648774484921,-0.0068688514105173185,0.0008923413085632015,0.0002410872330540537,0.004329737867303321,-0.0036283946675772696,0.20085914661989882
24.279,0.02833399243419599,0.012890138678221377,0.011590379804124824,0.2613847253299022,0.0020731259056007787,0.1870124847078292,0.0,0.020160765955595468,0.006735764372038237,0.007467668585867962,0.01860666306422595,0.015312725938540942,0.02672382039383288,0.018873190493734173,0.054402620538970686,0.07113322661714332,0.016204336243378286,0.027021624917344753,0.03649100349366447,0.04539358350589512,0.01702250737340467,0.027512191835515124,0.0071057814368110685,0.03761549369278425,0.057681431886825056,0.1891390515851127,0.06565883175537725,-0.0014644255757016752,0.004568541860945672,0.004346348579577988,0.0027605623249999088,0.006476944646733221,0.27507348180810204
24.782,0.020737091348999814,0.010881901461541305,0.008164619337901146,0.16781349500034606,0.0005214909907829504,0.19609192453033328,0.0,0.005676530927531172,0.008358080463644592,0.0013081454168924183,0.011019681213020814,0.011046543080424036,0.017716428448995784,0.01932119658210856,0.06586946984280752,0.06151915711499165,0.021211163955421424,0.06322756760015212,0.018017020988755555,0.02642768300275818,0.009110409215847453,0.01203023111123833,0.013376639565592308,0.009075248001568576,0.060022025608660476,0.197880062061195,0.06156516275087906,0.008762507966181738,0.0030558363243132344,0.004723154054835079,-9.731321096199314e-05,0.006984683811690894,0.18287314040713062
25.285,0.02473199986182082,0.008537361572286867,0.004323582760207523,0.17878380773607686,0.001460805547802832,0.1930626512062678,0.0,0.012759305652807664,0.009189963479082226,0.002998980569706932,-0.0012050186564651886,0.0075189646523257485,0.0108286920029764,0.006744499736009856,0.02748776695870512,0.04314768654733189,0.010657024188825885,0.04306130044902515,0.035802270196689356,0.01920428100790406,0.020520415708098802,0.03632067852993734,0.010047923620024187,0.033949721983262696,0.06646182490182537,0.1711588646445441,0.03226094657743072,0.017723233814685976,0.003808641233494744,0.003488703973011043,0.002811319862122862,0.003677873705040152,0.2310748489477699
25.786,0.03042977692419009,0.01563168997783366,0.00835538393914498,0.19188729112186426,0.003376001518485072,0.15861821612868848,0.0,0.016292641836624985,0.009122684475349072,0.008984726355684647,0.00921618401679844,0.0102404452384957,0.019482697351943808,0.02460742028231082,0.04544735602857795,0.0603013254918339,0.022776742694603096,0.03872332531141352,0.024258053366508707,0.030775803366375566,0.03700848434785813,0.024742345024848473,0.03149190027324703,0.03154141863391409,0.06523860980983248,0.17933964249183634,0.005131667988996659,0.0410194732841741,0.005251005231344775,0.006288258183663556,0.005232638077524708,0.005286199490897391,0.22405975951765705
26.277,0.036643162072761123,0.012969693566590019,0.008665179514192147,0.07898611712127065,0.0032468837513088492,0.18198795863919018,0.0,0.01498764938604237,0.010289018125971366,0.010656858709260262,0.004125373407439423,0.010585708262919219,0.011337263948505883,0.0258556246509367,0.05187943239157958,0.07311062155441836,0.03550185721029722,0.05310913475107047,0.027906350566275374,0.029726326167082415,0.042246483035289724,0.021404362004199217,0.04086470185204859,0.03410203254817102,0.05301121367873845,0.19564478585959758,-0.003045103861537921,0.024080333803723156,0.006686905350568599,0.010380938336536586,0.004826540854056027,0.0013643071588600782,0.062121248447467164
26.777,0.02781461425572225,0.017412811477760894,0.0014365235258779624,0.02496180315172137,0.0025257789329919448,0.18139231936656708,0.0,-0.0010145436454079692,0.010437172306965413,0.014574102271681339,0.00032546602159155,0.0033700381689051755,3.8989765730512366e-05,0.014689952580538622,0.0386617958203671,0.05424168856451526,0.018210910623661737,0.03311794809627633,0.03151785459986815,0.03000113588903734,0.030294617009955054,0.034621254912701696,0.020380859037591202,0.03460772692294065,0.04733645780904644,0.17749893245127485,0.03250583207530459,0.054980095992180796,0.004091705187953547,0.005707257590598708,0.0043118596725904785,0.0008817459973316913,-0.0014745477685539983
27.295,0.02815951514289939,0.00850252836953251,0.0074954668582281996,0.009880986887015839,0.005238719460482057,0.2183661502324774,0.0,0.013318397885529371,0.020468089722839283,0.014711532654286251,0.02008218401858171,0.006379114719931682,0.01734707421904508,0.010200762442048837,0.0464605981202498,0.06398872243247848,0.03553061801733814,0.04714026919838389,0.035088285399274555,0.01568264224608131,0.035166641702787625,0.010841600349098635,0.008631904397394124,0.03319277033927531,0.05295590231919724,0.19995905170848946,0.0154758891929716,0.04178454579077436,0.007057337119486967,0.006588155004985548,0.010929297821878741,0.00786972315675223,0.008947317433354352
27.778,0.021801523670185865,0.01284476014213426,0.005603354164666405,-0.011011970914091607,0.0020968115373955257,0.13308847838381604,0.0,0.009816902355070557,0.008659364831074023,-0.00046573768470985265,0.01579936509624321,0.009748348665971395,0.011730961166791913,0.011588804579834355,0.02425461573668658,0.05671042343477921,0.015787327306255157,0.02413753135510878,0.02464578600116904,0.014029318907454263,0.0111963758782719,0.006892675557777632,0.022487717138645585,0.028367537164099364,0.025801363819757107,0.13894245037958272,0.05990222794163692,0.031276989776488504,0.0024818732069941747,0.004013931303509245,0.004534378930084972,0.003211465061581357,0.000518452475638706
28.277,0.019810756520504822,0.007747357645485906,0.004820229911349423,0.0067466535916296776,0.00337214593357049,0.07674116252119714,0.0,0.00856150577423353,0.011303316875622341,0.00042148184553060666,-0.0011670341672428348,0.009337122764847775,0.009140089381506638,0.008762337641652199,0.04142896912939292,0.049026143617990396,0.015589820989852857,0.014938598262132877,0.03036474088913104,0.019353611223479773,0.0014495417906891348,0.015048615588024283,0.01642194548834056,0.0014144229554948473,0.043607159252401696,0.06548396333075067,0.04895922425788195,0.024606911332507732,0.0090631557287118,0.0021401030706321763,0.004229399171452744,0.004550989671455422,-0.0010367855014974214
28.778,0.023996920326107812,0.01566140812923464,0.009053033921758926,-0.0017771548715655638,0.003784535116854234,0.04477442021574022,0.0,0.01789471325198992,0.008205053306846292,0.0038523350428481917,0.0008434230219480394,0.015215278682172475,0.017627835841398508,0.024902135300594267,0.04597696108691983,0.05014185350391428,0.016262942068656742,0.030805574730096697,0.02091533954938321,0.026469709742734944,0.016684321281428802,0.015939518525864376,0.010992834506896679,0.01133265470318756,0.05583213778409443,0.031620577383461995,0.03840059638871635,0.04282525470190337,0.005796010360027994,0.003064577425393451,0.0031908494371795768,0.00363742192886641,-0.019722560816720937
29.279,0.022561162644721963,0.014450357235073406,0.005617595638972162,-0.024550928293210046,0.00217148295959668,0.02794522278242039,0.0,0.01306966596398514,0.0020645248940810964,0.0010190179589254472,0.012502426836014309,0.008113604258599085,0.017493278136615758,0.00855755892902164,0.04626717372134541,0.05984857522129139,0.027754737618118804,0.028204424144990255,0.008375038442843832,0.04436950236131928,0.024632010170302122,0.016639555026273015,0.017830611872132678,0.016815535089679267,0.04733287371018486,0.032718204442282704,0.04938174653745382,0.03564932157773114,0.001181394288755597,0.0028154310811628184,0.0008772339233039008,0.007149316428910766,-0.019878421322843894
29.778,0.014281556624265739,0.010684173583887275,-0.0006514390269612176,-0.07318948839954603,0.000560970689357634,-0.021118254336439952,0.0,0.00013136168867705912,-0.0023744966971237036,0.010925614727160258,0.0040873075200971686,0.0038946140227652704,0.009485221099100934,0.013318510305171507,0.0344492146539043,0.03557586874278785,0.00971528341630981,0.012610622829327064,0.016179312461139055,0.029825353075306423,0.0035528260787147737,0.013436903763567128,0.00969206999624844,0.02396628555873466,0.029389412463203972,-0.006122557697449221,0.027661212281777144,0.06731054127032715,0.0010069378095407448,0.0014733491342292858,0.0017244930544858743,-0.001026873558351077,-0.0407495542833598
30.278,0.014135589026312385,0.008411251179028972,-0.0029069240533885665,-0.011502435653936445,-0.0007648458973840143,0.017234099090721627,0.0,-0.0002335318909816423,0.01427792526526339,0.006847751203649856,0.0022582277814794664,-0.007021954719068957,-6.931513907650706e-05,0.0050419749058522,0.022935397615114893,0.03082356965868556,0.007552615302713263,0.018522150099487947,0.02364322369611799,0.021017786693170826,0.013304020773174226,0.004485027838583339,0.03276425892240581,0.0048413257216362625,0.045307335499931836,0.035346874298843596,0.039242547889215565,0.040378738222825554,0.0013218215965398457,-0.0008187959307260339,-0.0016076138006297653,0.0017198390921598858,0.010611383315890385
30.777,0.014390787708867514,0.00956458188043612,0.0028571053938260677,0.009480561036025967,0.0018069291200926315,0.04077564993625177,0.0,0.012240463477392171,0.011247217744520529,0.00874753873325487,0.01080493400010272,0.003716893980453582,0.002782382743403101,0.012190682112785619,0.0288211728020107,0.03239694449607362,0.004421833436259601,0.02206175848824244,0.010501389349959712,0.024975367805368312,0.020435688813629126,0.012195606237965935,0.015787478064116223,0.01968164188746105,0.030624571568180072,0.050362719683566363,0.04569934519289892,0.04322058227105404,0.005491285247874995,0.0035388934758147565,0.0062138046304612265,0.006848711732696042,0.008659714559033574
31.279,0.017191613528673478,0.00417337521391393,0.0031221327069919434,0.0007773325762631042,0.0003160055225858685,0.10790230626979841,0.0,0.004375179458923098,0.011687299605782428,0.012529915391074006,0.00415049214114753,0.008045184427451182,-0.0026375496837694667,0.005453972554932499,0.02845475251951899,0.045642371568612665,0.025436994342605115,0.021623493566787715,0.011870691675311894,0.0065132136486954996,0.036475709892873104,0.00818028839963465,0.00940651299169338,0.028804155129465114,0.0407052953980154,0.0989907619558421,0.013325262977959164,0.025812971721782294,0.005492505247341594,0.0024878078596374757,0.0006843688640575106,0.004229234540403404,0.032905353376974755
31.78,0.01639387223842058,0.011714574171356391,0.004279929312173091,0.025728566854877327,0.0020314789436916576,0.06474403923333248,0.0,0.01136545595203101,0.012255767219095503,0.019828827866248913,-0.004791932432973586,0.004485500916824394,0.011025136228314837,0.012751946031496271,0.02722739282469574,0.03812263967089774,0.01356940742353404,0.03456200611455618,0.024328576493579307,0.02364030981106504,0.02187209513656252,0.017872524638141023,0.03146074473541414,0.01286717071746096,0.030360219734069414,0.07704422192716844,0.021707665129963902,0.034936894886406375,0.00026371154042746224,0.004321697354249844,0.0052685152641481605,7.777126511144569e-05,0.015105826086355615
32.279,0.01775639883425113,0.008291028507574497,0.004630963664378696,0.03540806686791415,0.0016491273742836076,0.03470824043781978,0.0,0.012656745425357538,0.008318962990132834,0.01233921136656834,0.009986656647878569,0.00549577066309304,0.008300763179302529,0.01141937414677215,0.017076960069021208,0.0358087423516371,0.020346145597506644,0.027770545417179313,0.033807862391293,0.025370547746393073,0.015711419435075733,0.02143471527152078,0.008018371291591903,0.01787027241787829,0.03248276550494816,0.036711632141267374,0.038050913434275614,0.0156054495637536,0.00491031058774088,0.004449455349765608,0.0016947164405570461,0.004589772463591708,0.04233870481401858
32.778,0.020070220588611284,0.013520798212791684,0.00616232332057833,0.03071707521390328,0.00016973204922090084,0.05189773549569645,0.0,0.021931860933699424,0.006384268128534237,0.012559191225522357,0.010303505040045794,0.004114097639935023,0.020675419711052453,0.014023504580286724,0.028554292097695323,0.031918782975562644,0.024707526355044897,0.023365305525721736,0.015742760468980006,0.025044493154245933,0.028734734968283215,0.019356639833266333,0.015041804532263697,0.023079061048878576,0.05076927940252978,0.06349251104235944,0.05974448882661342,0.023145515835581363,0.004775972770053956,0.00010588695538666894,-7.240905636089223e-06,0.0030651591676254556,0.05382485216793631
33.278,0.020787652111679523,0.01077226050903903,0.007202918765347829,0.12112598010557747,0.0018703885649276539,0.13610179815898027,0.0,0.023313738782227426,0.01309944789472314,0.008154131238762751,0.0009099160235139716,0.009418129084117304,0.02289225548204842,0.004202457561257549,0.03551933331005115,0.03354143468942741,0.018228332907590218,0.03623509908705396,0.034116314784116836,0.03387821514239753,0.02363444690183214,0.02076210094391059,0.022814892194649404,0.0010731295493915756,0.028076393962217852,0.12389629420692931,0.04206947194379572,0.024327095701862575,0.002687648981315614,0.001723385066890316,0.002284479047643671,0.0036566469021591624,0.15145684673173007
33.789,0.01644468380434493,0.018937044055893644,0.004402648696239237,0.16971313704379318,0.0007995677941437301,0.10718710345684936,0.0,0.019008973939370014,0.0056357665392836745,-0.005037924693852623,0.012472770007927724,0.006321318247722941,0.014781894062802716,0.032277842260924554,0.018739792611794103,0.01569502213742752,0.0063875109886271705,0.04101138298993276,0.031424880073694414,0.03760107167771014,0.007923047474798836,0.03155769425878539,-0.0013695677987872086,0.027834056979530883,0.03873048200898391,0.09869722364590813,0.0979003686976439,0.02134859168719826,0.004143740584853053,-0.00038120918542414466,2.534318807647944e-06,0.006100371390977202,0.2069152386722443
34.277,0.019669253753780556,0.005413924182941006,0.004834639267741289,0.25405254009462014,0.0017626781928995923,0.10156001712129444,0.0,0.007326186185270581,6.581920377287961e-05,0.007900448943096276,0.02009839510929369,0.004000274413465267,0.013865582562595142,0.004750491578783364,0.03510826442274626,0.03621082604325872,0.03760814178150612,0.03700550779337778,0.03567901613950174,0.015684851951557832,0.023395545845628484,0.012878408744512964,0.015344422408486488,0.015419525037680085,0.028193096704880218,0.10253321392926532,0.024926526210818666,0.033892029550169296,0.004860812656177807,0.006637094433758345,0.001178115331343842,0.002401577439395134,0.277774912297636
34.789,0.014630031364718726,4.2191338640771196e-05,0.00017843005682164194,0.28864050266186014,0.0010766599309088884,0.08885819326249926,0.0,0.012042883866609613,-0.0022024334242297314,0.010468969341370087,0.008457847679589306,-0.0004960344566209222,0.00561549217722273,0.016335692021988958,0.012854003982054057,0.026310228404105844,0.02595533760460838,0.03606066766563172,0.0387749558118462,0.011350008282223524,0.007410596195987489,0.02868746478961817,0.0063107715585486715,0.01265677384127254,0.04354376572058148,0.07093684537161848,0.02552357852428796,0.028246162910633,0.002658897410959461,0.0030402387973044133,0.0027092895815092515,0.003932677760314943,0.29912087996928477
35.279,0.02091354948907906,0.007680538780700146,0.000491015974523394,0.32316212174242454,0.0028597647029675603,0.1148942964418616,0.0,0.012568482709687379,0.0022583692175349892,-0.0011587686909527734,0.01480541431418018,-0.0037052174263061074,-0.0027893674468909653,0.023286779479408617,0.006735394782420209,0.02266619673584324,0.051725159510426943,0.03404274832752777,0.03521836060688337,0.020186184080546166,0.024221256229220514,0.019893671021780194,0.012928483394841978,0.035923206661954185,0.05142895137313669,0.10385937452045688,0.025677860554531376,0.042102424700117845,0.006366433205216417,0.0016654616852989329,0.00398279801713461,0.004532847191724246,0.33356027009688083
35.779,0.013952457959953913,0.015158602029105744,0.00036540935503100007,0.3316226754629854,0.0016711740420538427,0.06193739295148244,0.0,0.009063770065982073,-0.0013463313062969159,0.006094146627593218,0.0045163637021556095,0.00019290228868594766,0.003594935786819046,0.005534221855227713,0.015785251243067296,0.015573745290100865,0.0436038170402109,0.0327273539636675,0.05003091729275917,0.0070806791577202365,0.01839928830053156,0.009911163929479714,0.01827945518998871,-0.00047154044515464763,0.022800009781581847,0.0602317806581966,0.07099015901624589,0.0318779755642566,-0.0001914982742160492,0.006629069732055974,0.0014666011935795587,0.004483193599712028,0.3496209923699787
36.278,0.013946620603585678,0.00927502798955031,0.004354067645647202,0.3284009586130998,0.0030969999038488122,0.11181360211406652,0.0,0.002651209456857182,0.00799971206799452,0.0068979431661369975,0.00212455829512758,0.003644375234409494,0.006687978386371334,0.02785119303998303,0.00860720540701308,0.02359581278278933,0.019209841717694236,0.04821889506834042,0.04547080244462687,-0.000963249162245403,0.015663725051965626,0.013536751978231353,0.0019551650646068737,-0.003333800083102935,0.021848289660485003,0.1113914394370404,0.04270795432299758,0.019953516606376384,0.002848541880438398,0.003018557376258852,0.005823621764296907,0.0045388969690862355,0.37149310210224046
36.777,0.02123808257124682,0.007854874042085274,0.004541062787248785,0.3046359519094108,0.002062845029838932,0.06234477152795821,0.0,0.01072678447150494,0.016770732159986045,0.0017198785176114274,0.01749075839408681,0.006299351207588145,0.006064172939547915,0.029218152850235563,0.02061147741292634,0.03754248664452105,0.03120020918263912,0.040333184193607034,0.03342206229406868,0.016156677886998903,0.03244614842713596,0.022848227013477475,0.012858339421470433,0.02873561652415387,0.040229003341434186,0.059384597179561495,0.018432341026429544,0.025918938214736655,0.004519656312750683,9.391248210535437e-05,0.004629165964245404,0.0006811189325850727,0.3623776395284493
37.287,0.018106313345788747,0.013118121714583035,0.005649420155145522,0.3484556043805938,0.0034696779199527568,0.013964577570026672,0.0,-0.0005808920178397206,0.014067209796832203,0.007383642701340974,-0.007767164328753032,0.004565752310047225,0.009314058175344303,0.008147699754612377,0.016797873532064724,0.010501970140935814,0.0524782641775869,0.05005661654573087,0.026191396906663975,0.02200826233871,0.019739195599721024,0.016167728736199437,0.003047483419465887,0.03058840720247484,0.06473439403647326,0.013114385051974207,0.012236979887552414,0.016645347652463966,0.0057244658365726946,0.0055165171431939145,0.0026815702125639104,0.004403792598420911,0.37837343647801475
37.777,0.011015102460931103,-0.0015433932681960724,0.0047737698903407896,0.3304365864780429,0.0020405506849054344,0.0681967997295404,0.0,0.004536708833551731,0.0060471415264426965,0.009632519359589014,0.003255529245786455,0.007998415542509168,0.007857303084166526,0.014025796131470236,0.018951197445981564,0.016532121106047484,0.04112131582140792,0.02155319893922511,0.028082128753668927,0.010391084135044429,0.012315378188370224,0.010188923885648434,0.011262050924092295,0.00390858459872146,0.032580888049061466,0.06720318197635754,-0.007410659511603138,0.015264682813281073,0.0020990583821578874,0.0034192780576008113,0.0009360257518989151,0.005684911954871919,0.36354794599713247
38.288,0.008072057957578224,0.0016402209249542163,0.0031023910536429303,0.24613251781149434,0.0010230001294343225,-0.023546016122533237,0.0,0.004147853653432511,0.0016538114607886308,0.010579745034596034,0.006298924756623248,0.002345098790033613,0.007763431816666509,0.012268938727102798,-0.0025177696199090564,0.013848738277588816,0.02286310325707481,0.0008863450586861094,0.010611345852418122,0.02038766657724867,0.007210814679287458,0.009113371839960912,0.001939008263329113,0.024966425328189393,0.03191456352538507,-0.021016176254769207,0.023218843467566586,0.010357501784134774,0.003909718440806594,0.0005888851174288028,0.0022958414212301036,0.003361983816430262,0.28111462984445074
38.777,0.0071497098056461615,0.0027155191782318976,0.005612759075443037,0.26988561861638155,0.0006638909925499017,-0.0032001109481273673,0.0,0.008566470152086203,0.0027781527940547814,0.007547370304958666,0.011458282716870117,0.008688061527612348,0.014644682895295306,0.007803245220672123,-0.0006005131410786715,-0.003185365083646978,0.031884435871163554,0.04146651216930177,0.030920916538137066,0.02128989278750129,0.012457925257282083,-0.006400315042113154,0.01486105068607003,0.0008518141181315675,0.029304787969194997,0.0028127651592823304,0.008985584956584358,0.01435817550058283,0.005630622743692771,0.005670405958444608,0.0022924822981283777,0.002117888562980371,0.31495015660141845
39.278,0.006496818107691397,0.00994325199584532,0.005040427962066419,0.27100110232627206,0.003273825505937833,0.020586427748886676,0.0,-0.002358843918411086,0.013280921234439993,0.0026517279585997785,0.006931063084675694,0.007132334184759555,0.014054847984515638,0.021590512702327404,0.017276218932724064,0.03441022756091414,0.014416623340655512,0.006930463437226867,0.009344491188334922,0.0001910632524597366,0.013114385803517564,-0.013729158695420511,0.001982553716599162,0.02472292791951234,0.01917082627816834,0.004125584424147596,-0.021235783497092285,0.029724157690504318,0.008379582737056373,0.005029430127763252,0.0049542227023910545,0.0026072449490228307,0.29342799221232063
39.778,0.008423058235919607,-0.00581874240454593,-0.0005097741740522176,0.30607667291378,-0.0005113333362468241,0.0008595152087723483,0.0,0.011557589741456632,0.009486159098655075,0.0009268498246645207,0.003939577049458504,-0.002936762943865576,-0.004945802067906286,0.016511170423983673,0.024803582613310192,0.027016985933961152,0.02252577177454385,0.015438017315613102,0.014865768318597395,0.006498254704288569,0.014751755951483446,-0.0048880981939028265,0.014290746297257084,0.02262708859721097,0.015468744375100239,0.016834833827108125,-0.013579346124483268,0.018346123424440103,-0.002490993457896669,0.0020405032689098175,0.0021512551293624343,0.0018618562084158302,0.3424045443242025
40.278,0.0038811979063168847,-0.0005334029725143795,-0.0006818953653056018,0.2680474718056391,9.432173779424636e-06,0.05191191782052555,0.0,0.0053174918227264605,0.009982568062073274,-0.0040661924468233515,0.007574633099927533,0.0016208692285619058,-0.003115365186549056,0.004246970337498461,0.002596582877066206,2.592047970807381e-06,0.010084182336036022,0.01265272090346321,0.025133657150283196,-0.0030542983990344418,0.004988868941192363,0.002085618716282676,0.022324083892462723,-0.0005785948378436327,0.023835420784927727,0.0372547104163351,0.00410187654396631,0.025481639681163144,-0.00033100859295794434,0.00221251830499787,0.0027756230413563724,-0.0008909159614386913,0.32796077829089254
40.785,0.015400860453545587,0.015233568472480325,0.0038659595672768986,0.24580267040783282,0.0015614407344566894,0.013283103808846529,0.0,0.023753518657972553,0.010424719494084916,0.011359115623761908,0.011195762806944431,0.0022599886643112476,0.004360554494322514,0.020956373988099106,0.017277123642011123,0.025033289498911947,0.03042630476598659,0.022888265518344907,0.034401555092149205,0.02926383522926584,0.01712739076852987,0.021824231519580434,0.018492569314438854,0.015580592869318404,0.019369083804284967,0.01001227508536322,0.031052554739410456,0.03270767545394463,0.007529371997773812,0.0014431786306874498,0.0037195622733772744,0.007461461406585243,0.24150168635427952
41.289,0.005822323848211688,0.012054258026598368,-0.0021124340536725185,0.2250423115764855,0.00018434741439789506,0.04122113338939012,0.0,-0.0015148817298533328,0.004004487192282567,-0.00018107192169750544,-0.0022664862139624336,-0.001919520522700898,0.006149754537962992,0.016484097411956316,0.016289884038248496,-0.0036719688491707895,0.019173770328972363,0.003663921890694427,0.01800237232666685,0.021392794438133633,0.015606415444563728,0.018626803067199466,0.031365933151524666,0.011027164279484858,-0.00798829171330051,0.04658520535733678,0.028559275443081407,0.023310924146233803,0.0037822930748394818,-0.004235146301692666,0.0019470993855095337,0.002667594341568682,0.23657021323531063
41.778,0.0015718905462860733,2.3557748182962753e-05,0.005253531210225118,0.25084739215184343,0.0007978688288797522,0.07765799923360688,0.0,0.009306403354680727,0.004596499852290032,0.006098024334736071,0.00504583431631902,0.008183693984138318,0.013860604430014767,0.016897323266757736,0.009150278716911457,0.010485228749537346,0.010190002566523158,0.03765667969672828,0.025081665684705705,0.0080829843389579,0.0023774772566581763,0.002510567783022328,0.00890220135272325,-0.0047652914735350485,0.0005750863684375468,0.06701678075528872,0.01933725268173912,-0.0032269819829416147,0.0029757629992974532,0.0003665531243699103,0.0031913279939074606,0.00147088993234356,0.2692683935363323
42.279,0.012942686393865702,0.012068795619725105,0.006833915925202641,0.2394396193253459,0.0017242090384606704,0.1616381633399191,0.0,0.014170552437266646,0.006582973617308897,0.013196055154610245,0.011196272414789455,0.009555438433253032,0.01876518663018806,0.012671499969587064,0.02572066984196832,0.034351862028317526,0.020010420517823393,0.023483157065917235,0.010598058323579867,0.021171951303618413,0.02340537342971278,0.01774675197531714,0.017055262005994738,0.02586102806471624,0.03949308284924912,0.13050687923540835,0.048011869168555356,0.011122043576389361,0.00404330858715334,0.0023602869519164208,5.390397842821519e-05,0.006164733598531209,0.2710638696246778
42.78,0.005611767944556396,0.007961071374431734,0.007135411031825878,0.20710310497936452,0.000882359468427044,0.0879747601772415,0.0,0.02211059351346723,0.003909042284363005,0.014200590839515059,0.012160664236727261,0.006195668881403035,0.017716041243330895,0.025672113800807674,0.01379720994485355,0.02541520862496369,0.028180635724327097,0.008040871065954256,0.019989189092150365,0.01445161458498977,-0.0024179563648559317,0.024856038514599138,0.008098755512610287,0.01841221054879689,0.011986237732722426,0.0743744203344203,0.054263707262980784,-0.0063451853236806905,0.005084016425441641,0.00042046937736661655,0.001118218532419845,0.0010217384188078043,0.21336002088001924
43.284,0.010967134784568705,0.007048311672835014,0.006381650114559481,0.25575652217487754,0.0023494632029783546,0.15092934311587528,0.0,0.011127895559723367,0.009594826320004251,0.010877790271799505,0.003751346962121466,0.007065888261729719,0.014014011649767118,0.01320770293443177,0.02390859904042598,0.01663928881239376,0.031138172945640554,0.022163836592825153,0.041056443928795636,-0.012779845559784533,0.015149773866964878,0.00828090517167775,0.02052181412379689,0.031116236663238907,0.019338841476922435,0.14848540311707167,0.020150674341434756,0.009859554805113127,0.008544572632987314,0.00178598533347564,0.005171331994538811,0.004052597605172063,0.23939931630466763
43.786,0.0019301983225266076,0.0022918149830552766,0.006092284870948969,0.22573642483971906,0.0031926080658338995,0.1427533228245142,0.0,0.0060793394395412745,0.009368639599589107,0.0030703162872516244,0.008398719139204747,0.008148571484430779,0.01938929348519212,0.008266298853480162,0.004623962357463172,0.009654278688180445,0.027293687992206276,0.0013078416647514433,0.015616547872083799,0.0035928056840462217,1.4095503109224665e-05,0.013977330923884918,0.0066667426419401024,0.03105192796865209,0.0206191996860044,0.09961039386618895,0.014404604721859976,0.0013476527271407605,0.006360415086097296,0.00559984299130657,0.0039098272839611925,0.001966815611468733,0.25105970803287014
44.28,0.0008372511428827464,0.004654702812386613,0.0020901168823075607,0.22125969770242032,0.00010505253012694208,0.16836304742882247,0.0,0.009000634318946822,0.008346943266655572,0.004204357927756922,0.002926639224422644,0.004321053983268257,0.013274194176072483,-0.005545560294671634,0.006384364436481338,-0.0016497674225944574,-0.0007448789298027393,0.006921342437341045,0.009917375984454451,0.01903622776189191,-0.005792532852960483,0.0025819272124188828,0.008861763422907511,0.024616196847968484,0.023227286515021976,0.14230624861344593,-0.005131466583237468,0.015177958937815917,0.00336000822116721,0.0011824924685341633,0.0005296762777114107,9.612137857609399e-05,0.2326788240830927
44.793,0.004688427848422647,0.009086254435254853,0.0059884629607380065,0.2107775717738632,0.002561161095952718,0.19174805197125608,0.0,0.015376152067958912,0.0078592900213992,0.013293498962401158,0.009246430213569192,0.008672508827349752,0.009653568316674641,-0.0001298168829557633,0.021231239935392106,0.008014048538239078,0.02365995790004719,-0.0020190094777948467,0.020200483203600964,0.014664456482599704,0.004039474857468841,0.01999958470971915,0.006552062267883337,0.02162733791566353,0.0161289508633458,0.17392909350807675,0.03720108423573655,0.022453401810441212,0.0021506886105441413,0.0061921716599323655,0.0022004840280442704,0.00859585197501558,0.23699320751029254
45.279,0.006535938766870717,0.004703630344988097,0.004651138252325024,0.1581642014158265,-0.00023642196809572018,0.195875644461433,0.0,0.008010818794671038,0.007935925114089278,0.014563255544762486,0.022772780031439555,0.0037519741422292786,0.0016456848790410532,0.0071387654004756084,0.0032081318362077896,0.0013922362795175463,0.017174898103550874,-0.0021967051787073425,0.0166068885087006,0.013208037661252472,-3.624557942357755e-05,0.02131651552390926,0.01064747510016361,0.026337513398364258,0.02736726547287646,0.19271629773503715,0.011635356741035642,0.017649492594589814,-0.001820269800744634,0.002366224516463084,0.0015029915180628608,0.001216579427589106,0.18246858165970223
45.778,0.005285000121726434,0.012345305839873685,0.002970742531479089,0.18306774090880334,0.000205837219619868,0.26526995122369057,0.0,0.011946494088297134,0.014969628063098808,0.005381875374791561,0.018101170931204065,0.002349545825894705,0.002980459153530586,0.006922406162168353,0.004544573153698278,0.021428421721551925,0.021480255286374695,0.018711471064122055,-0.007224425419119813,0.012016726188754899,0.0015223660913014224,0.006954525549581049,0.023334547808217185,0.010991391643245732,0.011785615918614375,0.263208577822857,0.02015347469067865,0.03930853773460559,0.0006368906505905406,0.002099390313137604,0.002019755424702431,0.0025992524766513237,0.22337961646737972
46.278,0.0004728197540000825,0.0172515900737771,0.0041651211742639626,0.18787815985705147,0.001189295331189708,0.2647559331491594,0.0,0.004164972249091506,0.016587019001472993,0.014277827425820948,0.014982466528365613,0.0029986458125340816,0.0047555500090512084,0.006037966110454568,0.006418393972556391,0.000324009223624871,0.010244528159467836,0.0010019464304322834,0.010362502513555891,0.004570665249606841,0.004374055809078887,0.0023709817357101585,0.00838585909122117,0.01782951881248705,-0.005141231955533994,0.24528561024866055,0.0257562405743473,0.029962710669898,0.001860955458703854,0.004581466438672635,0.0005178785733009995,0.0030913061536829807,0.2013066081106611
46.778,-0.0038571497167810866,0.0010508525994230341,0.0005537148526293913,0.0866876032697426,0.0006825727647667074,0.1802329765336254,0.0,0.0038063640848591015,-0.0008736429030934362,0.0055627785366689185,0.0011309315101808487,0.0036512921313630437,0.000687741374727918,0.005473251340526653,-0.01922705297925996,0.017264239954982486,0.018468724668423586,-0.002398807023516242,0.007023855457427298,-0.006030466623935007,0.006115207192668893,0.0015506250880772056,0.004359270546034326,0.013560893800691153,0.007134180383109817,0.1607463205072415,0.005529407538853349,0.005578845640668329,0.0007186098394104529,0.0009742519822592034,5.4173669969443595e-05,-4.0779624281703274e-05,0.0855676859593826
47.278,0.00045839326633827134,0.003976071072819819,0.005215398361981334,0.14849982243745635,0.00027188285469599414,0.18166250711837723,0.0,-0.00688492677210849,0.009886565280446135,0.013933195641772478,0.012763580019840263,0.009785085114058132,0.008679550284911764,0.0004641739337947905,-0.014961227714485633,0.009736231701618166,0.01146579587943465,0.008836369982925904,0.017372509846778083,0.019527416555546802,0.004283307086004608,0.0010770921468584898,0.00726723405360124,0.02367280198378142,-0.005195368600618692,0.17838695482088796,0.015203236696372312,0.01915461600570734,0.00030510305946424633,0.0072599808134828,0.0028329823565525158,0.0014733007603648606,0.11717814228995749
47.777,-0.002712862412581736,0.008948264612570393,0.004190978766371397,0.10042798211992564,-0.0011745221557209358,0.18356031877881102,0.0,0.009663432496715297,0.007150995773191669,0.007636555002150027,0.003349552386321041,0.006535650955037026,0.005469595505749338,0.0037325483127828786,-0.0024392556150368227,-0.012225181149183686,0.00029467617312271046,0.007618720867350501,0.007748863789657779,0.02219263623594679,0.01738571173975437,0.003575943964425402,0.007265640468292891,0.013146945672053729,-0.0061412053415996525,0.17826507987159157,0.03345008168931349,0.0029624331341760565,-0.000737865231883767,0.0014639432185427842,0.0007662171537055544,-0.003155513183872535,0.10716470112797483
48.288,0.000441684932134136,0.007793658425777006,0.0052993777008146625,0.06108055475739906,0.0011277759141813525,0.16476999707660034,0.0,0.008498894176901058,0.00682066521127329,-0.002718279891224419,0.012702462417618184,0.0071058070335118595,0.010901471685485217,0.004763132949097665,0.008810761192985569,0.0081952155773355,-0.00783397235409926,0.015408682421483202,0.02366435516251098,0.011467657890474462,-0.00036519775933834523,0.0057914175508417525,0.015303350904312108,0.018197509452345884,-0.00035852085092871126,0.14085186960061527,0.08694419645691664,0.003340817545049225,0.0026346884953338547,0.0013038682799025045,0.0038730613619596373,1.5858742776277127e-05,0.03615432706329847
48.779,0.0018718235753934014,0.0014843939273315252,0.005452572138698512,0.07458500731402055,0.0005809342071459869,0.1899906973184152,0.0,0.011490080152495705,0.007435942007020126,0.008888925232612333,0.012488630563772172,0.005684140054552936,0.01175596019123721,0.003928171745355913,0.02490813698526894,0.015469644713236134,-0.005166860472423733,0.018556467382154943,-0.00408238944877045,0.026016767119112317,0.0019198804302021902,0.020927660461351097,-0.007207855176388873,0.015325219986104503,0.02584905789671701,0.17210068584052127,0.012446711647632901,0.01199932546944361,0.0025501239799182187,0.0019912195871683125,0.005368464734564332,0.0031135042174282156,0.10912533910436782
49.278,0.00333821458790458,0.008536950382003127,0.0036629137896208243,0.07453187878826735,0.0004304880138217749,0.23000976976647697,0.0,0.003365479024067042,0.0072754598970671165,0.008802108606111551,-0.0005632485269308417,0.012083006721719058,0.00985252192489293,0.0027375338937384243,0.02772777034005689,0.008716814333684196,0.017521710277096647,0.013811328967210604,0.016116621061453645,0.009413191488481782,0.009944170987085272,0.017569761144106428,-0.0043736919332904856,0.02501886925195845,0.037763810804084245,0.20948964583790988,0.049350260806844085,0.0019806289453372515,0.0018383286302931237,0.00042043041644634725,0.0026046148089016257,0.0014420892652314094,0.06192467234038598
49.788,0.001522139917556856,0.014842178824147503,0.006429456575209069,0.0009923030495598134,0.001238842845403834,0.2681018710344937,0.0,0.017279935702660787,0.0020896965416626182,0.007793721972569077,0.007358057210443812,0.013190499373008235,0.014010036303964333,-0.007545100678758015,0.02172110090273418,0.030193382606457826,0.001378127248047506,0.025936049398943582,0.0013584970342514116,0.02318021324326873,0.005595806359195806,0.023361171585946774,0.0066535101192119195,0.000520414521350682,0.016100439260849406,0.25415203997469155,0.055986291287399924,-0.002682314496895172,0.001921434208312953,0.0008808933561540227,0.0018470343973307128,0.002353879120881483,0.050220058056604865
50.277,0.0009504467780869737,0.007858872032344892,0.004971202875130028,0.0363196711351821,0.002258068846304109,0.2146992138113216,0.0,-0.0023413590883256,0.011005770793514575,0.010191036553271495,0.0035337721531831052,0.00856000930210083,0.010727538400480019,0.0006473069398310137,0.01128058896336981,0.0011304161089618515,-0.0007577387308868325,0.020274614612644057,0.017682558968030424,0.0019055705385050815,0.012375090746047625,0.01414522128520295,0.00040112585643027084,0.024430056505745524,0.029021543287814172,0.19588006984392642,0.037506825909930014,0.01796076949263161,0.005637864023805315,0.0062890055639082355,0.006373757031306375,0.000537553656502202,0.041221260685429764
50.778,0.004715772937706679,0.006519486579661729,0.008706842329719243,0.005453300863063135,0.004190763651174819,0.1891678531836765,0.0,0.017663658711483773,0.010852149148051713,0.0116490226401447,-0.0015495033865621758,0.010475413807460799,0.012780184303324438,0.004631957352275863,0.018996891089249953,0.007381607937134257,0.008058211379067969,0.02251827266676674,0.00020240045880606602,0.0005427325538427527,0.017850451340224893,0.011421528719253298,0.011273377927696336,0.018656728004677707,0.006918322040746375,0.19769128544431772,0.03261256168856759,0.010386013777359999,0.0058035394027376,0.004627876294080669,0.0037814085260023792,0.007064517226960947,0.012063114880369472
51.277,-0.00010151782595665592,0.008813034917345232,0.00641321564688999,0.025907635765823923,0.002253105247115728,0.21346186497759867,0.0,0.00026102701216968794,-0.0007446805261414107,7.041685843795565e-05,0.0036737803346882742,0.011303362399689383,0.011902580700390467,0.01680930901017107,0.01807399841835234,0.009233260323043183,0.011716913317217867,-0.001182254568137542,0.0023755818967224245,0.011233467395905836,0.01210289804973671,0.026068694488652334,-0.011141590253160935,0.023401949391631958,0.013563043592021656,0.20740399930373965,0.017653449553323076,0.016430584619613393,0.0037602926214943904,0.0025131990592083056,0.004719483549426118,0.004569652087423104,0.007348359002769871
51.778,0.006201363116238697,0.008982863484728782,0.0046561971692725135,0.013527967138002544,0.004319695035997901,0.20557101709739964,0.0,0.006047280122193225,0.004829637150816604,0.010970976802761967,0.006881095976566823,0.00840867974601162,0.005476236250841538,0.0017939344186696786,0.019818971918661565,0.02158506878714718,0.020262797463423483,0.0012467832027317732,0.02450381489191657,0.03256328779628269,0.00963232885291849,0.008582560983295334,0.0099320121470799,0.03297939265257592,0.028289274853232852,0.2046607631169734,0.0201510502122219,0.02375727196108464,0.008536923416107152,-0.0008783792619143868,0.010824880602777802,0.005750973599636419,0.01094145482749272
52.285,0.0003300178550377731,0.0006179001116509106,0.004155435964765853,0.07874695431570317,0.0028889736927497343,0.1704998953996042,0.0,0.001275986394624123,0.0044697944236614445,0.01290748750991788,0.01080034889261451,0.005327636449248083,0.010512994658360796,0.008469149592420358,0.009312235876000137,0.006883483585282768,0.026762835693194514,0.003673039118261276,0.015102015673475506,-0.00968625761304604,4.0865050278847264e-05,0.017221163881115414,0.0030617748605235953,0.01421929401964149,0.02533476458881342,0.15537989545120603,0.036646524976984646,0.003736563355167719,0.0063650205858277525,0.004685404799784511,0.003927789183772228,0.0009045858583208091,0.09891234067487388
52.778,0.00866384047730042,0.017311801558898658,0.006925155277294383,0.11001309432551766,0.0043832442339662115,0.18023951476272063,0.0,0.011661279382158855,0.008434016708814274,0.011774075458441018,0.01005896291826912,0.009697811020615163,0.008127965001967169,0.01965797905650425,0.005902096282944195,0.003415045628097027,0.013522472771237729,0.019509378259805366,0.03208314753865013,0.02848126466877185,0.020660278338575096,0.015232341545307537,0.023092828594505864,0.03217351248625313,0.014145035324172025,0.16453455897938007,0.07703891352317083,0.017736687636155636,0.006759294461542333,0.006784726974968914,0.0033412086783889614,0.010307925216426808,0.09733118913483961
53.288,0.010743766173679075,0.014018828336941949,0.005438294253676075,0.20994889311053072,0.004454856974932425,0.12022547202037434,0.0,0.0009719322178921869,0.006729374215888284,0.006714945778598497,0.011425760122534932,0.007196443230861726,0.010694261268859384,0.016073093530563916,0.03217312174311988,0.007603333036909935,0.013039258753843892,0.025042760546538305,0.026362137824650196,0.0289174059344833,0.024262207465464786,0.013860180782703818,0.020956097738088177,0.0236186752053953,0.014894048245025328,0.10688689592662208,0.05012848781089946,0.018084408340096402,0.004176997356359569,0.004047652302856758,0.0026130030937859304,0.0034875541127304924,0.24990161061822938
53.776,0.0030778606791816774,0.012962452062756381,0.006578133047296804,0.18725884250801414,0.0041362158749136705,0.1264624890737483,0.0,0.007051416232809915,0.006575794069600072,0.011338322698441747,0.010006094210338892,0.01127964027752599,0.007340407395258791,0.009377436432911232,0.0025634502483630433,0.003239253704692476,0.009326628793778307,0.03517119088121089,0.016620043880088038,0.018615088654767208,0.012491441179415483,0.019026627561036156,0.0066594595692198106,0.006908627867497997,0.015850411932351628,0.1147836595749979,0.026732120593564803,0.02100546172418615,0.004627725166147512,0.002907248239714283,0.006173523499428939,0.003450814923640974,0.2234308403952187
54.287,0.009335749696762609,0.0030248904514437853,0.009807736466733179,0.15879071073566214,0.005265975914213567,0.07073974799586757,0.0,0.020263933406837128,0.007593332920819648,0.008083225761081147,0.018530676729362393,0.011554262053527024,0.01197153034466683,0.0002912614727006295,-0.00015607947329423092,0.013920529152530848,0.021915985676598675,0.029375184502378016,0.020424738003378143,0.04041843354709903,0.012844620775837876,0.01886722219387801,0.004194244517003918,0.03354985683486861,0.03644793871073389,0.07480419484224264,0.026901146772832875,0.005425495093334342,0.012128849084726787,0.007497518441698421,0.008684510256414634,0.005121474380101615,0.17935355610380757
54.778,0.008297237763251912,0.01641064889908123,0.005872005726132961,0.14214889733226413,0.0037584953573367246,0.0932673593346934,0.0,0.002941319297081272,0.013502199848375723,0.007541604285564489,0.009554696447944749,0.00552390816285511,0.01850555246628116,0.00929607601427526,0.025318347909832777,0.015957188298130004,0.01220299931740688,0.029112747291968742,0.030774324847059498,0.037750683326324634,0.0040064155583515735,0.02549752246781485,0.015227064821219662,0.001440625148015859,0.030002946478625003,0.11038282710817729,0.06063407326882569,0.037074297951316566,0.005015712803558793,0.004801390002935759,0.00567107830685535,0.00335746266489723,0.1225399117639641
55.279,0.009550444661910998,3.138460115871689e-05,0.0005811970968992794,0.11673639802552165,0.00260603985870682,0.13992233483483546,0.0,0.008274892396170618,0.003363276786836048,0.013949314489929806,0.005682001331581368,0.00010596142154270496,0.005197377285487556,-0.0013266396479728261,0.01419878628929645,0.009691257946627804,0.02509234390530639,0.021830298767304575,0.008499056520798819,0.024990549847163205,0.010601553846904569,0.018178952982891457,0.017919239266217628,0.0006114048507454192,0.0407496003800972,0.1365374816302425,0.009019166648971505,0.02344820116626601,0.002209377745316193,0.0029715952852973765,0.006100242490768369,0.009297179073673653,0.11791735865944479
55.777,0.013678062937335441,0.003951211782382787,0.0002986162953325636,0.04925724353317962,0.0016393695039205233,0.10503037798925487,0.0,0.0006069882278484456,0.0005099004709293592,0.015738099487344497,0.006846105233173885,0.0010340854867128097,-0.006884847573906482,0.01177379314103365,0.023347306570540318,0.020637132295309328,0.037760913689510844,0.03497776222521308,0.03476960716874226,0.01714970721155878,0.026337097405967385,0.012063219641028857,0.004307363687159383,0.02415470528454362,0.03511673744885355,0.10776627573656583,0.0016926357337062967,0.04057218467285497,0.007021474168957377,0.0014511315909257754,0.0044224351529906815,0.003033206641474716,0.04820548435589882
56.279,0.004904519138810464,0.008796940276121615,0.005103739922817711,0.10230975529426341,0.0023811132113493116,0.13628420133622166,0.0,0.006004113124586004,0.004442924792974137,0.014503585679696668,0.015986732035778464,0.003996741107299004,0.006345709883034949,0.005227372823495775,0.002680817188561827,0.019783711012199414,0.022140500782999954,0.04083882259382541,0.04394465330538315,0.013061062268039244,0.02126265665055207,-0.00549468093100361,0.0003044432202682462,0.006007613008683358,0.03668907333027964,0.1254771067293698,0.03216851640312834,0.020615129008755936,0.00280626761550011,0.0030365284104851885,0.00022345043374012862,0.010241404512443042,0.11013271682605671
56.778,0.0020875753608501153,-0.0014402024879868569,0.003327435176246696,0.06749859644952755,0.0020992632858841762,0.13194598269841695,0.0,0.00175936832613668,0.015889780492298493,0.011157412340827455,0.00553937334951422,0.004283561263857241,0.007165485025299525,0.016043506047251032,0.02012893747687674,0.024509934148989256,0.0029289802651381353,0.005539369599620032,-0.010771036589672853,0.018155066679297383,0.031028848440533965,-0.010024582043112537,0.006393434933981089,0.0013776898178247741,0.009620371229723,0.1179706184496871,-0.004352491886673223,0.010005539630739545,0.007626176970414869,0.003934203633057916,0.0015169621129266049,0.0022087013790346144,0.1080049594426539
57.277,0.008652325686206259,0.007843467169706778,0.006445462528115251,0.07109211818925905,0.0021202903843882195,0.15032803607876852,0.0,0.01433037991876191,0.003917404708298611,0.0012511551146956045,0.011415289476711889,0.012006524092073366,0.014860470034108482,0.004207583271790217,-0.0008558955737765496,0.018973974230381208,0.02503422432337681,0.015629729782844926,0.008376278061644421,0.03583611406905048,0.008445815566686396,0.014954441985186799,0.01912438753216933,0.010651068042755165,0.02057377246771008,0.12023437671833594,0.040647569510026585,-0.003417668299273672,0.0038448813173925346,0.003830066433018777,0.004629994985877273,0.0037492615663341643,0.10780761510802973
57.777,0.013201251540129933,0.011231149673025746,0.00556006612945621,0.016698329077568404,0.004188093818717779,0.26713019260098897,0.0,0.00309462642307414,0.00783525318834207,0.0041620718010871634,0.00282152928736765,0.009853742283576964,0.010617694694421075,0.012714489826309567,0.01634746458336475,0.013567069152369536,-0.00012560190399221076,0.014426614674779408,0.017101800630381015,0.04722875555840209,0.03573430749313918,0.0264151328722798,0.019359679244140053,0.030459456141350958,0.016737642337376166,0.24614484373589393,0.046831206417908146,0.008885643081723472,0.006503121221721314,-0.00014364528700303416,0.0035675010788923786,0.004674172877141075,0.030783418473576858
58.278,0.007670367842519335,0.0027186607791337344,0.0060969372539432624,0.011948417757627651,0.0020241687523643516,0.2893191845526311,0.0,0.010063337851822434,0.0003805799606218877,0.009339887061808072,0.007181763624310932,0.010046862594959675,0.01850776196458403,0.0033915388726332876,0.0038969868894259702,0.019540669364845005,0.007580863762422894,0.03241149675545061,0.012947895299155488,0.02975344754687841,0.006874478104393282,0.035272419416694074,0.005842968486484221,0.009749023191437346,0.03380447521767803,0.27596070912184867,0.023173703166389465,0.007002719289195454,0.00467803568013202,0.005151437806651299,-0.00036972327697266217,0.003703394739438591,-0.006007818284799505
58.778,0.0002217613404464896,0.010928918232229237,0.003274718136176773,-0.01904655691902708,0.0012960008884263284,0.2547700440532841,0.0,0.00537984229963891,0.001227724679326541,-0.0032547818035047952,0.004636431184646485,0.007195406267417227,0.014511568018260151,0.005794470470715506,0.0052697046049835885,0.011611193058963583,0.013493448501318901,0.01419268867440248,0.032550073402375465,-0.0019662222950680482,0.0021851773192083594,0.013257394293599218,-0.0010961290765922548,-0.0017633980710225086,0.013010219149792255,0.242295652124148,0.07132093412124481,0.007959767306583222,0.0020674363236678115,0.003843081730013591,0.003071209615286758,-0.00010534868813978644,-0.005455840974406556
59.286,0.0013290688197878915,0.010611562480350287,0.006858516047879509,0.055828067116473014,0.0024920996750151464,0.1878629383421018,0.0,0.019980549142806364,0.01081533607360608,0.006717562600388715,0.014072648743312694,0.008191318853762187,0.015165001389116268,0.005515197972404943,0.017318482768309135,0.004517511276598358,0.0036230868618640595,0.020577260211066532,0.017864455198370797,0.0007135799201858012,0.0037080395064505224,0.014442340757918407,0.019726170059529778,-0.02195077924464078,0.020864814662519767,0.18032365708815026,0.054662786149086345,0.01067899813289247,0.004226586247983322,0.0005942212890317103,0.0008956276184342806,0.007972194234917197,0.06629252877581328
59.778,-0.001200350444857121,-0.006531456733841518,0.002900903150747614,-0.0107805189285879,0.001340954475798807,0.20902382060778218,0.0,0.009576112697102186,0.009443185787025889,0.007474188315680705,0.0031073326481570337,0.003989357886704466,0.004899974955675302,0.00039305378286199765,0.007701958770502753,0.02422637448477131,0.0031969785203974296,0.01554695650513549,-0.00514022881100121,0.015200918927703344,0.0003959450872409664,0.007902330985732254,0.008119593734958666,0.0019372267905336184,0.020721310522073287,0.18800210017695715,0.01974778002977652,0.003339742118941803,0.00327696845912993,0.007555408528062229,0.005629812008350757,0.003733979399332118,0.008220940750871552
60.278,0.017826009395898974,0.00360084394050796,0.004312230265935755,0.019449714518547708,0.002872062474641584,0.2335576201219831,0.0,0.014597428665799304,0.004967706341523412,0.016640453520081304,0.01381441794082536,0.003501837948016345,0.00981717667044644,0.023129752292424872,0.02545673470067388,0.037892625312823926,0.023115300241810563,0.04403245105945851,0.022018693457588542,0.03194719970579334,0.02550603430385296,0.027446704170857508,0.015342419619520774,0.033033235805498835,0.015029540953717979,0.21583062842275968,0.015704376053409127,0.014305116160611578,0.005439484163666605,0.005662649679128547,0.003483516992230034,0.0019181865363730823,0.03373587475962216
60.785,0.0049672975468894685,0.0006675872957552858,0.0001539478503954873,0.026373729749545986,0.0012239891594048112,0.2108265115325867,0.0,0.005491209660217141,0.0008194860233103226,0.0126059800659473,0.009155851611011253,-0.0022350174135630507,0.004108378785367516,-0.019036407127463482,0.024042545247055676,0.0009837125184176479,0.01779375019384661,0.0033559585402238063,0.014362264240845494,0.017780564666708767,0.010953001060411399,0.005346584802857427,0.006467525023791917,0.023067793836102347,0.006623334682384893,0.2010295682391602,0.029941360998784264,0.00024917112303056183,0.004948999914251762,-0.00044768908509803997,0.0024296864173959723,0.0019169850477369647,0.009079007224923653
61.281,0.011082782844867876,0.014483137882115476,0.0013692197789388048,0.006568392120494269,0.0034435388340852743,0.17899834864437125,0.0,0.015911016154916156,-0.0005954658548517053,0.008548055059982712,0.014481572489561367,0.0028513396949225323,0.008418161071559273,0.007202855260687297,0.00466819008651365,0.01837273812504604,0.014013359500375461,-0.0033017281438262385,0.011196839085869655,0.024385689293177498,0.031140460872703418,0.014440997579135823,0.01890322054749393,0.01253957656038648,0.02438909643134273,0.18417494509569263,0.07126105072789513,0.019158281803496154,0.005577329921743345,0.0071377011050369615,0.0077005125647225245,0.0044928318385913275,0.013306552080406495
61.783,0.010805586390432439,0.00896923949548281,0.00337671255965257,-0.007442563907819929,0.0010205557189657082,0.2297168144519803,0.0,0.007498619444434113,0.000353107626563839,0.012435117965088935,0.018357397269117292,0.00570332415799954,0.010311230977075817,0.008440857510772533,0.02085149690480543,0.009985561226956388,0.0322688435024249,0.017692657182281957,0.010479217923082526,0.005977824259595211,0.014409352139412456,0.03130122601382335,0.01998902121707189,0.016282047219481614,0.03730009760436477,0.21518865207302676,0.05656714513564624,0.012716055667304377,6.439750763298293e-05,0.0005364139933261745,0.00287131439772086,0.0036456736455734093,0.018512447009167883
62.286,0.002991958138029673,0.005038171116302626,0.0034452494492865976,0.03375395649815027,0.00018728672379829088,0.19171132588453743,0.0,0.012397676253059275,0.002818504566532144,-0.000994207694888679,0.010880203684943184,0.006712853821564093,0.013859465429046355,0.013243865334873359,0.0012068743784871135,-0.0017882330549546582,0.020196845052752318,0.026999290245318257,0.005534923139417172,0.0070658530409737986,0.009870420372849657,0.014664517721236666,0.023459672743293303,0.029314510788755386,0.025420250517869353,0.1906380423710369,0.05324684275764678,0.009532807187326147,0.0018225579417199818,0.0017507661429130633,-0.0031467707674227266,-0.0027071164373056694,0.04026881117845838
62.788,0.008851628454128091,0.00637860139476667,0.006507269587047822,0.02708709013409461,0.0025758221778159427,0.24982924321434902,0.0,0.013759121604644792,0.00557853006727677,0.0044578852688219725,0.02166586763760319,0.01260778940598977,0.007316279170101914,0.01630519619912043,0.008145651152980962,0.016269932624062115,0.017270865569144228,-0.01388110063840789,0.013186131832445637,0.03145948351702362,0.020245213875995902,0.025291635319080845,0.004608968242552436,0.02092292651171484,0.010383627795835463,0.25413962587887134,0.05033845006701379,-0.0077907595339148025,0.0034345551043116315,0.0063442755213847825,0.0035880620174064265,0.003339577290532782,-0.014282091631941388
63.279,0.0068632156765350725,0.004683413688614504,0.005943117817325026,-0.003969212198239467,0.0012896843743382574,0.2684641926833019,0.0,0.0030486460382126252,0.004427741037058316,0.01346470201432832,0.012506360705599398,0.008574374091807712,0.010265034669741066,0.01626836965461171,0.012495464395854571,0.02639088050012787,0.034392296768407306,0.0019742503481542484,0.017311810182271608,0.025586897200601318,-0.001860550242139106,0.026167533484650052,0.008587544665911821,-0.018355169479615057,-0.0024796417985136444,0.26380718639719586,0.03113622272628339,0.01950733428135883,0.004825205021139673,0.004517726979174258,0.0020642948231713505,0.0012156268210294023,-0.0016948243297516992
63.793,0.0035292503331843038,0.0022706444669917682,0.0033633193168424143,-0.023002210691541396,0.001502314074560374,0.23696926618450273,0.0,0.006803245983988153,-0.0028806222241813456,0.004775728776232997,0.011951926527464891,0.008198764339161183,0.011053916549755512,0.008548346812495581,0.00401824531392128,0.023143036151195274,0.007438099214371471,0.02612997594648303,0.003897313687339925,0.01635137677785463,0.009391847068654143,0.013488476582641493,0.015842988758019785,0.02148124895905724,-0.010138726916092836,0.248533449785509,0.030101002250906356,-0.0004983146537008209,0.001095075931927398,0.005869624122165321,-0.0011294011493266877,6.25610844749167e-05,-0.015502050465006106
64.278,0.008055175740978889,0.013419592238274878,0.0007800133783223949,0.003496484602663658,0.0005719757071670783,0.19635817373282693,0.0,0.009430821041782498,0.003099894358949854,0.00352117391638258,0.01665016437588169,0.0019047152072028555,0.0017633990647235426,0.014098719165648255,0.0262536943331824,-0.009382576431578209,0.02076708383850265,0.02840401202760108,0.016022564821302442,0.014262733039857674,0.010707345208925452,0.014605316339690403,0.007105885801648656,0.028630561510191416,0.023305627094687937,0.2117353461130614,0.040431094507907404,0.033909656805070305,-0.001383491248598687,0.0035545588298615057,0.006967474503372733,0.0013297340665037185,0.0007629295547025362
64.778,0.015431733861459188,0.01190965575708405,0.0014639195926666733,0.023057050166761916,0.002818230193406305,0.27158199960866514,0.0,0.010917019140214125,0.004288765798622786,0.010945898744897976,-0.0005342605077152811,0.0034927520754573058,0.004918586771333571,0.01728247608852958,0.014516132303066785,0.014382831015792553,0.003598077057965015,0.035155330780165875,0.025434982120286834,0.014660443357755747,0.022088796816629667,0.013172845622197506,0.029409542511200294,0.0497206145006614,0.030088706260160494,0.2774411031362195,0.03763107061208947,0.034562672459035534,0.006760229251631655,0.0029775542998112504,0.0045261431186352005,0.005905237681659239,0.01373434244036425
65.288,0.00698012137745564,0.018552443557956533,0.0035751675052474734,0.007884934245147681,0.0027571526902732636,0.2768206353584104,0.0,0.028267742226900355,0.0011630173745966479,0.004341838947430823,0.012722273547316589,0.008109490903969764,0.010870352083614164,0.02473771013520447,0.017773251385643236,0.015113960052203943,0.00037384050709875227,0.02051293930849659,0.018000572771531755,0.0050647238537316385,0.015383851443625779,0.00328106509006854,0.014821635477116294,0.03221542819099985,0.00908668497289542,0.2847127188272914,0.015712431885740903,0.032943176956032355,0.003217510284424257,0.005521370580457177,0.001934467852535967,0.0023775297845395767,0.02797939810015898
65.778,0.010295238497870158,0.006229625736202964,0.005580551306534326,0.02212726594485719,0.001519880234979369,0.26579287518097244,0.0,0.019003959123128123,0.006366305900834197,0.006993002262141567,0.016048212292113038,0.009825842122090468,0.014346351059856191,0.022706198724299635,0.017229010601672475,0.011113045423513773,0.01341230109473993,0.02066642137084927,0.035278983346529784,0.0034824972328975,0.017705865568537982,0.004623882791204908,0.02351044411621915,0.014063194591188316,0.02937359622415608,0.25959532152368103,0.008642884452389853,0.0162101671168552,7.935381734175698e-05,0.004990824671843008,0.0024472364544390625,0.0039606425952504664,0.03633532245859362
66.278,-8.716998887998502e-05,0.013736557413398423,0.0018800421725629409,0.047639866518845254,0.0009807131598772434,0.18939381232517827,0.0,0.019587364064210286,0.0017672561812103263,-0.004672506839607691,0.0007051017403501196,0.004513988089457358,0.01095946530208305,-0.0007489580726587616,0.020773288700559507,0.009162929821672819,0.010432136913452553,-0.009062810617244472,-0.007517002707010444,0.00011240814429209762,0.02891998218499606,0.015475774361133881,-0.0052254055227834995,0.003265588305023071,0.010436306186483321,0.15734223740747677,0.03463327855737472,0.01444322361635864,0.0012065560300617614,0.0018177137359990058,0.0026563987650256686,0.0008978395549030903,0.06357270321436549
66.777,0.004520340400183155,0.014047603047869279,0.004227533170474449,0.01187720512661635,0.0004912167685144491,0.21100988679158791,0.0,0.0028612883027328514,0.009371509944046511,0.006430162362708135,0.008035642814054004,0.005842231174322635,0.00889292372801373,0.020918929918014254,0.022916647008874892,0.007209608905429542,0.011950611919139072,0.010169938951799972,0.0036743096133918986,0.00678059263735749,0.01880565701210948,-0.0005691038046042594,0.0025121567526582293,0.020465238063007825,-0.011703731972039706,0.22638761884040995,0.0183353895364289,0.014832307966208793,0.0042813159846201015,0.003296649252935159,-0.0028629432600680666,4.0968934276607296e-05,0.0440018079880482
67.285,0.007420066257219654,0.012445305142356285,0.003154210159633511,0.03250164539982261,0.00031199346607730153,0.19846219846377897,0.0,0.020077032217312833,-0.005482361508334022,0.0051758416095429305,0.02456938986081802,0.0032990545579771125,0.01371625129663231,0.007164427393940234,0.027460917906941825,0.0011357955228020525,0.014708399306625654,0.008917712835668274,0.019714857262881656,0.009499518119739227,4.32941715728488e-06,0.017366582787670247,0.009100066369488752,0.02224706486278348,0.009989385844414363,0.1927271713861289,0.07878090129870828,0.024030397447841582,-0.0015548214576182851,0.002146127008581148,0.004004548100392302,0.0004460570844205265,0.037710643681098256
67.778,-0.001856892518880111,0.022239364984007325,0.010093837000040665,0.05037009141394325,0.0003361279176321358,0.15465914846423154,0.0,0.01652627162104124,0.0005012483621734696,-0.00554440595898446,0.025152751495106315,0.016667257972045105,0.03309681949727624,0.00349388038460829,0.023927478570849224,0.015476556962807829,3.015576136334588e-05,0.0038653882075954465,-0.012637589396879808,0.013726560121447958,-0.009160014114036013,0.020451071676468237,0.005040318308850879,0.0024016961412938217,0.000250869604532247,0.173404038475683,0.07994805288789707,0.02862690298475301,0.005520554925905405,0.0018964883259758062,0.0008431868100209038,0.0005664566881650054,0.04158364038883118
68.278,0.018180457767051295,0.021047160573866002,0.009047019731896097,0.09823860330957819,0.002152717700830514,0.19618165695761855,0.0,0.03820291722817828,0.006209355969583637,0.012070627576803964,0.012222243581677377,0.009137035049623782,0.018564562161528093,0.012615637524119462,0.020890603990348044,0.0232122348722152,0.03881022249558304,0.04859938160994109,0.019123426428007854,0.010691675263841372,0.009131333582785454,0.02407478284835226,0.04094674081215003,0.038816667332728254,0.02224946912223297,0.20860935910202702,0.07889826408600156,0.03412499920857251,0.003110020534465135,0.0023922549347943104,0.0045290897766781125,0.003926403402071068,0.12180662192969972
68.787,0.00307171691214888,0.003167816832207238,0.0019164923036814243,0.0786823201494893,-0.00030572086519712195,0.16300345332521976,0.0,0.017143246858735806,0.007707778176334396,0.0019226123162303544,6.278115082420894e-05,0.008786833637427698,0.011994586330340328,0.013007219344456124,0.01796073534880891,-0.0011508011821495404,-0.004492363069215202,0.020939532502700395,0.005138902483758808,0.025507359967273557,-0.006391734570671357,0.010480878840500342,0.034292235508708635,0.011576132410571871,0.02437236086560804,0.12916306681085163,0.03160590573962699,0.004505432261670087,-0.0014585809837631336,0.0017552596567121524,0.0007433755442115655,0.002948809876964225,0.07605043048619337
69.277,0.007933371740151905,-0.0053553766074279,0.004016584662585482,0.06856605587790329,0.0015767445058362402,0.11908830161235778,0.0,0.0063988378371935715,0.00688173821819123,0.013855707974438742,0.021774065096338134,0.005223012301031323,0.01176498926165336,0.01753586154815155,0.005341153192164397,0.018112760089370974,0.018168327382497615,-0.0008335635594608066,0.026830055985809873,0.04651797095716381,0.01059004117018351,0.025681626375984597,0.025923862951127367,0.002854795679865584,0.012732264984257008,0.11607788458747571,-0.007963500347544577,0.019359672744485457,0.005736296412649926,0.004831371990782097,0.0023617044004834685,-0.00014943089296857697,0.08960941256310655
69.778,0.01023294217354765,0.002529949893553344,0.0006056094108181047,0.0820562300024049,0.0003449430127414822,0.04479657858903568,0.0,0.010008237655335851,0.011238220851976297,0.018146727536286548,0.00863661073260673,-3.535655624572055e-05,-0.005369382828577887,0.0147846332554118,0.013514604083575502,0.009932597024197819,0.026500736129970122,0.02583608319393264,0.012939103596257983,0.018816248721288984,0.017579840235349243,0.016700195963578406,0.02253865983006147,0.01410998494388899,0.018103678788749345,0.04706592474251261,0.01623352489770337,0.009051438104319279,0.0028089093802405873,0.0022759456495430523,0.0014472853164744803,-0.0009145316672674242,0.10480141490492612
70.278,0.007002561107299055,0.003976334763538289,-0.0007649989405856701,0.056261429190513065,0.00209686042684651,0.030354614966688634,0.0,-0.007513694999467379,0.010370594757881968,0.012725346698097856,-0.010843065603834114,0.002000687211648384,0.003734401442520049,0.010930818815842224,0.014383034429600506,0.0032155995683267927,0.009636485987503043,0.027410364422764615,0.013159430880255807,0.02296462692227225,0.003597650691374342,0.012674414229833317,0.032047407597571353,0.025940375986068447,0.017058005043039635,0.03165632684977793,-0.01311905619706384,0.011680754579271622,0.005773662904475971,0.002085849428473691,-0.0006558516765715485,0.004233419644357165,0.06596369934477739
70.778,0.012432508449410396,0.010419675799224754,0.0002124055106941229,0.07078166932086621,0.002138643719281033,0.06815976872318424,0.0,0.0074584832726366625,0.012478507275544766,0.011048671703880686,0.0006147283980648105,-0.0008188537040400751,0.001128439725865251,0.016842117160810813,0.013763767376199871,0.001649008259230527,0.023985143931792654,0.012878173139282613,0.018672112094256142,0.02470868777424134,0.014345130964091813,0.019664158774340912,0.02027814474730639,0.02450301142654575,0.019878103831909525,0.055857526712066494,0.02254301499212222,0.02327232113864022,0.002136545337084297,0.001573535255532002,0.003653518909690603,0.002681798188392579,0.09008673922995726
71.279,0.010878607545535593,0.01225384580168302,-0.0010043368282037666,0.058975809141570655,0.0022801335892919596,0.059614369172285755,0.0,0.0013390880281594127,0.006682633916776982,0.010399249431036385,0.006340270663828404,0.0008773604583426686,0.003038925990667927,0.0071391397123226315,0.007423859999619831,0.009827122130425756,0.036722863090270584,0.02599170627887622,0.022541657599409657,0.024565447058931107,0.020028014363492525,0.0016086695344629397,0.013721904040919967,0.026757518225863343,0.02616552243507208,0.06919054777547373,0.06023043428864637,0.030446799508440866,0.005517782395519611,0.0022675166735792456,0.002861504706112376,0.007405101745729107,0.07672864165747538
71.779,0.006649588734083401,0.008381136233170777,0.00252646639155725,0.06800681460167587,-0.0003045487955347035,0.09322075690746853,0.0,0.011723318420910215,0.006156509761536927,0.0040528310249871155,0.01788428250653976,0.004433602426271018,-0.0006416151568171306,0.004643230199184256,0.012434403059033192,0.011357357763110459,0.008785607133282063,0.0038186700406290003,0.026034847769727844,0.013407938713164022,0.03116720864948062,0.010367904275226558,0.02629316111711877,0.009928335450108126,0.00960407126458791,0.09384706479197001,0.06221837868743129,0.0063171210975903275,-0.000956866732156377,0.0016952352276998052,0.0019513196139123988,0.00037635338878600893,0.10384945022163533
72.278,0.009337686521663141,0.01382323204534592,0.0056315703758885345,0.05859529302364879,-0.00017430415386456425,0.08820259481707088,0.0,0.006705647127660846,0.009972990712824613,-0.0016308560518969023,0.01983068002255243,0.00808921566452309,0.01692555739464552,0.004372148785412754,0.020510405200225682,0.0076667417147483,0.012627900359369698,0.012247885473710982,0.028504549713694028,0.02495701201281505,0.010697754371468885,0.017383857219072926,0.016706375020402415,-0.0037349861439847586,0.023537828390231583,0.0949305042052329,0.05632173634259196,0.01071689313758054,0.005133121875016896,-0.0008753181958971885,0.0012708653846916845,0.0015986164698262072,0.08256549638347221
72.789,0.009144033874854584,0.00946654327636845,0.0023340316651642118,0.08736783492285713,0.0005580522109706213,0.127173706230682,0.0,0.00593783728021622,0.005671318153543547,0.003803374390191105,0.00530701100531745,0.00517810807707402,0.012742561233791317,0.006022386837017588,0.030100091042172275,0.009940237531367104,0.007135546304982053,0.005666650483001195,0.00785468408087299,0.006519565755690478,0.018452974986152167,0.014078608944682366,0.02667267584019979,0.03181164833367959,0.02138417256202089,0.1118114417261077,0.04566538894683995,0.022500177284747108,0.005440650388791992,-0.00023134001489500273,0.0038773710150466945,0.0011416137414387,0.09269965398631959
73.279,0.003278667078860696,-0.004529335966060206,-0.0026786592784582538,0.07332593442448478,-0.00012145262611481054,0.07681475562766271,0.0,-0.002087832751357124,0.0035187938404567668,0.008978141599143138,-0.004519112776760599,0.0002741332373494635,0.0050882361036417205,0.017408881772584543,0.014246980937109835,0.00330299021479482,0.016380689206833287,0.024207314821928047,0.014137385367553976,0.01704315367284881,0.01597328322691494,0.008198542619697751,0.009504784944973423,0.014900792950548126,0.005499610666254597,0.07029923281212284,0.003676725677106205,0.012529370499840164,0.002849144375482247,-0.0002958102149165486,0.00025299473356962213,0.0019300274626915938,0.08497025843982761
73.778,0.007191944778961769,0.005646124035670161,0.00022066318479507772,0.1024560599984943,0.0009113833017478535,0.10503885584667771,0.0,0.012770769522329004,0.00819699978765393,0.0073584744060557,0.0026155173803890175,0.004795961776282287,0.000969518444145736,0.014968098131076885,0.010136015095718973,0.012872235152936598,0.013532622122878903,0.004021315917362009,0.03118432175729914,0.013584026106043295,0.032846566699660275,0.008184807566977415,0.011887135852662975,0.030386830867193505,0.019832092231177535,0.11379714580119756,0.002167459829280566,0.020285248124096197,0.004401856040421101,0.0012961871406936849,0.0012304792047901044,-0.00018992616454471201,0.10899192407525236
74.278,0.010114956305696466,0.01101405319335635,0.0009494945840391157,0.14566490472103322,0.0014130859182386593,0.1217314862910361,0.0,0.01573508308262778,0.00950460714225156,0.010892194978936103,0.012894598349512374,-0.00033873504338649964,0.0012686309970904317,0.016088822639431198,0.0035667782618385635,0.026922237920855963,0.017664515426639778,0.012290255266542892,0.02588075304871806,0.013884926213740094,0.04185884927129525,-0.01229848692142553,0.026981871229481848,0.02652939973697296,0.02025318941128137,0.13729207255279086,0.03767016746484618,0.02729888669623872,0.0019740320174063256,0.003106487764932183,0.001343479722498553,0.0013510794986324225,0.14524666879012288
74.789,0.007489916094095415,0.009068961679242631,-0.002479116095199006,0.12808285942898576,-0.00044506748622509664,0.08400798995278001,0.0,3.976713920661142e-05,0.004951016256630571,0.008495958621612069,-0.002026439683133653,0.00020155664745058228,-0.0036631891149654745,0.0097741997515265,0.021236440765297272,0.0032353787377802667,0.024096881052165,0.02835865151597934,0.02415928034751663,0.009097688234145475,0.0292209475082899,-0.012624784683118447,0.014573518012241705,0.03407590486559904,0.015270978076900444,0.0728298747079204,0.019497573095446266,0.03288284895750556,0.0004704351437665222,-1.5975192504732202e-05,0.0019312782216291545,0.006682579021443557,0.16093988266945064
75.277,0.013313768193455628,-0.0037768003331235655,0.003468108257324465,0.10907389612885647,0.004784842280199818,0.12451595300199018,0.0,0.010494389864887415,0.015094162819264147,0.018462466621760577,0.0004905305025724443,0.007469462304874455,0.006600738587457125,0.009703710486886584,0.019717624584192118,0.007156185106672474,0.036086264337102665,0.02349647519662314,0.009980212260336503,0.014761357597254282,0.018539932815760624,0.028445294974671288,0.020302864189926936,0.035586220671452395,0.012661859768410824,0.10968365487800591,-0.008055215410202881,-0.0044529304309480966,0.00956705034029475,0.0014290762626754173,0.005138820895690288,0.007363435242194029,0.12627857595320707
75.788,0.01047301248462643,0.008684733551644674,0.003363507539879791,0.17877942335210711,0.0026180780529595563,0.09907209186850598,0.0,0.02130899796400315,0.006878152524082186,0.013762342180128995,0.005351374879264243,0.0024909615975236645,0.0003609085257097624,0.019437565978915557,0.027479111345797252,0.026068460245570902,0.019660471217944286,0.010901984408744838,0.009452902671806507,-0.0007192455207002898,0.024299596833960397,0.01891281375261888,0.01520016098459925,0.020125425391534765,0.03138578148454162,0.08908630382525268,0.006636929376519,0.02054209431587727,0.006236296217006867,0.002459994719595328,-0.0009651763074141885,0.0010551202673277455,0.1853432051731881
76.278,0.015987297569739142,0.013515855656392382,0.003751540850102118,0.20562661876765634,0.004848404101125801,0.1655200437847884,0.0,0.016592642878701717,0.015597837098162528,0.007862254595911963,0.010801053646820637,0.0058494659676428026,0.0009196589482290701,0.010511196364203354,0.04066282132965612,0.03298099956533493,0.0047481099649052585,0.01945749244440415,0.0472171367460941,0.02101743030054388,0.03888327859342111,0.011397784511774213,0.023333598381330516,0.024333226564811784,0.0191230957634615,0.12729291778450585,0.04517923250888245,0.009670891945650403,0.007498801132844034,0.005432147986860991,0.007661863522808985,0.0034409846706768827,0.24618811358975737
76.778,0.004605186860856574,0.005253587097526072,0.004138882671381552,0.10917165329304959,0.003469105972652414,0.08178357803695527,0.0,0.010771743147865123,0.012502314042825915,0.00016735924117103836,0.014797271228152671,0.005452949781028031,0.010744784155691932,0.004400437429465299,0.018894158914282328,0.010413799550973862,-0.0016701678324673342,-0.0012384844462272118,0.010218330059549053,0.011936253107903916,0.012187255558754396,0.025871848465998395,0.015109207792866558,0.017208366959651448,0.0056608774718604335,0.07443849505429403,0.04182604003019987,0.009475675634919556,0.01389553234080484,0.000314833775922346,0.003521638425683108,0.007166345060257185,0.15795757424470475
77.278,0.003018872480300839,0.0018877168279558005,0.0037935876818692388,0.09990344540341996,0.0033255028813610464,0.09261335987086194,0.0,0.011617284747819511,0.0017763672493044385,0.0019270706845768701,0.01047671503988113,0.008992989605049784,0.010383282164333891,0.016734249193341242,0.01919518602113342,0.00412514493388923,0.004631216363499256,0.004134124763941085,-0.00010309313628203053,0.02146730703220761,0.011270306164266077,0.030655554486401483,0.0016984652702306943,0.012097577314216438,0.017337525850295434,0.09778307743251131,0.026122325330917875,0.0041414477055443984,0.007123721781335888,0.0031369830383865915,0.0034995300210242924,0.007715267463156459,0.13113321676776993
77.779,0.00806984832212226,0.014952584954707327,0.005577722988749649,0.08896345844502468,0.003948068518396997,0.13451063836836247,0.0,-0.0035231864940823794,0.0058744701509276746,0.006902521132361247,0.015871837339069994,0.010502498995608922,0.011119544064408524,0.015982916731709543,0.03608946073535801,0.0355810072553481,0.028192554083307998,0.02847117652406267,0.019682790452621245,0.022335220736512527,0.007782527971299425,0.010651285912512267,0.0026244454062768034,-0.001975048833653005,0.007753887738582946,0.1384456857312888,0.06447567893147389,0.012599766688122668,0.008488275149682433,0.005953480602931604,0.003955511107308468,0.00995920973584828,0.11997595630225323
78.278,0.014334214026175435,0.0061614832906961466,0.008350855734650693,0.05772647930772894,0.00316752238011076,0.049225955552155115,0.0,0.019758905589849298,-0.0010706807661254472,0.01838968712624644,0.01743216688018441,0.01167827789897753,0.01598913447110747,0.020593893149298527,0.00995925788319814,0.012459403972514497,0.028130725697081162,0.03498074532069175,0.03694081786881883,0.01866206259315641,0.012713621287760619,0.02149854303172058,0.009928616501427491,0.03997291335997889,0.04114877635946232,0.06336552225908872,0.050343775172652004,0.008770612301185476,0.007026580975045557,0.0008834019859443473,0.0031576770956399935,0.00487108696633869,0.0797791977824737
78.778,0.01299179443823989,-0.0033988098584854637,0.0026040281025020294,0.1398443991641111,0.00321820639248331,0.0913045442953801,0.0,-0.0012319746614255387,0.004423602483960778,0.019521717522920114,0.0035406449242455836,0.008587738011965456,0.010497993833301958,0.02333339170732553,0.013592099479697669,0.008517342479309303,0.024158201458786163,0.03800172223115391,0.03555995370563503,0.014317033024583578,0.007296422939701328,0.02151256584646281,0.017571110451734588,0.022270002537675113,0.024524758149869024,0.0902433663809333,-0.00022309163731314678,0.017375752190555743,0.008099883407660442,0.0020127649657851617,0.004608330266038545,0.007624393705261241,0.1320568712071701
79.293,0.0011587977478736092,0.005601568181547766,0.003242124175429082,0.1506133267263553,0.001986139127407356,0.04202653198915322,0.0,0.004413636527673768,0.005018748678911294,0.004268475404594599,0.0044285789218400885,0.008172909883575078,0.010252880508480736,0.010998146215857376,0.010360643362903321,0.003048712960071342,0.02249778128187242,0.0037029218931092837,0.03920980829676381,0.01700734471674052,0.0001288179115652173,0.013449512511321267,0.010921265412447645,0.01005376701769101,0.04323204515864953,0.04934316520093741,0.008355859639663125,-0.0007335146387383126,0.0032226171669603267,0.004182883928873364,0.0022049587148130954,0.0030980532861443312,0.17315676655897827
79.78,0.007515400175406444,0.007509161415121198,0.0017529031951806758,0.1737993154741352,0.002920945227308556,0.07313529518116248,0.0,0.02074249565696117,0.007935461636353568,0.004205099129381214,0.004402837512262444,0.0049315323611670335,0.0016667651721947569,0.019645108091604413,0.00027011546523036766,0.011109545410218871,0.02444814016887671,0.03284976295889632,0.018876337448555214,0.013722323386169601,0.010659283850155521,0.0312790312305134,0.0061057722924881385,0.03770842533434005,0.0038284149114958367,0.06767114593695389,8.675785895514412e-05,0.015876458442454732,0.0028724677980596055,0.006221944804125055,0.004678664628562162,0.001593806265262726,0.19551366963743858
80.284,0.009673148000908682,0.0073077069140739725,0.0021819493490093066,0.09906005057740715,0.0020249476120459235,0.08875978306350107,0.0,0.022906272079337882,0.007019454576247182,0.013952468909052277,0.0077613057061531425,0.0011821338247649557,0.00718634316348875,0.012902772227299936,0.006155427035658418,0.019552828940677083,0.014472071059356889,0.021864991791193725,0.03993857337846619,0.008947891016073635,0.024047690927199182,0.028669807267193672,0.013152017445808252,0.012485315972518892,0.02608327033345794,0.08929838882180025,0.020861687151843143,0.028526929782785912,0.006888732939486183,0.0027025150799292134,0.0056305728919496985,0.0020777663552588375,0.13735160572922125
80.794,0.008267184757121711,0.009394832771943688,0.0027961854100315062,0.12604057620111667,0.002779222302202604,0.08547930753142648,0.0,0.010558803406717386,0.0028065394497085046,0.012565555642595427,0.012809798614268501,0.003504723881285293,0.008473302361193058,-0.005682856961542826,0.02184392781225171,0.011545474099218786,0.029631988215702034,0.01869136159396932,0.009440347564215376,0.003301842417163949,0.03879473164285706,0.018601068127015764,0.01328565496744498,0.02841093283136987,0.01654513399338923,0.11092819190273014,0.040328456282665695,0.022715906076340966,0.0043612800541952546,0.002060526171640559,0.004997169650835356,0.0028656672249829434,0.12333177346566684
81.278,0.0015871129955040292,0.006254714491473518,0.004647090901480813,0.13911267186649312,0.0033616881881108193,0.07592435714420803,0.0,0.009736607149136984,0.007369768332377465,0.003713231976889136,0.008427550594747094,0.008038458729027226,0.016155205898349352,0.019141922255227813,0.008667940968398041,0.0062099770261901865,0.016822083079307687,0.00015363409995905624,0.024224021904980766,-0.009779160170081177,0.008490231149931582,0.025629873286603617,-0.00040325078335514536,0.03132431990644192,0.01852188399689919,0.08767383556552201,0.04909876591976092,0.013997784383902544,0.0021341725040716934,0.007397165509134984,0.00793680200232647,0.003882054186282022,0.13922154524416686
81.778,-9.80184065034353e-05,0.007386608137722321,0.0016580288390622977,0.1324522718358066,0.0016679454509573419,0.0948124656043831,0.0,0.020181896887407152,-0.0002765983743476621,-0.000727751933175595,0.011161317148881527,0.003166492341756804,0.01113978616178352,0.0002309775343123665,-0.0005682083127673417,0.0127502933981613,0.007449626082606001,0.0003108575884139245,0.013239336429619383,0.005191886037127536,0.005405592530957352,0.027674047394622436,0.0005685002485540627,0.02863753074580659,0.00031621460298580554,0.09337023910963825,0.016925693907750144,0.007603347206842587,0.003693466440544185,0.0047209009782876645,0.0030085614037459038,0.003333155622701673,0.17555118718759113
82.294,-0.006095103441335794,0.006068310399557668,0.002477833267607545,0.15182301698453377,0.00010479772486540851,0.09345642536216295,0.0,0.02165057445659098,-0.0029048502011827814,0.008016709294625248,0.017294190290252608,0.006854540561021384,0.00656959306808356,0.004787521143622111,-0.004561228162645762,-0.011794417211376135,-0.015928506958991735,0.010268661063635763,0.03034053063238631,-0.0003112398550166024,0.007616145545742385,0.011744361087534731,-0.00672422063096812,0.012327890851167317,-0.006303531967442819,0.09299396767736781,0.04580761616749384,0.006921152912585261,-0.0003814598905005113,0.0007550018528750092,-0.000372993069389167,0.0026867716962297138,0.1855860799279668
82.779,0.007359153109589125,0.007340809765472036,0.005144772810469903,0.13758288995172213,0.002097481349083273,0.09788438128375275,0.0,0.0023069219450261545,0.009366238627933482,0.01057816508817674,0.007045166609479783,0.008257908575899526,0.016234138250043426,0.017530433192100583,0.016351080593641355,0.026262361740359,0.009784945150489792,0.019308183781354533,0.01841051826482385,0.025598785743480772,0.021473671474980055,0.018416667250263374,0.001106056919875102,0.02607119531929573,-0.0007228415419821897,0.07533719863149556,0.03590612881289715,0.023464069450446157,0.001718431219455638,-0.00013365608043612,0.003321971463799222,0.007449126680697707,0.15090997502362188
83.279,0.0070928010794122625,0.01119207599309032,0.0040265730606825435,0.10656765336399725,0.0025219704176562,0.07188210820267443,0.0,0.012387452075664636,0.011073717275588674,0.012996185169284052,0.014709102846270278,0.004888481293687348,-0.0006924163463225863,0.035732880325942,0.019141291039863367,0.008422149193153695,0.025765995641087572,0.011503966072345247,-0.0026183573092633883,0.03693018810602869,-0.0002944517780527406,0.011489557888710342,-0.0024291363224648197,0.007672954431436347,0.016153752282343822,0.05133775492724534,0.03459724839287885,0.033984686415287645,0.0014688168193850441,0.005040659058617272,0.005513283812124111,0.004278110125578674,0.1250971230632505
83.778,0.006668861721418683,0.013104301443673723,0.0008060699153268115,0.1269144815970801,0.002402851113697978,0.12384451900268294,0.0,0.009695616757782693,0.0020199480497944938,0.010360518527661301,0.00910896657621593,0.004085112963872404,0.0053192502837808775,0.014254672014144062,0.01712458015557529,-0.004908000917928941,0.032054763587283965,0.013293984555989081,0.01994320836478395,-0.015150300381377354,0.02090201038315355,0.01957756276287028,0.012188094598093245,0.032307278952517594,0.02836256046326834,0.10657587962931378,0.04085930364029888,0.02202747945277106,0.0019731051164524754,0.0035095740849188277,0.00470040642610699,0.005794752322749781,0.14935532743197058
84.279,0.007121686371946825,0.005722334223010487,0.00014661010690222411,0.07288662226819795,0.0026773731411531485,0.08400703635399487,0.0,0.007064142872444627,0.007496624582131663,0.00881458676952325,0.01185582776101547,-0.0013131346730225258,0.0034940648210872722,0.013072050612478878,0.004102959960983214,0.017481030162047342,0.01696487024429864,-0.004026155137783263,0.011085622207824233,0.02677106880100474,0.010837131493956346,0.021856277625957512,0.003409099713668323,0.034286233336701465,0.015481719730954779,0.07289661242469005,0.03232449141520545,0.021197722688101564,0.0016454872119885157,0.0006907071598750465,0.008764076847519765,0.006101874315796959,0.08003437379640396
84.778,0.011964907015770175,0.0061557868694001325,0.00264814086694107,0.12014592049858538,0.0034056469999139234,0.05094258369473582,0.0,0.01956955721819442,0.007123689802291093,0.013484033654866577,0.010963515605172638,0.0046229219806476875,-0.003782932786507378,0.03608335395616735,0.011132291602883215,0.027472499618816072,0.03446555638649242,0.032997351573037695,0.027168262378907505,0.01850728924000609,0.02278319431225407,0.030443769736395142,0.025484533623873293,0.021804017363308777,0.019870811407545118,0.04977251032801523,0.0350663299091384,0.013129521670714425,0.0052628646130724694,0.0030585729185430783,0.004978477550733998,0.0021031563696510282,0.1525147478725003
85.278,0.005662317760518893,0.00010118904658212781,0.0005280759187345108,0.07693412692027675,0.00195658561494006,0.05893828003197766,0.0,0.0182612678799085,0.002256158289359021,0.007796689307055202,-0.0010788492597800408,0.003484273997085138,0.002286760682308695,0.02216560871122806,0.012994973298998812,0.014104001038996209,0.015090540786060907,0.017891291071449836,0.027147064563652144,0.011794171280273987,0.01396835568447763,0.015995170360171892,0.02316773742621347,0.021728528710095344,0.011744137969268455,0.028510864730610826,0.0074049260925150556,0.00012413885511724387,0.003273760952986249,0.00411208532352235,0.007196028650031542,0.00031422006668539954,0.07904246207631387
85.79,0.005192055937992378,0.01683866388687214,0.003689386041543671,0.13560438173192677,0.0029185230057783723,0.060831816566604066,0.0,0.004328298608494575,0.012702099038408243,0.0031386880882695,0.008055889123502948,0.005209379669516111,0.00861372577741248,0.037093286035547395,-0.005945318081623548,0.027918500692008127,0.02077294696190295,0.024289738704978643,-0.006575360651054008,0.00026046401935737206,0.017737675756861977,0.005082116494239957,0.028173317355973292,0.019514023184876945,0.005341410952446864,0.042144716367449674,0.05123547969005503,0.016348617935859996,0.0008190965155254465,0.0030542697003412794,0.0011204215853147731,0.0021447570359257656,0.12763633552947312
86.278,0.007014811257414624,0.013045426037168734,0.005300560648795728,0.09099659682163765,0.002884106755716887,0.03063742310459718,0.0,0.013265877596350362,0.00097623931971656,0.003314852500164384,0.01568169262175879,0.00883355631909668,0.0053298875861832315,0.02705988416731173,0.009379979870478576,-0.008800340598818126,0.021766498005458813,0.0154510761199365,0.014369426375830718,0.003522988428520133,0.005762785643435687,0.016108179391870682,0.026710735011894315,0.004704869710630012,0.029031707482823205,0.022700145552804023,0.04937318410163215,0.012800969433017022,0.007512990892101699,0.004219510752634108,0.003606226938983454,0.004629712531539097,0.07840216034066762
86.788,0.005810188030752418,0.0084380844689653,0.003992081479701165,0.1030339058885429,0.0013403606565704658,-0.024985634703876908,0.0,0.007236682186436374,0.0007501089924681121,0.002536872543752698,0.011505292754138726,0.010397657338780047,0.013013847677843821,0.018973285113684648,0.0001978543109119745,0.01611818817991509,0.01774634068437128,0.02644198260143808,0.025393144140080356,0.02078038429230992,0.014544289913934801,0.027052244717241738,0.008356150318688912,-0.008171723011528369,0.003194466864497294,-0.03767739627753941,0.06499855160739888,0.011401196002950137,0.003199035270800326,0.0039228818966470305,0.002817174512132926,-0.0016238423097843554,0.1248809400757113
87.279,-0.003954759996392014,0.0070515802031308585,0.004614689299574615,0.09624557083792473,0.0014691498011427477,0.034599491607567284,0.0,0.017172522523905262,-0.0004472187213849732,0.000830685854776567,0.020329939942325348,0.007276198590539953,0.011801117952568559,0.009675950784602632,-0.0010899348771624077,0.004149585857242394,0.001836540205198986,0.02307215270607731,4.0091775220723884e-05,0.00660705780199272,-0.019119585732129258,0.006053873844495957,0.008536804859769454,0.021142137040611356,-0.004938527593102763,0.012762565421830145,0.04323047501800925,-0.0004469220705795364,0.004431488171494392,0.0037720648836663023,0.002308787747652885,0.0027286979335436547,0.08830743241243184
87.778,0.0016765089283115584,0.008263835279699138,0.003435699250607341,0.16698532730331722,-4.633994261924946e-05,0.08015564223390899,0.0,-7.953357556371817e-05,0.007084905649810917,0.00017533890817199383,-0.00207850716222541,0.0143678111785669,0.009584487675382716,0.014043470684678412,0.012013448673503561,0.008572496363124972,0.00037956493835365865,0.019619305683051855,0.0346514472277771,0.011506029929028898,-0.004234244684441443,0.01792613436191853,0.006818477333499859,-0.006538729720504483,0.02218447662456148,0.04038583745572881,0.03437978021924794,0.014933060906041228,0.0016138220701330218,0.004758633602372751,0.0006699913446012375,0.0015523222562441547,0.16444389246603952
88.277,0.01333018086751408,-0.0004047561863286426,0.00496992428435136,0.17532842737664542,0.0004444849958650028,0.031209928198694743,0.0,0.021360463147532583,0.009163572625716676,0.009808908026830427,0.001070328277492203,0.0072467692402129755,0.009187661640105045,0.008520205627305124,0.037598496271358126,0.011292766405408786,0.008108877861254242,0.03580375671797561,0.053044342313440046,0.015762267940092722,0.017317155019852568,0.011016843840600131,0.007425660233101036,0.023814654643764803,0.024769809291473686,0.012777515441523241,-0.010679432263439589,0.00915073886524172,-0.0013813165183620062,0.0022715528974443237,0.0040793419606973,0.003759121700070575,0.18338689028596464
88.779,0.018178102129320473,0.005584712630278664,0.0012549208499844622,0.13807230398509343,0.0012022982176998983,0.06003872309252174,0.0,0.017119835599329652,0.004060057648559952,0.010276207515276,0.001720282784858712,0.0046365749272359955,0.006576555353520592,0.02366535217299569,0.03404638291939549,0.02138452124702092,0.01867111577328408,0.03983708520657134,0.035765033161100426,0.016573399174481362,0.049245253689970514,0.004654161686039738,0.022991000586538916,0.04192481241403632,0.011141669578608846,0.046268326677291645,0.010644506855503512,0.016181467121045956,0.004849511826153815,0.0051898731402406865,0.0007274489113676015,0.0029602338075657582,0.14362252039284837
89.278,0.009994502612608506,0.0002857199211937276,0.00017827526596603385,0.08160766022952044,0.0006261114492731688,0.042641916521058816,0.0,0.0006704933407881373,0.008498648329602329,0.01136563192053527,0.012456229344941032,-0.0034032940211075175,0.0009393344326311013,0.008080533583409679,0.0028637177140129057,0.021528702809615954,0.0005180334900076371,0.03404891068579691,0.05298734247040945,0.0053419116596481854,0.03870561579498814,0.01859770496125111,0.021495864367500072,0.03771410363736811,0.00794608060948718,0.022289119381267312,0.023127635476915074,0.010156055706220007,0.002415881251984595,0.0034240755115397896,0.0036614514359762235,0.0027570105716731787,0.07689304725353661
89.79,0.008505256896551556,0.006908058371295362,-0.0008931310556752892,0.07817909662203124,0.00029654726300366234,0.058352486843517404,0.0,0.0105428528953801,0.005735463136118362,0.00398796267813077,0.011334795408562175,-0.0022400762826700993,0.0020390391665435458,0.0018949741768710911,0.014478124467728339,0.007429203668249367,0.01612352259157597,0.01178342359612118,0.02966574940261459,0.013026870103387888,0.025668305018224268,0.010521199081866566,0.0018213844817577143,0.027683922494262835,0.029491253217533594,0.03163771464098379,0.03216406568972978,0.021826859782689598,-0.0003951701948369592,0.0009942035307106843,0.0016532394328966089,0.0002803144031408495,0.05326989603344209
90.278,0.004593021777492684,-0.003896786894542084,0.005134028473932127,0.0570178497085719,0.0016890931290960635,0.02835185621318066,0.0,0.010204110414996467,0.005805272185641486,0.010211354825171274,-0.000453623447564577,0.006791802897257821,0.011598201292751097,-0.0008028700736649288,0.017864717410504015,0.021788521171775505,0.018902339761365065,0.05505020620535924,0.040572299115381766,0.00854108489347226,0.01657077766554064,0.008992697937561338,0.008342144474153698,0.013788282525857906,0.01979407162463821,0.0016407659638999392,0.0315371640936836,-0.006914549820796249,0.0014048199004156495,0.0019931583623313863,0.0033293666057891648,0.003948944542493458,0.04344584037893849
90.789,0.0010498376632088202,0.015939588164276465,0.007443901093591336,0.12025204313764978,0.0026386106913445545,0.09119680278493006,0.0,0.014970677525068674,0.013542938523177532,0.010473435494331723,0.010617142253973822,0.0061609585125420325,0.010326916383337697,-0.006588314836659178,0.009451770695262407,0.019641383954333392,0.0007396228541054291,0.01352891297789015,0.017162264166680666,0.011728640276329675,0.017609243565932547,0.00680905407042531,0.006002687608740699,-0.004387265762238838,0.029326617077774016,0.06088013303717383,0.01892390212483942,0.028259894224098494,0.001166890676288539,0.004892774428687488,0.0034512609689297162,0.004282426593370031,0.12250203719763984
91.278,-0.0010498486878163541,0.007296107563390527,0.004589073599986165,0.19724125557102914,0.0024476174504127427,-0.007795489767098272,0.0,0.011711410190984772,0.00307477178966901,0.003839458909162571,0.010599482475251292,0.00508385922346317,0.007830176140436665,0.0018656496190657971,0.026858509273784994,0.009813982485719552,0.023411588425868102,0.025324729838882443,0.007885223196560385,0.004502339954813254,0.03434737887233679,-0.006204618943791436,0.012309658556747514,6.379703130639031e-07,-0.0036283819631786176,-0.0335835399132343,0.03735006699560613,0.005193529152961275,0.003130278038166026,0.0006997660185547552,0.0010343876375997535,0.0022245922327682713,0.1940747193011936
91.777,0.00769373519920382,0.005145876436481569,0.005662003870111726,0.20060788832235707,0.002193702381176223,0.03820418154834179,0.0,0.005933325372975405,0.002330305283469798,0.0004182906798990863,0.0150776925522791,0.010483477384655366,0.019665964463898605,-0.0012271591361672808,0.025351457817432196,0.010945148481204623,0.011506252130806652,0.02821195447304174,0.02646475974156152,0.021949024569381637,0.023891794579556085,0.010815712207588344,0.007867841772324122,0.04140106378093951,0.043235407968632254,0.026970149048815003,0.03964560341733884,-0.004703602100416857,0.003742456895983357,0.00898121669308397,0.00033984299317600897,-0.0007840035577517366,0.2295036211563828
92.286,0.005295127468257076,0.0012475831177503373,0.001480763250184839,0.19878143602669057,-9.38530145468171e-05,0.04455577168673678,0.0,0.01619670880367637,0.00012049174576056647,0.002799693934245369,0.002129291022601654,0.007660723273593268,0.007548719604931009,0.017632951589990124,0.02643197000739042,0.016981182682629287,0.02299669444785695,0.027442050057012966,0.01939833999462292,-0.006294854515430277,0.03104079482323609,-0.0005430947878413286,0.020904621504055674,0.0036340799300471557,0.04548236876801172,0.044571872921533195,0.025310216951006097,0.00253865209218894,0.0012033541550098825,-0.0001858064079868099,-0.00147555210502388,0.0016537752615601224,0.21529860237860388
92.777,0.006229647651751294,0.00014518456270947634,0.00476709568659893,0.17836516729542298,0.002043066193487783,0.0850374289835786,0.0,0.0016209397087380176,0.008153807991011734,0.00585892242092068,0.008763829808111032,0.005295414228848142,0.01585932896694652,0.009446943270559187,0.028264298605820415,0.01958270771121032,0.023933353985339703,0.022359107473646382,0.037558498866663,0.0025614667499213716,0.016897813097328324,0.011863886623152995,0.0005913454182882305,0.03354670445148343,0.011592246730743447,0.07180450878794936,0.00238666432317275,0.013522729564774554,0.0009634127495176191,0.00487909904062103,0.005251460510842312,0.0019779864491601576,0.19737210249083326
93.278,0.01771610823157567,0.015315516663260418,0.0072507253864530895,0.11905879408647013,0.0015572144627289614,0.107050258148113,0.0,-0.000333258713709437,0.011852507999188779,0.021455699122799477,0.012665561830625902,0.011735019629667222,0.010013160029482453,0.016362600019252764,0.03272229768550148,0.039392087682486046,0.038870915530645304,0.024650794646237935,0.039428192105673554,0.013241286269341174,0.034467285106379045,0.027946123942563114,0.024043978546659794,0.020599260254272216,0.03272036290357253,0.1009619922408753,0.019709161369189925,0.02574051925332477,0.002518811006180479,-0.0006339984337724402,0.004967766057083114,0.004506400768888028,0.15276585882709368
93.779,0.011852094712450528,0.016413377283133346,0.004912054756967251,0.0971274186567632,0.002846340390195857,0.15151595074600924,0.0,-0.006998171924414498,0.004929259719518391,0.01690444142362379,0.02258663823777045,0.005196429313693811,0.005964657906650953,0.026037543256686002,0.03215989495253412,0.007887920795881874,0.026388151724174278,0.025623154111900123,0.0348648280867658,0.025251199324258393,0.017499896101662124,0.019941368273898568,0.005282229972942332,0.041056963248576175,0.05514141181863219,0.132910992577274,0.027658217651825613,0.03319133688708124,0.005098268348482798,0.006215372597205477,0.00488204793905746,0.006645462014884564,0.10292152309334592
94.278,0.0035508085665106807,0.006757506880632061,-0.0008802466925461891,0.0530786541298883,0.0008075614545600342,0.09055402402989826,0.0,0.00017225304219172405,0.0005832641360810756,0.016769782231153895,0.015852333059430262,-0.00031824189753398667,-0.004643579717841928,0.020215858523656552,0.03131901391141331,0.013175246533979204,0.013377559865281125,-0.009689730599210631,0.01810258480208874,0.003361410018565667,0.019971672468243083,-0.0011140503695012904,-0.0014375290511017776,0.0032267837619065548,0.014550764760658565,0.07575345899718397,0.007102789701420854,0.04862240431345703,-0.0006528916746574385,0.006339752041967105,0.0028441763550079734,0.001346314993381921,0.06362428316652602
94.779,0.009689401439925045,0.017906255536553253,0.0031634082242648315,0.0795051030313265,0.002134369048924885,0.08933690309711097,0.0,0.014093751051295065,0.006735733341030794,0.009971701768997261,0.00044664091437384616,0.0014068774032959847,0.00815137517490629,0.026457429889261787,0.02541485872321935,0.016197140151463948,0.038223516783709076,0.03257406934216822,0.003058707132962963,0.004595001266060956,0.0258792608445315,0.011479581022557042,0.014157582071519367,0.03054602031510252,0.021231273808023685,0.07661090936079037,0.03956959144850512,0.018406611037460913,0.0022023611156806607,0.007511153313995761,0.005321406579187324,0.0022488983496203236,0.09968340731826833
95.278,0.017558421386314818,0.020593232191392315,0.006199749226008629,0.0983302285895057,0.0021110646127910347,0.004061189948370825,0.0,0.006776416274156351,0.006165068344523806,0.0011652671083420883,0.019154605686026078,0.007868656846334414,0.015454871879177486,0.02704615708272546,0.03961498376129919,0.024600073942125586,0.021732630342783898,0.05365995189334764,0.04662971606033772,0.0029240002969455224,0.0318557398224218,0.022705676387101203,0.024839664726989,0.027636720704691337,0.03161850327924874,0.007561279065957394,0.06705962961959178,0.0360468332407928,0.0036564170024117916,0.009663234358438614,0.0016068234148212698,0.004504193160947829,0.08713404125327848
95.786,0.009938223799319383,0.013127430084494575,0.004112895468286478,0.10008391106533134,0.0012164924888517282,-0.016896518738133068,0.0,0.008995696124568305,0.01173413728177476,0.013253762645893724,0.0073961424966146015,0.0063612424711976786,0.00834739681168438,0.017369862861258033,0.037191843833239376,0.00510273837767885,0.0154468990344238,0.0163126583099655,0.00029009033315783656,0.006038050756113496,0.02798964758991043,0.01295451067463677,0.008941822358782976,0.029419495027497678,0.03508983862329642,-0.024089244525186657,0.03331340803105737,0.016912512873238777,0.0038328879057545604,0.0026155656329696626,0.003104224912448134,0.003322668712677511,0.11965381869496029
96.278,0.00882609512899471,0.01148140891344065,0.007484637723057353,0.11678278854190641,0.001279687292331175,0.04930031156956258,0.0,0.016373806682653813,0.0035147358138734757,0.0037800725516889053,0.009873032376698121,0.004555021619727732,0.016456890584710556,0.02133824631171931,0.03749924024245804,0.02321655283863134,0.011194883845583727,0.006468315696491047,0.013719828840504057,0.00908575082877237,0.024173322598912136,0.01082298611186736,0.008020043148764318,0.016707834380693683,0.023386360646404782,0.021816952853012786,0.02032618797772298,0.019095540046101398,0.004848212160964764,0.0030300298138476916,0.004850820432519277,0.007117287158736268,0.10418751202953638
96.778,0.00026246217195408854,0.000956191290309169,0.00788113287770792,0.13673535878629364,0.0010472807024750207,0.012899241178855372,0.0,0.016299250395065083,0.008318688007540737,0.010068649587304199,0.0037407672628447276,0.00890209243375476,0.014204296765410403,0.0012690467565384725,0.020086278124570457,-0.009501157867405812,-0.0021383570679000064,0.005984267573524472,0.026784440114049107,0.016396149025755972,0.013701795790095204,0.02967283776138789,0.009818124324582813,0.018367000975493566,4.8335816342918534e-05,0.011461215739131114,0.026631323036318363,0.005838010657281663,0.0027773443433041296,0.0006249807564976602,0.0017537200593979044,-0.0011346235936020817,0.1257697171939395
97.288,0.0058863402473972905,0.013533989349520286,0.010384298551588088,0.1307049181961303,0.0008130379729627249,0.028077561656767003,0.0,0.02158778205812266,0.0076324691946528115,0.007163947071473632,0.006186136545415885,0.0126916850972659,0.022816638792488263,0.018673900368590818,0.028170416438209372,0.01160307772055049,0.013251007640763968,0.020154701492649682,0.02140324708447088,0.019428530307215273,0.015309795925519103,0.009046965601892484,0.0024575163276567558,0.0173641751255337,0.017498326020224983,0.014097884907930944,0.022406473979505744,0.013386755514438978,0.004968024393227893,0.0047152658826711095,0.006722524374575912,0.003952159487902556,0.15856777805512176
97.781,-0.0026048742504949833,0.007470947511584113,0.0034440475691358014,0.1255453351109393,-0.000423514589244587,-0.00033981616133262803,0.0,0.005047217711698269,-0.00202220652596674,0.00657942208624425,0.0054266230292259274,0.008932315230189143,0.01757318183694928,0.011879186939545143,-0.005675573273161535,0.0027574152446094295,0.009408253224156572,0.009260744839776245,-0.0013873905127609412,0.02710718471733879,-0.007743299437504908,0.028290587378699803,0.0027186284826768233,0.008566620674378049,0.044169522280269664,-0.018852012307504287,0.03513946318592816,0.0152062493077841,0.00025204352470086693,0.0034561382200610077,0.002112976479052305,-0.002118130654738651,0.1259222514179976
98.287,0.00013154741934622363,0.0012866272209029214,0.004040924653673917,0.1427405207621007,-0.0007256868773909805,0.04487589477859333,0.0,0.011048874800470149,0.009177442917154976,0.0036064641575221223,0.012562616162604897,0.006037495789464135,0.006277374745532167,0.012548080909165526,0.02796135218473227,0.007429585254957444,0.015561068359164881,0.017211530881143515,0.026985704818395104,-0.000747952927133953,-0.0037768782482949445,0.015619368954995204,0.0034516559012810967,0.03562490242349964,0.008445028372866835,0.04749268528776325,0.016331434636188403,0.012239367878987342,0.0014303733910027779,0.00042643809022949175,-0.001619890247408836,-0.00032341983619788895,0.1674175505498702
98.785,0.003935575108698669,0.0016582171745372824,0.0028987460224745337,0.2031340670400718,0.0009554190301499579,0.029858057147661928,0.0,0.009730884559696881,0.015104579712530602,0.011165084939492592,-0.0006823242348812993,0.004943217616774363,0.0013303547536816615,0.029185644319955448,0.005647076869441257,0.014686048457350276,-0.0013396109524510442,0.013482709659587026,0.029608468864769314,0.004970782748577126,0.014548597539063061,0.00021120352860490809,0.01083517733980732,0.034617603469960206,0.017321827936020606,0.00830259577617307,0.011116793376813351,0.011882254594328796,0.001807386408269433,-0.0036486670150864,0.0033709304778826218,0.005539402939515016,0.2158346544242835
99.279,0.002925573539341027,0.0033392911101871943,0.004207545502914137,0.1928143479262649,-1.7577535797680378e-05,0.006538944190832814,0.0,0.011608092732281233,0.014226599215419748,0.013173144077393577,0.009008661573885841,0.0033207171936883305,0.004928016570809899,0.016724958549419452,-0.0003852438182578642,0.004205072793413877,0.011737434120309405,0.01686042199366539,0.004547014099190599,-0.011709740854828848,0.025094107251404697,-0.00915201101307098,0.01849316955919654,0.03366710977541686,0.0378835372946752,0.02485464313154608,0.004394175994552118,0.011360792101321624,0.0013927618487184854,0.001945991001630943,0.0006455023616550908,8.983561509725954e-05,0.1812186776894114
99.779,0.0009379293485806658,0.009691117907783707,0.005170715221401172,0.1390665647985968,0.0031034337007610547,0.030245987354282383,0.0,0.011044223293650972,0.013618849455855302,0.008527314218852656,0.009622233122206617,0.004987673184636451,0.010527248389391137,0.002304094001683092,0.004818263716287476,0.007165399690950172,0.001008599642575157,0.013486158876363029,0.0128807406996346,0.007591537072758873,0.011473218758787254,0.019413995504809933,0.018668059588410196,0.027519743074378534,0.015200039832803694,0.024639138809624588,0.02254908597572951,0.02666748277429163,0.0002331451374862197,0.007503597673678827,0.003170680754714205,0.004484706532450107,0.1454658215664355
100.278,0.0007680964865178543,0.01471569616235838,0.007166273063357687,0.08417959432514024,0.003970405481489388,0.06366281178408291,0.0,0.01165543100225139,0.010491221029397417,0.007989747327820918,0.00742565895889141,0.006971806888637303,0.01797187059452611,0.018053319829486502,0.01471919080587305,0.003160126428800075,-0.0025149939218180374,-0.003099026373583667,-0.007739608582664773,0.01610808197638998,0.010878109982194325,0.005494452919521075,0.019996958581314478,0.02724725661118544,0.019860276641911978,0.05019161261101404,0.06387553878016772,0.012307524110943182,0.005107531847805677,0.005723758513375398,0.0038730548571369533,0.005590319892493486,0.05499250070357828
100.778,0.008417092048808377,0.011486657236846888,0.010777666429217295,0.09156773889735145,0.0024057454834520145,0.08872844988635456,0.0,0.024045631349831075,0.01633612242172987,0.00313903042123631,0.014842735068058527,0.011972519055131949,0.016683459397802494,0.021198197255027598,0.017705359771362766,0.014618439140577795,0.011137647040977042,0.013558754861168268,0.024907607541336765,0.01221863295488592,0.023722366438296023,0.01624296435646495,0.023378234508781987,0.027213559248533515,0.013556577287476565,0.08962970099145637,0.04459187964410046,0.0005111548023661112,0.006112166932860155,0.004614774036317258,0.003702868704034514,0.003872570584050857,0.06965398487852441
101.29,0.010541964512811239,0.016270882200490916,0.008549510791007122,0.07386488715593302,0.004164288316981104,0.06590099538236277,0.0,0.031804298699850304,0.009685736817852803,0.0014853947370162984,0.014871875378262279,0.00797247006346647,0.017220979603361577,0.022784287192668,0.02258074704077119,0.008687716125048544,0.010892847108483306,0.03842986855130816,0.017353150583509152,0.019648663252107464,0.02035148013468583,0.008479152510696673,0.015953851716933663,0.034849100339376465,0.0524709979630332,0.06461267857992374,0.05928615386718296,0.010676520558295445,0.005764726332354733,0.005170081221879565,0.003381318175042456,0.00403104571935018,0.065681615898406
101.778,0.0010770545866422608,0.012918359952972799,0.007449511213958651,0.05001751545290032,0.002400087424123168,0.05131356773510268,0.0,0.020449584935046325,0.0038678709173240278,0.007256600013196064,0.021343838832900364,0.010589577532954354,0.023756563092811406,0.01862612158709346,0.014490774596853275,0.004320871440097146,0.010342449820396298,0.011784023762809005,0.013932612102085202,0.019874838646622383,0.017393340929559253,0.007884542851722217,-0.0021455055453126087,0.005767569990056292,0.02234813381671531,0.05764418176001926,0.009161011549769615,0.018902236625378856,0.003087460751959973,0.0006187824366578372,0.004021186318436225,0.005793093253733213,0.05515261881327102
102.277,0.0013038391763065579,0.01550496449970418,0.007250086028379603,0.09938129354217924,0.0032063551333896484,0.11038396624187097,0.0,0.01732958943880095,0.00797634650520359,0.010873700777810235,0.016427830359506967,0.003683768165564256,0.014307635971571489,0.007191867027010118,0.016241693110780196,0.015232508110293098,0.016373646940799513,0.03278668975419126,0.016624605133580925,0.003445012664164125,0.009568227269657819,0.010440560623924995,0.00988551786762933,-0.00010299033718989534,0.024589801905728237,0.08260608291412365,0.02269486176275096,0.030417354532601096,0.002855514428685011,0.007740429157393501,0.003044953532744876,0.003873560717910282,0.077641603885426
102.789,-0.00541050523152077,0.005257693445739878,0.005796954035758934,0.08736664143647002,0.003545716300298362,0.08950079343239459,0.0,0.021236978973005964,0.009710070558879524,-0.0027080827527134472,0.0017807072414942262,0.007727203046334808,0.02502165349277673,0.02483156543720717,-0.0015941505991002773,0.010468286070891761,0.004441589632544532,-0.013953138841359555,0.0040931371077367424,0.018633719817683577,-0.004597676096966006,0.008324917551985857,0.001908667303018284,0.014996656612517308,-0.012392227261140951,0.09662590260250208,0.02957559731276528,0.01701093691277611,0.00284425904106504,0.00623292420396077,0.004864917686188732,0.006997176591111416,0.10299641653482061
103.277,0.0033257191393787303,0.014456598251974975,0.002428130958351089,0.042375447059569284,0.002290427680866652,0.0223722937587889,0.0,0.002346808510426998,0.01345616436024117,0.02437836988729862,0.012102701585341396,-0.0034794948936259867,-0.0037424883734917284,0.012637516796863724,-0.003957067165817628,-0.0033997533963699682,0.025538249860619807,0.008060579721674219,0.021076955728685922,0.002805915374711661,0.01232859381831669,-0.002479507767800093,-0.0015766909237083702,0.025599843180621203,0.03162283287761585,0.042702029029070505,0.04217825025824952,0.04513844604839504,0.0034879036258918922,0.003431833190324791,0.0047378206615777746,0.0032022828143495967,0.047748422832709435
103.778,0.000714491658225876,0.004132819722025292,0.0036864274467211535,0.11418496043249174,0.0015596425359376033,0.10808995428948477,0.0,0.009553372274122436,0.0053772322732302735,0.02165449925221468,0.01595631699452652,0.001225682240091038,0.004374077022400764,-0.0030039077460218347,0.009620667733286447,0.009716836726486142,0.01515209182057224,0.01040153131056471,0.0025434920352631132,0.0028845994189358034,-0.003963263547562037,0.0036386112136510174,0.020010938175007896,0.03130159234634354,0.019079103665643696,0.11171902143853771,0.00010916909276538783,0.026577720652773813,0.001592535623242896,0.0035847346673988545,0.0031177376273138547,0.00485543014822179,0.09692188697468297
104.287,0.006859122547309197,0.01858356019883049,0.006295011217023102,0.11767324665324132,0.002513142769691896,0.0460606075968395,0.0,0.01227111147704679,0.009253269117341131,0.015976217518325266,0.033016306383764966,0.0033221433673753355,7.399876777727027e-05,0.0179919196123318,0.02524544014636466,0.026349875526268638,0.030011228951105525,0.006376237204128509,0.015325331752781907,7.803149898622352e-06,0.013307314232289785,0.012421779985934689,0.02156012646823757,0.03217695304984996,-0.002140398620272436,0.042376226835757286,0.016736678496774217,0.03634963234831466,0.005178350829593122,0.0037037497086650486,0.009495405808117502,0.004231708478095597,0.12308857886732034
104.778,0.00579359577064025,0.01979870595090538,0.006329593528812937,0.06076191557552853,0.0024792896682094417,0.10717012639551951,0.0,0.016480249167625752,0.00949907344171276,0.013960259228901208,0.00243226886133358,0.00895842551319079,0.018645127392367473,0.01567517103911897,0.0348324398044449,0.020732062205275154,0.019460293057117696,0.010253889228342253,0.018874964090780908,0.006101310134991406,0.011604272140661705,0.02001952966313294,0.0019277816293940034,0.027114692314477547,0.0004860500214984855,0.10217012331365148,0.05286746521324764,0.023813510628520333,-0.002526829499506684,0.010350291915279624,0.007287890606391108,0.005709788677865999,0.059174404714409115
105.288,0.012032249589503006,0.0034848388375270005,0.0028757880226770527,0.04656421976577834,0.0034720227525558388,-0.0028392181724491193,0.0,0.007570455391214479,0.0016905122422786363,0.02246466271214449,0.013692789963225089,0.0014332283819467192,0.007269919906550548,0.0025322361864691593,0.041512957378872666,0.013526767860938304,0.028386081998770747,0.050731352384589215,0.021887385569128448,0.001198967633416965,0.020834545088340768,0.02248364130824351,0.034861120797615185,0.0232710846867233,0.011280133844116753,8.417403376334569e-05,0.001474410890280387,0.02218638384116633,0.008325831452958564,0.007217625104650505,0.004389960616278266,0.006624314416008411,0.04513031888516563
105.779,0.017398217397201935,0.009395528814804361,0.006143441694875465,0.09135348572789659,0.00281303784900288,0.08012150393946722,0.0,0.01635062910116066,0.008270602543690454,-0.00023337766806053753,0.0128856184410161,0.00362385070035035,0.012629618970096833,0.03214380204768473,0.01366723548384481,0.03351482341126691,0.011047631465642782,0.023779719016082432,0.027876792947754574,0.036253285988433324,0.017692438649773507,0.03132417798351603,0.018538033247152034,0.030129663360166252,0.020194479971796298,0.06612965553715461,0.03442753125522191,0.015000992289970741,-0.0008038342692821654,0.0026544225435632665,0.00013761041073746455,0.009039724527100551,0.09123662015590364
106.278,0.015394393600131371,0.013919231207891784,0.0077037312068917955,0.06603221433214133,0.0038693571846863672,0.08213866173729438,0.0,0.010945308701296445,0.006173644135945732,0.005166142156160744,0.012795779888043706,0.010353558662855174,0.024140113183595727,0.01470074670215106,0.042535907601257195,0.007906125044022393,0.03471192258399317,0.019397151366956765,0.025275928135731998,0.05098284550671886,0.005756310293894051,0.025746616784178496,0.014224466967974433,0.014420450791709725,0.02640365921034776,0.05993346878028889,0.07017055114704586,0.004947600386030456,0.003366304383753682,0.009121255603956133,0.0009406524497434128,0.005200589869409169,0.08101849502474796
106.788,0.007703586887787237,0.003687688923766045,0.009924312017981135,0.07685873218416073,0.0020271728148105123,-0.00806626863940761,0.0,0.025174078765862865,0.009855887716438309,0.0034302946581069855,0.02846738628661472,0.007742765293192073,0.01998131960924558,0.015694295930119007,0.022307949468958397,0.02193163175903198,0.010173669809539505,0.03142321847358434,-0.0015452806844287767,0.015184001349160665,0.009866312977669723,0.028446799051154482,0.004021666444275557,0.005280558130254164,0.033318062071115664,-0.017287160734509716,0.044148424647072554,-0.0023389794967094467,0.003201937230855996,0.007656085352978422,0.004424563478361801,0.007299662016578422,0.0693481231927814
107.278,0.007153796768226055,0.017728284634119948,0.007802095028716026,0.022915677246029477,0.002383380052797289,0.020249723216737507,0.0,0.013757168692357893,0.0010134106591751183,0.02227553590515834,0.019015485279345577,0.009443163775567217,0.021315898715301665,-0.008246897612905904,0.015433256953726111,-0.004916222113984965,0.01852680984048932,0.028733316284599176,0.020096321364317743,0.031661659240304896,0.0016768569161610839,0.03264934589443024,0.007123710060486643,-0.003214423935938406,0.03242587502423407,-0.0030966518042932333,0.04275123691832289,0.021889856917868485,0.006635019594570098,0.0007433424658213747,0.004415215181998827,0.0032020839327461617,0.05622987431096763
107.777,0.00941610577881944,0.023993929503633098,0.010729928183577934,0.06149628233059482,0.0025427964083300004,0.017419071974422683,0.0,0.02177984232884607,0.017013412874530672,0.007572507180332626,0.020994013870192927,0.006894993522082427,0.021320392007774722,0.0067549768270697,0.02307029896078772,0.0136830503605549,0.016729011919445723,0.025606942342526407,0.022224745942199448,0.04045221100505494,0.010307101174765718,0.01115688086319278,0.02190175423187148,0.012070041738700457,0.00719723157636,0.01238354409599201,0.05513344982494066,0.028546200106061535,0.00261409862617949,0.0018956472228410439,0.005923221938107578,0.00197957037856315,0.041780872361638105
108.288,0.008446973582501445,0.013440565660768955,0.006782616911993888,0.041925000653813105,0.002192752694682953,0.07716016192990711,0.0,0.008676919472992253,0.008699769306920856,0.005538319360744985,0.006551856638983267,0.010840423184175467,0.01612695375360427,0.004755050237248648,0.01070600646133039,0.01410820340060603,0.016024029421630278,0.0019838230335597327,0.02661340642760808,0.019453165951158542,0.010656504657737,0.02706738392721564,0.01452450505900493,0.03874360577587576,0.011971070380530868,0.03112152483022827,0.052016612806909536,0.013754411319337832,0.00586910361914161,0.00490307485208995,-0.0035969073489558086,0.0058275834448660675,0.054033238405592494
108.777,0.013755648328300877,0.009203384046284235,0.00431443637153124,-0.007568437732439489,0.0035666409820105027,0.07728124486818448,0.0,0.009087776937764252,0.007770417069058366,0.015915052374670845,0.00586196912451044,0.004062824283403836,0.007115146827201407,0.028216738054800888,0.016033521875288538,0.00878940231994453,0.015772642837117982,-0.0024670752515441852,0.02856591022084709,0.0054839233486011635,0.02602360587199614,0.024204334416987147,0.021963945143048374,0.027941589311229385,0.03185875165977728,0.040288252655233094,0.01168947654076037,0.011111352237269534,0.00538217612667098,0.005068071628372439,0.004511176307591175,0.0026344944474246033,-0.013844468316204396
109.278,0.009576786311761263,0.010488043364234331,0.005638223571218749,0.023145816981579075,0.003582814658416393,0.11976924189463876,0.0,0.013411345394888698,0.005194482510102094,0.018834540801391356,0.0065829199490980705,0.004557538717777833,0.011375893457850453,0.012156409458159993,0.015169958867783202,0.023772487235959896,0.01802981091015339,0.008122738925685933,0.03075801469809971,0.01977545451352758,0.010865556358885234,0.017852300083958723,0.031109003924470715,-0.007333570935668494,0.03591725382892022,0.08989136390253295,0.03418808725811807,0.015910806403568692,0.006868312622540832,0.006574112333974397,0.004444194387377539,0.007451998504040227,0.019333205135890142
109.788,0.012572690480912148,0.011524788195407563,0.005117274548356439,0.06387554824625559,0.002885846112613604,0.10476595108853523,0.0,0.0021292598384616357,0.01575566546577308,0.01212966747772642,0.0064399421067145735,0.004772150849762275,0.010295585147295321,0.019642029097263564,0.03473499501149656,0.015110090632215422,0.03725136856102299,0.0074188625366854435,0.004754964614309031,0.02067634601836368,0.02097325158701875,0.0340808868614744,0.016742751552497107,0.02279499835440127,0.04087260183595642,0.059640218559347306,-0.017709767902513694,0.040527415842427174,0.005090620419023313,0.0015400158933043184,0.004684015444909049,0.005645463198945311,0.06023858621554565
110.278,0.01154193979670661,0.009384007569613396,0.003799581630892061,0.026425033564138816,0.002739020995094601,0.10270137621218953,0.0,0.0028005790201079345,0.012853038840078032,0.007185492252152405,0.004615308436871702,0.005050511911132926,0.008812714316499463,0.021161856308274225,0.011659597531112327,0.004441295330648036,0.046705731798235534,0.03673606398907194,0.01393217786889547,0.010336656649926708,0.0046671075056222075,0.021217497503540093,0.0015931255948694923,0.006531069609259423,0.01833751599584621,0.08965993183629213,0.03738693360563706,0.011555980199664152,0.008294724448711757,0.003060859409328042,0.0020732109118178394,0.0046916980051493066,0.03844553142526783
110.778,0.0067938348996230795,-0.0009449498978093693,-0.0007811073411744594,0.012197314450248216,0.0018709696657187567,0.1267187138913871,0.0,-0.00077020003344032,0.0056481478869350775,0.0048893631974582736,0.0003493075197189917,-0.0018894697885510963,0.001371492360922193,0.021786387136179808,0.005946132652333989,0.006315389494463005,0.031069363909100884,0.040745083504132126,0.017811633686710706,0.008222882845308392,0.01613478924545429,0.018561581133382674,0.021157381136783084,0.019405395461975797,0.0005225148680288182,0.10873157430175351,0.034655978210163564,-0.0027881448775239704,0.0007178235740152679,0.003320497281663073,0.004403885834764039,0.004993351754185436,0.0361765012362104
111.279,0.018108191716382303,0.01430342070804285,0.002940803154746508,0.047944401911552484,0.0010637479729879184,0.14850466527013884,0.0,0.0014581467237144317,0.0020141815832681546,0.009929531047034335,0.011820248541512946,0.0042056524884973865,0.010287010777489091,0.02851245332588582,0.027533075721898757,0.014968440026620119,0.03363503454294626,0.035488116667416934,0.013078415536100223,0.01427963997735997,0.01473403106295962,0.030235829350493494,0.02315586573047746,0.021640688165787823,0.02149610921138704,0.12738932089785818,0.062166282628496515,0.01578772566805863,0.0010634187713884943,0.0021645792006245697,0.0033416353361119203,0.006085725424066152,0.06476573079367497
111.778,0.014293895371940162,0.01031450298067288,0.005243766232792161,0.07971059085149071,0.0020892592644711845,0.09946340596079593,0.0,0.008542982089227904,0.0016245093328509507,-0.0023786209586002783,0.014093607137358447,0.015341651902634399,0.011911159339407841,0.01899252467078197,0.014696756183661936,0.01673927205470486,0.039632398443834385,0.03894516011549029,0.009064982947481379,0.019266455074676087,0.023789578929210062,0.005769787379881807,0.01675686417124263,0.03246484232439264,0.03835694530937692,0.08805106059201112,0.03667168495848089,0.01880308417675027,0.004522377209817356,0.004116603980667873,0.0034821619730870824,0.001061869457399297,0.07131361115319643
112.28,0.017973167846045975,0.01535397464292444,0.005599112147320088,0.12104009764494235,0.002524256554146998,0.14023354070894728,0.0,0.007714498107949746,0.008813461787783567,0.016183234702094117,0.0060342239214054095,0.008402107090510235,0.012786354209412059,0.02692917808016386,0.03255094670365435,0.022495392482248956,0.008417629710811388,0.029843028518746127,0.01839466061475512,0.015120460215866103,0.020976094797642786,0.04013868808797378,0.02691151301145803,0.05161843180209805,0.03331078213924162,0.11608499498329762,0.02230977595295992,0.02651852632719176,0.007796567847100163,0.007199072041678781,0.005369179143093686,0.0019393565625806944,0.13594164412482534
112.784,0.02008303556603949,0.02037090068272187,0.009413982157173487,0.09206294165875423,0.0048808467091800015,0.11724830525334559,0.0,0.014029845388065223,0.010451462694309315,0.01935091952402267,0.010814884509567997,0.008908611380035176,0.019376272325153127,0.027697594612466726,0.0371597197429278,0.028327584057827444,0.024338246105411708,0.04564857414860356,0.01847358422866497,0.017782495027496795,0.025436973530203712,0.01503102356568296,0.040489388855698735,0.025596419078205063,0.028188524855723627,0.13738302832997806,0.03362460667009042,0.024730333367007952,0.00780560656074351,0.007372284164744694,0.0029565100185203795,0.008217483736776774,0.1174770953178963
113.279,0.01760210392671384,0.012795619669006365,0.009406879486453676,0.12100770130763508,0.004138847944318335,0.15974444124251835,0.0,0.013344182719215156,0.00565167689499186,0.007831619387349805,0.017527669018581347,0.008203723590987581,0.018706248919694447,0.015494409809265645,0.022877559387702043,0.018392107400211306,0.02628701573894971,0.02875898913629124,0.04074535654145861,0.03779535545038921,0.015891833786054105,0.016121187148784116,0.02318022318872373,0.007738056577348943,0.03144187224621185,0.13887715593251956,0.04807576522960405,0.02492310362403996,0.006222371009531672,0.0040162262188770635,0.006918953371150988,0.004780764480209295,0.15829645526709715
113.778,0.006689411684511327,0.007150920626085318,0.006068017315445718,0.12592393757170506,0.0015393333727387667,0.17222740814152968,0.0,0.005366195833998039,0.008586784818968301,0.0056043698494353,0.01602881479729434,0.005822771190207118,0.01636290586065778,0.012542384099823915,0.013184905179599336,-0.006331908732670834,0.005985392095665981,0.006937231320332165,0.002521543088478562,0.012524197981617016,0.00496985203939072,0.031040240741956264,0.013200087414184693,0.02379776884116493,0.016240499483897906,0.15140350065207084,0.05149978039439377,0.025382523767287155,0.002276602374773072,0.0031896497585225114,-0.0011890629570582398,0.004008821606988873,0.12262293518805052
114.277,0.009705551079735284,0.009033653496982685,0.0038702294032126163,0.16724327954664314,0.0019226924776987139,0.20704714669021973,0.0,0.014502970233810687,0.01462222413284854,-0.001628536646739663,0.006363953295701972,0.0055467547572282715,0.0002702661078208855,0.02117327590353742,0.009989521877077454,0.011319411245422576,0.024865585960005075,0.013145001822303425,0.018592262691508325,0.009548820978274282,0.009886241648025923,0.031311340304339796,0.008520123134852113,0.04283283167151384,0.0038761480159030096,0.19341921134577614,0.015611408436877975,0.021253663099777245,0.006758282351593102,0.001008856214450321,0.0032409010345641025,0.0025930827809678763,0.19957776525882873
114.78,0.008458497985013063,0.004504188046287602,0.004373785126280815,0.18786973607159105,0.0016918132055913084,0.19139702934665062,0.0,0.006330155520942178,0.008910311885586877,0.017339972168126997,0.01452545184254363,0.004533651535391085,-0.0017164783298686175,0.0003009176387156982,0.01843503553631019,0.007035195924944913,0.02630740051084807,0.0011909074880187436,0.009741460114649506,0.021039885598259894,0.0025442596792740026,0.021160613047777835,0.02691665673409665,0.02352230121848828,0.020015981991867087,0.14311665178424446,0.006423337206814681,0.009844796895091672,0.004582554059948948,0.0012173452511491803,0.006732532490900956,0.0015622112087514191,0.2196208389865219
115.283,0.00636743857280529,0.020238478383032395,8.882966370148224e-05,0.1669047488681298,0.0006738505823232761,0.135847832397287,0.0,0.001369763395295387,2.0620087719720966e-06,0.012323988415467184,0.0016985562445332749,0.003841371504426648,0.0052904617702403175,0.02677930244874641,0.024524799605576623,0.018209365284940732,0.02372302866979216,-0.001254041053676128,-0.010715978918812078,0.008913882967219044,0.014759006618396778,0.009334489643207211,0.01807522814784432,0.03203976908687444,0.012615540561683526,0.10203943689912497,0.05721798142445329,0.031233916444307515,0.0022713905516189696,0.0040415965575477265,0.0017863912455874337,-0.00017935540284100463,0.2006105453059274
115.786,0.011069526036987536,0.005871810632340125,0.0020375414729662195,0.21747501626450133,0.0012470565563364895,0.1793923912691666,0.0,0.001512925032042779,0.016595890875316273,0.02006687798109965,0.002798394000555303,-0.002495109125933227,0.0064057350888949965,0.010637429964256902,0.01833199913153478,0.008725123834553932,0.03833853435847884,0.011430254766852853,0.02264083567372008,0.02499633136003442,0.013490245136198089,-0.009092136534345032,0.013056525866917587,0.03093870757949855,0.021518986702437605,0.15330232865068202,0.025299130010968625,0.015797796078893887,0.0017108017372886846,0.002001183187756717,0.0008761424043227888,0.0018559190448153623,0.23817311749373746
116.286,0.009642364275911515,0.005762649541090384,0.0066588207694411265,0.10211159298292105,0.0031680849704466127,0.16682992030825636,0.0,0.005040141450826822,0.014256483417168439,0.01903985945753887,0.006941848556364242,0.005133259211488108,0.007866806906440128,0.02175181550957432,0.008912122340405356,0.014156571125160755,0.028228023552858972,0.01668957022545627,0.01036193147801749,0.015982831700121436,0.023027398527833927,0.001433008399995563,0.015353200875577103,0.03078177520703819,0.03745542963304106,0.11969183691228193,0.03951675268603784,0.0021217257748736063,0.003856032151192859,0.004545506035071024,0.004196879515599582,0.005021775947049032,0.13274513356489775
116.778,0.003738767217108048,0.004352112639196195,0.0035149772765220287,0.13919083282935907,0.0006935461663304513,0.10767064675832842,0.0,-0.0015993506993178957,0.005249422177158799,0.013646468026114992,0.002127799464900662,0.0016875241032347987,0.014941086103276954,0.021198903639199473,-0.005413132386732874,0.012674311630038914,0.0184452646459336,0.005707011536643355,0.023264310191284047,0.017894714103254536,0.01205531136235841,-0.004515348881100313,0.010287024967769788,0.0044253343089529894,0.014457516932216252,0.094911800062035,0.06820119262966784,-0.004640560062858085,0.004793764713962058,-0.0009975867460352505,-0.00011814418016359305,0.0020937356852430834,0.152313693897932
117.277,0.007802215387566978,0.007378240938614801,0.005988657718233954,0.1383594519276531,0.0028811880604127033,0.10562397476418232,0.0,0.005433145071446269,0.007961157890625934,0.0044028352409538115,0.006125313091311481,0.011055437614988646,0.01759179371506181,0.013213455637866208,0.013033092052329743,0.00898704354910505,0.01075920631567961,0.01300624592119629,0.007688187962307049,0.021016440911747505,0.006708116573738858,0.013879202451111681,0.02241540093944005,0.010059031216071795,0.016835295069787967,0.09342247284093214,0.01715919322741481,0.0190751650145878,0.00614262773693987,0.004310757571739343,0.0059572497812262456,-0.0016761976363373124,0.15405678708402892
117.777,0.0109396652157339,0.00993169809605837,0.0044766864829438036,0.2307792922593721,0.0012423247836627356,0.188852362959833,0.0,0.020804921670155838,-0.0023358908690504165,0.006634639386415323,0.007197337497551245,0.00869719508062577,0.013794451700283695,0.008968007793297867,0.013755208999475283,0.002010982332172513,0.03230328786749,0.021333629369998858,0.01414158059980682,0.008136062905465211,0.007232698513854402,0.02187046152148491,0.028584019567785172,0.03649549276398433,0.030465270481863496,0.1363715036383795,0.02325188214947696,0.02279073312733648,0.005637778391370389,0.0012211778543412917,0.003048159078780046,-0.00033285325479682874,0.2182687501084928
118.295,0.007858946107503092,-3.733244430787197e-05,0.0017366751159191137,0.1562986876230559,0.0014026136432635538,0.14101428850700798,0.0,0.016769217688628126,0.006201648725047499,0.01223177111390429,0.014125065230724284,0.0013602832673019712,0.002498157081956621,0.01751210538524464,-0.0004526958531541709,0.020098565800250708,0.01067000979830501,0.018908621606723082,0.026471681912709256,0.01995053309454877,0.0058361203956866165,0.014713042821885281,0.023148003519420916,0.0017751793279226318,0.02617516867650565,0.16350033417497134,0.02542843556282445,0.00489524293999679,0.0008165359467302268,0.0015648071018324965,0.0009147135632826207,0.0031145774650415104,0.1912708709580138
118.778,0.004776895647462633,0.005723216880238519,0.0036443834663466134,0.10904856369998667,0.00013075213541329458,0.1149666080293333,0.0,-0.0007290697274712012,0.011009526053460878,-0.0018578773573171186,0.009433656786904842,0.0066922839996542815,0.0048135874010677825,0.030545917559965448,0.02395979816045852,0.0022340518620940545,-0.002337928329539113,0.013218527506433295,0.017938252017321212,0.024322540125583967,0.0027994901103042787,0.012570055316954912,-0.0012189819210422861,-0.0070407782290240455,0.0001374693112601804,0.10717333727795526,0.03778652413913732,0.009159018050923822,0.0028125956272867614,0.0004858029176395977,0.006246568030565604,0.002039899260359511,0.11673342607866802
119.281,0.0004068525275236609,-0.006994042924551389,0.00192224686742543,0.17099429131083851,-7.048499909785729e-05,0.06521971878672274,0.0,0.006823976351920335,-0.0006336809596820616,0.007332336058907661,0.0031249881048152203,0.01165635689720162,0.008306730824337586,0.011181355443942515,-0.008118340531922024,0.01087314207963549,-0.0013470592797986823,0.005154789395818852,0.0050072864343232056,0.021419767320246995,0.011298014099441504,0.012434217728296974,-0.0015902919410374372,0.00166143060882139,-0.004212342205086787,0.06899583083655424,0.016386709537726835,0.0014001979596537733,0.002533428511594885,-0.0028308072954389765,0.0022466068184123058,4.9819952402811705e-05,0.17050621793887927
119.778,0.0001997995837606109,-0.0005563124167692133,0.0035606587732561947,0.2712678467376054,0.0009241165935679202,0.06780552540915978,0.0,0.015952963356105715,-5.891450163223241e-06,0.010908469960274109,-9.581483345064814e-05,0.005458306068786345,0.011828096443430438,-0.0004036758832668554,0.020076839497157124,0.018277807918017395,-0.019382492043161142,0.011950593310051086,0.005657648274697803,0.00745271685339579,0.007904288084900726,0.013870579958276834,0.010168514400843482,0.0053605730770267986,0.024858039424344693,0.09253845626575367,0.004564364580418653,0.004077964938167473,0.006090011866020027,0.0027348875307359384,0.0022512060584580903,0.004276479941906466,0.30969237265246496
120.278,0.005831801658084889,0.005787067208837342,-0.00020222751203205822,0.2577097796755315,-0.001151007033656729,0.06229290106053495,0.0,0.008944155979259589,0.003110315996571254,0.017460680907948493,-0.002910569698315788,0.0004898325148519039,-0.000935534814970845,0.0034101886851676307,0.03455026821654112,0.014018679405465176,0.026077306357200326,0.021440426928754214,0.0027283382882125383,0.010910631840089119,0.016229828871356163,-0.001110056547683404,4.6971269991645694e-05,0.023362514878019578,0.028946319029308422,0.09533606311734318,0.027411322133960764,0.02133688424635768,-0.000451953300320779,0.0008176498171339612,0.0014305614175302629,0.0003396918123328368,0.2738614974989814
120.778,0.007581277110469622,1.0370080403284414e-05,0.0004043917175807243,0.22867712461581027,-0.0008990097159596764,0.07644897313419416,0.0,0.007120262126302468,0.004788130259964889,0.004069873975515003,0.0074756489251044216,0.0060880307620911345,-0.0009336009816683277,0.020703390630548955,0.006631049030640113,0.010972468109597408,0.017240227624649787,0.006108237979362185,0.012605331194726123,0.020609092572511544,0.01147241005769922,0.02074140194948148,0.0067495932696623765,0.04105596679692063,0.0017524600706629175,0.0782162151636676,0.02631500559344708,0.01736745606914555,-0.00493241583979256,0.006548521488697988,0.0008382839888859765,0.0022289009336995532,0.21807191137877538
121.278,0.013758940975175694,0.004453825062071415,2.7906177741630965e-06,0.24149520186943668,0.0004625274717517462,0.12307240319557801,0.0,0.0068702226316958185,0.0001998764270371331,0.005392852149294344,0.0015663350634415793,0.0033329053677917074,0.005370027720223918,0.028377562302344703,0.004121956663251483,0.021699586871346342,0.02562783127921702,0.013931879030910118,0.009728511467389784,0.013542591825484665,0.03647283535374785,0.014775509189628841,0.008774876756447024,0.017450264147461324,0.026247706584735304,0.12784768946934055,0.059189330039692366,0.010567144848968457,0.0025113808268158225,0.0030551037778688457,0.0005937439490100457,0.003791716158423315,0.23517528611112126
121.789,0.0042665884651679415,0.0007013512504532115,-1.0046235200981731e-05,0.17622888637831732,0.00018937725254346695,0.1386449391206027,0.0,-0.00831755647048869,0.004553973746525176,0.014210762886210085,0.008151000981092999,0.0021026222509078147,-0.0027229114467690538,0.004220600279746175,0.006706070042763935,0.011130603576372891,0.0268505923225897,0.011283931861131722,0.009221178722991382,0.01084993611231125,0.014769536759598315,0.011550523028156614,0.010866313220587356,0.024716669895752164,0.04498377119862557,0.15378633046638654,0.0034727803690894404,0.023652150203372465,0.0003779605294406234,0.002039571039994157,0.002425296142883631,-0.0018516302899009153,0.1902981290182449
122.279,0.0049070388387905195,0.006972155140547188,0.0020047134909425657,0.15776374542896332,0.0006676660958825628,0.1250864173439859,0.0,0.018837341026563818,0.01129205075060339,0.001784266681599024,0.007597075612002317,0.002807059175435169,0.016570681039181485,0.008615026660751698,0.016527619168242094,-0.00023949512089925206,0.0027392572484010763,-0.006735225057968833,-0.0058171156744819905,0.020711764103111603,0.02022070022732916,0.02590198498913534,0.002881179978516084,0.015434386682782297,0.018772701304229568,0.12474150857935001,0.05077216841630846,0.0019698821068508277,0.0021481979322521163,-4.9933707183468744e-05,0.0018919823689571768,-0.0007193828093495862,0.14377007764078603
122.778,0.00961386714766212,0.007613127405143507,0.0021092027927480605,0.13422607686510746,0.0001824498591513781,0.16524375614787895,0.0,0.0010133186824210151,0.009297853895054206,-0.003176823963026467,0.011019936903323216,0.005385700825949163,0.010362071732314753,0.012756376177113333,0.012637346292115909,0.020643428907714232,-0.00021424938439019403,0.018096884556150574,0.026203421561246432,0.01786456021175222,0.026214415706799832,0.0268452554469125,0.0170185210522763,0.03054272922489322,-1.1690976570040298e-05,0.14932789765069737,0.03628700678180159,0.016737925207048664,0.007928736410624478,0.0029154018579272477,0.00022156911083800148,0.005656268392517184,0.15213286822792357
123.288,0.006821327325221749,0.0014335196096321075,-0.0011851992664225386,0.1798348560731868,0.0018219998656003999,0.17179162689581154,0.0,0.014954671240140492,0.008699402001634058,0.014849186608104376,-0.00426648290188587,-0.0001040815178006327,0.0017659963291905632,0.0032213893043586636,2.194950676340141e-05,0.018508164138389297,0.016403148390707573,0.015603073222721458,0.01802813672068901,0.009952551671295433,0.025792757843465387,0.0071064462796198435,0.017663470662040978,0.019342412799432284,3.6534195001874124e-06,0.15473058610927848,0.026987887073343347,0.004507143811559392,0.002482889092494406,0.003832316988068043,0.002218130116990329,0.0045723101617144825,0.17625220732966118
123.78,0.006089054453688542,0.0024844391841978963,0.00643201627489958,0.21321141137722743,0.001036089480824175,0.14852582836625516,0.0,0.017826067599716864,0.003194847798799534,0.016372811343407553,1.6220341855941735e-05,0.00912490978954573,0.016431332279908242,0.006165528646581684,0.025259993009258835,0.012723002964384195,0.008063382502157442,0.015776487453084076,0.017352042955914523,0.022850234753326638,0.015933740215892864,0.026846575332320655,0.00212713838647838,-0.0002353535509435617,0.007408975520003586,0.1305810235613203,0.009824902462891348,0.006798050859050013,0.0020096522103908243,0.0011624824649125464,0.0020020957235465406,0.005677402549196442,0.24157215420017097
124.278,0.010241636742688274,0.01326163857141541,0.0051698399814348655,0.19037677421583443,0.0028661546169291814,0.19052778134893364,0.0,0.005288927744617309,0.006067491292492825,0.008512557600506229,0.009056954940546846,0.01216674106586546,0.01067817968275592,0.014278224158899695,0.028157068397579844,0.031077627542370055,0.011706358666696332,0.0050161557752060595,0.010232720227445008,0.03041875153455609,0.0143786565598726,0.017504861060572557,4.4061203655132475e-05,0.020354161301111836,0.02046607534091322,0.17781127869228308,0.018031410435821578,0.02018213718041685,0.00573092192992187,0.00277014191666088,0.00315235092499589,0.004251213335804376,0.22064862462942578
124.778,0.011782294948451176,0.015315309263095232,0.0052280214829715415,0.09126774704179026,0.0035424197564806045,0.16915898624235778,0.0,0.0031838599607519544,0.01049188790544407,0.013876417713978916,0.0029759397035322623,0.009476301830009779,0.011184093710155212,-0.00013494918618506925,0.026505046435214348,0.03268747962898514,0.03497520988941173,0.012391154694357637,0.027581817581963954,0.005235514225651291,0.008431070464090534,0.022297454600983,0.005475078576582304,0.008465576476636049,0.027111330655655328,0.13301427152539733,0.04127769400832184,0.03371166624090809,0.0053862670733867074,0.003234800339447842,0.004399214132295207,0.011173916213652508,0.1199606311446488
125.281,0.018490540400855338,0.0036279665014010225,0.002405436908627842,0.14586555181680863,0.004771904163209495,0.10973908770607631,0.0,0.006933625278360819,0.014229327290199094,0.011990157369607828,0.005665960802273494,0.006212753353626385,0.005508405613480561,0.02220705840112574,0.022138040317313243,0.020914863995984218,0.012650848085252771,0.038627939044034144,0.02828125821004199,0.02979496511277051,0.03245764971526473,0.01263428145170894,0.015841142525151793,0.02819957689508348,0.030068035552332673,0.10783926466019318,-0.031179228078793992,0.028281617110154523,0.002735257952762241,0.004778473117478474,0.0068626507651765485,0.008242691427610081,0.16413026610584555
125.777,0.010733446576069734,0.003997016241211669,0.0071541873944807165,0.08533581454553196,0.004975050256072078,0.0664998702382481,0.0,0.013068212225372317,0.007069593454540727,0.013747537128109047,0.004863164791075296,0.008979318254786768,0.023038216348475256,0.0052224410427705635,0.029899474271900952,0.011304352915336185,0.00299956224428269,0.022456274386474843,0.013267432429489643,0.01507465145958256,0.023773875182305483,0.015520565999102407,0.0053110153790209115,0.013298521185122668,0.020096295875228133,0.06003615886399806,-0.0024456261112759505,0.018944612472779804,0.008196381452978432,0.0043072343510205235,0.004185377413759587,0.007437417808166734,0.10141978135999531
126.277,0.01774837816776921,0.0024226913858991857,0.003562787819168343,0.1008065154993883,0.001710233998609052,0.015908328650374236,0.0,0.0038694561426354155,0.004757106815409527,0.029057818560924258,0.012041418766884757,0.003619154962196081,0.008863511230252488,0.02205581401938178,0.04123308782188112,0.011918715403545478,0.026174068239223594,0.045769679957165785,0.007393990551243238,0.035920873977610575,0.019890770871234656,0.022133816430420214,0.005650841695488946,0.025361798883577893,0.02628895081329701,0.019042069139224394,0.0006686340048799846,0.012068633245567614,0.001575542493838027,0.0023519017499906317,0.0029866920826174307,0.007530705127663015,0.08101760081837629
126.787,0.02065699570715478,0.013315577957464879,0.005602125543438908,0.12075025465981971,0.0032266992608124606,0.04341596807000447,0.0,0.015381678815635642,0.005445773002851348,0.006368178022721611,0.011339551226344046,0.009741914661791591,0.014073706421883865,0.01383003950094217,0.04452071818391117,0.02343572323482022,0.030406152894948354,0.025971852228054544,0.023704800789979996,0.029551614372937577,0.031149719643367484,0.02579902556987622,0.02867624326255564,0.044201273401888244,0.026055671270602366,0.036491819380241396,0.046461577957115016,0.01994154787146537,0.007037724906262444,0.004051631913675215,0.003706549033788428,0.00535022050441529,0.11272110198401167
127.278,0.014907915645452446,0.0031433349185217537,0.0008199265382758167,0.09328939754322033,0.0047088564107291495,0.0506262924305297,0.0,-0.005374380508597855,0.007033429627092489,0.013627399466590853,0.005787855190290964,0.0032299718812655504,0.004170743863438066,0.0026055742151847787,0.03532471657815448,0.0260379903692996,0.0069820239743637255,0.026310233633770292,0.01760505068397052,0.03612970788366977,0.03578649127126555,0.017067802629753534,0.024500837891294754,0.0345438997781833,0.026918912611536727,0.04842562278046626,-0.008955228662541323,0.02308110330151032,0.00691899321866251,0.006654919355955138,0.005318575136952657,0.006631759206848722,0.08464492254292272
127.779,0.016132547677388417,0.0006443106105461523,0.003945283865294137,0.0058408915292917285,0.004418469306276416,0.06386574701078729,0.0,0.022815590277701938,2.764901338671187e-05,0.016353729941588353,0.0018232403166943713,0.006233688738592209,0.006650796159569361,0.024306483698187525,0.015789823557877006,0.015840781440302168,0.029164259839443464,0.021168356327323723,0.02699986300050968,0.028795298691259942,0.01583148918217743,0.02013815293114391,0.021989991787212303,0.023751530620025087,0.04125154827111488,0.052633508135505845,0.011017077867425937,0.014844067995938499,0.008015539273826337,0.00658494825785351,0.011781605565834387,0.009534927503323708,0.009850316718227229
128.277,0.013406843706989724,0.004244071464287334,0.005134235279005145,0.05105085667007295,0.003931510617458823,0.06737451989974509,0.0,0.013102045341282433,0.009940876438104032,0.01456923227031035,0.01914390030076416,0.005901946827586904,0.009409097034136123,0.008186432822399312,0.013663201540651064,0.01590149812128895,0.029699083306095077,0.02904703560742068,0.01168725402786118,0.03150244412798814,0.003585511250330211,0.030407388862076307,0.018398290873071977,0.03258975514127203,0.0238808264958354,0.07147994540826902,0.016602014572142523,0.011413210904720942,0.0020307149741555053,0.005674135993387124,0.0039736892202803945,0.005456955534087829,0.019456985092678368
128.779,0.015978020017932894,0.007429743982273189,0.006777544131599675,0.019644422783536272,0.004978031954262162,0.10976350958841391,0.0,0.005814852688916843,0.00017481907953207154,0.01897317914661825,0.014163078510891394,0.007597449159580137,0.015438402952365798,0.02676667099424628,0.02148691600056374,0.030335783279245604,0.01355687262076461,0.023281335553273882,0.016168996511213823,0.027317295565773194,0.021697183790880124,0.02026520885001742,0.006506565859407683,0.03877643099520208,0.02738857452308476,0.1065011922105646,0.04731672510937239,0.017141734837631605,0.0030753087034791336,0.0019844659156426224,0.007140481625063639,0.009996414798837108,0.025778528482875363
129.277,0.0017536161631782857,0.005704624653899355,0.003823827483119904,-0.0007513185928220408,0.0009766356400760022,0.10562895947431702,0.0,0.00241516344254559,0.005445553959882221,0.012465476626476039,0.0069843070784040675,0.01177061247060677,0.008486915511035151,0.003931236017034605,0.011016458235428054,0.01728972668744278,0.02626139581554631,0.01343537134221514,0.00036024891034219146,0.0020528736991162707,0.008224634645788416,0.03035402749810409,0.01666056276154352,-0.011270573371294347,-0.0001251699705657729,0.11088268813785833,0.03934533622487705,0.011920069179935704,-0.003970014738195074,0.00539038912871546,0.0048301570376777314,0.001084831324230993,-0.00011949886590091633
129.778,0.0137396007718483,0.006518089545200144,0.0053152990304004555,0.0753741980465428,0.004783295027833513,0.15465359211082086,0.0,0.018670481372607156,0.015980728988111134,0.018844101415467798,-0.0076338190171547715,0.009345630070720765,0.007329744554980695,0.031373263521216506,0.026051953009413747,0.012402258320542101,0.021947796204247454,0.01763489820311744,0.015530007523264033,0.001674099443469177,0.019202053380683568,0.009660011601981013,0.030192595892973816,0.022786481098311825,0.027547034157608438,0.14058732335804305,0.00014552765645739512,0.013278666314011978,0.005967215662696511,0.002842857065856125,0.0058933257874473465,0.007753639959517461,0.07536281563853672
130.277,0.007220723576260913,0.012627137272591918,0.004917320011954912,0.0002921794527640696,0.004377498289081152,0.12293942375441885,0.0,0.0034878537145717975,0.014611614219803582,0.006356135545573046,0.009527268597426898,0.008985117359310835,0.010300765196329735,0.00632893902834197,0.019648186066605573,0.020298870534135385,0.014093242013245667,0.003458293199620677,0.018618534148046016,0.0005607810398082475,0.004502066229054475,0.02252778731205951,0.006304007841991169,0.026563538812758396,0.04330273659114092,0.11205243462648413,0.03590431307321678,0.011807240156394809,0.007086358512427413,0.005757085337468704,0.0029442386851027884,0.008095004662753164,0.010629533277706884
130.778,0.004129967900599931,0.009587917428061227,0.005731084805936349,0.008551443233635164,0.002760512429164806,0.1345233647916173,0.0,0.0008450558949949208,0.015683380932534234,-0.0042230344905688595,0.014646922035745198,0.009699341120415301,0.0128930523070972,0.02330455038943725,0.005838447800706518,0.017279287844319008,0.015104672476414548,0.018270156581278122,0.011356993687807864,0.011562588567967732,0.0005411585428037667,0.011711836585582084,0.006103548985462615,0.023415233262282655,0.004323315685845192,0.13689145558609114,0.03967008030563764,0.0026241403007476872,-0.00237869076363129,0.005022965416372834,0.004047205650212264,0.003258613192884607,0.004675665848459906
131.287,0.007269446929681855,0.0046239255657291554,0.003457618657720408,-0.027358874291757034,0.0025523553243161972,0.11752934539581027,0.0,0.003992012399269046,0.013377813082902671,0.009072724645394268,0.0004962698852150466,0.005379525201129401,0.009983037762648674,0.013131389604619882,0.005599358752695068,0.0260324840993369,0.03099088316647687,0.03371917005997717,0.0013863650918500877,0.0023921585814081236,0.02409782939755263,0.01441488559860311,0.0168106885420383,0.03179572458363602,-0.005369659889560376,0.1039527953461427,0.023269216340211705,0.008228191108318435,0.00612340076590039,0.008031365495146487,2.430343799382474e-05,0.0032159892907770164,-0.03364787190796002
131.778,0.008013904563520238,0.007247010306512701,0.0040821818716154715,-0.024285354529603634,0.001758033783475487,0.14326374915120682,0.0,0.0040254264671189316,0.005467923040436169,0.0004614214561283299,0.01224214010907629,0.007505412685940051,0.010275516856298548,0.024767296486893926,0.014357038326173884,0.015727614496934137,0.035187937654873075,0.02491915071916468,0.008308887343839853,0.00447371922298485,0.007204590349343216,0.023186659825262947,0.010316186494309154,0.04198186902052608,0.02859039660936905,0.14764753695254731,0.033102768819498245,-0.0067007677871618486,0.007332290619374873,0.0015412310638389776,2.800190635093761e-05,0.0014866480370385256,-0.02144437497928173
132.278,0.010937228459003107,0.00899301795251018,0.00430620273272792,-0.013367772818438733,0.0029777826389155667,0.12534896653372685,0.0,0.009075507616762235,0.007260101478181517,0.007867292711014254,6.821782351941848e-05,0.008468592946025671,0.009283342437599214,0.019221743758548487,0.008199842174253234,0.015061322090926968,0.041914103938499224,0.03461105118424951,0.01874392787202396,0.01648090409984466,0.018299051292871935,0.025842409054574283,0.007938503311029584,0.008578955951295488,0.020897735058072884,0.13659478389213162,0.03466340985780586,-0.003971850815733801,0.010943463900531114,0.0027778350530730223,0.0010176869617675264,0.0014574593445698253,-0.0022557831315296465
132.781,0.009325758253641,0.005344055190938496,0.004238238841566913,0.03268094890349854,0.0035084134519002205,0.14006850904897483,0.0,0.0016962987909973008,0.009523585334430066,0.014002066877199345,0.01533209955998459,0.007757157771309041,0.010803163032475678,0.020548266204481504,0.009217066791677908,0.014178037359356117,0.010147740908895501,0.013163507780650672,0.005155047046745817,0.009765979778935436,0.028208009560246265,0.02840265563757888,0.020883079594132988,0.03708828803154052,0.027260392599829975,0.14022358121778675,0.018852425866277285,4.064232397958703e-05,0.007757596739914665,0.005213888636574819,0.002017872814076006,0.0033891997392418386,0.03203052617192709
133.283,0.0033328976134553113,-0.0019425353665069155,0.004674734934395221,0.023493325312459328,0.002136028626562121,0.1701189452334182,0.0,0.009120254749246407,0.00717912452653901,0.01685380153317845,0.005737121791505577,0.005726334707915494,0.005353316422842065,0.014588458536790722,0.016791712970920802,0.005227048567439366,0.018168218492148735,0.00982761934961128,0.002289693846438717,0.007285684292136179,0.013977596953102418,-0.002012662848391533,0.0221852278501685,0.029106150228914305,0.021546177547607077,0.20999101536131431,-0.014075732229960222,0.01404564856909081,0.006613459934720812,0.0032118427405714626,0.0045965406429497434,0.0044618775696583105,0.03227300047920294
133.784,0.004280698974600537,0.019238177317105417,0.002911826879692083,0.041397492674342125,0.0018574603217715886,0.17312637120317792,0.0,0.004699368724345042,0.010700801751061834,0.01955220227888865,0.010608948405153747,-0.00021988240148070647,0.0030121113206018715,0.005590164560353277,0.007941244136968782,-0.002427671057023256,0.016922528735649124,0.014717627844725155,-0.005733414160362124,0.008697095033337416,0.007770418181938096,0.00913687890088293,0.016399331441375866,0.03477663953651159,0.01438010193207032,0.16964115486884654,0.016343806203010482,0.04320175383924022,0.00700793893404872,0.00025032516679239893,0.00575092531007895,0.003019101168277541,0.026171673863489762
134.278,0.006130296023134663,0.007150796619644754,-0.0026193223308299735,-0.02458929808303214,0.0015793052863823079,0.16611404678131342,0.0,-0.009492289558986036,0.00803487456246857,0.011954840400563046,0.0023755039687190747,-0.0011825428620577869,0.0002334002454171743,0.02775911288533751,0.01410252424058659,0.010303170870103818,0.01874618606039156,0.007789706552869658,-0.0009643698758117174,-0.014143847176713806,0.022643103743722783,-0.0016061996417599258,0.029793406218316002,0.029403044035685996,0.018716824932868723,0.14768696263091566,0.013718371883861945,0.02888245637184886,0.0074024983327610205,0.002233141736292691,0.0014460618178747618,0.00420039558818295,-0.027563931128250056
134.777,0.010347002219952408,0.013085583615322858,0.0024950001902986512,0.012934309450995312,0.0024288920837019653,0.1165477566166907,0.0,0.01867245915345276,0.003870827238544422,0.012017291799107026,0.0014827104284279838,0.0054693165391093805,-0.001304229219008357,0.007735759791828975,0.0053876011229940695,0.028225230038837663,0.03572295052351231,0.01869600134662201,0.01878283769053204,0.012241961663745866,0.019691392224402283,0.012458121225514835,0.021715225676501953,0.034605278299565216,0.013578954178906835,0.10142332357476765,0.03286871365005793,0.03245731753741143,0.0045690338977017455,0.007856117817983288,0.0028810643808044566,0.004781703295055594,4.647178118361316e-05
135.294,5.0124903991521e-05,0.0061713413972934224,0.0024816305883754953,0.023032044071097595,0.00144089236404443,0.10191830009700788,0.0,0.009866192692787967,0.007153855574163939,0.0015008437092557628,-0.0010157835322178851,0.0007616864203996062,0.009201533754613423,0.017877872987144286,0.010624169141098134,0.02010551717900514,0.03146957036283226,0.025398371708274227,0.0020847173859887833,0.00039012957104611287,-0.007425166705133824,0.0026514570572481765,-0.0015488746441570792,0.022655888376930507,-0.007184179682388977,0.11037064150416291,0.010286194519635703,0.01230785366224477,0.006263101170060562,0.0007310741475314449,0.0006163778975742376,0.005487231737408495,0.03487117202959258
135.778,0.0002676240957113795,0.0006574760688315335,0.004492158731574263,0.04212568626515916,0.0008391146258737107,0.1880027658494372,0.0,0.02134636097065885,0.0031396135115190687,0.005626370993845277,0.011320315437224723,0.004537246611329535,0.0059907668049786105,0.004739510904873497,0.010049115066108642,0.015067563243683257,0.0009517481463162483,0.014009433807499099,0.012838842509513625,0.015821105032531875,-0.006237897938395375,0.0004330219273197798,0.004626062125654034,0.02929275842199571,0.012249366140496386,0.18240473882611746,0.02803563442173599,0.004374222972478138,0.005170710181007051,0.0015891679699619255,0.0031797505405748,0.007153927814716219,0.08386283945636996
136.278,0.0051931753828512285,0.016066467051735214,0.007568143077512628,0.07566818534660415,0.00171538513365599,0.1373298575217049,0.0,0.01098667079279196,0.008216123826239213,0.014419477832645543,0.008676566319083484,0.011407558447793596,0.01179352721098911,0.008715053892924172,0.023593548727287108,0.00823934909436951,0.0002818426286027878,0.02114271600616032,0.034241496644242454,-0.003677639953568192,0.006013904631165283,0.007732589587838972,0.01591910868524439,0.014449608533961187,0.0029640635127907594,0.12643259141747673,0.062445797794211826,0.010841213301555496,0.0063584416662131145,0.004065171276538438,0.004949033078428999,0.002850858951402408,0.06765770658524256
136.776,-0.006481269135965543,0.0007742818548228887,0.0027247577165752097,0.0017851146645166429,-0.0004933000401959452,0.1320998096446784,0.0,0.011909001482666583,0.00014721597789388159,0.008438137609039897,0.013779292891959042,0.0069632787498538065,0.002137291226110493,-0.00036702925065152785,-0.004150345845697956,0.017575426066129805,0.006609101666732942,0.025825312268865096,0.0009500883364234117,0.01003732312370705,-0.006070002568376705,0.0035707346393461714,-0.0034640301922948145,-0.0020533114632469113,0.03387018875628133,0.11446398706735338,0.010432859126228497,0.006426199656194585,0.0007740047853043474,0.001127528033349896,0.0004990623169140843,0.00023963179598049863,0.022193498991787308
137.287,-0.002081760075751765,0.0002452310176855138,0.005284403819585634,0.04418584374965597,0.0013504638169886385,0.10355389692541418,0.0,0.011775963945670164,0.00555309696590195,-0.005438912304294826,0.017756072920076443,0.006419441186467324,0.013645448113140142,0.0030809354114184864,0.015145908860536624,0.005115022578814458,-0.002850211030463215,0.008358434391293223,0.006835796071971761,0.007100097220900373,-0.02966264124034974,0.013984567222183828,0.0016708859004315954,-0.004321480709139846,0.03818426871969424,0.10258244108750092,0.03407990721712419,0.006031406143625668,0.0018085613640447932,0.0016225131221895275,0.0013563229942367304,0.002433166553432253,0.0587564560288829
137.779,0.0030115325625632732,0.008819200068092387,0.002820492880495146,0.03415964622886087,0.002053729477453527,0.07548899285659362,0.0,0.012162009034090877,0.00737928378609896,-0.0010180494691543222,0.009378685579108594,0.0059293963994439414,0.006155786506936351,0.005423348236065817,0.01517542253855589,0.008133647492636177,-0.003420702663113835,0.010091168234452113,0.00015831674134770605,0.0028399496178608914,0.005862340784779381,0.018599444311026694,0.010268689298585055,0.033181933813439625,0.036442222740864304,0.0594173262705833,0.04256112336918201,0.029633109212607145,0.003472755895194445,-0.0012082391038309233,0.0017213838748995007,0.0015149121430362816,0.03219614424405949
138.278,0.011032202830692983,0.0057093528633164305,0.0010183880776834513,0.043073553578329156,0.0013342539269609525,0.08545246743167426,0.0,0.011930918144546618,0.009589635830085872,0.006338997020380111,0.006282579959186802,-0.0013079277756796175,0.000724753269977867,0.016832784390538213,0.018801644669171003,0.021735387260680347,0.015273848226803272,0.017127894630727176,0.014059963691548943,0.004662859130082435,0.009882792610373822,0.02134087785241967,0.017835825820949953,0.04809221125601531,0.02164196998050984,0.07952791350082687,0.023789418124591837,0.014311325922086547,0.007137659047864332,0.002497739580476168,0.0027058319750549653,-0.00039874536388317104,0.05534842673634003
138.778,0.007783803230963319,0.007597837379782588,0.0006123539293545568,0.03907535163780768,0.0014719706776826073,0.14442915453895697,0.0,0.010738876744414502,0.0037360255980296514,0.01224862419544065,0.007858968764086935,0.004096573556214734,-0.0034265801466076703,0.020477188901375797,0.021529596357611862,0.009639957008932658,2.5103927476628332e-05,0.006026037160384802,0.007043722223342739,0.022113664905572365,0.006634880667317441,0.007981476601539365,0.013192966301717353,0.025533920887302046,0.04187114072724112,0.12244875923659278,0.024599017891458755,0.019824239605515815,0.0014050182495921194,0.003907514205878074,0.004273258511446113,0.002976741828727253,0.054897026168449894
139.287,0.006561819949418582,0.008536411047225845,0.002509306868543895,0.048192236923104724,0.001726156044875655,0.07468948462625018,0.0,0.0023758208634222957,0.00230848366535933,0.01513920452049973,0.008116423739131,0.002666566093194158,0.006710217858915258,0.014471845608569402,-0.002353917047600239,0.015077225256667269,0.028691596907268666,0.014373701678230192,0.005814604280509586,-0.0013733055630034306,0.012727228308218685,0.003968878493507534,0.0192693211045073,0.031892620220483496,0.018904745960268008,0.062141165444931395,0.007326313747243277,0.018902657729376965,0.007857705235898418,0.003551734976719231,0.0017328404716859755,0.005359404802316057,0.07182319102524254
139.776,0.004454784636936135,0.0016462893421723612,0.00321326407818315,0.04159517185850789,1.5076334668213158e-05,0.02852217282011763,0.0,0.015101485054715634,0.006107905170904382,0.007760517306612685,0.011372823463366256,0.005268917457571816,0.007279965437382087,0.010603276054684006,-0.005115601582457501,-0.00374126446265193,0.013148154038891172,0.0078079287274755195,0.0034093866000902318,0.00013513734836413476,0.02049046839001634,0.025984070147314835,0.009788044663710789,0.013415355312843626,0.054544902127942635,0.02286793543467312,0.016541500646477067,-0.0025898899149755183,0.0022045767011519713,0.0011114849834085647,-0.0011548993983304823,0.002265285438355166,0.040065918659432515
140.279,0.0007379357343184319,0.006587862876965704,0.0011774178820444263,0.0389569023721623,0.0008773089903156997,0.10489244248107131,0.0,0.0008159324952459506,0.0003255325474126216,0.008261696921850298,0.0084502521297957,0.008057298511768255,0.003619943107479995,0.0037277562974839004,0.012672495104656527,5.781538774222259e-05,0.005773936441383357,0.004807384040744151,0.0040689378605324195,0.02497604479267133,0.014064133899370085,0.008466887018456638,0.016878979587965734,-0.004384612589136264,0.030855536693484124,0.09339355145319948,0.04274276383117592,0.011066692055478607,0.0024907097538804115,0.0006749129591098182,0.0011613020433575202,-0.0021032321510325255,0.053184774852421096
140.788,0.003017556936353103,0.008198261657388692,0.0038928521027518054,0.0642590445022402,-5.42751321137964e-05,0.04220425910983805,0.0,0.005964509687045371,0.014061010997555374,0.011771155480094284,0.005095429986957406,0.00480856547256733,0.00866795137542714,-0.0009771153211540515,0.03193218776586672,0.017688421029205512,0.008232260137359348,-0.02253968466160749,0.004878508145287775,0.017158239794321017,0.030712760923014493,0.02480710323992304,0.010571381448664176,0.006617689435293395,0.0012543020001092836,0.03020751827224355,0.018533654822657383,0.014256220413090319,0.0019665669743143843,-0.0002869181180100697,-0.00014300064756725511,2.8195079979863844e-05,0.11985189122681306
141.278,0.0005816332653889589,0.0023950953183022317,0.0010067224625919388,0.08003012383728333,0.0006670562432222177,0.03543681865099835,0.0,0.0020225643238198673,-0.00164430688989753,0.009854035495969969,0.0009502595915753295,0.008331001846211808,0.0020085745206057104,0.005781581782227402,0.005953988652642295,0.011628562941649188,0.02446151821341295,-0.015572024460958418,0.01528453516798146,-0.008385516062156073,0.02028784272395093,-0.0014867297752787377,0.0010039144500214238,0.03863995334982652,0.015015242374281656,0.02631025388731509,0.007675378943404339,0.00219032114096443,0.0020357056185140933,-0.00048060900584369814,0.005544223432639219,0.0020744283828482892,0.08274214063755275
141.778,-0.0009192177856003125,-0.005881679521057181,-0.00022404189477744847,0.07159566490102072,-0.001622121384332023,0.07671296258774345,0.0,-0.0035889996280297496,0.004238155125352716,-0.0043252028923180304,0.004127554993415884,0.005889605501528972,0.00411477026777682,0.014788392213127895,-0.006496838932091146,-0.0003219237940535571,0.0041848194982099275,-0.0011031437513731026,0.00022902350024641403,0.010868718023346128,0.030581688014513653,-0.007524554100291389,0.008909174367048267,0.0190015122250252,-0.008258513897850085,0.0800373160564782,0.004875077006923126,-0.00011611957726464996,-0.0019381849962610937,1.8494431050403323e-06,-0.0016951571061044799,0.00014627485516805646,0.0808314100724438
142.289,0.006571667618520958,-0.00029910833705087443,0.002227370396018606,0.05476986987718349,0.0013353089836872797,0.18443666931064895,0.0,0.005194059967449633,0.0058026807555373065,0.007135263379295511,0.00726571110201449,0.006577970739283397,0.0065143702304300945,0.021013062930956068,0.001165619331494897,0.016395582345872052,0.011542740260693329,0.002739658851896358,0.0005319773635611049,0.019434251566735672,0.011289816258050025,0.014905028665245039,0.011823326295887214,0.018154582080131088,0.027796663427188385,0.17506937378308743,0.012687916746278553,0.012189271428924247,0.0048753911275201955,0.006496235902529357,0.0008144156185524592,0.004882898657113647,0.0557839947767325
142.778,0.008415947469333877,0.010040215367778913,0.004546481722307104,0.10620727670972381,0.000904009250264785,0.2124128598679608,0.0,-0.0008155561900025402,0.006318439566562107,0.01543404170281491,0.008338088994820289,0.007966364245381127,0.011643892751791039,0.0037447447615576454,0.012740334641671963,-0.00023126155096903558,0.012238249267601899,-0.002460125351228023,0.007736719996461129,0.016887503987606935,0.020207022051668102,0.0337189120493867,0.021822740593739832,0.02546772013675078,0.025550264358500836,0.22654755362821527,0.02495614229163129,0.010700245677857335,0.0024291401820222764,0.005940108902781194,0.002046499016956231,0.0020773132741059167,0.14651134613338995
143.277,0.014282880249085944,0.014672541634854399,0.007606460701079278,0.17925809250971056,0.0027846179285123756,0.21444158637107477,0.0,0.020827628104568653,0.00594628727616916,0.00681438431027791,0.023156518297042527,0.010192286321195046,0.014442109711160105,0.018436795950133644,0.01634088585321741,0.023031763539532832,0.014164431854791507,0.03571096748518855,0.005738729010748486,0.04221114712984387,0.02620695604259908,0.02827469233780591,0.008561170477383773,0.022027969509725118,0.014392924192600897,0.1985278028420895,0.03468679436498364,0.031190370344929354,0.004489260011178068,0.0037060078104007685,0.002640026052166755,0.0035656450485038443,0.22553759660102574
143.778,-0.00011138619410456907,0.000777621020217375,0.0028655816231424806,0.18046518680604776,0.001322298017918783,0.1688257704403887,0.0,0.0067839430586618885,-0.000948728253955591,0.005165343245285993,0.0147751650809375,0.008139237912982373,0.007863235889834837,0.00010194841206439273,0.0062906464484970585,0.0007326158620674827,-0.0001004157099068404,0.0002757859378432309,0.01930908389510945,0.025769002016755797,0.017584940932894727,0.008542070700575086,0.011113191875161842,0.017408737873415823,0.013450761125594794,0.17663918109760127,0.01849545341372,0.00123451653834241,0.006807063180018193,0.006202370741998085,3.972177096429663e-05,0.0014258582697296077,0.22339055694193677
144.278,0.0007834161022439198,-0.002679727412037594,0.00012609417459447938,0.16713087385008502,-0.00034043732536133756,0.14497469523175688,0.0,0.011043111578585433,-0.0014985567531231748,0.015385400411054212,0.004702028997654178,0.004745278761317542,0.005433114736168854,-0.005994304588080351,0.006800546916115844,0.011734524043051473,-0.013085170622207997,0.016355065833310624,0.014071037304585837,0.013135015761809192,-0.00034620235453276,0.017260990957772976,0.005396442994318433,0.006651959258521092,0.009622997124191845,0.16844983591161902,-0.001740864039342295,0.021761989270028193,0.0019630733371068815,0.0010178795753721067,0.0011666278944139374,0.001762429074330074,0.211011253285815
144.778,-0.002263662002514112,0.010198261322254279,-0.0014038713733898376,0.2462763000355023,-0.0017009556139872216,0.16003312240754067,0.0,0.001458082900210512,-0.004185765753305706,0.011726799268026078,0.009347314150640653,-0.0033766514568104485,0.0016884372234525359,-0.0039424551737557946,0.00020705192848384255,-0.0009900151905847855,0.021885980605437838,0.01668186662276553,-0.004933315680445468,-0.0005405493934566972,0.00783902086232753,0.005301133883427334,-0.0034006935724622007,0.019240258133146174,0.004024639946911628,0.1451733264431602,0.041664852892540905,0.04163099031334452,-0.0021957774800704212,-0.005000189508390693,0.0025068636436196925,0.0001303448554139387,0.24270707209202128
145.28,0.006499391313943071,0.00875615224907277,0.0026556080569779166,0.2652553045685583,0.0031055676942610974,0.17550842310382642,0.0,0.011650476261591115,0.008813907106900117,0.015097156167945412,0.006507850988231002,-0.000759228318049313,0.0011187127639221302,0.0033964811522531257,0.00023769780803734427,0.017059179297070116,0.023558396697074713,0.011610828507615833,0.02294295421262202,0.028186071510585383,0.018081208631393165,0.010182892325245175,0.011579059473215764,0.016780723774959094,0.017661622266154524,0.175044152814818,0.02111019384303018,0.022385103174127036,0.0026287784741026777,0.004018524615221578,0.004488470906554088,0.005655562892897919,0.2836047303501593
145.777,0.006052236749151634,0.011506281962495557,0.003725422774433151,0.2978221053985002,0.000985567722910985,0.19267054601921993,0.0,0.014752928002480766,0.005256494515837373,0.013256287270720767,0.01233892009249295,0.002930866443295276,0.013979958824958338,0.004553855271118861,0.019224784920592895,0.007879755737867181,0.03174880947951436,0.009183900129751522,0.012649242095508351,0.0012369615655006968,0.010650254969759685,0.02417893371806876,0.004867742007988466,-0.0033662770704638296,0.039159425086542056,0.18846598612631382,0.05871232118473177,0.01259958116877468,0.003723602368681968,0.0026547544893308463,0.0007039009188948733,9.975037133452387e-05,0.3836585766571241
146.278,0.011977383034401162,0.003659513428867195,0.008831871792891839,0.3666883082604271,0.001547108159973399,0.22887420042964185,0.0,0.010058485759276687,0.009347021805255628,0.011893444612047603,0.02498411407189266,0.009025996365846799,0.011846244663237004,0.016851240203846034,0.025943394685982783,0.020293879180956105,0.01948074870226223,0.02044747795481894,0.005507616235205267,0.03395023019399864,0.007868745291307799,0.02244813964710111,0.0022098463390233074,0.02774955830585714,0.037639034218311114,0.20872020007624936,0.047345615427098316,-0.0031006040404921408,0.005442359805025464,0.002218992225208443,0.003175824835852609,0.0019381899313459328,0.3951151209184499
146.778,0.0038570662341583894,0.0047895489258240045,0.004084363840761871,0.2913557260554273,0.0006329871609201104,0.2885444523641305,0.0,0.009353116444930868,0.004707969463434938,0.00018314040000500995,0.005130591765345674,0.0096122095303283,0.013210568549589626,0.00818909891285265,0.028265417603506204,0.020168658012008067,0.01138840899656327,0.011506700463369171,0.012594131818615214,0.02624870386504558,0.0032199086941608825,-0.0009656659846888645,0.00864071233722385,0.0011668924090962394,0.010037653835840717,0.2634548570812732,0.017395685181104473,0.017320055525270384,0.00015787926629300009,0.006480375839880049,-0.0004915808016936152,0.0013660747893919968,0.3476151691819661
147.284,0.010076117477481165,0.005089614493979668,0.00578874488181406,0.2861862515878477,0.0014022815853507089,0.30583578067201417,0.0,0.011375618522840998,0.008396888674077787,0.0077649201585839,0.01465163115726609,0.01035862282508028,0.007932250914008097,0.006608303384471937,0.0263669867093438,0.014059065090617223,0.025864629560962513,0.049220057554141015,0.003308141693804258,0.032015664282001324,0.02260388642641804,0.011883508454077974,0.008944564412489859,0.0015616676375742658,0.013698617674016771,0.3122950784089363,0.03750852759984201,0.014654486107305305,0.0017153991784604975,0.0018161672975632935,0.0008979499376613282,0.0017908569256547889,0.35027123949289746
147.78,0.01112509833098509,0.004491170208415499,0.0077323030170284215,0.31231180031517386,0.0012785633456045531,0.36059428485551254,0.0,0.014350238665667522,0.00023718206348889774,0.005891095726716998,0.013213522973363704,0.009621851226334494,0.01778958198417574,0.016324250937783336,0.023560559943552488,0.017385565734870986,0.023331358002775075,0.07036914942726753,-0.004991468971084163,0.025650090185436035,0.013092170741664286,0.017758417396652876,0.009855886350121416,0.014615017019905245,0.031991697666919304,0.35577257699702375,0.04354330912299923,0.017370867137810088,0.0027304261204174653,0.0023050926817785576,0.0025227161381010743,0.0063679641690279655,0.3432741475721977
148.279,0.009520632832832873,0.0032469236432226788,0.0028948042079770995,0.25963689626051856,0.0004011440322723535,0.2439989205923433,0.0,0.00791387165127367,0.007100538424549051,0.003198354768029018,0.023150248958963743,0.004783260229667871,0.009352219761640438,0.01615931218046153,0.01672285554709084,0.013028414393471086,0.022422293213718213,0.048928896401214665,0.0163462001496581,0.020799764984122657,0.008104034323806882,0.028788254930672077,-0.004313941401818435,0.01509203497129082,0.017275580744761786,0.2571639317080839,0.03665080862485637,0.016090245137723152,0.0066538970967465715,0.0033801042160014473,0.00031133679621332927,-0.001592846405759022,0.30307488585611597
148.778,0.0049984542233720555,0.00038556019029973237,0.0001379817742261036,0.2525498620001724,2.7921665501851532e-05,0.2834658299404706,0.0,0.01175715961749804,0.007280125598830144,0.007819724362087489,0.0002386342345849593,0.0013980329257838311,0.004178604949542953,0.013460470230365555,-0.000679090474873014,7.325344203695355e-05,0.01986317230631083,0.03263118005107319,0.006273395727243042,0.011299167675914634,0.01701780271833784,0.016643710409338038,0.008116487635162354,0.03096380510150654,0.016353734128785664,0.27672664603642666,-0.00909239312511341,0.014370393427560815,2.057514540255794e-05,0.005635877552727491,-0.0002372217747837233,-0.0022477937383525303,0.2818884114547925
149.278,0.0031114579653229273,-0.006325178696642062,0.0006108663160567675,0.23490710749776636,0.0020905606120407813,0.24740757266164037,0.0,0.004205167444319127,0.004090984303873745,0.010067550983908729,0.003313560914615551,0.0069144292551003555,0.0025410504848468107,-0.0018590570522976947,0.013657027443267777,0.017753308213053598,0.012050293707385524,0.013261669106866283,0.007186680925353537,0.021390099620901628,0.01743393356323101,0.01820822211767468,0.002037775011197932,0.0023566073849037934,0.00785304730704238,0.2152031167080545,0.007013041047691648,0.010127342967576895,0.00493201826832732,0.0035499665889743505,0.0008032143404868066,0.0061945632448644344,0.2403831869857271
149.778,0.021857864029336267,0.014492394505917635,0.006349966668700736,0.25079395169753893,0.005128576176082305,0.20159287991255734,0.0,0.024531904899658084,0.0034579439517724085,0.010935885038429183,0.010725752261376379,0.010398133697627784,0.011471180449109643,0.036113704019729014,0.04972864455052161,0.029865648049445654,0.03514501807534725,0.03884790322092355,0.03920138803397734,0.018535569084148388,0.05138601289202268,0.008402326586108224,0.017649390197300982,0.030530856303802603,0.023614288903105088,0.18228836958739897,0.028501820123770706,0.022920892030666322,0.005528513271263852,0.0075045528935980665,0.004083708509023751,0.009572682388778252,0.29710135477346167
150.298,0.016732441608848996,0.01094540675793571,0.004371963993938777,0.2838186250637603,0.004902883853372381,0.16658580460888586,0.0,0.009594038823621474,0.0015951342796199034,-0.00039056924233806114,0.009269780526264761,0.011792113237318307,0.006795321141793458,0.018856096950234696,0.011776022784178136,0.03620350473989517,0.015880484973114683,0.02064406285820001,0.03385271919660496,0.02368536925291983,0.022205467272785186,0.027552414750454838,0.017668737226647725,0.04107602902084582,0.019745323390258418,0.16215425213570941,0.01968961138954246,0.020353926583615695,0.006980474342222755,0.0018635546446850474,0.007890575755421951,0.0067734297555536544,0.27687817610961923
150.782,0.013457621422401846,0.011430992289838005,0.007013648567289171,0.2855903838643034,0.003842973912010649,0.1578561421511015,0.0,0.012076882718547871,0.00769725941293942,0.011289379161404357,0.011453456503328054,0.007819744806887645,0.0074419512666840945,0.02776947069245125,0.031157611919805386,0.010210306562812004,0.022700737697106163,0.03001244084472197,0.04118699661671335,0.02022650182215657,0.017107501310029066,0.01519412365076537,0.022620834451169344,0.018154390552385144,0.013854019882333242,0.1406330386898222,0.06562486538608048,0.007101997534148243,0.005410018705634886,0.0013001714617204773,0.004011146463156073,0.005143634509502487,0.3204390067293554
151.284,0.012998698045003613,0.009360695277452523,0.006467392548651349,0.28002103220629654,0.005035103102280892,0.22115129854441734,0.0,0.005458921010313806,0.007498306324695951,0.009255531349422013,0.004588821225559589,0.008751052904441026,0.013028763905257888,0.026923736182214043,0.018081193330394738,0.021547644893789217,0.013383260072612473,0.011108351355777205,0.013538383647413084,0.02610677246859193,0.011715411041770566,0.02187244699454358,0.020974879779242714,0.020692394596038853,0.012536437966866458,0.2044836695932595,0.04770260387978006,0.013162337309528824,0.00609049511889076,0.006737481081745224,0.007392949961442795,0.008567722608638044,0.3043732015117433
151.786,0.0015522665305019979,0.009931311136830339,0.0033151312569946255,0.23868738341318982,0.002821287006351895,0.16083564730928387,0.0,0.008308247508213807,0.0021625400063926842,0.007687556769243339,0.0022735650427215853,0.008947612040679703,0.006523185090197138,0.024766824115186114,0.016052620141683963,0.011327530460213205,0.008126507686871388,-0.007777289085497838,0.014402032866999773,0.014640878411778373,0.00392640478353421,0.009639288784271859,0.012834616543404785,5.927513845439749e-05,-0.0043008227752441034,0.15543396239557708,0.05069608467646829,0.0057935913537156755,0.0051088385621049,0.00014976953304224121,0.0038156298294484575,0.005618128008921485,0.19417926237825792
152.277,0.013299317521001622,0.01745763138608487,0.007156800715966737,0.25695276045930926,0.0036295149988523445,0.18674499629907257,0.0,0.00824913914817169,0.0049089572442066135,0.010013651039622476,0.003293537287596565,0.016607079113120798,0.01684397396621354,0.03475065153898816,0.03317232878280032,0.008957356939537475,0.02050257458057441,0.01772972875405331,0.01600535017950265,0.03373731912270833,0.026052872751698937,0.03901170250388192,0.01891966705228645,0.00975331127418644,-0.008887085240723113,0.18674818007454883,0.05680228941406625,0.00943687410723538,0.00613481520761626,0.005503612284950535,0.003004914128912411,0.007610233738450044,0.27364670462627216
152.794,0.009255825700445676,-0.00010359481870903963,0.0033598306153588067,0.25618947656688995,0.003072737119362068,0.1810612262551752,0.0,0.012327856899821507,0.003492292731005514,0.00012380344182310793,0.008586564018121258,0.009386066106066609,0.0111699481668186,0.02382082842578717,0.02410123373170046,0.018960322105474922,0.0113026959596032,0.019812159240197913,0.024070391270788274,0.028969684682462117,0.01792852871401725,0.021694136283168314,0.018472198581859747,0.008430435452896394,0.00529612290412934,0.18242877165630195,0.035237862355357814,-0.000578456301880625,0.00187923473644561,0.004246202690121568,0.007808252629308365,0.005596032568402927,0.2632033706609987
153.279,3.4669126566568406e-05,0.0060755881468447966,0.00649302720980355,0.174127848390033,0.0008460237034463151,0.12626047764649195,0.0,0.014320239401084412,0.008934066293054654,0.006460656031444522,-0.0016580762489289903,0.012201392448878285,0.012739206010264629,0.012000554853231168,0.019542728813020303,0.012501247708374734,-0.007517522561127282,0.014531802938697456,0.02185513324773701,0.01787035677859649,0.0008258089004841854,-0.004523550977887801,-0.0024989361709326714,0.007946393305332086,0.0003355659678571435,0.11256903062780488,0.029655707711857437,0.013441492467596159,0.006502075589056631,0.003952678302957179,0.0019837265445914487,0.002142165577097762,0.19309141256734488
153.778,0.013121156495085412,4.028687394231657e-05,0.004908532670442773,0.1826146440684494,0.0016692532950571166,0.14754149500829253,0.0,0.0017203175356836425,0.009953996298598758,0.01313611700543629,0.005128381076869983,0.009690738166746074,0.010142308252261522,0.0185043981715475,0.04415214276553129,0.01613860854944459,0.03229112430887655,0.01559210841965681,0.021926748979549875,0.03012155336595781,0.014229794053052806,0.027689724757107615,0.014587047755337545,0.0016988930820447052,0.020585611840390712,0.1576044912818707,0.007907875422594987,0.013165717328007944,0.0033134674419658663,0.004358850237319366,0.0034068818630334165,0.0010167392102586616,0.19597608488376436
154.287,0.01040640106636458,0.011175724044529052,0.002353530063428158,0.1534504607095451,0.002414342481630569,0.22870230772803715,0.0,0.007426177589788001,0.008535947010844598,0.013944040050998871,0.005867815543380297,0.0051051844723846275,0.00508164716842054,0.024975899705361234,0.027564103045710976,0.02845445481764006,0.012050976737152951,0.026396461652900605,0.020034283948626927,0.008515008774094833,-0.007644212034727627,0.008153864154557672,0.008070376464482254,0.02114139694957124,0.032876427797070853,0.20500667337108613,0.0008811187990196251,0.038334224648731687,0.0018849876925645524,0.004012464063118591,0.004555296366506471,0.004442609235191842,0.161054034071111
154.776,0.014431133029259201,0.002248550792287105,0.0019588316419015695,0.2046287409178947,0.0014125714009166636,0.1740013843678138,0.0,0.020799609873816672,0.011368658655402758,0.005059091147508513,0.013674142665746599,-0.0004250160189117586,0.00098176718590587,0.025450534255217403,0.02139333307472644,0.03227146153742129,0.023091786315166604,0.02265713333923533,0.019010588281954174,0.02727219919886904,0.00857307419080329,0.03740261035620234,0.007649378855175284,0.02106708967952149,0.03063916743516112,0.1546647128200835,-0.003173146043923346,0.01955426602597401,0.00653428409502439,0.003130690124489218,0.005552770262305989,0.0058493506804969935,0.18694666788316214
155.278,0.01397527578655046,0.020939565967009362,0.0032792457313352156,0.2001059575376399,0.0025915684390350638,0.18118860624533487,0.0,-0.001997677127475599,0.014143742148127861,0.018489381757180897,0.015098714648068307,0.0068709215125139535,-0.000552867979625856,0.03153565228227791,0.019367578942343568,0.03537280859433559,0.006009933143161994,0.027331072058296272,0.02439052672958943,0.03821086982931101,0.0030317446323927613,0.012194754374526702,0.015264186279989917,0.03417858633845977,0.02241408100398999,0.15320520809963994,0.024327521314531034,0.025782192283031115,0.006150750891964461,0.0019350569644068975,0.009059099128122219,0.0012596548695032166,0.21816005335977984
155.778,0.015046485546829988,0.008486329613533116,-0.0012228176311950602,0.19830583912063915,0.002116150393881006,0.16673732336935154,0.0,0.004766179022128525,0.0019471809053809531,0.0020952212239802753,0.00496450735274506,0.001194144619560859,-0.0013789756970892005,0.029127286021805445,0.017704784484983575,0.023743656716668195,0.04586982251599398,0.02883079475336238,0.044774825109342636,0.0025543904398112934,0.02225312764687878,0.011392668888216223,0.02134913635900172,0.019778590704536587,0.02622618707046987,0.16039188627614992,0.015105328845901147,0.018669532017555713,0.003733112756424062,0.005933167028706971,0.004078309626430278,0.009471373157252138,0.21741381438354657
156.278,0.014279895156798325,0.0037914103744618897,-0.0004246362018471771,0.20151094564763994,0.001545392068058141,0.1905423863620078,0.0,-0.005381102254849681,-0.004107559642262755,0.006978862702616646,0.006949503323640908,-0.003696261522031621,0.0069838533576154485,0.030124957464824183,0.028458721666148015,0.0015193384954201754,0.0170883362454632,0.018184318734516938,0.020401750353963178,0.013706329354843859,0.0213432380459377,0.01933339742617766,-0.0010896881624248276,0.04194535481599692,0.02783980804140894,0.18561405092617786,0.02728240752285223,0.011521239561931178,0.006000576232389402,0.0046562701019622925,0.005007827459524016,0.0024859659944478515,0.1934497656513986
156.778,0.02017195916171363,0.008760581036128832,0.004799703844999999,0.19523912849675445,0.0011255898308304558,0.2395439026501481,0.0,0.01582684543777705,0.017009220786073902,0.012810552198927985,0.0036588508305014666,0.0008679809244821291,0.008304273159187964,0.0386624042879996,0.029585270043183547,0.0360412146339537,0.024879419963236137,0.03784038002284436,0.016068602422528985,0.008905436313155936,0.0269212541523215,0.020228559102384205,0.01963092666520451,0.014153981285420445,0.021818332122762487,0.21211929634637539,0.019923426442828684,0.014847885947936072,0.006131932783034018,-0.0004353282024815948,0.004292777964666595,0.002502917872961178,0.1869117157421021
157.288,0.013318783287661593,0.009587338329976717,0.0025286778560994904,0.2339908117572069,0.0009794886487390429,0.2017545413688719,0.0,0.0022343180067494984,0.006678426590033952,0.017727884619380366,0.007851782891250901,0.006979276071019335,0.0016009080585181524,0.013195540138821278,0.004691681794550982,0.013784964853506375,0.021146665689704525,0.016792360787035644,0.02651267624123151,0.02194112883316426,0.014771773599326726,0.007732627299694707,0.01701946073661058,0.033015904239278235,0.04407143820752734,0.1793417105253305,0.026935176953001353,0.019645399182214546,0.008884340980300717,-0.0014700118214328662,0.005016273000846403,-0.0016556193639134336,0.2478768640766221
157.778,0.020216660070547284,0.019119113328499585,0.008161888875020864,0.18127788479516857,0.0038249403396447075,0.16530273387606265,0.0,0.015560472666392586,0.009514490193568792,0.007589590975243747,0.014144734003742413,0.010405331235024245,0.01911258848972016,0.032761711395419446,0.039229676340059465,0.016997421380062036,0.034219875352806746,0.027065301976690975,0.013212744310023509,0.024220765525810622,0.03396139878615708,0.020025877230764762,0.012197714330685363,0.030397154271539013,0.03034796097880061,0.1475676972976472,0.05173840655126692,0.017643690299111194,0.006140045346662651,0.007795686726928487,0.004941918906795075,0.004644521250962665,0.1797760829396217
158.279,0.009045018301420567,0.008042749955583519,0.005132315316803193,0.14183867260529523,0.0023371745054604357,0.2380441430647196,0.0,0.01183251931674877,0.005042062713450955,-0.0028196846570369676,0.018333547039766425,0.007557159557307528,0.011383306018364086,0.015372712645296332,0.017951372493542377,0.009322628041889526,0.02710492449304728,0.01864127404926947,0.02982922048317826,0.003641843215970687,0.014704108120230238,0.007663543853451709,0.009425939657468668,0.02011180442554849,0.008888156184491194,0.22964250782911727,0.05803142746977639,0.014590342832987201,0.006405749134781673,0.0005848399733014432,0.0028522146925946132,0.0006152814826475535,0.16273616141320743
158.778,0.0022612595401720697,0.0027164429040031192,0.002820654149267529,0.14630197334008035,0.0003697438182124193,0.1950203649950591,0.0,0.00739158647228419,0.003540653947635808,0.011123886007096198,0.0142336205224641,0.006332787130798488,0.008320100395730452,0.0054910352418590476,0.022146522306877765,0.0022881292682255935,0.008736035000901707,0.004688485546730872,0.0037407808070922368,0.020118748607764407,0.0003902674142329668,0.015480342931246005,0.0018699527383329825,-0.010376892958045218,0.02086215948896784,0.20072451241314895,0.04110916876128026,0.017110845735193798,-0.00022426007601661723,0.005561886055019065,0.004738651755054383,0.003788914747469566,0.16692736836279104
159.285,0.0049192143249238785,0.013148652692650196,0.007133907950143775,0.12263945446895935,0.0013259051213193737,0.24485900134277475,0.0,0.016622716537915416,0.0055535753140828195,0.006772846933629004,0.015207525807892357,0.013682051619151734,0.018080113763869404,-0.012621754162818428,0.0230939487989218,0.0026129824264789015,0.02871641764939967,0.0009027487444089601,0.014968292414958707,0.002900651137611853,0.005127391338736803,0.010566593205573556,0.0042860506991216655,0.018844992618514102,-0.0016110652054298845,0.23666028631759267,0.06659071004673889,0.02358427659162836,0.00487703947632903,0.0037532975699649984,0.004568282642240716,0.00170242659370331,0.14645489593225267
159.778,0.01008571218205961,0.005895065626958688,0.002429633497950679,0.09918198248887403,0.00015875443715732018,0.21213772296552308,0.0,0.013217916619666273,0.012604986730021483,0.014560059980500103,0.0011544324538119246,0.006033341719157723,0.005896392488144593,0.0287197798343264,0.03604531971133331,0.0032078461894420804,0.019027149666586436,0.03404469858600418,-0.003957744824290657,0.006950289933214112,0.012663138616628345,0.02808072528246036,0.010071890349953401,0.02855934382129902,0.00494034168432116,0.1834770664922846,0.02220825149389905,0.014486362728311433,0.005502189021105128,0.00020399291905808973,0.0014227044643904104,0.002438043060511792,0.12649677671477524
160.278,0.012609980073911231,0.0037670107808079785,0.0026903028801017158,0.1339934218810451,0.00043275838639362716,0.23095062015111406,0.0,0.010350937093935603,0.004733724562180917,0.0007460870805837279,0.011908588991585891,0.006240253719495042,0.004801078680740684,0.030607155579622885,0.014407783562883638,0.007238879995319111,0.012581310600094339,0.024508822342217042,0.037555700325844626,0.00626886355520036,0.017696403616514225,0.027524193413257982,0.01449704130589939,0.007527156797633671,0.006491983092240107,0.21276004530452375,0.018171825596285173,0.03344940542558388,0.0016380927223242578,0.005855515418787761,0.0029699243988559783,0.00512459254672338,0.1744584744760056
160.779,0.012414886065814161,0.0026028605609345647,-7.376197688464029e-05,0.18413345237115242,0.001235654952960035,0.2075466730712122,0.0,0.011048036458247203,0.0045040583104975366,0.006291808691559826,0.007638916790283623,0.003915906447343985,0.002674618929091897,0.02624988553168495,0.0025104671500110337,-0.0005435921625920345,0.02422925547089922,0.010743799650372834,0.010847211509732942,0.01946654258760451,0.019276142725694646,0.01903305138585889,0.02031237889126197,0.03626701382456381,0.031153000688849988,0.19449506668987607,-0.023105789774638327,0.03313999275109392,0.0004814589079726368,0.0038390739794207096,0.009578839213216275,0.003855434233216101,0.20660616508978144
161.277,0.017863037194521956,0.008154772172817288,0.0026896134242934758,0.1620224309050594,0.0015180861400887376,0.2331133425249785,0.0,-0.0033089912685565215,0.0004286344241015078,0.0038897449823621297,0.005849259231885855,0.005740235501958784,0.009640973877877303,0.037776752561197446,0.014371778755868278,0.01307655325922626,0.03141087719768498,0.05449343546716243,0.0193289298945399,0.02653368474752357,0.03631433938606356,0.015555223783347222,0.03155065602120825,0.034196442166435935,0.018314799588636178,0.23519028517693982,-0.006860614007407829,0.022157684200749934,0.005302477883108977,0.0015667332331687012,0.004656699039966026,0.0025458635961989047,0.190321407957335
161.778,0.01149473376080645,0.010193918964288664,0.002170763020835847,0.13071751008365634,0.001984535666783356,0.21164034882624178,0.0,0.0029047442730358104,-0.00032848272476719,0.007709673864718574,0.004327507433723308,0.006468231530895396,0.007600681588716679,0.020705162571460184,0.010347247819047771,0.019527403243369035,0.02711631841951522,0.015325194236364931,0.008603544725559298,0.006438481433880224,0.024696872615890885,0.020011115250594454,0.016842476749894003,0.021497917346527468,0.024065670496455683,0.2183831684251864,0.03986492656899384,0.013468458562819495,0.0035968506728085285,0.0030216023885759756,0.002091452340809017,0.00462011511369822,0.1715532985120974
162.286,0.011322015073682372,0.008811034858829152,0.002977652838811722,0.1128184289316964,0.0016815293605309306,0.1891606405499514,0.0,0.012444412334750746,0.0009488215575051833,0.0013313952759770788,0.010095559625349198,0.006656651769382121,0.013291573546229438,0.0275284986021802,0.01409819522454472,0.017873495794717555,0.031378851158108026,-0.00988396332562247,0.013377215358065932,0.021561981526411172,-0.0007917441078934166,0.017447074178320206,0.02371402902735776,0.02498182923786508,0.0005496176474399243,0.20112448124474044,0.03772038197228645,0.00918710788772009,0.00859904082430428,0.003350294953549589,0.004265032418287241,-0.0002928904094445099,0.13251334531244313
162.778,-0.003726522565352142,0.00172821031584625,0.0026095835380209723,0.11298357028633277,0.0007246768875581371,0.19479117857851797,0.0,0.00782137534045212,0.002637412539139854,0.003476057282900098,-6.0493664945753914e-05,0.007847482739272967,0.013439594345787608,0.0005248513010089051,0.003159719349432859,0.00490743579252693,0.015340412257908161,-0.002403896295999524,0.0001349267625856178,-0.006232483599962446,-0.003290931284845208,-0.004071402510950771,0.012540667825312725,0.016476477825523687,-0.003296759571987048,0.19391616767487024,0.04006985703617183,0.0008177681384731024,0.002712771699275506,0.0037314116509496904,0.0013757287040462832,0.0026135377961023503,0.11394419798800734
163.279,0.004228162389737471,0.01583369482643214,0.008227594353317519,0.13804487927372183,0.0027165828143132175,0.1968263455599996,0.0,0.01916495173664722,0.004823804946140461,0.011178685199783676,0.004281855709307096,0.012192809135590621,0.016420235929710553,0.004975189383902262,0.015985190654791974,0.009928401387819667,-0.0016508772634739456,0.012975602625232618,0.009546310860981466,0.005806935458222568,0.015564470255068054,0.02006659322599133,0.0015710372467396135,0.02162188447146853,0.005970327167651778,0.18711973700854967,0.06168567045588342,0.013940222856398359,0.007353113765906266,0.0062210094110780175,0.0012274275228665193,0.007918229054948732,0.14884357780127933
163.777,-0.001650884469596355,0.007266985432093276,0.004277187890457169,0.10192996673079249,0.0015662370762985086,0.21982092614100465,0.0,0.015845430221499143,0.005688575052018745,0.00011187985242784899,0.005912634751922577,0.01566639041620161,0.010452215327519165,0.011024379235277578,0.007809098972470395,0.002693439325243992,-0.006666580098459855,0.026813399230188533,-0.0023384734815871627,0.015088810270035752,0.0029472920976799863,0.002870418985709164,0.0014405938727970902,0.025424935758960442,0.01628486251894848,0.23539536613166656,0.06152765707180938,-0.0006487329534864306,-0.0003578199330216111,0.005054478149784902,0.006075028830221197,0.002925022595316015,0.12897333787059173
164.277,0.007473513549369623,0.00779245235295408,0.008139838296264778,0.11480151036757891,0.0015595629527061995,0.25504184903629873,0.0,0.011504496120878784,0.008032142420909836,-0.0015804397840663029,0.017164081480826265,0.009453412593069596,0.015389780572322192,-0.00188986144212648,0.01938690792469683,0.019229007971920033,0.006030810062225848,0.03194192773338975,0.0046963973295944626,0.016528862773057373,0.0004408827695131567,0.009131997109948328,-0.0010178168994039868,0.03431158656923677,0.0282484414491195,0.2500424155737569,0.07277691494490625,0.012040272563064898,0.010193762185961235,0.0020916500015769023,0.0045481614116923514,0.0049588361339152395,0.11399443779497541
164.777,0.0076645909491278325,0.0009715209775814398,0.0050104858009136005,0.16629929615035743,0.0005881703404562478,0.2839934257916608,0.0,0.009030440926555841,0.004184690403890693,0.011208298736710793,0.01053562763252751,0.005168895571967037,0.012925486378102424,0.024205560206810566,0.0033744562568246744,0.02372356344685818,0.02797625745727373,0.01661746117598025,-0.004659693230914066,-0.0031630848817601255,0.010082299281900846,-0.0034769927404774146,0.002731422496780602,0.029544980851310403,0.034028580549593075,0.2969609281355549,0.016402575364957275,0.012546655281538581,0.003532912325037363,0.0018811645957612644,5.879356147668223e-05,0.0046616097216821304,0.18738126662647128
165.278,0.00983977452701696,0.008273814217413408,0.008118140885671565,0.14469002041438642,0.0015561143287448065,0.32639251878887166,0.0,0.014633004416930355,0.005330108052009448,-0.0003196465035070429,0.013047723281918836,0.015476086507316883,0.018065117036187153,0.017809254768019072,0.02461756327294759,0.031194438227636272,0.023406843799114625,0.026572120669344786,0.016025492923722462,0.007986229464632101,0.014778428194384949,0.012549622980837434,-0.008065880415499294,0.01365625354345605,0.026845337364798622,0.31101436620034695,0.030365491176783145,0.02591455018989207,0.006449942859718414,0.0067422721148958495,0.004744812664400233,0.0035165489772612454,0.15789717014642654
165.786,0.017005074862729806,0.012039428875902008,0.006242386166911899,0.1270030251321415,0.0012594350297337696,0.2979345217326018,0.0,0.021025006664749085,0.0021489053021963313,0.0025176432563755765,0.016533382635004416,0.007666280361302432,0.014424211353212611,0.018665493968125422,0.017313339036469953,0.029765445505698374,0.03723789547536662,0.031451400769408125,0.027696573088874812,0.024530158198715152,0.018818732802617,0.008420329545215462,0.019552402783344216,0.051282740966396664,0.014700265405003896,0.31388642643156406,0.03822963783021105,0.03390520469193993,0.008554339752961434,-0.00032636682188955796,0.003251567375785736,0.00365121044315885,0.12827866678728678
166.278,0.014900376888516528,0.009047507466550942,-0.0021260457821515766,0.14009310687571402,0.00019328982554952013,0.19434967003994616,0.0,0.017402852522305685,0.0009306552045100785,0.010619410927943954,0.0044778092780713465,-0.004734501343038894,-0.0036772943615558276,0.029243607248872032,0.01202865914718456,0.016369020864562257,0.03161632882822957,0.015977783686501077,-0.002774953397468881,0.01099611451511897,0.028635816717982574,0.007809344873331137,0.016561278283341137,0.025053053210023463,0.021352602346422108,0.2033343602938361,0.03881177246234958,0.0327090400904074,-7.79673580204154e-05,0.0008426638872394823,0.0015377649998465596,0.0015811390745878705,0.15237681708368264
166.778,0.017976182456439855,0.012613509556605467,0.0010699092795268372,0.17015357991804717,2.473813248261107e-05,0.15393319092837057,0.0,0.016511830782773598,0.006758003629935572,0.01316596394246868,0.015331377743030507,-0.0012580306400174768,0.00018675762840249274,0.02840297500399973,0.02552938885439258,0.02724163060774324,0.04064919937644382,0.02065015730502016,0.020584182421325297,0.00867908614612466,0.030296595571049058,0.024650365378984962,0.0252906689029891,0.039249203714654124,0.00872708863373233,0.1510703690160239,0.06254051221639807,0.020363695544621814,-0.0008420227836404279,0.002657868313507658,0.005120669947444787,0.004113064138712903,0.1767494401569397
167.278,0.012554734404645562,0.0009262824591627636,8.111758209954276e-05,0.22284981855005076,-0.00019963507838926292,0.12710621707722278,0.0,0.010697792873615152,-6.222532208537819e-05,0.006576058165693737,0.004536422909700506,0.0012659390644904943,-0.002423180005044781,0.024523102346279586,0.007577908711140281,0.016511692016316467,0.02446446350523067,0.012306076523394438,0.007826044191933241,0.020277354015709504,0.01798491278705039,0.019104676433806436,0.022937482424919522,0.022134392349496025,0.01653105268333069,0.1563679128509837,0.025073698746724698,0.012793091380996973,2.7288788070687382e-05,0.0023134898244767587,-0.0008431576056365996,0.0033938698012084324,0.23096584100376055
167.78,0.008353924830162387,0.007241621603822342,0.0015523631810216401,0.21237397614755643,-0.00018819308394735663,0.15160495116271905,0.0,0.01113046326824174,0.005990691430878916,0.004059179914218016,0.00522790737329045,0.004015752843031963,0.0051375333072544065,0.018085628710110567,0.004156505126211807,0.006195779413633214,0.028548819467183524,0.022992293950266796,0.005051112020755409,-0.008372697113965896,0.027574252280789736,0.008049246322277513,0.019499690240916332,0.04559985056443743,0.022970345052700826,0.1626849583049179,0.03779934846333496,0.014272516887268652,-0.001480643600269464,0.0014901921391530708,0.0016836078718796069,0.000363977597716972,0.2302409521951286
168.283,0.009252998690703089,0.010004198146257547,0.00095132027533535,0.11102174871232859,0.002065977057072199,0.10696606798451831,0.0,-0.0015069270222961646,0.005102782273419865,0.012621488941304902,-0.0014062352124387413,0.002275875953473623,0.0070469714605115655,0.0187584137548827,0.0017804638369275678,0.02710689970915748,0.007577231167908051,0.03328709682475292,0.01859073907390338,0.003485957296037561,0.023034594230662574,0.015175380750139923,0.018974445556536473,1.995804337848568e-05,0.030874888594792857,0.10121351490007115,0.03620542924974036,0.01640311382082075,0.006138544784644769,0.00417714654892191,-0.000948294894273034,0.0024781602024099127,0.10066428766347649
168.787,0.012061971367324063,0.005037443336171357,0.0028775458771108328,0.0750097032481076,0.0029209637674967393,0.07809871293109594,0.0,0.016128409854669026,0.00922474195514359,0.005970642243467416,2.117291081370355e-05,0.005207633189227771,0.0067552901709392035,0.015888009520340383,0.009480210912169582,0.018807307281014124,0.01126971846169667,0.013052000594381755,0.031114932708717107,0.02454901154012633,0.037062944537127586,0.010218174987469332,0.020292926072806968,0.0343201461886262,0.018111797677615407,0.07634762219321105,0.02467271710863675,-0.00045876255832243785,0.011048882939096113,0.004486171093077521,0.006055947640891769,0.007055756182395858,0.0535245298967143
169.286,-0.005061769599383424,-0.010524116379914433,0.00022534386386460222,0.02633989427666902,-0.00029770180854734126,0.06644867681987109,0.0,0.0069177185281774755,2.419873636649963e-05,0.0007198989608865263,-0.005232093245783186,0.006358130389141671,9.035384120834539e-05,-0.003087997935211085,-0.025225146150088088,0.005663760448107065,0.005662747900680666,0.028913759366047214,0.003254694933240163,0.008982113672461788,0.02308468690689158,-0.010730937248977746,0.013513997500463316,2.6606539094609494e-05,0.009708016268763756,0.07379650792428541,-0.011502327283394965,-0.004934774302233189,0.005167492131932213,0.004252600256770294,-0.000151183443797382,0.0012596646801319262,0.02820681617678673
169.779,0.005551361642522482,0.010832476208105487,0.005312560796697381,0.024551587730470288,0.0012330777714662918,0.043422038631854815,0.0,0.012213385046795394,0.007909110710271934,0.003769971525607441,-0.0017307476473700416,0.008850775754954564,0.010514667713453107,0.019904312289484694,0.0055452290119749545,0.0045959102220556585,0.0014250505027624423,0.01215227910768797,0.015698872543933956,0.012092713045190853,0.011215520804779019,0.019320173028549922,0.012365132449124525,0.025352856318362,0.0021466002257735373,0.05813096670648432,0.06606316713879543,0.0012451537796148915,0.004031141975359597,0.0039802496799281025,0.003328953994396822,-7.575194392089876e-05,0.038160400631170766
170.277,0.0074235995462355675,0.009157004778729298,0.009264347839227185,0.005754868882615585,0.0014440670353801654,0.06962839020503489,0.0,0.027301441263383006,0.002897839232783437,0.005955175532916524,0.015694158084739535,0.01551477531446967,0.013975839261885219,0.0080982526103188,0.01127041847746331,0.022272947454712484,0.015340559685033109,0.024776586813483645,0.010555650388465048,0.020274170366020812,0.01612231328665821,0.01747401663256235,0.017454038960363596,0.014474252230282975,0.0017085814407948197,0.08856260212728581,0.0236132380472199,0.011206066652520228,0.00925790059850792,0.003419710930272133,0.002294081626717592,0.00716690312740402,0.0012511491217111306
170.778,0.010906100973511164,0.016225149192977614,0.006088686658592762,-0.015985424000092674,0.0025245482539862345,0.07597808697705166,0.0,0.013725231887803807,0.0063987061970151825,0.0032964805728968294,0.002662639520541157,0.010608294239445074,0.007489946071282627,0.01585205508568603,0.01491685211896722,0.03079190212321616,-0.007275060976314676,0.02888464512859812,0.03628369895325568,0.012504370156736808,0.026318782566768298,0.010853407174241618,0.026851213355279735,-0.0001472899906779822,0.02761950959553848,0.09209424700778858,0.06837514588977858,0.023623647201892847,0.012041585978378221,0.00077245251096613,0.0038092060818389704,0.003949627968850823,-0.0002226535924991002
171.278,0.0028782468462799837,0.00829338198842971,0.0013016951260704894,-0.04443863461230215,0.0005620324032566265,0.0325043720606718,0.0,0.0030917204256978932,0.001666201601621363,0.010522679159845562,-0.00031477848306506873,0.004653102140578657,0.005869337338317133,0.010542410815310287,-0.0031270706663852283,-0.0003000895731437737,0.012046840158307048,0.006970508326371263,0.014837556038273322,0.011296181518372393,0.016501515349811455,0.0019494928938857603,0.023367894063526455,0.015437721325118213,0.018570547821758626,0.042286312797320195,0.009741930700032308,0.022981838332164748,0.007208294557110134,0.000709907996058517,0.005114292811435096,-8.479383890918608e-05,-0.029682172364047733
171.778,0.008709141021019209,0.012374230223944894,0.003063751694337577,-0.012723311122135414,0.001458651179643539,0.028805235183445008,0.0,-0.0040088212554070975,0.01729211242214492,0.01035797540833891,0.0030049496638767147,0.0010782570753029065,0.006583574027175466,-0.012520351885910197,0.008241541475215766,0.008483563773355738,0.0284993081728278,0.0029945866988539045,0.011746549587420985,0.019401226599853102,0.03480370805670208,0.016102647527189994,0.026488838205372525,0.0021300738170766044,0.037980328763243976,0.0523681992673146,0.019562860405668816,0.023883099904539483,0.0047646635703739075,0.0070387155542330285,0.005923046700726993,0.0036309291930058636,-0.016217754264281913
172.277,0.010292799715281362,0.003961415660015558,0.0030760611762599716,0.04057508269658134,0.0022121453371350677,0.059591815833692593,0.0,0.005528031694292365,0.01080704022737828,0.01366401708504791,0.011930040868625084,0.0019260017941485673,0.0012478533713855934,0.029459992474845396,-0.007981780562947596,0.016737923082531678,0.027057269279705233,0.012538759441475903,0.01815057229535811,0.02399629370902695,0.02292715539663875,0.015450440822966947,0.02645926956725331,0.016168267123434776,0.014943486853782204,0.06401976444334793,0.023807130834436807,0.011049267456184574,0.00891683893271866,0.003127517342445307,0.006596554184009418,0.0011408771265135611,0.022888888652590585
172.788,0.003222777302917362,-0.00012534437933890957,-0.002210910877511502,0.027728887937815205,0.00040763964694800456,-0.02010834830609559,0.0,-0.0022721039456064856,-0.0005270865603115536,0.0043006311874435365,0.008830704707333424,-0.0068899780607900645,0.0005929000974705938,0.004219902221987639,0.025509775326233147,0.008512310106097015,0.015622477793719034,-0.004619096187967531,0.004533277724189401,0.023946216465704804,0.02097769603723723,-0.0051581529416742265,0.018886448680879516,0.02673215030652065,0.016952774199071246,-0.00824829403587851,0.01408956122374176,0.02008503174383392,0.005014853702997332,0.0016891991146438029,-0.0010436922334496053,0.0027941924499744106,0.011584518876578782
173.278,0.013254746008361455,0.012915829180087029,0.005407895601692259,0.01237306245781431,-0.0002661125261133877,0.008219949468875377,0.0,0.013183847614825989,0.01114902287502388,0.007428079383660447,0.015467340515560488,0.002494163680255304,0.014456225686154251,0.008055005788984873,0.030093148163510764,0.020810308786877896,0.03139214702050428,0.012912923524028402,0.01857330868137039,0.03289577444876745,0.026488012212481957,0.010666243671800989,0.014585554555206182,0.012604985762659823,0.02968177945319125,0.004641289660394137,0.0629126734473735,0.02189133146020043,0.0067645285877702575,0.00011880522167594884,0.003973276911123028,-0.004550795640719805,0.029927700245151952
173.779,0.003470607117974545,0.002270654948215904,0.001686674573914469,0.039782482654515415,0.0005371822652519418,0.021707180573491323,0.0,0.004671568659189788,-0.0020186464562639795,0.0011738176876363127,0.012159255683388125,0.0026242329843731184,0.009159843345397526,0.016786500406776986,0.008347124828919526,0.0008605135897041882,-0.00011412850485339004,-4.40125923637181e-05,0.004322070059972781,0.021617480974502567,0.021916161318645946,0.003736018462871097,0.021006139179825245,0.02219088625542708,0.012931831754463968,0.0002672658642604069,0.06326624804317327,-0.005967978514692438,0.003044754871882701,0.0012970306934255366,-0.0029608376190699143,-0.00012382086896073834,0.03668236873590259
174.28,0.002014311690714584,0.005847120835307475,0.00982724512165111,0.046425577320801006,0.002141886069939102,0.020299068435667082,0.0,0.011580875656937913,0.0012519467080779948,0.008607686109021616,0.026682236088279992,0.016058551821801933,0.013715470085186079,0.010719041399997516,0.01483800582583318,0.009466735728224476,0.013963621720034155,-0.011524010159053872,0.010985865749523404,0.013945406638139592,0.013916899233171595,0.009554972015919998,0.025079436891538607,0.0036653836807278538,0.003201197736963154,0.007371870843676153,0.06452679631986355,-0.002726584146774492,0.0073180280662292745,-0.0008686308323349784,0.006653511585909939,0.0034123860836969932,0.052889632554233644
174.779,0.013687120089919184,0.014605480885201302,0.011230967133045028,0.024939376060881518,0.004054620294182572,0.00781991323014828,0.0,0.010364017991152025,0.012062135567248455,0.015392556657674276,0.03398873973298771,0.007424086609990872,0.01662446893423184,0.024499230081434367,0.0329911738580302,0.023212458650595992,0.03600603628261053,0.013439323390767007,0.022339433583296594,0.02216080263550853,0.036768971391917066,0.010163369992783885,0.026343443268534196,0.025314395083228733,0.019550566098104055,0.01929029473903532,0.03224582608913665,0.027057105810641233,0.013092949617563713,0.0018657147393506706,0.003422607024205898,0.006077190338788893,0.013285630959693585
175.286,0.014081045415476189,0.009680670770211548,0.011306481808089776,0.024668375055660056,0.0039126274921800494,0.014522644341341817,0.0,0.010819104797983889,0.010362089794700876,0.0057110485324290165,0.043904716694668076,0.006978811020103941,0.015622632191696349,0.02108795209885388,0.014917246331792115,0.00868474542293295,0.02664120117896805,0.029407354187955308,0.009455477446167655,0.03157281542146526,0.039845395638300196,0.023090059478337286,0.021033491285886826,0.0206211494156408,0.04085936595153234,0.013658353184760549,0.02912604111386446,0.017787909076470515,0.006753544704013596,0.0038146116396989313,0.005297883599827405,0.0064325019523002154,0.022282208574647293
175.778,0.003506796834350338,0.0019940266807016295,0.007715090399632166,0.035066908206021506,0.0017489072104097867,0.013308243845154432,0.0,0.01306130191787767,0.001666536386632864,-0.0006519368049492493,0.029707413954546083,0.010353895916219647,0.015407696716626295,0.019322013211435722,0.01092859653361786,0.01008122203676759,0.002111484005570714,0.013561205703764526,0.0030639319691971954,0.02820320423738114,0.028628217335780633,0.009320342810780053,0.008743467236951918,0.0054804846995418,0.02350915083895613,0.027504362085844,0.031370744827402104,0.0016063152651576943,0.00895790282956034,0.005326389781916894,0.0029912948627778104,0.004542446904051455,0.035865820400076305
176.288,0.014080132850298133,0.0038461087320849417,0.010365541834361756,0.08582352783811877,0.004288004468511646,0.014378412073946915,0.0,0.011199596710997737,0.007585172448846769,0.014749302026784133,0.03811059974977993,0.011121731809597458,0.011414013535137936,0.030927753282949746,0.029939547516515876,0.003511629166593886,0.032124948096067966,0.02073292463171581,0.03063636464536526,0.021046574432941164,0.017083685851242883,0.03238308658769937,0.023143922734417535,0.0174167206522679,0.045914272906477205,0.008752814842995416,0.03728875267237602,0.006279177164156783,0.006562278566214716,0.003667271996910046,0.005813784289586016,0.006837195981063804,0.09642057584699425
176.777,0.01587159810196845,0.004212055758643949,0.01082256828530298,0.07739987139655687,0.003583773230634674,-0.028228809543087714,0.0,0.006813780563691594,0.009778766300917079,0.019841993809035428,0.030792305108754824,0.008675260427803437,0.013750842655820543,0.019920957658695695,0.028596907344897775,0.02166199752897897,0.038255177191480624,0.03620355308992094,0.022689203984956063,0.0372179711203015,0.023385980355296557,0.04190166825292635,0.023626321989278793,0.013574454325645533,0.03901321249741574,-0.026295368901720545,0.005309194067616427,0.0007968798603045993,0.00580369273191359,0.0009338470786911141,0.0024796493295810417,0.0066197387187520796,0.06711634002608531
177.279,0.01864776504959375,0.0020410937799102825,0.006562232118372567,0.0256343244102431,0.003212388606531407,0.06827297221837889,0.0,0.009918542483479226,0.0036899237569612,0.015562128940122457,0.0177531425885872,0.0040585472040487215,0.008173734228183278,0.014625328135576961,0.03984504946187199,0.020032014548782773,0.03995375375319471,0.019066624815427004,0.020954106842577667,0.026440772200557097,0.03021126077408552,0.034787828041006594,0.03461459097563013,0.022134130297869203,0.02288404119914231,0.06813424766766643,0.018511237807627912,0.013329584230903435,0.007975248741020236,0.002141755173986735,0.005192709786110574,0.005258798537437025,0.03441707856560574
177.777,0.019653097414936593,-0.0014638935919754322,0.004167099132805655,0.04294898018331779,0.002849740398596168,-0.038356240838026634,0.0,0.0004586886197220456,0.004075029727266595,0.011667664309279095,0.01833815712255139,0.0012961398053788404,0.00609529836100462,0.025988910409790632,0.02988063063940861,0.014647557096469328,0.04591032740031717,0.029095126336776068,0.05670850411148756,0.02125252489073325,0.023553524736235926,0.01397677417418358,0.02264995325603995,0.01362926244582525,0.04167508720332412,-0.05308884755991263,0.008417905013609887,0.011479369081988837,0.009919413358514902,0.006159611197360374,0.0056709686124962275,0.0048078524276303864,0.03688646555536559
178.278,0.01821654699119125,0.01276050036952972,0.008289126622209073,0.028982124181733755,0.003900417240197515,-0.05713885201304249,0.0,0.02076406440665726,0.010443264959136993,0.01856829801740249,0.02846097279025153,0.004953559358480091,0.00895052916836067,0.021059016399085955,0.03492191044214097,0.020926217026719814,0.034745482846456927,0.020566597874186035,0.044504292250862276,0.032634563275731346,0.025728255641871135,0.018837285686109463,0.03866983825707965,0.029020591916261437,0.029512416376715842,-0.026598557347040953,0.012314309134964004,0.04043349458705666,0.008902995272860374,0.005143488134850576,0.0029403515087582867,0.0057768589682358614,0.023463795862730133
178.779,0.020539713249589146,0.014613628909409744,0.004859857905321859,0.07587356441777099,0.004167196547325101,0.08059703448755208,0.0,0.013015203880159225,0.007859926256963856,0.020560246624464245,0.020754711129849994,0.0009050688828441553,-0.001942979238410451,0.02325430812723588,0.02216153379538024,0.029367574172193635,0.028173176398892698,0.027674955357484154,0.04177237445778258,0.007687087590111182,0.02571132136875781,0.020613573524736258,0.03421671425716211,0.02471942529104573,0.05526407373735938,0.08559098969489214,0.015506554500270376,0.030803257842061466,0.008193121966905957,0.002499500748966854,0.008961243045892651,0.004526711394130515,0.07573701069675814
179.279,0.015930822148186963,0.004199892143349365,0.006667053744632511,0.05068830484791675,0.004844510675888711,0.06808296809463112,0.0,0.00853062607570753,0.0028443707525833677,0.017129666674008493,0.023545312133098083,0.004356495898188415,0.006502628197010491,0.014294319705859143,0.024365635419183743,0.01136477162288841,0.014247493424415631,0.020507759945906864,0.02436803302726759,0.03026653134465608,0.025957405323496385,0.026372403942139754,0.03285979759924485,0.019817195058721312,0.07189222143688874,0.07403566783654367,0.0003254907136325644,0.020801679064301595,0.0071730006212769445,0.003202974814807526,0.0068983991683165356,0.005412391878105328,0.03410692020178766
179.778,0.0180471482437416,-0.001656723751590178,0.006871946502921817,0.06823694549247719,0.0027105346251772734,0.04841018188784024,0.0,0.016938861143533573,0.002926187167929,0.014447375258275932,0.025444511077324965,0.005166983172674945,0.004707855180631705,0.023513198281851038,0.022926258492463953,0.02320444089417198,0.053779575667723595,0.006562546501749472,0.025988663866221687,0.03250714752749148,0.012468383365731082,0.030005690625187004,0.02893130041057216,0.02692955852044356,0.03862273628826444,0.012797169969066609,-0.003242885784006316,0.012096093482763557,0.0037204869150507004,0.006470127134337614,0.0037405155749060917,0.007521703160285125,0.05610573158787708
180.278,0.023161917210410332,0.018391319547370794,0.012158785843894914,0.029958143489229365,0.004524236216500958,0.08451205419943078,0.0,0.016705238483704723,0.014719755273317658,0.009499271068707774,0.023481433836768175,0.010372857085722765,0.017432501946609884,0.027305617844750614,0.02132258406486369,0.03145704157071192,0.02698994723251205,0.03337924084340255,0.044455212137868336,0.027746697379567625,0.03074705914022943,0.01510551661420611,0.040348546956849786,0.02109725041082588,0.04870020983849724,0.07527475631495618,0.04376940356729966,0.01246236606717343,0.008970263244370362,0.007739621935551376,0.010015823392478791,0.006409240342494465,0.04868942235477507
180.789,0.01225411275647487,0.017694994306577897,0.010206592045231645,0.109467611048965,0.0020816775848707483,0.07098910102063376,0.0,0.014029353365347687,0.0036399935731840833,0.01159567422098693,0.026342757910427565,0.009798572585801031,0.018494704638548354,0.008675988079076297,0.011975250961431908,0.014966863350961009,0.036467165016616516,0.012122491901130213,0.01721753774956923,0.03247282196018429,0.02334022936230553,0.027865679492207928,0.023475376174757295,0.009314170685921459,0.04267180423200399,0.07288650711112066,0.06163485832890961,0.023328055749076912,0.008083250538526293,0.0013684104852828302,0.0009681077299455809,0.006464615392154293,0.11583374087310586
181.277,0.004279160656951687,0.017401429352590456,0.010944248227925524,0.08603683791938785,0.0022300889752030727,0.058842671354069905,0.0,0.025655668195984256,0.007856937246911283,0.001561444988724394,0.03048728963468894,0.009121162723564799,0.020942363661832535,0.012057805452734816,0.021547361316604747,0.006533744681644942,0.012994605333095629,0.008322187054826164,0.023240706420180134,0.00403949614674853,0.011526853889229185,0.02270442126596518,0.0036965566795076434,0.020153340528037557,0.024756736157776956,0.06768599932275984,0.05402132081710238,0.017161531421965064,0.008386580375504963,0.003225550812471111,0.004435812045027332,0.0038550452372549497,0.08220344739711606
181.788,0.0030630212358766073,0.009888806059757376,0.00989728661850298,0.0909940623612647,0.002500416247866761,0.08225565028190535,0.0,0.010498998326896655,0.009492256330039844,0.014651600210668848,0.030388434600491693,0.005579000078673749,0.017006010811386568,0.019366943564829278,0.026566085277556696,0.006898665851250032,0.010409496731567332,0.015443276615300457,-0.0008519343612623121,0.02869659121236718,0.008578728342009548,0.0038988701332119667,-0.011437915936091897,0.002514328380141436,0.03130334629795352,0.07994313685354079,0.030547396460571388,0.011195726599655191,0.003499810686584734,0.0010626690245418065,0.008161686128024363,0.005365776768884186,0.11515885132531882
182.278,0.00011480579511467517,0.020324466906297883,0.010491923784020257,0.0799730850679634,0.003484998124945932,0.11412334462745753,0.0,0.018453778514175078,0.007166568343003387,0.016476556545237483,0.028371005753439236,0.006778448584322473,0.01724189876766706,0.014492906182797798,0.017638323827144187,0.004111373248563018,0.010683426324349345,0.02459779461686489,0.0057783878972638494,0.016115242812743836,0.006485757071695479,0.0001344455971090363,-0.0012058106865802981,-0.01567324010738563,0.033376778249238716,0.0885891831948236,0.07304844969041323,0.019892547241200386,0.004045733610777844,0.00362854593508752,0.00417326700421955,0.004106155966646059,0.057165147280001515
182.778,0.00398052308691209,0.017193972182122732,0.008448978394884258,0.0881872691219372,0.002368271654772152,0.09178301109506332,0.0,0.00807765879690104,0.006879445615439269,0.020833399163363322,0.025524292581457966,0.006265981460855185,0.011081833863432967,0.00048606985045695226,0.035421030193181886,0.009085795951154609,0.03702802144243972,0.011439074487170969,0.01861688854988878,0.006713426028951409,-0.002417109638065038,0.02359320422719537,0.010844223054375355,0.008426174179689211,0.005451225609011267,0.0862836544961289,0.05003704988478264,0.040022763511509664,0.0016868859958554497,0.007155989135691905,0.0038943345608894583,0.0026926823418628822,0.08351806168330048
183.277,0.0009691222072950296,0.006512709713384563,0.007220252624314052,0.05776185909528929,0.0016673924560233174,0.15163811065900806,0.0,0.016966417798191722,0.004332451749264739,0.01046547286618267,0.03853396447471057,0.008471276910843645,0.005956636295025444,0.01701099365951001,0.007331719583778125,0.009257595436450779,0.04595341460698868,0.0011669700059891413,0.02666022321047819,-0.01023498453484999,-0.0033416637771631003,0.01888055544791897,-0.0034584450665629206,0.010875853061145961,0.01311128146009055,0.14830403960567554,0.03368111228105474,0.022766532227430396,0.0049103409134546696,0.004421691425749742,0.0029597515421232643,0.0010268858896450865,0.06997195533056122
183.777,0.0033376487750776274,0.010299890907671692,0.0050192649814933855,0.05619455305257665,0.0026042307116303496,0.14476403328473067,0.0,0.02200135816826294,0.005507382572053017,0.02112228295327547,0.02823508903431444,0.0054707219990169685,0.007998401333591865,0.012358866049257962,0.028142250390278827,0.009380428951327334,0.04463118164101216,0.014412607187665521,0.030725824189339602,-0.00576894948666198,0.008275893566315211,0.0029454212231223567,0.0001313852635013151,0.005943691460594816,0.03084226776301557,0.15254670991065383,0.037959746704605044,0.017236288730566575,0.003763098803556157,0.0013245600256817352,0.006443545684602487,0.0059963867424483175,0.057232471727594256
184.287,0.010866624469905363,0.014367966287427647,0.005473623394691201,0.15103757245443603,0.002271993113806812,0.10154840115908816,0.0,0.012272683839244297,0.01220979062930082,0.015415099398155024,0.008727782785693798,0.004298220643413473,0.007790772446947981,0.01637532839749758,0.025978040557211972,0.018085323662179787,0.027444518095504657,0.0249669686436064,0.039900575166273135,0.01800347988633933,0.014440926211920656,0.02984160580452838,0.012953911267432948,0.02505887043957289,0.028994086788592117,0.12474969073942135,0.03542074608847136,0.020924761728570298,0.00920849527787757,0.0008448800641294615,0.0024398188175676003,0.0044151664658405336,0.1745819473792036
184.785,0.002188857570270037,0.008981820136985199,0.0072238756472559704,0.06235965679738427,0.0016604799666449079,0.09296224800846911,0.0,0.014472013363778825,0.013302208762155038,0.021685272565982763,0.016990491384556754,0.004317772689866131,0.009361123308180527,0.015574482965385793,0.01542426298512636,0.0013565207173555675,0.005936290782055682,-0.0018005860796194483,0.011685362297042493,0.006501782495652709,0.006359647534036179,0.010834942483441527,0.016572116862415966,0.017605472044906024,0.03345489689287452,0.08553673851511841,0.03920179552994171,0.013647173242099846,0.0014205935047223164,0.004381229251258461,0.006398650527439387,0.0018755106445401519,0.07205728506382955
185.277,3.056077348302996e-05,0.009193376093984724,0.0030873116052011125,0.06372860521161092,0.0014236309437440794,0.053264540696786475,0.0,-0.00025705839840617643,0.00039497492033514753,0.006392281239259215,0.01485761184234625,0.002684893115709969,0.007675170683547911,0.004014888308864565,-0.009304250558593753,0.0052831500004149575,0.005373348387455007,0.0064215255558025324,0.02360005124740838,0.01685710958147093,0.0026899450587133866,0.01917151489397423,0.022668947968702818,0.015065458501356165,0.014110402153770229,0.0572399991980768,0.041783497584968875,0.02166345004882666,0.0023827320873635945,0.0021199100476751408,0.0025813536771483125,0.007627748933038336,0.05563698134303747
185.778,0.0020500665420079525,0.00269314244571934,0.005035139154792357,0.1100206105662468,0.0010922787185060781,0.05825209016780244,0.0,0.017599391328362385,0.006232032885767933,0.010170345731910797,0.006718582336177813,0.002435788164144607,0.010747903474228328,0.020785264502361244,0.019107364710337114,-0.0007389890597985191,0.01577880985288745,0.0009004731930871179,0.009800602307434068,0.02291933420536481,0.000421124915803869,0.023973333433664396,0.021951388414741056,0.02035726862798391,0.005487066943947982,0.0329853647218957,0.0495679570441975,0.00097787383157563,0.0014644993457527244,-0.0021056721753592357,0.0064204822777065955,0.004952995445354797,0.11045229904275376
186.278,-0.008759606681520033,0.005628810161827518,0.0012667669228905467,0.02431250801853654,-0.0016118226557829594,-0.01816042860963657,0.0,0.006210094049681638,0.0025696634707903484,-0.0028689510747936645,0.02137475019536622,0.0033630310017192786,0.002295580510157698,0.01189272442528775,0.002667526088020952,0.0016344214559902137,-0.013302227800695924,0.011896766430410377,-0.004012038753677705,0.015716507174873176,-0.025102698568665077,0.013835567041708382,-0.006720706922800948,-0.004577556398762811,-0.001063728788731137,-0.0005346133764671604,0.05010650701185037,0.023808784420678165,-0.004552762877165158,0.0017226769845927956,0.005333738390521313,0.0018719042451852362,0.021527141093841042
186.781,0.003642707463441626,0.014773699430581714,0.005535991626097602,0.025808328108389133,0.0014159148429954034,0.04272652768662088,0.0,0.01295390231452873,0.014832120577352097,0.010797487933607968,0.0028600719681296507,0.003368207613239352,0.01612809254395298,0.026620884320882138,-0.0009354959885166351,0.024038894919065672,-0.0027945455035657545,0.024340755188051472,0.024770387554747513,-0.03152729860984377,0.0024116840893771497,0.019416914943416966,0.026924335327835017,0.034698937837163345,0.01488823806159315,0.043223470127440336,0.039544050402440405,0.01899868540710781,0.003436032910005473,0.001125305234512837,0.003743629463239084,0.005077187434251687,-0.004876452404084258
187.284,0.0032375510990562367,-0.0030757281147346218,0.003203753202984808,0.05055277150073828,0.002021491384948569,0.05830404889456878,0.0,0.01568223781903886,0.00945559852966516,0.00980957793301538,0.005325115971674838,0.009479220267802341,0.001918398746764215,0.011101718803811441,0.011563256953305658,0.013170197097018891,0.017438758311759974,0.018891948803590658,0.022838136767457794,0.006526945858681167,0.016575031972185537,0.014854803089538347,0.02034694993908826,0.025638481669087537,0.013677219583841414,0.05070270491566846,-0.005586250884288682,-0.00032732943181292603,0.0010574887545013111,0.0035402310347528907,0.0052948533255941016,0.004578666346678197,0.0571354614990624
187.784,6.990456226508075e-07,0.0044000561008190895,0.004016756047264219,0.022325305539151623,0.001528658297201807,0.049566672348303094,0.0,0.0067907982760248035,0.015066727932093748,0.01258001361056544,0.008288023514247709,0.005211018767649062,0.0024352870984380164,0.00839516263175935,0.02197267112055757,-0.0002649425806217056,0.005875594851603667,0.029801056466113866,-0.0035771703863214555,-0.00586808567838858,0.008410879171174682,0.030499143175751402,0.012302824786112242,0.01916339547139241,-0.00286667675590984,0.06732810540682016,0.044415668933851474,0.00903532068734851,0.004362472735973073,0.002000267927876794,0.004524446452890991,0.001979704624037153,0.03573920271496488
188.287,0.014530103416349983,0.005217826064157594,0.004778299921121543,0.09241714750214645,0.0027179407912887848,0.04582572525928644,0.0,0.02104505216345427,0.0014984479023600027,0.016312299559503623,0.0010225692638352276,0.005406278025019468,0.005678470086545551,0.014991025524873016,0.03553716702831806,0.03188446236264521,0.03227524819597543,0.03535122017778537,0.028915547971346368,0.02579451536048171,0.0241556942910835,0.011737394690045814,0.01499977768451828,0.028306991753954333,0.038393412329938925,0.06787086677080467,0.03580513346455797,0.007075795786735155,0.001962751663501808,0.0023815079410261326,0.0073682907866523765,0.00034650063557734067,0.09268786169673797
188.779,0.006833851157387177,0.0018593403979087694,0.002555539183667228,0.05682558655975458,0.0008037765353027107,0.05541696753284099,0.0,0.0036035806236489163,0.009859821458043531,-0.003841017102670397,0.010090903641502913,0.0036648494951536255,0.0031072837181942117,-0.00603021959870522,0.03747731660481408,0.006195908423340969,0.03481719226711051,0.01725035833494775,0.031221648564551455,0.0128121211065516,0.004662935451360912,0.01426295013766243,0.016124070375425334,0.0271639687640854,0.022290449474323758,0.06349986761629284,-0.0035012054050707654,0.014783869632527504,0.0003317216006974774,0.0015166547930169272,0.0008072473127848035,0.0033077943484447737,0.03927829411979269
189.278,0.013599746715962835,0.01079256451752782,0.004001792642387824,0.061615879958273403,0.0019972704123252393,0.07440440080864479,0.0,0.010558929692834845,-5.9937683918091775e-05,0.006378663234869387,0.015883995257599457,0.006922288572663426,0.005179978515403546,0.031842015838516834,0.02995070142449125,0.03084457030567143,0.023575959021847146,0.02529092888377705,0.039562875271588395,0.03150505842115172,-0.006528582901226331,0.027672601770209113,0.02032774319422393,0.021536338454418644,0.011481120830125547,0.09103822295040617,0.05016208280973992,0.026838699750401356,0.0021524838996076607,0.0033778246712181355,0.0018986953036003757,0.005922774140632575,0.07499458153039405
189.778,0.020332011293110717,0.016279036477085014,0.002324790981594578,0.09693939299010083,0.002185862987186836,0.13784836333675948,0.0,-0.00025688144149978067,0.01065317968107148,0.01244373852852993,0.009276352251190528,0.00041300393489059945,-0.0020997199034134694,0.02473528113926871,0.05254570544170036,0.030653019121044733,0.026140867362157254,0.02634820486469591,0.04969966979460861,0.022601752480293818,0.02368669290127366,0.034642149280704596,0.008824169306739004,0.019402325806747805,0.04179405696867529,0.1514652426735006,0.030170654881415,0.04732720911135513,0.0029171147980316704,0.0010969782349877467,0.006625595513812989,0.0006856518998127703,0.08371528808109491
190.277,0.01157289595042392,0.007713231487367889,1.3749108946992719e-05,0.07210995111169569,-0.00013789919445911803,0.14083790736845525,0.0,-0.0035102286869522236,0.013430354798660771,0.010751902418528931,0.007015472144411449,3.7725807860169124e-05,-0.002288459819929997,0.011919256872032158,0.023684458457375858,0.015684923856870474,0.03814253493963399,0.025124096626759455,0.018176712233666438,0.016496181332273725,0.01573024179686523,0.025504604585002064,0.014125111762418947,0.02894141008823154,0.004639811721340887,0.1336434737031488,0.031063590350691086,0.02654610743264433,-0.0008213427239995055,0.0007856314521550489,0.004291291452271139,0.004041918976282291,0.07205463702843362
190.789,0.008571715046945367,-0.0006654647060189357,-0.0014488386481594576,0.03312890047997383,0.0002541999902051458,0.1787620175976493,0.0,0.013426864395018166,-0.0029899267597099217,0.005312107876459038,0.00905464456367957,-0.002325437306999451,-0.0031796504504776595,0.01856607425468149,0.028837827997706796,0.01642983121034797,0.014448477435397957,0.01918437264598337,0.010078154975289282,0.0158653929646427,0.02436193345276764,0.01746834652697541,0.02590151557264511,0.018599141430506748,0.02520289011496754,0.19466991594891792,0.004348750910776409,0.006992403868742684,0.00021429392952335163,0.0007311481191457898,0.00646196983194082,0.001848712341048381,0.05386984003272438
191.277,0.0013564312960660488,0.0035052038381747936,0.0014547691320339197,0.03335811029946077,0.0002471725297045418,0.1714841561113088,0.0,0.0009714305598132858,0.00877318281896415,0.0014032644079876597,0.0012185026701400077,0.002877920090369352,0.012428877232784939,0.011240932704544342,0.03165878520941337,0.005842985264349637,0.011315257836793675,0.006395614709726163,-0.001837859305018179,0.0033562978803662,0.01973512334130648,0.007230876261760457,0.026409587712033115,0.022575097108226458,-0.013958370009999806,0.17406965364666152,0.012418907163084155,0.01563087479231555,0.003676618303124365,-0.0007362939168309325,0.0034272782712501883,0.00011494764185771785,0.008412288490217744
191.779,0.0038445226846018587,0.009978028960906767,0.006587536813156571,0.01767044942871943,0.0022356013104073706,0.26116509191859216,0.0,0.02097834947737173,0.003987405736666551,0.012483223452975192,0.011647394108524696,0.009334884048949913,0.012895710013662737,0.014809805012298023,0.010180891727300342,0.012409656108441103,0.011229910738058577,0.011444272913803162,0.022076903840301518,0.0050420554510709065,0.011250300967662047,0.0032345864615056044,0.011009237272585426,0.012118511973804499,-0.0036984090390179956,0.2703327786163566,0.03138871872717827,0.013985562366797644,-0.0010374586230215053,0.0037794334413386367,0.007703080005785707,-0.0005687275485991024,0.04414369056882383
192.277,-0.0006890286636561832,0.011539076620134266,0.006515656474434382,0.03203496561444235,0.0009734863449597321,0.29487284136293124,0.0,0.010481747899161797,0.006865681601772594,-0.0008739844983548612,0.012804342454534802,0.009039268736836598,0.014156261834054466,0.0108676391824613,0.006680135896568962,0.020256251722741588,0.00945263253025034,0.019142295099502674,0.027174250127510867,0.02385433345090085,0.0021587223062142025,0.010560913729948797,0.002325455876917887,0.010839648410264338,0.0026608552631367925,0.27907304000003913,0.07423661238054316,0.013564164369381855,0.006229844484985506,0.0022599883356709404,-0.0006087489769449408,-0.00019540519218440083,0.05006681972988547
192.778,0.0036302633610874138,0.015667300582058858,0.009050577524087906,0.016321975905986438,0.0021113981669937188,0.22711505769190177,0.0,0.016006922348679897,0.008130082344530162,0.003912566238488552,0.016354421742645956,0.013535646462951925,0.016386066775056843,0.006090814161887778,0.01938747380232808,0.018096048292902428,0.0009809086602446044,0.005901587141126532,0.016079796306864725,0.012650642514163063,0.008400500459076456,0.012632369779041775,0.02664632251249844,0.01571398235497311,0.03484391763817351,0.21761920317293207,0.0707665391215211,0.02652617279729716,0.0067001965138174776,0.00459146923001009,0.0021744736962444984,0.0067562755332226145,0.03889984254544758
193.279,0.0016333123625809555,0.0016897872860886607,0.00210169088503414,0.03375731320161714,9.593792730548658e-05,0.13336505863523673,0.0,0.016027618542866207,0.0016420014342439966,0.00795410946350533,0.004186350834473817,0.0039047020624863524,0.008332741296961725,0.011821425358037135,0.02226355046410475,0.01572965659871601,0.0150448548230327,0.02021575841920244,0.01632661466754896,0.011784278430229334,0.013876204341327338,0.00037839705117645445,0.008380275806257425,0.010071286516374775,0.030444042042316655,0.12676349645183196,0.046210385488453055,0.011647834218958148,0.0010471034433086322,0.0027905377781885132,-0.0003073177776308363,0.00101867163710328,0.04534922481085036
193.779,0.0022355492574599577,0.003287561626275417,0.0052005234154247305,0.04401551016068766,0.0009389017078691553,0.20418032256923485,0.0,0.013623084641428404,0.0012142216879521667,0.004843625911579177,0.008950331300024556,0.013164063539238028,0.01620184567295892,0.01929646323549645,0.006776749335852903,0.026713832168570113,0.011073211930754301,0.011537718986240784,0.0027352551748726452,0.006966696849537284,0.005943520329590751,-0.00021284834128666204,0.024216492827867867,0.006047014213320156,0.03717398799993903,0.21822718331980567,0.016210135507821365,-0.006013145803563028,0.005831867586106881,-0.004541465525945404,-0.0002933052466444443,0.005818292271830738,0.04884276067617901
194.279,-0.00016614958730322654,0.005758875814907212,0.002845089959863682,0.010716764908756633,-0.0006716649397589397,0.14531433524206977,0.0,-0.003955389751761821,0.00615116726694687,0.009461463861550801,-0.0038067873345122272,0.009144521908776229,0.00453908662635125,0.022045496017374055,0.024144170364175516,0.00043689106635036136,-0.002396939246416858,0.003978230591416036,0.019768544990374688,0.01200294184954285,0.012733115392843983,0.003881567799196726,0.01874400813150184,-0.00252032559087727,0.03278785115017765,0.12929468048204049,0.010872142875783366,0.008794128931342854,0.002734217935759213,0.00011912813660372082,0.0013332795145345876,0.004904280627933107,-7.48371562397992e-06
194.778,0.002390213727756859,0.002967535343143336,0.004799050819690092,0.026866364421461886,0.002618826136692922,0.17290360469704336,0.0,0.010485501868337842,0.009198231373393822,0.02052019125725033,0.006795094904501996,0.006549738860571727,0.0048141463307805644,0.014908166491239664,0.0018718675393201451,0.01141515895120987,-0.0017140792243261983,0.015766423077672537,0.01678993365212238,0.024366230338135307,0.018114943189800135,0.0017543752690394702,0.012044070669179676,0.01293445631577996,0.017104966574964683,0.16975526243554762,0.01315053626342368,-0.0062128061280067445,0.0034247528725379318,0.002884731956877896,0.009552552599409566,0.004056517875213004,0.034228027780287995
195.277,0.010115942749664292,0.00921874797854678,0.007040710107187227,0.11151237397682248,0.003433369239591774,0.27330522201376795,0.0,0.006988789960716288,0.004475918827754054,0.018613445942507204,0.013956630472500857,0.010374272405497974,0.015341741595081783,0.028104603172225236,0.011031256787838915,0.01523469740177256,0.02290807037951923,0.03474585564157202,0.01745221576398627,0.019372488926014196,0.02985228113942698,0.007902862433371852,0.030819212002184262,-0.00023908939748510687,0.029184917606700108,0.2618169059278699,0.048857846494585466,0.011326913703022136,0.006440076090875379,0.00423786081630767,0.008216889680189323,0.004956262413425142,0.10655819296691764
195.777,0.0010832883231307842,-0.002258820449440091,-0.000356610347391733,0.050057019476799566,0.000542063945142085,0.20323132621478163,0.0,0.010742806308875232,0.001833711600567228,0.0045130803215164585,-0.0017408751167153544,-0.00019717983652879742,0.004026682709931817,0.00593486273074064,-0.008811364035272704,0.01979247923714203,0.014599531136761193,0.02766349309763895,-0.009020793012157939,0.025534216092444825,0.010406729163548751,0.013661047592545841,0.019404231931994104,0.006785294573805652,0.038039766703954724,0.19191805646879184,0.0006861398187532643,0.014222210353733868,0.006040616654005938,0.002533190084019138,0.0038919280517926043,0.006952239755790225,0.046835992539532134
196.278,0.004568647285751301,0.0048753587085289965,0.003052380048271487,0.010688194998317569,-0.00018030416048578872,0.303622642200771,0.0,0.007115548207603052,0.008135043130766857,0.010534553335700832,0.0013225833868040883,0.0032704137382722647,0.007890007948443394,0.0022670618009000883,0.006169295241178824,-0.0049219042031930305,0.031099446034242625,0.026933004948728002,0.03506177521026947,0.00851605016045505,0.010401966654087795,0.020599872287748615,0.019574211954012554,0.030254529081362273,0.015612926547599488,0.2879528074794327,-0.0017270891034739863,0.020648741704240484,0.006021935646298261,0.0004935386741649682,-0.0002430105605895588,0.0007968702984906263,0.012141223237997123
196.778,0.0053478019099492775,0.00022036998680967357,0.0008879971262313335,-0.009453594258936203,0.0012348257799961895,0.2932213506701528,0.0,0.016024737815609886,0.004110993600404635,0.009939743997851979,0.00997755855318926,2.1397953834807567e-05,0.0034842071766339145,-0.003334222658978293,0.011406686842573122,0.0029248460990894346,0.02893148621896448,0.014240211500042208,0.03959864900838862,0.013976916144064369,0.02018358619000504,0.001090870473387209,0.011937317657122774,0.013419664917391648,0.01576967465732692,0.27925202436641333,0.03636110261004689,0.020453902445663485,0.0034855040525600214,0.0025056242299192955,0.004276600285161945,0.004661237325561689,0.03183946217317349
197.276,0.0019362040277144947,0.0022602535400508524,0.0002959915600943159,0.016911091882692148,0.0011777675837351515,0.3010041548087057,0.0,0.008612855037461857,-0.003874915070548897,0.003915546158729961,0.000523689568922594,0.0018170067047178625,0.006239559406702973,-0.0059074269433815356,-0.0033853920452846546,0.0002370849197165498,0.033451803594414416,0.025282664836228694,0.023630218876133122,0.017151865338643255,0.01877630821627909,0.0075170315792229365,0.007842573623314211,0.024502044242255307,0.034125872784796896,0.285341470691298,0.05272031635265808,0.015274155730876792,0.004320195705944982,0.002335327630850214,0.006696244548916915,-3.972538142592462e-05,0.000527680491596039
197.788,-0.0019822288584109664,0.02012280766095148,0.0008636188466589946,0.014540765185093615,0.0007070578229400278,0.272103767281535,0.0,0.0003855133430875889,0.005526696753705764,0.003857177885031213,0.012473379628599606,-0.0028020945127585797,0.011658542478841632,0.022602772638876435,0.0062558587671431585,0.004210607009432769,0.019241886157403725,0.0025490761197894123,0.015627698949118307,0.01375716331813527,0.009845674339700093,-0.0013681880677759515,0.009656985460279542,0.001402954106859434,0.040382259565240705,0.2817504300139649,0.06702789283823071,0.03024172011566047,-0.0002385992548313574,0.0016049768223764813,0.0031939563927453796,0.0003436213581594291,0.021800382615229957
198.278,0.0007401977159855306,0.00669633092576577,0.0013870283632933785,-0.02207831126998168,0.0014405351678966542,0.2214615110360165,0.0,0.0031262250484492505,-0.0018617687095575195,0.0006409593113603348,0.007294241274853655,0.006152170100596122,0.009317229851183044,0.010476448796516706,0.010367700886093236,0.006398983710651882,0.015986807967715306,0.010508823861683876,0.029044174517492822,0.028317124440514478,0.009144743590181957,0.003923247382714977,-0.008815619928798138,0.01772200919794566,0.008592109195693544,0.1976546945759903,0.041821780970302536,0.013086863140227547,0.0057453254779690766,0.004105391435317361,0.006710771622808944,-0.0007058895052266607,-0.005988326857046408
198.778,0.001537166842159727,0.003660518675353257,0.0025417571314836638,-0.02122873703742791,0.0013065421468917212,0.31187744242132714,0.0,0.009207485301625089,0.005668567051119398,0.004578540028264535,0.0065969589630519455,0.004183996754979105,0.007610433689647403,0.004106622451080429,0.011946198359527016,0.030900714934228447,0.03036176037430361,-0.025143229895837314,0.02424848414339993,-0.0013895775218853868,-0.0005616050014536245,-0.004873630210669132,0.0004020520316898371,0.01055737832502777,0.026125344892097863,0.29859985629293384,0.001021354456667789,0.019782136956032932,0.004391143031250382,0.001576112036434092,0.003117104459747597,0.003353305393599918,-0.028683953438374852
199.289,0.008458580265702164,0.00857217326826162,0.007316331419288602,0.008532176766795222,0.005176429444076821,0.32874717601219244,0.0,0.010845068743764077,0.010606814534901424,0.008776293146221109,0.006456457463166941,0.008147038789360905,0.014102981998905627,0.009524368899986185,0.04094208047154975,0.010691120308846674,0.020498566196601113,0.032263329796201404,0.04505010445491865,0.035576856036732205,0.012606614735125189,0.021759441065967892,0.013240129251686602,0.02559143060457785,0.03134090566980764,0.31723595656215137,0.02828716979198509,0.003504762593798807,0.00910440421211911,0.005458801627966898,0.008954865955828627,0.009531585839063463,0.00743473722170658
199.777,0.0021314013734864776,0.009282017133370742,0.0050744798289777794,0.006479041666237909,0.004194019897891361,0.320039782068431,0.0,0.01992976377860616,0.014556581868304832,0.005370158786056482,-0.001114279601415166,0.007039590644713357,0.006412395019765156,0.01113190718483374,0.022360548131369017,-0.008253776674533628,0.024157581281050597,0.009662572579102857,0.023992478256163977,0.015463347386142193,0.006531605851776105,-0.0010732724507592048,0.004147010217811866,0.01701554903318741,0.00022047053348775935,0.2822589363237326,0.03537242103056336,0.013098933225077955,0.006814326604443689,0.00721924540361891,0.010004669025724758,0.004363212139502098,0.009717005008432606
