Time (s),ROI.01 [],ROI.02 [],ROI.03 [],ROI.04 [],ROI.05 [],ROI.06 [],ROI.07 [],ROI.08 [],ROI.09 [],ROI.10 [],ROI.11 [],ROI.12 [],ROI.13 [],ROI.14 [],ROI.15 [],ROI.16 [],ROI.17 [],ROI.18 [],ROI.19 []
0.258,0.0,0.33777918196944573,0.46784507796205177,0.04438283642938867,0.015520419147985524,0.005673313695671904,0.06496764550224533,0.002696845140003987,0.024359710320957524,0.008432412497569429,0.008839748537453321,0.002969754296502483,0.014279875556075267,0.02551742770012726,0.002323132284945125,0.0034400068439304427,0.0026636604497475053,0.0038781160732582116,2.719709946297274e-06
0.779,0.0,0.3855360700690738,0.5408542966191202,0.07107241961703291,0.02662274182622945,0.017417895438315845,0.07721309971210362,0.011954249104274261,0.03408574123194805,0.029906645353881038,0.006224715563686214,0.01906566613999254,0.00579191782510567,0.022995737443832088,0.010677147998412097,0.008381773153597852,0.009686913750959678,0.009973633068981332,0.023259394303461932
1.277,0.0,0.3683327802799287,0.387314757346996,0.052108850524929445,0.01436328399007653,0.014320080807959752,0.07044925360444847,0.015497187355014349,0.021172460996385447,0.01074312386695782,0.0021932277545036885,0.009334148695021388,0.009457639469026608,0.012759026215088473,0.006515221339093928,0.015831638885294576,0.010217377117819426,0.007028846002672165,0.022289427557198364
1.778,0.0,0.29449524296453555,0.46260903182574686,0.07865609273947335,0.04516337698027462,0.040285923460449284,0.09786647011460868,0.007836780502281065,0.052311649056859755,0.01623173329590058,0.005461379451385233,0.018195126952370723,0.009376781369835243,0.030995243643642423,0.007347389313158386,0.01026500949309148,0.01618174094711827,0.015622745618239493,0.048128142083157605
2.276,0.0,0.3976791864670773,0.4661918855350347,0.03961875599179504,0.013458256447965016,0.018945865006705854,0.11095781788512328,0.010632584070978432,0.022758625724620233,0.02287111609018806,-6.924039214398949e-05,0.0076199187498317625,0.018689470457945372,0.013726688442081325,0.005673587549711495,0.01675652054378827,0.002259895913359709,0.007022694236249683,0.030048885052826664
2.778,0.0,0.35243484385078705,0.3285480124377294,0.04360169646529803,0.024071140612396954,0.009974802378029342,0.05956795230350879,0.012163281208737938,0.028707572504531077,0.0062245642929487505,3.0292409380762536e-05,0.018455238068692162,0.0009312734500837468,0.021817907256806983,0.008215539588393559,0.02291552272209706,0.0058199918089463475,0.011086866739986751,0.02151086640151547
3.288,0.0,0.3003928049363586,0.6036773469174517,0.04932369083145984,0.007780066628173991,0.026481314315305746,0.041986818088442096,0.01682050261062895,0.039000935165341845,0.01948768581191526,0.002297360319656547,0.008816877297659774,0.003262207500834884,0.020700560519991185,0.0050103012490092,0.013750348972033404,0.0013589324020934965,0.0013483403421830006,0.01970117963227007
3.775,0.0,0.2819392519822107,0.2514895163074738,0.019234503201067725,0.013253443505284086,0.0040990980981001355,0.01737003841526022,-0.0006827602632440919,0.03645913968876841,0.011692340447416991,-0.0059545565236239755,0.008199221258142247,-0.0003023899974578282,0.0073921840167692375,0.007673190329175434,0.008449009242550013,0.0041036174370155795,-0.0012188820754051798,2.3880491602508635e-05
4.288,0.0,0.17295290709920152,0.15905623627867813,0.05368269329879363,0.027984759887053443,0.036939447892908296,0.07021052060397806,0.015314201502360793,0.028814484570368077,0.03111317334972327,0.003983061773323042,0.009043499704707825,0.02289771081564955,0.01642138949617749,0.012802887202262062,0.016878246120255378,0.004912783751785605,-0.00034602507684071025,0.00670407078606498
4.777,0.0,0.3062671448371785,0.12207485427729112,0.04483605209546272,0.028514874173817446,0.02612717476829752,0.05943119356232565,0.018112289722173828,0.0276992279790797,0.02349743586626873,-0.0012890678543926513,0.01622649006541185,0.030198628544629593,0.00794974831927215,0.008377918319915236,0.013663022538852295,0.0035896507262897105,0.00602787246608932,0.015330836066365735
5.277,0.0,0.24013457720320838,0.438650610679857,0.02701400490457223,0.013929944122232595,0.03564889348200621,0.058359072316792146,0.0072108310900239544,0.015589675492648088,0.0003071735624657528,0.007767276298472892,0.017402289958932195,0.01018584318289016,0.018801541944613576,0.016483122556204773,0.014551098810697055,0.008971523874228634,0.012680149858232634,0.004065450948690979
5.787,0.0,0.15257086551133614,0.11127719860742963,0.026314453137641098,0.017952760934551785,0.040738005547576644,0.024198262716914186,0.018797747510222635,0.02424161787457632,0.021879756277583866,0.0015127104008642877,0.01963999365516228,0.01763518936687202,0.018564749239014296,0.010692469595476477,0.019936204107042572,0.00013558947922152887,0.006559776531251407,0.017119550642017787
6.278,0.0,0.22354613337266763,0.028518308651584234,0.043701989268068064,0.01841392938172518,0.036133882385471876,0.04622633892952221,0.006586790953997361,0.038076402560480595,0.019342515655347777,0.007722654039734116,0.007290885956947429,0.01407142843317917,0.01192121974052658,0.01581021244838889,0.02210736006232465,0.0009177850643254868,0.006015286504877292,0.02388767502753194
6.778,0.0,0.08149960139598159,0.21779338194228903,0.03492487581877628,0.01106533778463578,0.0447876702712529,0.10271453703998697,0.024803284732151088,0.025326066237802498,0.020078285123012983,0.0071974139860106244,0.02211501771174783,0.0325442736639379,0.023782952003774067,0.012157109740655503,0.01686837546808001,0.0177738054131457,0.018205755531751227,0.017890197571312435
7.287,0.0,0.22859604744359827,0.31957362107318577,0.020678116179145695,0.011414966076996241,0.0013970969768317373,0.022238717338016717,0.014547282896490205,0.0260896731691671,0.017576558231394958,0.014157141157747334,0.01931688214423877,0.022565069526511702,0.013252650426201202,0.006147221514143181,0.01822870009052243,0.010090641505824937,0.006465852998296268,0.005659379988345153
7.779,0.0,0.18205545447221574,0.13029154772727083,0.02995728427955984,0.01239050292989393,0.03402137193290386,0.08264493995805774,0.016963292407783284,0.02781083484649821,0.02847365773089151,0.015906950546844954,0.011874555159893033,0.02988877315984713,0.024766797232593278,0.012053609076301902,0.013520123063569004,0.011379763694636762,0.01576657484723792,0.019076773055046462
8.288,0.0,0.19542264559347777,0.3742884391956133,0.043910018327002726,0.0178697172217731,0.03228882890997379,0.07891352383551538,0.023080873950633903,0.020795686763157194,0.03136782346545828,0.012487596147048311,0.016488613155948573,0.04699438856344805,0.005268798628591642,0.015791722898727174,0.011216024525557115,0.011765859788769158,0.01245942405984977,0.027963821632604628
8.777,0.0,0.11568986172329071,0.5006807136627918,0.01943437388404549,0.009697357888303013,0.021070450644072324,0.08256194812334917,0.02581125649305408,0.024641466197718967,0.01599513257635536,0.015722352112534407,0.010074179354403117,0.014205304824293441,0.0009659316563430322,0.009087788594512716,0.015720112895132636,0.006138503171001516,0.007799155712013864,0.012952761689250497
9.278,0.0,0.11481710063059748,-0.00581837360334116,0.013371947844640956,0.015184714738520582,0.030097297097974526,0.061054383332444596,0.007930361740864556,0.03836856874118322,0.025352899077175844,0.016602978494103325,0.008825140754994127,0.009768798068185678,0.00024807030929157095,0.019862260366323593,0.017952809327605415,0.015165287334721715,0.0064918314186052225,0.009193591465483292
9.788,0.0,0.1869053547512711,0.5804150468007486,0.020367413761252416,0.007382934892342939,0.03748005112047915,0.06292069564183349,-0.005430680763252155,0.0018028812458852582,0.023811454251962866,0.012480810384962987,-0.007230821466731872,0.006158301959935981,0.013692327573238556,0.008495809231205638,0.02223499496480441,0.00737175968628042,0.002965750736729329,0.010822629930688636
10.278,0.0,0.02655484349630031,0.3006807251204585,0.018495006794707763,0.013904999113792485,0.04491682358784838,0.04891614092101279,0.0024979222865457577,0.02568763499348915,0.02230685650315711,0.020261824028114835,0.024394474468687283,0.022215992229788897,0.005823630661117645,0.0031934982857989565,0.020781484613482473,0.0073730737000756875,0.010353742669486543,0.015133392144894836
10.777,0.0,0.10560319741799067,0.3478333318674309,0.011353322961238504,-0.0016284076117248692,0.019729989200281073,0.04531723486888814,0.002095151027063316,-0.0024130205228698456,-1.7222602336557854e-05,0.022713166791210146,0.004696197436743767,0.006694860728026156,0.005034624901016565,0.00890386902395644,0.007486004564938098,0.001620088408088878,-0.0016818689548506035,0.004438497626255449
11.277,0.0,0.13526113607277834,0.06831713131901353,0.02275991792463517,0.014056838774661086,0.005387686310622808,0.058044154614983814,0.013021002565567083,0.025174680045428124,0.03046500609695683,0.027719837216752613,0.013224599000736307,0.021857305694921832,0.005740887346849888,0.011615062479105591,0.006295954252815179,0.012788719303935565,0.019219630080087143,0.013839851953183836
11.787,0.0,0.06720178675057084,0.39223948696136374,0.00994128407161036,0.0005148699693252556,0.008859704538197972,0.041404886078735575,0.007932534134341392,0.014639411389122557,0.009908653979261923,0.009078223824886827,0.011189313050615485,0.003490082225335049,0.0065911006188414745,0.004883838779493804,0.00042328219632983247,-0.007199679263653811,0.007470671154445805,0.004445935347476236
12.277,0.0,0.07955401419144194,0.6354612362060985,0.010455446238837667,0.016765219701261456,0.030804480153803267,0.05532970691904773,0.028049562457795694,0.023132465122550096,0.010953234875265066,0.024840339105991902,0.01595468474555982,0.02582583927533198,0.01093240236328016,0.010281775612045387,0.01826483055265335,0.011096821416012485,0.01093242077022194,0.02421586697243253
12.777,0.0,0.04778754441276801,0.21218178171418509,0.017012520761850964,0.008953159072630307,0.02117764075831381,0.07020194315933105,0.016243903242620875,0.012518425666730011,0.01950563647543728,0.0262670660033619,0.013656960419951137,0.03635122712289743,0.0010240887039496436,0.011176776042076007,0.010247681017555944,0.00982172040617736,0.011580540684792718,-0.00024552390366400857
13.278,0.0,0.051581289943939464,0.24163257819958908,0.00970462985546068,0.009987427572024239,0.010728730635040169,0.041545417043987225,0.01018546913201511,0.009211218629425685,0.004068584131670382,0.02525197151022844,0.0013117797600840336,0.025636585850567568,0.01879699086572532,0.009933035820915778,0.012977859108700293,0.009435403224493212,0.006631465595968108,0.0038838895167699894
13.777,0.0,0.03368287114214484,0.25476682295843134,0.004642325136132303,0.0007683572146649411,0.024841869829226343,0.0441889087843331,0.01941363586489669,0.009478378655852562,0.0021288548453106825,0.026854375789559515,0.008043845128988371,0.02413699233233986,0.0107284214602391,-0.005850309636890864,0.004051857339930082,0.006792224048592407,0.009890504509898273,0.003933058299163744
14.278,0.0,0.09517845418799024,0.4729614871697939,0.004967255751785751,-0.009924682595567374,0.021025497075797532,0.010071302001613368,0.010078886825244498,-0.0009877795444951315,0.001534478928770622,0.01987946640815995,0.0055931493743764755,0.0222399055896431,0.004939586862557936,0.009036205223691952,0.009908549670666927,0.007468417554906518,0.0014827934752015988,0.0010099672495103495
14.785,0.0,0.12504105798371623,0.3414543594452444,0.03328353713068166,0.024597927875184115,0.04224062746817487,0.07825415438424939,0.01644296534051174,0.01908237770176116,0.030590607453694095,0.03983879690774017,0.014830274127925052,0.030771682282977646,0.012772466733136732,0.007700741829920993,0.021749655131583542,0.01609951850445618,0.00962706472764563,0.017284319443596582
15.278,0.0,0.017521238004127835,0.2965362191483753,0.018436530129553336,3.428676066665046e-05,0.028150011229622043,-0.010622571277531164,0.009355601445476302,0.03578604377362086,0.018519377785118665,0.023596391596103945,-0.002068253213901345,0.008871967870978248,0.01072278459853378,0.007405441210453796,0.010442024692138908,0.003231198817704128,0.01224798549361927,0.0007080555932814478
15.776,0.0,0.02678347119223945,0.15980267556242184,-0.0012433217837860247,0.008590199144558757,0.022956206958578675,0.006421834108948533,0.014402061792673646,0.018184711747945146,0.03255683990099776,0.02959510403947279,0.004085433686808889,0.017903278215405535,0.01439062440074334,0.0034044436157216885,0.012083636235455837,-6.773159446061102e-05,0.006153583041453115,0.016912984789745077
16.287,0.0,0.11357173071128028,0.31019689697371816,0.011275062292361629,0.005335613069331436,0.011239388976691085,0.049736687893415975,0.008668249992152178,0.016216090174288926,-0.0060580748527014885,0.027875131064892446,0.012637887349035919,0.030069331784138443,0.004252329715263716,0.013573795982247791,0.014124121772042525,0.018756613350945923,0.005741962659495609,0.008969202856481631
16.784,0.0,0.09544112463595393,0.22409401405618531,0.015667148336799584,-0.002464410979225577,0.018890370673246094,0.013597702557295394,0.0008789186871626168,0.014429996134910335,0.004189173948792522,0.02829692918158223,0.003127483976755805,0.015065697511039358,-0.003305207901730518,0.0007500259591947169,0.000338689458187636,0.013126727635418344,0.004622348536446401,-0.0026872436392022074
17.285,0.0,-0.04239322927487693,0.09946731591388625,0.015165887203783207,0.01935760783154827,0.011760581760724096,0.06108400388435827,0.016726716918469775,-0.00237368616800105,0.021846679740265967,0.0340502348893023,0.017859409047082535,0.0166812755316913,0.004878965046454216,0.00813869515686499,0.0032414606177528196,0.010286969043686417,0.0032797969728917166,0.014470868709163537
17.785,0.0,0.1210611092507898,0.17509171287436925,0.004135350673288478,0.01630680030524898,0.03543104876583683,0.06609390718006034,0.005015392624857469,0.020059998997833013,0.0021579403881552936,0.04894821152922309,0.00952755274311693,0.020491523245661305,0.020395992748586785,0.015999940923109444,0.004730586676099016,0.00425990960272386,0.006392894885330251,0.018157623569849485
18.277,0.0,0.010656810961859725,0.18342144773220997,0.007849843160921596,0.0075989286670122645,0.006801348142350222,0.029653175170476435,-0.007463797868170699,-0.0002115198016347523,-0.009761420094622083,0.03480967627721752,-0.000524673523741904,0.016879860834587104,0.0128737609365863,0.012524998396621306,0.013620120049156484,0.006091610723928325,0.0037184396209247465,3.6366299509351386e-05
18.778,0.0,-0.0039264722613644954,0.27792807837371325,0.02460508929957367,0.009068576708729445,0.03746783902535575,0.10794093771752128,0.023158865521190994,0.027749268407239076,0.01501268067931024,0.045613166523618597,0.03368477442705902,0.04301050396633034,0.00952174293715599,0.0065888938088245865,0.020239553494316095,0.012639994010570052,0.0211222699282746,0.025297654541844683
19.295,0.0,-0.03343755561997913,0.4190450839675596,0.017712711827844365,0.010181703504465693,0.023375297113741093,0.050994985520065504,0.015831235286378455,0.004586251172254928,0.01135655602693143,0.0372868950891789,0.005896485634933962,0.0232374783457355,0.007343860736690421,0.013105563745285693,0.013469020508809918,0.0047417998982664565,-0.0016628894223022948,0.01880510733990804
19.777,0.0,0.07790031420292653,0.256791950941962,0.03228339738310948,0.015879656441359042,0.008638027582739453,0.06758745271658063,0.011518623846671456,0.023499301822251187,0.019095283935878542,0.03839290254506179,0.007433985701276034,0.016976838728772137,0.01611831158751201,-0.0007669098004826603,0.0025433444111139414,0.010320909367220403,0.007451669415889437,0.022375033100211748
20.278,0.0,0.0642171553476489,0.3185770177985719,0.023255759433129127,0.010602946492449474,0.024731043402005264,0.10346775330060273,0.02646430799861783,0.03440485241457462,0.023893736872637836,0.04257650592681557,0.011373235312646985,0.0194094031335188,0.005596813428769367,0.01415904835435732,0.00019332880117241155,0.01336610332857377,0.009539391462080429,0.02617055511472638
20.777,0.0,0.06285515227888155,0.2467724009427441,-0.004292444220425913,0.006674215045735455,0.017824944751620546,-0.010852194763584722,0.007505819442584974,0.007423869453492796,0.008200849569070592,0.043729769887753865,0.00018364536869595148,0.019832273710187615,0.003196430522264789,-0.0011192700368552345,-0.0003866409914916299,0.00640591023478355,0.008565429407245051,-0.00035691773244530997
21.279,0.0,0.06799228069105705,0.17380823982971025,0.0006215750232522107,0.019210919176975944,0.007445808656188299,0.016419480627720685,0.018123420222876496,-0.003112203832129688,0.006756925291670437,0.04035755037261874,0.010965074240081656,0.007045681866827895,0.008346486350992503,-0.0032652124855191466,0.011758337477634785,-0.004802306531344786,0.0019392450417783707,0.021066164738737677
21.778,0.0,0.12145749522950984,-0.2563983590236916,0.020756567923889094,0.019882132201067437,-0.005191126709370761,0.030643386815649435,0.008081236304953584,0.009847775824374252,-0.001602946342373506,0.04439998489940114,0.021052831908328292,0.012212071755724377,0.0034251200427652243,-0.00021965269373824814,0.007430508270638391,0.00568736263849093,0.008182204191397837,0.031024593922815764
22.278,0.0,0.18581499095591297,-0.06520568640158067,0.019796310721149506,0.028705615390361525,0.008834921875561575,0.04310414807695496,0.005794576523141831,0.010481379567454614,0.0064357651359992114,0.04721015539293802,0.009534718687799528,0.015773871047774522,0.005607631528387756,0.007192823301450546,0.012081043983784432,0.0009795859578734124,0.006055043898047247,0.030424173945014982
22.778,0.0,0.08320277784314109,0.023382169279207454,0.004522922785832938,0.009936298557867585,0.018336295819799443,0.05914870983066808,0.011092371171791912,0.002682223990451427,0.026688043605317024,0.04522483369713075,0.013600886958675413,0.019049492448084574,0.0044912167849388345,0.0025457151625403306,0.006821802856728827,0.0066672018084332815,0.004069357406652995,0.022761607832471713
23.277,0.0,0.12261286160219396,-0.36794799194354383,0.007128515238644031,0.0353362207796094,0.043019973650063416,0.14219734783985283,0.020284904043872252,0.0030820091576767294,0.015085924246479483,0.05013068327527162,0.01675664676815304,0.037874240904475456,0.0030983500209490404,0.017768588431819898,0.01859009874200194,0.013383194225996408,0.010446469227311435,0.02760946387482047
23.787,0.0,0.11591920104831846,0.20775527414247383,0.01631961609188914,0.024054924255133295,0.043173601479502936,0.07413908371162524,0.022100156133299294,0.007620413063693744,0.001395613762214557,0.041959777945866944,0.015136561047059505,0.04885860370799943,0.011044672058967135,0.012651642065588439,0.008236168980089095,0.016259046376303637,0.0074996086029288,0.008311880300408097
24.278,0.0,0.02018073204275356,0.1269074614017024,0.00972078115606476,0.031045032497145877,0.03706821868726218,0.06281078872560698,0.012400956191693483,0.004529199607633345,0.0057851523725810875,0.04804842466587644,0.005985735714866337,0.03302519844617228,0.008595740154280955,0.0017687926070150649,-0.003571161354610002,0.01131940911835402,0.009040383141366962,0.02860271859878106
24.788,0.0,0.09194379042875314,0.12886475955367852,0.015567927722688085,0.02667408428214855,0.026345048354303752,0.056880906010774335,0.01935104709746762,0.0057311035406731655,0.009749415645019256,0.04399755682168004,0.013858278664323067,0.02016213435928554,0.0065657948850239,0.006853303685049632,0.003553652070734439,0.00744515774444065,0.006002217824870333,0.01527459514834228
25.277,0.0,0.07679707093281034,0.27915918107127524,0.015359820594209095,0.02424238580401675,0.0384174214999919,0.0818159058149562,0.019188291235329828,0.024831517210089638,0.017192428706510308,0.046722765662856484,0.020009607908963577,0.02450245022538117,0.007667988731036738,0.01588395040520263,0.02137955306250846,0.007303248427688001,0.016748591817083887,0.02337301172006388
25.776,0.0,-0.0058923629835732055,0.08702047367758342,0.01162191477228337,0.009139790156224835,0.030435924862680205,0.06450266967230982,0.009030606311490254,0.00998021057463474,0.006690099511572929,0.04090502928572132,0.017396229500086992,0.028568385375754936,-0.0009886765847989267,0.0004659647744340384,0.006788195986346074,0.003198393758112918,0.008015846460900228,0.011741048991322467
26.286,0.0,0.0017186751556376256,0.17998936374389263,0.002750930495121559,0.010209091105046617,0.006579948185908005,-0.009322450102109034,0.0031375616970143916,0.0010377900935234898,0.006670778896951401,0.02792998128650961,-0.005693060462011555,0.005207873483634594,-0.004732984747534362,0.003810120114392255,-0.0008701038565590114,-0.00581859343402207,-0.0056869401945277885,-0.0020021120943703495
26.778,0.0,0.10687795926160609,0.25747523869570277,0.007703474206139907,0.007982845838968515,0.03864293971658683,0.06458730063054097,0.01608317330457016,0.0184138388268867,0.010324465358086314,0.0363944116497254,0.014812186056137211,0.004095025391304776,0.00482256888443813,0.013851352230239736,0.004790527417996958,0.0054702927292155645,0.007754525436665122,0.02602297491374527
27.278,0.0,0.01801013422628858,0.5143311353466178,-0.0041313626057099834,0.010297890986059667,0.044033972863548154,0.06652455490511183,0.0006987485596460631,0.00849037239298587,0.012420612231365723,0.03611329945707338,0.01830102149867571,0.03974999889354925,0.010568423080925564,0.009338402261531625,0.005621451704744732,0.007270022870378399,0.005601738702072436,0.021955051684615947
27.778,0.0,0.19450329370127312,0.3935221457835912,0.041263394435991904,0.01877391222624449,0.04602193655790714,0.0773025731030174,0.02454567525911081,0.008670137016051533,0.02411824616229022,0.0404600563605129,0.019185173038271542,0.021725190977786107,0.013141966649732254,0.015339828584131568,0.016110344536042757,0.008829610393968486,0.01288036763270366,0.04976404310836433
28.277,0.0,-0.018538182617864354,0.03391646605723543,-0.0030074260663110553,-0.005316159529651708,0.009371828233935939,-0.009423832570360573,-0.00874360534019778,0.013738102675148068,0.008982237844484382,0.01761993204304122,0.0007852430960935884,0.000847651701361191,0.00047120729296334484,0.003167662649205286,-0.002823042198559934,-0.0008770533759445495,3.2481064727462874e-05,0.004348931965310041
28.787,0.0,0.051443651494176124,0.2635151500271105,0.010115506061826176,0.0035449813029614146,0.02320080474942736,0.04473804857662323,0.024980995233898542,0.012690936165287874,0.029552216576560344,0.02894937048846928,0.0023464218316184694,0.0008833269556268744,-0.003786851487339838,0.004975948612355016,0.0080535582949064,0.0030679967052754556,-0.005276058680148211,0.0028471218141690583
29.278,0.0,0.062678379562058,0.3129145728401299,0.01606143416978699,0.006721648355900441,0.02327870188616047,0.022077495553602507,0.005576131711789928,0.001019679592987029,0.011735969763771769,0.030233975818640277,0.005400739094355264,0.008359931432862441,0.0030873190931773446,0.009059757755759868,0.008736150640776343,0.002025717876929066,0.006886407769171571,0.024490678950919404
29.777,0.0,0.01656868123896652,-0.000152870366933337,-0.01335402995901879,0.000659868611761742,-0.002196798694320379,0.033396243609797996,-0.010416489604416672,-0.018086214090149932,0.010336031559635852,0.02383218961273348,-0.003266231939095267,-0.0100464130140673,0.0002746022188015134,0.012340687152473745,0.00832644710070478,0.011586273279845608,0.0012642878374826538,-0.017027973398975858
30.287,0.0,0.12901928285730038,0.5769286128944162,0.011639711695488246,0.006918032843156923,0.027295264289380117,0.007611289271821171,0.026573131992994662,0.02057698967101814,0.007342418668397351,0.019517855492405745,0.021797910181084054,-0.008087963627103789,0.013705284667611303,0.00806669746508954,0.010958578159816046,0.007209551745868831,-1.8342183027029095e-05,0.00135004174002539
30.777,0.0,0.1492723973785634,0.17178644469623516,0.0003507123237632369,-0.005937363259715544,0.007794236579200535,0.02293814723885551,0.017602021052204837,0.022255023267180853,-0.007669214505286973,0.016599761503155324,0.0013179085397478237,0.0037060768197061966,0.0026335897332262124,0.00970611746171456,0.0013601671302878964,0.005618234631187559,0.008713440561442375,0.01313737113150222
31.277,0.0,0.10253850217828929,0.22292273027461262,0.011567016170654794,0.01716373555063672,0.038287527319509976,0.020751228941044978,0.008735736451179603,0.012673436686566692,0.002845628936549239,0.022924666177540517,0.0028346966943700556,0.01550665023399794,0.013076198125512598,0.0018408139437974065,0.009223113458179303,-0.00149311871307007,0.013206419587225524,0.0126105961064931
31.777,0.0,0.4989377378906434,3.464652489421788,0.0015619225619632174,0.013992071167511777,0.00018555068972876722,0.05163830179264761,0.012958069309509466,0.0045825639898528355,0.01805832567557259,0.018964140996392032,0.02355444708800026,0.02211653642634706,0.0140411778384576,0.006782679450744044,-0.0008836259404840145,0.01494177238830888,0.014618867920170066,0.011315406464622117
32.276,0.0,0.5339290680400518,4.408941553929968,0.001992389118940617,0.012194847477978388,0.017542534827699366,-0.014784473579069013,0.009084527386423302,0.014804911079855045,0.006230002954349861,0.01328997902811613,0.01495073498776593,0.0004197292383983548,0.013861822436120512,0.015905393391147687,0.0037876061442957912,0.018614090812739976,0.01253368526120841,0.014935762448660322
32.778,0.0,0.6036002886335046,4.136317244772539,0.031038552394474863,0.01517977174955411,0.005486047692645899,0.04234142037529295,0.010833799240573955,0.008116500229724651,0.0040264048651346175,0.019585996405677538,0.028719901513175803,0.03141283704133228,0.0022506492874142946,0.012242754463784287,0.009092487403807057,0.012609821113546596,0.009763445267822022,0.012417561442104671
33.277,0.0,0.6272174755624357,3.871043701141117,0.03692626859640226,0.020703182998464725,0.01995906918184555,0.08751080575336036,0.014670544062799691,0.017857892674436448,0.02462773107071224,0.0210604946032268,0.004802233637444477,0.03851546194596842,0.015383819897055366,0.01767151416849624,0.018316619476373378,0.012522753897019933,0.01034774944018226,0.02545218845896752
33.787,0.0,0.7064221506384014,4.376375750549816,0.02271775907561984,0.0140096220194866,0.011955961137402096,0.0012569509658179436,-0.0029111751260317105,0.010667617686413887,0.005559869971550824,0.01602091212124344,0.00922863753237652,-0.0010793037558815195,0.008894607800547032,0.011286949239200025,0.011513293847818667,0.012940970465587932,0.008847344694274816,0.010819803716982025
34.279,0.0,0.4456745933756809,3.5183574672029496,0.019235473248094354,0.014490691281444751,-0.005903181802386799,0.04742153440766274,0.008195654591013112,0.005678148848857284,0.0132640211155916,0.004501315282627584,0.017902190263626203,0.008944813257365979,0.002779367429434202,0.015775067902481645,0.022965682444858724,0.005638850962167857,0.012191795678041921,0.027424423605987486
34.779,0.0,0.5048357682730489,4.578539493703662,0.03734588119194474,0.013416330012799382,0.008505068344816522,0.07009633821652281,0.01155158531189881,0.027656278987071643,0.013727493577889662,0.018538573825314323,0.01698871584115124,0.015569145102043443,0.021894073042133463,0.009879399212996165,0.02347058586586115,0.004133340217958038,0.017232168195472665,0.013038702379064392
35.281,0.0,0.4148619339984853,2.757941502441995,0.00956289837019284,0.020371151814387024,0.009197531514603627,0.014870566864378026,-0.003498953975306262,0.0025834414794988774,0.008866700535482483,0.007121857799813871,0.004288781629058228,0.028443592324026684,0.009776889510568675,0.004301280270339687,0.01340831860338202,0.003026986031414408,0.00472128371068252,0.0011846078892859082
35.785,0.0,0.7150315979544128,4.647976414641869,0.02244918310549654,0.021758349945751473,0.008484180867379254,0.04855949035673749,0.0010972865056004752,0.010070664932173953,0.02216197044989619,0.01637818727064171,0.019287826999824995,0.014005267423610466,0.007294385150965175,0.0060084358697978,0.013201182808534917,0.00979814050560922,0.003717868841235521,0.02666630352887753
36.287,0.0,0.41774173159032746,3.2902884606854896,0.022707127661981255,6.7769644844003535e-06,-0.009085229767671173,0.05906686227198904,0.012195207472793797,0.007751445839934044,0.008410809226361659,0.012380884682925936,0.018917207834312756,-0.004247870166848754,0.01865044268766571,0.010117378259835198,0.008982473498924413,0.0003906828589982931,0.013028114064240473,0.009789853822441583
36.777,0.0,0.5611570365011447,4.766239758082547,0.008384767577020858,0.01361790506866827,0.009326403221774514,0.04857983086279634,0.011615839200742334,0.006104387367248568,0.023423322057067184,0.004188897054802809,0.003295937795851183,0.014091114095896381,-0.002738461928027711,0.014116924958317774,0.012385862006454328,0.020423494965851906,0.011390114890120304,0.01763813158212533
37.278,0.0,0.48004243806044905,3.6086555933186735,0.018777479059736268,0.010727983881119368,0.021741259264167544,0.08345489980450943,0.012273823852402012,0.033324060140938534,0.01625901673266219,0.007624995863780513,0.010976416978937795,0.04024925076842963,0.014123987113874761,0.011578088694734132,0.019399862728936894,0.010466080988342468,0.0118280734627471,0.022705426798592047
37.778,0.0,0.6013142796066272,5.10719236773148,0.025622448711607473,0.02144924650062347,0.015602156623858448,0.07153115184634037,0.021649702098542098,0.02235712036993807,0.011172399346866337,0.008218998611640991,0.018225142847965784,0.044118548404218694,0.012180998208982554,0.011504639057790367,0.011020822002798011,0.010589740117727415,0.01604909861885785,0.02018504841837508
38.277,0.0,0.4686896612984599,3.7522670656151056,0.020942457941592028,0.015936372967865597,0.023237136658067516,0.05938639161530317,0.019673634704743877,0.017341637563940023,0.02905187419581578,0.0072139440208391315,0.01351901822413197,-0.0039824982119525615,0.0110635645085503,0.0017048245784680224,0.007020569356208771,0.011552772355381772,0.010068161652644575,0.01265258869567431
38.787,0.0,0.43860671493279674,3.4618663583466796,0.023159898069991684,0.024137224956007442,0.028418171889446796,0.0649869274602625,0.025826968566703364,0.024365993144872658,0.028960855640221966,0.00395517012673548,0.029945621414912672,0.03848064713735864,0.009464984094764598,0.008404894902873303,0.018963350155304076,0.010938081006920737,0.008133240572140162,0.010438249303876088
39.278,0.0,0.44540732636650904,4.351535483350579,0.013319789219474807,0.011265955429668514,0.025250238570586003,0.031384875308543794,0.00821004228804211,0.021064514076025775,0.018476849655417096,0.0054748891968856,0.017206492836346614,0.01048431306210446,0.010717158818742996,0.006654399042037188,0.013078040707246778,0.013834315862898489,0.008096153785793663,0.008188511299917376
39.776,0.0,0.377467125166691,4.446426748542292,0.011412382617771402,0.000318168124882582,0.006236318959532189,0.011077183199182336,0.01828760565828774,0.012416920512008421,0.019464916961852284,0.008165305164729544,0.01123624360777093,0.03373092995023518,0.0061493741126671985,-0.0009809473180976379,0.007604734070129573,0.0028033367257181917,-0.007892901143298863,-0.005419789307870333
40.288,0.0,0.4762999042673293,4.19252773509188,0.02029201615087985,0.01496894124146048,0.00681991678138515,0.06656662335431297,0.016550182451863283,0.020777069035637447,0.015231020484475924,0.007901691294232344,0.008838022582078336,0.024281969644887973,0.006077733239796838,0.004516825814425575,0.021570397214051813,-0.0011520653567144985,0.00537080625024108,0.011428204585093462
40.776,0.0,0.484061984499986,3.8573362818348405,0.013146473441901908,0.013068796411523032,0.018455876740017405,0.05029260217592188,0.005539411157804231,0.021469368064012024,0.020242479001645265,-0.00019150428975061462,0.0015094946901595076,0.0228934365849907,0.005328277116330876,0.002968179176191549,0.02043827788383859,0.006575040199200235,0.0044605753305023465,0.00225247807973988
41.278,0.0,0.5361282384017636,4.979471790944714,0.025363879447367368,0.015481635041369146,0.011823625242186286,0.04165670169876418,0.007351369177561484,0.024469520598695737,0.0243050612651542,0.015520208572212622,0.012043409293119263,0.02544842373792944,0.005451633802628088,0.007017869071980174,0.01323884278028508,0.007374326856867677,0.009291907380322163,0.03954545092212701
41.778,0.0,0.08895566183145122,0.7394912355159143,0.01046604520403995,0.009507793043276577,0.026062604453348216,0.02049332795922818,0.02104884772778265,0.03920502200147561,-0.008227804505911575,0.009710980847742159,0.010743976606817928,0.03291920884468549,0.02073024327784774,0.00013893485182341775,0.005186971460754509,0.014749976421995199,0.011868579729603207,-0.0002775271705037229
42.278,0.0,0.040656938556373756,-0.24735174157959033,0.0011522705941488548,0.016512826337159933,-0.016257758992217118,0.020966306591478343,0.011481878545226112,0.026234304307353077,0.024747882278017316,0.0036710046312617567,0.011984510861055543,0.023745234365953223,0.013388584633207853,0.005262026373938519,0.007567047581455282,0.006198257761878731,0.0060303629062036035,0.008301488146812917
42.777,0.0,0.09062107260410275,-0.10583494025000696,0.015242847720755697,0.02180854867973962,0.03495237336066981,0.07185648124185837,0.020564146766550596,0.023495846700144075,0.026281510804358903,0.015592354121748704,0.007092756122094927,0.010485512605262504,0.021448244767880632,0.005497095291045734,0.025649476169604567,0.014108478503068528,0.011445330342944555,0.026895753995356306
43.277,0.0,0.1493829016514391,0.22235404870464023,0.0076111993942077115,0.009511365198450939,0.022860883344516438,0.0545521607917032,0.0011632147148573197,0.023465639653136142,-0.0015276051172803983,0.013605291909149707,0.007731003036727151,0.037229499185868146,0.017502172468484404,0.004443333893726204,0.0004759905374318807,0.0137585587887503,0.009430354436985965,0.007059513924089075
43.777,0.0,0.0410331463734231,0.6604711189796113,0.009153939036996099,0.01260106233292937,0.020831002134503,0.02326848665612736,0.02036799880332415,0.019021113369669027,0.005574398236738881,-0.0018227613482188704,-7.162850870941305e-05,0.022522084302249692,0.006197967128514153,0.00303649818152684,0.008488903660542883,0.0026276858938929577,0.015293130479008498,0.024226033656421894
44.278,0.0,0.09675703965346633,0.2307363815409974,0.02412364473769466,0.015436470409948222,0.022461928448276925,0.04933314558231606,0.016347320611375237,0.03370661273207271,0.004362044150369095,0.010879246999790272,0.011732093681818639,0.006495655466386833,0.005569151638033021,0.0009045679602368668,0.012810391794560044,0.01246401467955973,0.0027253458482414095,0.025551982951365838
44.777,0.0,0.004684467296839414,0.2796119304792354,0.014790283128887421,0.004184375682484551,0.005481827084486307,0.008820555930765578,0.016453525817391422,0.01908716279003069,0.02577749033671366,0.007630908159555399,2.7855531164694832e-05,0.01189870140812428,0.008046869073933633,0.009306267460686746,0.012515973389492214,0.006281420142540987,-0.0003608519207274078,0.02854534470358377
45.277,0.0,0.02275130755867438,0.4067416901757181,0.00738278251084015,0.01111402490119767,0.00790835291343621,0.021833818909137166,0.013509456422436157,0.028192785505198038,0.02618405842272473,-0.002101512127644212,0.021496113968554505,0.012247962657694527,0.005687945505662109,0.0056154240913279035,0.0014709549907552296,0.0026566992243780437,0.007534824145504792,0.01606347037185158
45.779,0.0,0.0004274984800246687,0.5977466315031664,-0.003523673567814192,-0.006917008172990946,0.007089342802528915,0.014420954265955766,0.02454628977434938,0.020992752334395723,0.009151486151251442,0.005406260600707252,-0.011582983296344081,0.03737516915689887,0.012924442048207653,-0.0030436943822846506,0.017877124052403316,0.011117699326358008,-0.003090691120528776,0.002564883382858309
46.278,0.0,0.03533820977218866,0.7812218531134335,9.450584213537739e-05,0.008861291147885881,0.02355762537309471,0.08637449390898672,0.017271298086235107,0.017439773362397753,0.007379208387400494,-0.0002614220199592983,0.004899641721830007,0.012420263166342656,0.010403077468452529,0.00997991279264987,0.008443480354770274,0.015773249673866133,0.006423278022722372,0.02280586666600531
46.777,0.0,0.07419907563481143,0.04568430316271762,0.00832814824297585,-0.004510877920520369,0.01435167250595525,0.03917032074973577,0.01222279719368508,0.032191071050060444,-0.0027985057577970176,0.002669898401115206,-0.0012351262926807547,0.005956978041576293,-0.000604204740976465,-0.005205542623153462,0.011104976861955348,-0.0009663733944254235,0.007029021570515891,0.011353904222326586
47.278,0.0,0.0686400615549687,0.9609739560683069,0.029704018892732307,0.005377321521013582,0.03856701927783307,0.04641939690174341,0.0183472579443492,0.022533201137530153,0.026042497668172283,0.013989188174011867,0.022520212557215893,0.03219624701258879,0.017188850593825147,0.014550520122888759,0.004107341532555776,0.014668573311375012,0.013500067514144218,0.013085868205061203
47.776,0.0,-0.01584336988252221,0.6931722080423834,0.013780003912440952,0.009933650400689649,0.02775072878010604,-0.0015720216077862513,0.013695125552010188,0.023703205491750937,0.00023297830638800422,0.007581188509921191,0.013245425326141699,0.01285407344436675,0.009263906064277608,3.249784200962228e-05,-0.004914113841231336,0.013556502475863694,0.005476426372434573,0.010002230512990639
48.278,0.0,0.03815298702924327,0.505824196422279,-0.0003020379781680262,0.01096428387511531,0.023459028683727026,0.047070417135875724,-0.0013229772029863668,0.016102672552764014,0.018951042062932185,0.009711806110221472,0.004369856736194715,0.010706020562584831,0.006923076685483911,0.0009202938738222013,0.004428298881421517,-0.00010818231315434171,0.009709933768740575,0.019834600151048258
48.778,0.0,0.05347119126305138,0.1764625000452686,0.019526890413747625,0.00992786659422859,0.014099710274164389,0.029043169843708066,0.008583616033463665,-0.0019259465771518216,0.023212182824832416,0.006573615951233092,0.017698016491968963,0.008578279467045627,0.0012605498829049318,0.0046136565233827675,0.008627581379583976,0.0019461827400762243,0.004301654287438597,0.014375350858100547
49.277,0.0,0.04342565279665182,0.5392697598657934,0.027407902455887586,0.012713476223504399,0.034026136411740425,0.05813837615530438,0.014988302443785798,0.03217029487977439,0.024661229147974133,0.010832400403641014,0.020502556868808284,0.023998883366765297,0.01975234174440983,0.00977468482639279,0.019952663246465874,0.0033339156463492153,0.008718223316658594,0.02251535092529539
49.777,0.0,0.06725925459530997,0.22724654297081548,0.010558966830435411,0.006134414364733413,0.013053672509722425,-0.0112157254662265,0.0050726094736790964,0.011034794884614323,0.0005940686567202212,0.00043492664350735247,0.0006947832635635212,0.00024112193300999154,0.010518212631332631,0.0029280138990130126,0.0008781328223707732,0.004644147452838199,0.013312264789299021,0.016425782464017644
50.278,0.0,0.06774203523712712,-0.017332070791796404,0.02364541422182868,0.01724658615700911,0.034423210261302586,0.019585361315211172,0.010615982262695427,0.002706610127934892,0.013930343413212334,0.006429749336284577,0.015910224805139025,0.015935365901061847,0.01009761390354181,0.003059138941682104,0.01646857564169224,0.008666059471126178,0.013388049141082993,0.0227210122957886
50.778,0.0,0.1622035494596225,0.8632859457895864,-0.0056075992565993455,0.013901660779851669,0.01324112049171428,-0.002624745534542383,0.0033845617277626864,-0.007784494017057517,-0.016803346749191383,-0.006960740959621538,0.007756541946922087,-0.006622519102285895,0.0010228226656994375,-0.001452161616230241,-0.00726936906623075,0.0006567791813018997,0.0006478981070705491,0.009934147864777905
51.28,0.0,0.13324968935384207,0.6084007182907432,0.03186407514978943,0.014250001101506858,0.04184926197898675,0.029753819137606472,0.01350048973543731,0.025542635194999958,0.008726293656363444,0.0074899889235416385,0.01680627291078766,0.03972962160572117,0.004017737250316601,0.012501496630183809,0.002319911545650318,0.008190226979963435,0.004830518429319153,0.02506432847632025
51.778,0.0,0.09121294168948761,0.5066512644140754,0.03055169663772051,0.008033743999840361,0.03451108281449917,0.07527707510451645,0.008540569240614627,0.0011217719972875801,0.012703745850868201,0.00270073780340255,-0.018334789692463375,0.012782979613424101,-0.0005668002913154121,0.009688781428505558,0.004782885202404149,-0.0034009175474273463,0.011698977508404752,0.00877579694654745
52.287,0.0,0.1032552670770593,0.6592920534244028,0.0018495367812063602,0.016483506717632823,0.02999762237935661,0.06726130279281826,0.017545780277877884,0.027672681518325037,0.023586048933617643,0.00022400897365812316,0.006047656005878501,0.028778287375609102,0.00789194412701292,0.0051325560715741415,0.009993626798454685,0.0056116204731128235,0.013101764065238374,0.019270990299527065
52.778,0.0,0.053850401882832064,-0.20451027144002135,0.009857640600746224,0.007455935064522689,0.026525343038478224,0.02491934681523092,0.011532498126456568,0.01410279710247486,0.013790400718510449,0.0044830256390179036,0.01680725401079322,0.013164434867485328,-0.0017335435489803312,0.004061472866203568,0.016885095246283517,0.012198206238945047,0.003117811756813695,0.013283074758046274
53.28,0.0,0.044847764301683024,0.5640839737837761,0.01364876429047748,0.006304496215217186,0.02108085378676864,-0.016050216000878196,-0.0038817217945104157,0.0019519019987649792,0.015442207474185954,0.002197903871605972,0.0002723116351514547,0.012184682130743798,0.015513967854970799,0.008351022330154946,0.00386545816539823,0.0072259257055808405,0.011462543788045884,0.019593424572394207
53.78,0.0,0.06788743993325133,0.5110474494590146,0.014223930526363782,0.0007367695480803118,0.02122740412090086,0.0416852336167917,0.001156209529406591,0.0027055687424254733,0.006040924007249927,0.006279712561555644,0.005924570754593882,0.020531422103753076,0.00845588954426692,0.008821084250432152,0.014145191187676676,0.006959585539687345,0.002916862909703043,0.010927711677618423
54.284,0.0,0.13257775098777635,0.07149625692627175,0.020677255531464437,0.016689746723312637,0.03207970350921101,0.004879521013557432,0.012097026079240044,0.018514715440397733,0.035999032022380355,0.00712101328165135,0.01228132212511067,0.015740728199937888,0.008850808547434749,0.015754759392235737,0.006807555393097505,0.009483302454600877,0.01362916291075559,0.025824890809304352
54.787,0.0,0.017125754122903722,0.28245423732592895,-0.000274006738919001,0.005329648710479639,0.009775728833869398,-0.02705460328150022,0.008453226420404381,0.00484957931295889,0.015330424317793075,0.0008364455220060688,0.0029384894604105333,0.042040783760008284,0.005925284178555849,0.00478964991367345,-0.005957324798494228,0.004002817828621089,0.00021164681774556114,0.004243793392698315
55.277,0.0,0.15176281012698228,0.7288616292529033,0.022190142796419583,0.010692201475185292,0.06203367207829845,0.06828482929916035,0.00998706855289868,0.013041317516499134,0.008366273045020042,0.007322836708683112,0.021194754555607327,0.029023027720497727,0.018569983123234504,0.011541478054382496,0.015566691950647308,0.01663968405598041,0.011199924420661592,0.016193443996975504
55.791,0.0,0.07990150778103569,0.11295828417958496,0.0060133770881423,0.008470747526498136,0.030989058692189462,0.036933734393180574,0.004138681828499134,0.002178312577779104,0.012615403567733689,0.006885450493834942,0.027864349519483723,0.011223452926613482,0.026816982129048157,0.009189657947367239,0.009785991767594168,0.005971090664468103,0.006960261705293817,0.01956118439348532
56.276,0.0,0.10431044834883745,0.7228406853964586,0.017689235880951372,0.018051842633470077,0.05316729279376969,0.063480324382428,0.023714819318286808,0.007000526470282687,0.03855674111952008,0.014553825908944147,0.015778668056191974,0.004530891936193848,0.010632121146375984,0.011696605701611868,0.009267604371431221,0.007966865749431397,0.015578704743193627,0.008856567933805317
56.778,0.0,0.09673975631139993,0.258315664921338,0.015306819359114664,0.010503675988118138,0.03219790738138874,0.029855872830785,0.0022509447808867636,0.002749289889965109,0.016662370631649402,0.007454547797327308,0.015408830325133571,0.025007226508556614,0.01057633060687594,0.004265957635453179,0.0027202368381533067,0.0033008723307315965,0.013141296251301064,0.019443249223531047
57.289,0.0,0.1322963650778241,0.5128047114718581,0.02982228025705286,0.016135584184681303,0.06160680379639391,0.10291749022109367,0.016944723765156648,0.01664353645877993,0.04595284882703941,0.0172795162260251,0.03829073999211003,0.018233832165308612,0.01869890667130218,0.016552278799994682,0.009638244740482605,0.012427232469217368,0.015837973398229434,0.026621843468477516
57.778,0.0,0.05705585991174184,0.7836541969836766,0.007381839292094473,0.010301532007029494,0.062377128434080734,0.07085654530433923,0.02793239736905443,0.0386544828715356,0.01980995092590099,0.018913833798207273,0.018137460013330085,0.057470243574594806,0.013939964817056293,0.021117393037553583,0.017453631560879753,0.006775912567144233,0.009117280720015492,0.013420603999540861
58.278,0.0,0.015927744222947883,0.3045179182812715,0.01602973765565909,1.1293670323466457e-06,0.024290830149977898,0.009173217245581062,0.0007172899063914679,-0.005996115880428057,0.011129326458386712,0.00010766480923842184,0.012874118572084444,0.012398241077070667,0.015094653879983148,0.005837297974936312,0.005254823375152056,0.0028531280214336594,0.00294929647984685,-0.01651086154148835
58.778,0.0,0.013603183275415586,0.18314148012796921,0.020470815348116195,0.014053673897340347,0.02222656546436231,0.0597687134016751,0.005061674866956545,0.017236109086080705,0.01211979762052609,0.0049923808685842855,0.0142018485975975,0.010398119225527913,-0.0026382150745794556,0.012378845702189115,0.01603473221843952,0.010335360983934396,0.003746294167156549,0.011903175867138087
59.277,0.0,0.004887119636083796,0.445906901236481,0.0004965358309628102,-0.004644364052598805,0.02070713981060639,0.017115268122514217,-0.0036238238358930744,0.003560417542551323,0.0059050372600380485,0.005918051651191247,0.008912478310745344,0.010158093234179866,0.013980149527610886,0.007042259550810073,0.0033926466942067893,-0.004285929109751033,0.0049335493771934195,-0.008951136912523394
59.789,0.0,0.04166502715242267,-0.027563882985123765,0.006614131499296425,0.00936341685456521,0.03656063818429325,0.039165699209239326,0.003909955202241254,0.018653163245414044,0.008412722815513238,0.001974509796998276,0.023932121821284874,0.01620984811631276,0.008341040659212953,0.009147689489329359,0.007127501982112623,0.006104554341451586,-0.004486233479569467,0.016585100587953757
60.277,0.0,-0.010537779652675978,0.5051571302706194,0.001815849278373039,0.006494845669495893,0.0244630063286772,0.013078415107964198,0.02331337007883318,0.013981808206711842,0.008450921752247929,0.003488370813826056,0.009640965394538955,0.024365780111717125,-0.0012580554625123334,0.0017408012044901934,0.0036229727494713664,0.003053604620133994,0.01097851240436161,-0.0010051355636865043
60.775,0.0,-0.0889624226483489,-0.1965779617995644,0.01643007569247859,0.008565404543966289,0.028158307577165288,0.031844724111688,0.0012498207700292463,0.012286469860890674,0.01484976109055085,0.00713803132005926,0.008896326388790883,0.01397423819752559,0.014286077854653056,0.007035068388554072,0.012933614913060935,0.004913057015201846,0.00649798975955473,-0.0045280961355996345
61.286,0.0,0.045235456499059454,0.5131555015993747,0.01937274726312831,0.015603323058754871,0.0557406646260761,0.0446910356577622,0.005535474574902774,0.009918955737997818,0.02861555523101706,0.013696679159346224,0.007182519218282251,0.023571575216527002,0.0074322635677164205,0.014926543997387407,0.009853102311514688,0.008849466803163503,0.008229929627246236,0.01915649532655381
61.778,0.0,0.08515407771867478,0.3211059420750161,0.016771213134885075,0.008501514786020526,0.049401390076301524,0.042950913412187604,0.014701814905719281,0.005985715170561139,0.010437093723720378,0.009705481819506161,0.025368223378274955,0.015330646702661429,0.005539770303691386,0.009182956496088726,0.010867522847913607,0.009820370772767378,0.003942858554202518,0.006975837512944134
62.28,0.0,-0.004442027764036128,0.059659219484290746,0.02757834435740544,0.01185403642191995,0.061020377022854594,0.06454546644994835,0.0070184766901975814,0.014490880202145817,0.03631949112190097,0.01817483387471685,0.02966062508075868,0.03460971175329308,0.012339353933551279,0.004996561288844398,0.014421358144281976,0.013945088735139183,0.0019719864590924986,0.02924505680976045
62.778,0.0,-0.0020297962185034956,0.4880843664308736,0.011542136143595791,0.000799925599077658,0.049181387901748364,0.0340169631118908,0.011362575444969028,0.0014684949198890001,0.03702872752737059,0.011234947921544206,0.012073938611791178,0.029417756305522895,0.005139662694119524,0.002518758064736548,0.0009659384956642001,0.0015761287707520355,0.0035156714190828263,0.011023491777619193
63.277,0.0,0.07339587123724933,0.41409993229031417,0.025502112609607854,0.009203309304939981,0.050264835965427274,0.063197193969489,0.02222488373495159,0.0081806458189249,0.01605715893049267,0.007029030764566468,0.002954325695503922,0.020999088488031753,0.015548352030910016,0.005812378608259827,0.00680968977701589,0.008344541214179726,-0.00011269426627405943,0.0024571702604136484
63.777,0.0,0.010905477414692366,0.4208673432300877,0.019126828320799805,0.006805903837856278,0.04543317441748748,0.06311032615281545,-0.005962872102240426,0.003598997860117487,-0.004138538734558694,0.012846082924077688,0.013814141267692094,0.014649751270885846,0.0077878056275944,0.011121572590163203,0.0193936571837072,0.011617394293056315,0.007183021012798488,0.011117884372885871
64.278,0.0,0.005683354496557918,0.28902961246897807,0.024772701147080255,0.008184601523141155,0.024015760056579873,0.02612335079251705,0.018732202909181556,0.017889398421731116,0.006630647688306385,0.008626181387170443,0.003864663966873359,0.002117556065563281,0.006456303905556741,0.00613211680192874,0.005682114899592615,0.02329870469458962,0.004185285662679042,0.010997415183512318
64.787,0.0,-0.01147597472001686,0.08208422935705456,0.014652872364825082,0.0034310423541196945,0.04202827509308166,0.05684680565703654,0.016703284534441497,0.008824278434219967,-0.0009413828566775368,0.008202525117811514,0.0028257350739451423,0.036519508816944816,0.010560577189377527,0.006848844653794664,0.01590837227021909,0.009208971623321063,0.008165901442128937,0.005284059650855608
65.277,0.0,0.050825156777997524,0.34166867366695997,0.018306420285086927,0.001287673128153422,0.03978028309128468,0.08127108296427986,0.014154389327956972,0.0011832885182148929,0.002165111142897384,0.006604040406825725,0.027644664259734865,0.016679040472575037,0.017823473235511155,0.010945487782444493,0.009421911444657373,0.0034892876136737097,0.004764261136728201,0.011113667916211696
65.778,0.0,0.13881972863277106,0.9038804861087085,0.02854145624039748,0.014431564422613315,0.03724308662813103,0.06736162606122846,0.01207117207502408,0.012478744126538786,0.021088892421653543,0.01240376363293624,0.018925925145011232,0.008978133918587797,0.01797727985297731,0.014620960432122743,0.025763261565011714,0.022825881022849225,0.007466337170448809,0.020261694981743766
66.288,0.0,0.05016450790833221,0.6416186350554408,0.010330824319509272,0.011458735014821465,0.05302562012658048,0.05429024849002628,0.008601872748409364,0.012335087334282315,-0.004469193234827221,0.008435846644230045,0.014160307959860088,0.008439124161587944,0.012090783861899395,0.00694376742521009,0.006008526944950822,0.0038926528283069087,0.01507474338778294,0.014560331844809276
66.777,0.0,0.05003789551836253,0.37936243126158226,0.027500310206194804,0.01455589081248925,0.03368105396476721,0.041757385335298595,0.004643433228902771,0.013482459705935392,0.014696152694618804,0.00778603282537004,0.009669095288217118,0.024028929243810025,0.008971362713852257,0.010230587013088238,0.0030814992557395967,0.00020975960850469418,0.007143554932614838,0.024194340961934624
67.279,0.0,0.031621403117278526,0.4394272406635301,0.03446767631064824,0.01916673910011167,0.0730162453076974,0.11695298333215946,0.008982282946807384,0.018923833532951184,0.014963953700894332,0.011351870912505505,0.0184436661986146,0.02125567286820018,0.005756144875884706,0.008158558831504823,0.01341743916040984,0.009934479399051423,0.015328173266920262,0.02602861745859191
67.777,0.0,0.052807286281624774,0.40304654437420806,0.03251926187957901,0.010119938900349052,0.047520475371302516,0.11843238367251886,0.02546167880902495,0.009764948128787634,0.013825525910062074,0.014202278002744918,0.01571441302314281,0.036222638602784706,0.01905132389850341,0.007436043129248467,0.010290977196761397,0.006309590413512309,0.007599978610099699,0.020257606137597757
68.278,0.0,0.07348472945968482,0.5157334530468125,0.01623773975467816,-0.003170179229921741,0.024188165515860168,0.03827515162056108,0.002122108866885572,-0.0029995002609547864,0.010198030221264549,0.00893859288016289,0.010211649029725312,-0.009745129139819918,0.005197350661682097,0.01284993572359446,0.011239793191914408,0.013218980980682148,0.008115164003376888,0.021748696980987716
68.779,0.0,0.048599494046206046,-0.005563650347036376,0.005356080181791751,0.012190664623823016,0.04597431629188302,0.03615590830404045,5.480742898284854e-06,-0.015242352067428138,-0.01243843334323773,-0.002944932913321615,0.000463529971744508,-0.002133733090521133,0.007002148134997265,0.0026156856474777836,0.006999140135488923,-0.00302841489017752,-9.313532474279755e-05,0.00941774358092845
69.279,0.0,0.08248756616886524,0.10700744835608861,-0.0002885768916863025,0.0072217009331484935,0.02575479509091921,0.0005534474645865728,0.010754430251654316,-0.00028155014684511835,0.004898687161788962,0.004301600336996213,-0.0010963868871271855,-0.00894676835465674,-0.012210640046811971,0.003251362158207632,0.006020982366352056,0.006453450232365878,2.328383118565182e-05,0.012643670563249509
69.778,0.0,0.061848050354994355,0.03370042840520644,-0.005988667548300761,-0.0028601274777603158,0.01036841174456463,0.02820799369474681,0.005132004158867297,0.0038441507014974705,0.0020748708038644697,-0.006536107581022759,0.009543597173120196,-0.001620537099964671,0.0009825562042062815,-0.0038597513087179364,0.0007715157732678689,0.0028116864572941686,0.006041303628811599,0.027091584287617595
70.288,0.0,0.06705902960870432,0.3481151394118372,0.020600566531249306,0.010214022124266465,0.017115326122638105,0.006019259541127513,0.003412378317447123,0.008768760416241696,0.010032945058896167,0.008303167306035362,0.007237567041811425,0.004739066286101371,0.00016217648945686709,0.005137318943751349,-0.009349682516778311,0.0055392530247870015,0.013398710816237799,-0.000594109055518239
70.779,0.0,0.09717616143705204,0.30725920665502215,0.014182914355198953,0.00577168716034669,0.02601904011869388,0.03919836147504499,0.025610153732174314,0.007114787266942073,0.02066490739860918,0.004011110009464852,0.01591349690490767,0.004410397968947809,0.003150677498536305,0.005537803197307898,-0.0011976925518118828,0.007712679099049756,0.003319960381401656,0.01928020536297806
71.277,0.0,0.07596693439092926,0.22783809919082756,0.005034247549574305,0.010968407775971866,0.00010400247776665326,-0.015807247327419362,0.0029266826781728563,0.0001266904321383606,0.010372156147501872,0.0017050003770627117,-0.011522780154821369,0.0071802314591752295,0.0039154151387777196,0.004635781326496729,-0.00040497817082189115,-0.007530688450872346,0.002268547660468713,0.004231281724349383
71.778,0.0,0.050465690959855425,0.16605264217846458,0.028438992878255433,0.011336157826862203,0.05018307587415449,0.09007809417178358,0.022656750688904097,0.01551906134876926,0.011580224866367384,0.007598850904364806,0.01460315035323658,0.020396578574263996,0.013533061601081676,0.006872038700326121,0.003458985246608986,0.008759133663293069,0.010230671964594614,0.028615195474956077
72.281,0.0,0.048874901217926335,-0.11460854194160383,0.01950319434383329,0.015339286403589657,0.03217527183253219,0.03665583376918902,0.012638824086964628,0.012997667173425455,0.018269197033156815,0.0019489795012982058,0.018186296187118246,-0.001359306629170288,0.009923451957199214,0.002509101633574631,0.005048644979206018,0.011013651085068406,0.012826697648849365,0.013768839524477763
72.784,0.0,0.0673846225590257,0.6785790852465614,0.00945896921102576,0.026364033417587432,0.05713142123715634,0.09540366608469232,0.027765469579822937,0.019127732517801376,0.030075171037374705,0.010275769578848114,0.021604370021153355,0.0324849517965422,0.0036564385477768427,0.013847778768242261,0.014543126841204958,0.013895574659877622,0.013945838965986291,0.03548408857778966
73.286,0.0,0.11145457287871369,0.6700525250930139,-0.0026957345987162996,0.002685677888952241,0.016541064994652806,-0.001991969892236896,0.0002144778540992495,0.009080015133286712,0.0048900417427876946,0.0043829226099292885,-0.00036132092680197104,0.013675291493483533,0.00036162261268617813,-0.006789555232444723,0.0120908664846315,-0.0008549049432536315,0.003966592615519638,0.011084068238728916
73.787,0.0,0.09988124956802806,0.12289363872532329,0.020269210057630507,0.016233089157671004,0.03020506049416608,0.0312668498161194,0.01555719642541611,0.0032673492519751995,0.009629895491786406,0.00912695402377418,-0.001864571745950934,0.0038654285617766592,0.0009379689908599133,-0.006307122276907097,0.017865005871932127,0.002338624402554974,0.012328007724137936,0.014149967086063003
74.278,0.0,0.13312300039423583,0.581415622935898,0.023320753139609178,0.007768412007567767,0.02612105006859528,0.07123355788665683,0.02063646441277488,0.002741827043153844,0.020353457662928183,0.011310833628625035,0.02005597356316215,0.011833132332400239,0.012346448874031274,0.000529373311192839,0.01403854665670695,0.009258509599889572,0.012753575635756477,0.01523702196301957
74.779,0.0,0.0979601038636018,0.3818207840630162,0.024964228341556694,0.005886269604879435,0.034391298655202775,0.07584967558387411,0.018327742376347152,0.012022788308391477,0.026426888563727585,0.021348899066262722,0.012332572064729045,0.03732597282348921,0.006568552029349168,0.0058711216734141525,0.010023185493273986,0.013150553922230203,0.003163904174632967,0.009233832396417032
75.278,0.0,0.0710183730446482,0.49040542638037926,0.007879334688147369,6.206610068531208e-05,0.02013666822507819,0.02894492139450826,0.0303630976304893,0.009176709764205789,0.004746904751146564,0.008310091327537548,0.01429775407309381,0.028628899328075073,0.007582168447960202,0.0023021618936257798,0.006793005378332097,0.0078958005812013,0.007548434109224189,0.0009907760885901548
75.787,0.0,0.031682693927975444,0.5556342973312566,0.03548803817986628,0.015590651761604327,0.02057196198495044,0.050381429660114226,0.008210169843582664,0.018754815266443032,0.016002137165431647,0.01776240011179112,0.012301928485144659,0.03030342092287391,0.007780257039722927,0.00012416954309280015,0.017726667538066267,0.0064954721235641714,0.01364567531066065,0.014782070965097701
76.278,0.0,0.16749881359443183,0.42715492874856187,0.011819035962711328,0.003110342472467879,0.013660533573344045,0.07821625027681986,0.000322909351248128,0.01711477386411713,0.01565027387201767,0.00960344522777038,0.010004842614059735,0.022587108345400373,0.0017521093154632258,0.004702830227929449,9.324645845845892e-05,0.003346080429679489,0.007420603445870049,0.0066033263231823295
76.788,0.0,0.0438716300123869,0.5867680174098264,0.03286488870521345,-0.00015959854461921837,0.017601108225913684,0.0844412431566227,0.024735433577999434,0.027602687939021618,0.008021943429142713,0.0133734341857397,0.010287221712319656,0.018338984116100732,0.018326881174383993,0.009876441414519899,0.007187978153163785,0.011612187818759289,0.020920825477374803,0.01715956756452546
77.278,0.0,0.06372196403981402,0.4000618474916666,0.031200678282391422,0.017318634868621743,0.021987174767655385,0.04282629680458096,0.026778831006603544,0.00819751965436292,0.021593284573462372,0.009756858224556766,0.007514459847668641,0.01623806595568703,0.008629887988014836,0.010699045664120586,0.013801215203459498,0.007767570855025621,0.005403188721633223,0.0016173252155789021
77.778,0.0,0.05023835503385422,0.36079142807074693,0.0003709206311239269,0.008901417072652545,0.003980384499430426,0.013690372850796705,-0.004425702706415879,0.015033955637726719,0.012925537544852012,0.010228755320204211,0.019130676600302536,0.012359265405631125,-0.002362796643505578,0.011104182019889379,0.007688493525996821,0.0021900459048325867,-0.005372732730132845,-0.002063937108661128
78.287,0.0,0.12126586580978495,0.5905375098264569,0.0055839795607363785,0.012121832278871942,0.024963752740728106,0.04473157120420963,0.011109131475570994,0.009572631237515644,0.015808632291811616,0.013817274575996796,0.008818826672003021,0.03949621782573336,0.010480351417131075,0.00544639764239437,0.010096379706529953,0.0033644003969916995,0.018813708436429478,0.027506774629325575
78.778,0.0,0.08822495848402868,0.45302891818305524,0.02743241520552944,0.007927487693611825,0.018908194703167822,0.006981860032478943,0.02134167130706826,0.028059122919808492,0.015566855288250735,0.01761041728981464,0.026476034991591724,0.04624574932555143,0.01935189631147771,0.005800171094608315,0.018500894610795883,0.017879522492040088,0.016911896390387232,0.02608928981557977
79.277,0.0,0.06038364462558448,0.1621264206562806,0.013054386817469045,0.0031778630167621493,0.013580731944679717,0.010660515216646285,0.01483386949791366,0.003082436467490757,0.01514906457740697,0.018071706800219405,0.019269578201975262,0.03207190687656168,0.017064416944777405,0.00809416784633106,0.00403713860148348,0.009984395968246905,0.01221522749294043,-0.0004045577636151971
79.787,0.0,0.1652769153470189,0.5883040302334751,0.02379075512956658,0.018719588029834346,0.013173842309134518,0.04991227253613851,0.018465698572238388,0.015691860248461642,0.010063929428106258,0.013694586702026642,0.012697513962940752,0.02762212146718548,0.014686161717394368,0.018935409035308073,0.014213523027881874,0.010322476698986395,0.011748837610243985,0.012290451847731053
80.277,0.0,0.0018449070278569817,0.014382756907461595,0.012000260328371502,-0.002491136155982587,-0.014033677638603572,-0.04969147328795975,0.0007425136823754915,0.0010785344248083932,0.019312854203180102,0.011267441376320509,0.00014051369375634514,0.01441937374175544,0.013425856661351031,0.0033603665025773786,0.012855283837607236,0.0033755427935829806,-0.0028645457430083563,-0.0019392609249171435
80.777,0.0,0.008036809239069818,0.3171870366268527,0.009725748102524778,0.0017143431651187998,0.005533108432910995,0.006620207110967599,0.016451485943348818,-0.004034661550955813,4.26053224773574e-05,0.009710497674516583,0.012007464625254123,0.022422588292332946,0.0026612689207682993,0.010280796467392418,0.010949971928221412,0.006741832201601997,0.005552670273298428,-0.004994166234828947
81.287,0.0,0.009089905720543254,-0.1678977112977582,0.038764709718649606,0.02176141325619698,0.005187989545699586,0.013684704669724277,0.023525922922816456,0.00863168120738621,0.014688024224656709,0.015742812200752538,0.011266390550448877,0.022346247006027394,0.011798210590788444,0.005853081533592964,0.008377895910205014,0.011947571850861592,0.02761666028098878,0.015697773326794534
81.778,0.0,0.8128063953593921,5.262422913949745,0.01585223755358459,0.00397968664677074,0.0015069801024157423,0.03678512821806663,0.006680217434267233,0.023617165939287216,0.005334462094843676,0.017281222297254352,0.021192869462736557,0.008490236310789745,0.014475610206356756,0.0015892438791907581,0.020000527054408697,0.010722036313336191,0.006071123286405015,0.01346153261493082
82.278,0.0,0.5523541956160177,4.061813358981738,0.03781933633331617,0.005373924125098266,0.0027772060250619715,-0.00695916908648777,0.008168977371896008,0.010491727766459675,0.022015277431899658,0.01236089773586478,0.020807322872926134,0.025928786836787454,0.0028120085595311505,0.001621676051115272,0.01224931606133308,0.012791094937960013,0.008035802647738384,0.006029787794755079
82.778,0.0,0.5401799429043618,4.07611485435617,0.03299747429030831,0.022686895211558027,-0.006055608174525877,0.03780697536479624,0.018722105441180664,0.028002946178195313,0.04120691501552154,0.013818216715099559,0.00899852741587401,0.024871037850993667,0.004534592422295501,0.010896924252033018,0.01961074602097207,0.011072377243657661,0.013807591418528366,0.01905427032219273
83.277,0.0,0.41660617101923103,4.509549115263524,0.022396415528576984,0.0017934925001430412,-0.007507059300544419,0.013443841184640624,0.0021540566510605203,0.0003394358491858218,0.021592492763155797,0.008707545753448741,0.009706006712356377,0.01669714501969618,-0.0010616983909211718,-0.0034292860670809434,-0.0007599375572934896,0.0005213217781374891,-0.004251084390734093,0.010569161184728521
83.778,0.0,0.40230381287705763,4.3084811440485264,0.020132691236920047,-0.003401498897509135,-0.0002080097629845843,0.046229579117826824,0.003470879078422561,0.008960474961251057,-0.0044511134271971635,0.012365354900920337,-0.010108953528699336,0.010705302477081369,0.014827249469956758,0.007709835686371092,0.012514037359022276,0.003313802640998546,0.0018084975855305857,0.018617260861662443
84.277,0.0,0.6162321599049649,4.857630290647384,0.04193732240649387,0.012467064601708377,-0.00987334320853246,0.03863996653266133,0.019085910389129535,0.008235440554351662,0.001878223426748067,0.010699316583049066,0.001117311864468544,0.007383698406828288,0.018146055773687178,0.00874651278597437,0.010403000560711419,0.011248023234300837,0.007136249157031679,0.008148632841807205
84.777,0.0,0.4370429077380159,3.8012103467898237,0.03410304938424085,0.004135836003717238,0.03329442084680616,0.01738437575316293,0.024399265823753485,0.010724259278047049,0.015619634058266165,0.01280826169806798,0.007562886014920865,0.015343526749378117,0.0037036771017315917,0.005471838859594752,0.015127904408275375,0.0034193046780874384,0.006527423303285014,0.0033898341435243404
85.288,0.0,0.5483608639548533,4.107537436296317,0.027350605957336998,0.017766110000079768,0.010493538723879097,0.04953844763844203,0.016685125618301263,0.013887658204370658,0.017989989046397266,0.01752083010172952,0.0013869849747085682,0.020050583664786396,0.0006103830337950015,0.004042722063441568,0.00534341574599813,0.012451295622145192,0.01304246850425346,0.01436925859901508
85.776,0.0,0.48509813053564865,3.7606796803016542,0.024742502700003992,0.010201323213568857,0.02688896803257207,0.0075937126719351255,0.0070554075980568155,0.013548511251066974,0.008945372219622749,0.008760829373121117,0.016345962749671514,0.007043467502647481,0.006840276122731281,0.009471872739709758,0.01589010516083465,0.002272213464662431,0.010314150924381071,0.004157935169060403
86.287,0.0,0.5506427784198529,4.558616926197236,0.03182072347087424,0.01549535458308787,0.026638602277011588,0.05118338703030509,0.035152892277201066,0.013482942145096453,0.016197983286153444,0.006416963135720303,0.010413176221040415,0.0370066763894523,0.011442588900738716,0.00531964297221258,0.010884142434067488,0.012376835459973458,0.0173184317495002,0.01671905932384396
86.778,0.0,0.4383940961353986,3.929804749204751,0.017547137019070177,0.017670280510056747,0.011785202160119615,0.03757173597051552,0.014537203647319499,0.02596123119190707,0.027569404400432918,0.016551650157442883,0.010114771962825066,0.00058041883483049,0.01578940830263825,0.006431690697233487,0.005809335222969172,0.006005938485822083,0.01298982507035263,0.021295589804577145
87.278,0.0,0.4565710040139649,5.227793143223458,-0.004928219481747746,0.010783593593433708,0.011857141517713487,0.024909953790760116,0.0030998441545861165,0.0017038762696421701,0.005961204484001475,0.001928749213643695,0.009410490833064191,0.010076288220047929,0.006264132781137025,0.001391352424147529,-0.00010771539570656473,0.012004774287008815,0.0016249632392637868,0.007590521990924973
87.779,0.0,0.5362261038202322,4.39020651562831,0.021546774736719457,0.007741842783226244,0.030135387890631523,0.01896313303663036,0.0015168916538311414,0.006943817943505794,0.005521284831901426,0.007353940860344131,1.7847987394662642e-05,0.012559484015537662,0.01809963402325049,0.005504507918564095,-0.001616145593763769,0.003823304009050306,0.010889868469500968,0.004821664139150612
88.277,0.0,0.44855793797595794,4.659150012221668,0.026115006766887047,0.004060984747755128,0.02898466472758644,-0.02109748461048531,-0.0003618153279476816,0.009431445546776213,0.011647283660467692,0.001988734648256539,0.0004079863235700766,0.021301257677017894,0.0016879688415967048,0.0038163928513958644,0.005667232011946551,0.008503852472156148,0.009021015994496487,0.0015041040529477404
88.778,0.0,0.4771574930440736,5.338753058606026,0.01799809864291238,0.010406633582604317,0.033592349897687154,0.06517985216384149,0.0049839482439124165,0.017401534829794764,0.01326360277783219,0.0074087229812499515,0.0017042286219958438,0.02376540346428564,0.01692476828218229,0.00810378689409708,-6.50298653392808e-05,0.0006042780798405554,0.009386275664919813,0.02215493976165879
89.285,0.0,0.41568188098172,3.7533233686377225,0.040174059346034595,0.005744526472385568,0.047978447361437034,0.06606364786851306,0.004348454232842054,0.017873106532968697,1.7929008065283813e-05,0.016820396978057126,0.01164766509565757,0.019269146148520846,0.013921045420433991,0.011319053808600517,0.0033326357527181084,0.012052417077803976,0.012956064363624991,0.027075206675486005
89.778,0.0,0.5992965229305998,5.892644054650007,0.028019025750321586,0.014754123343711272,0.07455552803044507,0.058072660036025535,0.026064871962490372,0.019122586829057195,0.037939120996040916,0.008403478064315666,0.014431927840151454,0.02072914536436516,0.013526876102311885,0.0011170049180455309,-0.001585541264237014,-4.1669083230651616e-05,0.008911316815863976,0.010497050340504032
90.277,0.0,0.4572357313540308,3.834155611192629,0.04756943041490583,0.007582668652251804,0.07287452966086906,0.06931769997758931,0.0037781489222517,0.004586638247162135,0.006560302198836195,0.004738651677623058,0.00692425621977817,-0.002119196507944447,0.005487565150040369,0.0036617987729129094,0.0086532852967472,0.007755152766306181,0.01056310327721939,0.018404159219581172
90.779,0.0,0.638903026934648,5.684237321722852,0.048828774939871866,0.013518950726624939,0.10017849283142555,0.09436306405690426,0.022259738751902996,0.016635917288513335,0.0005240594717760002,0.011588510254753293,0.016524790818632465,0.022740730223414586,0.012012480745695437,0.007631558738746226,0.019113218086641095,0.00570538036603701,0.014717553679854676,0.003431651896310122
91.279,0.0,0.459453329184965,4.227815357353727,0.06445381916232719,0.025089333046582854,0.1283980260642398,0.09553638931415746,0.022962446631512378,0.024832745396334555,0.01950035131070804,0.019362738357582773,0.025617265259516738,0.03884214034296236,0.013399293498832149,0.015591126778913281,0.021920870002456017,0.0020852397897964227,0.008233197424844643,0.024470821057425908
91.782,0.0,0.05032248467812743,0.7283879275413635,0.0426693226760141,0.00580819999209834,0.14761052461404225,0.055415150038705244,0.00622582675466637,0.014009746251072368,0.03789627075394727,0.014110559118702888,0.02365019831132488,0.02999132922590742,0.0023497775021913843,0.010468620777333132,0.010342009266073654,0.014408573685749744,0.009136838079829807,0.01608506342054032
92.284,0.0,0.08862189849700118,0.6341217297512498,0.03602238312479414,-0.008911600111532771,0.14960620393441407,0.07823730486529533,0.021189137578732132,0.02786342094994994,0.030195286187703334,0.012499891711551294,0.022379080705476916,0.01978446678859306,0.015787070342454627,0.007445240886165746,0.006011296048120466,0.008547392105863446,0.016098127789252896,0.01660671464339213
92.775,0.0,0.06343953687334696,0.9628599355917717,0.0286631973743057,0.012636251336454973,0.15562822952873193,0.07615368720823038,0.024616283691885094,0.015956671189262146,0.0197614882541872,-0.0001836344314902042,0.0006678239664644286,0.006341445823784457,0.0047611396166309435,-0.0008142651169928148,0.00026824349372988563,0.0002749756444823198,0.0003157879884812293,0.007122489137285532
93.289,0.0,0.19946304964671166,0.5758361825992955,0.03599699308542284,0.019721451652562588,0.16716289655544742,0.12604974747653974,0.02904116547704017,0.03627887004589465,0.026870134476327814,0.010800181836206502,0.013757497168705241,0.026890422308767394,0.01455993272554584,0.008676008138620912,0.006338106904060449,0.014283662670903254,0.011338920481979778,0.021723303974541402
93.779,0.0,0.13326194723095042,-0.0742399118783999,0.04226984735509911,0.013916967618288485,0.17419089878453467,0.0888806793179269,0.026736619663701708,0.009153492272435127,0.010256358978053009,0.00072604179501927,0.008685998804708044,0.003517262148637986,0.014915094814814298,0.0030268544754478866,0.008555277033301355,0.008481143959214005,0.010393749647087145,0.012738588297351416
94.296,0.0,0.14707409778978894,0.08352276881705467,0.025859469694617006,0.011679691435532593,0.14300083948590608,0.07199770129341287,0.006894005376613277,0.01687653570483787,0.011680358019620815,0.002243917941880724,0.004279199532805468,0.011636687581319511,-0.001821366356858306,0.008802678766955152,0.012195693210516936,-0.00021154182177224112,0.0014883744489951336,0.018715497916996046
94.778,0.0,0.213707772314881,0.5829190315267224,0.018892887291264048,0.013641436689496668,0.17032654469646466,0.13471490772430636,0.027101971487436205,0.018228327377197748,0.029842484360091882,0.001336155592276239,0.02310725213637283,0.020555014849892056,0.013776536920960822,0.008436289487202457,0.01544511312227505,0.00430702180419901,0.008517959325236553,0.016006497603465585
95.278,0.0,0.15167746506728108,1.2577784361304587,0.027116454108463736,0.00452504877964493,0.16559541298038918,0.09298403039812547,0.033945685027246465,0.026915944881020726,0.009067917750767469,0.0017132811725187093,0.014721752593387292,0.005614846776815454,0.010586365675974659,0.00040668476589082443,0.006882088576940306,0.009451123165410089,-0.0025490775058963533,0.015617556925125464
95.778,0.0,0.17618223653898554,0.9317616224091017,0.02942968785625382,0.01535456667387907,0.17865897375853962,0.06525349966237616,0.01957042377097328,0.02673730082266422,0.009424564952461375,0.003982809336161325,-4.589482472917204e-05,0.01143705447379102,0.006705327697034324,0.009005252881987245,0.004995586152327762,0.004136099752407253,0.006795441999669485,0.024679795429473215
96.288,0.0,0.08208166992706542,0.41649154044171066,0.031826785149336644,0.016191593749772273,0.17768511037628884,0.10594302319453745,0.02033441659269978,0.022458273885293607,0.01936369955680814,0.005713775819220431,0.000949621768573867,0.001692090577254211,0.007658912416645741,0.01049726275991991,0.017728938407076237,0.00863973615529468,0.007659945971374864,0.013189886403880226
96.779,0.0,0.053799333793290965,0.4303087186822836,0.021781827509707922,0.0044930048643638055,0.1465700832284315,0.06259180797011739,0.010612805126291716,0.018229956441066012,0.0009837710985854016,-0.005515730517755183,0.012633836457760308,0.012854157296904076,0.014428874044521584,0.013388347171564223,0.008918498813753555,0.013934008682092587,0.015015579077308742,0.01783146994237471
97.276,0.0,0.058551929906549616,0.5216886895432167,0.006211509591237982,0.007173792446481556,0.1761739747681124,0.07998503156852496,0.01047934872873915,0.024311217547433924,0.006561882866567547,0.009446108333850903,0.012501327476419013,-0.0031638026420493974,0.020797530643735705,0.015348628390857653,0.012988420134614724,0.005459458429038114,0.0025662236674456685,0.009099043252385895
97.786,0.0,0.06226005792078937,0.48345123733030854,0.031309542305543246,0.009789676279670251,0.2049578580209016,0.09745640870078852,0.02046909690591508,0.02574507339458651,0.022101670667656413,0.01278008856900719,0.01608122492204905,0.019398389554754845,0.01836552000225543,0.010272277408375524,0.010039520690199349,0.008241895866879097,0.015252206061406592,0.026667022828288908
98.277,0.0,0.0891239453701563,0.7829002922908799,0.032526592983627194,0.027771303250493644,0.1624407866790212,0.08756117942388054,0.01945636407251625,0.027473812933275756,0.021488970208876294,0.0044022912899024805,0.02255255354408572,0.02752756628838997,9.266158324246821e-05,0.011710284468671115,0.014112196846680847,0.008616074826527428,0.015184902347478785,0.015128938463772603
98.787,0.0,0.11938484812123822,0.5746313146951189,0.01619492035240534,0.013353447477147512,0.13901081175194685,0.09477838512861793,0.0057348424872161905,0.028225056169023318,0.022207377918160826,0.0067371341230734955,0.001831593704971144,0.034045268215707,0.010454825791905244,0.0017687338061721841,0.008169383250571266,-0.0006372133643642691,0.010061403263420808,0.0068714205447123426
99.278,0.0,0.04894444443952648,0.5196597842959372,0.012344075869429944,0.008041674983635878,0.13070852106152733,0.07392737438390096,0.01833492105188216,0.018505211090006503,0.01214304273082821,0.008435463099641854,0.005279114944507555,0.017406399171543456,0.009596630188083186,0.0055461051510495105,0.00710101446169955,0.01108198729102863,0.009648175794947615,0.0022630194354344322
99.778,0.0,0.08626214996228354,0.5852989908351206,0.0008637621675722585,0.0007122434054899349,0.10145095525227073,0.009954462612956847,0.004891642586152108,0.024496024934510127,-0.003313152396297307,0.0039499115738414765,0.015259860026338022,-0.02011356813705373,0.0004757166774935924,0.010760379365934344,0.0035655184003904523,-0.0013279539897904685,0.006794660608358232,-0.006212329106878015
100.278,0.0,0.142541108976879,0.7209468550202736,0.01590751879295075,0.014029427910116746,0.1077829756483907,0.08911523163197972,0.024389951351266294,0.02841146625788531,0.028276474690793158,0.010552699653779836,0.011842416525689629,0.041072521153547065,0.0015282109235112494,0.010799325392119082,0.008588495039829077,0.013200359460719938,0.004977647394620363,0.02917525535626651
100.787,0.0,0.15662224321688806,0.19287227122038467,0.015598245056944472,0.01881775288738156,0.08634373621287858,0.11252204359953372,0.018497601992764037,0.032660497588338035,0.015317962500758247,0.003316903386504948,0.007753472859301772,0.03383216751640384,0.009759721664829753,0.01697650670299543,0.011973289710953622,0.014168043245705125,0.008428149754870802,0.02530031146976499
101.281,0.0,0.057087237035905264,0.5463613603822809,0.005928310620155055,0.0048939091054268045,0.06476668237562387,0.05412784224731935,0.00459503171132772,-0.0015298711945128623,0.011469930017649694,1.3787130563560788e-06,0.0038252239704812396,0.0001365299791560613,-0.0029060089525072058,0.003913590644496646,0.008283837367204835,0.006796638478992814,0.003242281385459581,0.00899236907706336
101.777,0.0,0.027530690228017816,0.663659675005524,0.005431286487495827,0.009908222675778464,0.07730016270095989,0.07534742621358317,-0.005579066321908742,0.008797404634465744,0.015378244373722837,-4.963369740289818e-06,0.008572400024459928,0.012555865500530368,0.005412165407256355,0.013541573842442685,0.009137583683818416,0.0072507370067871005,0.011315449204813614,0.005913718729081171
102.277,0.0,0.07107908860498605,0.016923041122739287,-0.004758811152731817,0.006656514099228778,0.035925764326219294,0.07300389140654705,-0.008064764044144718,0.012779106620740367,0.0022493013029388563,0.0056194195786169595,0.023515886837422395,0.017759925834529157,0.01193732962219041,0.019090103086813342,0.004129239860397437,0.007896246236646096,0.007186242258530896,0.012866693941566762
102.787,0.0,0.08662972279818394,0.46186216901818944,0.0016365884712739164,0.012360817740116358,0.02467251252513879,0.05315748694633047,0.01868495270543756,0.006491152404498509,0.019288718433928265,-0.001484451860809661,0.0017337036750627308,0.03548152355740276,-0.0035825957513781217,0.004254535519901686,0.0039796629090380455,0.006304397847826034,0.012378731177029164,-0.009908033971839614
103.277,0.0,0.06704402745919946,0.20124831930149858,0.009064670521148184,0.015041239456377848,0.03460088376513813,0.09831358875449099,0.015056674445986766,0.012760714870657445,0.035378897177927346,0.006536741045745751,0.008001449471719404,0.0313424572544629,0.003769820517869656,0.006525527345118906,0.019982901416373006,0.00032512015703673163,0.0073993037621053,0.008258362898292605
103.778,0.0,0.04919315105136883,0.32703109117714274,0.007504478927097591,0.010805818375785627,0.028150654516271696,0.001756585139377225,0.0006325835112382665,-0.0029760854687531273,-0.0004528028850321374,0.0008357993318906551,0.0031909067512246895,0.0013424280462535432,0.0045295630407861855,0.004213034831502579,0.0032346004538349924,0.013837446193948997,-0.008784125951072124,0.0022351326334545804
104.278,0.0,0.07747220416038489,1.6152669415536007,0.006888760240767319,0.00504203068894448,0.03340252730311915,0.03866783929438197,0.01148784479143153,0.015085526677983088,0.017685927628182673,0.009076292956767013,0.015495718084105242,0.009189667706311352,0.024162067905761014,0.004692083527728006,0.003815828165212899,0.010905816127213714,0.013466402968379374,0.021787221550581576
104.777,0.0,0.06284081272156927,0.8514609629885285,-0.002086359109781739,0.011688419165850356,0.02709458600996374,0.0834868286323792,0.014442463160836166,0.004998667635541352,0.0454047650773889,0.004833067703726459,-0.0028187239645833047,0.020183962136736316,0.009457954285422466,0.007250526383562533,0.0028704878190163887,0.006485192415406219,0.002266361757447474,0.009361713379354885
105.278,0.0,0.024842308667064678,0.970538215749893,0.013824329112552025,0.022901688343159133,0.0283585755267064,0.04940626118369571,0.015284639923375686,0.006650897829696495,0.013536837076921557,0.006841023152174571,0.011310504578566478,0.03026853987214469,0.00557556231394256,0.011655568235410836,0.02198643925255147,0.015187437782390631,0.005600150856626624,0.018180393035149026
105.778,0.0,0.06300953738679932,0.6035119248296305,0.002119276403103294,0.008799208349762517,0.02607907682568268,0.05756443437576538,0.013457922518870223,0.009251983037078488,0.025451480824857722,0.007924347454331356,-0.008005289608771473,0.005956272680179245,0.017264078907354062,0.021710219497918234,0.008907462193073623,0.007777651869524609,0.007522772179347908,0.008109789806316098
106.278,0.0,0.06549230062153348,0.4637919590847917,0.003447437304204351,0.014095294688428931,0.02644389394245581,0.03868262295887081,-0.0030797312979720074,0.0031336756462227236,0.009337398424977614,0.005855274010644589,0.001592531423643783,0.019034301062698673,0.001451389977817537,0.010753478996528289,0.024585364741154764,0.0014413774463986671,0.01144361263060117,0.019340745692784815
106.778,0.0,0.07681759107345909,0.7743229590117316,0.007453388582542022,0.002880775730771432,0.022978818689329564,0.07336839985011748,0.017241498531970875,0.012951506194560787,0.00885378100213782,0.004259425314275257,0.022739217522158312,0.03557219475283553,0.013212074050362638,0.013163923160225294,0.013807927793271836,0.0021299133309511625,0.008097010077597378,0.021902003836822136
107.276,0.0,-0.08840682438227758,-0.09573049477618206,0.004855678431365151,-0.0008691081536038935,0.027105954299591617,0.011308850464694886,-0.0008902928023229709,-0.00418498373168864,0.01885696421416374,0.0026571824134525553,0.009388059089815885,0.0018334936172082008,0.01453700591004716,0.0035968482761492117,0.015511424751923849,-0.0033751016717021264,0.01071258613953589,0.009236372565216922
107.777,0.0,0.05549192607654372,0.678528078234388,0.01956106738730578,0.011469449201535606,0.025403360437932426,0.05230161388465548,0.025247548865982086,0.021174495723644094,0.03601073171891109,0.01610566598240307,0.022751889903448744,0.01727968758401027,0.013117897179747076,0.0227600521958857,0.012149694454265815,0.00489957625351494,0.004524158214499153,0.010780059721242088
108.277,0.0,0.09626691813651185,0.5493335907112513,0.018197510543003233,0.014508927240742266,0.03853277045897186,0.03780333601876531,0.01010986247522539,0.01947790962240177,0.026479499897217165,0.009559793859384508,0.009071015647932662,0.030771635874376927,0.01443995828242652,0.015761077706538697,0.011076058997396764,0.0093093209486936,0.002521902433795388,0.020563099923282112
108.778,0.0,-0.04493514566712304,0.35782387763104206,0.02996195625538584,0.007813776470995125,0.014869011185709243,0.02384750670099624,0.013743432314619258,0.008891257680650208,0.02219422410696652,-0.0008571406131221743,0.01068298191158994,0.024244860344125877,0.016031508287263987,0.004626632084457364,0.005876980154718489,0.0085099386596833,0.0020680187193515046,0.003929744922652355
109.276,0.0,0.003996697122263588,0.8085650204587179,-0.005501903065013697,0.0076852042402268395,0.027784819722416254,0.0002473266950864093,0.005858794071594567,0.005755088948229369,0.030300972047880976,0.0006140669677694372,0.021007804282567214,0.006259891829922583,0.004449363692911538,0.00509246134523611,-0.004388339747884498,0.004968897813433026,0.011270500272311025,0.004077840711905762
109.787,0.0,0.0035032630401611252,1.8537261078855614,-0.0006606577817799991,0.005070894614560119,0.01403795405331452,-0.000635982930222293,0.016984631452807417,0.0037133055675667038,0.013342797928796578,0.003962773102825747,-0.0017953080114822082,0.000986850290559066,0.011865179882529948,0.015531153816644551,-0.0004426350790910844,0.009443969086624504,0.018599281796221844,0.009723397995862517
110.278,0.0,0.1063943394108464,0.2193937507489373,-0.0022957978036352174,0.004116336278184812,0.007164213092597776,0.020202416128788928,0.011881291017814388,0.02900755971089528,-0.001645959172345983,0.005984616885843681,0.016020865518725797,0.007420437502965772,0.005118804147406023,0.006845098216210799,0.005212110977443849,0.009081858253302294,0.0023320122902674946,0.00018978456979533952
110.778,0.0,0.06728655651352332,1.1070117210472856,0.023778454489958925,-0.0014100249827315812,0.01730262884954829,0.036124355268431475,0.011658617089974786,0.032448215754884414,0.021482247093466723,-0.0009178902482240178,0.0076404936012536345,0.011660366513512536,0.010968558557066589,0.0067622121838520855,0.006871443539742747,0.011001008392481703,-0.010298208497442332,0.0011440526125703807
111.28,0.0,0.030505818372954793,0.6017037251270018,0.012705761914791289,-0.005204182558761994,-0.005490276228964671,0.041553456097856635,0.008698218001132341,0.02462303088309354,0.024520130219020927,0.00489582485898305,0.006921196056366208,0.004253259498870126,0.00834356952806214,0.008401205189663181,0.007379020567526285,0.010892203995948976,0.013370778178554237,0.015648778511291452
111.785,0.0,0.03569198340945233,0.008166819978512057,0.011241362803853731,0.007497776054458782,0.014249735731290163,0.02644800603339962,0.01382690471733409,0.02735606366531649,0.0031305360705072205,0.008226070333472398,0.012506191107391111,0.027109955576637056,0.008653019906718072,0.0022673256157725876,0.014441625787003278,0.017226109016647968,0.007537175594921409,0.027409741979140825
112.285,0.0,0.09847885986981074,0.9564177310757778,0.019868798971123647,-0.0024697600367587147,0.045794796276776885,0.025150810226161297,0.013797230797541322,0.025089082850045245,0.018846860739340804,0.011096844044482981,0.010946194419124963,-0.015322110109920243,0.008250339889211932,0.011527620009062815,0.010668932322207288,0.011871718675077983,0.0053250568362396816,0.028597586796432543
112.786,0.0,0.08457738829699844,1.1466945935257793,0.02800682991003206,0.01490045488054409,0.03545419361049183,0.05116128798352477,0.031301084685433314,0.028713202436211768,0.022301178795163426,0.015165138842252615,0.023310592364099072,0.012223952046843073,0.014167795251269754,0.010685847773788113,0.002801232309610039,0.013116444146768356,0.012801122036124919,0.02234923113307522
113.277,0.0,0.09482448658132354,0.9080323941070717,0.019507367823068236,0.015668121645281197,0.015893106297802103,0.0044531941886392585,0.023999245292760377,0.029259314132272535,0.030825093628374278,0.012430797882031974,0.017715450360959336,0.03736027307195695,0.017196411429123256,0.012825177182506276,0.014820575929271327,0.011393259291869373,0.006766494430639835,0.0029317008355051887
113.792,0.0,0.035859948502035964,-0.016304050569042355,0.017526358674326312,0.010772513818279946,0.013769670441462638,-0.009004989395179607,0.021919152005186474,0.011507262647654554,-0.004131282604110612,0.007831198236994543,0.0075640783081023155,-0.019450482036726287,0.023422308398348135,0.0049970009958677465,0.02440032170267327,-0.0017606202225749666,0.005719327782339797,0.005001197921547606
114.277,0.0,0.12047193964685021,0.6600520618627538,0.016502320390427438,0.014352952983349739,-0.004608167651723632,-0.014643693333258136,0.025288489637928516,0.01101885086722018,0.01820695620909734,0.008191876555656305,0.01992293720872678,0.0071212778218679995,0.019612319695504664,-0.00207530021393681,0.0014411340455214227,0.011670575759874426,0.0046764656492414005,-0.0056351834734424755
114.777,0.0,0.08021450514412289,0.5883656492738263,0.01958075912869493,0.01214674776969599,-0.01801067017214529,0.03374210507278386,0.024325384904524863,0.0027407663084694604,0.021903629973239497,0.0037528721779878736,0.017922281612849793,0.016888253997377686,0.0011307514055025024,0.003942592174184708,0.014694128147628948,0.0019732320681219357,0.0018846257376666565,0.006665658532995891
115.276,0.0,0.11322020522635932,0.8561586166610274,0.02395413157365366,0.010589258880967286,0.001121290973995331,0.0055402534600219,0.04423400266686164,0.02728846814553502,0.008992339642002103,0.012948206070264685,-0.0052910103412003385,0.004132887027067283,0.01063954426139281,0.0067700217362176626,0.0036564130027993834,0.0021139387691850274,-0.0013818570224435568,0.005771098476105329
115.778,0.0,0.12828713008629583,1.2950109328369608,0.011360644226256293,0.00532646783276878,0.00021632963561262023,0.015874421480512466,0.047835723181329545,0.01572734066621851,-0.008756614876424268,0.005883380636697483,0.021429616086973382,0.017019753875009314,0.018413127642875702,0.00464635632663713,0.008921423243227764,0.0021396568666404115,0.012738321047659226,0.009204529966685812
116.277,0.0,0.08860351256928838,-0.6416772741295403,0.029531467271198465,0.011535871400489449,0.0016275644854945805,0.036166143162598134,0.04113849841636163,0.02301411713476846,0.010798036254007536,0.0006507007671410537,0.011164804997216528,0.014020647896005566,0.0002456369447058981,0.021462918252406284,0.0037992674737850817,-0.003272554937613921,0.005392320857327251,-0.012806673920032178
116.778,0.0,0.11706863783391261,1.7281834953395172,0.03410017464873153,0.009057946348571056,0.030848124926078156,0.06493740038001408,0.06440679405454837,0.038941277019175026,0.04828360117892341,0.010553220050544035,0.00046309833658231476,0.015567148261165389,0.010279434180625619,0.01241997842288292,0.014126044140463825,0.015151567204815057,0.009444184812865594,0.011839513697513298
117.278,0.0,0.04380435672770954,1.260220328329912,0.04971316201759923,0.015272283710164588,0.021342703701829883,0.05009129873150001,0.06427532402516904,0.030272532812072515,0.03440850261198188,0.010046378484198674,0.013497403864288129,0.0003017457294131452,0.009928040073643776,0.0065880769881751546,0.009087782520151154,0.013382407485024655,-0.0010575420980209046,0.0031796201705143494
117.778,0.0,0.07719419613068985,0.12582175126537978,0.018286051097881513,0.0021327459908279684,0.008647672977274225,-0.02812070948832448,0.06432009788398844,0.016022684657776728,-0.01484018680544947,0.016336130306121216,0.013347672736163453,0.028717706311503062,0.006656367598384368,0.013132698173568816,0.000300604332917109,0.013663206651913872,0.0022633523062298936,0.008387483570535658
118.278,0.0,0.10955221127809228,0.2395406670351946,0.01355981696936123,0.010105743220706643,0.013331644113767003,0.036821460598914106,0.07211663060235696,0.02534657606152828,0.008335000508644778,0.014708860726315444,0.006707518709311581,0.01318794609386907,0.013985906447748038,0.014793489618375793,0.00771409636132654,0.010626330112754207,0.00045329924246349275,0.01318837831955959
118.778,0.0,0.16249915882422022,-0.03035789438259952,0.03561643557041498,0.010968003856028854,0.023024291425425846,0.03256123861926114,0.08127048469700682,0.04856763686414076,0.029465625321596935,0.01946397357787423,0.02954798124562421,0.013787303149427957,0.0139202372264974,0.011642354309133657,0.010040362688330657,0.013264227472690593,0.01077223669488215,0.004145819181855129
119.278,0.0,0.10727463319591361,0.5608691264489001,0.01849669686089664,0.008892930657221852,0.023967214636871768,0.0072213820046406535,0.087493059476887,0.029943718904158517,0.028932245334952922,0.016357160450005865,0.01882234105406079,0.014774943583883596,0.003743476628527306,0.009071731789891447,0.0028497934077948927,0.0052180078653647445,0.006678148299059781,0.0016245447041552973
119.778,0.0,0.09609802481653561,0.16553691744381135,0.02535567564495762,0.014255121996636307,-0.0007787193041802769,0.00835371785953349,0.10022494691486711,0.051529557035045435,0.026171193222208334,0.012551692221138229,0.007513483782182541,0.005893212022815963,-0.001613586316439789,0.004258638633239851,0.001667975690237128,0.0065029711511670795,0.0036381754924598737,0.012524404289122585
120.278,0.0,0.06768725650981931,-0.026153068015481253,0.03201814755999643,0.017219589596529358,0.002376016431464281,-0.015733500799743342,0.10371369215454779,0.017115375615502082,0.0027396689166139182,0.014166867139885254,0.017265262628509314,0.009291774031572308,0.0028931246776933302,0.003026743917674099,0.0037047530242007073,0.00337663893674721,0.004380574542181337,0.010108188170146973
120.775,0.0,0.028654383110399757,0.3946565746808392,0.04733679164597879,0.007408514285348216,0.001224209869544991,0.04005435861759725,0.0926863974981587,0.02887156076746769,0.0037709157128418005,0.005950060502906217,0.012010358519201427,0.011707408285276628,0.00272646178884173,0.012886982358883017,0.009961713337999865,0.0025169202169107105,0.011453152250774508,0.013931327556762615
121.285,0.0,0.013921921564298658,0.5642504756280567,0.04095636036390563,0.020414831457999216,0.031525427544467785,0.019859017857996066,0.11221743956956345,0.024160891559866705,0.01476832197190851,0.022576413048595013,0.006945710272757795,0.022835066459619895,0.006362131379177006,0.009082617275985357,0.0154974561002368,0.010541130436240274,0.00812206294427371,0.02937105903024553
121.778,0.0,0.015952093061722405,1.5500872048175136,0.03944285561402935,0.011045596846423868,0.02625334414794161,0.026652837416171943,0.10486020994792035,0.03219467704354647,0.01212253701644299,0.021059836880311215,0.01585530055788023,0.020357653902549747,0.00012216920179884818,0.010360112096693597,0.008551987566374493,0.011919620301766909,0.01546101377597227,0.024243084434159668
122.278,0.0,0.03420695354304784,0.5549730510520055,0.050134341690355175,0.01863160966045801,0.029518577983113164,0.020545122598164517,0.10261051661881153,0.030557555315755023,0.015645913349092638,0.02265791136699738,0.025018573534768877,0.02595274301261921,0.010967829373717309,0.018342720943089846,0.01101434692768694,0.010463908419862512,0.00558724057640602,0.03598278700103709
122.777,0.0,0.06260245288912704,0.575798130395662,0.024577272032360608,0.009917141409107932,-0.004790198727070818,0.0005306358091387902,0.08179555528648585,0.011437779936149866,0.008539001051582992,0.013996763838574912,-0.003027941212319921,0.021086902913513145,0.0034459992175426783,0.006999800787169043,0.003600237420244623,0.013721838226021249,-0.001935970405730741,-0.0006831725890167329
123.287,0.0,0.08913898921053263,1.0223307659295535,0.024220317421208636,0.004933318304989297,0.02150587642721836,0.04215816294540589,0.09679490823274453,0.012609312710661909,0.030583609623450216,0.012134361251000295,0.005339454140017814,0.0058453254349149185,0.009101721809273083,-0.002797589005715143,-0.002368377175677794,0.007100913297830833,0.0016798392950881451,0.02280303828898887
123.777,0.0,0.09284146051010857,0.1738806453431566,0.0157475901522256,0.012960598798151538,0.047007205554669855,0.052118874812821306,0.10516626861308169,0.01689029938708562,0.024474728359065476,0.02587479748725417,0.007102793006384018,0.010519254804915973,9.883561662762496e-05,0.006745291128933994,0.006964661882491631,0.019930407348846827,0.007228576553619559,0.022211225295930937
124.278,0.0,0.0992198406808507,0.8216140592122403,0.030669649905962593,0.014250237912617893,0.044227126485042755,0.04865485132011472,0.10804562259874305,0.01765863469456463,0.009710132061325772,0.020829501760101482,0.011388994497820467,-0.0005389394385947071,0.01281667762828817,-0.0004251534159422377,0.015804538920673097,0.01067147964212662,0.007546463646534052,0.018433775597278546
124.779,0.0,0.12971401816860947,1.188158108999884,0.02777428714254791,0.011903164957519703,0.032642724277240576,0.08744798311452037,0.10536092539356183,0.014704988010612144,0.006710424699126707,0.010322787888896044,0.01337051896017363,-0.0016305102842289955,0.006945454525555123,0.008985081201834241,0.005433598760939955,-0.002560260343695366,0.006062633064589755,0.008866350292071648
125.276,0.0,0.07114318406217225,0.259792988575269,0.0171320681086061,0.010468571394265798,0.043905793685870914,0.08658928569736417,0.09320737760753434,0.017173511180600717,0.006613934484687377,0.020655353605494323,-0.010833649562657931,0.023043311106213844,0.010635497296412947,0.012006107557773081,0.007267126841126844,-0.003737884647710019,0.005044098059281085,0.017358604253126443
125.787,0.0,0.05396968609105338,1.1333177432029382,0.02016720253950753,0.021084051679879347,0.06776472649290724,0.0909016018842025,0.10699846791804156,0.011761765973365524,-0.01105896860741051,0.01811479859299311,0.002931670333666013,0.023248545957220212,0.005133748390460501,-0.001396378427848386,0.001205531124861093,0.0028410775746555406,0.007361789603945179,0.016053863216968126
126.278,0.0,-0.038128000564812324,0.6527645675852797,0.017175024472758624,0.01649174730709853,0.12512685352340733,0.16898641318983434,0.12260605450475416,0.027584459005172292,0.029915794500206216,0.02654801406868262,0.010759278865115098,0.04221619061354985,0.005255387622558379,0.010856722570650222,0.010915060997325792,0.004204576019216945,0.0076323329547392455,0.02376519106472697
126.788,0.0,-0.008737193400096637,0.019076418363027942,0.011372004297675183,0.0031339835889984285,0.16213144386632466,0.23585565991233165,0.11212537209559263,0.026033069913412973,0.02315528997182466,0.028107827126114614,0.01705840172228781,0.0025491888345829695,0.005704166392294793,0.015007721484148081,0.022207756628297656,0.0037686979012395796,0.005778444797481905,0.007237118021137222
127.282,0.0,0.014292626715449655,0.16906202183302016,0.008888734469483055,0.012422163428666404,0.19542048875609822,0.25951919982627336,0.11840751471310929,0.02645188418051289,0.010252620068088383,0.024157183001438102,0.0029210695376931262,0.02716853842746736,0.008227950119570311,0.0001886150313547924,0.006989329118063024,0.0020981089613214977,0.006559551108529232,0.018226762059586114
127.778,0.0,0.10902249434891009,1.2953306279164114,0.007910779045700094,0.01413270433118869,0.2255249259126528,0.2824986068754415,0.10345885834383199,0.021244299570248787,0.011367104131874476,0.031700838628399314,0.009839995534686806,0.022070489149689655,-0.005552235108727863,0.009696054427638073,0.023462465278816323,0.010993400127573176,0.019924533279767703,0.011889265168965863
128.287,0.0,0.011393663035405493,0.49504473895908196,0.016449229352370053,-0.005926364080647944,0.21651046755883951,0.2723300048075652,0.09575399076543462,0.008246427841315867,0.03084665509962042,0.021779764649402854,3.5121706915881746e-05,0.0164751241844319,-0.002064436256969546,0.0037042664860622043,0.00679306903856311,0.0025333059532982078,0.011738268828066905,0.014609120702498184
128.777,0.0,-0.005535474574176068,0.8746764060317918,0.01577158971357976,0.014419573048870503,0.23742372128011452,0.2878596136806733,0.10677465906486858,0.03635892755670377,0.01060577374641124,0.035920278246269116,0.014564517598835133,0.02166655691927407,0.009890680961098937,0.004368888105698426,0.021883621010551125,0.005385662689583828,0.013022669556981639,0.015948721525521903
129.285,0.0,0.03708941667337197,0.8966287429200953,-0.0035110475677232007,-0.004319457952055428,0.22764711150072475,0.24771825832158856,0.10911599331906244,0.021269325419566037,0.011226691914938575,0.024802024375714486,0.018709699904684875,0.015679608749452314,0.002948054449451754,-0.005153975447070666,0.007608438048873516,0.004267964619056647,0.011328516691619873,8.116040262713976e-05
129.779,0.0,0.05385199305714301,0.6316842216980633,0.0019361102335221387,0.002900410105330312,0.23643811578105872,0.23734552819893073,0.09325837185799891,0.017051409712206235,0.009996806042973351,0.02389842547414019,0.006550973764173014,0.006662284996340536,0.0006949597732421801,0.008547235212230638,0.005800235116813836,0.015079004663525915,0.0021699143520135266,0.023181937677523308
130.276,0.0,0.0006345858247268943,0.6636218313149236,0.0067228620049133705,-0.00042486564260367564,0.23530390541956064,0.25394910898524414,0.08621012194462006,0.02414204848399716,0.00016423125592798457,0.024574088506025656,0.01096621972485026,0.01993881252468192,0.01213784784437944,0.007095675812499238,0.01838351154963095,0.01350209472000999,0.0030711534505810456,0.015660294028044527
130.777,0.0,0.05866119825994833,0.2542448203835361,0.0007618320792274463,0.001754017054003055,0.2022910627940064,0.21944401916207087,0.09041203722009565,0.009253562418251744,0.020915295236009834,0.027332729208173336,0.006708557209140746,0.010394499988739087,0.009954793938904385,0.009264488980825327,0.019815969976249598,0.009279958330430538,0.012913205403522426,0.006579065090455338
131.296,0.0,0.05157012555332169,0.6483514025261975,0.0026873033740603745,0.006532699898223891,0.22147071969918952,0.24298044435756766,0.09353838777793284,0.00975562912904621,0.007663872710314471,0.031007694983499073,0.013158740717518484,0.012595423687642191,0.01241362603230954,0.009348395011773461,0.018794003387728207,0.008157670604604803,0.00621585767827189,-0.005458413788143165
131.782,0.0,0.49461537946837064,7.975491326554559,0.02631705730542483,9.30355417993358e-05,0.20974605027553667,0.19827739217350332,0.08477043949178514,0.008428895138531808,0.009906977422649324,0.026067698746310007,0.0003865134829714648,0.00034901752946347276,0.004485041217649264,0.0030613437393632783,-0.0027383685950967797,0.007575845536145204,0.016595181437107625,0.02068494327891804
132.285,0.0,0.31701874825791093,6.836749711562526,0.008695824581686018,0.01160755001109995,0.20068896162490618,0.16735730244744496,0.08006567039395254,-0.00012064634873224054,0.031636325028066736,0.030689338781888953,0.018620556270019312,0.024147562276839143,0.014534097149851483,0.0012546518025864854,-0.006226583760302964,0.015708062556972265,0.012659905053781608,0.024714653331913146
132.784,0.0,0.45110837349985305,6.993228515222463,0.007118008736652547,0.003721806727792417,0.17896665395116454,0.16609986838090882,0.06582945211823368,0.011647070717557363,0.002346941944159078,0.02894726020682694,0.011617178890467282,0.01716634218861207,0.00013774760215636985,0.007623441895374469,0.013370797570812883,0.005261421984754522,0.01238757824138246,0.01697663832898026
133.278,0.0,0.31159660597735606,6.30434942794622,0.030272263655277527,0.0045635110675832265,0.19610278868689957,0.18765360628800262,0.05028973685985778,0.015549555869649076,0.016118172584465736,0.02267871440373394,0.011221327458494156,0.019473374239432753,0.007461084620867521,0.009680713204387605,0.0019812676733495715,0.013102063643227753,0.007450076455304835,0.01577143447840522
133.776,0.0,0.34064871470392966,6.610881179761863,0.014663652860435836,0.007511742336805913,0.18835068646156394,0.19591000562733046,0.041778016580146966,0.009998362566876445,-0.002073993955114708,0.028117109573214373,0.0003397392425288355,0.013982364800677476,0.00993791235352039,0.003908782504607771,0.010824966990759091,0.0010135367563828654,0.00854560365692539,0.019834545073474045
134.292,0.0,0.4186034385814643,6.775185669957409,0.01268804855845499,0.013631420104380692,0.17050942362796906,0.17567001706023563,0.04773147712149802,4.691802450700211e-05,0.016118698795410637,0.024460730239099743,0.01585325059530783,0.01212430023955788,-0.0034983796970869565,-0.002957736664321007,0.0053997509038592765,0.002652370845756566,0.003734936971474174,0.02376924470572004
134.778,0.0,0.3858917597143692,6.064601456565139,0.011805950636331454,0.013242666062299013,0.16999457669831522,0.12866168300407066,0.033821734265538465,0.00684502030608345,0.023580947604028162,0.03742876016849894,0.005868771586709562,0.009415722343152215,0.002072508262831204,0.009053101232586487,-0.0032914661635707826,-0.0027988399856166617,0.008072319065019406,0.018530640310886255
135.287,0.0,0.4150958862978198,6.936737816992814,0.020119698875788117,0.009652224667674908,0.15129552565136994,0.13189152426471673,0.02975093960992563,0.0015100519677938816,0.00964145146490265,0.03537150521920327,0.007095990776359618,-0.0027407701006219904,0.022098715492340625,0.013013929051383237,0.020157457863343928,0.019322486133784664,0.002125666822436539,0.019498330620956978
135.777,0.0,0.3470552029107896,5.434021241506207,0.02194597544578278,0.015193124590271355,0.13099139558003337,0.09830697810124442,0.023986824412862942,-0.010622738126792486,0.002647593414065113,0.03121059084886782,0.012287861102145518,0.015714172813389125,0.009405733288686881,0.010582528730367668,0.019500910817374435,0.010475685000612227,0.00473691839431694,0.013056827717146826
136.278,0.0,0.45575312826295444,7.166046141845242,0.01049416306297018,0.008651096019533405,0.10944976215371302,0.09335220451828902,0.016465520502357466,0.016630188232165638,0.01695026848689524,0.038772579766436936,0.006667650347208038,0.034980688111225074,0.014922627822614989,0.00987899127797473,0.01067549510376171,0.023277224312665528,0.0023883870611270857,0.010747043256696315
136.777,0.0,0.31313507491102294,5.933576602993516,0.027170649577587608,0.014661200754855256,0.1383321239871762,0.1292206477558295,0.02922035590034874,0.017511848548727175,0.03136664894456834,0.04260280890891385,-0.0016964074239148445,0.03088725377298487,0.01760627047460186,0.007374982177844341,0.004743240391291787,0.012083463512657489,0.001694735856401028,0.020398720519624144
137.288,0.0,0.3640961367765475,6.918741478547717,0.028217867846027696,0.010201945778862518,0.10990071300979395,0.14059980096761127,0.02354499410500714,0.010916014564464895,0.006715530743222729,0.05129930322487575,0.01584971846148187,0.02232656770988291,0.010512477189920679,0.003624829956782987,0.014884613174032316,0.00935669857798366,0.005598131789388493,0.009638946817559755
137.778,0.0,0.3799609638109747,6.6978691330801805,0.01892507171758441,0.011969546247744114,0.1086085679165881,0.10495456167464023,0.015619423969281825,0.0088179568702223,0.01094782722956266,0.04038639585617777,0.023053370088703107,0.026236667383732336,0.012359537570190695,0.006339007184510781,0.007747388564597277,0.008235738949049628,0.011582431212171696,0.02333808335631175
138.278,0.0,0.3362844986025242,6.800020908090357,0.012307634003987059,-0.0003473238788199431,0.08998175473434264,0.08453115320576321,0.00622260554069299,0.012713832876917675,0.01308514200464947,0.041338765149639835,0.0068186742183013755,0.034881836952072365,0.0001875205739079243,0.0027839680561583527,-0.0032186235390999104,0.008725950130820831,0.004181169688111002,0.015929056953817754
138.777,0.0,0.40503982436360875,6.444030047763585,-0.002944191187348085,0.004030969544503474,0.0546233519397647,0.12393177809659595,0.002570274059082994,0.02551922666468556,-0.004011229184667513,0.04755415243696474,0.00010373383437200235,0.010865045203918294,0.01103600112431915,0.008281309896790594,0.010303699783302797,0.014991089746196146,0.009020375651226422,0.0043875358224689355
139.278,0.0,0.5245031196477733,7.33665082458631,0.035041494962555465,0.0123351721351103,0.055399319276271036,0.10510859985568896,-0.005724689172502134,0.019381720892806275,0.028513918857910398,0.05274994417205443,0.013606995648755699,0.013444162007845204,0.005144233861889286,0.008897236428543719,0.00538643053677008,0.015407213939719954,0.00883060821824495,0.022252910584231993
139.777,0.0,0.4166155515024765,7.12068256048805,0.014282456367583029,0.004540498721597921,0.06734630874686723,0.06156303487324166,0.007021583175108625,0.011538755450580713,0.006476785209720511,0.0529917514470877,0.0006224877689709776,0.016873175739011103,0.01004339733694182,0.004739130302877465,0.007273047808659316,0.005061176391424766,-0.0008049233920039406,-0.00023189224192540135
140.277,0.0,0.34168236587174416,5.87507026081848,0.017207449206046263,0.010553602136896259,0.04923505482566392,0.059252562099894504,0.01434875145798427,0.0198435612303096,0.01986977981029557,0.050125563216035576,0.01254060499910455,0.000376226504781248,0.0004898991247814635,0.002064447285833009,0.013905101884391709,0.00203146092116602,0.003701712050960574,0.01079997255481077
140.777,0.0,0.3911929011004759,7.197324362152227,0.007991178861934047,0.00444451230862057,0.013227164649856548,0.02268365235598762,0.005860097035132327,0.014133148039366232,0.0022527891922942507,0.047561404299404315,0.01447748576162057,0.006041542680828537,0.003632694623967591,0.0010184438435847686,0.003406803924630464,0.0057837386947859224,0.0057321539013074066,0.00415813806060806
141.278,0.0,0.2899266390268588,6.375203194166039,0.01924547729161341,0.006419799452293422,0.023371779444911495,0.043758421852969125,0.005233889770074065,0.0012042710951179283,0.024243356338739846,0.05797781115892005,0.013005937325628538,-0.002276586912495861,0.017673108754432572,0.0014334582980020667,0.0020488751441399044,0.0034645089655346113,0.010365721358878803,0.024624831081708046
141.786,0.0,0.00019027729327274095,-1.0230131548135246,-0.00010327796178342416,0.001661059540340328,-0.02067426519350758,0.03152621538306133,0.0004411173848451488,0.011301005939380446,0.011707157614742142,0.05198055114869916,0.023411719301181046,0.019935535212029502,0.011011056073227964,0.00790523111146969,0.009238825257060962,0.01047617500353565,0.005590369794140681,-0.0007655917355527891
142.278,0.0,0.07811336651710948,0.40873965149854924,0.006095680468968651,0.002821270261384903,-0.002074684315595902,0.044526084841375796,0.006725420646823751,-0.0020510815914996736,0.008757425760039513,0.062165468346442314,0.005835101403592879,0.017003910590535472,0.0003931055110570991,0.002635683250060008,0.006903446005825919,0.004405913298354775,5.308639073485091e-05,-0.00490080963633527
142.778,0.0,0.09258887243950666,0.12471744525239967,0.017850584437004054,0.015565984768742054,0.027490100381774813,0.08652366645253333,0.015160716674037254,0.02078161916908711,0.0068296536172990875,0.06753228820599853,0.015282973331413763,0.044537784804349875,0.007635526090544562,0.006170299967558593,0.013445719615400527,0.012975627750592697,0.01715412261721913,0.03079053578569851
143.278,0.0,0.09522190296340385,0.07274385142320056,0.011569717258829305,0.01054667542551342,0.018736072909111987,0.07183681892152823,0.013749460584740462,0.019810314004301638,0.024439879321598426,0.059935144576449106,0.0123741049103677,0.01475830378973692,0.009777696471828506,0.009590831513180178,0.007806592931747525,0.016318206284293105,0.0059478584180342525,0.016732256683576766
143.777,0.0,0.013493314154134059,-0.02505946508766647,0.027955958212553762,0.011080755419392727,0.01867959582670861,0.056735504615524776,0.004665666904755828,0.008812028635956178,0.011281067278282687,0.05206635509249775,0.0071452761737617,0.02005646671776732,0.004304991158185971,0.0020258230981297846,0.0008636361458659029,0.011904579725233401,0.006895811417793521,0.025499253088813102
144.277,0.0,0.059849865688363035,-0.2673647036784086,0.001702215525827499,0.020992804280213103,0.019605417449034705,0.0510221442904372,0.014531333410584915,0.003995722470113152,0.013651366910402139,0.05869199157590161,0.00958404962136175,0.02847122621373966,0.005045864466041076,0.006813482483424395,0.006555291752564481,0.006997978261931109,0.009977242165163146,0.015015884242541222
144.787,0.0,0.08510634061526817,0.5859388219387079,0.008045321759484556,0.008898554911645384,0.020024554172189006,0.04450580050411233,0.013367114944920596,0.02809308782286913,0.0017985956998469302,0.058414938725406894,0.018934089601557104,0.030350179140607,0.011369133928220431,0.005705286411490287,0.009480949240990116,0.010105402754004516,0.0032360533548328125,0.01774386262861292
145.276,0.0,0.06482325717880198,0.6268821799528308,-0.00649889765812481,0.0088557320108272,0.021448719097864204,0.02150857646035697,0.004136664246416643,-0.007178199964186992,0.011456206948417973,0.0532556826494837,0.0048844477741360835,0.005155881330149498,0.010423143994807564,0.008672011678774084,0.006844738001125164,0.0050071911773273345,0.0006927022498908158,0.01792974220185463
145.788,0.0,0.0676859812116375,0.5244132895608141,0.017540252311272177,0.013403887183679417,0.04511510599986046,0.045880566684449946,0.020997446611691194,0.014480533153135364,0.013880311358100856,0.049405219992411514,0.019729125524921128,0.021156618065839673,0.009802031588987766,0.001507942475134792,0.007435496786676766,0.0049485764931194165,0.004029315891890148,0.022189741650950143
146.28,0.0,0.07592134579110109,1.0598769462967759,0.005283264493770437,0.012092093590093736,0.04146952721668887,0.10570594423346917,0.01801895082605512,0.025057632891765488,0.02830587738536873,0.06190931234508281,0.026457495441470604,0.03171541335916415,0.018243442180107115,0.0035325242956185236,0.01257257827045401,0.014860705451297309,0.015471991040012331,0.011181659292635954
146.777,0.0,0.06652801755194476,1.4586497655854682,0.001823537275222338,0.009017951527378493,0.027146499685316117,0.04990081278568201,0.026325072244256703,0.01825332288827575,0.011156073385152518,0.04326530608426329,0.008354927030905918,0.03255077762064476,0.0057394441450697355,0.010378593306300572,0.011983863481322536,0.00767846975566067,0.00557309545164769,0.005823476988006375
147.278,0.0,-0.030622120660914375,1.1547963501556053,-0.007178941492683318,0.006920097587835315,0.04172081519282528,0.0017886924255073981,0.003799964180458387,0.024393283107565607,0.0272953383161997,0.04582263313740215,0.013556607991021197,0.017670926362353463,0.003061575498355455,0.007383621846007187,0.017203279585930608,0.006658703658582505,0.010685015363772976,0.0012693666539714014
147.777,0.0,0.0413308781862826,0.7245318274599409,0.023391973330946305,0.010899453210069918,0.031004285803592484,0.08819518729653014,0.016381668618306526,0.031719354410702325,0.015688163522013198,0.04799966980477429,0.010499253600277694,0.040936124568899696,0.0218626624110782,0.00801358375442587,0.016424848854412696,-0.00014613848818253308,0.010416507809553473,0.009224243216390014
148.277,0.0,0.09910597563996965,0.010443214606127944,0.035521487556435215,0.02387149139523711,0.039543052083332315,0.08226895575826385,0.0238687762883744,0.022810887118250318,0.013870159304602067,0.038152836816686,-0.00267122256679818,0.034789715386366174,0.00833205895396629,0.0027178584165489738,0.006030543125340916,-0.001111994556965412,0.004241821365567001,0.027099060830731776
148.778,0.0,0.032945995829649556,0.24556661467285196,0.008361886775413207,5.365020913023157e-05,0.0066890440443675815,0.004983268570077271,0.0041705126123163395,0.007040350859326429,0.0008106334192402049,0.030841404887923266,0.0011925838957226671,0.007918151472770349,0.009205129247474752,0.004394646109248025,0.0022717731168861327,0.004944830557304115,0.003692404001079121,0.009758837195032379
149.284,0.0,0.023955190042007017,0.5232987961082365,0.006945798990969208,0.012166770640870319,0.032098331233381724,0.031971900844003184,0.010384930285208174,0.0064751198309181066,0.006831348103404487,0.03221274799608879,0.00793989536221683,0.018646172989768183,0.006244089871136798,0.0014502110528469745,0.004123571748023509,0.0026971769544062068,0.001252455471589237,0.005470151026699377
149.779,0.0,0.07579790949642941,-0.16564462377368652,0.015242652017721488,0.014035173187708833,0.032600264099161065,0.039838183055053523,0.017041872357320707,0.02157793105922469,0.011279045817976561,0.028641873607912975,0.007433604872188776,0.02894429339021447,-0.0021179680142480056,0.015115538661564619,0.003446345805930603,0.010551501102006164,0.014026224605793025,0.023321419739551392
150.278,0.0,0.01147953619255621,0.48351760047627634,0.011044316923363382,0.00744469323568023,0.012398587554882264,-0.0275407253531638,-0.004242543520570409,0.004013127851545909,-0.011349592485833775,0.022731993042493064,0.004219536895214321,0.0018426742673602762,0.002866749214241699,0.003997202144389711,-0.00018776554680870628,0.00023667594557989265,-0.0030322269936970707,0.021988063518243055
150.787,0.0,0.063772501260719,1.1051242514717818,0.014504182477754068,0.012062467114968304,0.04212685456677409,0.02224323914306626,0.003091779256444395,0.010054067400638318,0.004661260072141257,0.022177201104162547,0.016369697873113306,0.005458843196032286,0.005530674168994337,0.008515404320772031,0.004571868314345309,0.0032104315700087122,0.007152363261343955,0.011569871658169664
151.278,0.0,0.10411909796196121,0.8588547716511272,0.0054956612430723095,0.0005850703435804369,0.02336061200710473,-0.0029146137629286572,0.007019235722961493,-0.01145023235415522,0.011516841710280916,0.021855228866759075,-0.0053284798455887,-0.010984113703846155,0.007531673234194122,0.005141518803166763,0.005333045124895377,5.114921835078106e-05,-0.00480644545062858,-0.0074080460400607374
151.783,0.0,0.08350351996443568,0.8958122230617606,0.020841125045003794,0.012374867616973302,0.03295185659498997,0.0439284704968281,0.021858781863200488,0.005363037019060235,0.013234579154320242,0.0183425317914769,0.0005391368446586033,0.008355398284554272,0.009645720217054917,-0.0011951479290205846,0.010040511257144068,0.006115896065738456,0.00043821389046475566,0.015200224131665194
152.285,0.0,0.13004469849684583,1.3161319925857669,0.029632500980979862,0.0310555084703719,0.05883941795850442,0.064465184921764,0.020476002489984137,0.017957225575682245,0.015657966418069182,0.026826084332209944,0.030509541988788413,0.02869196491346959,0.006215069560219078,0.007198451052250001,0.012865404063056323,0.00917848786282455,0.004639015042072361,0.032508502531760304
152.786,0.0,0.11436188809902878,1.466774948838052,0.01133877021681761,0.004540793981761445,0.02276166529524558,0.0028783945600376996,0.00822527916018451,0.009357636910972536,0.021061876010157275,0.012888987363113792,0.022478035548262967,0.026707164712873033,0.004440254014201033,0.00017227794874522572,0.005036627877836608,0.0032859493571838674,0.006391392537501751,0.010622939395968421
153.278,0.0,0.07088678809334084,1.203846016754217,0.018093626382029826,0.016152219198058433,0.02778393553466811,0.033621859426109325,0.02073959864245842,0.009776365331207343,0.004794407848868542,0.017632903314108318,0.008493747623018704,0.02250335229160614,0.0025998297722032732,0.0032381303359479375,0.003440764667982278,0.008084260269234117,0.013096677076469844,0.017946644647989486
153.777,0.0,0.036658228078341105,1.1811751136189945,0.009377349923912951,0.006586879882787543,0.0289378461453263,0.02176556156188197,0.016841239706633013,0.01550062775108907,0.005133623790771461,0.009930227109515109,0.013026130764261106,0.011135409480302158,0.0018813393402889696,0.00497470495587724,0.008558992072968733,0.008822610631458727,-0.00014457625263386364,0.011711722669427976
154.295,0.0,0.06964766823046985,1.3626820997537081,0.000420734780879232,0.015711982553115848,0.015684993289593212,0.04415295735848812,0.01836779523678605,0.0021396927389304658,-0.0024033896603253,0.00647153020036793,-0.0021947880815865926,0.016556769067271337,0.002696720475657899,0.002513206028911528,0.004892191786320264,-0.0001320591763301656,0.011381710709846208,0.010422670710711592
154.777,0.0,0.11324469502486587,1.6324517802013672,0.0059995273891507075,0.0047084681896511806,0.02163748049347555,0.08140128651967539,0.009797801121201676,0.012624482468069723,0.004072014898441727,0.005099180827471645,0.008034417678508802,0.011467923603254599,0.0029145038892785724,0.007224833185785284,-0.0021407094302246634,0.007306433245280784,0.008735334041359115,0.014872609204538133
155.286,0.0,0.06558801372606902,1.9481584981342681,0.02433903634454139,0.007339994360476968,0.017672439206204097,0.07073378044047239,0.016436367403827482,0.01615682464727052,0.012191742808013927,0.006433375002725463,-0.0006282479469336291,0.03990464802527666,0.007982847395955886,0.010171670169741702,0.0018173307694032024,0.012145605568627591,0.004531004848220831,0.028485642717587356
155.778,0.0,0.07096621241960938,0.6632073007966907,0.016197378295076493,0.007993000631901486,0.02512306154048009,0.08033689640352905,0.006048331813087374,0.011178635974673376,0.035898397286046844,0.011884291058149003,0.019366922336480966,0.015341317660629529,0.011254240844757086,0.0072848046649821585,0.013385435561805792,0.01573562746909804,0.008151992387036944,0.026000959837375548
156.279,0.0,0.04955990919883735,0.7873328557906233,0.02091172583591374,0.001462345667427334,-0.0037892903122480792,0.039517424315302814,0.014309858525287015,0.008928925523452688,0.014395886970484975,0.007084487764745268,0.005917014835276554,-0.0006722950938917619,0.003870086153978622,-0.00039393018270407053,0.00949419596033103,0.005020180318302444,0.007274444394110061,0.015503769561968918
156.778,0.0,-0.004149794518820996,0.6727092393392056,0.009945482101206627,-0.0007401378251880913,0.003419222283162702,0.0010173182510768617,-0.00027911029493980685,0.009789237524574905,0.002405355637265468,0.007605136218936069,0.006996012120662654,0.029706183390604685,0.002647273302015946,0.0031237155438230213,0.005352539515364678,0.0028576368758544478,0.00020111676716164204,0.007691368247541878
157.278,0.0,0.026466158024773992,1.156264855548847,0.0070623539312752595,0.0010993025988140968,0.01281172922207808,0.04756923684912346,0.0022077868091807595,0.01944395303381631,0.00644404484961687,0.005438807889947562,0.025109200706704384,0.032075297347506485,0.001430480512527337,0.010097298993919271,0.012259322070721999,0.009804041066577805,0.0017152848289087232,0.02545491987363093
157.777,0.0,0.04477074881290603,0.7464776908449222,0.017285060662955803,0.01166449965994014,0.03248439330455464,0.07763288040739656,0.004606244875954741,0.039744202049289995,0.0170959110223215,0.000472968859658855,0.017327660625655984,0.02432727075327114,0.008079191914577186,0.013929511163329722,0.02103695972268015,0.004592675551873545,0.013491682238872968,0.01627461422186087
158.277,0.0,0.09318602240372033,1.3586190506097968,0.014186680661384895,0.011722496806177667,0.022737868694981445,0.0808870422077023,0.01436231242960029,0.01548899356491934,0.01735795754717122,0.005349548510156203,0.0018681996549733174,0.017694419844192955,0.017864508478192435,0.0051325164902594434,0.008311025773840124,-5.330804000434287e-05,0.00782104807893029,0.012153519110265883
158.788,0.0,-0.0115450364395116,0.8406423470424662,-0.0010818894365466141,-0.00830673591960495,0.001971881292245827,0.015036096476508646,-0.006496946163586844,-0.0039257333633876965,0.008015824449229823,-0.003481540907567133,0.0037118006376906185,-0.019442678795315874,0.0022297945678480895,-0.007686862631934951,-0.008833161635519884,0.0040766296974747256,0.013426054985054342,0.017849397759227968
159.277,0.0,0.02322856485696823,1.2469788469160306,0.011041107947460431,-0.0028986397323927772,0.006215524905575184,0.02881824917531205,0.016038017912791053,0.017300423950262475,0.04074858929686277,0.009944416221056613,0.018895113643461272,0.01488987525788815,0.004884210909482997,0.0004222184017627936,0.008210104141360655,0.009144898040172192,0.015003485435336715,0.008344637052411761
159.788,0.0,0.062205305047833497,-0.9897699479751233,0.015083167414339781,0.01019093621631928,0.0010255849363810757,0.005437099050501901,0.00010854289247650393,0.027014758683827637,0.01635877356401265,0.002450431565299041,-0.00037201225330821204,0.001253005176648723,-0.002479365713835643,0.0010501677035838297,0.011119493409894775,0.015877116491403907,0.011951941629331808,-0.0010939730120202525
160.278,0.0,0.029982957615063973,0.9272252577020573,-0.007546667062364042,0.0013607025404299145,0.006420040006123894,0.030789925422697335,0.015245529370243514,0.02124723566098271,0.006966174712390161,2.068083203180577e-05,0.01781112423684643,0.03627317797263996,0.008782045656147045,0.0032999610129069647,0.0014861131983107889,0.014352257617066213,0.0074392146177405865,0.00942979655235593
160.778,0.0,-0.02879623400561272,1.0682112302629625,0.007371956347767238,0.012738441513357414,0.018169079830608066,0.058305547702795626,0.019612447978433947,0.030500103672949464,0.020974812118465094,0.011041085451352867,0.010059895828299286,0.022746613165560196,0.017759693903605003,0.00931188633781377,0.0045340166378820615,0.0049803464653733745,0.016772111195337728,0.013518269063845135
161.278,0.0,0.03797615685082197,0.8382697102135181,0.0009816940298476517,0.009168942449319224,0.013418796359777304,0.028887167173326133,0.003526918238875135,0.009120359438188735,0.006925524472841427,-0.0013318192971861788,0.008060603987285291,0.0277623449988708,0.0025455317867510876,0.005351531991572452,0.0046711845618321625,0.00874115176672361,0.010283743016739004,0.026494387655140856
161.777,0.0,0.0016138089795414427,0.12785269745357308,0.008112443100088929,-0.0021843952580574617,0.02437624357176741,0.034700004418940916,0.013427466714928653,0.008570524073029393,-0.0038551045716699924,0.00916848956903777,0.01679076493154923,-0.00913703373318537,0.008353664870323105,0.0067583661316803715,0.020516088127801067,0.004038174971799507,0.01433208388647068,0.005244188189612695
162.288,0.0,0.05993474603050096,0.7265885756225196,0.005168698594852927,0.0011033812345579333,0.016125290634642877,-0.006825132150994893,0.005399895671110916,0.0116007166369736,0.01144633747319782,0.013496912379198886,0.025115455821677284,0.030757286242029985,0.01346993985158075,0.0003808364047062987,0.010529944953132999,0.008144875527585105,0.005574243016498924,0.0070559933682531155
162.776,0.0,0.04215961313862515,1.033167780765968,0.0133707001371658,0.012166299625057796,0.030405343782723904,0.10258256020252925,0.02079998259364256,0.02515157819267959,0.012899931544733732,0.011856330010358632,0.019264497155234265,0.012207376338406049,0.01164615728728286,0.010117009749553554,0.020810478207861798,0.014611381653110175,0.012319497946482785,0.03150442435438643
163.285,0.0,0.01202687582296757,0.9133796469047215,-0.016517520976171922,0.008886003125828443,0.014434905212883107,0.04045872836883974,-0.00820596333873796,-0.0011635384908406053,-0.003384554619438171,8.27491816045216e-05,0.015650317164712223,0.0071372180576051965,0.004752385627724538,0.0015349087259069539,0.00733465137032452,0.005449494195988708,-0.0008741655766789767,-0.0032836390881448314
163.777,0.0,0.10983221104822723,0.8907433867101114,0.02132960968362958,0.02111282476124027,0.028372036788234977,0.051094225362761314,0.011497134756444434,0.022082926289965426,0.00805825762171736,0.007135014231857867,0.009178451156598825,0.023795291211518715,0.006440517871930021,0.012799173665386755,0.01398457284002287,0.0019299783107142759,0.009399031258736975,0.019678779282544478
164.287,0.0,0.022541654865014533,1.0822059020270247,0.021472204665182026,0.0036403655715631354,0.028624852891875285,0.048489280450863495,0.0013233993737125755,0.02322642445489539,0.025592530658966803,0.004613655244000449,0.010272875154261153,0.027580251425407227,0.003205535279782452,0.011762410992635829,0.015571904933889423,0.0130227716468814,0.006180947291733831,0.03663335405203671
164.776,0.0,0.04675384167160341,1.2735933499406884,0.015147428393320913,0.007408488529033548,0.027297622280177798,0.03090339621350777,0.008842549575025921,0.025222785665775467,0.01153500750539998,-0.0006216265538386086,0.0037518863430899595,0.04153012121006803,0.006114837983294299,0.007148886570300967,0.009283237934828638,0.011319140239755072,0.004736106393125721,0.022040731141849276
165.287,0.0,0.024261999582195645,1.3386336062467712,0.01182758493415488,-0.0004257798294084749,0.014725488817000164,0.022540101235855148,0.010354607845518103,0.01916969581338478,0.008950726308791877,0.00243922428080341,0.014479739860342998,-0.00638779232983033,0.004446154633829406,0.003307887777691635,0.0037572058995572746,0.0072863785790189105,0.010048228198718367,0.014667410179668761
165.777,0.0,-0.018450164797637544,1.1857417250613587,0.006165727918603572,0.004852175273476715,0.006251100803536628,0.01955333686862561,0.0069163557015690744,0.010836058883559886,0.033519219095793557,0.0028460276324650067,0.021637460651483344,0.015969949255161407,0.005440374671565119,0.01050176436814884,0.002319027508557248,-0.00424737338800382,0.013316148296002141,0.02271116772278847
166.287,0.0,0.10301690057573958,1.9571815340340835,0.004527164193249915,0.0032295466387862433,2.1959010062935573e-05,0.0008262600466614349,0.022315799656523163,0.011404154369697335,0.012936411241522198,0.010147189122797108,0.014983273433962755,0.04367788298599276,0.004970110743586937,0.015454063407805344,0.00934996494001051,0.008891044409319253,0.005132737396306915,0.007279969558981605
166.777,0.0,0.09602392406551133,0.7131884513066651,0.025260735395583878,0.007560664214494987,0.013132848963155022,0.015863637311384245,-0.0005406171355997009,0.029543308698564134,0.03952554100132619,0.010540180476273916,0.010008101639629795,0.025864515391673386,0.010544667370602995,0.005561219270441245,0.009625200589904697,0.00804328975989698,0.01482261105243764,0.017597864311538813
167.279,0.0,0.03656399090476792,1.3871501184306247,0.0197850197889841,0.006190478639205117,0.026540098512379897,0.03802544260493971,0.014168473833510553,0.014057642284773277,0.025251517753442348,0.01187756056584787,0.005834611754923152,0.01790970562683407,0.0036567831327122325,0.0073939184774449804,0.009592877086313649,-0.0014646280311721223,0.004339143797235407,0.018710069633152252
167.777,0.0,0.042661756511674996,1.1254799732088685,0.031047333072712326,0.008694798309014241,0.011345235162548619,-0.0030079662905096232,0.0017953717319651931,0.0014129561068239416,0.0002286048859720132,0.0003637959539627437,0.013907689236672977,0.023704883100685553,0.0033348413347262153,0.006316699533244788,-0.004662841243279929,0.009379583861882174,0.00015247866494950662,0.011372303470660091
168.278,0.0,0.09983473943349411,2.402776817475394,0.018938590696905438,0.00778247984991944,0.007399643658410127,0.00044449584763326614,0.0059890410603870795,0.011491815673004698,0.01247581075907964,-0.003357447051999683,0.011563436292354078,0.017113869012013474,0.01031428162433085,-0.0003412309349063739,0.016856836193309944,0.014261528883580829,0.012008133392604956,0.009624653659962436
168.786,0.0,0.16425613276031023,0.5267766511561087,0.005636039369865563,0.017631723848026266,0.018171097443073943,0.06376353125296615,0.009017700525435346,0.01702378813253636,0.02284937192168137,0.013505178231599666,0.012989953924509539,0.03201075468740443,0.015222362796940917,0.006624641627091742,0.007105399537475015,0.005829531607745094,0.006604635285591285,0.010589026814150627
169.278,0.0,0.10607476292540438,1.3694326644713928,0.015749695224244832,0.018064421670113694,0.014348454329541415,0.029357691787468155,0.0033958432309841233,0.0067037975082955776,0.013934625223236928,0.007266825164990813,0.0059730377671101615,0.01666764308083365,0.014916728084162206,0.012748390967030275,0.00872709883342249,0.0062796079602009105,0.011393368337805765,0.008078060720157498
169.777,0.0,0.06844255310675205,0.8546165037095833,0.008204508971749,0.0027305918549153626,0.0050252908091944215,0.008928880308404963,0.009937048096849536,0.01580921623173722,0.014064596976887033,0.006216166379908981,0.007014395249781965,0.018612440552500283,0.01808109038476752,0.009202211516839734,0.002600049339647002,-0.0013720325667549876,0.014744806552765487,0.00021367957718249278
170.288,0.0,0.12970791090632106,0.37228670544677633,0.03521769277799245,0.030531834072842292,0.011131694446233457,0.084681490456765,0.023658944321658833,0.027119344313377813,0.01874883514079832,0.023370432380933347,0.011446016466189935,0.03136737473225135,0.006871566632709656,0.017639449030765576,-0.00022264918861791382,0.004836003586114595,0.006527146985243214,0.02750235777979462
170.784,0.0,0.11027580152639224,0.525750349460066,0.027683977479489204,0.02133978456211021,0.00268181641298051,0.04461139607630076,0.006123895182644583,0.024903541441677474,0.01858509008605385,0.0072761850855096784,0.003319036884944961,0.012800922703621044,-0.0015610782515053118,0.006342451212797102,0.018368195637633398,0.007478473216999292,0.012511489420429355,0.015505674824954714
171.285,0.0,0.07039044948555524,0.15177006408894483,0.037580590866057834,0.021940743038777074,0.038846121215079826,0.041876187343981706,0.01888109152759838,0.031766670361886976,0.016599659396447683,0.008656208090472944,0.012367961955283878,0.021974381614048726,-0.0011420912990528222,0.0033651973678160137,0.0021431304639357674,0.008907038995293692,0.010516906301724697,0.016065198506427108
171.784,0.0,0.0696417663326913,2.1967462094308523,0.0007140835036006928,0.0030372510535351394,0.023670827171812778,0.04154478697305187,0.00984421253056557,0.005312093007805626,0.00026558992339713387,0.004987977442334446,0.007278973687639881,-0.0012744940722932388,0.009065730604583778,0.00193821864901496,-0.000534683598536537,0.013078714523317282,0.009639271128625886,0.010854047001502583
172.286,0.0,0.054252182919420223,0.37191738639718835,0.02453144810114882,0.022352744347207718,0.013984089976965701,0.057052404785448756,0.011918565242670185,0.006948487755373257,0.011962208009242296,0.00707873432487652,0.004710760101279943,0.010763013651377844,0.008278222433171332,-0.0015613359049382544,0.006837714389091244,0.009921488079803732,-0.00016421623756601622,0.012553435194647525
172.778,0.0,0.11506218598801936,1.5312595758647032,0.023733116068459802,0.015320103038078632,0.03879325679346183,0.07729352109801317,0.006722238655076765,0.008385961537161181,0.01272635159800575,0.009904715623670318,0.003884370616221843,0.04792157553530829,0.014103800757212516,0.0071151130627993935,0.005299690477309307,0.009377149745807006,0.012174082529802671,0.009897587351589314
173.277,0.0,0.03345300688218859,1.4143194389318243,0.009356176049220476,0.0004087319001563271,6.600376761975422e-05,-0.045290703353911624,0.006435518746456701,0.0049078247600060874,-0.01755552846144893,0.0033424512151288893,-0.00598259105534122,0.003195550759175252,0.004590723472228957,-0.0027346361922344162,8.658579557373767e-05,-0.003092756273915253,-0.0053453709119737035,-0.01081555402414421
173.777,0.0,0.11713850499668471,-0.4232676566123992,0.005790532633725885,0.026852261779627126,0.03184849231659368,0.009609070474498655,0.022537926480970777,0.02886914854730943,0.01905757806907604,0.010373723239580683,0.015374024240085434,0.02132683110896526,0.01511082280616778,0.00709842064540814,-0.0013509767065930176,0.004949091280383646,0.012222028892996364,0.02178745612753872
174.279,0.0,0.11582656303925686,0.1782724615633521,0.015237642873623013,0.007317108946196119,0.00967969964180836,0.019391835315900528,0.005676547976107719,0.017360063887188,0.017180686819345956,0.005649995784500432,0.008683160728206855,0.027382874336862022,0.022818853781475107,0.0039140040752729845,0.014899301828636432,0.005056148112878878,0.00822846201520864,0.002967329990990716
174.787,0.0,0.062222724840905484,1.501358686903332,0.03748748614573594,0.017341578248460682,0.042656140866305016,0.037197503278380215,0.02923975698537702,0.026330964649702058,0.03500026232001528,0.014152512513617425,0.02491244624105699,0.03883799429341344,0.004488409514395202,0.004230898264844719,0.018578228474223694,0.014138242223097092,0.020107036656504214,0.021457539625887704
175.278,0.0,0.10569059279850462,0.9624384114041055,0.03389509066539363,0.020833958819307233,0.04143450930923001,0.0175800789648055,0.010997653506870073,0.021126296589337464,0.0390482765942485,0.014573384115284386,0.011359648393708822,0.02766533165180982,0.013935339337186823,0.011011238719845483,0.016390421020244562,0.0073857008811746795,0.011932663438985634,0.02120636457187796
175.791,0.0,0.07481661041067456,0.6394948449017036,0.012573346229031009,0.00848306110709762,0.03077760880008895,0.06354844468755874,0.016388296062232424,0.0285155722105729,0.014101240159555661,0.009862944206343656,0.023791441890535735,0.03280874214182106,0.017304914197513822,0.003852713508456176,0.009235587931427982,0.020212664862626586,0.01176274833293254,0.004695714854622061
176.276,0.0,0.07346740985257191,0.8110402000165833,-0.0010475413397379126,0.008125066653921417,0.010966485816528197,0.0004429459214642628,0.004366423899142011,0.004235340242128689,0.02315523393117883,0.00802777036975062,0.012656638717211092,0.013008192777845592,0.02071869230803632,0.0071178006351954645,0.006064401738190201,0.004680866222445097,0.005674925320083725,-0.011502234837138643
176.786,0.0,-0.0034312341837694224,1.5613254601893407,0.0041017359236458495,0.010360107570538698,0.034388819385475,0.0053526667428277575,0.00409209841050571,0.003602299756073368,0.01559332636248448,0.012513565008787336,0.017453717926190594,0.013097249524293182,0.013278539318735755,0.01592479575068981,0.006062962285863613,0.005259937453187462,0.01432283991426524,0.016762829379508938
177.278,0.0,0.03796647607115956,0.24539386166816,0.007405195296942201,0.007623446368369689,0.021575910117762245,0.020873483778931636,0.0029055362621409364,0.006043317978501987,0.01977577172883212,0.006580288360889858,0.017844106858228473,0.025088893049608343,0.020477228161257143,0.0077844572281387464,0.004941141428769298,0.011235965251543835,0.002567981557435587,0.00951821485232729
177.777,0.0,0.048638220876516244,-0.08592878045153521,0.0012058153950100987,0.009534215874694319,0.012806599739972334,0.011935494631397564,-0.0032240271755022967,0.011318396871521638,0.012282744419406534,-0.00184927083612564,0.0001851933745336515,0.0006081862141204372,0.02082525080136323,0.01216799256752021,0.00181174235545907,0.008402500723463161,0.002535773555113374,-0.00554487991628608
178.288,0.0,0.06147513330233181,-0.6095857913215993,0.012863324909020674,0.024970680558673616,0.0035637597527987805,0.058584683644303914,0.013889138560171085,0.00025260446566546503,0.015079865162260078,0.00321911808029899,0.017746113916958194,0.01277693213499491,0.010588153499993863,0.006374414570360743,0.019301075553862276,0.00490504072171083,0.007809549704818263,0.013800515616857858
178.776,0.0,-0.022041046248080638,0.6621547374156339,0.015552177278925985,0.012279691647348392,0.030063131096596703,0.0838938887299968,0.01375435068562415,0.0071091345106848785,0.004769561011739994,0.016766421766055133,0.019905158393830846,0.020740176968695505,0.00843304218707602,0.0026404778795581702,0.008553258980913305,0.009924374659042601,0.011342412752230918,0.012024162850437125
179.286,0.0,0.043504029029255264,0.2359424575297537,0.005352841500491898,0.006289440538083278,0.021992781430881462,0.00021788291023629348,0.0007641766746399358,0.01665072563249097,0.01654906928765646,0.008071014215194497,0.02796213507257836,0.010419415213752326,0.009331325219653139,0.012752810345219854,0.01273455980758058,0.009289426244238617,0.0015721432625651832,0.0162907246054883
179.777,0.0,0.05223650242472705,-0.5842438166021706,0.018032397058843016,0.007412334823710567,0.019113192585684006,0.04978619578421589,0.005458344978217276,0.007216798839705617,-0.0075235913773265325,0.001079993952713387,0.005136775375161295,0.007690712925367156,0.0014077014632775553,0.024172275148755716,0.0071782178775784125,0.00353299583814739,0.008464377860587366,0.01497631676104694
180.288,0.0,0.030010023847102024,0.479968159973578,0.0017983118437267691,0.0047640694253180595,0.015968253397695652,0.04259769221425908,0.020778775525892124,0.008626275675670583,0.029981106112496936,0.0023661808911733056,0.01704299952253666,0.02036987300854225,0.007139172018659656,0.014283496284807205,0.008061515754542968,0.007333301696511279,0.005599079932652975,0.013183545466812639
180.776,0.0,0.036716224392619186,0.7440183895640511,0.012943000043583565,0.0057404605980724945,0.03509218296640616,0.04236162784848892,0.00880152039249212,0.03161578137957531,0.018989411025373805,0.006532392487640442,0.016858052370847056,0.0033445679259509003,0.01099368979361836,0.007049468478141043,0.00736472944656744,0.009258561910137023,0.0097582103906945,0.02276088663463098
181.287,0.0,-0.10189293588492147,-0.11870584001769288,0.009217895841963836,0.005306005382025892,0.026722553474313616,0.03225652019419814,0.017335317197609595,0.019613325296228612,0.02089068642581633,0.0030499365208783553,0.009457437013481843,0.013423595827001275,0.006457536997115575,0.0038708489760033464,0.0022255762389595084,0.010048534594250981,0.009308482630199526,0.009947202479194709
181.778,0.0,0.4020694824337538,13.28892036772455,0.028152655980373174,0.012152675119714898,0.007963645897116267,0.01466536616855046,0.008365153912394854,0.009985651633101484,0.017588613242587595,0.011828961787041199,0.012987103473160708,0.011631383929168543,0.01544860640156398,0.016993260153016485,0.008698386922342623,0.009292246972564078,0.013843830198007322,0.021713764610556276
182.277,0.0,0.338925410312852,9.757763329017031,0.0030287432777209096,0.014695432344321765,0.00044413220049468826,0.013518642707538405,-0.0006707720881485398,0.015477660993085294,0.017856482522011587,0.001371101234815674,0.0069616629257052845,0.003839112259860745,0.008986007375637569,0.0044795790287899895,0.010261676396082055,0.005742012446010734,0.0003448904041431077,0.014764819404238367
182.777,0.0,0.32318217940028865,14.262777097144545,0.03931530053328571,0.018642404843528044,0.0385141449114026,0.04080139366219431,0.010976544161785196,0.019768293305522742,0.03793913910921015,0.013034517582347669,0.013487426680016476,0.030433093811107904,0.009464617121516401,0.018824194492341118,0.011291004543875268,0.007848275531292316,0.021809183136478564,0.029151751787255337
183.276,0.0,0.3064249566378709,11.736448001244018,0.018143095150439548,0.020165541606175487,0.014269203636171708,0.006758699792801527,0.014839483014008142,0.02014999041662483,0.029564443342609364,0.012801094991240136,0.017191005442357677,-0.012052825088596652,0.0041870045467767075,0.004763017773169491,0.00781013900508897,0.00811970853823793,0.008625828341621532,0.002540092157536028
183.785,0.0,0.16553683684438383,12.073329945515006,0.007568852225975066,0.005669749620520386,0.032243870654206946,0.03502663607526981,0.010347787445118764,-0.0008671908074207943,0.02550266562030356,0.005486441014404504,0.012565412221828541,0.0035162875691752454,-0.003719772129544976,0.004263298436184622,0.018534197046668612,0.010040413869085276,0.012657913754205729,0.008564925232281627
184.277,0.0,0.32639785193858667,12.864409158347971,0.020355886746512807,0.008001569842810648,-0.00043085499485653016,0.008296845142142814,0.013190316926958724,0.013036460371987189,0.013054972813247911,0.007997065758094689,0.02165707332476423,0.02194754547052083,0.00423127594828293,0.01560604499625727,0.00555509513427273,0.013990106511171732,0.009107393727389371,0.019979523245095252
184.777,0.0,0.3293983998618881,10.867869025337487,0.016980024379282456,0.01853640962462656,0.01623596121804157,0.042952586421611635,0.010163071760650946,0.024716628120890777,0.007965788276364743,0.004611363347524507,0.022312482806009188,0.028357890878360305,-0.00028927856769485105,-0.00648621642450393,0.019735616489984738,0.008812352061092762,-0.0006019836313176998,0.0175741059524603
185.277,0.0,0.3082944434882301,13.87535330930761,0.02688415830043695,0.003574632402544901,-0.010679432075940241,0.026891506294184152,0.025876204229851426,0.023862839997978377,0.002463976388517705,0.00468087960457671,0.011351551205482145,0.0168491691285679,0.00482646135369616,0.01113829363634116,0.002411352790188135,0.012686302038968247,0.007934613245047017,0.031109493306505184
185.777,0.0,0.32723734034320595,10.629604103681382,0.026801556769141168,0.007541110905354215,0.013665796151527214,0.012375671025443817,0.016975651751895096,0.022323998120479676,0.01942595974769161,0.009125105521817832,0.014645249035554581,0.02975111010418224,0.0151126192450527,0.006620463138591614,0.008579388078973738,3.2507615088996953e-05,0.0011146955817735013,0.018411691763239507
186.283,0.0,0.3614279884214337,12.402509782132897,-0.005025642622501542,-0.001759968739658169,-0.0005741319161778449,-0.04264307200273805,0.011571417568396813,0.0005841585138528172,0.02230819207374867,0.004895731663504439,-0.0016856293559850456,0.023216641188750824,0.018980698168026118,0.0022606594637018885,0.011692161673667148,0.010106612394993148,0.0011536226575948598,0.023754117697751438
186.777,0.0,0.227952035882444,10.513552512218533,0.024250362795421473,0.009961883256704163,-0.004053042137112996,0.0011974381382686896,0.005518046768679652,0.0073978696754526405,0.01004604661993913,0.0009925377998284504,0.007450489715702363,0.013584956311524954,-0.0008597412152876413,0.0015300928313485892,0.002756129737586352,0.0002897206906890698,-0.0017411451239140857,0.009894403404587164
187.277,0.0,0.3424405359195355,13.141715843275511,0.025664260212483504,-5.3013221480077946e-05,0.00800374472472315,0.025113376112245876,-0.0049746223815763674,0.023265364462922218,0.00987873092241591,0.011772085021187427,0.004917732774812234,0.023938640547677584,0.006728460052677932,0.012933943042023157,0.01577507634254788,0.009022920088162332,0.002438121936532513,0.02019218792311721
187.777,0.0,0.26703896517435,11.222662831997605,0.013255352577240096,0.009561636144036089,0.008864553323389972,-0.02116366484634175,0.003026272806303888,0.0004190737382006097,0.016882710168383296,0.007264470459930876,-0.0014805182990113071,0.0028190666466369747,0.0002732514504829414,0.001567324171714835,0.014685174252082033,0.001192527984735526,0.004853786673127547,0.012614687891062336
188.281,0.0,0.37352823001678853,13.296909225756199,0.012626821009169337,-0.004879376542226923,0.0014498903504539624,0.0055249634463179565,-0.002268874615488784,0.014687402859701423,0.004110472709407841,0.0005303973631972369,0.010390714206858612,0.024497791589995564,0.015336469349646123,0.0025628381336618793,0.014927032625843698,0.02334909976953249,-0.0012657785837152742,0.020864007607807013
188.783,0.0,0.22915550302222648,11.07344103862186,0.006324974595662254,0.021925350381998204,0.04298366016412989,0.015868973579237403,0.021198997014665967,0.014817416407547837,0.02149163671541469,0.014228331919178536,0.013802150512907741,0.029228945468958968,0.004557016922858514,0.006419543059998657,-0.00017470099252255117,-0.0003843347490172709,0.006285083523820549,0.011074911269574847
189.286,0.0,0.29841398957996274,10.296151704335633,0.017541767137601066,0.011806903112904239,-0.009266329581381273,0.01887366474988596,0.027792521553457607,0.005301463702865633,0.036313542368151853,0.005946935944453067,-0.0012618044632660321,-0.003620591295207086,0.007423589857664861,-0.0013544483949238465,0.005329524073590666,0.012474599444048764,0.007412629739539057,0.01839833030925485
189.786,0.0,0.28138383139149564,10.660469188830547,0.025297733451760507,0.014467374758170623,0.021341662637449327,4.7910839472306746e-05,0.009552166213604192,-3.318984868345231e-05,0.00468501676705081,-0.0025856868270433884,0.015816788863059178,0.02942440062575446,0.007148224130357043,0.0037695756874420016,0.012585443467899792,0.00257328204558959,0.0031533368633248028,0.01139148491886762
190.278,0.0,0.27690690186213635,11.807102644937281,0.016948739112664837,0.0036916365886067205,0.006145382029148794,0.032224988631384587,0.015088292038191028,0.018130718018940988,0.015257897054309747,0.0054361714682203055,0.031041193751885948,0.017559458168276507,0.02482366496439833,0.0060806766055106,0.0041156004816367,0.0035092876885582107,0.0009059953445986862,-0.002885128989037194
190.795,0.0,0.2969453391031429,12.375674878393877,0.016774876139388873,0.012347875241913737,0.0006554682805669728,0.01666073535619111,0.00427328590245568,0.011524751261188834,-0.004542083006075439,0.00978059922051262,0.009603356939317144,0.018806163022557842,0.011367172866186482,0.005627799010959549,0.011074233949456655,0.013101322215382674,0.009783534227717532,0.022812175866327045
191.278,0.0,0.2621553314829333,11.354183033174847,0.024589157225590193,0.011085111662842023,0.018088704204473505,0.02184317734122592,0.02365876153191409,0.022910143777491898,-0.009233342971131181,0.006795641665576249,0.018775386407464466,0.038834830241114664,0.01420190377990996,0.0009352643857041301,0.004996373682134171,0.007464593378618479,0.00584990377275596,0.01682649928734892
191.777,0.0,0.005523704868913123,0.443964199520543,0.010018815393551489,0.009384181390312829,0.02599043566229197,0.005068464461495466,0.0035742289525447337,0.010107910237909431,0.016565559222285666,0.005069015840452834,-0.00034980250955153277,0.020127422401494992,0.011681867813756935,0.011559683744737405,0.00323240285608398,0.01142636389676187,0.007053463062687155,0.026615070962641686
192.278,0.0,0.07872065346557831,1.3196884673271403,0.028781627965006558,0.01712498000032518,0.03893165033431667,0.015054266828482049,0.02487178348155709,0.01310987765297433,0.00764404998872118,0.0031999464507932707,0.011840973930970038,0.0044692567015250555,0.006100521100824945,0.00416921665173684,0.0039635379590583384,-0.0011731519480055659,0.0019837176833421032,0.0023616977478334274
192.778,0.0,0.09174758577116568,1.5858206427102257,0.015178590046353864,0.0010754600356616783,0.030866801333274633,0.02103486569253697,0.003100204708917302,-0.0054902118992010305,0.006823793282414004,0.002231591100023539,0.006610508167661085,-0.009879235279821767,-0.0016299668971855108,0.007560286916061519,0.014175219039718379,0.003926062281607246,0.0025788433852110145,-0.006311052765813677
193.277,0.0,0.08723666577705917,2.324705572997704,-0.005844789408575448,0.006297528471634766,0.01592292931359946,-0.028437464531874984,0.018679549539549797,0.005042759592494303,0.02004695134351727,0.003413239805775714,0.0015305787961615873,0.0012568234416103707,-0.003021848857287676,0.004425545099271936,0.0062364020516195474,0.01498095854960442,-0.004757264845971191,0.0047891111730884684
193.788,0.0,0.06808826157626201,0.8693434082075052,0.019123512698469132,0.006926588385362316,0.0488861211551979,0.03361134276922384,0.010807476672296302,0.010183742109678566,0.02355454286362912,0.0105563345836129,0.0034195725543330405,0.004565255961843699,0.011382784958001648,0.004871440680273064,-0.0006955879012158858,0.0019357274204832816,0.001492581024036454,0.018450759316081623
194.276,0.0,0.0839795953604131,0.8681012611908717,0.014549925614600903,0.01969308147741378,0.028056249525643805,0.034975469759860836,0.004188164346159272,0.00790353106817134,0.024672449253623226,0.008626007541966177,0.017044140573535187,0.02902705370775817,0.016341065284208898,0.01181994255796484,0.006847222225562321,0.0073518395280019275,0.009804394376073979,0.01209233455928825
194.786,0.0,0.09510257564071606,0.5778315655926592,0.011812339645005021,0.004670234028173731,0.023414480186619,0.003851364851948546,-0.00010215655656381512,0.016123354262816893,0.0056887725109057465,0.0019398926322358844,0.0028195181018018257,0.028478069227000902,0.00744289889893536,0.0011933369432434928,-0.0022760957034415968,0.007020580803334905,0.008695901993320822,0.0024106266103612046
195.277,0.0,-0.005112131877717983,0.36588438877028867,0.00974525298017611,-0.0010677202044316644,0.00422029432510822,0.0033422767057979825,0.006133124810388235,0.006090786261645355,-0.006803653616250733,0.0113755968175678,0.005114967408472869,0.017975475320828802,0.004933725750969017,0.006773200459113972,0.0065853613910357815,0.008295024687155126,0.0007361270519737373,0.005336246574484145
195.788,0.0,0.03370201827015601,0.0014351512769718042,0.0006114917110855809,-0.00132710315668712,0.010212219999673887,0.0648954789431666,0.0018630770061861433,-0.008650757169161425,0.033498930430415144,0.01412411626870419,0.011248969425358902,0.029986432490727754,0.004568586683224567,-0.0010692290287248496,0.008168609200451135,0.0013850242655439324,0.006113186700387048,0.00901355732650466
196.279,0.0,0.053639934004162115,0.32851594310169735,0.012846736800433805,0.005147469345545008,0.02678886980578154,0.0319028667797151,0.009272742614568914,0.014136761173838329,0.009544453396543072,0.0057905306130632776,0.007482771350642932,0.013230754263799837,0.0012589924161474485,0.0043062661602766335,0.006940738120999453,0.0059078965200948155,0.001873001705251156,0.013615257582615288
196.778,0.0,-0.014743601185847693,0.19995341601261932,0.010187587135021225,0.017545507190402244,0.03103125040065038,0.04790458098857553,0.009996862283215148,0.018550326871281275,0.02167684893790025,0.01508206562270424,0.004374273542630214,0.027752385341330565,0.007140805450329164,0.009883414010538936,0.013019416813766524,0.008491952282060969,0.012536057227297576,0.022752697514475187
197.278,0.0,0.045126115285363026,-0.46396099859687545,0.04056233424910026,0.012881640649064685,0.02706641887414438,0.041029024047616845,0.005021597095669414,0.018123615203064613,0.006734248872664927,0.02019724332528164,0.01757995517565124,0.023709139238689073,0.008704008100979675,0.010853061233016924,0.013062487388148447,0.005807124010966703,0.014047098198260008,0.026295606348025618
197.778,0.0,0.03808440127258754,0.7804821821535395,0.004300477843651226,0.008107920902345479,0.01634551288390096,0.047472177239005334,0.010175069983673993,0.014895073399222896,0.002153057113002766,0.012391882238496198,0.011141810954413401,0.019060372602081693,0.005637693022785419,0.01263797265625298,-0.0002435321842297243,0.007148950723822729,0.01767659451684287,0.0038923208068494908
198.278,0.0,0.0031710315657155156,0.5896584153955681,0.0015565731979991753,0.00635909954896675,0.0337170573582188,0.033684512321909874,0.01831541704608593,0.006244385989137109,0.008890061069038054,0.006397226645222285,0.02361287784619389,0.02042293197616495,0.012893004325204451,0.009286400345369516,-0.0017295763041883978,0.0011836246077960772,0.0059394585617409505,0.006502607750388403
198.777,0.0,0.009606247901818075,0.49774429574339535,0.011144445435469198,0.005633937263271032,0.02783149817521622,0.02145601465567484,0.003690658073361709,0.0023445172662142216,0.006471911610874653,0.004421540388033732,0.017824333456278287,0.01095786800431657,0.01575660530454258,-0.004166013624459079,0.005459035441832431,0.0001208609416315539,0.0014561193651379213,-0.004046856241055997
199.287,0.0,0.015206310116144093,0.9819921768727302,0.016679188555289146,0.016271076210689052,0.027544149335012102,0.01872345952321109,0.0017152836675779657,-0.0002419441744186953,0.0076177076354287145,0.006696474411051861,0.0166728251820652,0.01798223221483073,0.003712998748950205,0.011123261522127522,0.007003258257308781,-0.0010586283124813635,0.0042075329348312375,0.009681151595746852
199.778,0.0,0.011238256006535075,0.24185910842789946,-0.00113109289188304,0.013946506053072773,0.032632570521916496,0.0536584422932345,0.011137165515634708,0.008569287320488122,0.009026794938948963,0.01173859925112305,0.019199005205005226,-0.0007183782969238408,0.01724028579334664,0.00837448443780808,0.00885271495553664,0.012522971319790051,0.004698009259378501,0.02379168595136147
